Date,Adj Close,Close,Dividends,High,Low,Open,Stock Splits,Volume
,ADI,ADI,ADI,ADI,ADI,ADI,ADI,ADI
2016-07-01,46.91842269897461,56.630001068115234,0.0,56.91999816894531,55.849998474121094,56.150001525878906,0.0,1910900
2016-07-05,45.8662109375,55.36000061035156,0.0,56.400001525878906,55.040000915527344,55.9900016784668,0.0,1711600
2016-07-06,45.949058532714844,55.459999084472656,0.0,55.599998474121094,54.54999923706055,55.150001525878906,0.0,1434000
2016-07-07,46.35504150390625,55.95000076293945,0.0,56.36000061035156,55.290000915527344,55.4900016784668,0.0,1382000
2016-07-08,47.83805465698242,57.7400016784668,0.0,57.790000915527344,56.43000030517578,56.5099983215332,0.0,2287100
2016-07-11,48.260597229003906,58.25,0.0,58.54999923706055,57.84000015258789,57.9900016784668,0.0,1788500
2016-07-12,48.873695373535156,58.9900016784668,0.0,59.029998779296875,58.2599983215332,58.68000030517578,0.0,1309500
2016-07-13,49.31279754638672,59.52000045776367,0.0,59.619998931884766,58.9900016784668,59.27000045776367,0.0,2477700
2016-07-14,49.72705841064453,60.02000045776367,0.0,60.18000030517578,59.66999816894531,60.0,0.0,1721700
2016-07-15,49.83476638793945,60.150001525878906,0.0,60.25,59.970001220703125,60.25,0.0,1984700
2016-07-18,50.06674575805664,60.43000030517578,0.0,60.83000183105469,60.2599983215332,60.5,0.0,1836800
2016-07-19,49.93419647216797,60.27000045776367,0.0,60.47999954223633,59.88999938964844,60.09000015258789,0.0,1366100
2016-07-20,50.28215789794922,60.689998626708984,0.0,60.91999816894531,60.150001525878906,60.43000030517578,0.0,1397800
2016-07-21,49.6690559387207,59.95000076293945,0.0,60.650001525878906,59.720001220703125,60.650001525878906,0.0,1379500
2016-07-22,50.04189682006836,60.400001525878906,0.0,60.439998626708984,59.65999984741211,60.04999923706055,0.0,823700
2016-07-25,50.149600982666016,60.529998779296875,0.0,60.59000015258789,60.20000076293945,60.4900016784668,0.0,1195600
2016-07-26,52.08831787109375,62.869998931884766,0.0,64.22000122070312,61.08000183105469,61.150001525878906,0.0,5046000
2016-07-27,52.469425201416016,63.33000183105469,0.0,66.91000366210938,62.95000076293945,66.77999877929688,0.0,14963000
2016-07-28,53.206809997558594,64.22000122070312,0.0,64.38999938964844,62.75,63.459999084472656,0.0,4724100
2016-07-29,52.8836784362793,63.83000183105469,0.0,64.44000244140625,63.5,64.19999694824219,0.0,3241900
2016-08-01,53.00795364379883,63.97999954223633,0.0,64.31999969482422,63.540000915527344,64.19000244140625,0.0,2669100
2016-08-02,52.063453674316406,62.84000015258789,0.0,63.84000015258789,62.4900016784668,63.779998779296875,0.0,2740500
2016-08-03,52.08831787109375,62.869998931884766,0.0,63.58000183105469,62.2400016784668,62.650001525878906,0.0,1899900
2016-08-04,52.47771072387695,63.34000015258789,0.0,63.38999938964844,62.70000076293945,63.06999969482422,0.0,1783800
2016-08-05,52.76768112182617,63.689998626708984,0.0,63.72999954223633,63.06999969482422,63.5,0.0,1843000
2016-08-08,52.560550689697266,63.439998626708984,0.0,63.939998626708984,63.290000915527344,63.83000183105469,0.0,1839200
2016-08-09,52.87540054321289,63.81999969482422,0.0,64.1500015258789,63.630001068115234,63.880001068115234,0.0,1933800
2016-08-10,52.85053253173828,63.790000915527344,0.0,64.0,63.15999984741211,64.0,0.0,2054900
2016-08-11,53.14051818847656,64.13999938964844,0.0,64.13999938964844,62.869998931884766,63.9900016784668,0.0,1324900
2016-08-12,53.22337341308594,64.23999786376953,0.0,64.36000061035156,63.77000045776367,64.05999755859375,0.0,1357800
2016-08-15,54.076725006103516,65.2699966430664,0.0,65.48999786376953,64.23999786376953,64.23999786376953,0.0,2534100
2016-08-16,53.75360107421875,64.87999725341797,0.0,65.1500015258789,64.58999633789062,65.1500015258789,0.0,2475600
2016-08-17,53.190223693847656,64.19999694824219,0.0,64.83999633789062,63.15999984741211,64.26000213623047,0.0,3247300
2016-08-18,53.13224411010742,64.12999725341797,0.0,64.8499984741211,63.75,64.30000305175781,0.0,2130600
2016-08-19,53.14051818847656,64.13999938964844,0.0,64.58000183105469,63.83000183105469,63.91999816894531,0.0,1964600
2016-08-22,52.8919677734375,63.84000015258789,0.0,64.41000366210938,63.75,64.4000015258789,0.0,1942000
2016-08-23,52.85882568359375,63.79999923706055,0.0,64.73999786376953,63.790000915527344,64.37999725341797,0.0,1936000
2016-08-24,52.29170608520508,62.70000076293945,0.42,63.84000015258789,62.70000076293945,63.59000015258789,0.0,2613100
2016-08-25,52.30837631225586,62.720001220703125,0.0,63.040000915527344,62.560001373291016,62.81999969482422,0.0,2336700
2016-08-26,52.508544921875,62.959999084472656,0.0,63.529998779296875,62.56999969482422,63.0,0.0,2144400
2016-08-29,52.450172424316406,62.88999938964844,0.0,63.45000076293945,62.810001373291016,63.09000015258789,0.0,1512900
2016-08-30,52.4585075378418,62.900001525878906,0.0,63.349998474121094,62.650001525878906,63.060001373291016,0.0,1432500
2016-08-31,52.17495346069336,62.560001373291016,0.0,62.970001220703125,62.36000061035156,62.900001525878906,0.0,1860600
2016-09-01,52.59194564819336,63.060001373291016,0.0,63.06999969482422,61.599998474121094,62.099998474121094,0.0,1814000
2016-09-02,52.6670036315918,63.150001525878906,0.0,63.529998779296875,62.90999984741211,63.290000915527344,0.0,1989300
2016-09-06,52.31673049926758,62.72999954223633,0.0,63.43000030517578,62.5099983215332,63.2400016784668,0.0,1779400
2016-09-07,51.41600799560547,61.650001525878906,0.0,62.86000061035156,61.439998626708984,62.540000915527344,0.0,2215400
2016-09-08,51.215850830078125,61.40999984741211,0.0,61.79999923706055,61.119998931884766,61.65999984741211,0.0,2025800
2016-09-09,49.722991943359375,59.619998931884766,0.0,61.119998931884766,59.369998931884766,60.83000183105469,0.0,3609600
2016-09-12,50.556983947753906,60.619998931884766,0.0,60.66999816894531,59.0099983215332,59.130001068115234,0.0,2520700
2016-09-13,50.41521453857422,60.45000076293945,0.0,60.869998931884766,59.939998626708984,60.38999938964844,0.0,3161700
2016-09-14,50.80717468261719,60.91999816894531,0.0,61.18000030517578,60.119998931884766,60.5099983215332,0.0,1906400
2016-09-15,52.25,62.650001525878906,0.0,62.720001220703125,60.869998931884766,60.880001068115234,0.0,3235500
2016-09-16,51.749603271484375,62.04999923706055,0.0,62.849998474121094,61.459999084472656,62.77000045776367,0.0,2947800
2016-09-19,52.09153747558594,62.459999084472656,0.0,63.04999923706055,62.209999084472656,62.41999816894531,0.0,2167200
2016-09-20,51.991477966308594,62.34000015258789,0.0,62.90999984741211,62.25,62.689998626708984,0.0,2304200
2016-09-21,52.79210662841797,63.29999923706055,0.0,63.400001525878906,62.52000045776367,62.599998474121094,0.0,2042300
2016-09-22,53.1090202331543,63.68000030517578,0.0,64.0199966430664,63.369998931884766,63.88999938964844,0.0,2323900
2016-09-23,52.733726501464844,63.22999954223633,0.0,63.81999969482422,63.22999954223633,63.70000076293945,0.0,3185500
2016-09-26,51.94141387939453,62.279998779296875,0.0,62.97999954223633,62.220001220703125,62.790000915527344,0.0,3196400
2016-09-27,53.21745300292969,63.810001373291016,0.0,63.93000030517578,61.810001373291016,62.279998779296875,0.0,2551000
2016-09-28,53.317527770996094,63.93000030517578,0.0,64.12999725341797,63.27000045776367,64.0199966430664,0.0,2313200
2016-09-29,53.15906524658203,63.7400016784668,0.0,64.2699966430664,62.93000030517578,63.9900016784668,0.0,1820100
2016-09-30,53.75120162963867,64.44999694824219,0.0,64.97000122070312,63.40999984741211,64.13999938964844,0.0,3104700
2016-10-03,53.58438491821289,64.25,0.0,64.73999786376953,64.05999755859375,64.29000091552734,0.0,1921100
2016-10-04,53.57606887817383,64.23999786376953,0.0,64.93000030517578,63.97999954223633,64.20999908447266,0.0,1571300
2016-10-05,53.943016052246094,64.68000030517578,0.0,65.18000030517578,63.79999923706055,64.4800033569336,0.0,2089100
2016-10-06,53.99306106567383,64.73999786376953,0.0,64.83000183105469,64.04000091552734,64.5999984741211,0.0,1355300
2016-10-07,53.72617721557617,64.41999816894531,0.0,64.62000274658203,63.7400016784668,64.62000274658203,0.0,1851900
2016-10-10,52.83380126953125,63.349998474121094,0.0,64.87999725341797,63.34000015258789,64.77999877929688,0.0,2117300
2016-10-11,51.79130554199219,62.099998474121094,0.0,63.650001525878906,61.63999938964844,63.310001373291016,0.0,3533100
2016-10-12,51.03236770629883,61.189998626708984,0.0,62.15999984741211,60.70000076293945,62.150001525878906,0.0,3305100
2016-10-13,50.632049560546875,60.709999084472656,0.0,60.86000061035156,59.540000915527344,60.79999923706055,0.0,3570700
2016-10-14,51.757938385009766,62.060001373291016,0.0,62.709999084472656,60.970001220703125,61.11000061035156,0.0,3834700
2016-10-17,51.45770263671875,61.70000076293945,0.0,62.290000915527344,61.33000183105469,61.650001525878906,0.0,2475900
2016-10-18,51.824668884277344,62.13999938964844,0.0,62.84000015258789,62.02000045776367,62.33000183105469,0.0,2759200
2016-10-19,51.632850646972656,61.90999984741211,0.0,62.06999969482422,61.27000045776367,61.84000015258789,0.0,1380400
2016-10-20,52.93387985229492,63.470001220703125,0.0,63.68000030517578,61.66999816894531,62.279998779296875,0.0,4556300
2016-10-21,52.46684265136719,62.90999984741211,0.0,63.33000183105469,62.220001220703125,63.130001068115234,0.0,1827100
2016-10-24,53.392578125,64.0199966430664,0.0,64.05000305175781,63.439998626708984,63.529998779296875,0.0,1316300
2016-10-25,53.425941467285156,64.05999755859375,0.0,64.26000213623047,63.7400016784668,64.0199966430664,0.0,3078000
2016-10-26,52.90885543823242,63.439998626708984,0.0,63.75,63.099998474121094,63.56999969482422,0.0,2576100
2016-10-27,52.76708221435547,63.27000045776367,0.0,64.16000366210938,63.060001373291016,63.869998931884766,0.0,2067200
2016-10-28,52.98391342163086,63.529998779296875,0.0,64.29000091552734,63.349998474121094,63.45000076293945,0.0,2412200
2016-10-31,53.459293365478516,64.0999984741211,0.0,64.44000244140625,63.7400016784668,64.04000091552734,0.0,2175500
2016-11-01,53.04230499267578,63.599998474121094,0.0,64.4000015258789,62.84000015258789,64.4000015258789,0.0,3643400
2016-11-02,53.092342376708984,63.65999984741211,0.0,64.18000030517578,63.400001525878906,63.790000915527344,0.0,2359000
2016-11-03,53.25080490112305,63.849998474121094,0.0,64.02999877929688,63.34000015258789,63.75,0.0,2329000
2016-11-04,52.90052032470703,63.43000030517578,0.0,64.0199966430664,62.88999938964844,62.88999938964844,0.0,2136500
2016-11-07,53.676143646240234,64.36000061035156,0.0,64.55000305175781,63.959999084472656,64.52999877929688,0.0,2982700
2016-11-08,54.084800720214844,64.8499984741211,0.0,65.4000015258789,63.709999084472656,64.08000183105469,0.0,2224500
2016-11-09,54.18488311767578,64.97000122070312,0.0,65.29000091552734,62.5,63.08000183105469,0.0,2448800
2016-11-10,53.58438491821289,64.25,0.0,65.97000122070312,63.45000076293945,65.20999908447266,0.0,2189000
2016-11-11,54.47677993774414,65.31999969482422,0.0,65.44000244140625,64.11000061035156,64.29000091552734,0.0,2172200
2016-11-14,55.42753219604492,66.45999908447266,0.0,66.83000183105469,65.33000183105469,65.41999816894531,0.0,4326300
2016-11-15,56.88704299926758,68.20999908447266,0.0,68.48999786376953,66.47000122070312,66.7300033569336,0.0,3345000
2016-11-16,56.611812591552734,67.87999725341797,0.0,68.5,67.68000030517578,68.13999938964844,0.0,3532300
2016-11-17,56.88704299926758,68.20999908447266,0.0,68.31999969482422,67.37999725341797,67.88999938964844,0.0,1610800
2016-11-18,57.103885650634766,68.47000122070312,0.0,68.58000183105469,67.62000274658203,67.91999816894531,0.0,1580100
2016-11-21,58.22977828979492,69.81999969482422,0.0,69.91000366210938,68.70999908447266,68.75,0.0,3583500
2016-11-22,60.79013442993164,72.88999938964844,0.0,74.87000274658203,72.5199966430664,73.05000305175781,0.0,7844300
2016-11-23,61.37394332885742,73.58999633789062,0.0,74.11000061035156,72.61000061035156,73.66999816894531,0.0,5922900
2016-11-25,61.88267135620117,74.19999694824219,0.0,74.31999969482422,72.91000366210938,73.44999694824219,0.0,1998300
2016-11-28,61.84931182861328,74.16000366210938,0.0,74.45999908447266,73.52999877929688,74.01000213623047,0.0,3126700
2016-11-29,62.15790557861328,74.52999877929688,0.0,74.86000061035156,73.44999694824219,74.16999816894531,0.0,2918000
2016-11-30,62.26694107055664,74.23999786376953,0.42,74.75,73.62000274658203,74.36000061035156,0.0,3803300
2016-12-01,57.880401611328125,69.01000213623047,0.0,74.18000030517578,68.66999816894531,73.55999755859375,0.0,5518200
2016-12-02,58.803016662597656,70.11000061035156,0.0,70.26000213623047,68.41999816894531,68.66000366210938,0.0,3248100
2016-12-05,59.213993072509766,70.5999984741211,0.0,71.2300033569336,70.1500015258789,70.83999633789062,0.0,2445000
2016-12-06,59.54945373535156,71.0,0.0,71.5,70.26000213623047,71.0199966430664,0.0,2196800
2016-12-07,61.176597595214844,72.94000244140625,0.0,72.95999908447266,70.5199966430664,70.9800033569336,0.0,2648400
2016-12-08,61.965003967285156,73.87999725341797,0.0,74.25,72.75,72.98999786376953,0.0,2153600
2016-12-09,61.34435272216797,73.13999938964844,0.0,74.81999969482422,72.48999786376953,74.54000091552734,0.0,2106700
2016-12-12,61.143043518066406,72.9000015258789,0.0,73.26000213623047,72.19999694824219,72.8499984741211,0.0,2194600
2016-12-13,61.31081771850586,73.0999984741211,0.0,73.7300033569336,72.79000091552734,73.11000061035156,0.0,2171900
2016-12-14,60.841121673583984,72.54000091552734,0.0,73.43000030517578,72.29000091552734,73.2300033569336,0.0,2482200
2016-12-15,61.73855209350586,73.61000061035156,0.0,73.94000244140625,72.54000091552734,72.80999755859375,0.0,2165700
2016-12-16,60.46366882324219,72.08999633789062,0.0,74.0,71.97000122070312,73.7699966430664,0.0,5131300
2016-12-19,61.06757736206055,72.80999755859375,0.0,73.0,72.1500015258789,72.41000366210938,0.0,1947700
2016-12-20,61.56241989135742,73.4000015258789,0.0,73.58999633789062,72.80999755859375,72.91999816894531,0.0,1729600
2016-12-21,61.73014831542969,73.5999984741211,0.0,74.29000091552734,73.2699966430664,73.69000244140625,0.0,1868000
2016-12-22,61.60434341430664,73.44999694824219,0.0,73.94999694824219,73.01000213623047,73.88999938964844,0.0,1680600
2016-12-23,61.93144989013672,73.83999633789062,0.0,73.87000274658203,73.33999633789062,73.37000274658203,0.0,1229100
2016-12-27,62.32563781738281,74.30999755859375,0.0,74.62000274658203,73.80999755859375,73.80999755859375,0.0,897000
2016-12-28,61.69660568237305,73.55999755859375,0.0,74.5999984741211,73.52999877929688,74.54000091552734,0.0,1851000
2016-12-29,61.71339797973633,73.58000183105469,0.0,73.87999725341797,73.2300033569336,73.37999725341797,0.0,1331000
2016-12-30,60.90822982788086,72.62000274658203,0.0,74.0199966430664,72.38999938964844,73.80000305175781,0.0,1758500
2017-01-03,60.815940856933594,72.51000213623047,0.0,74.12999725341797,72.08999633789062,72.5999984741211,0.0,2687200
2017-01-04,60.69013595581055,72.36000061035156,0.0,73.02999877929688,72.25,72.7699966430664,0.0,1971000
2017-01-05,59.817874908447266,71.31999969482422,0.0,72.61000061035156,71.27999877929688,72.41000366210938,0.0,2067300
2017-01-06,60.05268478393555,71.5999984741211,0.0,71.94999694824219,71.0,71.58000183105469,0.0,2069700
2017-01-09,60.33787155151367,71.94000244140625,0.0,72.51000213623047,71.5199966430664,71.63999938964844,0.0,2399500
2017-01-10,60.68175506591797,72.3499984741211,0.0,72.51000213623047,71.8499984741211,71.87000274658203,0.0,2403200
2017-01-11,60.90822982788086,72.62000274658203,0.0,72.66000366210938,72.06999969482422,72.2699966430664,0.0,1580900
2017-01-12,60.57271194458008,72.22000122070312,0.0,72.41999816894531,71.0,72.41999816894531,0.0,2099200
2017-01-13,60.950138092041016,72.66999816894531,0.0,72.87999725341797,72.11000061035156,72.36000061035156,0.0,1509100
2017-01-17,60.62302017211914,72.27999877929688,0.0,73.41000366210938,71.8499984741211,72.2300033569336,0.0,2374600
2017-01-18,61.23530197143555,73.01000213623047,0.0,73.62999725341797,72.22000122070312,72.63999938964844,0.0,2107100
2017-01-19,60.757232666015625,72.44000244140625,0.0,73.38999938964844,72.29000091552734,72.87999725341797,0.0,1988200
2017-01-20,61.12627029418945,72.87999725341797,0.0,73.6500015258789,72.08999633789062,72.08999633789062,0.0,1811600
2017-01-23,61.04237747192383,72.77999877929688,0.0,73.23999786376953,72.41000366210938,72.73999786376953,0.0,2205600
2017-01-24,61.6546745300293,73.51000213623047,0.0,73.68000030517578,72.55999755859375,73.01000213623047,0.0,3312900
2017-01-25,62.51856994628906,74.54000091552734,0.0,75.58999633789062,74.51000213623047,74.69000244140625,0.0,3944300
2017-01-26,62.233375549316406,74.19999694824219,0.0,74.54000091552734,73.7699966430664,74.37000274658203,0.0,4172100
2017-01-27,64.5230941772461,76.93000030517578,0.0,76.94000244140625,74.25,74.55000305175781,0.0,3820600
2017-01-30,63.97793960571289,76.27999877929688,0.0,76.76000213623047,75.2300033569336,76.76000213623047,0.0,2476300
2017-01-31,62.85403823852539,74.94000244140625,0.0,76.19000244140625,74.5999984741211,76.13999938964844,0.0,2609900
2017-02-01,63.885677337646484,76.16999816894531,0.0,76.7300033569336,75.41999816894531,75.76000213623047,0.0,2588600
2017-02-02,63.0972900390625,75.2300033569336,0.0,76.02999877929688,75.13999938964844,75.66000366210938,0.0,2490000
2017-02-03,63.34051513671875,75.5199966430664,0.0,75.7300033569336,75.26000213623047,75.5199966430664,0.0,2143100
2017-02-06,63.348907470703125,75.52999877929688,0.0,75.6500015258789,74.94000244140625,75.6500015258789,0.0,1789200
2017-02-07,64.00308990478516,76.30999755859375,0.0,76.58000183105469,75.38999938964844,75.69000244140625,0.0,2136100
2017-02-08,64.98442840576172,77.4800033569336,0.0,77.75,76.77999877929688,77.0,0.0,3397800
2017-02-09,64.17084503173828,76.51000213623047,0.0,77.7699966430664,76.4800033569336,77.7699966430664,0.0,2192300
2017-02-10,64.18760681152344,76.52999877929688,0.0,76.77999877929688,75.54000091552734,76.77999877929688,0.0,1667900
2017-02-13,65.35343933105469,77.91999816894531,0.0,78.02999877929688,76.80999755859375,77.01000213623047,0.0,2637600
2017-02-14,65.28634643554688,77.83999633789062,0.0,77.97000122070312,77.06999969482422,77.83999633789062,0.0,2589600
2017-02-15,68.43995666503906,81.5999984741211,0.0,81.62999725341797,77.95999908447266,80.80000305175781,0.0,7032700
2017-02-16,68.75029754638672,81.97000122070312,0.0,82.56999969482422,80.75,81.0,0.0,3465000
2017-02-17,69.17805480957031,82.4800033569336,0.0,82.5,81.4800033569336,81.80000305175781,0.0,2933200
2017-02-21,69.46321105957031,82.81999969482422,0.0,82.87000274658203,81.98999786376953,82.5,0.0,2375600
2017-02-22,69.20175170898438,82.05999755859375,0.45,82.38999938964844,81.5199966430664,82.30999755859375,0.0,3679500
2017-02-23,68.82227325439453,81.61000061035156,0.0,82.16000366210938,81.02999877929688,82.1500015258789,0.0,2277500
2017-02-24,68.8813247680664,81.68000030517578,0.0,81.69999694824219,80.81999969482422,80.97000122070312,0.0,2841100
2017-02-27,69.38729095458984,82.27999877929688,0.0,82.43000030517578,81.23999786376953,81.6500015258789,0.0,1793100
2017-02-28,69.09213256835938,81.93000030517578,0.0,82.23999786376953,81.58000183105469,82.18000030517578,0.0,2045400
2017-03-01,70.6353988647461,83.76000213623047,0.0,83.79000091552734,82.1500015258789,82.44999694824219,0.0,2265100
2017-03-02,70.5426254272461,83.6500015258789,0.0,84.08000183105469,83.04000091552734,83.38999938964844,0.0,2714300
2017-03-03,70.14627075195312,83.18000030517578,0.0,83.6500015258789,83.04000091552734,83.62000274658203,0.0,2357200
2017-03-06,70.7113037109375,83.8499984741211,0.0,84.23999786376953,82.3499984741211,83.0,0.0,3717400
2017-03-07,70.3402328491211,83.41000366210938,0.0,84.16999816894531,83.20999908447266,83.69999694824219,0.0,2892700
2017-03-08,70.3992919921875,83.4800033569336,0.0,83.8499984741211,83.18000030517578,83.7699966430664,0.0,2381400
2017-03-09,70.13785552978516,83.16999816894531,0.0,83.66000366210938,82.80000305175781,83.37999725341797,0.0,2005300
2017-03-10,69.3198471069336,82.19999694824219,0.0,83.87000274658203,82.02999877929688,83.87000274658203,0.0,7495200
2017-03-13,69.79208374023438,82.76000213623047,0.0,82.98999786376953,82.05000305175781,82.1500015258789,0.0,4873800
2017-03-14,70.56793975830078,83.68000030517578,0.0,83.7300033569336,82.4000015258789,82.5199966430664,0.0,4881100
2017-03-15,70.4245834350586,83.51000213623047,0.0,83.66999816894531,82.55999755859375,83.44999694824219,0.0,4499200
2017-03-16,69.75836944580078,82.72000122070312,0.0,83.5,82.41000366210938,83.29000091552734,0.0,4107700
2017-03-17,70.21376037597656,83.26000213623047,0.0,83.33999633789062,82.7300033569336,83.30999755859375,0.0,4184000
2017-03-20,69.91016387939453,82.9000015258789,0.0,83.69999694824219,82.87999725341797,83.26000213623047,0.0,2714000
2017-03-21,68.98249816894531,81.80000305175781,0.0,83.45999908447266,81.69000244140625,83.25,0.0,3316600
2017-03-22,69.25240325927734,82.12000274658203,0.0,82.26000213623047,81.6500015258789,81.83999633789062,0.0,2604300
2017-03-23,68.76327514648438,81.54000091552734,0.0,82.33000183105469,81.30999755859375,82.23999786376953,0.0,3395000
2017-03-24,68.84759521484375,81.63999938964844,0.0,82.94999694824219,81.4000015258789,81.86000061035156,0.0,2223500
2017-03-27,68.64518737792969,81.4000015258789,0.0,81.54000091552734,80.38999938964844,81.0,0.0,2450700
2017-03-28,69.3198471069336,82.19999694824219,0.0,82.51000213623047,81.06999969482422,81.30999755859375,0.0,2916400
2017-03-29,69.07527923583984,81.91000366210938,0.0,82.22000122070312,81.47000122070312,81.88999938964844,0.0,2040500
2017-03-30,69.3198471069336,82.19999694824219,0.0,82.61000061035156,81.62999725341797,81.87000274658203,0.0,1337700
2017-03-31,69.1090087890625,81.94999694824219,0.0,82.4800033569336,81.7699966430664,82.05000305175781,0.0,2337300
2017-04-03,68.51026916503906,81.23999786376953,0.0,82.2699966430664,80.86000061035156,82.0199966430664,0.0,3084400
2017-04-04,68.51026916503906,81.23999786376953,0.0,81.38999938964844,80.5,80.80999755859375,0.0,5040800
2017-04-05,67.49832153320312,80.04000091552734,0.0,81.6500015258789,80.0,81.58999633789062,0.0,3513800
2017-04-06,67.73440551757812,80.31999969482422,0.0,80.66000366210938,79.58999633789062,80.11000061035156,0.0,3970800
2017-04-07,67.47297668457031,80.01000213623047,0.0,80.58999633789062,79.6500015258789,80.30000305175781,0.0,3308900
2017-04-10,66.89954376220703,79.33000183105469,0.0,80.12000274658203,79.19000244140625,80.0,0.0,2907000
2017-04-11,65.8454360961914,78.08000183105469,0.0,78.94999694824219,76.94000244140625,78.94000244140625,0.0,6040200
2017-04-12,64.82502746582031,76.87000274658203,0.0,78.44999694824219,76.62999725341797,78.2699966430664,0.0,2904100
2017-04-13,64.52141571044922,76.51000213623047,0.0,77.8499984741211,76.47000122070312,76.87000274658203,0.0,2223200
2017-04-17,64.42021942138672,76.38999938964844,0.0,77.19999694824219,76.1500015258789,76.77999877929688,0.0,2462200
2017-04-18,65.28041076660156,77.41000366210938,0.0,77.52999877929688,75.81999969482422,75.83000183105469,0.0,3342500
2017-04-19,64.92620086669922,76.98999786376953,0.0,78.19999694824219,76.93000030517578,77.69000244140625,0.0,2625500
2017-04-20,66.33451843261719,78.66000366210938,0.0,78.88999938964844,77.19999694824219,77.5199966430664,0.0,2898900
2017-04-21,65.46592712402344,77.62999725341797,0.0,78.18000030517578,76.41000366210938,77.19999694824219,0.0,4476600
2017-04-24,66.80679321289062,79.22000122070312,0.0,80.06999969482422,78.98999786376953,79.47000122070312,0.0,2993600
2017-04-25,66.91641235351562,79.3499984741211,0.0,79.7300033569336,78.94999694824219,79.4000015258789,0.0,2570300
2017-04-26,65.7611083984375,77.9800033569336,0.0,79.45999908447266,77.58000183105469,79.41000366210938,0.0,2998700
2017-04-27,65.65143585205078,77.8499984741211,0.0,78.87999725341797,77.55999755859375,78.6500015258789,0.0,2375300
2017-04-28,64.25999450683594,76.19999694824219,0.0,77.9800033569336,75.95999908447266,77.86000061035156,0.0,4316400
2017-05-01,64.27684783935547,76.22000122070312,0.0,76.41999816894531,74.6500015258789,75.05000305175781,0.0,4571800
2017-05-02,63.67810821533203,75.51000213623047,0.0,76.48999786376953,75.30000305175781,76.4800033569336,0.0,5528100
2017-05-03,63.75398635864258,75.5999984741211,0.0,75.86000061035156,75.16000366210938,75.30999755859375,0.0,3132000
2017-05-04,63.80461502075195,75.66000366210938,0.0,76.16999816894531,75.20999908447266,75.73999786376953,0.0,2300600
2017-05-05,63.91422653198242,75.79000091552734,0.0,75.87000274658203,75.2699966430664,75.77999877929688,0.0,3283400
2017-05-08,64.41178131103516,76.37999725341797,0.0,76.58999633789062,75.36000061035156,75.66000366210938,0.0,5040200
2017-05-09,66.19960021972656,78.5,0.0,79.19000244140625,76.7699966430664,76.83000183105469,0.0,5265300
2017-05-10,66.64653778076172,79.02999877929688,0.0,80.01000213623047,78.62000274658203,79.51000213623047,0.0,3944400
2017-05-11,66.14899444580078,78.44000244140625,0.0,79.25,77.80999755859375,78.7300033569336,0.0,2288800
2017-05-12,66.30923461914062,78.62999725341797,0.0,79.04000091552734,78.45999908447266,78.62000274658203,0.0,1975300
2017-05-15,67.64166259765625,80.20999908447266,0.0,80.37000274658203,78.80999755859375,79.16999816894531,0.0,4034200
2017-05-16,68.35004425048828,81.05000305175781,0.0,81.30999755859375,80.08000183105469,80.44999694824219,0.0,3011900
2017-05-17,66.13214874267578,78.41999816894531,0.0,80.2699966430664,78.37000274658203,80.0199966430664,0.0,3592000
2017-05-18,67.8693618774414,80.4800033569336,0.0,81.31999969482422,79.02999877929688,79.5199966430664,0.0,5026600
2017-05-19,68.51026916503906,81.23999786376953,0.0,82.2699966430664,80.6500015258789,80.6500015258789,0.0,4024400
2017-05-22,69.22705078125,82.08999633789062,0.0,82.36000061035156,81.43000030517578,81.56999969482422,0.0,2009500
2017-05-23,69.11744689941406,81.95999908447266,0.0,82.31999969482422,80.9000015258789,82.08999633789062,0.0,2146500
2017-05-24,69.25240325927734,82.12000274658203,0.0,82.58000183105469,81.66999816894531,82.45999908447266,0.0,1749100
2017-05-25,69.43788146972656,82.33999633789062,0.0,82.94999694824219,81.73999786376953,82.31999969482422,0.0,4015000
2017-05-26,69.83424377441406,82.80999755859375,0.0,82.88999938964844,81.94000244140625,82.5,0.0,1910600
2017-05-30,71.5124282836914,84.80000305175781,0.0,85.16999816894531,83.0,83.0,0.0,6744900
2017-05-31,72.32203674316406,85.76000213623047,0.0,90.48999786376953,85.76000213623047,88.98999786376953,0.0,14864300
2017-06-01,69.3282699584961,82.20999908447266,0.0,86.31999969482422,81.9000015258789,86.27999877929688,0.0,11366000
2017-06-02,68.23196411132812,80.91000366210938,0.0,82.13999938964844,79.91999816894531,81.61000061035156,0.0,8927600
2017-06-05,66.41043853759766,78.75,0.0,81.30000305175781,78.26000213623047,81.01000213623047,0.0,8580200
2017-06-06,67.54889678955078,80.0999984741211,0.0,80.44000244140625,78.61000061035156,78.61000061035156,0.0,5486300
2017-06-07,68.54962158203125,80.83000183105469,0.45,81.0999984741211,80.12999725341797,80.1500015258789,0.0,3913700
2017-06-08,69.9150161743164,82.44000244140625,0.0,82.51000213623047,80.33999633789062,81.30000305175781,0.0,3754700
2017-06-09,66.65841674804688,78.5999984741211,0.0,82.9800033569336,77.58000183105469,82.93000030517578,0.0,4941900
2017-06-12,67.62520599365234,79.73999786376953,0.0,80.47000122070312,77.93000030517578,78.01000213623047,0.0,5528600
2017-06-13,68.88887786865234,81.2300033569336,0.0,81.7300033569336,80.1500015258789,80.1500015258789,0.0,4063400
2017-06-14,68.64289855957031,80.94000244140625,0.0,81.86000061035156,79.9800033569336,81.69000244140625,0.0,3173900
2017-06-15,67.63369750976562,79.75,0.0,80.75,79.54000091552734,79.77999877929688,0.0,2986100
2017-06-16,67.87966918945312,80.04000091552734,0.0,80.2300033569336,78.97000122070312,80.18000030517578,0.0,5700600
2017-06-19,68.15950012207031,80.37000274658203,0.0,81.25,79.83999633789062,81.0,0.0,3118000
2017-06-20,67.1672592163086,79.19999694824219,0.0,81.6500015258789,79.18000030517578,80.27999877929688,0.0,3918100
2017-06-21,67.82877349853516,79.9800033569336,0.0,80.20999908447266,79.0,79.5,0.0,3525100
2017-06-22,68.96517944335938,81.31999969482422,0.0,81.66999816894531,80.0,80.80000305175781,0.0,4364500
2017-06-23,69.16023254394531,81.55000305175781,0.0,82.13999938964844,80.9000015258789,81.16000366210938,0.0,10736900
2017-06-26,68.32909393310547,80.56999969482422,0.0,82.0999984741211,79.91000366210938,81.94999694824219,0.0,2536500
2017-06-27,66.26830291748047,78.13999938964844,0.0,80.55000305175781,77.81999969482422,80.13999938964844,0.0,4009800
2017-06-28,67.1672592163086,79.19999694824219,0.0,79.38999938964844,77.86000061035156,78.55000305175781,0.0,2721300
2017-06-29,65.9290771484375,77.73999786376953,0.0,79.12000274658203,76.18000030517578,78.94000244140625,0.0,3580600
2017-06-30,65.97996520996094,77.80000305175781,0.0,78.33000183105469,77.22000122070312,78.30000305175781,0.0,2193600
2017-07-03,64.54670715332031,76.11000061035156,0.0,78.55000305175781,76.06999969482422,78.2699966430664,0.0,1368100
2017-07-05,65.9290771484375,77.73999786376953,0.0,78.11000061035156,76.37999725341797,76.48999786376953,0.0,2767400
2017-07-06,65.58135986328125,77.33000183105469,0.0,77.7300033569336,76.51000213623047,76.91000366210938,0.0,2898000
2017-07-07,66.54818725585938,78.47000122070312,0.0,78.8499984741211,77.5,77.63999938964844,0.0,2803700
2017-07-10,66.76869201660156,78.7300033569336,0.0,78.86000061035156,77.76000213623047,78.51000213623047,0.0,2167800
2017-07-11,67.72698974609375,79.86000061035156,0.0,80.36000061035156,78.2699966430664,78.94999694824219,0.0,2763000
2017-07-12,68.15950012207031,80.37000274658203,0.0,81.16999816894531,80.02999877929688,80.4000015258789,0.0,2590800
2017-07-13,68.07469940185547,80.2699966430664,0.0,80.75,79.86000061035156,80.31999969482422,0.0,1709300
2017-07-14,69.16023254394531,81.55000305175781,0.0,81.69000244140625,80.51000213623047,80.72000122070312,0.0,2153600
2017-07-17,68.77010345458984,81.08999633789062,0.0,81.8499984741211,80.94000244140625,81.61000061035156,0.0,1483000
2017-07-18,68.81253814697266,81.13999938964844,0.0,81.19000244140625,80.1500015258789,80.95999908447266,0.0,1686000
2017-07-19,68.15950012207031,80.37000274658203,0.0,81.37999725341797,80.12000274658203,81.3499984741211,0.0,2810300
2017-07-20,68.56659698486328,80.8499984741211,0.0,80.88999938964844,79.98999786376953,80.3499984741211,0.0,1804800
2017-07-21,66.96373748779297,78.95999908447266,0.0,80.22000122070312,78.43000030517578,80.06999969482422,0.0,3122500
2017-07-24,66.78563690185547,78.75,0.0,79.45999908447266,78.41999816894531,78.95999908447266,0.0,1924700
2017-07-25,67.43862915039062,79.5199966430664,0.0,80.0999984741211,78.44999694824219,78.79000091552734,0.0,1865700
2017-07-26,68.4563217163086,80.72000122070312,0.0,81.30000305175781,79.80000305175781,80.13999938964844,0.0,2298100
2017-07-27,67.46408081054688,79.55000305175781,0.0,81.27999877929688,78.95999908447266,80.83000183105469,0.0,2683400
2017-07-28,67.2011947631836,79.23999786376953,0.0,79.37000274658203,78.48999786376953,79.23999786376953,0.0,1677700
2017-07-31,67.00613403320312,79.01000213623047,0.0,79.93000030517578,78.94000244140625,79.45999908447266,0.0,2199700
2017-08-01,66.95523834228516,78.94999694824219,0.0,79.47000122070312,78.63999938964844,79.2300033569336,0.0,1728100
2017-08-02,66.84500122070312,78.81999969482422,0.0,79.6500015258789,78.36000061035156,79.48999786376953,0.0,2250800
2017-08-03,66.09869384765625,77.94000244140625,0.0,78.98999786376953,77.7300033569336,78.66999816894531,0.0,2162900
2017-08-04,65.96298217773438,77.77999877929688,0.0,78.4000015258789,77.52999877929688,78.08999633789062,0.0,2382200
2017-08-07,66.88739013671875,78.87000274658203,0.0,79.6500015258789,77.76000213623047,79.6500015258789,0.0,2047900
2017-08-08,66.9721908569336,78.97000122070312,0.0,79.87999725341797,78.41000366210938,78.66000366210938,0.0,1894200
2017-08-09,66.13264465332031,77.9800033569336,0.0,78.6500015258789,77.41999816894531,78.5199966430664,0.0,1979000
2017-08-10,65.1573486328125,76.83000183105469,0.0,77.94999694824219,76.6500015258789,77.47000122070312,0.0,2355400
2017-08-11,66.18350219726562,78.04000091552734,0.0,78.29000091552734,76.41000366210938,76.76000213623047,0.0,1919400
2017-08-14,67.76091003417969,79.9000015258789,0.0,80.16000366210938,78.56999969482422,78.66000366210938,0.0,2230200
2017-08-15,67.81177520751953,79.95999908447266,0.0,80.37000274658203,79.27999877929688,79.93000030517578,0.0,1784200
2017-08-16,67.89661407470703,80.05999755859375,0.0,80.9000015258789,79.79000091552734,80.01000213623047,0.0,2147200
2017-08-17,65.77642059326172,77.55999755859375,0.0,79.88999938964844,77.55000305175781,79.80000305175781,0.0,2064500
2017-08-18,65.9290771484375,77.73999786376953,0.0,78.06999969482422,77.02999877929688,77.5999984741211,0.0,1884400
2017-08-21,65.89515686035156,77.69999694824219,0.0,77.98999786376953,76.94999694824219,77.80999755859375,0.0,1461300
2017-08-22,67.14183044433594,79.16999816894531,0.0,79.30000305175781,78.08999633789062,78.12000274658203,0.0,1735400
2017-08-23,67.0570068359375,79.06999969482422,0.0,79.30000305175781,78.12000274658203,78.5,0.0,1597900
2017-08-24,67.22663879394531,79.2699966430664,0.0,79.44000244140625,78.83000183105469,79.3499984741211,0.0,1316900
2017-08-25,66.9721908569336,78.97000122070312,0.0,79.83999633789062,78.80999755859375,79.56999969482422,0.0,1006600
2017-08-28,67.37079620361328,79.44000244140625,0.0,79.70999908447266,79.19999694824219,79.20999908447266,0.0,1888500
2017-08-29,67.46408081054688,79.55000305175781,0.0,79.81999969482422,78.54000091552734,78.69000244140625,0.0,2737200
2017-08-30,71.00054168701172,83.72000122070312,0.0,83.88999938964844,81.23999786376953,82.12999725341797,0.0,6868400
2017-08-31,70.9581298828125,83.66999816894531,0.0,85.0,83.4000015258789,84.33999633789062,0.0,5136800
2017-09-01,71.56028747558594,84.37999725341797,0.0,85.18000030517578,83.5999984741211,83.97000122070312,0.0,2647300
2017-09-05,70.3899154663086,83.0,0.0,84.0999984741211,82.01000213623047,83.73999786376953,0.0,2890500
2017-09-06,69.974365234375,82.51000213623047,0.0,83.55999755859375,82.22000122070312,83.20999908447266,0.0,3021700
2017-09-07,69.15577697753906,81.0999984741211,0.45,82.68000030517578,80.80000305175781,82.6500015258789,0.0,3993100
2017-09-08,68.59295654296875,80.44000244140625,0.0,81.58999633789062,80.0999984741211,81.20999908447266,0.0,2695200
2017-09-11,70.11080932617188,82.22000122070312,0.0,82.69000244140625,80.80999755859375,80.80999755859375,0.0,4105000
2017-09-12,70.05110931396484,82.1500015258789,0.0,82.80000305175781,81.48999786376953,82.62999725341797,0.0,2657200
2017-09-13,69.97435760498047,82.05999755859375,0.0,82.38999938964844,81.69999694824219,81.83000183105469,0.0,1964200
2017-09-14,70.21311950683594,82.33999633789062,0.0,83.13999938964844,81.70999908447266,81.75,0.0,2226100
2017-09-15,71.4922103881836,83.83999633789062,0.0,84.05999755859375,82.19000244140625,82.37000274658203,0.0,2923800
2017-09-18,72.62632751464844,85.16999816894531,0.0,85.54000091552734,84.06999969482422,85.0,0.0,3348500
2017-09-19,72.68604278564453,85.23999786376953,0.0,85.70999908447266,84.33000183105469,85.20999908447266,0.0,1790900
2017-09-20,71.36432647705078,83.69000244140625,0.0,85.29000091552734,82.91000366210938,85.20999908447266,0.0,2171800
2017-09-21,71.83333587646484,84.23999786376953,0.0,84.37999725341797,83.08999633789062,83.5199966430664,0.0,2885200
2017-09-22,72.41316223144531,84.91999816894531,0.0,85.23999786376953,83.75,83.80999755859375,0.0,2097700
2017-09-25,71.52633666992188,83.87999725341797,0.0,85.0,83.62000274658203,84.47000122070312,0.0,1923100
2017-09-26,71.55193328857422,83.91000366210938,0.0,84.66000366210938,83.5999984741211,84.58000183105469,0.0,1281400
2017-09-27,72.41316223144531,84.91999816894531,0.0,85.2300033569336,83.80999755859375,84.56999969482422,0.0,1513000
2017-09-28,73.0271224975586,85.63999938964844,0.0,85.77999877929688,84.44999694824219,84.58999633789062,0.0,1570100
2017-09-29,73.47906494140625,86.16999816894531,0.0,86.41000366210938,85.58000183105469,85.68000030517578,0.0,1712500
2017-10-02,73.18061065673828,85.81999969482422,0.0,86.7699966430664,85.68000030517578,86.58999633789062,0.0,1688500
2017-10-03,73.24883270263672,85.9000015258789,0.0,86.52999877929688,85.83999633789062,85.95999908447266,0.0,2215100
2017-10-04,74.18682098388672,87.0,0.0,87.08000183105469,85.58000183105469,85.75,0.0,2533900
2017-10-05,74.94576263427734,87.88999938964844,0.0,88.3499984741211,86.69999694824219,87.0999984741211,0.0,2683500
2017-10-06,74.92870330810547,87.87000274658203,0.0,87.98999786376953,87.4000015258789,87.48999786376953,0.0,1118500
2017-10-09,74.7922592163086,87.70999908447266,0.0,88.2699966430664,87.27999877929688,87.95999908447266,0.0,1748400
2017-10-10,75.03101348876953,87.98999786376953,0.0,88.13999938964844,87.37000274658203,88.08000183105469,0.0,1294000
2017-10-11,75.52560424804688,88.56999969482422,0.0,88.58999633789062,87.69000244140625,87.70999908447266,0.0,1761900
2017-10-12,75.7473373413086,88.83000183105469,0.0,89.05999755859375,88.30000305175781,88.4800033569336,0.0,2309600
2017-10-13,75.94342803955078,89.05999755859375,0.0,89.66999816894531,88.51000213623047,88.94999694824219,0.0,2230900
2017-10-16,75.7473373413086,88.83000183105469,0.0,89.62999725341797,88.20999908447266,89.4800033569336,0.0,2007700
2017-10-17,75.84110260009766,88.94000244140625,0.0,89.05999755859375,88.37000274658203,88.66999816894531,0.0,1247300
2017-10-18,75.89227294921875,89.0,0.0,89.26000213623047,88.27999877929688,89.20999908447266,0.0,1129500
2017-10-19,75.72172546386719,88.80000305175781,0.0,88.83000183105469,87.37999725341797,88.31999969482422,0.0,1577500
2017-10-20,75.83258819580078,88.93000030517578,0.0,89.93000030517578,88.76000213623047,89.61000061035156,0.0,1778500
2017-10-23,75.69612884521484,88.7699966430664,0.0,89.66999816894531,88.55999755859375,89.43000030517578,0.0,2031000
2017-10-24,76.99226379394531,90.29000091552734,0.0,90.79000091552734,88.37999725341797,88.7699966430664,0.0,2671600
2017-10-25,76.62561798095703,89.86000061035156,0.0,90.44999694824219,89.2300033569336,89.66000366210938,0.0,2039600
2017-10-26,77.22252655029297,90.55999755859375,0.0,90.95999908447266,89.86000061035156,90.26000213623047,0.0,1239700
2017-10-27,77.77676391601562,91.20999908447266,0.0,91.37999725341797,89.95999908447266,90.7699966430664,0.0,1625000
2017-10-30,77.87057495117188,91.31999969482422,0.0,91.95999908447266,90.88999938964844,91.3499984741211,0.0,1248000
2017-10-31,77.85353088378906,91.30000305175781,0.0,91.73999786376953,90.75,91.47000122070312,0.0,1530500
2017-11-01,77.58917999267578,90.98999786376953,0.0,92.11000061035156,90.58999633789062,91.8499984741211,0.0,2374000
2017-11-02,77.41865539550781,90.79000091552734,0.0,91.47000122070312,90.26000213623047,90.8499984741211,0.0,1448200
2017-11-03,78.28841400146484,91.80999755859375,0.0,91.83000183105469,90.19000244140625,90.97000122070312,0.0,1367400
2017-11-06,78.68917846679688,92.27999877929688,0.0,92.95999908447266,91.6500015258789,92.41999816894531,0.0,1531300
2017-11-07,78.36517333984375,91.9000015258789,0.0,92.56999969482422,91.69999694824219,92.08000183105469,0.0,1416500
2017-11-08,78.45043182373047,92.0,0.0,92.44999694824219,91.04000091552734,91.9000015258789,0.0,1617600
2017-11-09,76.48916625976562,89.69999694824219,0.0,91.69000244140625,87.9800033569336,91.66999816894531,0.0,3143600
2017-11-10,76.39537811279297,89.58999633789062,0.0,90.02999877929688,88.87999725341797,89.54000091552734,0.0,2736400
2017-11-13,76.77057647705078,90.02999877929688,0.0,90.20999908447266,89.0,89.36000061035156,0.0,2428800
2017-11-14,77.12019348144531,90.44000244140625,0.0,90.48999786376953,89.4000015258789,89.79000091552734,0.0,2172600
2017-11-15,76.02870178222656,89.16000366210938,0.0,89.94999694824219,88.66999816894531,89.58000183105469,0.0,2250500
2017-11-16,77.1542739868164,90.4800033569336,0.0,90.75,89.41000366210938,89.79000091552734,0.0,2297900
2017-11-17,77.10314178466797,90.41999816894531,0.0,91.05000305175781,90.23999786376953,91.0,0.0,2342900
2017-11-20,79.36286926269531,93.06999969482422,0.0,93.98999786376953,90.7300033569336,90.97000122070312,0.0,6529600
2017-11-21,76.9070053100586,90.19000244140625,0.0,92.83000183105469,88.87999725341797,92.62000274658203,0.0,6028700
2017-11-22,75.59380340576172,88.6500015258789,0.0,90.73999786376953,88.43000030517578,89.61000061035156,0.0,4028200
2017-11-24,76.02017974853516,89.1500015258789,0.0,89.25,88.01000213623047,88.66999816894531,0.0,1623800
2017-11-27,74.5705337524414,87.44999694824219,0.0,88.83000183105469,87.4000015258789,88.48999786376953,0.0,2890700
2017-11-28,74.24652862548828,87.06999969482422,0.0,87.44000244140625,86.38999938964844,87.08000183105469,0.0,3843100
2017-11-29,73.04418182373047,85.66000366210938,0.0,87.29000091552734,83.9000015258789,87.08000183105469,0.0,6130300
2017-11-30,73.81568145751953,86.11000061035156,0.45,86.2699966430664,84.98999786376953,85.81999969482422,0.0,3866600
2017-12-01,73.20703887939453,85.4000015258789,0.0,85.7699966430664,83.58999633789062,85.51000213623047,0.0,3545000
2017-12-04,72.68415069580078,84.79000091552734,0.0,85.63999938964844,83.8499984741211,85.55999755859375,0.0,3723600
2017-12-05,72.71844482421875,84.83000183105469,0.0,85.69999694824219,84.16000366210938,84.52999877929688,0.0,2340800
2017-12-06,73.21562957763672,85.41000366210938,0.0,85.4800033569336,84.02999877929688,84.26000213623047,0.0,2805100
2017-12-07,73.81568145751953,86.11000061035156,0.0,86.51000213623047,85.16999816894531,85.61000061035156,0.0,3914200
2017-12-08,73.30990600585938,85.5199966430664,0.0,86.91999816894531,84.91000366210938,86.44999694824219,0.0,3411400
2017-12-11,73.54994201660156,85.80000305175781,0.0,86.36000061035156,85.29000091552734,85.48999786376953,0.0,2322700
2017-12-12,73.27562713623047,85.4800033569336,0.0,85.9800033569336,84.91000366210938,85.75,0.0,2248900
2017-12-13,73.01844787597656,85.18000030517578,0.0,85.93000030517578,85.12999725341797,85.81999969482422,0.0,2068000
2017-12-14,73.2413330078125,85.44000244140625,0.0,85.97000122070312,84.81999969482422,85.16999816894531,0.0,2288000
2017-12-15,74.31287384033203,86.69000244140625,0.0,87.20999908447266,85.29000091552734,86.06999969482422,0.0,3766000
2017-12-18,75.51297760009766,88.08999633789062,0.0,88.3499984741211,87.19999694824219,87.20999908447266,0.0,2743100
2017-12-19,75.39295959472656,87.94999694824219,0.0,88.47000122070312,87.41000366210938,87.77999877929688,0.0,2098600
2017-12-20,75.9930191040039,88.6500015258789,0.0,88.93000030517578,87.83999633789062,88.12000274658203,0.0,2093000
2017-12-21,75.9930191040039,88.6500015258789,0.0,89.13999938964844,88.41999816894531,89.0,0.0,1917100
2017-12-22,76.16447448730469,88.8499984741211,0.0,88.87000274658203,88.26000213623047,88.5,0.0,1680400
2017-12-26,75.97589111328125,88.62999725341797,0.0,88.8499984741211,87.68000030517578,88.27999877929688,0.0,1378700
2017-12-27,76.37877655029297,89.0999984741211,0.0,89.58000183105469,88.56999969482422,88.88999938964844,0.0,1827400
2017-12-28,76.6187973022461,89.37999725341797,0.0,89.86000061035156,88.69999694824219,89.30000305175781,0.0,1973000
2017-12-29,76.31875610351562,89.02999877929688,0.0,89.68000030517578,88.7699966430664,89.36000061035156,0.0,3414800
2018-01-02,77.39030456542969,90.27999877929688,0.0,90.6500015258789,88.93000030517578,89.23999786376953,0.0,2343200
2018-01-03,78.35041809082031,91.4000015258789,0.0,91.61000061035156,90.05000305175781,90.27999877929688,0.0,2009600
2018-01-04,78.26467895507812,91.30000305175781,0.0,92.27999877929688,91.25,91.87000274658203,0.0,1879600
2018-01-05,78.58185577392578,91.66999816894531,0.0,92.2699966430664,90.83000183105469,91.5199966430664,0.0,1799100
2018-01-08,78.71900939941406,91.83000183105469,0.0,92.20999908447266,91.36000061035156,91.80999755859375,0.0,1907400
2018-01-09,78.55611419677734,91.63999938964844,0.0,92.33000183105469,91.41999816894531,91.80000305175781,0.0,2779700
2018-01-10,77.24456787109375,90.11000061035156,0.0,91.1500015258789,89.79000091552734,91.08000183105469,0.0,2654400
2018-01-11,78.17037963867188,91.19000244140625,0.0,91.26000213623047,89.94000244140625,90.4000015258789,0.0,1924200
2018-01-12,78.8818588256836,92.0199966430664,0.0,92.58999633789062,90.56999969482422,91.05999755859375,0.0,3175700
2018-01-16,79.80767059326172,93.0999984741211,0.0,93.69999694824219,92.3499984741211,92.37999725341797,0.0,3373700
2018-01-17,81.925048828125,95.56999969482422,0.0,95.95999908447266,93.61000061035156,94.0,0.0,4011300
2018-01-18,83.3565902709961,97.23999786376953,0.0,98.37999725341797,95.33000183105469,95.58000183105469,0.0,5285100
2018-01-19,82.41365814208984,96.13999938964844,0.0,97.94000244140625,96.13999938964844,97.63999938964844,0.0,2762400
2018-01-22,82.85084533691406,96.6500015258789,0.0,97.0,95.7699966430664,96.38999938964844,0.0,4442400
2018-01-23,82.69654846191406,96.47000122070312,0.0,97.12000274658203,95.88999938964844,96.69000244140625,0.0,3247100
2018-01-24,81.72786712646484,95.33999633789062,0.0,96.63999938964844,93.20999908447266,94.37999725341797,0.0,6258400
2018-01-25,78.84758758544922,91.9800033569336,0.0,96.98999786376953,91.93000030517578,96.19000244140625,0.0,3655900
2018-01-26,80.4420166015625,93.83999633789062,0.0,94.16999816894531,92.58000183105469,93.08999633789062,0.0,4752300
2018-01-29,80.39059448242188,93.77999877929688,0.0,94.44000244140625,92.41000366210938,93.19999694824219,0.0,3078100
2018-01-30,78.4789810180664,91.55000305175781,0.0,93.38999938964844,91.37000274658203,92.7699966430664,0.0,3684900
2018-01-31,78.76187133789062,91.87999725341797,0.0,92.55000305175781,91.41999816894531,91.88999938964844,0.0,3462000
2018-02-01,78.56470489501953,91.6500015258789,0.0,92.58000183105469,91.25,91.25,0.0,2312200
2018-02-02,76.38736724853516,89.11000061035156,0.0,91.29000091552734,89.05999755859375,90.73999786376953,0.0,2922600
2018-02-05,73.20703887939453,85.4000015258789,0.0,89.61000061035156,85.33000183105469,88.75,0.0,3817400
2018-02-06,75.89873504638672,88.54000091552734,0.0,88.70999908447266,82.76000213623047,84.19999694824219,0.0,5440800
2018-02-07,73.16417694091797,85.3499984741211,0.0,87.94999694824219,85.29000091552734,86.75,0.0,4555800
2018-02-08,70.8753890991211,82.68000030517578,0.0,85.5999984741211,82.56999969482422,85.54000091552734,0.0,5279100
2018-02-09,71.94690704345703,83.93000030517578,0.0,84.58000183105469,80.94999694824219,83.91000366210938,0.0,5649700
2018-02-12,72.90704345703125,85.05000305175781,0.0,85.9000015258789,84.02999877929688,84.30000305175781,0.0,3287700
2018-02-13,72.29838562011719,84.33999633789062,0.0,86.43000030517578,83.7699966430664,86.01000213623047,0.0,2688900
2018-02-14,72.97557830810547,85.12999725341797,0.0,85.44999694824219,83.38999938964844,83.5199966430664,0.0,2819600
2018-02-15,73.20703887939453,85.4000015258789,0.0,85.94000244140625,84.20999908447266,85.94000244140625,0.0,2214400
2018-02-16,73.79855346679688,86.08999633789062,0.0,86.79000091552734,85.16999816894531,85.27999877929688,0.0,2570000
2018-02-20,75.78730010986328,88.41000366210938,0.0,89.48999786376953,86.91999816894531,87.27999877929688,0.0,3961000
2018-02-21,75.78730010986328,88.41000366210938,0.0,90.04000091552734,87.8499984741211,88.70999908447266,0.0,2604400
2018-02-22,75.9158706665039,88.55999755859375,0.0,89.36000061035156,88.06999969482422,88.45999908447266,0.0,2430000
2018-02-23,77.46746063232422,90.37000274658203,0.0,90.43000030517578,89.16999816894531,89.3499984741211,0.0,2114900
2018-02-26,79.17334747314453,92.36000061035156,0.0,92.41999816894531,90.56999969482422,90.56999969482422,0.0,2683600
2018-02-27,79.0876235961914,92.26000213623047,0.0,93.6500015258789,91.62999725341797,92.20999908447266,0.0,3256300
2018-02-28,77.27886962890625,90.1500015258789,0.0,94.91999816894531,89.5999984741211,94.5,0.0,4248500
2018-03-01,75.70155334472656,88.30999755859375,0.0,90.52999877929688,86.79000091552734,89.88999938964844,0.0,4136100
2018-03-02,76.74739837646484,89.52999877929688,0.0,89.66999816894531,86.9800033569336,87.44000244140625,0.0,2298700
2018-03-05,78.12754821777344,91.13999938964844,0.0,91.69999694824219,88.7699966430664,88.83000183105469,0.0,2972200
2018-03-06,78.80472564697266,91.93000030517578,0.0,92.56999969482422,91.18000030517578,91.7300033569336,0.0,1958600
2018-03-07,79.49908447265625,92.73999786376953,0.0,92.80000305175781,90.55000305175781,91.33000183105469,0.0,2981100
2018-03-08,79.89544677734375,92.72000122070312,0.48,93.30000305175781,92.06999969482422,92.9000015258789,0.0,2175600
2018-03-09,81.62743377685547,94.7300033569336,0.0,94.8499984741211,93.30000305175781,93.30000305175781,0.0,2768700
2018-03-12,82.31680297851562,95.52999877929688,0.0,95.7300033569336,94.66999816894531,94.73999786376953,0.0,2766100
2018-03-13,81.56713104248047,94.66000366210938,0.0,96.8499984741211,94.22000122070312,96.0,0.0,3521800
2018-03-14,81.07598114013672,94.08999633789062,0.0,95.33000183105469,93.2699966430664,94.94000244140625,0.0,1549700
2018-03-15,80.94670867919922,93.94000244140625,0.0,94.36000061035156,93.16000366210938,93.91999816894531,0.0,1274000
2018-03-16,81.12767028808594,94.1500015258789,0.0,95.01000213623047,93.76000213623047,94.0999984741211,0.0,4067800
2018-03-19,80.56758880615234,93.5,0.0,93.81999969482422,91.83999633789062,93.7300033569336,0.0,2900300
2018-03-20,79.88683319091797,92.70999908447266,0.0,93.62999725341797,92.37000274658203,93.51000213623047,0.0,1764000
2018-03-21,79.96439361572266,92.80000305175781,0.0,93.88999938964844,92.31999969482422,92.5,0.0,1612700
2018-03-22,78.01697540283203,90.54000091552734,0.0,92.43000030517578,90.4800033569336,91.52999877929688,0.0,2842400
2018-03-23,75.56979370117188,87.69999694824219,0.0,90.8499984741211,87.6500015258789,90.36000061035156,0.0,2613300
2018-03-26,80.23151397705078,93.11000061035156,0.0,93.19000244140625,88.94000244140625,89.33000183105469,0.0,3669400
2018-03-27,78.45643615722656,91.05000305175781,0.0,94.31999969482422,90.2699966430664,93.77999877929688,0.0,4507500
2018-03-28,77.47412872314453,89.91000366210938,0.0,91.62000274658203,89.41000366210938,90.70999908447266,0.0,2602000
2018-03-29,78.52537536621094,91.12999725341797,0.0,92.0199966430664,89.8499984741211,90.69999694824219,0.0,2663500
2018-04-02,76.47457122802734,88.75,0.0,90.87999725341797,87.91999816894531,90.47000122070312,0.0,3308600
2018-04-03,77.13804626464844,89.5199966430664,0.0,89.91999816894531,87.9000015258789,89.61000061035156,0.0,2721600
2018-04-04,78.62017822265625,91.23999786376953,0.0,91.52999877929688,87.54000091552734,87.80999755859375,0.0,2069900
2018-04-05,78.36166381835938,90.94000244140625,0.0,92.44999694824219,90.26000213623047,92.0999984741211,0.0,1769400
2018-04-06,76.09541320800781,88.30999755859375,0.0,90.4800033569336,88.12999725341797,89.8499984741211,0.0,2294300
2018-04-09,75.8196792602539,87.98999786376953,0.0,90.44000244140625,87.9000015258789,89.12000274658203,0.0,2513900
2018-04-10,77.57752990722656,90.02999877929688,0.0,90.80999755859375,88.76000213623047,89.5,0.0,2210200
2018-04-11,78.24103546142578,90.80000305175781,0.0,91.1500015258789,89.18000030517578,89.25,0.0,1785200
2018-04-12,80.1539535522461,93.0199966430664,0.0,93.23999786376953,91.19999694824219,91.69000244140625,0.0,2984200
2018-04-13,79.9471664428711,92.77999877929688,0.0,93.5999984741211,92.19999694824219,93.5,0.0,1869700
2018-04-16,80.25739288330078,93.13999938964844,0.0,93.58000183105469,92.4800033569336,93.18000030517578,0.0,2125300
2018-04-17,82.006591796875,95.16999816894531,0.0,95.54000091552734,93.6500015258789,93.6500015258789,0.0,1920000
2018-04-18,81.48958587646484,94.56999969482422,0.0,95.44999694824219,94.02999877929688,94.77999877929688,0.0,1909600
2018-04-19,77.42243194580078,89.8499984741211,0.0,92.9800033569336,89.76000213623047,92.9800033569336,0.0,3774200
2018-04-20,77.3448715209961,89.76000213623047,0.0,90.0,88.66000366210938,89.38999938964844,0.0,4413800
2018-04-23,75.82830810546875,88.0,0.0,90.19000244140625,87.5199966430664,90.16999816894531,0.0,2790300
2018-04-24,75.5267105102539,87.6500015258789,0.0,89.47000122070312,87.31999969482422,89.2699966430664,0.0,3137000
2018-04-25,75.63011932373047,87.7699966430664,0.0,88.91999816894531,87.33000183105469,88.05999755859375,0.0,2652400
2018-04-26,76.43148040771484,88.69999694824219,0.0,89.02999877929688,87.72000122070312,88.44999694824219,0.0,1981400
2018-04-27,75.55255889892578,87.68000030517578,0.0,89.37999725341797,87.20999908447266,89.2699966430664,0.0,2738600
2018-04-30,75.26822662353516,87.3499984741211,0.0,88.20999908447266,86.02999877929688,87.7699966430664,0.0,3756200
2018-05-01,76.56937408447266,88.86000061035156,0.0,89.0,86.73999786376953,87.13999938964844,0.0,2094300
2018-05-02,76.08682250976562,88.30000305175781,0.0,89.20999908447266,87.4800033569336,89.01000213623047,0.0,1586700
2018-05-03,75.75072479248047,87.91000366210938,0.0,88.2699966430664,86.2300033569336,87.5199966430664,0.0,2261100
2018-05-04,77.78431701660156,90.2699966430664,0.0,90.31999969482422,87.12000274658203,87.55000305175781,0.0,2404800
2018-05-07,77.98249053955078,90.5,0.0,91.16999816894531,89.86000061035156,89.86000061035156,0.0,1867000
2018-05-08,78.77526092529297,91.41999816894531,0.0,91.44999694824219,90.11000061035156,90.93000030517578,0.0,1575000
2018-05-09,79.80928039550781,92.62000274658203,0.0,92.73999786376953,91.41999816894531,91.86000061035156,0.0,1939400
2018-05-10,80.42969512939453,93.33999633789062,0.0,93.4000015258789,92.38999938964844,93.08000183105469,0.0,1914400
2018-05-11,79.79204559326172,92.5999984741211,0.0,93.63999938964844,92.41999816894531,93.08000183105469,0.0,1359000
2018-05-14,80.88641357421875,93.87000274658203,0.0,94.91999816894531,93.19000244140625,93.19000244140625,0.0,2173500
2018-05-15,80.6192626953125,93.55999755859375,0.0,93.8499984741211,92.79000091552734,93.06999969482422,0.0,2074900
2018-05-16,81.66191101074219,94.7699966430664,0.0,94.80000305175781,93.58000183105469,93.94999694824219,0.0,1472800
2018-05-17,81.89456176757812,95.04000091552734,0.0,95.18000030517578,94.16000366210938,94.20999908447266,0.0,3344100
2018-05-18,81.75669860839844,94.87999725341797,0.0,95.56999969482422,94.08000183105469,94.69999694824219,0.0,3222000
2018-05-21,82.11860656738281,95.30000305175781,0.0,96.06999969482422,94.5,95.56999969482422,0.0,1694200
2018-05-22,82.47189331054688,95.70999908447266,0.0,96.37000274658203,95.33999633789062,95.77999877929688,0.0,1336100
2018-05-23,81.33448028564453,94.38999938964844,0.0,95.06999969482422,94.05000305175781,94.61000061035156,0.0,3026100
2018-05-24,81.89456176757812,95.04000091552734,0.0,95.2699966430664,93.98999786376953,94.51000213623047,0.0,1920700
2018-05-25,82.24786376953125,95.44999694824219,0.0,95.5,94.54000091552734,94.93000030517578,0.0,1467900
2018-05-29,81.33448028564453,94.38999938964844,0.0,95.31999969482422,93.87999725341797,94.68000030517578,0.0,3474600
2018-05-30,81.8428955078125,94.9800033569336,0.0,96.9800033569336,93.0,93.06999969482422,0.0,3232400
2018-05-31,83.73856353759766,97.18000030517578,0.0,98.38999938964844,95.55000305175781,95.91000366210938,0.0,5076800
2018-06-01,84.78984069824219,98.4000015258789,0.0,98.43000030517578,96.45999908447266,97.68000030517578,0.0,2301700
2018-06-04,86.15129089355469,99.9800033569336,0.0,100.29000091552734,97.43000030517578,98.5,0.0,2619700
2018-06-05,86.72002410888672,100.63999938964844,0.0,100.91999816894531,99.6500015258789,100.01000213623047,0.0,1869400
2018-06-06,87.97806549072266,102.0999984741211,0.0,102.1500015258789,100.11000061035156,100.86000061035156,0.0,2183500
2018-06-07,88.27241516113281,101.95999908447266,0.48,103.58999633789062,101.55000305175781,102.30999755859375,0.0,3660600
2018-06-08,87.49322509765625,101.05999755859375,0.0,101.30999755859375,100.0,101.19999694824219,0.0,2304800
2018-06-11,87.7789306640625,101.38999938964844,0.0,101.8499984741211,100.69999694824219,100.86000061035156,0.0,1635500
2018-06-12,88.3243637084961,102.0199966430664,0.0,102.06999969482422,100.94999694824219,101.58000183105469,0.0,1998400
2018-06-13,87.48458099365234,101.05000305175781,0.0,102.22000122070312,100.7300033569336,102.13999938964844,0.0,2064300
2018-06-14,88.04732513427734,101.69999694824219,0.0,102.9800033569336,101.30999755859375,101.7300033569336,0.0,1855700
2018-06-15,87.87417602539062,101.5,0.0,101.95999908447266,100.0999984741211,101.95999908447266,0.0,3118200
2018-06-18,87.51920318603516,101.08999633789062,0.0,101.26000213623047,99.83000183105469,100.44999694824219,0.0,1859100
2018-06-19,86.62747192382812,100.05999755859375,0.0,100.12999725341797,98.9000015258789,99.5,0.0,1759000
2018-06-20,87.44129180908203,101.0,0.0,101.06999969482422,99.77999877929688,100.3499984741211,0.0,1419200
2018-06-21,85.84832000732422,99.16000366210938,0.0,101.33999633789062,98.9800033569336,101.33999633789062,0.0,1691500
2018-06-22,85.78768157958984,99.08999633789062,0.0,99.87999725341797,98.68000030517578,99.83000183105469,0.0,6226500
2018-06-25,84.97388458251953,98.1500015258789,0.0,98.5,96.88999938964844,98.13999938964844,0.0,4653500
2018-06-26,85.4587173461914,98.70999908447266,0.0,99.41000366210938,98.05000305175781,98.44999694824219,0.0,2365600
2018-06-27,83.54537200927734,96.5,0.0,99.3499984741211,96.44000244140625,98.68000030517578,0.0,4415200
2018-06-28,83.0692138671875,95.94999694824219,0.0,96.69000244140625,95.05000305175781,96.19000244140625,0.0,2349500
2018-06-29,83.04325103759766,95.91999816894531,0.0,97.83000183105469,95.75,96.43000030517578,0.0,3116700
2018-07-02,83.38092041015625,96.30999755859375,0.0,96.37000274658203,94.62000274658203,95.04000091552734,0.0,2058400
2018-07-03,81.82255554199219,94.51000213623047,0.0,96.83999633789062,94.37000274658203,96.73999786376953,0.0,876000
2018-07-05,83.45882415771484,96.4000015258789,0.0,96.54000091552734,94.93000030517578,95.33000183105469,0.0,1977700
2018-07-06,84.15142822265625,97.19999694824219,0.0,97.41000366210938,95.91999816894531,96.38999938964844,0.0,1551000
2018-07-09,84.13412475585938,97.18000030517578,0.0,97.86000061035156,96.16999816894531,97.41999816894531,0.0,1861300
2018-07-10,85.31155395507812,98.54000091552734,0.0,98.66999816894531,97.0199966430664,97.41000366210938,0.0,2229000
2018-07-11,83.302978515625,96.22000122070312,0.0,97.91000366210938,95.97000122070312,97.4000015258789,0.0,1509700
2018-07-12,85.19034576416016,98.4000015258789,0.0,98.58000183105469,95.9000015258789,96.18000030517578,0.0,2328900
2018-07-13,84.94792175292969,98.12000274658203,0.0,98.73999786376953,97.88999938964844,98.62000274658203,0.0,1130200
2018-07-16,84.53234100341797,97.63999938964844,0.0,98.38999938964844,97.31999969482422,98.3499984741211,0.0,1380000
2018-07-17,85.06914520263672,98.26000213623047,0.0,98.33999633789062,96.45999908447266,96.97000122070312,0.0,1928500
2018-07-18,85.78768157958984,99.08999633789062,0.0,99.4000015258789,98.47000122070312,98.52999877929688,0.0,1635200
2018-07-19,85.06914520263672,98.26000213623047,0.0,98.95999908447266,97.4000015258789,98.79000091552734,0.0,1389500
2018-07-20,84.6795425415039,97.80999755859375,0.0,98.69000244140625,97.30000305175781,98.0199966430664,0.0,1387500
2018-07-23,84.66221618652344,97.79000091552734,0.0,97.95999908447266,96.33000183105469,97.38999938964844,0.0,1403700
2018-07-24,84.36784362792969,97.44999694824219,0.0,99.18000030517578,97.30999755859375,98.04000091552734,0.0,2964600
2018-07-25,83.58869171142578,96.55000305175781,0.0,98.1500015258789,95.08999633789062,97.4800033569336,0.0,2612700
2018-07-26,84.58430480957031,97.69999694824219,0.0,98.55999755859375,96.7300033569336,97.56999969482422,0.0,2546000
2018-07-27,83.9609603881836,96.9800033569336,0.0,99.08999633789062,96.70999908447266,98.08999633789062,0.0,2147600
2018-07-30,82.5151596069336,95.30999755859375,0.0,97.56999969482422,95.01000213623047,97.56999969482422,0.0,2545000
2018-07-31,83.23374938964844,96.13999938964844,0.0,96.86000061035156,95.58000183105469,95.68000030517578,0.0,2500900
2018-08-01,83.14714813232422,96.04000091552734,0.0,96.73999786376953,95.43000030517578,95.43000030517578,0.0,1717700
2018-08-02,83.27701568603516,96.19000244140625,0.0,96.55000305175781,94.75,95.0,0.0,1711800
2018-08-03,83.59735107421875,96.55999755859375,0.0,96.69999694824219,95.87000274658203,96.08000183105469,0.0,1017800
2018-08-06,84.3072738647461,97.37999725341797,0.0,97.41999816894531,96.05999755859375,96.19000244140625,0.0,1322200
2018-08-07,85.35482025146484,98.58999633789062,0.0,98.69000244140625,97.44999694824219,97.70999908447266,0.0,1128800
2018-08-08,85.26824188232422,98.48999786376953,0.0,98.70999908447266,97.94000244140625,98.5,0.0,1256600
2018-08-09,84.61892700195312,97.73999786376953,0.0,98.66999816894531,97.73999786376953,98.54000091552734,0.0,1451100
2018-08-10,82.19482421875,94.94000244140625,0.0,96.70999908447266,94.08000183105469,95.33000183105469,0.0,2817400
2018-08-13,82.35931396484375,95.12999725341797,0.0,96.12999725341797,94.83999633789062,95.19000244140625,0.0,1939300
2018-08-14,82.11689758300781,94.8499984741211,0.0,96.23999786376953,94.81999969482422,95.58000183105469,0.0,1761600
2018-08-15,81.17325592041016,93.76000213623047,0.0,94.5199966430664,92.80999755859375,93.94000244140625,0.0,2022300
2018-08-16,81.60609436035156,94.26000213623047,0.0,95.06999969482422,93.95999908447266,94.38999938964844,0.0,1828700
2018-08-17,81.88316345214844,94.58000183105469,0.0,94.83000183105469,92.66999816894531,93.45999908447266,0.0,2869400
2018-08-20,81.15591430664062,93.73999786376953,0.0,94.91000366210938,93.23999786376953,94.79000091552734,0.0,2161000
2018-08-21,83.04325103759766,95.91999816894531,0.0,96.45999908447266,93.41999816894531,94.05999755859375,0.0,4051300
2018-08-22,84.77476501464844,97.91999816894531,0.0,98.12000274658203,92.05000305175781,92.55000305175781,0.0,7540400
2018-08-23,84.31591033935547,97.38999938964844,0.0,98.9800033569336,97.23999786376953,98.29000091552734,0.0,2666100
2018-08-24,85.5193099975586,98.77999877929688,0.0,98.88999938964844,97.44000244140625,98.05999755859375,0.0,2674800
2018-08-27,86.63613891601562,100.06999969482422,0.0,100.72000122070312,99.0,99.29000091552734,0.0,2907200
2018-08-28,86.93917083740234,100.41999816894531,0.0,100.87000274658203,99.45999908447266,100.61000061035156,0.0,3673300
2018-08-29,86.72271728515625,100.16999816894531,0.0,100.41999816894531,99.75,100.41999816894531,0.0,2370100
2018-08-30,85.74840545654297,98.56999969482422,0.48,100.16999816894531,98.27999877929688,99.4800033569336,0.0,1891700
2018-08-31,85.99198913574219,98.8499984741211,0.0,99.23999786376953,98.19999694824219,98.20999908447266,0.0,1710000
2018-09-04,85.34822082519531,98.11000061035156,0.0,98.88999938964844,97.11000061035156,97.48999786376953,0.0,4053200
2018-09-05,85.13945007324219,97.87000274658203,0.0,98.83999633789062,97.48999786376953,98.12000274658203,0.0,2689000
2018-09-06,84.4609146118164,97.08999633789062,0.0,98.08999633789062,96.11000061035156,97.44999694824219,0.0,2809800
2018-09-07,81.7380599975586,93.95999908447266,0.0,95.91999816894531,93.58999633789062,94.86000061035156,0.0,5451300
2018-09-10,82.2861099243164,94.58999633789062,0.0,95.18000030517578,93.05000305175781,94.55999755859375,0.0,3120100
2018-09-11,81.12041473388672,93.25,0.0,94.38999938964844,93.0999984741211,94.12000274658203,0.0,3229900
2018-09-12,79.18047332763672,91.0199966430664,0.0,92.55999755859375,89.3499984741211,92.0999984741211,0.0,5793600
2018-09-13,80.38097381591797,92.4000015258789,0.0,93.06999969482422,90.87999725341797,92.19000244140625,0.0,3516800
2018-09-14,80.49407196044922,92.52999877929688,0.0,93.43000030517578,92.08999633789062,92.55000305175781,0.0,2843300
2018-09-17,79.4327621459961,91.30999755859375,0.0,92.81999969482422,91.16000366210938,92.11000061035156,0.0,1976300
2018-09-18,79.91120910644531,91.86000061035156,0.0,92.47000122070312,91.3499984741211,91.66999816894531,0.0,2354900
2018-09-19,80.53755187988281,92.58000183105469,0.0,92.80999755859375,91.80000305175781,92.0199966430664,0.0,1843200
2018-09-20,82.72978210449219,95.0999984741211,0.0,95.66000366210938,93.44999694824219,93.55000305175781,0.0,3494900
2018-09-21,82.260009765625,94.55999755859375,0.0,95.69999694824219,94.19000244140625,95.55999755859375,0.0,4416500
2018-09-24,82.64277648925781,95.0,0.0,95.37000274658203,93.33000183105469,94.13999938964844,0.0,2558800
2018-09-25,80.52017211914062,92.55999755859375,0.0,93.48999786376953,90.55000305175781,92.4000015258789,0.0,6037200
2018-09-26,80.31136322021484,92.31999969482422,0.0,93.75,92.19000244140625,92.4000015258789,0.0,3802500
2018-09-27,80.18959045410156,92.18000030517578,0.0,92.54000091552734,91.61000061035156,92.30999755859375,0.0,1963500
2018-09-28,80.43316650390625,92.45999908447266,0.0,92.5199966430664,91.5999984741211,91.95999908447266,0.0,1650200
2018-10-01,80.37226104736328,92.38999938964844,0.0,93.38999938964844,92.25,92.80999755859375,0.0,1728800
2018-10-02,80.28527069091797,92.29000091552734,0.0,93.91999816894531,92.11000061035156,92.19999694824219,0.0,1737100
2018-10-03,79.88514709472656,91.83000183105469,0.0,93.04000091552734,90.86000061035156,91.70999908447266,0.0,2915000
2018-10-04,78.28446197509766,89.98999786376953,0.0,91.5999984741211,89.56999969482422,91.13999938964844,0.0,4047400
2018-10-05,75.81387329101562,87.1500015258789,0.0,89.4800033569336,86.26000213623047,89.0,0.0,5815600
2018-10-08,75.23103332519531,86.4800033569336,0.0,87.2300033569336,85.5199966430664,86.79000091552734,0.0,2879400
2018-10-09,75.47460174560547,86.76000213623047,0.0,86.94999694824219,85.58999633789062,86.62000274658203,0.0,3950200
2018-10-10,72.98661804199219,83.9000015258789,0.0,86.04000091552734,83.18000030517578,85.45999908447266,0.0,8523800
2018-10-11,72.78656005859375,83.66999816894531,0.0,86.58999633789062,83.25,85.55999755859375,0.0,4849900
2018-10-12,73.22147369384766,84.16999816894531,0.0,85.7699966430664,83.06999969482422,85.2300033569336,0.0,3600600
2018-10-15,72.98661804199219,83.9000015258789,0.0,84.66999816894531,83.0999984741211,83.70999908447266,0.0,3153700
2018-10-16,74.60468292236328,85.76000213623047,0.0,85.83999633789062,84.13999938964844,84.79000091552734,0.0,3397300
2018-10-17,74.16101837158203,85.25,0.0,86.41999816894531,84.5999984741211,86.3499984741211,0.0,3529100
2018-10-18,72.3515853881836,83.16999816894531,0.0,84.29000091552734,81.55000305175781,83.0,0.0,4923200
2018-10-19,71.6295394897461,82.33999633789062,0.0,84.22000122070312,81.87000274658203,82.93000030517578,0.0,2564400
2018-10-22,71.81221771240234,82.55000305175781,0.0,83.38999938964844,82.36000061035156,83.01000213623047,0.0,2337000
2018-10-23,71.89921569824219,82.6500015258789,0.0,83.01000213623047,79.69999694824219,80.73999786376953,0.0,4656400
2018-10-24,67.69747924804688,77.81999969482422,0.0,80.73999786376953,77.76000213623047,80.31999969482422,0.0,7790900
2018-10-25,68.79360961914062,79.08000183105469,0.0,79.9000015258789,78.76000213623047,78.94000244140625,0.0,4192500
2018-10-26,68.75007629394531,79.02999877929688,0.0,80.0999984741211,76.62000274658203,77.55999755859375,0.0,4536600
2018-10-29,69.95059967041016,80.41000366210938,0.0,81.94999694824219,78.9800033569336,81.31999969482422,0.0,5055500
2018-10-30,72.02972412109375,82.80000305175781,0.0,82.86000061035156,80.41999816894531,80.62000274658203,0.0,4698800
2018-10-31,72.82132720947266,83.70999908447266,0.0,84.30000305175781,82.87999725341797,83.93000030517578,0.0,3498700
2018-11-01,76.55330657958984,88.0,0.0,88.5,83.72000122070312,84.16000366210938,0.0,3669500
2018-11-02,75.83999633789062,87.18000030517578,0.0,89.01000213623047,86.25,88.31999969482422,0.0,3754900
2018-11-05,75.1440200805664,86.37999725341797,0.0,87.41999816894531,85.58999633789062,87.08999633789062,0.0,2143600
2018-11-06,76.51850128173828,87.95999908447266,0.0,88.0,86.37000274658203,86.55999755859375,0.0,1751300
2018-11-07,76.82298278808594,88.30999755859375,0.0,89.0199966430664,87.38999938964844,89.01000213623047,0.0,2253800
2018-11-08,78.23224639892578,89.93000030517578,0.0,90.08000183105469,87.58999633789062,87.58999633789062,0.0,2551100
2018-11-09,76.19662475585938,87.58999633789062,0.0,89.7300033569336,87.01000213623047,89.45999908447266,0.0,3043200
2018-11-12,73.24759674072266,84.19999694824219,0.0,86.62000274658203,84.0999984741211,86.4000015258789,0.0,3334300
2018-11-13,74.20451354980469,85.30000305175781,0.0,86.80999755859375,84.62999725341797,84.83999633789062,0.0,3042500
2018-11-14,74.92655181884766,86.12999725341797,0.0,87.11000061035156,85.47000122070312,86.31999969482422,0.0,2395700
2018-11-15,78.13658905029297,89.81999969482422,0.0,89.87000274658203,86.02999877929688,86.02999877929688,0.0,4772900
2018-11-16,77.84080505371094,89.4800033569336,0.0,89.95999908447266,87.63999938964844,88.0999984741211,0.0,3167900
2018-11-19,74.3958969116211,85.5199966430664,0.0,89.97000122070312,85.44999694824219,89.62000274658203,0.0,6808500
2018-11-20,77.4406509399414,89.0199966430664,0.0,89.87000274658203,83.83999633789062,84.76000213623047,0.0,6660100
2018-11-21,78.01478576660156,89.68000030517578,0.0,90.83000183105469,88.20999908447266,89.55000305175781,0.0,3561100
2018-11-23,77.11003875732422,88.63999938964844,0.0,89.4000015258789,87.87000274658203,88.6500015258789,0.0,1163000
2018-11-26,78.35404968261719,90.06999969482422,0.0,90.62999725341797,89.0199966430664,90.30999755859375,0.0,2474600
2018-11-27,77.92780303955078,89.58000183105469,0.0,90.13999938964844,88.36000061035156,89.45999908447266,0.0,2614600
2018-11-28,79.34465026855469,90.72000122070312,0.48,90.79000091552734,88.0,89.43000030517578,0.0,3864600
2018-11-29,78.29511260986328,89.5199966430664,0.0,90.58999633789062,89.3499984741211,89.9800033569336,0.0,2831700
2018-11-30,80.3941879272461,91.91999816894531,0.0,91.97000122070312,88.79000091552734,89.69999694824219,0.0,3335800
2018-12-03,81.7847900390625,93.51000213623047,0.0,94.62000274658203,92.80999755859375,93.33999633789062,0.0,3563800
2018-12-04,79.09976959228516,90.44000244140625,0.0,93.37999725341797,90.33999633789062,93.13999938964844,0.0,3858000
2018-12-06,78.30387878417969,89.52999877929688,0.0,89.55000305175781,86.16999816894531,87.33000183105469,0.0,2957300
2018-12-07,75.58383178710938,86.41999816894531,0.0,89.9800033569336,86.19000244140625,89.06999969482422,0.0,2961000
2018-12-10,77.38554382324219,88.4800033569336,0.0,88.63999938964844,86.0,86.36000061035156,0.0,2600600
2018-12-11,77.52545928955078,88.63999938964844,0.0,91.04000091552734,88.27999877929688,89.91000366210938,0.0,2094300
2018-12-12,77.91029357910156,89.08000183105469,0.0,90.5199966430664,89.0,90.5199966430664,0.0,2301000
2018-12-13,77.36804962158203,88.45999908447266,0.0,89.98999786376953,88.08000183105469,89.66999816894531,0.0,1668400
2018-12-14,76.3272476196289,87.2699966430664,0.0,88.38999938964844,86.97000122070312,87.4800033569336,0.0,2947800
2018-12-17,76.36224365234375,87.30999755859375,0.0,88.95999908447266,86.75,87.25,0.0,2933800
2018-12-18,77.00946044921875,88.05000305175781,0.0,89.36000061035156,87.5,88.2300033569336,0.0,2873900
2018-12-19,73.1961441040039,83.69000244140625,0.0,87.91999816894531,83.23999786376953,86.7300033569336,0.0,4216200
2018-12-20,72.36528015136719,82.73999786376953,0.0,84.55000305175781,81.52999877929688,83.23999786376953,0.0,3555400
2018-12-21,71.99791717529297,82.31999969482422,0.0,85.11000061035156,81.94000244140625,83.41000366210938,0.0,5189000
2018-12-24,70.33618927001953,80.41999816894531,0.0,82.91000366210938,80.36000061035156,82.11000061035156,0.0,1353300
2018-12-26,73.76464080810547,84.33999633789062,0.0,84.43000030517578,80.08000183105469,81.19000244140625,0.0,2519000
2018-12-27,74.65675354003906,85.36000061035156,0.0,85.43000030517578,81.86000061035156,83.26000213623047,0.0,2070300
2018-12-28,74.74420928955078,85.45999908447266,0.0,86.9000015258789,84.43000030517578,85.48999786376953,0.0,2070700
2018-12-31,75.06779479980469,85.83000183105469,0.0,86.54000091552734,84.97000122070312,86.08999633789062,0.0,1748400
2019-01-02,75.14653015136719,85.91999816894531,0.0,86.43000030517578,83.95999908447266,84.02999877929688,0.0,2523900
2019-01-03,70.6072998046875,80.7300033569336,0.0,84.3499984741211,80.55000305175781,82.98999786376953,0.0,4376600
2019-01-04,72.321533203125,82.69000244140625,0.0,83.01000213623047,80.45999908447266,81.45999908447266,0.0,3470000
2019-01-07,72.77632904052734,83.20999908447266,0.0,84.19000244140625,82.08000183105469,82.54000091552734,0.0,2656300
2019-01-08,74.55179595947266,85.23999786376953,0.0,85.27999877929688,82.66999816894531,84.2699966430664,0.0,3993500
2019-01-09,76.44096374511719,87.4000015258789,0.0,88.5,85.81999969482422,85.81999969482422,0.0,3321600
2019-01-10,77.49922180175781,88.61000061035156,0.0,88.66000366210938,86.56999969482422,86.88999938964844,0.0,2042400
2019-01-11,78.76739501953125,90.05999755859375,0.0,91.11000061035156,88.06999969482422,88.06999969482422,0.0,3029800
2019-01-14,76.52842712402344,87.5,0.0,88.98999786376953,87.36000061035156,88.68000030517578,0.0,2239300
2019-01-15,76.62459564208984,87.61000061035156,0.0,88.54000091552734,87.01000213623047,87.66000366210938,0.0,1960500
2019-01-16,76.0910873413086,87.0,0.0,88.5199966430664,86.88999938964844,87.5999984741211,0.0,1667100
2019-01-17,77.67414855957031,88.80999755859375,0.0,88.8499984741211,85.44000244140625,86.51000213623047,0.0,2563000
2019-01-18,79.90441131591797,91.36000061035156,0.0,91.52999877929688,88.43000030517578,89.61000061035156,0.0,3471600
2019-01-22,77.95402526855469,89.12999725341797,0.0,90.75,88.20999908447266,90.56999969482422,0.0,2749500
2019-01-23,77.71788787841797,88.86000061035156,0.0,89.70999908447266,87.7699966430664,89.4000015258789,0.0,1590400
2019-01-24,82.86931610107422,94.75,0.0,95.5,90.52999877929688,90.52999877929688,0.0,6478700
2019-01-25,85.4232177734375,97.66999816894531,0.0,98.1500015258789,95.55000305175781,95.80000305175781,0.0,4301100
2019-01-28,85.13456726074219,97.33999633789062,0.0,97.69999694824219,94.86000061035156,94.94999694824219,0.0,2260100
2019-01-29,84.84596252441406,97.01000213623047,0.0,98.30000305175781,96.56999969482422,98.30000305175781,0.0,2171800
2019-01-30,86.59518432617188,99.01000213623047,0.0,99.44000244140625,97.11000061035156,97.56999969482422,0.0,2653700
2019-01-31,86.46398162841797,98.86000061035156,0.0,98.95999908447266,98.02999877929688,98.73999786376953,0.0,2588200
2019-02-01,87.93336486816406,100.54000091552734,0.0,100.62999725341797,98.83999633789062,99.16999816894531,0.0,3074200
2019-02-04,87.19866180419922,99.69999694824219,0.0,100.79000091552734,98.7300033569336,100.47000122070312,0.0,2541900
2019-02-05,87.81087493896484,100.4000015258789,0.0,100.51000213623047,99.05000305175781,99.54000091552734,0.0,2472600
2019-02-06,89.56884765625,102.41000366210938,0.0,103.4800033569336,101.0,101.05000305175781,0.0,3279400
2019-02-07,88.01203918457031,100.62999725341797,0.0,102.0999984741211,99.54000091552734,101.31999969482422,0.0,3471800
2019-02-08,88.09950256347656,100.7300033569336,0.0,100.91999816894531,99.06999969482422,99.44999694824219,0.0,2407700
2019-02-11,88.99163055419922,101.75,0.0,102.6500015258789,101.0199966430664,102.4000015258789,0.0,2232300
2019-02-12,91.011962890625,104.05999755859375,0.0,104.87999725341797,102.87999725341797,103.12999725341797,0.0,3693600
2019-02-13,91.32681274414062,104.41999816894531,0.0,105.08999633789062,103.47000122070312,104.43000030517578,0.0,2417100
2019-02-14,91.38803100585938,104.48999786376953,0.0,105.04000091552734,103.61000061035156,104.2300033569336,0.0,2971500
2019-02-15,92.48130798339844,105.73999786376953,0.0,105.83000183105469,104.29000091552734,105.37000274658203,0.0,2289400
2019-02-19,91.15191650390625,104.22000122070312,0.0,105.69999694824219,104.1500015258789,105.44000244140625,0.0,3722200
2019-02-20,93.42587280273438,106.81999969482422,0.0,108.27999877929688,104.70999908447266,105.0999984741211,0.0,4811700
2019-02-21,92.0789794921875,105.27999877929688,0.0,106.80000305175781,104.91999816894531,106.33000183105469,0.0,3518500
2019-02-22,92.62999725341797,105.91000366210938,0.0,106.33000183105469,105.19000244140625,106.08000183105469,0.0,2248000
2019-02-25,94.3704605102539,107.9000015258789,0.0,108.22000122070312,106.61000061035156,106.80000305175781,0.0,3987500
2019-02-26,93.7407455444336,107.18000030517578,0.0,107.86000061035156,106.80000305175781,107.36000061035156,0.0,2083400
2019-02-27,92.64749145507812,105.93000030517578,0.0,106.62000274658203,104.97000122070312,106.33000183105469,0.0,2617100
2019-02-28,94.02766418457031,106.95999908447266,0.54,107.22000122070312,104.94999694824219,104.94999694824219,0.0,3212300
2019-03-01,95.32869720458984,108.44000244140625,0.0,108.79000091552734,106.75,107.83999633789062,0.0,2821400
2019-03-04,95.52210998535156,108.66000366210938,0.0,109.4800033569336,106.76000213623047,109.0,0.0,2518100
2019-03-05,95.14411926269531,108.2300033569336,0.0,109.04000091552734,107.95999908447266,108.61000061035156,0.0,2843100
2019-03-06,93.87823486328125,106.79000091552734,0.0,108.66000366210938,106.55999755859375,108.31999969482422,0.0,2028000
2019-03-07,92.90242767333984,105.68000030517578,0.0,106.76000213623047,105.22000122070312,106.76000213623047,0.0,2507000
2019-03-08,92.66505432128906,105.41000366210938,0.0,105.68000030517578,104.12000274658203,104.75,0.0,4791700
2019-03-11,94.6606216430664,107.68000030517578,0.0,107.73999786376953,105.43000030517578,105.44999694824219,0.0,2884100
2019-03-12,94.86278533935547,107.91000366210938,0.0,108.55000305175781,106.66000366210938,107.66999816894531,0.0,2392000
2019-03-13,95.01222229003906,108.08000183105469,0.0,109.05999755859375,107.69000244140625,108.41999816894531,0.0,1814100
2019-03-14,95.16166687011719,108.25,0.0,108.38999938964844,107.12000274658203,108.38999938964844,0.0,1961300
2019-03-15,96.1638412475586,109.38999938964844,0.0,110.6500015258789,108.3499984741211,108.9800033569336,0.0,4574400
2019-03-18,95.95286560058594,109.1500015258789,0.0,110.37000274658203,108.43000030517578,109.02999877929688,0.0,2745900
2019-03-19,96.65613555908203,109.94999694824219,0.0,110.37999725341797,109.29000091552734,109.91000366210938,0.0,1944900
2019-03-20,95.4781494140625,108.61000061035156,0.0,110.2699966430664,108.12000274658203,109.97000122070312,0.0,2640800
2019-03-21,96.85831451416016,110.18000030517578,0.0,111.12000274658203,108.5,109.0,0.0,3724900
2019-03-22,94.4144515991211,107.4000015258789,0.0,109.98999786376953,107.31999969482422,109.79000091552734,0.0,2300200
2019-03-25,92.52440643310547,105.25,0.0,106.08999633789062,104.0,104.83999633789062,0.0,2690800
2019-03-26,94.15071868896484,107.0999984741211,0.0,107.13999938964844,105.72000122070312,106.02999877929688,0.0,3310000
2019-03-27,92.26947784423828,104.95999908447266,0.0,107.47000122070312,103.77999877929688,106.95999908447266,0.0,2621100
2019-03-28,91.48709106445312,104.06999969482422,0.0,105.63999938964844,103.30000305175781,105.05999755859375,0.0,2615200
2019-03-29,92.54198455810547,105.2699966430664,0.0,105.76000213623047,104.5999984741211,105.16999816894531,0.0,2777700
2019-04-01,95.18805694580078,108.27999877929688,0.0,108.62000274658203,106.26000213623047,106.5199966430664,0.0,3445800
2019-04-02,95.03860473632812,108.11000061035156,0.0,108.48999786376953,107.41000366210938,108.12999725341797,0.0,1684200
2019-04-03,96.55941009521484,109.83999633789062,0.0,111.05999755859375,109.16000366210938,109.62000274658203,0.0,2739500
2019-04-04,97.17479705810547,110.54000091552734,0.0,110.95999908447266,109.13999938964844,109.76000213623047,0.0,2435700
2019-04-05,97.98357391357422,111.45999908447266,0.0,111.80000305175781,110.55000305175781,111.08999633789062,0.0,2529000
2019-04-08,98.22970581054688,111.73999786376953,0.0,111.83000183105469,110.36000061035156,110.75,0.0,2237900
2019-04-09,97.13082885742188,110.48999786376953,0.0,111.7300033569336,110.08000183105469,111.5,0.0,1856900
2019-04-10,98.51981353759766,112.06999969482422,0.0,112.12000274658203,109.94999694824219,110.4000015258789,0.0,1966700
2019-04-11,98.30004119873047,111.81999969482422,0.0,112.68000030517578,111.16999816894531,112.37000274658203,0.0,1784900
2019-04-12,100.40106964111328,114.20999908447266,0.0,114.29000091552734,112.13999938964844,112.81999969482422,0.0,1984200
2019-04-15,99.28465270996094,112.94000244140625,0.0,114.58999633789062,112.62000274658203,114.44000244140625,0.0,1420500
2019-04-16,100.74392700195312,114.5999984741211,0.0,114.98999786376953,113.25,113.33000183105469,0.0,2298600
2019-04-17,100.56809997558594,114.4000015258789,0.0,115.93000030517578,113.8499984741211,115.08000183105469,0.0,2505900
2019-04-18,100.91094970703125,114.79000091552734,0.0,115.08999633789062,113.76000213623047,115.08999633789062,0.0,2052800
2019-04-22,99.87361907958984,113.61000061035156,0.0,114.5999984741211,113.44999694824219,114.41000366210938,0.0,2295900
2019-04-23,100.3131332397461,114.11000061035156,0.0,114.4000015258789,113.22000122070312,113.56999969482422,0.0,3437900
2019-04-24,103.10868072509766,117.29000091552734,0.0,118.54000091552734,114.1500015258789,114.77999877929688,0.0,5727100
2019-04-25,101.11312866210938,115.0199966430664,0.0,116.4000015258789,113.51000213623047,116.37999725341797,0.0,2952900
2019-04-26,100.60326385498047,114.44000244140625,0.0,114.58999633789062,112.16000366210938,113.25,0.0,2244900
2019-04-29,100.1109848022461,113.87999725341797,0.0,114.79000091552734,113.4000015258789,114.25,0.0,1877100
2019-04-30,102.18563079833984,116.23999786376953,0.0,116.83000183105469,113.93000030517578,114.45999908447266,0.0,2624800
2019-05-01,100.83182525634766,114.69999694824219,0.0,116.95999908447266,114.63999938964844,116.55999755859375,0.0,1601800
2019-05-02,102.81857299804688,116.95999908447266,0.0,117.41999816894531,114.55000305175781,114.83000183105469,0.0,2223200
2019-05-03,102.80976867675781,116.94999694824219,0.0,117.95999908447266,115.93000030517578,117.58000183105469,0.0,2476300
2019-05-06,101.03400421142578,114.93000030517578,0.0,115.38999938964844,113.4000015258789,114.06999969482422,0.0,2247800
2019-05-07,99.93514251708984,113.68000030517578,0.0,114.29000091552734,111.79000091552734,113.4000015258789,0.0,2965400
2019-05-08,97.18358612060547,110.55000305175781,0.0,112.97000122070312,110.47000122070312,112.45999908447266,0.0,3819500
2019-05-09,97.18358612060547,110.55000305175781,0.0,111.08999633789062,107.8499984741211,109.13999938964844,0.0,3408800
2019-05-10,97.2275161743164,110.5999984741211,0.0,111.1500015258789,107.68000030517578,110.20999908447266,0.0,2422000
2019-05-13,91.62775421142578,104.2300033569336,0.0,107.68000030517578,103.66000366210938,107.13999938964844,0.0,4900300
2019-05-14,93.84304809570312,106.75,0.0,107.20999908447266,104.9800033569336,105.16999816894531,0.0,2271900
2019-05-15,94.84521484375,107.88999938964844,0.0,108.83000183105469,105.52999877929688,105.58999633789062,0.0,2305600
2019-05-16,92.04090118408203,104.69999694824219,0.0,106.18000030517578,104.05999755859375,105.66000366210938,0.0,4409800
2019-05-17,88.63883209228516,100.83000183105469,0.0,103.86000061035156,100.19000244140625,103.22000122070312,0.0,5468000
2019-05-20,85.71145629882812,97.5,0.0,99.23999786376953,96.72000122070312,97.87999725341797,0.0,4506000
2019-05-21,87.8036880493164,99.87999725341797,0.0,101.75,99.0999984741211,101.41999816894531,0.0,4636600
2019-05-22,89.17507934570312,101.44000244140625,0.0,103.0999984741211,98.58999633789062,98.83999633789062,0.0,5187100
2019-05-23,86.79273986816406,98.7300033569336,0.0,100.55999755859375,97.5999984741211,99.4800033569336,0.0,3387300
2019-05-24,86.52020263671875,98.41999816894531,0.0,100.41999816894531,98.33000183105469,99.56999969482422,0.0,2283100
2019-05-28,85.36860656738281,97.11000061035156,0.0,99.13999938964844,96.76000213623047,98.66000366210938,0.0,3602400
2019-05-29,86.24768829345703,98.11000061035156,0.0,98.83000183105469,95.94000244140625,96.12000274658203,0.0,3051200
2019-05-30,86.68083953857422,98.05999755859375,0.54,99.56999969482422,97.37000274658203,97.81999969482422,0.0,2099600
2019-05-31,85.40792846679688,96.62000274658203,0.0,98.58999633789062,96.4800033569336,96.98999786376953,0.0,2156800
2019-06-03,84.9217300415039,96.06999969482422,0.0,98.31999969482422,95.51000213623047,97.30999755859375,0.0,2900000
2019-06-04,89.25316619873047,100.97000122070312,0.0,101.08000183105469,96.91000366210938,97.51000213623047,0.0,3588600
2019-06-05,88.28080749511719,99.87000274658203,0.0,102.43000030517578,98.43000030517578,101.63999938964844,0.0,1785600
2019-06-06,88.36918640136719,99.97000122070312,0.0,100.30999755859375,98.62999725341797,99.70999908447266,0.0,1881100
2019-06-07,89.00563049316406,100.69000244140625,0.0,100.98999786376953,99.7300033569336,100.66999816894531,0.0,3046400
2019-06-10,94.18562316894531,106.55000305175781,0.0,107.52999877929688,103.12999725341797,104.29000091552734,0.0,4179100
2019-06-11,92.96575927734375,105.16999816894531,0.0,108.55999755859375,104.66999816894531,107.66999816894531,0.0,2325100
2019-06-12,92.25859832763672,104.37000274658203,0.0,104.88999938964844,103.66000366210938,104.88999938964844,0.0,1506600
2019-06-13,93.50497436523438,105.77999877929688,0.0,105.87000274658203,104.48999786376953,104.77999877929688,0.0,1696200
2019-06-14,91.94921112060547,104.0199966430664,0.0,104.41000366210938,102.77999877929688,103.44000244140625,0.0,2327200
2019-06-17,92.90388488769531,105.0999984741211,0.0,105.77999877929688,103.47000122070312,104.19999694824219,0.0,1859200
2019-06-18,97.18223571777344,109.94000244140625,0.0,110.58999633789062,106.05000305175781,106.69000244140625,0.0,3190000
2019-06-19,98.15460205078125,111.04000091552734,0.0,111.52999877929688,109.5,110.48999786376953,0.0,2474500
2019-06-20,99.49819946289062,112.55999755859375,0.0,113.94000244140625,111.51000213623047,113.55000305175781,0.0,2437100
2019-06-21,100.47941589355469,113.66999816894531,0.0,114.36000061035156,111.52999877929688,112.12000274658203,0.0,4351300
2019-06-24,99.79875183105469,112.9000015258789,0.0,114.31999969482422,112.66000366210938,113.70999908447266,0.0,2052100
2019-06-25,97.4827880859375,110.27999877929688,0.0,113.54000091552734,109.8499984741211,113.01000213623047,0.0,2516200
2019-06-26,98.00430297851562,110.87000274658203,0.0,112.73999786376953,110.38999938964844,111.48999786376953,0.0,3823400
2019-06-27,99.74571228027344,112.83999633789062,0.0,113.72000122070312,111.27999877929688,111.69000244140625,0.0,2054000
2019-06-28,99.77224731445312,112.87000274658203,0.0,114.41999816894531,112.61000061035156,113.36000061035156,0.0,6136800
2019-07-01,101.65507507324219,115.0,0.0,118.13999938964844,114.41000366210938,117.16999816894531,0.0,2586300
2019-07-02,100.33798217773438,113.51000213623047,0.0,114.5,112.63999938964844,114.48999786376953,0.0,1357300
2019-07-03,100.03742218017578,113.16999816894531,0.0,113.66999816894531,111.86000061035156,113.62000274658203,0.0,1444500
2019-07-05,99.7634048461914,112.86000061035156,0.0,112.9800033569336,111.30999755859375,112.06999969482422,0.0,1022100
2019-07-08,98.85292053222656,111.83000183105469,0.0,112.62000274658203,111.43000030517578,112.19000244140625,0.0,1790500
2019-07-09,100.14349365234375,113.29000091552734,0.0,113.91999816894531,111.4000015258789,111.76000213623047,0.0,1952600
2019-07-10,100.77995300292969,114.01000213623047,0.0,115.7300033569336,112.94000244140625,114.68000030517578,0.0,1762000
2019-07-11,100.70038604736328,113.91999816894531,0.0,114.2699966430664,113.02999877929688,114.2699966430664,0.0,1414200
2019-07-12,102.7157974243164,116.19999694824219,0.0,116.26000213623047,114.22000122070312,114.22000122070312,0.0,2139300
2019-07-15,103.44065856933594,117.0199966430664,0.0,117.69000244140625,116.22000122070312,116.9000015258789,0.0,1228300
2019-07-16,102.06167602539062,115.45999908447266,0.0,116.08999633789062,114.16000366210938,116.0,0.0,2007400
2019-07-17,100.71807098388672,113.94000244140625,0.0,116.01000213623047,113.93000030517578,115.94000244140625,0.0,1545000
2019-07-18,102.5478744506836,116.01000213623047,0.0,116.25,113.25,114.0,0.0,2245000
2019-07-19,102.34454345703125,115.77999877929688,0.0,117.06999969482422,115.5199966430664,116.29000091552734,0.0,1558600
2019-07-22,104.05057525634766,117.70999908447266,0.0,118.08000183105469,115.55000305175781,116.05000305175781,0.0,1667000
2019-07-23,106.00413513183594,119.91999816894531,0.0,119.93000030517578,117.69000244140625,118.5,0.0,2307800
2019-07-24,110.1764144897461,124.63999938964844,0.0,124.79000091552734,120.51000213623047,121.0199966430664,0.0,4240300
2019-07-25,108.00186920166016,122.18000030517578,0.0,124.0999984741211,120.58000183105469,123.19000244140625,0.0,2675400
2019-07-26,107.6659927368164,121.80000305175781,0.0,123.04000091552734,121.70999908447266,122.77999877929688,0.0,1372900
2019-07-29,107.1444320678711,121.20999908447266,0.0,122.5,120.81999969482422,122.08000183105469,0.0,1694700
2019-07-30,106.9234390258789,120.95999908447266,0.0,121.37999725341797,119.56999969482422,120.30000305175781,0.0,1163000
2019-07-31,103.82958221435547,117.45999908447266,0.0,120.97000122070312,116.05999755859375,120.97000122070312,0.0,2460100
2019-08-01,101.17771911621094,114.45999908447266,0.0,120.1500015258789,113.11000061035156,117.77999877929688,0.0,2978600
2019-08-02,99.60428619384766,112.68000030517578,0.0,114.94000244140625,112.23999786376953,114.20999908447266,0.0,2717700
2019-08-05,95.14027404785156,107.62999725341797,0.0,109.8499984741211,106.13999938964844,109.44000244140625,0.0,3642300
2019-08-06,96.59882354736328,109.27999877929688,0.0,110.38999938964844,108.12999725341797,108.86000061035156,0.0,2868500
2019-08-07,97.07615661621094,109.81999969482422,0.0,110.26000213623047,107.16000366210938,107.8499984741211,0.0,2048700
2019-08-08,99.2948989868164,112.33000183105469,0.0,112.45999908447266,109.4000015258789,110.22000122070312,0.0,1837600
2019-08-09,97.8187026977539,110.66000366210938,0.0,111.8499984741211,109.77999877929688,111.2300033569336,0.0,1713700
2019-08-12,96.31594848632812,108.95999908447266,0.0,110.62000274658203,108.27999877929688,110.22000122070312,0.0,1395200
2019-08-13,99.90481567382812,113.0199966430664,0.0,113.58000183105469,108.13999938964844,109.11000061035156,0.0,3047900
2019-08-14,97.50932312011719,110.30999755859375,0.0,111.70999908447266,109.55000305175781,110.58000183105469,0.0,1840600
2019-08-15,95.86514282226562,108.44999694824219,0.0,110.94999694824219,107.80999755859375,110.61000061035156,0.0,2161500
2019-08-16,97.69493865966797,110.5199966430664,0.0,111.25,109.19999694824219,109.80999755859375,0.0,2576200
2019-08-19,98.26950073242188,111.16999816894531,0.0,113.72000122070312,110.80999755859375,113.05999755859375,0.0,2784500
2019-08-20,97.49163055419922,110.29000091552734,0.0,111.45999908447266,109.93000030517578,110.37000274658203,0.0,2254700
2019-08-21,95.98888397216797,108.58999633789062,0.0,111.69999694824219,107.77999877929688,109.0,0.0,3236500
2019-08-22,96.02424621582031,108.62999725341797,0.0,109.4000015258789,107.22000122070312,108.55000305175781,0.0,2761400
2019-08-23,92.08179473876953,104.16999816894531,0.0,107.51000213623047,103.72000122070312,106.9800033569336,0.0,4382700
2019-08-26,93.7259750366211,106.02999877929688,0.0,106.08999633789062,105.0,105.56999969482422,0.0,2510400
2019-08-27,94.62761688232422,107.05000305175781,0.0,107.79000091552734,106.31999969482422,107.29000091552734,0.0,2222700
2019-08-28,95.493896484375,108.02999877929688,0.0,108.05999755859375,105.83000183105469,106.44000244140625,0.0,1553300
2019-08-29,96.8531265258789,109.0199966430664,0.54,110.37000274658203,108.83999633789062,109.26000213623047,0.0,1949100
2019-08-30,97.57273864746094,109.83000183105469,0.0,110.95999908447266,109.16999816894531,109.95999908447266,0.0,1881700
2019-09-03,94.50776672363281,106.37999725341797,0.0,108.94999694824219,105.83000183105469,108.70999908447266,0.0,2607300
2019-09-04,97.00415802001953,109.19000244140625,0.0,109.2300033569336,108.13999938964844,108.20999908447266,0.0,1181100
2019-09-05,100.40672302246094,113.0199966430664,0.0,113.9000015258789,111.0999984741211,111.2699966430664,0.0,2294800
2019-09-06,100.09577178955078,112.66999816894531,0.0,113.55000305175781,112.43000030517578,113.2300033569336,0.0,1217100
2019-09-09,100.27347564697266,112.87000274658203,0.0,113.7699966430664,112.27999877929688,113.19000244140625,0.0,1208600
2019-09-10,101.25959014892578,113.9800033569336,0.0,113.9800033569336,111.25,112.36000061035156,0.0,1459700
2019-09-11,102.2012710571289,115.04000091552734,0.0,116.37999725341797,113.20999908447266,114.02999877929688,0.0,2387300
2019-09-12,103.24070739746094,116.20999908447266,0.0,118.45999908447266,115.52999877929688,118.0,0.0,2053700
2019-09-13,103.51609802246094,116.5199966430664,0.0,116.98999786376953,115.41999816894531,116.02999877929688,0.0,1646300
2019-09-16,102.39674377441406,115.26000213623047,0.0,115.80999755859375,114.56999969482422,115.18000030517578,0.0,1192000
2019-09-17,102.41449737548828,115.27999877929688,0.0,115.87000274658203,114.44000244140625,114.9800033569336,0.0,1426800
2019-09-18,103.55164337158203,116.55999755859375,0.0,116.62000274658203,114.81999969482422,115.20999908447266,0.0,1350500
2019-09-19,102.94752502441406,115.87999725341797,0.0,116.83999633789062,115.06999969482422,116.0999984741211,0.0,1636000
2019-09-20,102.45893096923828,115.33000183105469,0.0,116.62000274658203,114.62000274658203,115.76000213623047,0.0,3204100
2019-09-23,101.53498077392578,114.29000091552734,0.0,115.13999938964844,113.4000015258789,114.94999694824219,0.0,1593900
2019-09-24,98.5766372680664,110.95999908447266,0.0,115.05999755859375,110.61000061035156,115.04000091552734,0.0,2916400
2019-09-25,100.10466766357422,112.68000030517578,0.0,113.05999755859375,109.76000213623047,111.13999938964844,0.0,2349700
2019-09-26,100.51334381103516,113.13999938964844,0.0,113.44000244140625,111.66999816894531,112.8499984741211,0.0,1020500
2019-09-27,98.647705078125,111.04000091552734,0.0,113.86000061035156,110.37000274658203,112.95999908447266,0.0,1517800
2019-09-30,99.26068115234375,111.7300033569336,0.0,112.23999786376953,110.54000091552734,112.1500015258789,0.0,2276600
2019-10-01,97.5282974243164,109.77999877929688,0.0,116.19000244140625,109.55999755859375,114.80999755859375,0.0,2901800
2019-10-02,96.80870819091797,108.97000122070312,0.0,109.80999755859375,108.11000061035156,109.12999725341797,0.0,1545800
2019-10-03,98.49665069580078,110.87000274658203,0.0,111.30000305175781,108.0,108.87000274658203,0.0,1816100
2019-10-04,100.41561126708984,113.02999877929688,0.0,113.22000122070312,111.19000244140625,111.8499984741211,0.0,1437500
2019-10-07,98.47000885009766,110.83999633789062,0.0,113.29000091552734,110.77999877929688,112.91999816894531,0.0,1658300
2019-10-08,94.28565216064453,106.12999725341797,0.0,110.36000061035156,106.08999633789062,109.98999786376953,0.0,3196500
2019-10-09,96.0091552734375,108.06999969482422,0.0,108.87000274658203,106.77999877929688,107.7699966430664,0.0,1869200
2019-10-10,96.33787536621094,108.44000244140625,0.0,109.7699966430664,107.5199966430664,107.80000305175781,0.0,1883200
2019-10-11,98.80760192871094,111.22000122070312,0.0,112.72000122070312,109.7300033569336,109.7300033569336,0.0,2613900
2019-10-14,98.02580261230469,110.33999633789062,0.0,111.0,109.98999786376953,110.56999969482422,0.0,1755600
2019-10-15,100.64659118652344,113.29000091552734,0.0,113.41000366210938,110.5,110.75,0.0,2615400
2019-10-16,98.24793243408203,110.58999633789062,0.0,113.25,110.38999938964844,112.70999908447266,0.0,1928100
2019-10-17,97.72373962402344,110.0,0.0,112.26000213623047,109.62999725341797,111.7699966430664,0.0,1494100
2019-10-18,97.26180267333984,109.4800033569336,0.0,110.43000030517578,108.41999816894531,110.16999816894531,0.0,1444800
2019-10-21,98.70988464355469,111.11000061035156,0.0,111.4800033569336,109.98999786376953,110.19000244140625,0.0,1327300
2019-10-22,98.50554656982422,110.87999725341797,0.0,112.23999786376953,110.7300033569336,111.25,0.0,1641100
2019-10-23,93.78814697265625,105.56999969482422,0.0,107.75,104.58000183105469,107.5,0.0,4584000
2019-10-24,93.5660629272461,105.31999969482422,0.0,106.68000030517578,104.91999816894531,106.37000274658203,0.0,3038400
2019-10-25,94.90753936767578,106.83000183105469,0.0,107.02999877929688,105.12000274658203,105.55000305175781,0.0,1867700
2019-10-28,96.68433380126953,108.83000183105469,0.0,109.08000183105469,107.41999816894531,107.69999694824219,0.0,2085000
2019-10-29,95.99139404296875,108.05000305175781,0.0,110.12000274658203,107.83999633789062,109.23999786376953,0.0,2765800
2019-10-30,96.16905975341797,108.25,0.0,110.98999786376953,107.7699966430664,110.51000213623047,0.0,2543700
2019-10-31,94.7298583984375,106.62999725341797,0.0,107.69999694824219,104.94999694824219,107.69999694824219,0.0,3847400
2019-11-01,97.16407012939453,109.37000274658203,0.0,109.91999816894531,107.55999755859375,107.62000274658203,0.0,1991800
2019-11-04,98.9586181640625,111.38999938964844,0.0,112.26000213623047,110.3499984741211,111.06999969482422,0.0,1681300
2019-11-05,100.78874206542969,113.44999694824219,0.0,114.43000030517578,111.33999633789062,111.47000122070312,0.0,3043500
2019-11-06,99.52720642089844,112.02999877929688,0.0,113.22000122070312,110.6500015258789,113.0,0.0,1676800
2019-11-07,99.7581787109375,112.29000091552734,0.0,113.81999969482422,111.52999877929688,113.7699966430664,0.0,1139200
2019-11-08,100.40672302246094,113.0199966430664,0.0,113.04000091552734,111.16999816894531,111.9800033569336,0.0,1123900
2019-11-11,99.98916625976562,112.55000305175781,0.0,112.73999786376953,111.41999816894531,112.55000305175781,0.0,1263500
2019-11-12,100.61993408203125,113.26000213623047,0.0,114.01000213623047,112.73999786376953,113.02999877929688,0.0,2277100
2019-11-13,101.42838287353516,114.16999816894531,0.0,114.38999938964844,111.91000366210938,112.26000213623047,0.0,1683600
2019-11-14,100.6732406616211,113.31999969482422,0.0,113.69999694824219,112.54000091552734,113.69999694824219,0.0,1102200
2019-11-15,100.74430847167969,113.4000015258789,0.0,114.94999694824219,112.58999633789062,114.69999694824219,0.0,1767400
2019-11-18,99.47390747070312,111.97000122070312,0.0,113.02999877929688,111.69999694824219,113.02999877929688,0.0,1845200
2019-11-19,99.242919921875,111.70999908447266,0.0,113.02999877929688,111.56999969482422,112.7300033569336,0.0,1876200
2019-11-20,96.46224975585938,108.58000183105469,0.0,110.83000183105469,108.22000122070312,110.80000305175781,0.0,2987600
2019-11-21,96.63992309570312,108.77999877929688,0.0,109.23999786376953,107.8499984741211,109.05999755859375,0.0,2903000
2019-11-22,98.30123138427734,110.6500015258789,0.0,111.08000183105469,109.13999938964844,111.08000183105469,0.0,1783600
2019-11-25,100.32677459716797,112.93000030517578,0.0,113.47000122070312,111.31999969482422,111.62000274658203,0.0,3030500
2019-11-26,102.06803131103516,114.88999938964844,0.0,115.44999694824219,107.51000213623047,108.62000274658203,0.0,7432900
2019-11-27,101.0108413696289,113.69999694824219,0.0,116.30999755859375,113.02999877929688,116.11000061035156,0.0,3948800
2019-11-29,100.34452819824219,112.94999694824219,0.0,114.38999938964844,112.44000244140625,113.02999877929688,0.0,1036700
2019-12-02,98.84314727783203,111.26000213623047,0.0,113.36000061035156,110.93000030517578,113.05999755859375,0.0,1715800
2019-12-03,97.94588470458984,110.25,0.0,110.43000030517578,108.66999816894531,109.54000091552734,0.0,2108500
2019-12-04,101.62383270263672,114.38999938964844,0.0,114.51000213623047,111.80000305175781,111.80000305175781,0.0,2890100
2019-12-05,101.24891662597656,113.43000030517578,0.54,115.2300033569336,113.16000366210938,113.94999694824219,0.0,2443400
2019-12-06,103.44474029541016,115.88999938964844,0.0,116.0999984741211,114.4000015258789,114.73999786376953,0.0,2150300
2019-12-09,102.3111572265625,114.62000274658203,0.0,115.77999877929688,114.51000213623047,115.77999877929688,0.0,1551800
2019-12-10,102.12370300292969,114.41000366210938,0.0,115.44000244140625,114.02999877929688,114.58000183105469,0.0,2815900
2019-12-11,103.40904998779297,115.8499984741211,0.0,116.48999786376953,114.79000091552734,114.94999694824219,0.0,2203200
2019-12-12,105.15856170654297,117.80999755859375,0.0,118.66000366210938,115.61000061035156,115.87000274658203,0.0,2424000
2019-12-13,106.01548767089844,118.7699966430664,0.0,119.47000122070312,116.9000015258789,117.58000183105469,0.0,1644300
2019-12-16,106.0958251953125,118.86000061035156,0.0,120.5,118.48999786376953,119.5199966430664,0.0,2062500
2019-12-17,106.06011962890625,118.81999969482422,0.0,119.41000366210938,118.06999969482422,118.91000366210938,0.0,1467400
2019-12-18,104.43555450439453,117.0,0.0,119.52999877929688,116.86000061035156,118.88999938964844,0.0,2708400
2019-12-19,105.9530029296875,118.69999694824219,0.0,118.81999969482422,117.12999725341797,117.37999725341797,0.0,1591000
2019-12-20,106.9527359008789,119.81999969482422,0.0,120.22000122070312,117.9000015258789,120.18000030517578,0.0,4449000
2019-12-23,106.37252807617188,119.16999816894531,0.0,120.55000305175781,119.02999877929688,120.0,0.0,1565700
2019-12-24,106.86346435546875,119.72000122070312,0.0,119.87999725341797,119.11000061035156,119.26000213623047,0.0,487800
2019-12-26,106.87239837646484,119.7300033569336,0.0,120.12999725341797,119.26000213623047,119.66999816894531,0.0,912600
2019-12-27,106.62245178222656,119.44999694824219,0.0,120.0,118.98999786376953,119.72000122070312,0.0,1360900
2019-12-30,106.0958251953125,118.86000061035156,0.0,119.44999694824219,117.94000244140625,119.27999877929688,0.0,1107300
2019-12-31,106.07794952392578,118.83999633789062,0.0,119.13999938964844,118.13999938964844,118.81999969482422,0.0,963500
2020-01-02,107.49723052978516,120.43000030517578,0.0,120.6500015258789,118.73999786376953,120.11000061035156,0.0,1279300
2020-01-03,105.60486602783203,118.30999755859375,0.0,119.66999816894531,117.7300033569336,118.0,0.0,1374400
2020-01-06,104.36415100097656,116.91999816894531,0.0,117.31999969482422,115.61000061035156,116.25,0.0,1979400
2020-01-07,106.73851776123047,119.58000183105469,0.0,120.87999725341797,118.4000015258789,118.9000015258789,0.0,2214700
2020-01-08,107.70252227783203,120.66000366210938,0.0,121.45999908447266,119.69000244140625,120.30999755859375,0.0,2036500
2020-01-09,107.70252227783203,120.66000366210938,0.0,121.69000244140625,119.73999786376953,121.62999725341797,0.0,1418500
2020-01-10,105.83696746826172,118.56999969482422,0.0,120.80999755859375,118.37000274658203,120.80000305175781,0.0,1610500
2020-01-13,106.27433776855469,119.05999755859375,0.0,119.63999938964844,118.22000122070312,118.77999877929688,0.0,1357600
2020-01-14,106.6938705444336,119.52999877929688,0.0,120.58999633789062,118.69999694824219,118.9800033569336,0.0,1326800
2020-01-15,104.89080047607422,117.51000213623047,0.0,119.41000366210938,117.2300033569336,119.41000366210938,0.0,1729200
2020-01-16,106.33680725097656,119.12999725341797,0.0,119.22000122070312,118.01000213623047,118.4800033569336,0.0,1413600
2020-01-17,106.64029693603516,119.47000122070312,0.0,119.91999816894531,119.0199966430664,119.75,0.0,2303300
2020-01-21,106.49748229980469,119.30999755859375,0.0,119.66999816894531,118.0,118.19000244140625,0.0,2548400
2020-01-22,107.48828887939453,120.41999816894531,0.0,121.05000305175781,119.27999877929688,119.63999938964844,0.0,1654700
2020-01-23,107.88105773925781,120.86000061035156,0.0,121.06999969482422,118.8499984741211,120.41999816894531,0.0,2170200
2020-01-24,104.94434356689453,117.56999969482422,0.0,122.19999694824219,116.9000015258789,121.77999877929688,0.0,1972200
2020-01-27,100.15995788574219,112.20999908447266,0.0,114.9800033569336,112.19999694824219,114.6500015258789,0.0,2737800
2020-01-28,102.03441619873047,114.30999755859375,0.0,114.58999633789062,113.05000305175781,114.02999877929688,0.0,2670500
2020-01-29,101.07041931152344,113.2300033569336,0.0,114.47000122070312,112.5999984741211,114.30999755859375,0.0,3500900
2020-01-30,100.30274963378906,112.37000274658203,0.0,113.5,110.95999908447266,112.2300033569336,0.0,2761000
2020-01-31,97.9641342163086,109.75,0.0,111.72000122070312,109.19999694824219,111.66000366210938,0.0,3245400
2020-02-03,98.18726348876953,110.0,0.0,111.61000061035156,109.55000305175781,110.69999694824219,0.0,2134800
2020-02-04,100.38309478759766,112.45999908447266,0.0,113.37999725341797,111.62000274658203,112.26000213623047,0.0,2249800
2020-02-05,104.14994049072266,116.68000030517578,0.0,117.05999755859375,114.11000061035156,115.08000183105469,0.0,2192400
2020-02-06,103.35549926757812,115.79000091552734,0.0,117.19000244140625,115.3499984741211,116.94000244140625,0.0,1398100
2020-02-07,100.2135009765625,112.2699966430664,0.0,115.13999938964844,112.11000061035156,115.0,0.0,1663800
2020-02-10,100.77584838867188,112.9000015258789,0.0,112.9000015258789,110.44999694824219,110.91000366210938,0.0,1813900
2020-02-11,104.32844543457031,116.87999725341797,0.0,117.7699966430664,113.44999694824219,113.44999694824219,0.0,2765500
2020-02-12,106.05117797851562,118.80999755859375,0.0,119.05000305175781,117.29000091552734,117.41000366210938,0.0,1856000
2020-02-13,106.11366271972656,118.87999725341797,0.0,119.04000091552734,116.94999694824219,118.2300033569336,0.0,2391100
2020-02-14,105.01576232910156,117.6500015258789,0.0,119.37000274658203,116.69999694824219,119.05000305175781,0.0,1869000
2020-02-18,105.83696746826172,118.56999969482422,0.0,118.88999938964844,116.06999969482422,116.2300033569336,0.0,3074300
2020-02-19,110.58565521240234,123.88999938964844,0.0,127.30000305175781,122.38999938964844,125.05999755859375,0.0,4598900
2020-02-20,111.17479705810547,124.55000305175781,0.0,125.56999969482422,122.37000274658203,124.4000015258789,0.0,3062400
2020-02-21,109.57698059082031,122.76000213623047,0.0,123.97000122070312,120.80999755859375,122.91999816894531,0.0,2813700
2020-02-24,104.75686645507812,117.36000061035156,0.0,119.69000244140625,116.97000122070312,119.33999633789062,0.0,3041400
2020-02-25,102.34685516357422,114.66000366210938,0.0,118.77999877929688,113.37999725341797,118.54000091552734,0.0,3251400
2020-02-26,102.50749206542969,114.83999633789062,0.0,117.38999938964844,114.29000091552734,115.9800033569336,0.0,2896600
2020-02-27,96.67403411865234,107.72000122070312,0.62,113.70999908447266,107.56999969482422,111.81999969482422,0.0,3541300
2020-02-28,97.86764526367188,109.05000305175781,0.0,110.05999755859375,103.5,103.95999908447266,0.0,6033200
2020-03-02,99.8600082397461,111.2699966430664,0.0,111.44000244140625,107.23999786376953,110.08999633789062,0.0,3979400
2020-03-03,96.20736694335938,107.19999694824219,0.0,113.19000244140625,106.56999969482422,110.12999725341797,0.0,3416000
2020-03-04,100.92798614501953,112.45999908447266,0.0,112.54000091552734,106.68000030517578,109.0,0.0,2181000
2020-03-05,97.70610809326172,108.87000274658203,0.0,112.06999969482422,107.91999816894531,109.02999877929688,0.0,2197200
2020-03-06,96.02786254882812,107.0,0.0,107.45999908447266,104.51000213623047,105.0,0.0,3801200
2020-03-09,87.51101684570312,97.51000213623047,0.0,103.61000061035156,97.11000061035156,99.61000061035156,0.0,4936400
2020-03-10,91.93547821044922,102.44000244140625,0.0,102.54000091552734,96.12000274658203,100.12999725341797,0.0,4355300
2020-03-11,84.7289047241211,94.41000366210938,0.0,100.6500015258789,93.95999908447266,99.4800033569336,0.0,4167900
2020-03-12,80.78006744384766,90.01000213623047,0.0,95.36000061035156,87.25,89.79000091552734,0.0,8483800
2020-03-13,89.5572280883789,99.79000091552734,0.0,100.45999908447266,89.36000061035156,94.87999725341797,0.0,6399300
2020-03-16,74.6773681640625,83.20999908447266,0.0,92.86000061035156,83.0199966430664,89.83999633789062,0.0,7287000
2020-03-17,85.65327453613281,95.44000244140625,0.0,96.9000015258789,82.31999969482422,86.13999938964844,0.0,5555700
2020-03-18,73.7978744506836,82.2300033569336,0.0,92.48999786376953,79.08000183105469,87.44000244140625,0.0,5725800
2020-03-19,81.05828094482422,90.31999969482422,0.0,91.69999694824219,79.44000244140625,82.44000244140625,0.0,4465000
2020-03-20,76.35562133789062,85.08000183105469,0.0,93.37000274658203,84.87999725341797,92.41000366210938,0.0,4567500
2020-03-23,76.42744445800781,85.16000366210938,0.0,87.51000213623047,80.51000213623047,85.77999877929688,0.0,4063700
2020-03-24,84.11863708496094,93.7300033569336,0.0,94.0,87.44000244140625,89.77999877929688,0.0,3651400
2020-03-25,84.68401336669922,94.36000061035156,0.0,97.44000244140625,89.73999786376953,92.66000366210938,0.0,3859600
2020-03-26,83.12245178222656,92.62000274658203,0.0,96.5,90.86000061035156,94.52999877929688,0.0,5063600
2020-03-27,79.57748413085938,88.66999816894531,0.0,92.62999725341797,88.26000213623047,89.26000213623047,0.0,3009900
2020-03-30,81.64164733886719,90.97000122070312,0.0,91.47000122070312,87.5999984741211,89.54000091552734,0.0,3268200
2020-03-31,80.45699310302734,89.6500015258789,0.0,92.2699966430664,89.18000030517578,90.55999755859375,0.0,3432100
2020-04-01,75.46713256835938,84.08999633789062,0.0,88.11000061035156,83.66999816894531,86.04000091552734,0.0,3231900
2020-04-02,78.70696258544922,87.69999694824219,0.0,88.2699966430664,82.9000015258789,83.12999725341797,0.0,3638200
2020-04-03,77.6838607788086,86.55999755859375,0.0,88.80000305175781,85.33999633789062,87.38999938964844,0.0,2253800
2020-04-06,85.97637939453125,95.80000305175781,0.0,96.30000305175781,89.91999816894531,90.13999938964844,0.0,3673600
2020-04-07,86.38021850585938,96.25,0.0,100.91999816894531,95.8499984741211,99.0199966430664,0.0,3814800
2020-04-08,91.00212097167969,101.4000015258789,0.0,101.55999755859375,95.75,97.22000122070312,0.0,3001300
2020-04-09,88.6597671508789,98.79000091552734,0.0,103.56999969482422,97.87000274658203,101.33999633789062,0.0,2806200
2020-04-13,89.44950866699219,99.66999816894531,0.0,100.22000122070312,97.33000183105469,97.5199966430664,0.0,2348300
2020-04-14,92.45597839355469,103.0199966430664,0.0,103.30000305175781,100.06999969482422,101.80000305175781,0.0,3177900
2020-04-15,90.14954376220703,100.44999694824219,0.0,101.16000366210938,98.2699966430664,100.7300033569336,0.0,1884100
2020-04-16,91.38801574707031,101.83000183105469,0.0,102.33999633789062,99.11000061035156,101.5199966430664,0.0,2621700
2020-04-17,92.25855255126953,102.80000305175781,0.0,104.7300033569336,101.38999938964844,103.95999908447266,0.0,1917000
2020-04-20,90.56236267089844,100.91000366210938,0.0,103.02999877929688,100.0,102.16000366210938,0.0,1498300
2020-04-21,86.57769012451172,96.47000122070312,0.0,99.06999969482422,96.05000305175781,98.05999755859375,0.0,4028000
2020-04-22,91.64830017089844,102.12000274658203,0.0,102.72000122070312,99.26000213623047,99.93000030517578,0.0,3170600
2020-04-23,91.37007141113281,101.80999755859375,0.0,103.94000244140625,101.12000274658203,102.08000183105469,0.0,2585200
2020-04-24,95.05860137939453,105.91999816894531,0.0,106.43000030517578,101.61000061035156,101.61000061035156,0.0,2899900
2020-04-27,96.95226287841797,108.02999877929688,0.0,108.55999755859375,106.22000122070312,106.61000061035156,0.0,1848900
2020-04-28,96.57530212402344,107.61000061035156,0.0,111.80000305175781,107.48999786376953,110.93000030517578,0.0,1648700
2020-04-29,101.71775817871094,113.33999633789062,0.0,114.05999755859375,109.19999694824219,109.33999633789062,0.0,2544300
2020-04-30,98.36125183105469,109.5999984741211,0.0,113.0,109.3499984741211,111.44999694824219,0.0,2455900
2020-05-01,93.01242065429688,103.63999938964844,0.0,107.29000091552734,103.2300033569336,106.37000274658203,0.0,2782100
2020-05-04,92.79703521728516,103.4000015258789,0.0,103.83999633789062,100.98999786376953,103.12999725341797,0.0,2550500
2020-05-05,95.07658386230469,105.94000244140625,0.0,107.30000305175781,105.13999938964844,105.73999786376953,0.0,1818400
2020-05-06,94.45733642578125,105.25,0.0,107.69999694824219,104.80000305175781,106.83000183105469,0.0,1328700
2020-05-07,95.44451904296875,106.3499984741211,0.0,107.73999786376953,105.83000183105469,106.95999908447266,0.0,1159000
2020-05-08,98.56768798828125,109.83000183105469,0.0,109.87000274658203,106.5,107.12000274658203,0.0,1286200
2020-05-11,97.30224609375,108.41999816894531,0.0,109.44000244140625,107.25,108.04000091552734,0.0,1436600
2020-05-12,95.66889953613281,106.5999984741211,0.0,110.66000366210938,106.44999694824219,109.37999725341797,0.0,2018400
2020-05-13,93.15599822998047,103.80000305175781,0.0,107.37999725341797,102.36000061035156,106.51000213623047,0.0,2470100
2020-05-14,94.67272186279297,105.48999786376953,0.0,105.56999969482422,100.45999908447266,103.51000213623047,0.0,2053000
2020-05-15,91.3611068725586,101.80000305175781,0.0,103.55999755859375,100.08999633789062,103.05000305175781,0.0,4237500
2020-05-18,97.23043823242188,108.33999633789062,0.0,109.16000366210938,104.56999969482422,105.08000183105469,0.0,2536200
2020-05-19,95.42658233642578,106.33000183105469,0.0,110.37999725341797,106.11000061035156,107.80999755859375,0.0,3591500
2020-05-20,102.82161712646484,114.56999969482422,0.0,115.56999969482422,110.86000061035156,111.69000244140625,0.0,4753400
2020-05-21,99.62667846679688,111.01000213623047,0.0,114.23999786376953,110.0999984741211,113.41999816894531,0.0,3021000
2020-05-22,99.67156219482422,111.05999755859375,0.0,111.80000305175781,109.5199966430664,110.76000213623047,0.0,1764900
2020-05-26,101.14336395263672,112.69999694824219,0.0,115.23999786376953,112.55000305175781,113.87000274658203,0.0,2112200
2020-05-27,102.92034149169922,114.68000030517578,0.0,115.38999938964844,111.62999725341797,113.81999969482422,0.0,1825600
2020-05-28,100.12312316894531,110.95999908447266,0.62,114.36000061035156,110.45999908447266,114.16999816894531,0.0,2274200
2020-05-29,101.91876220703125,112.94999694824219,0.0,113.30999755859375,110.41000366210938,111.30999755859375,0.0,2913300
2020-06-01,101.7653579711914,112.77999877929688,0.0,113.44000244140625,111.33000183105469,112.37000274658203,0.0,1209500
2020-06-02,105.39273834228516,116.80000305175781,0.0,116.87000274658203,112.44000244140625,113.0,0.0,3112600
2020-06-03,109.74199676513672,121.62000274658203,0.0,122.87000274658203,118.38999938964844,118.8499984741211,0.0,3762300
2020-06-04,110.42778015136719,122.37999725341797,0.0,122.86000061035156,119.87000274658203,119.87000274658203,0.0,1653200
2020-06-05,112.42192077636719,124.58999633789062,0.0,127.38999938964844,123.95999908447266,124.8499984741211,0.0,3549800
2020-06-08,111.62787628173828,123.70999908447266,0.0,125.3499984741211,122.83000183105469,125.0,0.0,1809800
2020-06-09,111.33911895751953,123.38999938964844,0.0,124.36000061035156,121.56999969482422,122.05000305175781,0.0,2471500
2020-06-10,110.87893676757812,122.87999725341797,0.0,124.58000183105469,121.98999786376953,124.19000244140625,0.0,1892700
2020-06-11,104.35504913330078,115.6500015258789,0.0,121.18000030517578,115.43000030517578,120.95999908447266,0.0,3210500
2020-06-12,106.84548950195312,118.41000366210938,0.0,119.69999694824219,115.5,119.51000213623047,0.0,3138700
2020-06-15,106.92670440673828,118.5,0.0,118.66999816894531,115.06999969482422,116.1500015258789,0.0,1695500
2020-06-16,110.7074966430664,122.69000244140625,0.0,124.3499984741211,120.19999694824219,123.62999725341797,0.0,2706300
2020-06-17,110.5631103515625,122.52999877929688,0.0,123.73999786376953,121.8499984741211,122.58999633789062,0.0,1478900
2020-06-18,110.81576538085938,122.80999755859375,0.0,123.47000122070312,121.98999786376953,122.36000061035156,0.0,1248700
2020-06-19,108.44263458251953,120.18000030517578,0.0,124.38999938964844,119.94000244140625,124.38999938964844,0.0,4495800
2020-06-22,108.73137664794922,120.5,0.0,120.7300033569336,118.3499984741211,120.0199966430664,0.0,2034600
2020-06-23,111.21281433105469,123.25,0.0,124.51000213623047,120.97000122070312,122.5,0.0,2693900
2020-06-24,107.8019790649414,119.47000122070312,0.0,122.61000061035156,118.62999725341797,122.37999725341797,0.0,2102900
2020-06-25,108.37044525146484,120.0999984741211,0.0,120.30000305175781,117.61000061035156,119.81999969482422,0.0,1809100
2020-06-26,106.3582534790039,117.87000274658203,0.0,120.0199966430664,117.13999938964844,119.87000274658203,0.0,2264100
2020-06-29,107.37787628173828,119.0,0.0,119.30999755859375,117.11000061035156,118.91000366210938,0.0,1406200
2020-06-30,110.66236877441406,122.63999938964844,0.0,123.19999694824219,119.01000213623047,119.5199966430664,0.0,2400500
2020-07-01,108.61408996582031,120.37000274658203,0.0,122.41999816894531,120.30000305175781,122.29000091552734,0.0,1587300
2020-07-02,109.39910888671875,121.23999786376953,0.0,122.80999755859375,120.73999786376953,122.41000366210938,0.0,1624100
2020-07-06,111.54667663574219,123.62000274658203,0.0,124.51000213623047,122.87999725341797,122.95999908447266,0.0,1273300
2020-07-07,110.64433288574219,122.62000274658203,0.0,124.36000061035156,121.54000091552734,121.69000244140625,0.0,1920300
2020-07-08,110.86088562011719,122.86000061035156,0.0,123.5999984741211,120.98999786376953,123.06999969482422,0.0,1818900
2020-07-09,112.06098937988281,124.19000244140625,0.0,125.04000091552734,121.04000091552734,122.47000122070312,0.0,1840900
2020-07-10,112.34070587158203,124.5,0.0,125.08000183105469,122.80999755859375,124.41000366210938,0.0,1769000
2020-07-13,105.79878234863281,117.25,0.0,122.93000030517578,116.45999908447266,121.7300033569336,0.0,14320000
2020-07-14,106.48455047607422,118.01000213623047,0.0,118.27999877929688,113.80999755859375,116.19000244140625,0.0,6274100
2020-07-15,106.38530731201172,117.9000015258789,0.0,119.36000061035156,116.95999908447266,119.26000213623047,0.0,4159200
2020-07-16,104.65283203125,115.9800033569336,0.0,116.9000015258789,114.91000366210938,116.72000122070312,0.0,4183100
2020-07-17,105.34762573242188,116.75,0.0,117.16999816894531,115.76000213623047,116.45999908447266,0.0,2709200
2020-07-20,105.6273422241211,117.05999755859375,0.0,117.8499984741211,115.54000091552734,117.04000091552734,0.0,3532200
2020-07-21,103.3895492553711,114.58000183105469,0.0,117.48999786376953,113.88999938964844,117.29000091552734,0.0,5033300
2020-07-22,102.75791931152344,113.87999725341797,0.0,115.01000213623047,113.05000305175781,114.63999938964844,0.0,4271300
2020-07-23,101.00738525390625,111.94000244140625,0.0,113.98999786376953,110.47000122070312,113.55999755859375,0.0,4216300
2020-07-24,101.25100708007812,112.20999908447266,0.0,113.97000122070312,110.83999633789062,110.98999786376953,0.0,3736100
2020-07-27,104.49039459228516,115.80000305175781,0.0,116.08000183105469,112.91000366210938,113.12000274658203,0.0,3977500
2020-07-28,104.15653228759766,115.43000030517578,0.0,115.98999786376953,113.7699966430664,114.7699966430664,0.0,4393700
2020-07-29,106.05144500732422,117.52999877929688,0.0,117.76000213623047,115.61000061035156,115.95999908447266,0.0,3944200
2020-07-30,104.94156646728516,116.30000305175781,0.0,116.55999755859375,114.16999816894531,114.73999786376953,0.0,3164100
2020-07-31,103.6331787109375,114.8499984741211,0.0,116.52999877929688,113.37000274658203,116.52999877929688,0.0,3293300
2020-08-03,105.18519592285156,116.56999969482422,0.0,116.80999755859375,115.11000061035156,115.87000274658203,0.0,3068200
2020-08-04,105.73562622070312,117.18000030517578,0.0,118.04000091552734,116.12000274658203,116.37000274658203,0.0,3310000
2020-08-05,104.82427215576172,116.16999816894531,0.0,116.73999786376953,114.93000030517578,116.58000183105469,0.0,3115000
2020-08-06,105.33859252929688,116.73999786376953,0.0,117.1500015258789,115.06999969482422,116.11000061035156,0.0,2299200
2020-08-07,104.95962524414062,116.31999969482422,0.0,117.30000305175781,115.5199966430664,116.87000274658203,0.0,2110800
2020-08-10,105.35665893554688,116.76000213623047,0.0,117.30999755859375,115.45999908447266,116.23999786376953,0.0,3412000
2020-08-11,105.17616271972656,116.55999755859375,0.0,119.43000030517578,116.33000183105469,117.31999969482422,0.0,4316100
2020-08-12,107.57640075683594,119.22000122070312,0.0,119.56999969482422,116.75,117.19999694824219,0.0,3601900
2020-08-13,106.57482147216797,118.11000061035156,0.0,119.13999938964844,117.55000305175781,118.25,0.0,2894300
2020-08-14,105.73562622070312,117.18000030517578,0.0,119.05999755859375,117.06999969482422,118.56999969482422,0.0,2079800
2020-08-17,105.97022247314453,117.44000244140625,0.0,118.5,117.25,118.43000030517578,0.0,2592400
2020-08-18,106.36724853515625,117.87999725341797,0.0,118.69000244140625,117.19000244140625,118.01000213623047,0.0,5718000
2020-08-19,106.61090087890625,118.1500015258789,0.0,119.47000122070312,117.51000213623047,118.5,0.0,4722400
2020-08-20,105.97924041748047,117.44999694824219,0.0,118.5,116.63999938964844,117.72000122070312,0.0,2866800
2020-08-21,104.68891906738281,116.0199966430664,0.0,117.2300033569336,115.73999786376953,117.06999969482422,0.0,3055900
2020-08-24,105.7807388305664,117.2300033569336,0.0,117.54000091552734,116.22000122070312,117.20999908447266,0.0,2292200
2020-08-25,108.18999481201172,119.9000015258789,0.0,120.0,117.4000015258789,117.4000015258789,0.0,3007000
2020-08-26,108.74039459228516,120.51000213623047,0.0,121.25,118.9800033569336,119.91000366210938,0.0,3462600
2020-08-27,107.96945190429688,119.04000091552734,0.62,120.97000122070312,117.94999694824219,120.94999694824219,0.0,3055400
2020-08-28,108.45923614501953,119.58000183105469,0.0,119.62000274658203,118.29000091552734,119.12999725341797,0.0,2123100
2020-08-31,106.01032257080078,116.87999725341797,0.0,118.9800033569336,116.80000305175781,118.75,0.0,2948000
2020-09-01,107.7154769897461,118.76000213623047,0.0,118.87000274658203,116.86000061035156,117.79000091552734,0.0,2787000
2020-09-02,110.49998474121094,121.83000183105469,0.0,122.5199966430664,118.75,119.12999725341797,0.0,5158000
2020-09-03,106.22798919677734,117.12000274658203,0.0,121.36000061035156,116.76000213623047,121.3499984741211,0.0,5880300
2020-09-04,106.51824188232422,117.44000244140625,0.0,118.38999938964844,114.25,117.11000061035156,0.0,3766400
2020-09-08,102.42767333984375,112.93000030517578,0.0,116.23999786376953,112.80000305175781,114.38999938964844,0.0,5379100
2020-09-09,104.72237396240234,115.45999908447266,0.0,116.25,114.20999908447266,114.95999908447266,0.0,3698400
2020-09-10,103.64305114746094,114.2699966430664,0.0,116.8499984741211,113.66999816894531,115.80999755859375,0.0,2403800
2020-09-11,103.21674346923828,113.80000305175781,0.0,115.79000091552734,112.5,115.12000274658203,0.0,2361900
2020-09-14,103.96050262451172,114.62000274658203,0.0,115.77999877929688,113.69000244140625,115.77999877929688,0.0,2350500
2020-09-15,105.26658630371094,116.05999755859375,0.0,116.9800033569336,115.1500015258789,115.5199966430664,0.0,2237300
2020-09-16,104.81306457519531,115.55999755859375,0.0,117.7300033569336,115.44000244140625,117.01000213623047,0.0,2476800
2020-09-17,104.74958038330078,115.48999786376953,0.0,115.62999725341797,112.5999984741211,112.80999755859375,0.0,2537800
2020-09-18,104.22354125976562,114.91000366210938,0.0,116.30000305175781,114.08999633789062,116.04000091552734,0.0,5849900
2020-09-21,103.33467864990234,113.93000030517578,0.0,114.04000091552734,111.87999725341797,112.97000122070312,0.0,3282100
2020-09-22,104.0330581665039,114.69999694824219,0.0,114.75,112.91000366210938,114.13999938964844,0.0,2220100
2020-09-23,102.03765106201172,112.5,0.0,115.62999725341797,112.18000030517578,114.88999938964844,0.0,3149800
2020-09-24,102.20093536376953,112.68000030517578,0.0,114.31999969482422,111.45999908447266,111.98999786376953,0.0,2255500
2020-09-25,102.92654418945312,113.4800033569336,0.0,113.66000366210938,110.66000366210938,111.7699966430664,0.0,2293600
2020-09-28,106.173583984375,117.05999755859375,0.0,117.06999969482422,114.7699966430664,115.31999969482422,0.0,2071500
2020-09-29,105.80170440673828,116.6500015258789,0.0,117.94000244140625,115.83999633789062,115.98999786376953,0.0,2293900
2020-09-30,105.88334655761719,116.73999786376953,0.0,118.25,116.20999908447266,116.70999908447266,0.0,3185100
2020-10-01,107.9240951538086,118.98999786376953,0.0,119.63999938964844,117.37000274658203,118.9800033569336,0.0,3092800
2020-10-02,103.40723419189453,114.01000213623047,0.0,117.94999694824219,114.0,116.5,0.0,3172700
2020-10-05,105.75635528564453,116.5999984741211,0.0,116.69000244140625,114.97000122070312,115.36000061035156,0.0,4414000
2020-10-06,104.79495239257812,115.54000091552734,0.0,118.93000030517578,115.02999877929688,115.95999908447266,0.0,3773000
2020-10-07,107.63385009765625,118.66999816894531,0.0,118.9800033569336,115.79000091552734,117.0999984741211,0.0,4256000
2020-10-08,109.1485366821289,120.33999633789062,0.0,121.0999984741211,119.29000091552734,119.93000030517578,0.0,3992900
2020-10-09,111.8604965209961,123.33000183105469,0.0,124.41000366210938,121.76000213623047,122.33000183105469,0.0,3984700
2020-10-12,114.38195037841797,126.11000061035156,0.0,126.31999969482422,124.01000213623047,124.72000122070312,0.0,3053000
2020-10-13,112.09629821777344,123.58999633789062,0.0,126.48999786376953,123.31999969482422,126.3499984741211,0.0,2439600
2020-10-14,111.59746551513672,123.04000091552734,0.0,124.19000244140625,122.48999786376953,123.70999908447266,0.0,1494900
2020-10-15,112.45003509521484,123.9800033569336,0.0,124.55999755859375,120.9000015258789,121.44000244140625,0.0,2033100
2020-10-16,112.14166259765625,123.63999938964844,0.0,125.81999969482422,123.54000091552734,124.75,0.0,2232500
2020-10-19,111.20744323730469,122.61000061035156,0.0,125.26000213623047,122.33000183105469,124.62000274658203,0.0,2390800
2020-10-20,112.1235122680664,123.62000274658203,0.0,124.5199966430664,122.48999786376953,122.95999908447266,0.0,2898400
2020-10-21,113.15750122070312,124.76000213623047,0.0,125.80999755859375,123.0,124.08000183105469,0.0,3992800
2020-10-22,113.14842224121094,124.75,0.0,125.13999938964844,122.91999816894531,124.55999755859375,0.0,2070400
2020-10-23,112.64956665039062,124.19999694824219,0.0,125.6500015258789,123.44999694824219,125.22000122070312,0.0,2304100
2020-10-26,109.86506652832031,121.12999725341797,0.0,123.6500015258789,119.80999755859375,123.37999725341797,0.0,2186200
2020-10-27,109.10321044921875,120.29000091552734,0.0,122.19999694824219,120.2300033569336,121.58999633789062,0.0,2475100
2020-10-28,105.6384506225586,116.47000122070312,0.0,119.54000091552734,116.19999694824219,118.9000015258789,0.0,3387200
2020-10-29,107.46150207519531,118.4800033569336,0.0,119.44999694824219,115.63999938964844,116.2300033569336,0.0,2680200
2020-10-30,107.50687408447266,118.52999877929688,0.0,118.66000366210938,116.33000183105469,117.30999755859375,0.0,3099200
2020-11-02,107.46150207519531,118.4800033569336,0.0,120.13999938964844,117.62000274658203,120.13999938964844,0.0,2445300
2020-11-03,108.6134262084961,119.75,0.0,121.30999755859375,119.2699966430664,119.5,0.0,2549900
2020-11-04,114.22775268554688,125.94000244140625,0.0,126.37999725341797,121.0199966430664,122.38999938964844,0.0,3765300
2020-11-05,118.27297973632812,130.39999389648438,0.0,130.9499969482422,126.86000061035156,127.44999694824219,0.0,3752900
2020-11-06,121.08466339111328,133.5,0.0,133.77999877929688,130.0,130.97999572753906,0.0,3814600
2020-11-09,123.18893432617188,135.82000732421875,0.0,140.3800048828125,135.6999969482422,138.55999755859375,0.0,5150800
2020-11-10,122.24565124511719,134.77999877929688,0.0,136.86000061035156,133.89999389648438,135.0,0.0,4742600
2020-11-11,124.60384368896484,137.3800048828125,0.0,138.63999938964844,135.55999755859375,135.55999755859375,0.0,2515200
2020-11-12,122.88052368164062,135.47999572753906,0.0,137.69000244140625,134.38999938964844,137.35000610351562,0.0,2013500
2020-11-13,123.5970687866211,136.27000427246094,0.0,137.92999267578125,135.67999267578125,137.42999267578125,0.0,2220300
2020-11-16,125.1752700805664,138.00999450683594,0.0,140.1699981689453,136.80999755859375,137.77999877929688,0.0,3433200
2020-11-17,123.23426055908203,135.8699951171875,0.0,137.4600067138672,135.14999389648438,136.99000549316406,0.0,2978000
2020-11-18,120.83981323242188,133.22999572753906,0.0,136.50999450683594,132.97000122070312,135.9499969482422,0.0,2359100
2020-11-19,123.50640106201172,136.1699981689453,0.0,136.22999572753906,131.5,131.66000366210938,0.0,2473900
2020-11-20,122.33637237548828,134.8800048828125,0.0,136.91000366210938,134.67999267578125,136.6199951171875,0.0,2295000
2020-11-23,124.32270812988281,137.07000732421875,0.0,137.33999633789062,135.17999267578125,135.27999877929688,0.0,2881900
2020-11-24,124.159423828125,136.88999938964844,0.0,137.9199981689453,132.83999633789062,137.69000244140625,0.0,4677800
2020-11-25,123.30687713623047,135.9499969482422,0.0,137.9499969482422,134.9600067138672,136.61000061035156,0.0,2040200
2020-11-27,124.93944549560547,137.75,0.0,138.5500030517578,137.24000549316406,138.1199951171875,0.0,1305700
2020-11-30,126.14575958251953,139.0800018310547,0.0,139.32000732421875,137.10000610351562,137.64999389648438,0.0,3010400
2020-12-01,127.64229583740234,140.72999572753906,0.0,141.91000366210938,138.80999755859375,140.0,0.0,3161000
2020-12-02,127.57880401611328,140.66000366210938,0.0,141.63999938964844,140.07000732421875,140.7100067138672,0.0,2193000
2020-12-03,127.31463623046875,139.75,0.62,141.4199981689453,139.3300018310547,140.5800018310547,0.0,1734100
2020-12-04,131.1591339111328,143.97000122070312,0.0,144.13999938964844,139.2100067138672,139.75,0.0,3349100
2020-12-07,130.92227172851562,143.7100067138672,0.0,144.67999267578125,142.5,144.67999267578125,0.0,1734400
2020-12-08,133.1269073486328,146.1300048828125,0.0,146.30999755859375,143.2100067138672,143.25,0.0,2837400
2020-12-09,129.16395568847656,141.77999877929688,0.0,146.30999755859375,140.91000366210938,145.39999389648438,0.0,3019500
2020-12-10,128.70846557617188,141.27999877929688,0.0,142.6699981689453,140.13999938964844,140.57000732421875,0.0,2704300
2020-12-11,128.5900421142578,141.14999389648438,0.0,142.05999755859375,139.49000549316406,140.0399932861328,0.0,3216000
2020-12-14,129.66505432128906,142.3300018310547,0.0,143.92999267578125,141.66000366210938,142.05999755859375,0.0,2214400
2020-12-15,131.24111938476562,144.05999755859375,0.0,145.25999450683594,143.49000549316406,145.25999450683594,0.0,2554500
2020-12-16,130.0932159423828,142.8000030517578,0.0,144.75999450683594,141.57000732421875,144.75999450683594,0.0,1583100
2020-12-17,130.9860076904297,143.77999877929688,0.0,143.8699951171875,142.61000061035156,143.5500030517578,0.0,2354200
2020-12-18,131.6965789794922,144.55999755859375,0.0,145.0,143.44000244140625,144.3800048828125,0.0,4230700
2020-12-21,129.9019317626953,142.58999633789062,0.0,143.38999938964844,141.30999755859375,141.72999572753906,0.0,1827200
2020-12-22,131.44151306152344,144.27999877929688,0.0,144.67999267578125,142.6699981689453,142.72999572753906,0.0,2161600
2020-12-23,130.475830078125,143.22000122070312,0.0,145.6199951171875,143.0800018310547,144.8000030517578,0.0,2200900
2020-12-24,131.61459350585938,144.47000122070312,0.0,144.47999572753906,143.00999450683594,144.11000061035156,0.0,466400
2020-12-28,131.80592346191406,144.67999267578125,0.0,147.47999572753906,144.44000244140625,146.41000366210938,0.0,1630800
2020-12-29,130.87664794921875,143.66000366210938,0.0,145.24000549316406,142.74000549316406,145.17999267578125,0.0,1130900
2020-12-30,133.17242431640625,146.17999267578125,0.0,146.61000061035156,144.5,144.64999389648438,0.0,1138800
2020-12-31,134.58453369140625,147.72999572753906,0.0,147.8300018310547,145.6999969482422,146.5,0.0,1626800
2021-01-04,133.02670288085938,146.02000427246094,0.0,150.5399932861328,144.6199951171875,148.4499969482422,0.0,2496600
2021-01-05,135.40444946289062,148.6300048828125,0.0,148.6699981689453,145.13999938964844,145.77000427246094,0.0,1513700
2021-01-06,136.0148162841797,149.3000030517578,0.0,152.2899932861328,147.11000061035156,147.72999572753906,0.0,2498200
2021-01-07,141.76333618164062,155.61000061035156,0.0,156.2100067138672,151.13999938964844,151.8300018310547,0.0,2661100
2021-01-08,142.79278564453125,156.74000549316406,0.0,159.80999755859375,155.82000732421875,156.02000427246094,0.0,4204900
2021-01-11,144.2139892578125,158.3000030517578,0.0,159.1999969482422,155.00999450683594,156.1300048828125,0.0,2609400
2021-01-12,144.93370056152344,159.08999633789062,0.0,159.33999633789062,156.52000427246094,157.00999450683594,0.0,2573800
2021-01-13,144.37796020507812,158.47999572753906,0.0,161.77999877929688,158.14999389648438,160.0,0.0,2622900
2021-01-14,145.2707977294922,159.4600067138672,0.0,160.82000732421875,159.17999267578125,159.17999267578125,0.0,2028100
2021-01-15,143.71292114257812,157.75,0.0,159.05999755859375,155.52999877929688,158.02999877929688,0.0,2338000
2021-01-19,146.254638671875,160.5399932861328,0.0,160.97000122070312,158.3000030517578,158.4600067138672,0.0,2992100
2021-01-20,145.6078338623047,159.8300018310547,0.0,162.97999572753906,159.5800018310547,161.42999267578125,0.0,2296100
2021-01-21,145.11585998535156,159.2899932861328,0.0,160.92999267578125,157.55999755859375,160.61000061035156,0.0,2469500
2021-01-22,141.7360076904297,155.5800018310547,0.0,158.94000244140625,155.4199981689453,157.72999572753906,0.0,3147200
2021-01-25,140.04153442382812,153.72000122070312,0.0,157.2899932861328,152.49000549316406,157.0,0.0,3697100
2021-01-26,141.15298461914062,154.94000244140625,0.0,155.52999877929688,152.02999877929688,153.92999267578125,0.0,2329100
2021-01-27,134.35679626464844,147.47999572753906,0.0,152.82000732421875,146.75,151.08999633789062,0.0,5644400
2021-01-28,135.93283081054688,149.2100067138672,0.0,151.86000061035156,148.4499969482422,150.3699951171875,0.0,4352000
2021-01-29,134.2201385498047,147.3300018310547,0.0,149.52999877929688,146.64999389648438,148.5800018310547,0.0,3512700
2021-02-01,138.365234375,151.8800048828125,0.0,152.25999450683594,147.32000732421875,148.33999633789062,0.0,2958500
2021-02-02,138.35614013671875,151.8699951171875,0.0,154.25,150.99000549316406,153.02000427246094,0.0,2536500
2021-02-03,134.44790649414062,147.5800018310547,0.0,152.41000366210938,147.4600067138672,152.0,0.0,2703600
2021-02-04,137.1262664794922,150.52000427246094,0.0,150.64999389648438,147.0,147.8300018310547,0.0,2027600
2021-02-05,135.52285766601562,148.75999450683594,0.0,151.92999267578125,148.61000061035156,151.72000122070312,0.0,2169300
2021-02-08,139.56781005859375,153.1999969482422,0.0,153.3000030517578,148.75999450683594,150.16000366210938,0.0,2295700
2021-02-09,139.2489776611328,152.85000610351562,0.0,153.50999450683594,151.72999572753906,152.6999969482422,0.0,1689300
2021-02-10,139.5951385498047,153.22999572753906,0.0,154.7899932861328,151.60000610351562,154.6999969482422,0.0,1761800
2021-02-11,144.66949462890625,158.8000030517578,0.0,159.00999450683594,154.61000061035156,154.61000061035156,0.0,2981500
2021-02-12,146.4733123779297,160.77999877929688,0.0,161.39999389648438,157.91000366210938,158.99000549316406,0.0,2387900
2021-02-16,146.20912170410156,160.49000549316406,0.0,163.9499969482422,160.36000061035156,162.85000610351562,0.0,3172400
2021-02-17,145.5349578857422,159.75,0.0,162.11000061035156,155.0,157.14999389648438,0.0,3815900
2021-02-18,144.02267456054688,158.08999633789062,0.0,158.77000427246094,155.66000366210938,157.94000244140625,0.0,3807700
2021-02-19,149.22457885742188,163.8000030517578,0.0,164.39999389648438,160.0,160.6300048828125,0.0,2944000
2021-02-22,145.07034301757812,159.24000549316406,0.0,163.41000366210938,158.47000122070312,162.30999755859375,0.0,3510200
2021-02-23,143.66737365722656,157.6999969482422,0.0,158.6699981689453,153.30999755859375,157.36000061035156,0.0,3022200
2021-02-24,147.36607360839844,161.75999450683594,0.0,161.9199981689453,155.16000366210938,156.52000427246094,0.0,2748700
2021-02-25,140.6048583984375,153.67999267578125,0.69,160.14999389648438,153.2899932861328,158.6999969482422,0.0,3282600
2021-02-26,142.56277465820312,155.82000732421875,0.0,157.75,152.25999450683594,156.55999755859375,0.0,5574200
2021-03-01,145.0970916748047,158.58999633789062,0.0,158.77999877929688,155.02999877929688,157.0800018310547,0.0,3385500
2021-03-02,141.1629638671875,154.2899932861328,0.0,159.41000366210938,154.02999877929688,159.41000366210938,0.0,3016500
2021-03-03,137.18304443359375,149.94000244140625,0.0,155.0,149.52000427246094,153.1699981689453,0.0,2665700
2021-03-04,132.2241668701172,144.52000427246094,0.0,149.58999633789062,142.25,149.19000244140625,0.0,4870000
2021-03-05,136.21322631835938,148.8800048828125,0.0,149.6199951171875,143.38999938964844,149.0,0.0,4040100
2021-03-08,131.8033447265625,144.05999755859375,0.0,149.55999755859375,143.77000427246094,147.77000427246094,0.0,3996300
2021-03-09,136.7164306640625,149.42999267578125,0.0,151.11000061035156,148.1699981689453,148.72999572753906,0.0,5203400
2021-03-10,134.59384155273438,147.11000061035156,0.0,151.52000427246094,147.08999633789062,151.3300018310547,0.0,3137300
2021-03-11,138.18032836914062,151.02999877929688,0.0,152.1199951171875,149.99000549316406,150.35000610351562,0.0,4462100
2021-03-12,136.81710815429688,149.5399932861328,0.0,149.8300018310547,147.5500030517578,148.60000610351562,0.0,3658500
2021-03-15,138.15284729003906,151.0,0.0,151.11000061035156,147.9600067138672,149.6199951171875,0.0,2113200
2021-03-16,140.05587768554688,153.0800018310547,0.0,154.50999450683594,151.94000244140625,152.33999633789062,0.0,2324600
2021-03-17,141.04403686523438,154.16000366210938,0.0,154.8699951171875,150.07000732421875,150.4199981689453,0.0,2852800
2021-03-18,136.73472595214844,149.4499969482422,0.0,153.27999877929688,149.27999877929688,151.35000610351562,0.0,3853400
2021-03-19,138.98550415039062,151.91000366210938,0.0,153.2100067138672,147.74000549316406,149.39999389648438,0.0,4624900
2021-03-22,141.35508728027344,154.5,0.0,156.32000732421875,153.22000122070312,153.22000122070312,0.0,3321600
2021-03-23,137.68626403808594,150.49000549316406,0.0,154.97000122070312,149.6300048828125,154.58999633789062,0.0,2505200
2021-03-24,137.6405487060547,150.44000244140625,0.0,153.97000122070312,150.1999969482422,152.33999633789062,0.0,2792800
2021-03-25,137.1464385986328,149.89999389648438,0.0,150.91000366210938,146.50999450683594,148.44000244140625,0.0,2725300
2021-03-26,143.7430419921875,157.11000061035156,0.0,157.3699951171875,148.0,148.4199981689453,0.0,3686200
2021-03-29,140.7604217529297,153.85000610351562,0.0,156.2100067138672,152.02000427246094,155.02999877929688,0.0,2779000
2021-03-30,139.62586975097656,152.61000061035156,0.0,153.42999267578125,151.5,152.14999389648438,0.0,2114000
2021-03-31,141.88577270507812,155.0800018310547,0.0,156.11000061035156,153.61000061035156,154.22000122070312,0.0,3457000
2021-04-01,146.73483276367188,160.3800048828125,0.0,160.49000549316406,156.8800048828125,157.3800048828125,0.0,3345800
2021-04-05,149.58026123046875,163.49000549316406,0.0,163.89999389648438,160.60000610351562,162.16000366210938,0.0,2628400
2021-04-06,147.95166015625,161.7100067138672,0.0,163.08999633789062,159.75999450683594,162.3000030517578,0.0,2422100
2021-04-07,145.88394165039062,159.4499969482422,0.0,161.97999572753906,158.6300048828125,161.67999267578125,0.0,2062700
2021-04-08,148.32676696777344,162.1199951171875,0.0,162.22999572753906,159.5,161.6199951171875,0.0,2599500
2021-04-09,147.52163696289062,161.24000549316406,0.0,161.97000122070312,160.1699981689453,160.8000030517578,0.0,2250400
2021-04-12,146.14012145996094,159.72999572753906,0.0,160.88999938964844,158.9600067138672,160.63999938964844,0.0,2026700
2021-04-13,145.61859130859375,159.16000366210938,0.0,160.9499969482422,157.36000061035156,160.5500030517578,0.0,1704600
2021-04-14,144.97821044921875,158.4600067138672,0.0,160.6300048828125,157.64999389648438,157.7100067138672,0.0,1596400
2021-04-15,147.03677368164062,160.7100067138672,0.0,161.32000732421875,158.69000244140625,160.0,0.0,1816000
2021-04-16,145.93881225585938,159.50999450683594,0.0,161.3300018310547,159.13999938964844,160.99000549316406,0.0,1861900
2021-04-19,143.5600128173828,156.91000366210938,0.0,159.0,155.6999969482422,158.47999572753906,0.0,3405000
2021-04-20,141.32766723632812,154.47000122070312,0.0,156.25999450683594,153.57000732421875,154.89999389648438,0.0,2339700
2021-04-21,144.82261657714844,158.2899932861328,0.0,158.33999633789062,154.1199951171875,155.49000549316406,0.0,2713100
2021-04-22,142.1510772705078,155.3699951171875,0.0,158.1300048828125,154.91000366210938,157.27000427246094,0.0,2487900
2021-04-23,145.49049377441406,159.02000427246094,0.0,159.97000122070312,156.11000061035156,156.6999969482422,0.0,3415500
2021-04-26,146.97264099121094,160.63999938964844,0.0,161.89999389648438,158.27000427246094,158.6300048828125,0.0,2705500
2021-04-27,145.97540283203125,159.5500030517578,0.0,161.9199981689453,159.47000122070312,161.33999633789062,0.0,3232400
2021-04-28,142.7823486328125,156.05999755859375,0.0,158.75999450683594,155.0399932861328,158.5,0.0,3304600
2021-04-29,144.56646728515625,158.00999450683594,0.0,158.11000061035156,154.00999450683594,156.5399932861328,0.0,5833000
2021-04-30,140.12908935546875,153.16000366210938,0.0,156.30999755859375,152.57000732421875,155.5399932861328,0.0,4035000
2021-05-03,138.44564819335938,151.32000732421875,0.0,154.17999267578125,150.6999969482422,154.0,0.0,3265500
2021-05-04,138.98550415039062,151.91000366210938,0.0,152.0,148.5500030517578,150.0,0.0,3849600
2021-05-05,140.8335418701172,153.92999267578125,0.0,155.22000122070312,152.3000030517578,153.27999877929688,0.0,4415400
2021-05-06,142.1968231201172,155.4199981689453,0.0,156.47999572753906,152.86000061035156,153.99000549316406,0.0,4775100
2021-05-07,143.88023376464844,157.25999450683594,0.0,158.35000610351562,156.02000427246094,156.6699981689453,0.0,2706500
2021-05-10,137.96075439453125,150.7899932861328,0.0,157.1699981689453,150.75999450683594,156.8300018310547,0.0,4132300
2021-05-11,138.00645446777344,150.83999633789062,0.0,152.08999633789062,147.85000610351562,148.33999633789062,0.0,4643100
2021-05-12,133.62399291992188,146.0500030517578,0.0,149.00999450683594,145.64999389648438,147.39999389648438,0.0,4733000
2021-05-13,134.1546630859375,146.6300048828125,0.0,149.3300018310547,145.6199951171875,147.61000061035156,0.0,4053200
2021-05-14,136.881103515625,149.61000061035156,0.0,150.77000427246094,146.6300048828125,147.99000549316406,0.0,4852100
2021-05-17,135.49961853027344,148.10000610351562,0.0,148.82000732421875,145.8300018310547,148.3699951171875,0.0,5079800
2021-05-18,133.4776153564453,145.88999938964844,0.0,149.7899932861328,145.80999755859375,149.61000061035156,0.0,4223000
2021-05-19,140.0924530029297,153.1199951171875,0.0,153.3300018310547,144.07000732421875,145.7899932861328,0.0,7065800
2021-05-20,145.90223693847656,159.47000122070312,0.0,161.1999969482422,154.8699951171875,155.3699951171875,0.0,5986500
2021-05-21,145.80157470703125,159.36000061035156,0.0,160.77000427246094,158.97999572753906,159.69000244140625,0.0,3526700
2021-05-24,148.68357849121094,162.50999450683594,0.0,162.99000549316406,160.72999572753906,160.99000549316406,0.0,3434600
2021-05-25,149.7906036376953,163.72000122070312,0.0,165.1699981689453,162.69000244140625,164.30999755859375,0.0,3327300
2021-05-26,149.93702697753906,163.8800048828125,0.0,165.16000366210938,162.6699981689453,163.72000122070312,0.0,4016300
2021-05-27,149.95538330078125,163.2100067138672,0.69,165.35000610351562,162.94000244140625,163.19000244140625,0.0,3469200
2021-05-28,151.23252868652344,164.60000610351562,0.0,165.6199951171875,163.0800018310547,163.72999572753906,0.0,2750200
2021-06-01,150.3964385986328,163.69000244140625,0.0,166.32000732421875,162.1699981689453,163.75999450683594,0.0,2981800
2021-06-02,151.14064025878906,164.5,0.0,165.32000732421875,163.36000061035156,163.86000061035156,0.0,2071800
2021-06-03,148.9080352783203,162.07000732421875,0.0,163.72999572753906,161.02000427246094,161.63999938964844,0.0,2553700
2021-06-04,152.13294982910156,165.5800018310547,0.0,166.14999389648438,162.38999938964844,162.38999938964844,0.0,2443000
2021-06-07,151.12228393554688,164.47999572753906,0.0,165.57000732421875,164.00999450683594,164.66000366210938,0.0,1999200
2021-06-08,151.5173797607422,164.91000366210938,0.0,166.50999450683594,163.24000549316406,166.50999450683594,0.0,2437100
2021-06-09,152.8588104248047,166.3699951171875,0.0,166.91000366210938,164.94000244140625,165.4199981689453,0.0,3245400
2021-06-10,153.75001525878906,167.33999633789062,0.0,167.8699951171875,164.69000244140625,167.19000244140625,0.0,2905800
2021-06-11,153.9888916015625,167.60000610351562,0.0,167.74000549316406,166.44000244140625,167.69000244140625,0.0,2383300
2021-06-14,154.76065063476562,168.44000244140625,0.0,168.44000244140625,165.77999877929688,167.77000427246094,0.0,2755500
2021-06-15,154.00726318359375,167.6199951171875,0.0,168.92999267578125,167.08999633789062,168.42999267578125,0.0,2377800
2021-06-16,152.53717041015625,166.02000427246094,0.0,168.6300048828125,164.4499969482422,168.05999755859375,0.0,2360900
2021-06-17,152.72096252441406,166.22000122070312,0.0,168.22000122070312,165.08999633789062,166.02000427246094,0.0,2391500
2021-06-18,149.0182342529297,162.19000244140625,0.0,165.33999633789062,161.47000122070312,165.33999633789062,0.0,3936500
2021-06-21,150.819091796875,164.14999389648438,0.0,164.30999755859375,162.17999267578125,162.57000732421875,0.0,2973200
2021-06-22,150.37806701660156,163.6699981689453,0.0,164.1999969482422,162.42999267578125,163.5399932861328,0.0,2983800
2021-06-23,150.34129333496094,163.6300048828125,0.0,164.92999267578125,163.0,163.6300048828125,0.0,2257000
2021-06-24,153.47434997558594,167.0399932861328,0.0,167.27000427246094,165.24000549316406,166.1999969482422,0.0,2059900
2021-06-25,154.0440216064453,167.66000366210938,0.0,169.47000122070312,167.07000732421875,167.52999877929688,0.0,2959500
2021-06-28,156.71771240234375,170.57000732421875,0.0,171.16000366210938,168.44000244140625,168.94000244140625,0.0,2265900
2021-06-29,157.4802703857422,171.39999389648438,0.0,171.83999633789062,169.89999389648438,170.27999877929688,0.0,2121400
2021-06-30,158.17852783203125,172.16000366210938,0.0,172.4499969482422,170.1999969482422,171.14999389648438,0.0,2954400
2021-07-01,155.43138122558594,169.1699981689453,0.0,172.08999633789062,168.88999938964844,172.02999877929688,0.0,2865100
2021-07-02,156.80955505371094,170.6699981689453,0.0,171.22999572753906,169.6300048828125,170.2899932861328,0.0,1563500
2021-07-06,154.6504364013672,168.32000732421875,0.0,171.52999877929688,166.75,171.52999877929688,0.0,2293400
2021-07-07,151.99514770507812,165.42999267578125,0.0,169.42999267578125,164.63999938964844,169.27000427246094,0.0,4204600
2021-07-08,150.59857177734375,163.91000366210938,0.0,164.3000030517578,160.17999267578125,162.30999755859375,0.0,3152500
2021-07-09,152.7668914794922,166.27000427246094,0.0,166.61000061035156,162.74000549316406,163.9600067138672,0.0,2346200
2021-07-12,153.9429168701172,167.5500030517578,0.0,167.6199951171875,165.6699981689453,166.52000427246094,0.0,2074000
2021-07-13,153.676513671875,167.25999450683594,0.0,168.36000061035156,165.97999572753906,167.02000427246094,0.0,2127100
2021-07-14,152.66583251953125,166.16000366210938,0.0,170.0,165.8699951171875,168.6699981689453,0.0,2012800
2021-07-15,150.36888122558594,163.66000366210938,0.0,165.91000366210938,162.32000732421875,165.91000366210938,0.0,3505900
2021-07-16,147.41038513183594,160.44000244140625,0.0,164.75,160.25999450683594,163.99000549316406,0.0,2284100
2021-07-19,146.0689239501953,158.97999572753906,0.0,159.61000061035156,156.5500030517578,158.72000122070312,0.0,2772000
2021-07-20,147.84219360351562,160.91000366210938,0.0,161.80999755859375,157.9199981689453,159.33999633789062,0.0,2831100
2021-07-21,151.45306396484375,164.83999633789062,0.0,164.83999633789062,160.77999877929688,161.2899932861328,0.0,2076000
2021-07-22,148.862060546875,162.02000427246094,0.0,163.02999877929688,160.8300018310547,162.25999450683594,0.0,3250900
2021-07-23,150.26779174804688,163.5500030517578,0.0,163.83999633789062,161.6699981689453,163.22999572753906,0.0,2178700
2021-07-26,150.58935546875,163.89999389648438,0.0,164.33999633789062,161.27000427246094,161.27000427246094,0.0,1733600
2021-07-27,149.38577270507812,162.58999633789062,0.0,163.75,159.5399932861328,163.50999450683594,0.0,4077700
2021-07-28,150.71798706054688,164.0399932861328,0.0,164.64999389648438,162.83999633789062,163.32000732421875,0.0,3632400
2021-07-29,153.0149383544922,166.5399932861328,0.0,167.16000366210938,164.5399932861328,164.77999877929688,0.0,3164400
2021-07-30,153.8235321044922,167.4199981689453,0.0,168.1999969482422,165.13999938964844,165.5800018310547,0.0,2678800
2021-08-02,154.00726318359375,167.6199951171875,0.0,171.3300018310547,167.3699951171875,168.63999938964844,0.0,2822000
2021-08-03,154.98117065429688,168.67999267578125,0.0,169.02000427246094,165.58999633789062,168.3699951171875,0.0,3271200
2021-08-04,158.56446838378906,172.5800018310547,0.0,175.25,168.60000610351562,168.74000549316406,0.0,10201100
2021-08-05,156.1296844482422,169.92999267578125,0.0,173.77000427246094,168.8300018310547,173.55999755859375,0.0,3468300
2021-08-06,157.23220825195312,171.1300048828125,0.0,171.88999938964844,168.3699951171875,168.8300018310547,0.0,3164200
2021-08-09,157.3975830078125,171.30999755859375,0.0,172.52999877929688,169.38999938964844,171.05999755859375,0.0,2580800
2021-08-10,157.11276245117188,171.0,0.0,171.63999938964844,169.0,171.30999755859375,0.0,1943800
2021-08-11,156.6166229248047,170.4600067138672,0.0,172.08999633789062,168.67999267578125,172.0399932861328,0.0,1946400
2021-08-12,154.88929748535156,168.5800018310547,0.0,169.7100067138672,166.55999755859375,169.5,0.0,2562100
2021-08-13,156.26748657226562,170.0800018310547,0.0,170.77000427246094,168.38999938964844,169.35000610351562,0.0,2040700
2021-08-16,157.17709350585938,171.07000732421875,0.0,171.55999755859375,169.47000122070312,169.6300048828125,0.0,2163200
2021-08-17,152.79449462890625,166.3000030517578,0.0,170.13999938964844,165.66000366210938,170.13999938964844,0.0,4593000
2021-08-18,152.31671142578125,165.77999877929688,0.0,168.0399932861328,161.2899932861328,164.89999389648438,0.0,5452700
2021-08-19,153.24468994140625,166.7899932861328,0.0,166.97000122070312,163.5500030517578,165.1199951171875,0.0,3451100
2021-08-20,153.1068115234375,166.63999938964844,0.0,168.17999267578125,165.07000732421875,166.8699951171875,0.0,2913000
2021-08-23,155.85403442382812,169.6300048828125,0.0,172.8000030517578,166.05999755859375,170.24000549316406,0.0,13465500
2021-08-24,152.38104248046875,165.85000610351562,0.0,170.36000061035156,164.75,169.83999633789062,0.0,8137000
2021-08-25,150.68124389648438,164.0,0.0,167.92999267578125,163.0800018310547,166.11000061035156,0.0,19156400
2021-08-26,154.41806030273438,167.36000061035156,0.69,168.47999572753906,163.69000244140625,165.0,0.0,7306300
2021-08-27,153.6061248779297,166.47999572753906,0.0,169.80999755859375,166.1699981689453,167.3000030517578,0.0,9136200
2021-08-30,154.06741333007812,166.97999572753906,0.0,168.27000427246094,166.64999389648438,166.97000122070312,0.0,4901600
2021-08-31,150.34910583496094,162.9499969482422,0.0,166.52000427246094,161.33999633789062,166.14999389648438,0.0,9136300
2021-09-01,148.65139770507812,161.11000061035156,0.0,164.1999969482422,161.0399932861328,163.77000427246094,0.0,6513600
2021-09-02,150.04458618164062,162.6199951171875,0.0,162.94000244140625,161.22000122070312,162.1300048828125,0.0,4514700
2021-09-03,149.87850952148438,162.44000244140625,0.0,163.5,161.74000549316406,162.52000427246094,0.0,2385600
2021-09-07,150.64434814453125,163.27000427246094,0.0,163.74000549316406,162.14999389648438,162.66000366210938,0.0,5132100
2021-09-08,151.01341247558594,163.6699981689453,0.0,165.6699981689453,162.39999389648438,163.7100067138672,0.0,4620100
2021-09-09,155.7559356689453,168.80999755859375,0.0,170.1300048828125,163.27000427246094,163.27000427246094,0.0,7601800
2021-09-10,156.798583984375,169.94000244140625,0.0,172.08999633789062,169.5500030517578,169.60000610351562,0.0,4280800
2021-09-13,159.4466094970703,172.80999755859375,0.0,173.13999938964844,170.3000030517578,171.58999633789062,0.0,7431700
2021-09-14,160.0556182861328,173.47000122070312,0.0,174.10000610351562,171.5399932861328,173.5399932861328,0.0,5335200
2021-09-15,160.618408203125,174.0800018310547,0.0,174.4600067138672,172.0800018310547,173.94000244140625,0.0,4498500
2021-09-16,159.81568908691406,173.2100067138672,0.0,174.4600067138672,172.42999267578125,172.42999267578125,0.0,4582700
2021-09-17,158.25634765625,171.52000427246094,0.0,173.02000427246094,170.2899932861328,171.39999389648438,0.0,13056400
2021-09-20,156.37411499023438,169.47999572753906,0.0,170.75999450683594,167.02999877929688,170.10000610351562,0.0,10189700
2021-09-21,157.37985229492188,170.57000732421875,0.0,171.63999938964844,168.24000549316406,170.82000732421875,0.0,4011300
2021-09-22,160.40618896484375,173.85000610351562,0.0,174.25999450683594,171.22999572753906,172.0,0.0,3484500
2021-09-23,163.5248260498047,177.22999572753906,0.0,177.7899932861328,174.14999389648438,174.5,0.0,3391900
2021-09-24,164.72427368164062,178.52999877929688,0.0,178.83999633789062,175.83999633789062,176.5500030517578,0.0,2393300
2021-09-27,163.22955322265625,176.91000366210938,0.0,178.1300048828125,175.60000610351562,177.27000427246094,0.0,4497200
2021-09-28,158.04415893554688,171.2899932861328,0.0,174.8800048828125,171.17999267578125,172.27999877929688,0.0,5494000
2021-09-29,155.78359985351562,168.83999633789062,0.0,171.8300018310547,168.1199951171875,170.5399932861328,0.0,3498400
2021-09-30,154.52879333496094,167.47999572753906,0.0,171.25999450683594,167.36000061035156,170.36000061035156,0.0,4820600
2021-10-01,154.4272918701172,167.3699951171875,0.0,168.8800048828125,164.75999450683594,167.8300018310547,0.0,3549200
2021-10-04,151.5577850341797,164.25999450683594,0.0,167.6999969482422,163.64999389648438,166.74000549316406,0.0,5377500
2021-10-05,152.58197021484375,165.3699951171875,0.0,166.72999572753906,163.9600067138672,165.24000549316406,0.0,2899100
2021-10-06,153.20936584472656,166.0500030517578,0.0,166.27000427246094,163.13999938964844,163.77999877929688,0.0,2754000
2021-10-07,154.06741333007812,166.97999572753906,0.0,169.2899932861328,166.74000549316406,167.42999267578125,0.0,2174100
2021-10-08,155.58062744140625,168.6199951171875,0.0,168.9499969482422,166.67999267578125,168.47999572753906,0.0,3145900
2021-10-11,154.916259765625,167.89999389648438,0.0,171.5399932861328,167.8000030517578,168.1199951171875,0.0,1964800
2021-10-12,151.33633422851562,164.02000427246094,0.0,169.57000732421875,163.82000732421875,168.50999450683594,0.0,3018000
2021-10-13,151.64080810546875,164.35000610351562,0.0,166.7100067138672,163.57000732421875,165.9600067138672,0.0,3416600
2021-10-14,155.193115234375,168.1999969482422,0.0,168.60000610351562,166.1300048828125,166.52000427246094,0.0,5043100
2021-10-15,158.73617553710938,172.0399932861328,0.0,172.10000610351562,169.72000122070312,170.02999877929688,0.0,2887000
2021-10-18,159.92637634277344,173.3300018310547,0.0,173.66000366210938,169.72000122070312,170.3800048828125,0.0,2541500
2021-10-19,162.97120666503906,176.6300048828125,0.0,176.75,172.5500030517578,173.74000549316406,0.0,3336700
2021-10-20,163.23880004882812,176.9199981689453,0.0,177.86000061035156,175.9199981689453,176.91000366210938,0.0,3025800
2021-10-21,164.98263549804688,178.80999755859375,0.0,179.0500030517578,176.13999938964844,176.66000366210938,0.0,2744000
2021-10-22,164.62278747558594,178.4199981689453,0.0,180.77000427246094,177.67999267578125,179.24000549316406,0.0,3074300
2021-10-25,166.56040954589844,180.52000427246094,0.0,181.10000610351562,178.4199981689453,178.5800018310547,0.0,2498200
2021-10-26,165.96990966796875,179.8800048828125,0.0,182.38999938964844,179.63999938964844,181.97000122070312,0.0,2209200
2021-10-27,157.27833557128906,170.4600067138672,0.0,175.0,170.0,174.11000061035156,0.0,6263900
2021-10-28,159.12371826171875,172.4600067138672,0.0,174.35000610351562,171.52999877929688,172.25999450683594,0.0,2781100
2021-10-29,160.0740509033203,173.49000549316406,0.0,173.86000061035156,170.58999633789062,171.39999389648438,0.0,3137400
2021-11-01,161.45803833007812,174.99000549316406,0.0,175.25,172.91000366210938,173.17999267578125,0.0,2180700
2021-11-02,164.17990112304688,177.94000244140625,0.0,178.25,174.6999969482422,174.99000549316406,0.0,2405800
2021-11-03,164.9734344482422,178.8000030517578,0.0,179.27000427246094,175.8699951171875,177.4199981689453,0.0,1997700
2021-11-04,166.75418090820312,180.72999572753906,0.0,180.9600067138672,176.25,179.0,0.0,5252700
2021-11-05,169.9373779296875,184.17999267578125,0.0,186.10000610351562,182.1999969482422,183.75,0.0,3415700
2021-11-08,170.1957244873047,184.4600067138672,0.0,185.94000244140625,183.36000061035156,183.47000122070312,0.0,2582300
2021-11-09,170.6939697265625,185.0,0.0,185.88999938964844,182.82000732421875,184.32000732421875,0.0,2508500
2021-11-10,166.87413024902344,180.86000061035156,0.0,185.5,180.0399932861328,183.0,0.0,2735500
2021-11-11,168.94088745117188,183.10000610351562,0.0,183.3699951171875,180.42999267578125,183.22999572753906,0.0,1703300
2021-11-12,170.5001678466797,184.7899932861328,0.0,185.6999969482422,181.5500030517578,183.57000732421875,0.0,1847600
2021-11-15,170.7493133544922,185.05999755859375,0.0,185.72000122070312,183.74000549316406,185.72000122070312,0.0,1337200
2021-11-16,173.15750122070312,187.6699981689453,0.0,187.85000610351562,184.5,184.5800018310547,0.0,2126300
2021-11-17,172.5762176513672,187.0399932861328,0.0,188.10000610351562,185.5399932861328,188.02999877929688,0.0,2242300
2021-11-18,173.5449981689453,188.08999633789062,0.0,188.69000244140625,185.99000549316406,188.10000610351562,0.0,2091800
2021-11-19,174.20013427734375,188.8000030517578,0.0,190.0,187.72000122070312,188.08999633789062,0.0,3299800
2021-11-22,171.15530395507812,185.5,0.0,191.9499969482422,185.36000061035156,190.0,0.0,5228600
2021-11-23,168.34115600585938,182.4499969482422,0.0,188.0,180.22999572753906,186.25,0.0,4976400
2021-11-24,168.359619140625,182.47000122070312,0.0,182.50999450683594,179.6699981689453,181.4499969482422,0.0,2914800
2021-11-26,164.23529052734375,178.0,0.0,180.41000366210938,176.77999877929688,179.0,0.0,2539100
2021-11-29,169.0331268310547,183.1999969482422,0.0,183.69000244140625,178.4499969482422,180.5399932861328,0.0,4374800
2021-11-30,166.31129455566406,180.25,0.0,184.25999450683594,178.91000366210938,182.61000061035156,0.0,4561800
2021-12-01,166.85569763183594,180.83999633789062,0.0,188.1999969482422,180.64999389648438,182.27999877929688,0.0,4831300
2021-12-02,167.3002471923828,180.6300048828125,0.69,182.52999877929688,178.0,180.0,0.0,3795600
2021-12-03,167.44839477539062,180.7899932861328,0.0,183.9499969482422,178.7100067138672,182.97000122070312,0.0,2958600
2021-12-06,167.69850158691406,181.05999755859375,0.0,182.6699981689453,176.19000244140625,182.32000732421875,0.0,3938200
2021-12-07,172.86671447753906,186.63999938964844,0.0,187.69000244140625,183.58999633789062,183.6699981689453,0.0,4850000
2021-12-08,172.51478576660156,186.25999450683594,0.0,186.52000427246094,184.3300018310547,185.75999450683594,0.0,3167800
2021-12-09,170.1251678466797,183.67999267578125,0.0,187.66000366210938,183.47999572753906,184.92999267578125,0.0,3457800
2021-12-10,169.89361572265625,183.42999267578125,0.0,186.5,181.1300048828125,186.41000366210938,0.0,2570800
2021-12-13,165.2996063232422,178.47000122070312,0.0,184.66000366210938,178.22000122070312,183.4499969482422,0.0,4457700
2021-12-14,163.271240234375,176.27999877929688,0.0,178.24000549316406,173.58999633789062,176.9499969482422,0.0,3770900
2021-12-15,166.28138732910156,179.52999877929688,0.0,179.67999267578125,174.13999938964844,177.61000061035156,0.0,3598700
2021-12-16,159.86279296875,172.60000610351562,0.0,180.8000030517578,172.16000366210938,180.14999389648438,0.0,4817300
2021-12-17,157.55657958984375,170.11000061035156,0.0,172.4199981689453,169.0399932861328,171.1199951171875,0.0,7659800
2021-12-20,155.89866638183594,168.32000732421875,0.0,169.1199951171875,166.35000610351562,166.83999633789062,0.0,4087400
2021-12-21,159.38121032714844,172.0800018310547,0.0,172.33999633789062,168.92999267578125,170.1199951171875,0.0,3018100
2021-12-22,159.57566833496094,172.2899932861328,0.0,172.6199951171875,170.97999572753906,171.64999389648438,0.0,2025500
2021-12-23,159.91836547851562,172.66000366210938,0.0,174.44000244140625,172.57000732421875,172.8000030517578,0.0,2026200
2021-12-27,162.5210418701172,175.47000122070312,0.0,175.52999877929688,173.00999450683594,173.00999450683594,0.0,2134900
2021-12-28,161.51148986816406,174.3800048828125,0.0,176.7899932861328,174.02999877929688,176.4199981689453,0.0,1634800
2021-12-29,162.56732177734375,175.52000427246094,0.0,176.5500030517578,174.52999877929688,174.52999877929688,0.0,1685500
2021-12-30,161.88194274902344,174.77999877929688,0.0,176.9600067138672,174.47000122070312,176.0,0.0,1638600
2021-12-31,162.7988739013672,175.77000427246094,0.0,176.66000366210938,174.5800018310547,174.75,0.0,1917200
2022-01-03,164.0770263671875,177.14999389648438,0.0,177.60000610351562,174.75,175.1699981689453,0.0,2667500
2022-01-04,162.59507751464844,175.5500030517578,0.0,179.52000427246094,174.1199951171875,177.67999267578125,0.0,3889300
2022-01-05,160.08509826660156,172.83999633789062,0.0,177.17999267578125,172.72999572753906,175.32000732421875,0.0,3655200
2022-01-06,160.59451293945312,173.38999938964844,0.0,174.9600067138672,172.0399932861328,173.10000610351562,0.0,3584400
2022-01-07,156.3802947998047,168.83999633789062,0.0,173.75999450683594,166.0,173.10000610351562,0.0,6747500
2022-01-10,157.82516479492188,170.39999389648438,0.0,170.72999572753906,165.3800048828125,168.11000061035156,0.0,6017100
2022-01-11,160.81683349609375,173.6300048828125,0.0,174.02999877929688,168.4600067138672,168.77000427246094,0.0,3789300
2022-01-12,160.9279327392578,173.75,0.0,175.38999938964844,171.97000122070312,175.38999938964844,0.0,1993400
2022-01-13,157.2509307861328,169.77999877929688,0.0,176.27000427246094,169.24000549316406,175.61000061035156,0.0,3954000
2022-01-14,159.3070526123047,172.0,0.0,172.1199951171875,168.08999633789062,168.41000366210938,0.0,2869600
2022-01-18,154.21298217773438,166.5,0.0,170.1199951171875,166.1699981689453,168.69000244140625,0.0,4160300
2022-01-19,151.0268096923828,163.05999755859375,0.0,168.7899932861328,162.97000122070312,167.10000610351562,0.0,3736600
2022-01-20,146.92376708984375,158.6300048828125,0.0,164.75999450683594,158.60000610351562,163.82000732421875,0.0,4021300
2022-01-21,147.74806213378906,159.52000427246094,0.0,162.67999267578125,156.9600067138672,158.82000732421875,0.0,5547500
2022-01-24,149.5263671875,161.44000244140625,0.0,161.72000122070312,151.47000122070312,159.00999450683594,0.0,6665200
2022-01-25,144.27479553222656,155.77000427246094,0.0,159.58999633789062,155.4199981689453,157.38999938964844,0.0,4064200
2022-01-26,147.97964477539062,159.77000427246094,0.0,165.10000610351562,157.33999633789062,159.0,0.0,5850000
2022-01-27,143.18186950683594,154.58999633789062,0.0,163.75,154.0399932861328,162.60000610351562,0.0,4691100
2022-01-28,146.92376708984375,158.6300048828125,0.0,158.7100067138672,151.17999267578125,154.1199951171875,0.0,3839700
2022-01-31,151.8696746826172,163.97000122070312,0.0,164.22999572753906,157.2100067138672,158.32000732421875,0.0,4504800
2022-02-01,153.1663360595703,165.3699951171875,0.0,165.5,161.0500030517578,164.10000610351562,0.0,3038000
2022-02-02,156.44512939453125,168.91000366210938,0.0,169.42999267578125,164.89999389648438,165.42999267578125,0.0,2824500
2022-02-03,150.06356811523438,162.02000427246094,0.0,167.6199951171875,161.57000732421875,165.63999938964844,0.0,4452100
2022-02-04,149.1466064453125,161.02999877929688,0.0,162.3800048828125,156.77000427246094,160.14999389648438,0.0,5174400
2022-02-07,148.95211791992188,160.82000732421875,0.0,163.25,160.3000030517578,161.0800018310547,0.0,2443300
2022-02-08,151.09169006347656,163.1300048828125,0.0,163.67999267578125,160.39999389648438,160.92999267578125,0.0,3173200
2022-02-09,155.7967987060547,168.2100067138672,0.0,168.33999633789062,163.47999572753906,165.3800048828125,0.0,3207900
2022-02-10,149.73941040039062,161.6699981689453,0.0,168.3300018310547,161.02999877929688,163.82000732421875,0.0,3462600
2022-02-11,142.5428009033203,153.89999389648438,0.0,163.27999877929688,153.0800018310547,161.9600067138672,0.0,5455500
2022-02-14,142.6168670654297,153.97999572753906,0.0,157.08999633789062,151.52000427246094,154.9199981689453,0.0,4501500
2022-02-15,150.08209228515625,162.0399932861328,0.0,162.33999633789062,157.10000610351562,157.27000427246094,0.0,4909600
2022-02-16,155.9171600341797,168.33999633789062,0.0,168.88999938964844,161.57000732421875,161.88999938964844,0.0,5825200
2022-02-17,148.59088134765625,160.42999267578125,0.0,166.27000427246094,160.3300018310547,166.1300048828125,0.0,4702700
2022-02-18,148.5260772705078,160.36000061035156,0.0,162.6999969482422,158.57000732421875,161.11000061035156,0.0,3921600
2022-02-22,149.00770568847656,160.8800048828125,0.0,162.8800048828125,158.2899932861328,158.89999389648438,0.0,4269500
2022-02-23,144.94166564941406,156.49000549316406,0.0,163.5,156.1699981689453,162.07000732421875,0.0,5087000
2022-02-24,148.72042846679688,159.7899932861328,0.76,160.0,152.02999877929688,154.3300018310547,0.0,4152200
2022-02-25,150.8889923095703,162.1199951171875,0.0,162.17999267578125,157.6699981689453,159.8800048828125,0.0,2741600
2022-02-28,149.1857452392578,160.2899932861328,0.0,161.3300018310547,157.24000549316406,161.3300018310547,0.0,3606900
2022-03-01,146.07716369628906,156.9499969482422,0.0,160.75,155.5500030517578,159.52999877929688,0.0,3761800
2022-03-02,148.7483367919922,159.82000732421875,0.0,161.52999877929688,157.11000061035156,157.47000122070312,0.0,2578700
2022-03-03,148.2457275390625,159.27999877929688,0.0,161.6999969482422,156.97000122070312,161.4600067138672,0.0,2656100
2022-03-04,145.98406982421875,156.85000610351562,0.0,159.27000427246094,155.75,157.67999267578125,0.0,2778600
2022-03-07,136.14630126953125,146.27999877929688,0.0,157.33999633789062,146.2100067138672,157.02000427246094,0.0,5701300
2022-03-08,138.2311553955078,148.52000427246094,0.0,152.77999877929688,143.85000610351562,146.02000427246094,0.0,4745200
2022-03-09,142.9778289794922,153.6199951171875,0.0,155.05999755859375,151.3000030517578,153.08999633789062,0.0,3046300
2022-03-10,140.1298370361328,150.55999755859375,0.0,151.7899932861328,147.85000610351562,150.85000610351562,0.0,4035700
2022-03-11,137.37490844726562,147.60000610351562,0.0,153.77999877929688,147.2899932861328,153.1999969482422,0.0,3964300
2022-03-14,135.54136657714844,145.6300048828125,0.0,148.83999633789062,143.80999755859375,147.52000427246094,0.0,3910500
2022-03-15,140.4648895263672,150.9199981689453,0.0,151.4600067138672,146.41000366210938,147.32000732421875,0.0,3309900
2022-03-16,147.58494567871094,158.57000732421875,0.0,158.75,152.52999877929688,153.08999633789062,0.0,4376200
2022-03-17,148.897216796875,159.97999572753906,0.0,160.0500030517578,155.75999450683594,156.8699951171875,0.0,4272400
2022-03-18,152.12684631347656,163.4499969482422,0.0,163.94000244140625,157.08999633789062,158.55999755859375,0.0,9901900
2022-03-21,152.843505859375,164.22000122070312,0.0,164.74000549316406,161.47000122070312,161.8000030517578,0.0,3258900
2022-03-22,153.35540771484375,164.77000427246094,0.0,166.49000549316406,163.4199981689453,163.7899932861328,0.0,2568300
2022-03-23,148.11541748046875,159.13999938964844,0.0,164.30999755859375,158.7899932861328,163.3800048828125,0.0,3409900
2022-03-24,153.53225708007812,164.9600067138672,0.0,165.05999755859375,159.86000061035156,160.82000732421875,0.0,3152200
2022-03-25,154.1558380126953,165.6300048828125,0.0,165.9199981689453,162.86000061035156,165.05999755859375,0.0,2236300
2022-03-28,155.67291259765625,167.25999450683594,0.0,167.4499969482422,163.35000610351562,164.17999267578125,0.0,2745200
2022-03-29,158.39059448242188,170.17999267578125,0.0,171.55999755859375,167.72999572753906,169.0500030517578,0.0,3127700
2022-03-30,154.94696044921875,166.47999572753906,0.0,170.0,165.77999877929688,168.77999877929688,0.0,2689100
2022-03-31,153.7369842529297,165.17999267578125,0.0,167.94000244140625,165.0800018310547,166.9600067138672,0.0,3881500
2022-04-01,153.90457153320312,165.36000061035156,0.0,167.13999938964844,162.85000610351562,166.5,0.0,2941000
2022-04-04,153.10411071777344,164.5,0.0,165.9499969482422,161.72000122070312,165.1699981689453,0.0,4159600
2022-04-05,148.897216796875,159.97999572753906,0.0,163.50999450683594,155.8699951171875,162.50999450683594,0.0,7223600
2022-04-06,149.17645263671875,160.27999877929688,0.0,164.27999877929688,157.27000427246094,157.4199981689453,0.0,6036000
2022-04-07,150.07928466796875,161.25,0.0,162.91000366210938,159.13999938964844,159.27000427246094,0.0,3161800
2022-04-08,147.7431640625,158.74000549316406,0.0,161.00999450683594,158.39999389648438,160.4600067138672,0.0,3025000
2022-04-11,144.1598358154297,154.88999938964844,0.0,158.08999633789062,154.69000244140625,157.6699981689453,0.0,3693700
2022-04-12,144.72760009765625,155.5,0.0,159.55999755859375,154.99000549316406,157.3300018310547,0.0,2580000
2022-04-13,147.16607666015625,158.1199951171875,0.0,158.9600067138672,155.2100067138672,156.72000122070312,0.0,2335200
2022-04-14,145.6583251953125,156.5,0.0,159.86000061035156,156.2899932861328,158.3699951171875,0.0,5228700
2022-04-18,149.23226928710938,160.33999633789062,0.0,161.25,156.1699981689453,156.27999877929688,0.0,2728500
2022-04-19,151.0751495361328,162.32000732421875,0.0,162.8000030517578,158.61000061035156,160.33999633789062,0.0,2674700
2022-04-20,150.2002716064453,161.3800048828125,0.0,165.55999755859375,160.5399932861328,164.4600067138672,0.0,2582400
2022-04-21,147.7152099609375,158.7100067138672,0.0,164.67999267578125,157.97000122070312,162.5,0.0,3555000
2022-04-22,144.49490356445312,155.25,0.0,159.6300048828125,155.1699981689453,157.97999572753906,0.0,2640400
2022-04-25,147.91067504882812,158.9199981689453,0.0,159.14999389648438,153.75999450683594,154.19000244140625,0.0,4487500
2022-04-26,142.22396850585938,152.80999755859375,0.0,157.32000732421875,152.74000549316406,156.92999267578125,0.0,3661200
2022-04-27,141.20945739746094,151.72000122070312,0.0,155.72999572753906,149.67999267578125,150.0,0.0,3077300
2022-04-28,149.33470153808594,160.4499969482422,0.0,162.27000427246094,153.72999572753906,154.1300048828125,0.0,4156000
2022-04-29,143.68521118164062,154.3800048828125,0.0,159.72000122070312,154.24000549316406,158.0399932861328,0.0,4835800
2022-05-02,147.19403076171875,158.14999389648438,0.0,158.5399932861328,152.7899932861328,155.33999633789062,0.0,2865900
2022-05-03,147.86412048339844,158.8699951171875,0.0,159.7100067138672,156.50999450683594,157.8800048828125,0.0,2441900
2022-05-04,153.35540771484375,164.77000427246094,0.0,164.9199981689453,154.25999450683594,158.67999267578125,0.0,3940400
2022-05-05,147.27780151367188,158.24000549316406,0.0,163.3699951171875,156.50999450683594,162.02000427246094,0.0,3961500
2022-05-06,145.31396484375,156.1300048828125,0.0,158.77000427246094,154.35000610351562,156.5500030517578,0.0,2710400
2022-05-09,141.7027587890625,152.25,0.0,156.02999877929688,151.77999877929688,154.1999969482422,0.0,4123100
2022-05-10,144.46697998046875,155.22000122070312,0.0,158.50999450683594,152.64999389648438,155.94000244140625,0.0,3157800
2022-05-11,141.46075439453125,151.99000549316406,0.0,157.30999755859375,151.75,153.42999267578125,0.0,3861700
2022-05-12,142.2983856201172,152.88999938964844,0.0,153.67999267578125,149.97000122070312,151.0399932861328,0.0,3117700
2022-05-13,147.7431640625,158.74000549316406,0.0,159.6999969482422,153.8800048828125,155.0399932861328,0.0,4783200
2022-05-16,146.53318786621094,157.44000244140625,0.0,159.17999267578125,155.5800018310547,157.22999572753906,0.0,2328400
2022-05-17,152.4898223876953,163.83999633789062,0.0,164.3800048828125,160.6199951171875,160.99000549316406,0.0,4952200
2022-05-18,148.84140014648438,159.9199981689453,0.0,166.3300018310547,159.24000549316406,166.3300018310547,0.0,5684400
2022-05-19,149.7907257080078,160.94000244140625,0.0,164.1699981689453,159.0800018310547,160.85000610351562,0.0,3812600
2022-05-20,151.1868133544922,162.44000244140625,0.0,165.16000366210938,156.72000122070312,163.60000610351562,0.0,3977400
2022-05-23,150.35848999023438,161.5500030517578,0.0,163.5,159.8800048828125,161.6199951171875,0.0,2291100
2022-05-24,150.63771057128906,161.85000610351562,0.0,163.25,158.80999755859375,159.8800048828125,0.0,3172000
2022-05-25,151.0751495361328,162.32000732421875,0.0,163.24000549316406,159.33999633789062,160.47000122070312,0.0,2500300
2022-05-26,152.63873291015625,164.0,0.0,165.88999938964844,161.41000366210938,162.36000061035156,0.0,3820100
2022-05-27,156.66883850097656,167.5500030517578,0.76,168.16000366210938,164.1699981689453,165.49000549316406,0.0,4942300
2022-05-31,157.4636688232422,168.39999389648438,0.0,169.58999633789062,163.58999633789062,166.89999389648438,0.0,5102500
2022-06-01,154.0693817138672,164.77000427246094,0.0,169.30999755859375,163.32000732421875,169.17999267578125,0.0,3283600
2022-06-02,158.2490997314453,169.24000549316406,0.0,169.41000366210938,163.67999267578125,164.50999450683594,0.0,2637700
2022-06-03,154.5088653564453,165.24000549316406,0.0,166.97999572753906,164.80999755859375,166.58999633789062,0.0,2539100
2022-06-06,154.53692626953125,165.27000427246094,0.0,168.8300018310547,164.55999755859375,167.35000610351562,0.0,2273800
2022-06-07,156.1078338623047,166.9499969482422,0.0,167.33999633789062,162.83999633789062,163.74000549316406,0.0,2108000
2022-06-08,154.29380798339844,165.00999450683594,0.0,167.9600067138672,163.92999267578125,165.86000061035156,0.0,2928800
2022-06-09,151.11463928222656,161.61000061035156,0.0,167.02999877929688,161.50999450683594,163.99000549316406,0.0,3144800
2022-06-10,146.7292022705078,156.9199981689453,0.0,160.17999267578125,156.80999755859375,158.35000610351562,0.0,3369800
2022-06-13,138.17343139648438,147.77000427246094,0.0,154.42999267578125,147.3300018310547,153.22999572753906,0.0,5861600
2022-06-14,137.61241149902344,147.1699981689453,0.0,150.13999938964844,146.0500030517578,149.2100067138672,0.0,2765000
2022-06-15,140.33338928222656,150.0800018310547,0.0,152.47000122070312,146.72999572753906,149.1699981689453,0.0,3263200
2022-06-16,134.14334106445312,143.4600067138672,0.0,146.36000061035156,141.69000244140625,146.36000061035156,0.0,4722800
2022-06-17,135.2373504638672,144.6300048828125,0.0,145.5,141.7899932861328,144.02000427246094,0.0,6723900
2022-06-21,138.71575927734375,148.35000610351562,0.0,150.2899932861328,147.2899932861328,147.3300018310547,0.0,3085600
2022-06-22,138.06121826171875,147.64999389648438,0.0,148.97999572753906,145.86000061035156,146.9499969482422,0.0,3720400
2022-06-23,136.08824157714844,145.5399932861328,0.0,149.2100067138672,143.94000244140625,149.02000427246094,0.0,2946000
2022-06-24,139.96875,149.69000244140625,0.0,150.0500030517578,147.1999969482422,147.58999633789062,0.0,5108900
2022-06-27,140.81031799316406,150.58999633789062,0.0,152.3300018310547,149.5399932861328,151.10000610351562,0.0,2048300
2022-06-28,138.84671020507812,148.49000549316406,0.0,153.16000366210938,148.3699951171875,151.41000366210938,0.0,2786500
2022-06-29,137.70591735839844,147.27000427246094,0.0,147.50999450683594,144.75,146.91000366210938,0.0,2586600
2022-06-30,136.6025390625,146.08999633789062,0.0,149.22000122070312,143.3000030517578,145.4499969482422,0.0,4158000
2022-07-01,133.62901306152344,142.91000366210938,0.0,145.10000610351562,140.52000427246094,143.94000244140625,0.0,3175000
2022-07-05,133.77870178222656,143.07000732421875,0.0,143.1699981689453,138.5,139.89999389648438,0.0,3792500
2022-07-06,135.30279541015625,144.6999969482422,0.0,145.91000366210938,142.02999877929688,143.63999938964844,0.0,2708600
2022-07-07,138.92144775390625,148.57000732421875,0.0,149.67999267578125,147.24000549316406,147.7100067138672,0.0,2742600
2022-07-08,140.20248413085938,149.94000244140625,0.0,150.5399932861328,145.72000122070312,147.39999389648438,0.0,1997900
2022-07-11,137.97706604003906,147.55999755859375,0.0,149.25999450683594,146.25999450683594,148.17999267578125,0.0,2684900
2022-07-12,138.4352569580078,148.0500030517578,0.0,150.17999267578125,147.39999389648438,148.4600067138672,0.0,2305800
2022-07-13,139.50119018554688,149.19000244140625,0.0,149.97000122070312,145.19000244140625,145.49000549316406,0.0,2306900
2022-07-14,143.3536376953125,153.30999755859375,0.0,154.16000366210938,147.22000122070312,148.75,0.0,3794000
2022-07-15,147.7110137939453,157.97000122070312,0.0,158.27999877929688,153.3300018310547,153.83999633789062,0.0,3736600
2022-07-18,145.16763305664062,155.25,0.0,159.38999938964844,154.3699951171875,158.83999633789062,0.0,2930000
2022-07-19,150.96498107910156,161.4499969482422,0.0,162.0,156.8300018310547,156.92999267578125,0.0,3582000
2022-07-20,152.52655029296875,163.1199951171875,0.0,163.72000122070312,158.75999450683594,159.64999389648438,0.0,3126000
2022-07-21,154.46212768554688,165.19000244140625,0.0,165.24000549316406,162.27999877929688,164.3800048828125,0.0,2990800
2022-07-22,152.6667938232422,163.27000427246094,0.0,165.66000366210938,162.30999755859375,165.66000366210938,0.0,2944900
2022-07-25,152.4517364501953,163.0399932861328,0.0,163.14999389648438,160.27000427246094,162.9499969482422,0.0,3085800
2022-07-26,151.27357482910156,161.77999877929688,0.0,164.27000427246094,161.25999450683594,163.5500030517578,0.0,3151300
2022-07-27,157.398193359375,168.3300018310547,0.0,169.6300048828125,163.25999450683594,163.25999450683594,0.0,4672500
2022-07-28,158.6511993408203,169.6699981689453,0.0,170.9499969482422,167.3000030517578,168.7100067138672,0.0,3880200
2022-07-29,160.79246520996094,171.9600067138672,0.0,172.72000122070312,167.7100067138672,168.39999389648438,0.0,4744400
2022-08-01,160.32493591308594,171.4600067138672,0.0,172.3699951171875,169.44000244140625,170.7100067138672,0.0,2277100
2022-08-02,159.67971801757812,170.77000427246094,0.0,172.52999877929688,169.61000061035156,170.27999877929688,0.0,2179600
2022-08-03,164.9066925048828,176.36000061035156,0.0,176.97999572753906,171.0,171.0,0.0,2766400
2022-08-04,165.46775817871094,176.9600067138672,0.0,177.9499969482422,175.13999938964844,176.3699951171875,0.0,2395100
2022-08-05,165.73892211914062,177.25,0.0,177.52000427246094,174.10000610351562,174.75,0.0,2495300
2022-08-08,164.43917846679688,175.86000061035156,0.0,177.75,173.77999877929688,176.22000122070312,0.0,2308600
2022-08-09,159.30572509765625,170.3699951171875,0.0,173.88999938964844,169.0399932861328,173.41000366210938,0.0,3717700
2022-08-10,163.70985412597656,175.0800018310547,0.0,175.3000030517578,171.22000122070312,173.72000122070312,0.0,3213500
2022-08-11,163.2142791748047,174.5500030517578,0.0,178.27999877929688,174.22999572753906,176.16000366210938,0.0,2709900
2022-08-12,167.6183624267578,179.25999450683594,0.0,179.75999450683594,175.22999572753906,175.22999572753906,0.0,3198300
2022-08-15,168.20745849609375,179.88999938964844,0.0,180.00999450683594,177.42999267578125,178.41000366210938,0.0,2798500
2022-08-16,167.41261291503906,179.0399932861328,0.0,179.72999572753906,176.80999755859375,179.32000732421875,0.0,3138200
2022-08-17,159.08131408691406,170.1300048828125,0.0,174.02000427246094,167.10000610351562,174.0,0.0,6158600
2022-08-18,159.08131408691406,170.1300048828125,0.0,172.47999572753906,165.94000244140625,167.72999572753906,0.0,4513300
2022-08-19,157.08961486816406,168.0,0.0,168.89999389648438,167.02000427246094,168.42999267578125,0.0,3396500
2022-08-22,153.19976806640625,163.83999633789062,0.0,166.27999877929688,162.92999267578125,165.16000366210938,0.0,3731100
2022-08-23,153.73275756835938,164.41000366210938,0.0,166.2899932861328,163.47999572753906,163.47999572753906,0.0,2128300
2022-08-24,153.0220947265625,163.64999389648438,0.0,164.85000610351562,162.24000549316406,163.80999755859375,0.0,3253100
2022-08-25,156.22006225585938,167.07000732421875,0.0,167.25,164.17999267578125,164.2899932861328,0.0,2981700
2022-08-26,148.3655242919922,158.6699981689453,0.0,167.47999572753906,158.50999450683594,166.83999633789062,0.0,4238300
2022-08-29,145.8099365234375,155.19000244140625,0.76,157.85000610351562,154.1699981689453,156.82000732421875,0.0,3353300
2022-08-30,143.49862670898438,152.72999572753906,0.0,156.25999450683594,151.52000427246094,156.1300048828125,0.0,3670100
2022-08-31,142.37118530273438,151.52999877929688,0.0,153.4600067138672,150.33999633789062,153.4600067138672,0.0,3535300
2022-09-01,141.58192443847656,150.69000244140625,0.0,151.0399932861328,146.5399932861328,148.99000549316406,0.0,3783900
2022-09-02,139.64646911621094,148.6300048828125,0.0,153.25,147.85000610351562,151.66000366210938,0.0,2787500
2022-09-06,139.27066040039062,148.22999572753906,0.0,150.07000732421875,146.52999877929688,148.61000061035156,0.0,2480300
2022-09-07,141.5913543701172,150.6999969482422,0.0,151.80999755859375,148.22000122070312,149.5800018310547,0.0,2496600
2022-09-08,142.93492126464844,152.1300048828125,0.0,152.83999633789062,148.85000610351562,149.5800018310547,0.0,2457600
2022-09-09,144.86099243164062,154.17999267578125,0.0,155.1999969482422,152.49000549316406,152.49000549316406,0.0,2620300
2022-09-12,146.24217224121094,155.64999389648438,0.0,155.85000610351562,153.69000244140625,155.44000244140625,0.0,3866800
2022-09-13,139.2894287109375,148.25,0.0,152.1999969482422,147.8000030517578,151.0,0.0,4202100
2022-09-14,141.1685333251953,150.25,0.0,151.2899932861328,147.99000549316406,149.52000427246094,0.0,2272900
2022-09-15,138.932373046875,147.8699951171875,0.0,150.75999450683594,146.99000549316406,149.6999969482422,0.0,3142400
2022-09-16,140.2853240966797,149.30999755859375,0.0,149.47999572753906,145.1699981689453,146.72999572753906,0.0,4592400
2022-09-19,140.5672149658203,149.61000061035156,0.0,150.38999938964844,147.8699951171875,148.07000732421875,0.0,2398200
2022-09-20,140.72695922851562,149.77999877929688,0.0,150.50999450683594,148.25999450683594,148.6999969482422,0.0,2574300
2022-09-21,139.46791076660156,148.44000244140625,0.0,154.0,148.33999633789062,149.9600067138672,0.0,3315600
2022-09-22,136.55531311035156,145.33999633789062,0.0,148.3300018310547,144.1999969482422,147.99000549316406,0.0,3355700
2022-09-23,133.34201049804688,141.9199981689453,0.0,144.3800048828125,140.08999633789062,143.80999755859375,0.0,4839300
2022-09-26,132.3085479736328,140.82000732421875,0.0,143.74000549316406,140.6199951171875,142.6699981689453,0.0,4502400
2022-09-27,133.23867797851562,141.80999755859375,0.0,143.92999267578125,139.8699951171875,142.69000244140625,0.0,2964300
2022-09-28,135.8412628173828,144.5800018310547,0.0,145.35000610351562,139.9199981689453,140.85000610351562,0.0,3307000
2022-09-29,133.40780639648438,141.99000549316406,0.0,142.89999389648438,139.9199981689453,142.89999389648438,0.0,3453500
2022-09-30,130.91796875,139.33999633789062,0.0,142.6300048828125,139.24000549316406,140.86000061035156,0.0,3525900
2022-10-03,136.35800170898438,145.1300048828125,0.0,146.61000061035156,139.85000610351562,141.27999877929688,0.0,4708300
2022-10-04,141.7322998046875,150.85000610351562,0.0,151.75,148.00999450683594,148.25,0.0,4181800
2022-10-05,142.70944213867188,151.88999938964844,0.0,152.9600067138672,148.83999633789062,149.10000610351562,0.0,3052000
2022-10-06,141.84506225585938,150.97000122070312,0.0,153.6199951171875,150.72000122070312,151.3300018310547,0.0,2286500
2022-10-07,136.16067504882812,144.9199981689453,0.0,148.6300048828125,144.1300048828125,147.6699981689453,0.0,4351100
2022-10-10,132.38363647460938,140.89999389648438,0.0,145.47999572753906,138.91000366210938,145.13999938964844,0.0,3828700
2022-10-11,130.41058349609375,138.8000030517578,0.0,141.07000732421875,136.9600067138672,139.66000366210938,0.0,4735300
2022-10-12,130.21327209472656,138.58999633789062,0.0,140.33999633789062,138.39999389648438,139.02999877929688,0.0,2541100
2022-10-13,134.1218719482422,142.75,0.0,143.94000244140625,133.47999572753906,134.6999969482422,0.0,5040500
2022-10-14,128.4657440185547,136.72999572753906,0.0,144.9499969482422,136.5,144.6199951171875,0.0,4970400
2022-10-17,130.7112579345703,139.1199951171875,0.0,141.27999877929688,137.75,140.0500030517578,0.0,5039800
2022-10-18,132.57159423828125,141.10000610351562,0.0,145.2100067138672,139.33999633789062,144.63999938964844,0.0,3280300
2022-10-19,132.7876739501953,141.3300018310547,0.0,142.97000122070312,139.25999450683594,140.75999450683594,0.0,2465400
2022-10-20,133.4923553466797,142.0800018310547,0.0,146.75,141.25,142.44000244140625,0.0,3341100
2022-10-21,137.72975158691406,146.58999633789062,0.0,147.4199981689453,140.9499969482422,141.92999267578125,0.0,3612400
2022-10-24,135.79425048828125,144.52999877929688,0.0,146.8800048828125,142.3800048828125,144.97999572753906,0.0,3334500
2022-10-25,137.52304077148438,146.3699951171875,0.0,147.50999450683594,144.41000366210938,145.05999755859375,0.0,3644800
2022-10-26,132.8346405029297,141.3800048828125,0.0,145.64999389648438,140.5399932861328,142.77000427246094,0.0,6726400
2022-10-27,132.1769561767578,140.67999267578125,0.0,143.35000610351562,140.0399932861328,142.49000549316406,0.0,4666400
2022-10-28,136.1230926513672,144.8800048828125,0.0,145.99000549316406,141.14999389648438,141.5,0.0,3482000
2022-10-31,133.99972534179688,142.6199951171875,0.0,143.8800048828125,140.60000610351562,143.80999755859375,0.0,3078300
2022-11-01,135.9539794921875,144.6999969482422,0.0,145.91000366210938,143.32000732421875,145.11000061035156,0.0,2322800
2022-11-02,132.70310974121094,141.24000549316406,0.0,147.80999755859375,141.02000427246094,145.44000244140625,0.0,3327700
2022-11-03,129.67771911621094,138.02000427246094,0.0,141.00999450683594,137.7899932861328,139.39999389648438,0.0,3706400
2022-11-04,135.56878662109375,144.2899932861328,0.0,145.39999389648438,141.11000061035156,142.32000732421875,0.0,5004300
2022-11-07,139.92831420898438,148.92999267578125,0.0,149.19000244140625,143.8800048828125,145.80999755859375,0.0,3981600
2022-11-08,141.9107666015625,151.0399932861328,0.0,155.60000610351562,150.02999877929688,151.13999938964844,0.0,4968300
2022-11-09,139.27066040039062,148.22999572753906,0.0,150.83999633789062,147.58999633789062,149.13999938964844,0.0,3696300
2022-11-10,150.6768341064453,160.3699951171875,0.0,160.75999450683594,154.5,155.91000366210938,0.0,5617300
2022-11-11,154.143798828125,164.05999755859375,0.0,164.88999938964844,159.30999755859375,159.39999389648438,0.0,3211500
2022-11-14,151.5130615234375,161.25999450683594,0.0,166.80999755859375,160.85000610351562,163.1199951171875,0.0,4269700
2022-11-15,155.1867218017578,165.1699981689453,0.0,167.86000061035156,162.55999755859375,167.4600067138672,0.0,4158100
2022-11-16,151.52244567871094,161.27000427246094,0.0,162.11000061035156,160.22999572753906,161.88999938964844,0.0,3859000
2022-11-17,151.7103729248047,161.47000122070312,0.0,161.69000244140625,158.08999633789062,158.4499969482422,0.0,2835400
2022-11-18,152.06741333007812,161.85000610351562,0.0,163.8800048828125,160.97000122070312,163.55999755859375,0.0,4016500
2022-11-21,149.61514282226562,159.24000549316406,0.0,162.00999450683594,159.14999389648438,161.16000366210938,0.0,6276300
2022-11-22,158.24969482421875,168.42999267578125,0.0,168.85000610351562,162.7100067138672,165.17999267578125,0.0,5739900
2022-11-23,158.97315979003906,169.1999969482422,0.0,173.3000030517578,167.6999969482422,169.35000610351562,0.0,3851800
2022-11-25,156.99070739746094,167.08999633789062,0.0,169.5,166.97999572753906,169.0399932861328,0.0,1698600
2022-11-28,154.09686279296875,164.00999450683594,0.0,167.3000030517578,162.5399932861328,164.88999938964844,0.0,3910900
2022-11-29,153.98411560058594,163.88999938964844,0.0,165.00999450683594,162.41000366210938,164.75999450683594,0.0,2685800
2022-11-30,161.51934814453125,171.91000366210938,0.0,172.19000244140625,162.6999969482422,164.55999755859375,0.0,5396300
2022-12-01,161.11532592773438,171.47999572753906,0.0,173.2100067138672,169.75999450683594,173.2100067138672,0.0,3222200
2022-12-02,159.1429443359375,168.6300048828125,0.76,168.7899932861328,165.24000549316406,167.1999969482422,0.0,3055200
2022-12-05,158.39736938476562,167.83999633789062,0.0,168.89999389648438,166.77999877929688,167.86000061035156,0.0,2615800
2022-12-06,157.14219665527344,166.50999450683594,0.0,168.4499969482422,165.3000030517578,167.75,0.0,3572100
2022-12-07,156.67031860351562,166.00999450683594,0.0,168.47999572753906,165.00999450683594,166.2899932861328,0.0,1881600
2022-12-08,160.10556030273438,169.64999389648438,0.0,169.8000030517578,165.9199981689453,167.07000732421875,0.0,2836300
2022-12-09,159.1901092529297,168.67999267578125,0.0,170.36000061035156,167.89999389648438,168.47000122070312,0.0,2514900
2022-12-12,162.56871032714844,172.25999450683594,0.0,172.33999633789062,167.74000549316406,169.1699981689453,0.0,2966800
2022-12-13,165.61697387695312,175.49000549316406,0.0,179.9499969482422,173.67999267578125,178.00999450683594,0.0,4778100
2022-12-14,162.02134704589844,171.67999267578125,0.0,176.85000610351562,170.11000061035156,175.8699951171875,0.0,3202500
2022-12-15,156.7458038330078,166.08999633789062,0.0,169.77000427246094,165.49000549316406,169.22000122070312,0.0,3985000
2022-12-16,157.4347686767578,166.82000732421875,0.0,167.25,164.07000732421875,165.27999877929688,0.0,7411900
2022-12-19,155.84930419921875,165.13999938964844,0.0,167.49000549316406,163.75,167.44000244140625,0.0,2621800
2022-12-20,155.0848388671875,164.3300018310547,0.0,165.80999755859375,163.55999755859375,163.72000122070312,0.0,2102300
2022-12-21,157.99160766601562,167.41000366210938,0.0,167.83999633789062,165.22000122070312,165.3800048828125,0.0,2181400
2022-12-22,154.53749084472656,163.75,0.0,164.8300018310547,161.05999755859375,164.8300018310547,0.0,2972000
2022-12-23,154.62237548828125,163.83999633789062,0.0,164.1199951171875,161.25,162.6999969482422,0.0,1498300
2022-12-27,153.07470703125,162.1999969482422,0.0,163.6999969482422,161.14999389648438,163.57000732421875,0.0,1932000
2022-12-28,151.2626953125,160.27999877929688,0.0,163.57000732421875,160.05999755859375,161.5,0.0,1499900
2022-12-29,154.75454711914062,163.97999572753906,0.0,164.77999877929688,161.5,162.5800018310547,0.0,2148900
2022-12-30,154.8017120361328,164.02999877929688,0.0,164.16000366210938,160.75999450683594,162.36000061035156,0.0,1619400
2023-01-03,153.3105926513672,162.4499969482422,0.0,166.1999969482422,161.44000244140625,165.57000732421875,0.0,4475700
2023-01-04,156.57595825195312,165.91000366210938,0.0,167.58999633789062,163.75999450683594,165.3800048828125,0.0,3477900
2023-01-05,150.7058868408203,159.69000244140625,0.0,165.6300048828125,159.5800018310547,164.47000122070312,0.0,4750300
2023-01-06,156.20790100097656,165.52000427246094,0.0,166.75,159.92999267578125,161.75999450683594,0.0,3483400
2023-01-09,157.69900512695312,167.10000610351562,0.0,169.91000366210938,165.67999267578125,167.38999938964844,0.0,3734100
2023-01-10,159.69972229003906,169.22000122070312,0.0,169.75,166.5,166.5,0.0,2351900
2023-01-11,160.23765563964844,169.7899932861328,0.0,170.1300048828125,167.30999755859375,167.72000122070312,0.0,3068900
2023-01-12,159.18067932128906,168.6699981689453,0.0,170.63999938964844,167.16000366210938,170.02000427246094,0.0,2478100
2023-01-13,159.47325134277344,168.97999572753906,0.0,169.42999267578125,166.4199981689453,167.5,0.0,1891200
2023-01-17,157.51971435546875,166.91000366210938,0.0,169.1699981689453,166.0500030517578,167.91000366210938,0.0,3320200
2023-01-18,156.66091918945312,166.0,0.0,169.3800048828125,165.89999389648438,168.52999877929688,0.0,2627700
2023-01-19,153.95236206054688,163.1300048828125,0.0,165.63999938964844,162.10000610351562,165.55999755859375,0.0,3082500
2023-01-20,155.87757873535156,165.1699981689453,0.0,165.24000549316406,161.0399932861328,163.82000732421875,0.0,3841900
2023-01-23,160.114990234375,169.66000366210938,0.0,170.25,165.6199951171875,166.5399932861328,0.0,3521900
2023-01-24,159.36001586914062,168.86000061035156,0.0,170.02999877929688,167.36000061035156,167.91000366210938,0.0,2407100
2023-01-25,158.97305297851562,168.4499969482422,0.0,168.72999572753906,164.2100067138672,166.6199951171875,0.0,2739800
2023-01-26,161.13421630859375,170.74000549316406,0.0,170.9499969482422,166.86000061035156,169.94000244140625,0.0,3539900
2023-01-27,161.2191925048828,170.8300018310547,0.0,172.02999877929688,168.39999389648438,169.07000732421875,0.0,2453400
2023-01-30,159.42605590820312,168.92999267578125,0.0,171.14999389648438,168.33999633789062,169.10000610351562,0.0,3135600
2023-01-31,161.82315063476562,171.47000122070312,0.0,171.52000427246094,168.89999389648438,168.92999267578125,0.0,2549400
2023-02-01,166.65509033203125,176.58999633789062,0.0,178.50999450683594,171.22999572753906,171.3300018310547,0.0,4200300
2023-02-02,169.212646484375,179.3000030517578,0.0,180.0500030517578,176.19000244140625,177.86000061035156,0.0,4206200
2023-02-03,168.7596435546875,178.82000732421875,0.0,181.33999633789062,176.22000122070312,176.92999267578125,0.0,4005700
2023-02-06,167.56109619140625,177.5500030517578,0.0,179.32000732421875,176.3699951171875,176.99000549316406,0.0,2916600
2023-02-07,170.83587646484375,181.02000427246094,0.0,181.86000061035156,177.00999450683594,178.38999938964844,0.0,3531600
2023-02-08,167.75929260253906,177.75999450683594,0.0,179.8699951171875,177.39999389648438,178.64999389648438,0.0,3520600
2023-02-09,168.47653198242188,178.52000427246094,0.0,182.22999572753906,177.32000732421875,180.75,0.0,2983300
2023-02-10,168.41990661621094,178.4600067138672,0.0,179.02000427246094,176.07000732421875,177.13999938964844,0.0,4003300
2023-02-13,170.2979736328125,180.4499969482422,0.0,181.6300048828125,178.9499969482422,179.3800048828125,0.0,3975500
2023-02-14,172.27035522460938,182.5399932861328,0.0,183.1300048828125,178.52999877929688,179.07000732421875,0.0,3784200
2023-02-15,185.1429901123047,196.17999267578125,0.0,196.41000366210938,191.10000610351562,194.33999633789062,0.0,7456000
2023-02-16,182.92520141601562,193.8300018310547,0.0,196.3000030517578,192.9600067138672,194.55999755859375,0.0,4481700
2023-02-17,181.8682098388672,192.7100067138672,0.0,194.39999389648438,191.36000061035156,193.08999633789062,0.0,3774900
2023-02-21,175.5074005126953,185.97000122070312,0.0,191.17999267578125,185.47999572753906,190.6300048828125,0.0,5117800
2023-02-22,173.4217529296875,183.75999450683594,0.0,186.67999267578125,182.83999633789062,186.67999267578125,0.0,3512600
2023-02-23,175.2053680419922,185.64999389648438,0.0,187.47000122070312,183.13999938964844,186.97999572753906,0.0,4501800
2023-02-24,173.4513397216797,182.94000244140625,0.86,183.8699951171875,181.61000061035156,183.27999877929688,0.0,3177900
2023-02-27,173.6693878173828,183.1699981689453,0.0,185.89999389648438,182.94000244140625,185.5800018310547,0.0,2769500
2023-02-28,173.95384216308594,183.47000122070312,0.0,185.52999877929688,182.5399932861328,183.0,0.0,2644400
2023-03-01,173.61251831054688,183.11000061035156,0.0,185.52999877929688,182.6999969482422,183.86000061035156,0.0,2600300
2023-03-02,175.0157470703125,184.58999633789062,0.0,185.30999755859375,179.22000122070312,181.1300048828125,0.0,2906400
2023-03-03,176.58966064453125,186.25,0.0,186.8000030517578,182.94000244140625,185.30999755859375,0.0,3112400
2023-03-06,175.89755249023438,185.52000427246094,0.0,188.55999755859375,185.08999633789062,187.32000732421875,0.0,2664100
2023-03-07,175.34759521484375,184.94000244140625,0.0,186.94000244140625,183.50999450683594,186.02999877929688,0.0,2415100
2023-03-08,176.89305114746094,186.57000732421875,0.0,187.4499969482422,185.1999969482422,186.3699951171875,0.0,3182000
2023-03-09,174.03921508789062,183.55999755859375,0.0,188.7899932861328,183.3800048828125,187.1199951171875,0.0,3627300
2023-03-10,172.33255004882812,181.75999450683594,0.0,185.5800018310547,181.3300018310547,184.72999572753906,0.0,3166800
2023-03-13,173.08160400390625,182.5500030517578,0.0,184.3000030517578,179.0800018310547,179.80999755859375,0.0,3310200
2023-03-14,176.9025421142578,186.5800018310547,0.0,188.02999877929688,183.99000549316406,184.9600067138672,0.0,4147400
2023-03-15,173.4418487548828,182.92999267578125,0.0,185.50999450683594,180.33999633789062,184.22999572753906,0.0,3972700
2023-03-16,176.949951171875,186.6300048828125,0.0,187.30999755859375,180.1999969482422,181.32000732421875,0.0,3753500
2023-03-17,176.2104034423828,185.85000610351562,0.0,188.8000030517578,184.47000122070312,187.38999938964844,0.0,6216500
2023-03-20,177.35765075683594,187.05999755859375,0.0,187.52000427246094,185.1199951171875,186.10000610351562,0.0,3033500
2023-03-21,178.62811279296875,188.39999389648438,0.0,189.9199981689453,186.0,188.8800048828125,0.0,3232700
2023-03-22,176.9309844970703,186.61000061035156,0.0,191.5,186.35000610351562,188.86000061035156,0.0,3481000
2023-03-23,179.62371826171875,189.4499969482422,0.0,192.5399932861328,187.05999755859375,188.97000122070312,0.0,2658300
2023-03-24,177.95498657226562,187.69000244140625,0.0,189.4199981689453,185.66000366210938,189.10000610351562,0.0,3401800
2023-03-27,175.1864471435547,184.77000427246094,0.0,188.36000061035156,184.47999572753906,188.25,0.0,3616900
2023-03-28,174.07711791992188,183.60000610351562,0.0,184.0,180.8800048828125,183.72000122070312,0.0,3319900
2023-03-29,179.35821533203125,189.1699981689453,0.0,190.3000030517578,186.0399932861328,186.0399932861328,0.0,3577800
2023-03-30,184.13681030273438,194.2100067138672,0.0,195.1300048828125,190.88999938964844,191.25,0.0,4367100
2023-03-31,186.9906768798828,197.22000122070312,0.0,197.55999755859375,193.25,193.52000427246094,0.0,3873000
2023-04-03,186.0994110107422,196.27999877929688,0.0,197.75,194.25999450683594,196.47000122070312,0.0,3120700
2023-04-04,184.99961853027344,195.1199951171875,0.0,198.25,193.7899932861328,197.55999755859375,0.0,3633600
2023-04-05,180.49595642089844,190.3699951171875,0.0,194.50999450683594,189.0500030517578,194.36000061035156,0.0,3368300
2023-04-06,177.46194458007812,187.1699981689453,0.0,189.8000030517578,186.82000732421875,188.74000549316406,0.0,3010100
2023-04-10,181.04591369628906,190.9499969482422,0.0,191.2100067138672,185.00999450683594,185.6300048828125,0.0,2573500
2023-04-11,179.5857696533203,189.41000366210938,0.0,192.32000732421875,189.07000732421875,192.22000122070312,0.0,2336400
2023-04-12,177.57569885253906,187.2899932861328,0.0,190.8000030517578,187.02000427246094,190.8000030517578,0.0,2085400
2023-04-13,179.29183959960938,189.10000610351562,0.0,190.10000610351562,186.16000366210938,187.3000030517578,0.0,2020200
2023-04-14,178.732421875,188.50999450683594,0.0,191.0800018310547,187.0399932861328,188.1300048828125,0.0,1988100
2023-04-17,179.7374725341797,189.57000732421875,0.0,189.9499969482422,187.39999389648438,187.66000366210938,0.0,2095000
2023-04-18,179.74691772460938,189.5800018310547,0.0,191.9600067138672,188.44000244140625,190.9199981689453,0.0,1745500
2023-04-19,178.7703857421875,188.5500030517578,0.0,189.02999877929688,187.55999755859375,187.88999938964844,0.0,1556000
2023-04-20,177.2817840576172,186.97999572753906,0.0,189.22000122070312,183.10000610351562,185.57000732421875,0.0,2807800
2023-04-21,176.6749725341797,186.33999633789062,0.0,187.1999969482422,184.63999938964844,186.25,0.0,1975300
2023-04-24,177.26283264160156,186.9600067138672,0.0,187.38999938964844,185.7100067138672,186.33999633789062,0.0,1782000
2023-04-25,171.74468994140625,181.13999938964844,0.0,186.13999938964844,181.07000732421875,186.1300048828125,0.0,3474800
2023-04-26,171.2896270751953,180.66000366210938,0.0,182.47999572753906,179.64999389648438,181.22999572753906,0.0,3603100
2023-04-27,168.40725708007812,177.6199951171875,0.0,178.94000244140625,171.24000549316406,178.52999877929688,0.0,4621700
2023-04-28,170.55003356933594,179.8800048828125,0.0,180.16000366210938,176.27000427246094,177.63999938964844,0.0,3167800
2023-05-01,173.07208251953125,182.5399932861328,0.0,182.92999267578125,180.66000366210938,180.75,0.0,2572800
2023-05-02,174.1339874267578,183.66000366210938,0.0,186.58999633789062,182.1199951171875,184.44000244140625,0.0,2710800
2023-05-03,172.9298858642578,182.38999938964844,0.0,185.17999267578125,182.02999877929688,183.4199981689453,0.0,1788500
2023-05-04,171.92486572265625,181.3300018310547,0.0,182.97000122070312,180.47999572753906,182.0,0.0,2308200
2023-05-05,173.8780059814453,183.38999938964844,0.0,184.4499969482422,179.57000732421875,180.63999938964844,0.0,3672100
2023-05-08,174.94935607910156,184.52000427246094,0.0,184.57000732421875,181.72999572753906,183.7899932861328,0.0,1936900
2023-05-09,170.3035125732422,179.6199951171875,0.0,182.72000122070312,178.02999877929688,182.52999877929688,0.0,3353300
2023-05-10,172.0196533203125,181.42999267578125,0.0,182.2899932861328,179.55999755859375,181.67999267578125,0.0,3364700
2023-05-11,171.22325134277344,180.58999633789062,0.0,181.08999633789062,178.74000549316406,180.39999389648438,0.0,2252600
2023-05-12,171.20428466796875,180.57000732421875,0.0,182.5500030517578,178.8699951171875,181.44000244140625,0.0,1376800
2023-05-15,174.80715942382812,184.3699951171875,0.0,184.72000122070312,180.27999877929688,180.67999267578125,0.0,2435800
2023-05-16,173.30908203125,182.7899932861328,0.0,185.25999450683594,182.58999633789062,183.6300048828125,0.0,2178800
2023-05-17,178.21096801757812,187.9600067138672,0.0,188.60000610351562,183.14999389648438,184.0,0.0,3002200
2023-05-18,182.28793334960938,192.25999450683594,0.0,193.0399932861328,188.3699951171875,188.9499969482422,0.0,2959000
2023-05-19,180.64767456054688,190.52999877929688,0.0,192.64999389648438,189.75999450683594,192.25999450683594,0.0,3598300
2023-05-22,181.38723754882812,191.30999755859375,0.0,193.13999938964844,189.4600067138672,189.91000366210938,0.0,2494400
2023-05-23,178.17306518554688,187.9199981689453,0.0,190.36000061035156,187.39999389648438,189.7899932861328,0.0,3864700
2023-05-24,164.21653747558594,173.1999969482422,0.0,176.6300048828125,169.74000549316406,171.5,0.0,10367100
2023-05-25,163.44854736328125,172.38999938964844,0.0,173.94000244140625,161.92999267578125,166.50999450683594,0.0,9915900
2023-05-26,167.3738250732422,176.52999877929688,0.0,177.74000549316406,171.49000549316406,172.47999572753906,0.0,6794800
2023-05-30,168.22708129882812,177.42999267578125,0.0,178.83999633789062,174.80999755859375,178.1199951171875,0.0,5233100
2023-05-31,168.4736328125,177.69000244140625,0.0,180.0,175.24000549316406,175.39999389648438,0.0,7035300
2023-06-01,171.05255126953125,180.41000366210938,0.0,182.1999969482422,176.6999969482422,179.22000122070312,0.0,4361700
2023-06-02,171.290771484375,179.8000030517578,0.86,182.0,178.9199981689453,181.30999755859375,0.0,3697400
2023-06-05,166.6988525390625,174.97999572753906,0.0,179.33999633789062,173.66000366210938,179.1699981689453,0.0,3311400
2023-06-06,169.54733276367188,177.97000122070312,0.0,178.72000122070312,173.41000366210938,173.61000061035156,0.0,3487400
2023-06-07,171.83375549316406,180.3699951171875,0.0,183.36000061035156,178.27000427246094,178.27000427246094,0.0,4060900
2023-06-08,173.08177185058594,181.67999267578125,0.0,182.5399932861328,180.0500030517578,181.44000244140625,0.0,2995000
2023-06-09,173.82485961914062,182.4600067138672,0.0,185.88999938964844,181.0800018310547,183.27000427246094,0.0,3164500
2023-06-12,178.77874755859375,187.66000366210938,0.0,187.9600067138672,184.7100067138672,185.0,0.0,3845700
2023-06-13,183.26585388183594,192.3699951171875,0.0,192.5399932861328,189.4199981689453,190.33999633789062,0.0,3827900
2023-06-14,182.8085479736328,191.88999938964844,0.0,193.97000122070312,189.86000061035156,192.6199951171875,0.0,4061300
2023-06-15,180.68411254882812,189.66000366210938,0.0,191.88999938964844,189.4499969482422,190.77999877929688,0.0,3414400
2023-06-16,179.4456024169922,188.36000061035156,0.0,191.77999877929688,187.75,190.49000549316406,0.0,6889200
2023-06-20,179.08360290527344,187.97999572753906,0.0,189.0,185.39999389648438,187.0,0.0,2663500
2023-06-21,176.663818359375,185.44000244140625,0.0,188.25999450683594,185.33999633789062,186.02000427246094,0.0,2941300
2023-06-22,177.3021240234375,186.11000061035156,0.0,186.3699951171875,183.22999572753906,183.8800048828125,0.0,2973200
2023-06-23,177.14015197753906,185.94000244140625,0.0,187.08999633789062,183.52000427246094,184.10000610351562,0.0,5021500
2023-06-26,177.52122497558594,186.33999633789062,0.0,191.6300048828125,186.24000549316406,187.85000610351562,0.0,3365800
2023-06-27,183.27537536621094,192.3800048828125,0.0,192.61000061035156,185.00999450683594,186.8000030517578,0.0,3631900
2023-06-28,180.91273498535156,189.89999389648438,0.0,191.16000366210938,188.57000732421875,190.02000427246094,0.0,3836400
2023-06-29,180.51260375976562,189.47999572753906,0.0,190.66000366210938,187.60000610351562,189.8000030517578,0.0,2623200
2023-06-30,185.5903778076172,194.80999755859375,0.0,195.36000061035156,190.8000030517578,190.97999572753906,0.0,3376000
2023-07-03,185.13308715820312,194.3300018310547,0.0,196.5500030517578,192.27000427246094,193.97999572753906,0.0,1367600
2023-07-05,181.0079803466797,190.0,0.0,193.35000610351562,189.8699951171875,192.42999267578125,0.0,2693700
2023-07-06,177.3783416748047,186.19000244140625,0.0,187.9600067138672,184.57000732421875,186.89999389648438,0.0,4203800
2023-07-07,176.5399627685547,185.30999755859375,0.0,188.66000366210938,185.17999267578125,186.38999938964844,0.0,3038000
2023-07-10,182.00831604003906,191.0500030517578,0.0,191.08999633789062,185.77000427246094,185.91000366210938,0.0,3367200
2023-07-11,181.91305541992188,190.9499969482422,0.0,192.07000732421875,187.60000610351562,191.66000366210938,0.0,2039700
2023-07-12,186.15245056152344,195.39999389648438,0.0,196.0500030517578,192.5800018310547,193.41000366210938,0.0,3117600
2023-07-13,188.88661193847656,198.27000427246094,0.0,199.44000244140625,195.91000366210938,196.67999267578125,0.0,3364400
2023-07-14,182.88478088378906,191.97000122070312,0.0,197.38999938964844,191.49000549316406,197.3800048828125,0.0,2922100
2023-07-17,187.06700134277344,196.36000061035156,0.0,197.5399932861328,190.5800018310547,190.5800018310547,0.0,3249100
2023-07-18,187.2003631591797,196.5,0.0,196.80999755859375,193.82000732421875,194.9199981689453,0.0,3022900
2023-07-19,186.52398681640625,195.7899932861328,0.0,197.39999389648438,195.30999755859375,197.1699981689453,0.0,2040800
2023-07-20,180.67457580566406,189.64999389648438,0.0,193.9499969482422,188.75999450683594,191.8800048828125,0.0,3991000
2023-07-21,182.875244140625,191.9600067138672,0.0,193.64999389648438,190.72000122070312,191.64999389648438,0.0,8748400
2023-07-24,183.26585388183594,192.3699951171875,0.0,193.61000061035156,190.64999389648438,191.44000244140625,0.0,2663500
2023-07-25,186.40013122558594,195.66000366210938,0.0,196.9499969482422,193.0,193.0,0.0,2958700
2023-07-26,182.45608520507812,191.52000427246094,0.0,192.82000732421875,189.89999389648438,191.92999267578125,0.0,2793200
2023-07-27,186.20008850097656,195.4499969482422,0.0,198.10000610351562,193.69000244140625,195.5,0.0,3474600
2023-07-28,189.02952575683594,198.4199981689453,0.0,199.02000427246094,196.19000244140625,198.2899932861328,0.0,2883900
2023-07-31,190.08697509765625,199.52999877929688,0.0,200.10000610351562,198.42999267578125,198.74000549316406,0.0,2091300
2023-08-01,190.0393829345703,199.47999572753906,0.0,200.07000732421875,196.82000732421875,197.63999938964844,0.0,1900300
2023-08-02,183.35159301757812,192.4600067138672,0.0,198.16000366210938,191.8699951171875,198.08999633789062,0.0,3739700
2023-08-03,182.42752075195312,191.49000549316406,0.0,193.24000549316406,188.94000244140625,190.67999267578125,0.0,3040100
2023-08-04,179.43609619140625,188.35000610351562,0.0,190.25999450683594,184.74000549316406,189.0,0.0,3632900
2023-08-07,181.10330200195312,190.10000610351562,0.0,191.3699951171875,188.8699951171875,190.6999969482422,0.0,2035200
2023-08-08,177.77845764160156,186.61000061035156,0.0,187.36000061035156,183.75,187.0,0.0,2939500
2023-08-09,176.06365966796875,184.80999755859375,0.0,187.5,184.38999938964844,186.41000366210938,0.0,2341900
2023-08-10,175.96835327148438,184.7100067138672,0.0,188.9499969482422,184.13999938964844,187.0500030517578,0.0,2268000
2023-08-11,174.53933715820312,183.2100067138672,0.0,184.4499969482422,182.02000427246094,183.0,0.0,2859400
2023-08-14,176.61618041992188,185.38999938964844,0.0,185.6199951171875,182.5500030517578,183.3800048828125,0.0,2057000
2023-08-15,172.7388153076172,181.32000732421875,0.0,184.10000610351562,181.0399932861328,182.9600067138672,0.0,1959500
2023-08-16,168.78518676757812,177.1699981689453,0.0,180.63999938964844,175.77000427246094,180.38999938964844,0.0,4869000
2023-08-17,167.18470764160156,175.49000549316406,0.0,178.27000427246094,174.6300048828125,177.74000549316406,0.0,2804100
2023-08-18,167.4324188232422,175.75,0.0,176.5,173.4199981689453,173.89999389648438,0.0,2834600
2023-08-21,168.83282470703125,177.22000122070312,0.0,177.66000366210938,174.22000122070312,176.1199951171875,0.0,3345900
2023-08-22,168.2993621826172,176.66000366210938,0.0,179.3800048828125,175.36000061035156,178.99000549316406,0.0,4234700
2023-08-23,169.0805206298828,177.47999572753906,0.0,178.7899932861328,168.5399932861328,168.61000061035156,0.0,7413500
2023-08-24,165.4698944091797,173.69000244140625,0.0,178.25,172.9499969482422,176.77000427246094,0.0,6811300
2023-08-25,169.7283477783203,178.16000366210938,0.0,179.0,173.3800048828125,173.3800048828125,0.0,4538700
2023-08-28,171.79566955566406,180.3300018310547,0.0,181.1199951171875,179.24000549316406,180.08999633789062,0.0,2851700
2023-08-29,173.9201202392578,182.55999755859375,0.0,183.44000244140625,178.11000061035156,178.72000122070312,0.0,3574800
2023-08-30,172.9769744873047,181.57000732421875,0.0,182.89999389648438,180.39999389648438,181.67999267578125,0.0,3080900
2023-08-31,173.1770477294922,181.77999877929688,0.0,183.9600067138672,180.82000732421875,181.57000732421875,0.0,3362800
2023-09-01,174.62242126464844,182.42999267578125,0.86,182.63999938964844,180.66000366210938,182.60000610351562,0.0,1879000
2023-09-05,173.7705078125,181.5399932861328,0.0,183.42999267578125,180.2100067138672,181.4199981689453,0.0,2488000
2023-09-06,174.3831024169922,182.17999267578125,0.0,182.47000122070312,178.75,181.5399932861328,0.0,3382500
2023-09-07,170.82232666015625,178.4600067138672,0.0,181.41000366210938,177.64999389648438,179.94000244140625,0.0,5562200
2023-09-08,169.87469482421875,177.47000122070312,0.0,178.8699951171875,176.7100067138672,178.39999389648438,0.0,3182200
2023-09-11,170.0469512939453,177.64999389648438,0.0,179.91000366210938,175.2899932861328,179.5399932861328,0.0,2768100
2023-09-12,167.55825805664062,175.0500030517578,0.0,179.00999450683594,175.02000427246094,176.5,0.0,2862900
2023-09-13,168.6303253173828,176.1699981689453,0.0,177.6199951171875,175.3000030517578,175.91000366210938,0.0,2269400
2023-09-14,171.9805145263672,179.6699981689453,0.0,180.11000061035156,175.22000122070312,178.25,0.0,4135400
2023-09-15,170.5159912109375,178.13999938964844,0.0,179.5800018310547,177.2100067138672,179.41000366210938,0.0,6062500
2023-09-18,172.0283660888672,179.72000122070312,0.0,180.36000061035156,177.39999389648438,178.10000610351562,0.0,2733700
2023-09-19,171.09986877441406,178.75,0.0,179.02000427246094,176.16000366210938,178.1999969482422,0.0,2852700
2023-09-20,168.54415893554688,176.0800018310547,0.0,179.0800018310547,175.92999267578125,179.02000427246094,0.0,2606500
2023-09-21,166.4000244140625,173.83999633789062,0.0,176.66000366210938,173.39999389648438,175.39999389648438,0.0,3780800
2023-09-22,167.96983337402344,175.47999572753906,0.0,176.8800048828125,174.25999450683594,174.99000549316406,0.0,2839700
2023-09-25,167.92198181152344,175.42999267578125,0.0,175.5800018310547,173.05999755859375,174.5,0.0,2300400
2023-09-26,164.9642333984375,172.33999633789062,0.0,173.82000732421875,171.4199981689453,173.36000061035156,0.0,3492500
2023-09-27,165.41412353515625,172.80999755859375,0.0,174.0,170.64999389648438,172.99000549316406,0.0,2558400
2023-09-28,168.86007690429688,176.41000366210938,0.0,177.6199951171875,172.25999450683594,172.80999755859375,0.0,2781800
2023-09-29,167.59652709960938,175.08999633789062,0.0,178.61000061035156,174.1300048828125,177.9600067138672,0.0,2703800
2023-10-02,167.92198181152344,175.42999267578125,0.0,176.89999389648438,173.69000244140625,175.0,0.0,1727200
2023-10-03,164.1697235107422,171.50999450683594,0.0,176.39999389648438,170.49000549316406,173.77999877929688,0.0,3226100
2023-10-04,166.35214233398438,173.7899932861328,0.0,174.3300018310547,171.72000122070312,172.58999633789062,0.0,3601000
2023-10-05,164.73451232910156,172.10000610351562,0.0,174.6300048828125,169.88999938964844,174.22000122070312,0.0,2874600
2023-10-06,166.52450561523438,173.97000122070312,0.0,175.2899932861328,170.1300048828125,170.7100067138672,0.0,3259900
2023-10-09,165.9022979736328,173.32000732421875,0.0,173.89999389648438,171.42999267578125,172.85000610351562,0.0,2571900
2023-10-10,168.4388885498047,175.97000122070312,0.0,177.57000732421875,173.47000122070312,173.64999389648438,0.0,2924500
2023-10-11,167.43382263183594,174.9199981689453,0.0,177.10000610351562,173.24000549316406,176.3699951171875,0.0,2466900
2023-10-12,166.17031860351562,173.60000610351562,0.0,176.17999267578125,172.22000122070312,175.88999938964844,0.0,3569000
2023-10-13,163.7485809326172,171.07000732421875,0.0,174.25999450683594,170.02999877929688,173.97999572753906,0.0,2699900
2023-10-16,165.35671997070312,172.75,0.0,173.75,171.5,171.72999572753906,0.0,3258900
2023-10-17,165.22267150878906,172.61000061035156,0.0,174.07000732421875,168.72999572753906,169.49000549316406,0.0,2283600
2023-10-18,163.94003295898438,171.27000427246094,0.0,172.9600067138672,169.72000122070312,170.6999969482422,0.0,3827200
2023-10-19,161.49916076660156,168.72000122070312,0.0,173.02999877929688,168.22999572753906,172.92999267578125,0.0,3692800
2023-10-20,159.393310546875,166.52000427246094,0.0,169.74000549316406,166.00999450683594,169.02000427246094,0.0,3399600
2023-10-23,156.8567352294922,163.8699951171875,0.0,167.30999755859375,163.64999389648438,165.5500030517578,0.0,2757500
2023-10-24,157.87136840820312,164.92999267578125,0.0,165.32000732421875,162.85000610351562,164.6199951171875,0.0,3206300
2023-10-25,152.95135498046875,159.7899932861328,0.0,162.49000549316406,159.0,162.00999450683594,0.0,5142300
2023-10-26,153.97557067871094,160.86000061035156,0.0,163.92999267578125,160.67999267578125,160.8699951171875,0.0,3528300
2023-10-27,153.69796752929688,160.57000732421875,0.0,162.49000549316406,159.8000030517578,161.47999572753906,0.0,2168900
2023-10-30,149.2086944580078,155.8800048828125,0.0,158.02000427246094,154.99000549316406,157.6199951171875,0.0,4421400
2023-10-31,150.5966339111328,157.3300018310547,0.0,157.63999938964844,155.16000366210938,156.5,0.0,3151800
2023-11-01,152.42489624023438,159.24000549316406,0.0,159.47999572753906,155.47000122070312,157.4600067138672,0.0,4324600
2023-11-02,157.306640625,164.33999633789062,0.0,165.27000427246094,161.63999938964844,161.97999572753906,0.0,4105900
2023-11-03,160.73341369628906,167.9199981689453,0.0,169.4600067138672,165.94000244140625,165.94000244140625,0.0,3536600
2023-11-06,160.3983612060547,167.57000732421875,0.0,168.9199981689453,165.58999633789062,167.44000244140625,0.0,2132900
2023-11-07,160.915283203125,168.11000061035156,0.0,169.1199951171875,166.94000244140625,167.57000732421875,0.0,2537400
2023-11-08,161.68104553222656,168.91000366210938,0.0,170.5,167.5,168.5,0.0,3452000
2023-11-09,159.97723388671875,167.1300048828125,0.0,170.6199951171875,166.77999877929688,169.47999572753906,0.0,4211500
2023-11-10,164.94509887695312,172.32000732421875,0.0,172.99000549316406,167.83999633789062,169.27999877929688,0.0,3671000
2023-11-13,163.35614013671875,170.66000366210938,0.0,171.6199951171875,170.10000610351562,170.75,0.0,3243700
2023-11-14,169.97998046875,177.5800018310547,0.0,178.3000030517578,175.0,175.1999969482422,0.0,3448600
2023-11-15,173.0430145263672,180.77999877929688,0.0,182.80999755859375,179.02000427246094,179.02000427246094,0.0,3293200
2023-11-16,172.14324951171875,179.83999633789062,0.0,181.66000366210938,178.66000366210938,181.3300018310547,0.0,3286900
2023-11-17,175.21588134765625,183.0500030517578,0.0,183.57000732421875,181.1199951171875,182.9199981689453,0.0,3279000
2023-11-20,175.95289611816406,183.82000732421875,0.0,184.6999969482422,182.08999633789062,182.08999633789062,0.0,3811100
2023-11-21,173.492919921875,181.25,0.0,184.52999877929688,179.44000244140625,183.05999755859375,0.0,4965900
2023-11-22,174.85214233398438,182.6699981689453,0.0,184.2100067138672,181.44000244140625,182.16000366210938,0.0,2926300
2023-11-24,175.21588134765625,183.0500030517578,0.0,183.38999938964844,182.2100067138672,182.8000030517578,0.0,1127100
2023-11-27,175.90505981445312,183.77000427246094,0.0,184.3800048828125,181.42999267578125,182.66000366210938,0.0,3520200
2023-11-28,175.35943603515625,183.1999969482422,0.0,184.5500030517578,182.33999633789062,183.25999450683594,0.0,2797900
2023-11-29,174.8904266357422,182.7100067138672,0.0,186.92999267578125,182.52999877929688,185.2899932861328,0.0,2986600
2023-11-30,175.53173828125,183.3800048828125,0.0,183.5,180.75999450683594,183.17999267578125,0.0,4356200
2023-12-01,176.06068420410156,183.07000732421875,0.86,183.8800048828125,181.16000366210938,182.77000427246094,0.0,2332900
2023-12-04,176.24337768554688,183.25999450683594,0.0,183.4499969482422,180.17999267578125,181.66000366210938,0.0,3316000
2023-12-05,173.71412658691406,180.6300048828125,0.0,182.50999450683594,179.6300048828125,182.22000122070312,0.0,2620000
2023-12-06,173.65640258789062,180.57000732421875,0.0,183.0,180.1699981689453,183.0,0.0,2763400
2023-12-07,177.32052612304688,184.3800048828125,0.0,185.72000122070312,180.3699951171875,182.33999633789062,0.0,3717600
2023-12-08,177.8013916015625,184.8800048828125,0.0,186.3000030517578,183.80999755859375,184.25,0.0,2404200
2023-12-11,182.85037231445312,190.1300048828125,0.0,191.11000061035156,185.55999755859375,185.64999389648438,0.0,3499500
2023-12-12,183.65821838378906,190.97000122070312,0.0,191.0500030517578,189.1199951171875,190.22000122070312,0.0,2841100
2023-12-13,184.90846252441406,192.27000427246094,0.0,193.08999633789062,189.66000366210938,191.41000366210938,0.0,3701800
2023-12-14,192.50596618652344,200.1699981689453,0.0,200.25999450683594,193.19000244140625,193.19000244140625,0.0,5610000
2023-12-15,193.1887969970703,200.8800048828125,0.0,202.77000427246094,200.02000427246094,201.94000244140625,0.0,7057400
2023-12-18,189.0630340576172,196.58999633789062,0.0,201.19000244140625,196.16000366210938,200.8800048828125,0.0,3421000
2023-12-19,190.2555694580078,197.8300018310547,0.0,198.10000610351562,196.69000244140625,197.6999969482422,0.0,1981800
2023-12-20,184.83152770996094,192.19000244140625,0.0,197.44000244140625,192.05999755859375,196.25999450683594,0.0,3629500
2023-12-21,188.76490783691406,196.27999877929688,0.0,197.6999969482422,194.77000427246094,195.1199951171875,0.0,2636800
2023-12-22,189.5535125732422,197.10000610351562,0.0,199.4600067138672,195.72999572753906,197.6199951171875,0.0,1754600
2023-12-26,191.25576782226562,198.8699951171875,0.0,199.8300018310547,197.5399932861328,197.89999389648438,0.0,1606900
2023-12-27,191.71737670898438,199.35000610351562,0.0,199.44000244140625,198.0800018310547,198.8699951171875,0.0,1646100
2023-12-28,192.5732879638672,200.24000549316406,0.0,201.47000122070312,199.7100067138672,200.86000061035156,0.0,2215500
2023-12-29,190.9575958251953,198.55999755859375,0.0,200.6999969482422,198.08999633789062,199.8699951171875,0.0,1542400
2024-01-02,186.16830444335938,193.5800018310547,0.0,197.07000732421875,191.50999450683594,197.07000732421875,0.0,3279200
2024-01-03,181.7251739501953,188.9600067138672,0.0,191.10000610351562,188.66000366210938,190.77000427246094,0.0,3297400
2024-01-04,178.94583129882812,186.07000732421875,0.0,186.88999938964844,181.80999755859375,181.89999389648438,0.0,3923500
2024-01-05,179.40745544433594,186.5500030517578,0.0,187.8000030517578,184.97999572753906,186.00999450683594,0.0,2492200
2024-01-08,181.74441528320312,188.97999572753906,0.0,189.4600067138672,187.00999450683594,187.17999267578125,0.0,2587200
2024-01-09,182.49453735351562,189.75999450683594,0.0,190.32000732421875,185.88999938964844,186.5,0.0,3151700
2024-01-10,181.15774536132812,188.3699951171875,0.0,189.6199951171875,186.35000610351562,189.6199951171875,0.0,3080400
2024-01-11,181.7251739501953,188.9600067138672,0.0,189.75999450683594,185.72999572753906,188.3800048828125,0.0,2918700
2024-01-12,181.1481475830078,188.36000061035156,0.0,190.30999755859375,187.4199981689453,189.69000244140625,0.0,1597100
2024-01-16,180.59994506835938,187.7899932861328,0.0,189.3699951171875,185.4499969482422,187.85000610351562,0.0,2373300
2024-01-17,178.330322265625,185.42999267578125,0.0,185.6999969482422,182.8800048828125,184.67999267578125,0.0,2925900
2024-01-18,182.69647216796875,189.97000122070312,0.0,190.72000122070312,187.7100067138672,190.36000061035156,0.0,3585500
2024-01-19,187.31272888183594,194.77000427246094,0.0,195.5800018310547,191.0399932861328,191.36000061035156,0.0,4408400
2024-01-22,189.7554931640625,197.30999755859375,0.0,197.85000610351562,195.47000122070312,196.0,0.0,2861800
2024-01-23,193.66001892089844,201.3699951171875,0.0,201.57000732421875,196.88999938964844,197.13999938964844,0.0,3801100
2024-01-24,190.7075653076172,198.3000030517578,0.0,202.44000244140625,197.86000061035156,200.86000061035156,0.0,4255300
2024-01-25,189.74586486816406,197.3000030517578,0.0,202.0500030517578,196.9600067138672,202.0,0.0,2957300
2024-01-26,186.50485229492188,193.92999267578125,0.0,196.47000122070312,193.47000122070312,195.32000732421875,0.0,2379100
2024-01-29,189.64968872070312,197.1999969482422,0.0,197.32000732421875,192.9199981689453,193.94000244140625,0.0,2766500
2024-01-30,187.28387451171875,194.74000549316406,0.0,196.55999755859375,193.35000610351562,195.8300018310547,0.0,2479800
2024-01-31,184.9949951171875,192.36000061035156,0.0,196.08999633789062,191.6199951171875,193.50999450683594,0.0,4125600
2024-02-01,184.6584014892578,192.00999450683594,0.0,192.6300048828125,188.74000549316406,192.11000061035156,0.0,2628000
2024-02-02,184.74496459960938,192.10000610351562,0.0,192.8800048828125,189.74000549316406,190.3300018310547,0.0,2948400
2024-02-05,185.18734741210938,192.55999755859375,0.0,193.99000549316406,190.4199981689453,192.7899932861328,0.0,3193700
2024-02-06,182.44647216796875,189.7100067138672,0.0,193.2100067138672,189.02000427246094,193.2100067138672,0.0,3991700
2024-02-07,184.61993408203125,191.97000122070312,0.0,192.82000732421875,188.8800048828125,191.8300018310547,0.0,3500400
2024-02-08,186.62989807128906,194.05999755859375,0.0,195.1699981689453,191.91000366210938,192.97000122070312,0.0,2594500
2024-02-09,187.55316162109375,195.02000427246094,0.0,195.52999877929688,193.4499969482422,195.52999877929688,0.0,3183900
2024-02-12,186.62030029296875,194.0500030517578,0.0,195.67999267578125,192.61000061035156,194.67999267578125,0.0,6264900
2024-02-13,177.61866760253906,184.69000244140625,0.0,188.9499969482422,183.00999450683594,188.16000366210938,0.0,6800200
2024-02-14,179.18624877929688,186.32000732421875,0.0,187.0800018310547,184.75,185.91000366210938,0.0,3780800
2024-02-15,180.35952758789062,187.5399932861328,0.0,189.3300018310547,186.69000244140625,187.77999877929688,0.0,2811200
2024-02-16,181.0327606201172,188.24000549316406,0.0,190.52000427246094,186.05999755859375,187.58999633789062,0.0,4353300
2024-02-20,182.1483154296875,189.39999389648438,0.0,189.50999450683594,186.02000427246094,187.25,0.0,4600500
2024-02-21,186.30291748046875,193.72000122070312,0.0,194.2899932861328,190.1699981689453,190.25999450683594,0.0,5555900
2024-02-22,184.56222534179688,191.91000366210938,0.0,197.33999633789062,189.0399932861328,197.13999938964844,0.0,5780400
2024-02-23,182.8311767578125,190.11000061035156,0.0,193.05999755859375,189.8699951171875,193.05999755859375,0.0,3720400
2024-02-26,181.7732696533203,189.00999450683594,0.0,191.49000549316406,188.8800048828125,191.27999877929688,0.0,2827100
2024-02-27,181.83096313476562,189.07000732421875,0.0,190.3699951171875,187.99000549316406,189.8000030517578,0.0,1886100
2024-02-28,180.57110595703125,187.75999450683594,0.0,188.64999389648438,186.22000122070312,187.1999969482422,0.0,1774800
2024-02-29,184.47569274902344,191.82000732421875,0.0,192.2899932861328,188.75999450683594,190.1300048828125,0.0,3119300
2024-03-01,188.64952087402344,196.16000366210938,0.0,197.22000122070312,191.6199951171875,192.5500030517578,0.0,2934700
2024-03-04,188.08908081054688,194.66000366210938,0.92,196.22999572753906,193.6999969482422,195.8300018310547,0.0,3150700
2024-03-05,183.3931427001953,189.8000030517578,0.0,195.0500030517578,188.88999938964844,193.2899932861328,0.0,3328500
2024-03-06,185.22897338867188,191.6999969482422,0.0,194.0,190.38999938964844,191.3699951171875,0.0,3905300
2024-03-07,191.54823303222656,198.24000549316406,0.0,199.38999938964844,193.67999267578125,193.67999267578125,0.0,4275300
2024-03-08,189.3258514404297,195.94000244140625,0.0,199.6699981689453,195.5800018310547,199.0,0.0,3752600
2024-03-11,191.51925659179688,198.2100067138672,0.0,198.49000549316406,194.60000610351562,194.60000610351562,0.0,3110900
2024-03-12,192.47584533691406,199.1999969482422,0.0,199.60000610351562,196.52999877929688,199.3000030517578,0.0,3864600
2024-03-13,191.89608764648438,198.60000610351562,0.0,199.8300018310547,197.4199981689453,198.4499969482422,0.0,3647400
2024-03-14,187.86685180664062,194.42999267578125,0.0,199.89999389648438,193.5399932861328,199.05999755859375,0.0,4361800
2024-03-15,188.61083984375,195.1999969482422,0.0,195.9199981689453,188.75,188.75,0.0,10198200
2024-03-18,184.7652130126953,191.22000122070312,0.0,198.2899932861328,191.1199951171875,197.2100067138672,0.0,2846500
2024-03-19,184.108154296875,190.5399932861328,0.0,191.0800018310547,188.10000610351562,190.3300018310547,0.0,2226700
2024-03-20,187.76058959960938,194.32000732421875,0.0,194.75,189.9499969482422,190.4600067138672,0.0,2594300
2024-03-21,188.56253051757812,195.14999389648438,0.0,198.6699981689453,194.3000030517578,196.6300048828125,0.0,3109000
2024-03-22,186.97792053222656,193.50999450683594,0.0,195.6199951171875,192.5500030517578,195.2899932861328,0.0,2104300
2024-03-25,184.19509887695312,190.6300048828125,0.0,192.11000061035156,190.42999267578125,190.80999755859375,0.0,1768700
2024-03-26,182.58151245117188,188.9600067138672,0.0,191.92999267578125,188.75999450683594,190.6300048828125,0.0,2711500
2024-03-27,186.803955078125,193.3300018310547,0.0,193.39999389648438,189.3800048828125,190.67999267578125,0.0,2410300
2024-03-28,191.11341857910156,197.7899932861328,0.0,198.57000732421875,193.92999267578125,194.0399932861328,0.0,3119700
2024-04-01,189.98292541503906,196.6199951171875,0.0,199.69000244140625,196.17999267578125,197.39999389648438,0.0,2032300
2024-04-02,188.30166625976562,194.8800048828125,0.0,195.5800018310547,192.74000549316406,195.22000122070312,0.0,2495800
2024-04-03,188.76544189453125,195.36000061035156,0.0,196.6699981689453,192.64999389648438,193.0,0.0,1928300
2024-04-04,185.47055053710938,191.9499969482422,0.0,198.6999969482422,191.3300018310547,198.35000610351562,0.0,2931000
2024-04-05,188.18568420410156,194.75999450683594,0.0,195.66000366210938,191.1699981689453,192.6300048828125,0.0,2087400
2024-04-08,190.05055236816406,196.69000244140625,0.0,196.97999572753906,194.02999877929688,194.6300048828125,0.0,2456700
2024-04-09,197.22975158691406,204.1199951171875,0.0,204.1999969482422,197.9199981689453,198.50999450683594,0.0,4598000
2024-04-10,189.70272827148438,196.3300018310547,0.0,200.75,195.39999389648438,200.3800048828125,0.0,4517700
2024-04-11,191.93475341796875,198.63999938964844,0.0,199.08999633789062,194.24000549316406,197.9600067138672,0.0,3427100
2024-04-12,185.77975463867188,192.27000427246094,0.0,196.66000366210938,192.0800018310547,195.02999877929688,0.0,3337200
2024-04-15,183.86660766601562,190.2899932861328,0.0,195.8800048828125,189.22999572753906,194.9499969482422,0.0,2561500
2024-04-16,184.77487182617188,191.22999572753906,0.0,194.0399932861328,190.47000122070312,192.75,0.0,2268000
2024-04-17,183.03562927246094,189.42999267578125,0.0,192.8300018310547,189.1999969482422,192.4199981689453,0.0,2763200
2024-04-18,181.24806213378906,187.5800018310547,0.0,190.1999969482422,186.60000610351562,188.32000732421875,0.0,2748900
2024-04-19,177.17051696777344,183.36000061035156,0.0,187.92999267578125,182.57000732421875,187.08999633789062,0.0,4121300
2024-04-22,180.02093505859375,186.30999755859375,0.0,188.30999755859375,183.19000244140625,184.44000244140625,0.0,3557800
2024-04-23,183.5187225341797,189.92999267578125,0.0,190.86000061035156,186.42999267578125,187.0,0.0,4177800
2024-04-24,189.86695861816406,196.5,0.0,201.67999267578125,195.02999877929688,200.02999877929688,0.0,6527500
2024-04-25,191.25836181640625,197.94000244140625,0.0,199.10000610351562,195.10000610351562,197.86000061035156,0.0,3301500
2024-04-26,195.15234375,201.97000122070312,0.0,202.60000610351562,196.97000122070312,197.05999755859375,0.0,3136300
2024-04-29,197.01718139648438,203.89999389648438,0.0,203.97999572753906,200.63999938964844,200.80999755859375,0.0,2289200
2024-04-30,193.83822631835938,200.61000061035156,0.0,204.1999969482422,200.5,203.6300048828125,0.0,2668400
2024-05-01,187.3450469970703,193.88999938964844,0.0,199.52000427246094,193.85000610351562,197.05999755859375,0.0,3554600
2024-05-02,189.85733032226562,196.49000549316406,0.0,197.32000732421875,191.58999633789062,196.10000610351562,0.0,2728100
2024-05-03,192.8913116455078,199.6300048828125,0.0,201.8300018310547,199.0399932861328,199.0399932861328,0.0,2372800
2024-05-06,196.4567413330078,203.32000732421875,0.0,203.42999267578125,200.0,200.1699981689453,0.0,2168900
2024-05-07,196.69833374023438,203.57000732421875,0.0,205.77000427246094,203.52999877929688,204.5,0.0,3276700
2024-05-08,197.94479370117188,204.86000061035156,0.0,205.0,201.80999755859375,202.38999938964844,0.0,2464300
2024-05-09,197.87713623046875,204.7899932861328,0.0,205.4600067138672,203.6999969482422,204.47999572753906,0.0,2941800
2024-05-10,200.19615173339844,207.19000244140625,0.0,207.75999450683594,205.24000549316406,205.9499969482422,0.0,2617000
2024-05-13,201.345947265625,208.3800048828125,0.0,209.75,208.0500030517578,208.8300018310547,0.0,2314800
2024-05-14,204.78578186035156,211.94000244140625,0.0,212.4199981689453,206.7100067138672,209.0,0.0,2683400
2024-05-15,208.46717834472656,215.75,0.0,215.89999389648438,212.7100067138672,214.42999267578125,0.0,3802700
2024-05-16,206.89219665527344,214.1199951171875,0.0,216.0,213.66000366210938,216.0,0.0,2820000
2024-05-17,206.85353088378906,214.0800018310547,0.0,215.6300048828125,212.97000122070312,214.50999450683594,0.0,2373800
2024-05-20,210.13877868652344,217.47999572753906,0.0,218.6999969482422,213.94000244140625,214.9600067138672,0.0,2647900
2024-05-21,209.3271026611328,216.63999938964844,0.0,217.0800018310547,214.5500030517578,215.1999969482422,0.0,3428800
2024-05-22,232.05319213867188,240.16000366210938,0.0,240.3699951171875,224.75,227.7899932861328,0.0,9445800
2024-05-23,226.64222717285156,234.55999755859375,0.0,241.8800048828125,232.0,240.8800048828125,0.0,5578400
2024-05-24,224.66140747070312,232.50999450683594,0.0,238.32000732421875,232.1999969482422,236.3300018310547,0.0,4544300
2024-05-28,225.5600128173828,233.44000244140625,0.0,234.2899932861328,230.44000244140625,230.44000244140625,0.0,2673800
2024-05-29,220.44859313964844,228.14999389648438,0.0,231.6300048828125,227.8300018310547,229.74000549316406,0.0,3002100
2024-05-30,222.2361602783203,230.0,0.0,230.69000244140625,228.00999450683594,228.67999267578125,0.0,2884600
2024-05-31,226.5745849609375,234.49000549316406,0.0,234.72999572753906,227.64999389648438,230.10000610351562,0.0,6460100
2024-06-03,224.37158203125,232.2100067138672,0.0,236.2899932861328,228.50999450683594,235.08999633789062,0.0,3087800
2024-06-04,223.73130798339844,230.6300048828125,0.92,232.17999267578125,228.9499969482422,231.86000061035156,0.0,2616000
2024-06-05,228.63023376464844,235.67999267578125,0.0,235.97000122070312,231.22000122070312,232.0,0.0,4016700
2024-06-06,230.30850219726562,237.41000366210938,0.0,238.3800048828125,233.2899932861328,234.52000427246094,0.0,2757000
2024-06-07,227.74746704101562,234.77000427246094,0.0,237.61000061035156,233.27000427246094,236.0500030517578,0.0,2208200
2024-06-10,228.3295135498047,235.3699951171875,0.0,235.97999572753906,231.19000244140625,232.2899932861328,0.0,2765600
2024-06-11,229.23167419433594,236.3000030517578,0.0,236.50999450683594,233.1300048828125,233.64999389648438,0.0,3098600
2024-06-12,231.3076629638672,238.44000244140625,0.0,240.5800018310547,236.44000244140625,239.02999877929688,0.0,2515000
2024-06-13,227.02957153320312,234.02999877929688,0.0,236.25,232.49000549316406,232.5500030517578,0.0,2673800
2024-06-14,224.27455139160156,231.19000244140625,0.0,232.57000732421875,229.4499969482422,230.10000610351562,0.0,2252400
2024-06-17,225.43865966796875,232.38999938964844,0.0,232.5,227.94000244140625,230.5399932861328,0.0,2415000
2024-06-18,228.33921813964844,235.3800048828125,0.0,236.42999267578125,231.27999877929688,231.74000549316406,0.0,2457400
2024-06-20,222.644775390625,229.50999450683594,0.0,232.6699981689453,228.80999755859375,232.42999267578125,0.0,4562300
2024-06-21,224.1387481689453,231.0500030517578,0.0,231.8800048828125,229.07000732421875,231.5399932861328,0.0,7167000
2024-06-24,221.626220703125,228.4600067138672,0.0,231.94000244140625,228.10000610351562,231.0500030517578,0.0,2413600
2024-06-25,223.449951171875,230.33999633789062,0.0,231.0800018310547,225.83999633789062,231.0800018310547,0.0,2001300
2024-06-26,221.02476501464844,227.83999633789062,0.0,229.99000549316406,226.57000732421875,229.32000732421875,0.0,2510600
2024-06-27,219.89944458007812,226.67999267578125,0.0,228.44000244140625,225.97999572753906,227.0,0.0,2159000
2024-06-28,221.4321746826172,228.25999450683594,0.0,232.07000732421875,226.86000061035156,228.14999389648438,0.0,3634000
2024-07-01,218.44430541992188,225.17999267578125,0.0,226.9499969482422,223.9199981689453,226.6999969482422,0.0,2307800
2024-07-02,221.4127960205078,228.24000549316406,0.0,228.3699951171875,224.55999755859375,224.55999755859375,0.0,2417900
2024-07-03,223.13955688476562,230.02000427246094,0.0,230.99000549316406,227.0399932861328,228.6699981689453,0.0,1425700
2024-07-05,223.9835205078125,230.88999938964844,0.0,231.50999450683594,228.3699951171875,231.4199981689453,0.0,2251800
2024-07-08,226.3602294921875,233.33999633789062,0.0,233.75,231.6699981689453,232.17999267578125,0.0,1729500
2024-07-09,225.07000732421875,232.00999450683594,0.0,234.25999450683594,230.91000366210938,233.75999450683594,0.0,1315500
2024-07-10,231.20095825195312,238.3300018310547,0.0,239.08999633789062,233.10000610351562,234.4600067138672,0.0,4037600
2024-07-11,226.748291015625,233.74000549316406,0.0,239.1999969482422,233.6699981689453,238.75999450683594,0.0,3103700
2024-07-12,231.42405700683594,238.55999755859375,0.0,242.16000366210938,236.14999389648438,238.35000610351562,0.0,3105700
2024-07-15,230.6092071533203,237.72000122070312,0.0,239.77000427246094,236.10000610351562,237.13999938964844,0.0,2057200
2024-07-16,236.05140686035156,243.3300018310547,0.0,243.8300018310547,237.64999389648438,239.00999450683594,0.0,1964600
2024-07-17,228.56231689453125,235.61000061035156,0.0,244.13999938964844,235.41000366210938,240.47999572753906,0.0,4448200
2024-07-18,231.8412322998047,238.99000549316406,0.0,241.10000610351562,236.2899932861328,236.47999572753906,0.0,3688500
2024-07-19,224.30364990234375,231.22000122070312,0.0,240.3000030517578,230.74000549316406,240.3000030517578,0.0,2894900
2024-07-22,232.8598175048828,240.0399932861328,0.0,240.25999450683594,233.32000732421875,237.1199951171875,0.0,2827300
2024-07-23,223.43057250976562,230.32000732421875,0.0,236.9199981689453,229.02999877929688,234.10000610351562,0.0,3876200
2024-07-24,217.9010467529297,224.6199951171875,0.0,230.9600067138672,223.74000549316406,230.6300048828125,0.0,4589600
2024-07-25,214.31173706054688,220.9199981689453,0.0,227.61000061035156,217.25,221.50999450683594,0.0,5114600
2024-07-26,219.65692138671875,226.42999267578125,0.0,227.25,222.97000122070312,225.3000030517578,0.0,4296200
2024-07-29,220.597900390625,227.39999389648438,0.0,230.27000427246094,225.3300018310547,228.74000549316406,0.0,2672200
2024-07-30,217.86224365234375,224.5800018310547,0.0,230.17999267578125,222.89999389648438,228.85000610351562,0.0,3955600
2024-07-31,224.4588623046875,231.3800048828125,0.0,232.16000366210938,226.94000244140625,229.75999450683594,0.0,4308100
2024-08-01,212.37155151367188,218.9199981689453,0.0,231.1999969482422,216.77000427246094,228.0800018310547,0.0,5404600
2024-08-02,201.73939514160156,207.9600067138672,0.0,213.07000732421875,206.7100067138672,212.47999572753906,0.0,6796700
2024-08-05,194.5607452392578,200.55999755859375,0.0,209.08999633789062,198.72999572753906,206.02999877929688,0.0,4879700
2024-08-06,198.7515411376953,204.8800048828125,0.0,208.6999969482422,201.17999267578125,201.36000061035156,0.0,4671100
2024-08-07,195.28834533691406,201.30999755859375,0.0,211.4199981689453,200.86000061035156,210.47000122070312,0.0,4178200
2024-08-08,207.24949645996094,213.63999938964844,0.0,214.13999938964844,204.27000427246094,206.19000244140625,0.0,4510100
2024-08-09,204.98916625976562,211.30999755859375,0.0,213.72999572753906,209.16000366210938,209.9499969482422,0.0,2482100
2024-08-12,205.73617553710938,212.0800018310547,0.0,213.39999389648438,210.0,212.14999389648438,0.0,1712100
2024-08-13,211.48878479003906,218.00999450683594,0.0,218.60000610351562,213.1999969482422,213.25,0.0,4011000
2024-08-14,208.8792724609375,215.32000732421875,0.0,218.11000061035156,212.8000030517578,216.9199981689453,0.0,2409500
2024-08-15,216.97947692871094,223.6699981689453,0.0,224.24000549316406,219.4199981689453,220.4499969482422,0.0,5197400
2024-08-16,216.5138397216797,223.19000244140625,0.0,223.8000030517578,221.4199981689453,223.0500030517578,0.0,2573600
2024-08-19,219.19126892089844,225.9499969482422,0.0,226.0800018310547,221.49000549316406,222.42999267578125,0.0,2803100
2024-08-20,216.8048858642578,223.49000549316406,0.0,226.02000427246094,221.38999938964844,223.9600067138672,0.0,3994200
2024-08-21,220.69493103027344,227.5,0.0,236.86000061035156,224.80999755859375,229.52000427246094,0.0,5595100
2024-08-22,215.2721405029297,221.91000366210938,0.0,228.25999450683594,221.25999450683594,225.67999267578125,0.0,3708100
2024-08-23,221.55828857421875,228.38999938964844,0.0,229.2100067138672,224.75999450683594,225.85000610351562,0.0,3208000
2024-08-26,218.8614501953125,225.61000061035156,0.0,228.19000244140625,223.7899932861328,227.83999633789062,0.0,2532300
2024-08-27,224.90509033203125,231.83999633789062,0.0,232.35000610351562,224.30999755859375,225.11000061035156,0.0,3707500
2024-08-28,220.3748016357422,227.1699981689453,0.0,233.25,225.13999938964844,231.0800018310547,0.0,3211800
2024-08-29,223.9835205078125,230.88999938964844,0.0,235.11000061035156,229.47999572753906,229.49000549316406,0.0,2711500
2024-08-30,227.8153533935547,234.83999633789062,0.0,236.13999938964844,231.82000732421875,234.94000244140625,0.0,2770900
2024-09-03,213.00230407714844,218.7100067138672,0.92,230.02000427246094,217.64999389648438,228.69000244140625,0.0,4868600
2024-09-04,216.0116424560547,221.8000030517578,0.0,223.97999572753906,218.1199951171875,220.00999450683594,0.0,2736400
2024-09-05,213.34315490722656,219.05999755859375,0.0,221.6199951171875,217.72000122070312,219.47999572753906,0.0,2730000
2024-09-06,208.06460571289062,213.63999938964844,0.0,219.41000366210938,212.6999969482422,218.57000732421875,0.0,3437000
2024-09-09,212.85623168945312,218.55999755859375,0.0,219.30999755859375,216.0500030517578,217.00999450683594,0.0,2450800
2024-09-10,213.0120391845703,218.72000122070312,0.0,219.02999877929688,214.1199951171875,217.5,0.0,2048900
2024-09-11,219.19635009765625,225.07000732421875,0.0,225.72000122070312,214.7100067138672,219.88999938964844,0.0,3431800
2024-09-12,215.7487030029297,221.52999877929688,0.0,223.4499969482422,218.92999267578125,223.44000244140625,0.0,2157800
2024-09-13,219.53720092773438,225.4199981689453,0.0,226.5500030517578,223.00999450683594,223.83999633789062,0.0,2032300
2024-09-16,217.45301818847656,223.27999877929688,0.0,224.4600067138672,220.69000244140625,222.38999938964844,0.0,2124000
2024-09-17,219.46902465820312,225.35000610351562,0.0,229.0399932861328,222.64999389648438,227.44000244140625,0.0,2524500
2024-09-18,216.82974243164062,222.63999938964844,0.0,228.8699951171875,221.9600067138672,228.8699951171875,0.0,2527300
2024-09-19,227.35763549804688,233.4499969482422,0.0,235.75999450683594,227.8699951171875,230.0,0.0,7157700
2024-09-20,220.86170959472656,226.77999877929688,0.0,232.47999572753906,224.35000610351562,231.97000122070312,0.0,5009500
2024-09-23,220.1117706298828,226.00999450683594,0.0,226.83999633789062,224.1999969482422,224.77999877929688,0.0,1357900
2024-09-24,221.39735412597656,227.3300018310547,0.0,230.8000030517578,226.82000732421875,228.63999938964844,0.0,1984800
2024-09-25,220.72535705566406,226.63999938964844,0.0,227.5800018310547,224.10000610351562,224.10000610351562,0.0,2042600
2024-09-26,226.3934783935547,232.4600067138672,0.0,233.97999572753906,224.80999755859375,232.6199951171875,0.0,3883000
2024-09-27,225.99417114257812,232.0500030517578,0.0,235.25999450683594,231.08999633789062,234.7100067138672,0.0,2277800
2024-09-30,224.16323852539062,230.1699981689453,0.0,230.55999755859375,226.66000366210938,228.89999389648438,0.0,2711400
2024-10-01,217.83287048339844,223.6699981689453,0.0,229.44000244140625,222.39999389648438,228.92999267578125,0.0,3124400
2024-10-02,221.78689575195312,227.72999572753906,0.0,229.97000122070312,223.5399932861328,224.97999572753906,0.0,1858000
2024-10-03,220.64743041992188,226.55999755859375,0.0,228.83999633789062,224.4600067138672,224.6300048828125,0.0,2087700
2024-10-04,222.27386474609375,228.22999572753906,0.0,232.36000061035156,226.11000061035156,231.89999389648438,0.0,1895200
2024-10-07,220.5987548828125,226.50999450683594,0.0,227.30999755859375,224.08999633789062,225.64999389648438,0.0,1564700
2024-10-08,223.41329956054688,229.39999389648438,0.0,230.50999450683594,224.30999755859375,226.74000549316406,0.0,2447400
2024-10-09,227.15310668945312,233.24000549316406,0.0,233.5800018310547,229.2899932861328,230.39999389648438,0.0,2410700
2024-10-10,224.67938232421875,230.6999969482422,0.0,231.8300018310547,228.6699981689453,229.6999969482422,0.0,1793700
2024-10-11,226.7830352783203,232.86000061035156,0.0,234.0,229.32000732421875,229.32000732421875,0.0,1428900
2024-10-14,230.2598419189453,236.42999267578125,0.0,237.02999877929688,232.6999969482422,233.8000030517578,0.0,1770300
2024-10-15,219.97543334960938,225.8699951171875,0.0,236.75999450683594,224.0800018310547,236.00999450683594,0.0,4112200
2024-10-16,221.5531768798828,227.49000549316406,0.0,230.33999633789062,225.9600067138672,228.85000610351562,0.0,1585700
2024-10-17,221.40707397460938,227.33999633789062,0.0,233.55999755859375,227.1699981689453,232.52000427246094,0.0,3637700
2024-10-18,222.37124633789062,228.3300018310547,0.0,229.77999877929688,226.97000122070312,229.1699981689453,0.0,1763100
2024-10-21,219.78065490722656,225.6699981689453,0.0,226.41000366210938,222.41000366210938,226.3000030517578,0.0,2212200
2024-10-22,218.758056640625,224.6199951171875,0.0,225.61000061035156,222.7100067138672,224.44000244140625,0.0,1833700
2024-10-23,220.9298858642578,226.85000610351562,0.0,229.50999450683594,224.00999450683594,228.0800018310547,0.0,2492000
2024-10-24,223.68600463867188,229.67999267578125,0.0,230.33999633789062,227.4199981689453,228.74000549316406,0.0,2376100
2024-10-25,224.16323852539062,230.1699981689453,0.0,235.1999969482422,230.0399932861328,231.83999633789062,0.0,1733500
2024-10-28,224.1339874267578,230.13999938964844,0.0,231.9499969482422,228.60000610351562,229.1300048828125,0.0,3403700
2024-10-29,229.0911865234375,235.22999572753906,0.0,235.86000061035156,229.00999450683594,229.6999969482422,0.0,2055900
2024-10-30,224.1145477294922,230.1199951171875,0.0,232.99000549316406,229.8800048828125,230.77999877929688,0.0,2084400
2024-10-31,217.2874755859375,223.11000061035156,0.0,230.1999969482422,220.8300018310547,230.16000366210938,0.0,4258100
2024-11-01,219.59561157226562,225.47999572753906,0.0,226.60000610351562,223.0,223.8699951171875,0.0,2922800
2024-11-04,218.33929443359375,224.19000244140625,0.0,226.77999877929688,223.44000244140625,225.0,0.0,1599600
2024-11-05,211.9212646484375,217.60000610351562,0.0,219.30999755859375,215.32000732421875,219.30999755859375,0.0,3753400
2024-11-06,220.34552001953125,226.25,0.0,228.08999633789062,221.94000244140625,223.67999267578125,0.0,3615300
2024-11-07,221.82586669921875,227.77000427246094,0.0,230.27000427246094,225.72000122070312,229.6300048828125,0.0,2500600
2024-11-08,219.90728759765625,225.8000030517578,0.0,228.1199951171875,224.75999450683594,226.55999755859375,0.0,3426900
2024-11-11,214.7163543701172,220.47000122070312,0.0,225.00999450683594,218.4199981689453,223.85000610351562,0.0,3271700
2024-11-12,213.82037353515625,219.5500030517578,0.0,220.85000610351562,215.89999389648438,220.49000549316406,0.0,2593900
2024-11-13,207.2854766845703,212.83999633789062,0.0,217.67999267578125,212.44000244140625,216.77000427246094,0.0,4609800
2024-11-14,206.70115661621094,212.24000549316406,0.0,215.0399932861328,211.4600067138672,213.44000244140625,0.0,3214100
2024-11-15,200.96485900878906,206.35000610351562,0.0,210.3800048828125,205.39999389648438,208.77000427246094,0.0,3881000
2024-11-18,204.17872619628906,209.64999389648438,0.0,209.88999938964844,206.11000061035156,206.52000427246094,0.0,3774000
2024-11-19,204.93836975097656,210.42999267578125,0.0,210.82000732421875,206.8000030517578,207.6999969482422,0.0,2958600
2024-11-20,205.5032196044922,211.00999450683594,0.0,211.16000366210938,207.25,207.25,0.0,3072400
2024-11-21,208.3762664794922,213.9600067138672,0.0,215.00999450683594,210.0500030517578,212.2899932861328,0.0,2540600
2024-11-22,208.9898223876953,214.58999633789062,0.0,214.75,211.5399932861328,211.5399932861328,0.0,2695200
2024-11-25,217.74520874023438,223.5800018310547,0.0,225.0,216.0,217.74000549316406,0.0,7303600
2024-11-26,213.3334503173828,219.0500030517578,0.0,233.5500030517578,216.00999450683594,232.14999389648438,0.0,6568700
2024-11-27,211.5024871826172,217.1699981689453,0.0,219.39999389648438,213.89999389648438,219.32000732421875,0.0,2943400
2024-11-29,212.35951232910156,218.0500030517578,0.0,221.6999969482422,217.5,219.19000244140625,0.0,1992600
2024-12-02,217.2971954345703,223.1199951171875,0.0,224.7899932861328,217.00999450683594,218.1300048828125,0.0,3240200
2024-12-03,215.75843811035156,221.5399932861328,0.0,223.3300018310547,219.9499969482422,221.5800018310547,0.0,2340500
2024-12-04,212.60299682617188,218.3000030517578,0.0,223.2100067138672,217.86000061035156,223.11000061035156,0.0,2635200
2024-12-05,208.9508514404297,214.5500030517578,0.0,219.38999938964844,213.86000061035156,217.22999572753906,0.0,2474800
2024-12-06,212.50559997558594,218.1999969482422,0.0,218.58999633789062,213.72999572753906,214.72999572753906,0.0,3189400
2024-12-09,214.2269287109375,219.0399932861328,0.92,223.5500030517578,215.16000366210938,215.97000122070312,0.0,2467200
2024-12-10,210.87228393554688,215.61000061035156,0.0,219.6699981689453,214.5,219.0399932861328,0.0,2679400
2024-12-11,212.34912109375,217.1199951171875,0.0,219.0399932861328,215.55999755859375,216.02999877929688,0.0,3839200
2024-12-12,212.9359588623047,217.72000122070312,0.0,218.72999572753906,214.63999938964844,215.14999389648438,0.0,2995000
2024-12-13,211.850341796875,216.61000061035156,0.0,217.97000122070312,213.75,215.41000366210938,0.0,3067300
2024-12-16,211.55691528320312,216.30999755859375,0.0,217.7899932861328,213.66000366210938,214.9199981689453,0.0,3409800
2024-12-17,209.12164306640625,213.82000732421875,0.0,217.92999267578125,212.36000061035156,215.88999938964844,0.0,3240500
2024-12-18,203.20457458496094,207.77000427246094,0.0,218.9499969482422,207.25999450683594,215.16000366210938,0.0,4077400
2024-12-19,203.21434020996094,207.77999877929688,0.0,210.61000061035156,207.22999572753906,209.60000610351562,0.0,3941900
2024-12-20,207.12646484375,211.77999877929688,0.0,213.36000061035156,205.8300018310547,206.27999877929688,0.0,6604100
2024-12-23,210.1681365966797,214.88999938964844,0.0,215.5800018310547,211.5500030517578,211.92999267578125,0.0,2478500
2024-12-24,213.2978057861328,218.08999633789062,0.0,218.2100067138672,213.6699981689453,215.94000244140625,0.0,1063500
2024-12-26,213.26846313476562,218.05999755859375,0.0,219.07000732421875,215.38999938964844,215.38999938964844,0.0,1189000
2024-12-27,212.2220001220703,216.99000549316406,0.0,218.25,215.24000549316406,217.42999267578125,0.0,1926700
2024-12-30,207.88931274414062,212.55999755859375,0.0,214.6300048828125,211.02999877929688,214.25,0.0,2578300
2024-12-31,207.79153442382812,212.4600067138672,0.0,214.5500030517578,211.07000732421875,214.0,0.0,1608800
2025-01-02,206.70590209960938,211.35000610351562,0.0,217.25,209.75,215.49000549316406,0.0,2378700
2025-01-03,210.63755798339844,215.3699951171875,0.0,216.11000061035156,210.39999389648438,212.75999450683594,0.0,2547200
2025-01-06,213.2097930908203,218.0,0.0,221.52999877929688,214.77999877929688,215.3300018310547,0.0,2490700
2025-01-07,211.1265869140625,215.8699951171875,0.0,220.27999877929688,214.3000030517578,219.7899932861328,0.0,3573100
2025-01-08,215.59616088867188,220.44000244140625,0.0,221.16000366210938,212.6300048828125,215.39999389648438,0.0,3096400
2025-01-10,207.70347595214844,212.3699951171875,0.0,219.3699951171875,211.7899932861328,217.5399932861328,0.0,4108500
2025-01-13,208.27073669433594,212.9499969482422,0.0,213.3699951171875,208.08999633789062,209.33999633789062,0.0,3960600
2025-01-14,209.9333953857422,214.64999389648438,0.0,214.8300018310547,211.5399932861328,213.16000366210938,0.0,1634600
2025-01-15,213.42494201660156,218.22000122070312,0.0,219.58999633789062,215.6999969482422,217.5,0.0,3302500
2025-01-16,210.29525756835938,215.02000427246094,0.0,218.3000030517578,212.7100067138672,218.3000030517578,0.0,3116000
2025-01-17,214.3443145751953,219.16000366210938,0.0,220.63999938964844,217.83999633789062,220.55999755859375,0.0,2871100
2025-01-21,216.58399963378906,221.4499969482422,0.0,223.64999389648438,219.16000366210938,219.22999572753906,0.0,4090900
2025-01-22,219.1562042236328,224.0800018310547,0.0,226.22000122070312,221.10000610351562,221.4499969482422,0.0,2883300
2025-01-23,223.33236694335938,228.35000610351562,0.0,228.42999267578125,221.52999877929688,221.8800048828125,0.0,2608000
2025-01-24,212.5936279296875,217.3699951171875,0.0,226.0399932861328,217.1300048828125,224.6199951171875,0.0,3929200
2025-01-27,210.68646240234375,215.4199981689453,0.0,220.82000732421875,213.63999938964844,217.39999389648438,0.0,7088000
2025-01-28,204.91612243652344,209.52000427246094,0.0,213.91000366210938,207.89999389648438,212.80999755859375,0.0,3748600
2025-01-29,205.29754638671875,209.91000366210938,0.0,211.8699951171875,209.00999450683594,209.5399932861328,0.0,2258500
2025-01-30,207.73284912109375,212.39999389648438,0.0,213.07000732421875,209.10000610351562,210.22999572753906,0.0,2976400
2025-01-31,207.2340545654297,211.88999938964844,0.0,217.6199951171875,210.69000244140625,211.7100067138672,0.0,3486400
2025-02-03,200.7301788330078,205.24000549316406,0.0,209.64999389648438,202.77000427246094,209.2899932861328,0.0,4483500
2025-02-04,201.48324584960938,206.00999450683594,0.0,208.35000610351562,204.07000732421875,204.60000610351562,0.0,4651500
2025-02-05,205.18997192382812,209.8000030517578,0.0,210.5500030517578,204.16000366210938,205.42999267578125,0.0,4515700
2025-02-06,203.26327514648438,207.8300018310547,0.0,210.50999450683594,205.75,208.72999572753906,0.0,2715100
2025-02-07,200.7008514404297,205.2100067138672,0.0,209.5500030517578,203.74000549316406,207.67999267578125,0.0,3194700
2025-02-10,200.3585205078125,204.86000061035156,0.0,207.2100067138672,202.97000122070312,206.5800018310547,0.0,2820500
2025-02-11,198.9893035888672,203.4600067138672,0.0,206.6199951171875,202.63999938964844,202.92999267578125,0.0,2335700
2025-02-12,200.62258911132812,205.1300048828125,0.0,205.39999389648438,200.8000030517578,201.00999450683594,0.0,2411500
2025-02-13,204.74008178710938,209.33999633789062,0.0,209.64999389648438,204.99000549316406,204.99000549316406,0.0,3134900
2025-02-14,209.89427185058594,214.61000061035156,0.0,215.14999389648438,210.6300048828125,211.24000549316406,0.0,3938600
2025-02-18,215.38101196289062,220.22000122070312,0.0,220.50999450683594,215.77000427246094,217.27000427246094,0.0,7400200
2025-02-19,236.3498992919922,241.66000366210938,0.0,242.50999450683594,224.10000610351562,230.02000427246094,0.0,9789600
2025-02-20,238.46243286132812,243.82000732421875,0.0,247.10000610351562,242.5500030517578,243.5399932861328,0.0,5889800
2025-02-21,233.66033935546875,238.91000366210938,0.0,246.0800018310547,237.75999450683594,244.92999267578125,0.0,6176500
2025-02-24,231.7825164794922,236.99000549316406,0.0,240.63999938964844,236.17999267578125,240.27999877929688,0.0,4778300
2025-02-25,230.12962341308594,235.3000030517578,0.0,238.3300018310547,234.3800048828125,238.3300018310547,0.0,4136800
2025-02-26,228.59413146972656,233.72999572753906,0.0,236.3800048828125,231.8300018310547,235.0399932861328,0.0,2908200
2025-02-27,218.93124389648438,223.85000610351562,0.0,234.22999572753906,223.5,234.22999572753906,0.0,4480000
2025-02-28,225.00477600097656,230.05999755859375,0.0,230.1199951171875,223.0500030517578,225.99000549316406,0.0,4631200
2025-03-03,223.50840759277344,228.52999877929688,0.0,233.8300018310547,225.6699981689453,231.83999633789062,0.0,5000100
2025-03-04,222.1724853515625,226.17999267578125,0.99,231.44000244140625,223.89999389648438,230.4600067138672,0.0,4742400
2025-03-05,225.40420532226562,229.47000122070312,0.0,229.86000061035156,222.6999969482422,227.17999267578125,0.0,3927300
2025-03-06,218.8229217529297,222.77000427246094,0.0,228.8699951171875,222.0500030517578,225.67999267578125,0.0,4818700
2025-03-07,221.85816955566406,225.86000061035156,0.0,226.66000366210938,219.74000549316406,223.58999633789062,0.0,4062900
2025-03-10,212.42825317382812,216.25999450683594,0.0,221.14999389648438,213.14999389648438,220.22000122070312,0.0,4946600
2025-03-11,205.37547302246094,209.0800018310547,0.0,217.38999938964844,206.47999572753906,217.3300018310547,0.0,4225500
2025-03-12,202.95904541015625,206.6199951171875,0.0,212.99000549316406,205.6199951171875,209.0800018310547,0.0,3917700
2025-03-13,200.1890411376953,203.8000030517578,0.0,208.16000366210938,202.58999633789062,206.0,0.0,2625200
2025-03-14,205.0513153076172,208.75,0.0,209.85000610351562,206.22999572753906,207.36000061035156,0.0,2614100
2025-03-17,207.92938232421875,211.67999267578125,0.0,213.3699951171875,207.3699951171875,207.75,0.0,2514500
2025-03-18,205.45407104492188,209.16000366210938,0.0,210.75,207.69000244140625,210.5800018310547,0.0,2657000
2025-03-19,206.2497100830078,209.97000122070312,0.0,213.02999877929688,208.08999633789062,209.19000244140625,0.0,2571900
2025-03-20,202.25181579589844,205.89999389648438,0.0,208.1699981689453,204.80999755859375,208.1699981689453,0.0,2775400
2025-03-21,200.7783966064453,204.39999389648438,0.0,205.27000427246094,201.27999877929688,203.05999755859375,0.0,5070200
2025-03-24,208.5777130126953,212.33999633789062,0.0,214.0800018310547,209.74000549316406,210.0,0.0,3458300
2025-03-25,209.79574584960938,213.5800018310547,0.0,214.6300048828125,210.97999572753906,210.97999572753906,0.0,2549800
2025-03-26,206.79978942871094,210.52999877929688,0.0,214.89999389648438,209.69000244140625,213.14999389648438,0.0,2453300
2025-03-27,205.2379608154297,208.94000244140625,0.0,211.0,205.8800048828125,208.67999267578125,0.0,2884800
2025-03-28,197.9886932373047,201.55999755859375,0.0,208.05999755859375,200.77000427246094,207.82000732421875,0.0,3521400
2025-03-31,198.09677124023438,201.6699981689453,0.0,202.52000427246094,196.8000030517578,200.22999572753906,0.0,3803700
2025-04-01,195.65087890625,199.17999267578125,0.0,200.83999633789062,195.1199951171875,200.25999450683594,0.0,3383000
2025-04-02,196.05360412597656,199.58999633789062,0.0,202.3000030517578,195.75999450683594,195.75999450683594,0.0,2437500
2025-04-03,177.67514038085938,180.8800048828125,0.0,193.1999969482422,180.39999389648438,191.82000732421875,0.0,6970800
2025-04-04,161.68357849121094,164.60000610351562,0.0,176.41000366210938,164.13999938964844,174.61000061035156,0.0,9633900
2025-04-07,168.30416870117188,171.33999633789062,0.0,183.30999755859375,158.64999389648438,163.1999969482422,0.0,10236500
2025-04-08,163.1471710205078,166.08999633789062,0.0,179.24000549316406,161.8300018310547,175.3800048828125,0.0,7640300
2025-04-09,193.1460723876953,196.6300048828125,0.0,198.4600067138672,164.5800018310547,166.0500030517578,0.0,10941600
2025-04-10,175.19976806640625,178.36000061035156,0.0,189.6300048828125,170.92999267578125,189.6300048828125,0.0,8547900
2025-04-11,175.98562622070312,179.16000366210938,0.0,180.97999572753906,167.1999969482422,172.1300048828125,0.0,6528800
2025-04-14,175.435546875,178.60000610351562,0.0,185.0,175.5800018310547,183.25999450683594,0.0,3912100
2025-04-15,176.35885620117188,179.5399932861328,0.0,182.47000122070312,178.07000732421875,178.60000610351562,0.0,3035900
2025-04-16,172.81280517578125,175.92999267578125,0.0,177.36000061035156,170.38999938964844,173.6699981689453,0.0,4392800
2025-04-17,173.14683532714844,176.27000427246094,0.0,178.33999633789062,173.5800018310547,177.88999938964844,0.0,3341200
2025-04-21,171.88949584960938,174.99000549316406,0.0,175.47000122070312,171.0,172.64999389648438,0.0,3650100
2025-04-22,175.33729553222656,178.5,0.0,179.19000244140625,175.2100067138672,176.77999877929688,0.0,3735000
2025-04-23,179.86561584472656,183.11000061035156,0.0,187.83999633789062,182.47999572753906,185.99000549316406,0.0,4323300
2025-04-24,191.77085876464844,195.22999572753906,0.0,197.52000427246094,191.0500030517578,192.72999572753906,0.0,5606700
2025-04-25,191.14219665527344,194.58999633789062,0.0,196.3699951171875,191.69000244140625,192.9499969482422,0.0,3206800
2025-04-28,190.28762817382812,193.72000122070312,0.0,196.3699951171875,189.9499969482422,193.36000061035156,0.0,3401400
2025-04-29,189.2562255859375,192.6699981689453,0.0,194.82000732421875,190.36000061035156,191.5,0.0,3939800
2025-04-30,191.46636962890625,194.9199981689453,0.0,195.33999633789062,186.72999572753906,187.5500030517578,0.0,4415400
2025-05-01,190.30728149414062,193.74000549316406,0.0,197.1699981689453,193.44000244140625,196.83999633789062,0.0,3439500
2025-05-02,195.0713348388672,198.58999633789062,0.0,199.7100067138672,197.14999389648438,197.86000061035156,0.0,3795900
2025-05-05,194.21676635742188,197.72000122070312,0.0,199.72000122070312,195.58999633789062,196.16000366210938,0.0,2022700
2025-05-06,192.1343231201172,195.60000610351562,0.0,197.39999389648438,194.25999450683594,194.88999938964844,0.0,2535500
2025-05-07,196.31884765625,199.86000061035156,0.0,200.72000122070312,195.69000244140625,196.6300048828125,0.0,2965700
2025-05-08,199.18711853027344,202.77999877929688,0.0,206.0399932861328,200.9600067138672,202.25999450683594,0.0,3422400
2025-05-09,203.8332977294922,207.50999450683594,0.0,210.13999938964844,206.2899932861328,207.24000549316406,0.0,3537500
2025-05-12,219.1961669921875,223.14999389648438,0.0,225.49000549316406,219.10000610351562,222.8699951171875,0.0,6358100
2025-05-13,222.6636505126953,226.67999267578125,0.0,227.07000732421875,220.25,221.97000122070312,0.0,4373500
2025-05-14,222.80117797851562,226.82000732421875,0.0,228.33999633789062,224.00999450683594,227.63999938964844,0.0,4648400
2025-05-15,223.09585571289062,227.1199951171875,0.0,228.8000030517578,224.00999450683594,224.42999267578125,0.0,3044800
2025-05-16,223.08602905273438,227.11000061035156,0.0,227.8000030517578,225.52999877929688,227.16000366210938,0.0,3617900
2025-05-19,220.56155395507812,224.5399932861328,0.0,226.80999755859375,223.07000732421875,223.63999938964844,0.0,3974200
2025-05-20,220.512451171875,224.49000549316406,0.0,224.60000610351562,221.92999267578125,222.32000732421875,0.0,2619200
2025-05-21,218.28265380859375,222.22000122070312,0.0,227.38999938964844,221.3300018310547,222.60000610351562,0.0,5091100
2025-05-22,208.1749725341797,211.92999267578125,0.0,224.39999389648438,211.3699951171875,221.4600067138672,0.0,8968300
2025-05-23,206.7408447265625,210.47000122070312,0.0,211.0399932861328,206.0,208.97999572753906,0.0,4848100
2025-05-27,213.04708862304688,216.88999938964844,0.0,217.8699951171875,212.72999572753906,215.14999389648438,0.0,5542200
2025-05-28,211.79957580566406,215.6199951171875,0.0,218.19000244140625,215.4600067138672,217.61000061035156,0.0,3853900
2025-05-29,211.9272918701172,215.75,0.0,218.5,214.0,218.05999755859375,0.0,3800200
2025-05-30,210.18865966796875,213.97999572753906,0.0,215.83999633789062,210.8000030517578,215.27999877929688,0.0,10923400
2025-06-02,211.6326141357422,215.4499969482422,0.0,216.1999969482422,212.22000122070312,212.39999389648438,0.0,2233700
2025-06-03,214.55979919433594,218.42999267578125,0.0,218.88999938964844,213.0500030517578,214.02999877929688,0.0,3515800
2025-06-04,215.6057586669922,218.5,0.99,221.19000244140625,217.3300018310547,219.8300018310547,0.0,4199200
2025-06-05,215.15184020996094,218.0399932861328,0.0,222.58999633789062,217.02000427246094,219.8000030517578,0.0,3496200
2025-06-06,219.3159637451172,222.25999450683594,0.0,225.35000610351562,220.6300048828125,220.67999267578125,0.0,3246000
2025-06-09,224.64443969726562,227.66000366210938,0.0,229.17999267578125,223.41000366210938,223.82000732421875,0.0,4110600
2025-06-10,230.2491912841797,233.33999633789062,0.0,234.75999450683594,228.00999450683594,228.27000427246094,0.0,4164800
2025-06-11,229.4597930908203,232.5399932861328,0.0,236.1199951171875,230.27000427246094,234.08999633789062,0.0,3311800
2025-06-12,229.0453643798828,232.1199951171875,0.0,233.74000549316406,230.85000610351562,231.52999877929688,0.0,2144000
2025-06-13,222.0492706298828,225.02999877929688,0.0,228.94000244140625,224.3800048828125,227.55999755859375,0.0,3349600
2025-06-16,228.72959899902344,231.8000030517578,0.0,231.9199981689453,227.5,228.1300048828125,0.0,3344900
2025-06-17,224.42733764648438,227.44000244140625,0.0,231.69000244140625,227.30999755859375,229.1999969482422,0.0,2726500
2025-06-18,226.60806274414062,229.64999389648438,0.0,233.0800018310547,228.83999633789062,230.4199981689453,0.0,2551500
2025-06-20,225.32530212402344,228.35000610351562,0.0,232.02000427246094,225.57000732421875,231.75,0.0,5316100
2025-06-23,227.9204559326172,230.97999572753906,0.0,231.30999755859375,226.6999969482422,228.19000244140625,0.0,3573500
2025-06-24,231.86746215820312,234.97999572753906,0.0,235.61000061035156,233.2100067138672,233.91000366210938,0.0,3636100
2025-06-25,231.57144165039062,234.67999267578125,0.0,236.4499969482422,231.6199951171875,235.60000610351562,0.0,3548600
2025-06-26,234.15673828125,237.3000030517578,0.0,238.22000122070312,235.10000610351562,236.02999877929688,0.0,3057800
2025-06-27,233.82125854492188,236.9600067138672,0.0,239.07000732421875,234.94000244140625,237.0,0.0,3617800
2025-06-30,234.86721801757812,238.02000427246094,0.0,238.6699981689453,235.66000366210938,237.5399932861328,0.0,3258700
2025-07-01,237.4525146484375,240.63999938964844,0.0,241.80999755859375,235.82000732421875,236.5399932861328,0.0,3500600
2025-07-02,241.9027557373047,245.14999389648438,0.0,245.44000244140625,240.02999877929688,240.47000122070312,0.0,3538300
2025-07-03,242.4257354736328,245.67999267578125,0.0,246.5500030517578,244.17999267578125,245.83999633789062,0.0,1837400
2025-07-07,238.60699462890625,241.80999755859375,0.0,245.30999755859375,240.36000061035156,244.80999755859375,0.0,2783400
2025-07-08,241.9027557373047,245.14999389648438,0.0,247.72999572753906,242.66000366210938,243.60000610351562,0.0,3964200
2025-07-09,239.50497436523438,242.72000122070312,0.0,246.9199981689453,241.0,245.58999633789062,0.0,3339000
2025-07-10,241.88304138183594,245.1300048828125,0.0,245.74000549316406,242.22000122070312,244.77999877929688,0.0,2428200
2025-07-11,241.43899536132812,244.67999267578125,0.0,245.77999877929688,242.00999450683594,243.36000061035156,0.0,2037700
2025-07-14,240.2351531982422,243.4600067138672,0.0,244.1300048828125,241.42999267578125,243.1300048828125,0.0,2045400
2025-07-15,237.23541259765625,240.4199981689453,0.0,245.75999450683594,240.27000427246094,244.99000549316406,0.0,3001700
2025-07-16,237.4228973388672,240.61000061035156,0.0,241.00999450683594,236.27999877929688,239.75,0.0,2842100
2025-07-17,237.77813720703125,240.97000122070312,0.0,241.88999938964844,239.0800018310547,239.94000244140625,0.0,2830800
2025-07-18,238.646484375,241.85000610351562,0.0,243.60000610351562,240.8300018310547,243.0399932861328,0.0,2761600
2025-07-21,237.2946319580078,240.47999572753906,0.0,245.72000122070312,240.35000610351562,243.3300018310547,0.0,2997800
2025-07-22,232.38059997558594,235.5,0.0,241.39999389648438,234.0,238.7899932861328,0.0,6027500
2025-07-23,225.05886840820312,228.0800018310547,0.0,232.5,222.0,230.77000427246094,0.0,7845200
2025-07-24,223.37152099609375,226.3699951171875,0.0,228.47000122070312,223.75999450683594,228.47000122070312,0.0,4771000
2025-07-25,224.80233764648438,227.82000732421875,0.0,228.64999389648438,225.17999267578125,226.63999938964844,0.0,2695600
2025-07-28,227.7132568359375,230.77000427246094,0.0,231.0399932861328,228.86000061035156,228.91000366210938,0.0,3136200
2025-07-29,227.69349670410156,230.75,0.0,232.63999938964844,229.13999938964844,231.97999572753906,0.0,2174200
2025-07-30,228.0487518310547,231.11000061035156,0.0,232.1999969482422,229.10000610351562,231.8300018310547,0.0,2324100
2025-07-31,221.65457153320312,224.6300048828125,0.0,229.77999877929688,222.3699951171875,228.27999877929688,0.0,5339800
2025-08-01,218.7732391357422,221.7100067138672,0.0,223.16000366210938,218.85000610351562,222.36000061035156,0.0,3740500
2025-08-04,219.4541015625,222.39999389648438,0.0,223.52999877929688,220.60000610351562,221.4199981689453,0.0,2848100
2025-08-05,217.75686645507812,220.67999267578125,0.0,225.0800018310547,219.38999938964844,222.97999572753906,0.0,3099000
2025-08-06,217.76675415039062,220.69000244140625,0.0,221.1699981689453,218.3699951171875,220.67999267578125,0.0,2547300
2025-08-07,220.16456604003906,223.1199951171875,0.0,225.63999938964844,222.19000244140625,223.10000610351562,0.0,2522000
2025-08-08,220.98358154296875,223.9499969482422,0.0,224.94000244140625,221.14999389648438,223.05999755859375,0.0,3078200
2025-08-11,221.10198974609375,224.07000732421875,0.0,228.32000732421875,223.44000244140625,225.0,0.0,3479200
2025-08-12,228.96641540527344,232.0399932861328,0.0,234.2899932861328,225.42999267578125,226.47999572753906,0.0,4979300
2025-08-13,234.4823760986328,237.6300048828125,0.0,238.27000427246094,232.1199951171875,232.97000122070312,0.0,3804700
2025-08-14,233.08119201660156,236.2100067138672,0.0,236.8699951171875,232.97000122070312,234.86000061035156,0.0,2182100
2025-08-15,228.5618438720703,231.6300048828125,0.0,237.2100067138672,231.0399932861328,237.2100067138672,0.0,3826400
2025-08-18,228.48292541503906,231.5500030517578,0.0,234.0399932861328,230.5,230.5,0.0,2260100
2025-08-19,227.3876190185547,230.44000244140625,0.0,234.22000122070312,229.80999755859375,231.63999938964844,0.0,4569000
2025-08-20,241.62646484375,244.8699951171875,0.0,245.39999389648438,228.11000061035156,239.69000244140625,0.0,8529000
2025-08-21,243.6789093017578,246.9499969482422,0.0,250.17999267578125,243.49000549316406,244.0,0.0,5991800
2025-08-22,248.859375,252.1999969482422,0.0,257.2099914550781,248.22000122070312,249.17999267578125,0.0,4990800
2025-08-25,251.1190643310547,254.49000549316406,0.0,255.27000427246094,251.25999450683594,252.63999938964844,0.0,3419100
2025-08-26,252.24395751953125,255.6300048828125,0.0,257.7200012207031,253.69000244140625,254.0,0.0,5735100
2025-08-27,252.1156768798828,255.5,0.0,256.25,252.8699951171875,254.58999633789062,0.0,3347400
2025-08-28,250.88221740722656,254.25,0.0,258.1300048828125,254.1699981689453,256.8800048828125,0.0,4038100
2025-08-29,247.98117065429688,251.30999755859375,0.0,254.25,250.52000427246094,253.05999755859375,0.0,3599000
2025-09-02,245.99986267089844,248.32000732421875,0.99,248.52000427246094,243.8300018310547,246.5,0.0,3115700
2025-09-03,242.26507568359375,244.5500030517578,0.0,248.8699951171875,241.92999267578125,248.32000732421875,0.0,3024500
2025-09-04,243.8105010986328,246.11000061035156,0.0,246.32000732421875,239.5800018310547,243.00999450683594,0.0,3574700
2025-09-05,244.7615509033203,247.07000732421875,0.0,249.72999572753906,245.3800048828125,246.22000122070312,0.0,2166100
2025-09-08,246.6536865234375,248.97999572753906,0.0,249.42999267578125,246.63999938964844,248.0500030517578,0.0,2417900
2025-09-09,245.8611602783203,248.17999267578125,0.0,249.32000732421875,246.52000427246094,248.11000061035156,0.0,2154600
2025-09-10,244.90023803710938,247.2100067138672,0.0,249.0500030517578,245.8699951171875,248.3000030517578,0.0,2474500
2025-09-11,245.92059326171875,248.24000549316406,0.0,250.0,246.49000549316406,247.75999450683594,0.0,2244700
2025-09-12,242.91891479492188,245.2100067138672,0.0,248.22999572753906,244.97999572753906,247.6199951171875,0.0,2110000
2025-09-15,242.62171936035156,244.91000366210938,0.0,246.97000122070312,238.77999877929688,239.4199981689453,0.0,2333100
2025-09-16,241.8192901611328,244.10000610351562,0.0,247.32000732421875,242.22000122070312,242.9499969482422,0.0,2913800
2025-09-17,244.0185546875,246.32000732421875,0.0,250.1999969482422,244.11000061035156,244.11000061035156,0.0,2617600
2025-09-18,246.72303771972656,249.0500030517578,0.0,252.0,248.27999877929688,251.08999633789062,0.0,3129900
2025-09-19,243.0377960205078,245.3300018310547,0.0,249.9499969482422,243.5800018310547,249.9499969482422,0.0,5182600
2025-09-22,245.02902221679688,247.33999633789062,0.0,249.0399932861328,245.5800018310547,245.61000061035156,0.0,2167300
2025-09-23,244.47422790527344,246.77999877929688,0.0,250.36000061035156,246.3300018310547,248.3699951171875,0.0,2085700
2025-09-24,246.2871551513672,248.61000061035156,0.0,249.82000732421875,246.6999969482422,247.0500030517578,0.0,2479000
2025-09-25,245.2172393798828,247.52999877929688,0.0,248.3300018310547,243.52000427246094,247.57000732421875,0.0,2410900
2025-09-26,245.2469482421875,247.55999755859375,0.0,249.41000366210938,245.75999450683594,248.7100067138672,0.0,2648500
2025-09-29,242.50283813476562,244.7899932861328,0.0,249.5,243.85000610351562,249.3300018310547,0.0,3296300
2025-09-30,243.40432739257812,245.6999969482422,0.0,247.1999969482422,243.07000732421875,245.80999755859375,0.0,2507800
2025-10-01,237.0443115234375,239.27999877929688,0.0,245.58999633789062,236.22000122070312,243.7100067138672,0.0,4916300
2025-10-02,239.41197204589844,241.6699981689453,0.0,243.97000122070312,240.44000244140625,242.1300048828125,0.0,2774100
2025-10-03,239.72900390625,241.99000549316406,0.0,246.1999969482422,241.58999633789062,242.0500030517578,0.0,2118500
2025-10-06,240.23423767089844,242.5,0.0,245.00999450683594,238.9199981689453,245.00999450683594,0.0,4021200
2025-10-07,231.5659942626953,233.75,0.0,243.38999938964844,233.02999877929688,243.38999938964844,0.0,3397800
2025-10-08,235.70692443847656,237.92999267578125,0.0,239.36000061035156,233.8000030517578,233.8000030517578,0.0,4017900
2025-10-09,235.65740966796875,237.8800048828125,0.0,238.38999938964844,235.10000610351562,236.83999633789062,0.0,3069200
2025-10-10,223.21475219726562,225.32000732421875,0.0,239.0399932861328,224.7100067138672,237.74000549316406,0.0,4425100
2025-10-13,232.47738647460938,234.6699981689453,0.0,235.82000732421875,226.9600067138672,228.32000732421875,0.0,4609900
2025-10-14,233.2005615234375,235.39999389648438,0.0,238.77999877929688,229.1300048828125,231.14999389648438,0.0,3431200
2025-10-15,235.92486572265625,238.14999389648438,0.0,238.8000030517578,234.9600067138672,238.19000244140625,0.0,2773700
2025-10-16,239.35255432128906,241.61000061035156,0.0,244.22999572753906,238.52000427246094,240.3300018310547,0.0,2898700
2025-10-17,240.60076904296875,242.8699951171875,0.0,243.5399932861328,238.58999633789062,241.77000427246094,0.0,2401200
2025-10-20,243.9194793701172,246.22000122070312,0.0,246.83999633789062,242.8699951171875,242.8699951171875,0.0,2759700
2025-10-21,244.0680694580078,246.3699951171875,0.0,248.8300018310547,245.61000061035156,247.83999633789062,0.0,2361300
2025-10-22,238.1142120361328,240.36000061035156,0.0,241.63999938964844,236.91000366210938,240.5399932861328,0.0,5270800
2025-10-23,241.016845703125,243.2899932861328,0.0,244.9499969482422,237.25999450683594,237.3000030517578,0.0,2774900
2025-10-24,235.7861785888672,238.00999450683594,0.0,245.50999450683594,236.6300048828125,245.4499969482422,0.0,3489000
2025-10-27,240.7394561767578,243.00999450683594,0.0,244.11000061035156,238.35000610351562,239.6999969482422,0.0,3506200
2025-10-28,237.11366271972656,239.35000610351562,0.0,243.67999267578125,238.83999633789062,241.50999450683594,0.0,2421000
2025-10-29,232.84393310546875,235.0399932861328,0.0,241.91000366210938,234.52000427246094,239.75999450683594,0.0,3438500
2025-10-30,230.72390747070312,232.89999389648438,0.0,236.6300048828125,232.82000732421875,235.0399932861328,0.0,2940400
2025-10-31,231.94244384765625,234.1300048828125,0.0,235.6300048828125,231.5399932861328,232.89999389648438,0.0,2698100
2025-11-03,231.4272918701172,233.61000061035156,0.0,237.0,232.61000061035156,234.9499969482422,0.0,2266900
2025-11-04,227.23681640625,229.3800048828125,0.0,233.77999877929688,228.75999450683594,233.00999450683594,0.0,3956600
2025-11-05,233.79495239257812,236.0,0.0,238.47999572753906,230.08999633789062,230.08999633789062,0.0,2971900
2025-11-06,230.70411682128906,232.8800048828125,0.0,237.0399932861328,231.1999969482422,235.19000244140625,0.0,3126800
2025-11-07,226.34523010253906,228.47999572753906,0.0,230.80999755859375,223.47000122070312,229.39999389648438,0.0,4583600
2025-11-10,229.83233642578125,232.0,0.0,233.22999572753906,228.3300018310547,231.86000061035156,0.0,3264100
2025-11-11,231.22915649414062,233.41000366210938,0.0,235.0,231.44000244140625,231.50999450683594,0.0,3159900
2025-11-12,239.1841278076172,241.44000244140625,0.0,242.0,235.83999633789062,236.9199981689453,0.0,4677300
2025-11-13,235.31065368652344,237.52999877929688,0.0,241.32000732421875,235.44000244140625,239.63999938964844,0.0,4897200
2025-11-14,232.69532775878906,234.88999938964844,0.0,237.0500030517578,230.42999267578125,234.19000244140625,0.0,3319600
2025-11-17,227.79159545898438,229.94000244140625,0.0,234.22000122070312,227.77999877929688,233.02999877929688,0.0,3885000
2025-11-18,227.9798126220703,230.1300048828125,0.0,232.35000610351562,227.72000122070312,229.85000610351562,0.0,3953400
2025-11-19,230.0304718017578,232.1999969482422,0.0,234.39999389648438,229.3300018310547,229.5399932861328,0.0,2790300
2025-11-20,223.09588623046875,225.1999969482422,0.0,235.27999877929688,224.25,234.2899932861328,0.0,4316600
2025-11-21,230.14935302734375,232.32000732421875,0.0,234.52999877929688,225.0,225.6300048828125,0.0,4467200
2025-11-24,237.16319274902344,239.39999389648438,0.0,240.75999450683594,233.25,233.64999389648438,0.0,8219900
2025-11-25,249.665283203125,252.02000427246094,0.0,252.47999572753906,229.2899932861328,230.60000610351562,0.0,7515100
2025-11-26,255.51019287109375,257.9200134277344,0.0,260.739990234375,252.9199981689453,255.22000122070312,0.0,5253100
2025-11-28,262.86083984375,265.3399963378906,0.0,265.75,258.0400085449219,259.3599853515625,0.0,2589700
2025-12-01,264.0198974609375,266.510009765625,0.0,268.4700012207031,262.0,262.95001220703125,0.0,7333500
2025-12-02,270.4195251464844,272.9700012207031,0.0,274.1300048828125,266.0400085449219,268.19000244140625,0.0,5266400
2025-12-03,275.6402893066406,278.239990234375,0.0,278.7799987792969,271.5799865722656,274.489990234375,0.0,4203100
2025-12-04,274.6694641113281,277.260009765625,0.0,279.54998779296875,275.5400085449219,277.3599853515625,0.0,3253800
2025-12-05,278.6617736816406,281.2900085449219,0.0,283.239990234375,279.1400146484375,280.1199951171875,0.0,3834100
2025-12-08,277.4986267089844,279.1300048828125,0.99,282.5400085449219,276.9700012207031,281.7799987792969,0.0,3190800
2025-12-09,274.6255187988281,276.239990234375,0.0,279.7900085449219,275.25,277.5799865722656,0.0,2584600
2025-12-10,279.92437744140625,281.57000732421875,0.0,282.3999938964844,274.260009765625,275.6499938964844,0.0,5176700
2025-12-11,281.7337646484375,283.3900146484375,0.0,283.80999755859375,278.489990234375,281.57000732421875,0.0,2840000
2025-12-12,277.6875305175781,279.32000732421875,0.0,284.2300109863281,278.07000732421875,282.4200134277344,0.0,4182300
2025-12-15,278.80096435546875,280.44000244140625,0.0,282.7200012207031,278.8999938964844,281.6300048828125,0.0,3594500
2025-12-16,276.77288818359375,278.3999938964844,0.0,282.0,277.7200012207031,280.9599914550781,0.0,3625300
2025-12-17,269.4559326171875,271.0400085449219,0.0,280.42999267578125,270.1400146484375,279.3800048828125,0.0,4006000
2025-12-18,273.3132629394531,274.9200134277344,0.0,277.1000061035156,272.79998779296875,275.69000244140625,0.0,4104700
2025-12-19,272.8360595703125,274.44000244140625,0.0,278.4100036621094,274.0,275.0899963378906,0.0,9419900
2025-12-22,274.2079772949219,275.82000732421875,0.0,278.4100036621094,275.3999938964844,277.44000244140625,0.0,3369600
2025-12-23,275.1126708984375,276.7300109863281,0.0,277.4700012207031,274.5799865722656,275.6300048828125,0.0,1763400
2025-12-24,275.93780517578125,277.55999755859375,0.0,279.1700134277344,276.8599853515625,277.1600036621094,0.0,887700
2025-12-26,275.22198486328125,276.8399963378906,0.0,278.0,275.94000244140625,277.7300109863281,0.0,1746400
2025-12-29,274.0190734863281,275.6300048828125,0.0,277.8699951171875,274.1499938964844,275.6400146484375,0.0,1747900
2025-12-30,273.2138366699219,274.82000732421875,0.0,277.1000061035156,274.5899963378906,276.70001220703125,0.0,1287400
2025-12-31,269.614990234375,271.20001220703125,0.0,275.79998779296875,271.1000061035156,274.82000732421875,0.0,1790900
2026-01-02,272.14013671875,273.739990234375,0.0,276.0,270.4599914550781,275.07000732421875,0.0,3608900
2026-01-05,275.66937255859375,277.2900085449219,0.0,281.8299865722656,273.7699890136719,275.2200012207031,0.0,3006700
2026-01-06,291.2279357910156,292.94000244140625,0.0,294.1499938964844,279.5899963378906,279.739990234375,0.0,6428000
2026-01-07,291.17822265625,292.8900146484375,0.0,293.0799865722656,286.75,288.8900146484375,0.0,3570200
2026-01-08,297.4115905761719,299.1600036621094,0.0,299.5299987792969,289.510009765625,290.3800048828125,0.0,3775500
2026-01-09,299.1712341308594,300.92999267578125,0.0,303.20001220703125,297.1199951171875,299.7699890136719,0.0,3088100
2026-01-12,292.1425476074219,293.8599853515625,0.0,298.3500061035156,292.45001220703125,297.5,0.0,3308200
2026-01-13,294.4787902832031,296.2099914550781,0.0,302.4800109863281,294.6600036621094,295.17999267578125,0.0,2759600
2026-01-14,296.2483825683594,297.989990234375,0.0,298.8599853515625,293.2799987792969,294.5899963378906,0.0,3597400
2026-01-15,300.33441162109375,302.1000061035156,0.0,305.6099853515625,298.6400146484375,301.80999755859375,0.0,4087000
2026-01-16,298.4952087402344,300.25,0.0,309.17999267578125,299.69000244140625,307.5299987792969,0.0,4261100
2026-01-20,293.9419860839844,295.6700134277344,0.0,302.0299987792969,293.82000732421875,296.989990234375,0.0,4321000
2026-01-21,303.1875915527344,304.9700012207031,0.0,308.1499938964844,298.3999938964844,298.9599914550781,0.0,3753900
2026-01-22,306.71685791015625,308.5199890136719,0.0,313.19000244140625,306.8699951171875,309.4700012207031,0.0,2793700
2026-01-23,303.8139343261719,305.6000061035156,0.0,313.5400085449219,303.1600036621094,310.489990234375,0.0,2907000
2026-01-26,302.23321533203125,304.010009765625,0.0,306.69000244140625,303.760009765625,305.1499938964844,0.0,2757700
2026-01-27,302.05426025390625,303.8299865722656,0.0,306.989990234375,300.760009765625,305.239990234375,0.0,3552700
2026-01-28,315.77362060546875,317.6300048828125,0.0,318.1700134277344,308.5,313.0,0.0,3888300
2026-01-29,316.8373718261719,318.70001220703125,0.0,319.260009765625,308.92999267578125,316.07000732421875,0.0,3131800
2026-01-30,309.0630798339844,310.8800048828125,0.0,317.32000732421875,309.2699890136719,314.9599914550781,0.0,4405600
2026-02-02,315.0080871582031,316.8599853515625,0.0,318.32000732421875,306.9200134277344,306.9200134277344,0.0,3773000
2026-02-03,309.4706726074219,311.2900085449219,0.0,321.2300109863281,308.9599914550781,316.8599853515625,0.0,5546000
2026-02-04,318.56719970703125,320.44000244140625,0.0,323.0899963378906,311.7300109863281,315.75,0.0,6275300
2026-02-05,320.23736572265625,322.1199951171875,0.0,327.30999755859375,313.3999938964844,316.3399963378906,0.0,5935700
2026-02-06,318.5771484375,320.45001220703125,0.0,327.75,316.0,322.9599914550781,0.0,6775000
2026-02-09,321.0823974609375,322.9700012207031,0.0,323.8900146484375,317.8900146484375,319.3299865722656,0.0,3163100
2026-02-10,323.2596130371094,325.1600036621094,0.0,326.3800048828125,319.75,320.739990234375,0.0,2642000
2026-02-11,335.0303955078125,337.0,0.0,337.8399963378906,327.4200134277344,329.8800048828125,0.0,3908900
2026-02-12,329.4233703613281,331.3599853515625,0.0,343.9599914550781,330.8299865722656,339.3699951171875,0.0,4483000
2026-02-13,335.12982177734375,337.1000061035156,0.0,337.9599914550781,328.45001220703125,329.7300109863281,0.0,3443200
2026-02-17,335.5374450683594,337.510009765625,0.0,340.4599914550781,330.3299865722656,335.6000061035156,0.0,4547600
2026-02-18,344.34564208984375,346.3699951171875,0.0,355.3599853515625,340.0,352.2099914550781,0.0,8474700
2026-02-19,343.2818908691406,345.29998779296875,0.0,353.2799987792969,339.6600036621094,344.9700012207031,0.0,5101200
2026-02-20,352.9550476074219,355.0299987792969,0.0,355.45001220703125,345.010009765625,345.29998779296875,0.0,5341300
2026-02-23,353.0743408203125,355.1499938964844,0.0,358.0,349.5799865722656,352.5299987792969,0.0,4132900
2026-02-24,354.00885009765625,356.0899963378906,0.0,362.489990234375,355.6400146484375,359.0,0.0,4541300
2026-02-25,358.6913146972656,360.79998779296875,0.0,363.20001220703125,358.6000061035156,361.0199890136719,0.0,3425000
2026-02-26,352.2790222167969,354.3500061035156,0.0,361.67999267578125,351.0,360.7799987792969,0.0,4662700
2026-02-27,353.7106018066406,355.7900085449219,0.0,356.0299987792969,346.57000732421875,351.2900085449219,0.0,6109500
2026-03-02,350.350341796875,352.4100036621094,0.0,356.04998779296875,348.0,348.7799987792969,0.0,3326000
2026-03-03,338.0639953613281,338.989990234375,1.1,342.5899963378906,335.0799865722656,339.1499938964844,0.0,5312400
2026-03-04,340.5771484375,341.510009765625,0.0,346.3900146484375,339.2900085449219,344.0400085449219,0.0,3202500
2026-03-05,328.8193359375,329.7200012207031,0.0,339.95001220703125,325.3299865722656,336.75,0.0,5368400
2026-03-06,314.94732666015625,315.80999755859375,0.0,323.3299865722656,314.30999755859375,319.4800109863281,0.0,4536700
2026-03-09,318.836669921875,319.7099914550781,0.0,319.8999938964844,307.2200012207031,310.239990234375,0.0,5945400
2026-03-10,317.9391174316406,318.80999755859375,0.0,323.94000244140625,317.0799865722656,318.7200012207031,0.0,4351500
2026-03-11,318.3480224609375,319.2200012207031,0.0,321.5299987792969,316.3500061035156,319.2900085449219,0.0,2575600
2026-03-12,306.4306335449219,307.2699890136719,0.0,314.3699951171875,304.260009765625,313.8999938964844,0.0,4826800
2026-03-13,305.23394775390625,306.07000732421875,0.0,311.25,303.510009765625,309.8800048828125,0.0,2792700
2026-03-16,310.0707092285156,310.9200134277344,0.0,313.8599853515625,309.1099853515625,311.6700134277344,0.0,3254900
2026-03-17,312.8031921386719,313.6600036621094,0.0,315.2900085449219,310.7200012207031,312.20001220703125,0.0,2699700
2026-03-18,307.7470397949219,308.5899963378906,0.0,316.9100036621094,307.8800048828125,313.3299865722656,0.0,3555200
2026-03-19,309.5920104980469,310.44000244140625,0.0,313.5899963378906,300.9100036621094,303.3699951171875,0.0,3289100
2026-03-20,308.5847473144531,309.42999267578125,0.0,312.25,305.95001220703125,311.1499938964844,0.0,7029300
2026-03-23,311.33721923828125,312.19000244140625,0.0,317.5299987792969,311.7099914550781,315.4800109863281,0.0,3495300
2026-03-24,320.95086669921875,321.8299865722656,0.0,324.7900085449219,311.1000061035156,311.25,0.0,3404200
2026-03-25,321.15032958984375,322.0299987792969,0.0,328.17999267578125,320.6199951171875,325.0,0.0,2460900
2026-03-26,312.5638732910156,313.4200134277344,0.0,321.1199951171875,312.3900146484375,319.1000061035156,0.0,3923800
2026-03-27,306.6001892089844,307.44000244140625,0.0,313.19000244140625,306.17999267578125,310.8699951171875,0.0,3282100
2026-03-30,302.2720642089844,303.1000061035156,0.0,314.0299987792969,300.55999755859375,314.0299987792969,0.0,3914600
2026-03-31,317.2709655761719,318.1400146484375,0.0,319.32000732421875,306.5,309.3699951171875,0.0,4285900
2026-04-01,319.70428466796875,320.5799865722656,0.0,325.75,317.2099914550781,318.20001220703125,0.0,3145000
2026-04-02,317.47039794921875,318.3399963378906,0.0,321.7099914550781,309.7900085449219,310.2699890136719,0.0,2386700
2026-04-06,326.46575927734375,327.3599853515625,0.0,327.4599914550781,318.75,320.0,0.0,2353700
2026-04-07,326.5156555175781,327.4100036621094,0.0,327.510009765625,321.0,323.7900085449219,0.0,2344400
2026-04-08,345.2642822265625,346.2099914550781,0.0,349.0,341.9800109863281,345.80999755859375,0.0,4522200
2026-04-09,350.40020751953125,351.3599853515625,0.0,352.7799987792969,345.489990234375,346.0,0.0,2927400
2026-04-10,349.1835632324219,350.1400146484375,0.0,354.2900085449219,349.010009765625,353.0,0.0,2505100
2026-04-13,349.0539245605469,350.010009765625,0.0,350.0799865722656,344.0,348.69000244140625,0.0,2485100
2026-04-14,347.64776611328125,348.6000061035156,0.0,352.6700134277344,347.04998779296875,352.42999267578125,0.0,2320400
2026-04-15,346.98956298828125,347.94000244140625,0.0,349.04998779296875,341.32000732421875,347.0,0.0,2440900
2026-04-16,352.8335266113281,353.79998779296875,0.0,355.8500061035156,346.44000244140625,346.9700012207031,0.0,2198800
2026-04-17,370.43536376953125,371.45001220703125,0.0,372.45001220703125,357.82000732421875,359.6700134277344,0.0,5248200
2026-04-20,380.00909423828125,381.04998779296875,0.0,385.4599914550781,369.70001220703125,373.0199890136719,0.0,4003700
2026-04-21,374.2449035644531,375.2699890136719,0.0,383.6000061035156,373.3399963378906,383.0,0.0,3296900
2026-04-22,380.37811279296875,381.4200134277344,0.0,383.6000061035156,378.25,380.80999755859375,0.0,2517700
2026-04-23,402.7767639160156,403.8800048828125,0.0,408.3699951171875,395.79998779296875,397.8999938964844,0.0,4449600
2026-04-24,398.4785461425781,399.57000732421875,0.0,406.29998779296875,398.260009765625,404.07000732421875,0.0,4512300
2026-04-27,391.517578125,392.5899963378906,0.0,399.5199890136719,386.739990234375,398.2900085449219,0.0,2763800
2026-04-28,382.21307373046875,383.260009765625,0.0,393.1000061035156,382.45001220703125,389.79998779296875,0.0,3846500
2026-04-29,388.2465515136719,389.30999755859375,0.0,394.95001220703125,386.5299987792969,392.0,0.0,3097800
2026-04-30,401.16119384765625,402.260009765625,0.0,402.6700134277344,391.17999267578125,393.3900146484375,0.0,3746100
2026-05-01,396.6036682128906,397.69000244140625,0.0,399.04998779296875,393.4100036621094,397.05999755859375,0.0,1986900
2026-05-04,395.93548583984375,397.0199890136719,0.0,402.260009765625,391.8800048828125,402.260009765625,0.0,1914100
2026-05-05,403.664306640625,404.7699890136719,0.0,405.6600036621094,393.19000244140625,396.75,0.0,3343100
2026-05-06,414.4946594238281,415.6300048828125,0.0,416.0,404.3999938964844,404.7099914550781,0.0,3893600
2026-05-07,407.404052734375,408.5199890136719,0.0,413.9599914550781,405.9100036621094,413.9100036621094,0.0,3938200
2026-05-08,415.3822021484375,416.5199890136719,0.0,418.75,413.5199890136719,418.0,0.0,3754400
2026-05-11,421.5752868652344,422.7300109863281,0.0,422.8800048828125,411.4800109863281,412.2099914550781,0.0,3796800
2026-05-12,418.503662109375,419.6499938964844,0.0,420.9100036621094,406.7699890136719,417.8500061035156,0.0,4848600
2026-05-13,431.2088928222656,432.3900146484375,0.0,435.7200012207031,426.0,427.8399963378906,0.0,3486300
2026-05-14,425.6241760253906,426.7900085449219,0.0,433.9100036621094,424.07000732421875,430.9700012207031,0.0,2811400
2026-05-15,416.3495788574219,417.489990234375,0.0,422.17999267578125,414.54998779296875,415.17999267578125,0.0,3709600
2026-05-18,417.43658447265625,418.5799865722656,0.0,428.67999267578125,414.07000732421875,426.8999938964844,0.0,4228500
2026-05-19,413.1782531738281,414.30999755859375,0.0,423.4200134277344,407.19000244140625,409.1600036621094,0.0,6190400
2026-05-20,396.9626770019531,398.04998779296875,0.0,406.1400146484375,383.8500061035156,390.0,0.0,10353000
2026-05-21,383.16046142578125,384.2099914550781,0.0,397.0,381.2200012207031,396.6400146484375,0.0,5303500
2026-05-22,395.9853515625,397.07000732421875,0.0,400.7300109863281,387.010009765625,389.1400146484375,0.0,6107800
2026-05-26,418.7928771972656,419.94000244140625,0.0,422.94000244140625,406.25,406.25,0.0,6628900
2026-05-27,415.7412414550781,416.8800048828125,0.0,433.5,407.7799987792969,433.5,0.0,4095400
2026-05-28,417.8654479980469,419.010009765625,0.0,420.95001220703125,407.260009765625,417.1400146484375,0.0,5055600
2026-05-29,412.7195129394531,413.8500061035156,0.0,423.45001220703125,408.1700134277344,423.45001220703125,0.0,5507900
2026-06-01,401.5899963378906,402.69000244140625,0.0,409.989990234375,399.9100036621094,404.25,0.0,4335600
2026-06-02,423.20001220703125,423.20001220703125,1.1,423.9700012207031,409.0,409.5,0.0,4954100
2026-06-03,437.6700134277344,437.6700134277344,0.0,439.70001220703125,418.2200012207031,424.8999938964844,0.0,5700700
2026-06-04,428.760009765625,428.760009765625,0.0,432.2699890136719,420.5899963378906,427.7799987792969,0.0,3376700
2026-06-05,401.3900146484375,401.3900146484375,0.0,419.6400146484375,401.260009765625,419.489990234375,0.0,7242600
2026-06-08,403.8900146484375,403.8900146484375,0.0,415.0,401.5899963378906,414.95001220703125,0.0,5140200
2026-06-09,404.6199951171875,404.6199951171875,0.0,414.5899963378906,383.32000732421875,411.95001220703125,0.0,5415600
2026-06-10,392.6700134277344,392.6700134277344,0.0,411.0,392.4100036621094,399.55999755859375,0.0,3868600
2026-06-11,412.1300048828125,412.1300048828125,0.0,413.04998779296875,397.010009765625,401.94000244140625,0.0,4846300
2026-06-12,417.7900085449219,417.7900085449219,0.0,422.2300109863281,406.3999938964844,411.95001220703125,0.0,2997500
2026-06-15,427.5799865722656,427.5799865722656,0.0,433.0,424.8999938964844,429.1700134277344,0.0,4530800
2026-06-16,416.0,416.0,0.0,438.6499938964844,415.70001220703125,426.5899963378906,0.0,4350900
2026-06-17,414.45001220703125,414.45001220703125,0.0,428.0899963378906,414.05999755859375,421.6400146484375,0.0,3603500
2026-06-18,434.4599914550781,434.4599914550781,0.0,438.55999755859375,426.2300109863281,426.2300109863281,0.0,11869000
2026-06-22,445.4800109863281,445.4800109863281,0.0,445.9100036621094,436.3900146484375,437.75,0.0,4289100
2026-06-23,407.260009765625,407.260009765625,0.0,426.8599853515625,403.2099914550781,426.8599853515625,0.0,7559600
2026-06-24,413.1600036621094,413.1600036621094,0.0,414.4599914550781,404.0,407.2200012207031,0.0,4648300
2026-06-25,417.92999267578125,417.92999267578125,0.0,431.8699951171875,412.3500061035156,424.25,0.0,6440800
2026-06-26,386.9100036621094,386.9100036621094,0.0,406.0799865722656,382.82000732421875,405.42999267578125,0.0,12478800
2026-06-29,391.7799987792969,391.7799987792969,0.0,398.05999755859375,385.010009765625,388.1600036621094,0.0,5169300
2026-06-30,397.1700134277344,397.1700134277344,0.0,401.82000732421875,391.7799987792969,392.9200134277344,0.0,6480700
