Date,Adj Close,Close,Dividends,High,Low,Open,Stock Splits,Volume
,AMD,AMD,AMD,AMD,AMD,AMD,AMD,AMD
2016-07-01,5.070000171661377,5.070000171661377,0.0,5.139999866485596,5.0,5.090000152587891,0.0,18255900
2016-07-05,4.960000038146973,4.960000038146973,0.0,5.050000190734863,4.880000114440918,5.03000020980835,0.0,16332500
2016-07-06,5.039999961853027,5.039999961853027,0.0,5.110000133514404,4.900000095367432,4.909999847412109,0.0,19392900
2016-07-07,5.019999980926514,5.019999980926514,0.0,5.099999904632568,4.940000057220459,5.070000171661377,0.0,15813800
2016-07-08,5.099999904632568,5.099999904632568,0.0,5.150000095367432,4.820000171661377,4.840000152587891,0.0,28140700
2016-07-11,5.010000228881836,5.010000228881836,0.0,5.190000057220459,5.0,5.130000114440918,0.0,21027900
2016-07-12,5.139999866485596,5.139999866485596,0.0,5.170000076293945,5.010000228881836,5.010000228881836,0.0,20832500
2016-07-13,5.090000152587891,5.090000152587891,0.0,5.190000057220459,5.039999961853027,5.139999866485596,0.0,14032500
2016-07-14,5.170000076293945,5.170000076293945,0.0,5.239999771118164,5.059999942779541,5.150000095367432,0.0,20050100
2016-07-15,5.139999866485596,5.139999866485596,0.0,5.199999809265137,5.099999904632568,5.199999809265137,0.0,14219300
2016-07-18,5.510000228881836,5.510000228881836,0.0,5.570000171661377,5.130000114440918,5.190000057220459,0.0,38619400
2016-07-19,5.409999847412109,5.409999847412109,0.0,5.550000190734863,5.340000152587891,5.5,0.0,23439600
2016-07-20,5.409999847412109,5.409999847412109,0.0,5.5,5.400000095367432,5.480000019073486,0.0,20102400
2016-07-21,5.21999979019165,5.21999979019165,0.0,5.449999809265137,5.099999904632568,5.429999828338623,0.0,40242000
2016-07-22,5.840000152587891,5.840000152587891,0.0,5.96999979019165,5.449999809265137,5.730000019073486,0.0,101838300
2016-07-25,6.699999809265137,6.699999809265137,0.0,6.949999809265137,5.920000076293945,5.929999828338623,0.0,118328600
2016-07-26,6.980000019073486,6.980000019073486,0.0,7.159999847412109,6.710000038146973,6.760000228881836,0.0,81230600
2016-07-27,6.849999904632568,6.849999904632568,0.0,6.980000019073486,6.679999828338623,6.929999828338623,0.0,38567300
2016-07-28,6.820000171661377,6.820000171661377,0.0,6.980000019073486,6.739999771118164,6.789999961853027,0.0,27515600
2016-07-29,6.860000133514404,6.860000133514404,0.0,6.960000038146973,6.75,6.880000114440918,0.0,22580500
2016-08-01,6.639999866485596,6.639999866485596,0.0,6.920000076293945,6.570000171661377,6.889999866485596,0.0,26729000
2016-08-02,6.260000228881836,6.260000228881836,0.0,6.599999904632568,6.150000095367432,6.559999942779541,0.0,40816400
2016-08-03,6.300000190734863,6.300000190734863,0.0,6.449999809265137,6.150000095367432,6.179999828338623,0.0,23807800
2016-08-04,6.46999979019165,6.46999979019165,0.0,6.610000133514404,6.369999885559082,6.389999866485596,0.0,22411000
2016-08-05,6.610000133514404,6.610000133514404,0.0,6.760000228881836,6.46999979019165,6.559999942779541,0.0,20164000
2016-08-08,6.679999828338623,6.679999828338623,0.0,6.849999904632568,6.650000095367432,6.699999809265137,0.0,21462200
2016-08-09,6.599999904632568,6.599999904632568,0.0,6.78000020980835,6.539999961853027,6.75,0.0,16772400
2016-08-10,6.489999771118164,6.489999771118164,0.0,6.579999923706055,6.25,6.349999904632568,0.0,29070700
2016-08-11,6.579999923706055,6.579999923706055,0.0,6.590000152587891,6.460000038146973,6.5,0.0,13240300
2016-08-12,6.730000019073486,6.730000019073486,0.0,6.789999961853027,6.550000190734863,6.599999904632568,0.0,25466400
2016-08-15,6.949999809265137,6.949999809265137,0.0,6.96999979019165,6.78000020980835,6.789999961853027,0.0,28339400
2016-08-16,6.78000020980835,6.78000020980835,0.0,6.940000057220459,6.650000095367432,6.940000057220459,0.0,26768800
2016-08-17,6.679999828338623,6.679999828338623,0.0,6.75,6.610000133514404,6.699999809265137,0.0,13791300
2016-08-18,7.039999961853027,7.039999961853027,0.0,7.070000171661377,6.730000019073486,6.739999771118164,0.0,30783300
2016-08-19,7.619999885559082,7.619999885559082,0.0,8.0,7.21999979019165,7.239999771118164,0.0,75129300
2016-08-22,7.579999923706055,7.579999923706055,0.0,7.949999809265137,7.369999885559082,7.829999923706055,0.0,41519200
2016-08-23,7.670000076293945,7.670000076293945,0.0,7.739999771118164,7.53000020980835,7.659999847412109,0.0,27531100
2016-08-24,7.429999828338623,7.429999828338623,0.0,7.670000076293945,7.369999885559082,7.670000076293945,0.0,22943900
2016-08-25,7.46999979019165,7.46999979019165,0.0,7.489999771118164,7.199999809265137,7.489999771118164,0.0,16451300
2016-08-26,7.670000076293945,7.670000076293945,0.0,7.800000190734863,7.460000038146973,7.489999771118164,0.0,31387900
2016-08-29,7.590000152587891,7.590000152587891,0.0,7.789999961853027,7.570000171661377,7.71999979019165,0.0,16916300
2016-08-30,7.489999771118164,7.489999771118164,0.0,7.639999866485596,7.409999847412109,7.610000133514404,0.0,16088100
2016-08-31,7.400000095367432,7.400000095367432,0.0,7.519999980926514,7.28000020980835,7.519999980926514,0.0,18808800
2016-09-01,7.349999904632568,7.349999904632568,0.0,7.440000057220459,7.090000152587891,7.179999828338623,0.0,22284600
2016-09-02,7.510000228881836,7.510000228881836,0.0,7.639999866485596,7.380000114440918,7.489999771118164,0.0,18538400
2016-09-06,7.340000152587891,7.340000152587891,0.0,7.599999904632568,7.25,7.559999942779541,0.0,24994600
2016-09-07,6.840000152587891,6.840000152587891,0.0,7.070000171661377,6.78000020980835,7.050000190734863,0.0,57721900
2016-09-08,6.230000019073486,6.230000019073486,0.0,6.650000095367432,6.150000095367432,6.639999866485596,0.0,90814700
2016-09-09,5.900000095367432,5.900000095367432,0.0,6.239999771118164,5.849999904632568,6.230000019073486,0.0,170828000
2016-09-12,5.940000057220459,5.940000057220459,0.0,6.070000171661377,5.769999980926514,5.829999923706055,0.0,78014400
2016-09-13,5.739999771118164,5.739999771118164,0.0,5.949999809265137,5.659999847412109,5.920000076293945,0.0,50819500
2016-09-14,6.039999961853027,6.039999961853027,0.0,6.079999923706055,5.75,5.75,0.0,64251100
2016-09-15,6.019999980926514,6.019999980926514,0.0,6.199999809265137,5.949999809265137,6.090000152587891,0.0,52669500
2016-09-16,6.050000190734863,6.050000190734863,0.0,6.21999979019165,5.96999979019165,6.21999979019165,0.0,47829400
2016-09-19,6.159999847412109,6.159999847412109,0.0,6.28000020980835,6.079999923706055,6.119999885559082,0.0,37837200
2016-09-20,6.170000076293945,6.170000076293945,0.0,6.28000020980835,6.119999885559082,6.230000019073486,0.0,28990900
2016-09-21,6.289999961853027,6.289999961853027,0.0,6.320000171661377,6.139999866485596,6.199999809265137,0.0,33450000
2016-09-22,6.369999885559082,6.369999885559082,0.0,6.440000057220459,6.329999923706055,6.349999904632568,0.0,35848200
2016-09-23,6.550000190734863,6.550000190734863,0.0,6.650000095367432,6.309999942779541,6.309999942779541,0.0,61022400
2016-09-26,6.320000171661377,6.320000171661377,0.0,6.539999961853027,6.309999942779541,6.539999961853027,0.0,29875800
2016-09-27,6.539999961853027,6.539999961853027,0.0,6.579999923706055,6.289999961853027,6.449999809265137,0.0,30035900
2016-09-28,6.590000152587891,6.590000152587891,0.0,6.650000095367432,6.480000019073486,6.570000171661377,0.0,27878300
2016-09-29,6.670000076293945,6.670000076293945,0.0,6.730000019073486,6.539999961853027,6.570000171661377,0.0,30746100
2016-09-30,6.909999847412109,6.909999847412109,0.0,7.039999961853027,6.699999809265137,6.699999809265137,0.0,47453100
2016-10-03,6.949999809265137,6.949999809265137,0.0,7.150000095367432,6.869999885559082,6.949999809265137,0.0,30456700
2016-10-04,6.96999979019165,6.96999979019165,0.0,7.090000152587891,6.889999866485596,7.0,0.0,25770000
2016-10-05,6.78000020980835,6.78000020980835,0.0,7.010000228881836,6.699999809265137,6.96999979019165,0.0,31235600
2016-10-06,6.960000038146973,6.960000038146973,0.0,6.980000019073486,6.630000114440918,6.71999979019165,0.0,27059700
2016-10-07,6.75,6.75,0.0,6.960000038146973,6.619999885559082,6.920000076293945,0.0,33059000
2016-10-10,6.840000152587891,6.840000152587891,0.0,6.940000057220459,6.800000190734863,6.820000171661377,0.0,13800500
2016-10-11,6.5,6.5,0.0,6.840000152587891,6.380000114440918,6.800000190734863,0.0,32510800
2016-10-12,6.619999885559082,6.619999885559082,0.0,6.769999980926514,6.420000076293945,6.639999866485596,0.0,33592700
2016-10-13,6.489999771118164,6.489999771118164,0.0,6.539999961853027,6.239999771118164,6.5,0.0,30401700
2016-10-14,6.75,6.75,0.0,7.119999885559082,6.739999771118164,6.920000076293945,0.0,66934400
2016-10-17,6.670000076293945,6.670000076293945,0.0,6.96999979019165,6.639999866485596,6.920000076293945,0.0,24261500
2016-10-18,6.730000019073486,6.730000019073486,0.0,6.889999866485596,6.690000057220459,6.760000228881836,0.0,25314800
2016-10-19,6.769999980926514,6.769999980926514,0.0,6.800000190734863,6.570000171661377,6.699999809265137,0.0,29420200
2016-10-20,6.960000038146973,6.960000038146973,0.0,6.980000019073486,6.769999980926514,6.809999942779541,0.0,64607500
2016-10-21,6.519999980926514,6.519999980926514,0.0,6.650000095367432,6.369999885559082,6.5,0.0,64243500
2016-10-24,7.010000228881836,7.010000228881836,0.0,7.010000228881836,6.539999961853027,6.570000171661377,0.0,52998400
2016-10-25,7.5,7.5,0.0,7.5,6.869999885559082,6.900000095367432,0.0,78862000
2016-10-26,7.289999961853027,7.289999961853027,0.0,7.480000019073486,7.260000228881836,7.400000095367432,0.0,47619300
2016-10-27,7.110000133514404,7.110000133514404,0.0,7.460000038146973,7.099999904632568,7.440000057220459,0.0,37804200
2016-10-28,7.199999809265137,7.199999809265137,0.0,7.53000020980835,7.019999980926514,7.099999904632568,0.0,77261300
2016-10-31,7.230000019073486,7.230000019073486,0.0,7.460000038146973,7.199999809265137,7.239999771118164,0.0,42345900
2016-11-01,7.090000152587891,7.090000152587891,0.0,7.429999828338623,6.920000076293945,7.320000171661377,0.0,39906900
2016-11-02,6.760000228881836,6.760000228881836,0.0,7.059999942779541,6.670000076293945,7.03000020980835,0.0,33852200
2016-11-03,6.699999809265137,6.699999809265137,0.0,6.789999961853027,6.559999942779541,6.78000020980835,0.0,33673600
2016-11-04,6.559999942779541,6.559999942779541,0.0,6.71999979019165,6.460000038146973,6.690000057220459,0.0,32215700
2016-11-07,6.960000038146973,6.960000038146973,0.0,6.989999771118164,6.760000228881836,6.789999961853027,0.0,36999200
2016-11-08,7.0,7.0,0.0,7.179999828338623,6.75,6.849999904632568,0.0,37728500
2016-11-09,6.940000057220459,6.940000057220459,0.0,7.050000190734863,6.639999866485596,6.699999809265137,0.0,38479500
2016-11-10,6.300000190734863,6.300000190734863,0.0,6.909999847412109,6.21999979019165,6.820000171661377,0.0,71749500
2016-11-11,6.690000057220459,6.690000057220459,0.0,6.690000057220459,6.46999979019165,6.639999866485596,0.0,39492200
2016-11-14,6.789999961853027,6.789999961853027,0.0,6.840000152587891,6.610000133514404,6.829999923706055,0.0,29596400
2016-11-15,6.96999979019165,6.96999979019165,0.0,7.079999923706055,6.789999961853027,6.820000171661377,0.0,28909400
2016-11-16,7.670000076293945,7.670000076293945,0.0,7.75,7.070000171661377,7.090000152587891,0.0,78083200
2016-11-17,8.460000038146973,8.460000038146973,0.0,8.770000457763672,7.769999980926514,7.789999961853027,0.0,124235500
2016-11-18,8.710000038146973,8.710000038146973,0.0,8.829999923706055,8.399999618530273,8.680000305175781,0.0,62336200
2016-11-21,8.9399995803833,8.9399995803833,0.0,9.220000267028809,8.859999656677246,8.869999885559082,0.0,65595900
2016-11-22,8.6899995803833,8.6899995803833,0.0,9.0600004196167,8.539999961853027,9.050000190734863,0.0,71312800
2016-11-23,8.800000190734863,8.800000190734863,0.0,8.859999656677246,8.5,8.720000267028809,0.0,34646000
2016-11-25,8.770000457763672,8.770000457763672,0.0,8.90999984741211,8.6899995803833,8.800000190734863,0.0,14214100
2016-11-28,8.829999923706055,8.829999923706055,0.0,8.979999542236328,8.720000267028809,8.720000267028809,0.0,25907800
2016-11-29,8.930000305175781,8.930000305175781,0.0,9.229999542236328,8.850000381469727,9.0,0.0,54831400
2016-11-30,8.90999984741211,8.90999984741211,0.0,9.119999885559082,8.899999618530273,9.020000457763672,0.0,36511900
2016-12-01,8.390000343322754,8.390000343322754,0.0,9.029999732971191,8.260000228881836,8.920000076293945,0.0,56682400
2016-12-02,8.529999732971191,8.529999732971191,0.0,8.739999771118164,8.380000114440918,8.380000114440918,0.0,42398900
2016-12-05,8.680000305175781,8.680000305175781,0.0,8.710000038146973,8.449999809265137,8.6899995803833,0.0,31410100
2016-12-06,9.449999809265137,9.449999809265137,0.0,9.539999961853027,8.819999694824219,8.949999809265137,0.0,92242900
2016-12-07,9.5600004196167,9.5600004196167,0.0,9.789999961853027,9.239999771118164,9.649999618530273,0.0,54897300
2016-12-08,10.34000015258789,10.34000015258789,0.0,10.65999984741211,9.800000190734863,9.899999618530273,0.0,104613000
2016-12-09,10.34000015258789,10.34000015258789,0.0,10.539999961853027,9.869999885559082,10.380000114440918,0.0,60600800
2016-12-12,10.680000305175781,10.680000305175781,0.0,10.930000305175781,10.380000114440918,10.399999618530273,0.0,63342900
2016-12-13,10.539999961853027,10.539999961853027,0.0,10.800000190734863,10.399999618530273,10.75,0.0,46967800
2016-12-14,10.550000190734863,10.550000190734863,0.0,10.739999771118164,10.270000457763672,10.430000305175781,0.0,46968600
2016-12-15,10.859999656677246,10.859999656677246,0.0,10.930000305175781,10.640000343322754,10.680000305175781,0.0,48871300
2016-12-16,10.65999984741211,10.65999984741211,0.0,11.229999542236328,10.600000381469727,10.9399995803833,0.0,77777700
2016-12-19,10.949999809265137,10.949999809265137,0.0,11.0,10.520000457763672,10.8100004196167,0.0,46085800
2016-12-20,11.510000228881836,11.510000228881836,0.0,11.510000228881836,11.149999618530273,11.1899995803833,0.0,59314200
2016-12-21,11.470000267028809,11.470000267028809,0.0,11.720000267028809,11.3100004196167,11.609999656677246,0.0,44814100
2016-12-22,11.600000381469727,11.600000381469727,0.0,11.75,11.470000267028809,11.649999618530273,0.0,36450800
2016-12-23,11.579999923706055,11.579999923706055,0.0,11.600000381469727,11.260000228881836,11.300000190734863,0.0,32288200
2016-12-27,12.069999694824219,12.069999694824219,0.0,12.079999923706055,11.600000381469727,11.649999618530273,0.0,44336500
2016-12-28,11.550000190734863,11.550000190734863,0.0,12.420000076293945,11.460000038146973,12.279999732971191,0.0,71254500
2016-12-29,11.59000015258789,11.59000015258789,0.0,11.619999885559082,11.010000228881836,11.239999771118164,0.0,50234300
2016-12-30,11.34000015258789,11.34000015258789,0.0,11.779999732971191,11.25,11.699999809265137,0.0,44095400
2017-01-03,11.430000305175781,11.430000305175781,0.0,11.649999618530273,11.020000457763672,11.420000076293945,0.0,55182000
2017-01-04,11.430000305175781,11.430000305175781,0.0,11.520000457763672,11.239999771118164,11.449999809265137,0.0,40781200
2017-01-05,11.239999771118164,11.239999771118164,0.0,11.6899995803833,11.229999542236328,11.430000305175781,0.0,38855200
2017-01-06,11.319999694824219,11.319999694824219,0.0,11.489999771118164,11.109999656677246,11.289999961853027,0.0,34453500
2017-01-09,11.489999771118164,11.489999771118164,0.0,11.640000343322754,11.3100004196167,11.369999885559082,0.0,37304800
2017-01-10,11.4399995803833,11.4399995803833,0.0,11.630000114440918,11.329999923706055,11.550000190734863,0.0,29201600
2017-01-11,11.199999809265137,11.199999809265137,0.0,11.40999984741211,11.149999618530273,11.390000343322754,0.0,39377000
2017-01-12,10.760000228881836,10.760000228881836,0.0,11.039999961853027,10.329999923706055,10.979999542236328,0.0,75244100
2017-01-13,10.579999923706055,10.579999923706055,0.0,10.869999885559082,10.5600004196167,10.789999961853027,0.0,38377500
2017-01-17,9.819999694824219,9.819999694824219,0.0,10.229999542236328,9.779999732971191,10.170000076293945,0.0,70491800
2017-01-18,9.880000114440918,9.880000114440918,0.0,10.100000381469727,9.420000076293945,9.539999961853027,0.0,51797600
2017-01-19,9.770000457763672,9.770000457763672,0.0,10.25,9.75,9.920000076293945,0.0,46151300
2017-01-20,9.75,9.75,0.0,9.960000038146973,9.670000076293945,9.880000114440918,0.0,27982100
2017-01-23,9.90999984741211,9.90999984741211,0.0,10.0600004196167,9.680000305175781,9.680000305175781,0.0,27905700
2017-01-24,10.4399995803833,10.4399995803833,0.0,10.489999771118164,9.949999809265137,9.949999809265137,0.0,43991200
2017-01-25,10.350000381469727,10.350000381469727,0.0,10.979999542236328,10.149999618530273,10.739999771118164,0.0,61778100
2017-01-26,10.520000457763672,10.520000457763672,0.0,10.65999984741211,10.300000190734863,10.350000381469727,0.0,35866600
2017-01-27,10.670000076293945,10.670000076293945,0.0,10.729999542236328,10.520000457763672,10.600000381469727,0.0,32719200
2017-01-30,10.609999656677246,10.609999656677246,0.0,10.680000305175781,10.300000190734863,10.619999885559082,0.0,37725000
2017-01-31,10.369999885559082,10.369999885559082,0.0,10.670000076293945,10.220000267028809,10.600000381469727,0.0,53704900
2017-02-01,12.0600004196167,12.0600004196167,0.0,12.140000343322754,10.8100004196167,10.899999618530273,0.0,165939300
2017-02-02,12.279999732971191,12.279999732971191,0.0,12.65999984741211,11.949999809265137,11.979999542236328,0.0,116324500
2017-02-03,12.239999771118164,12.239999771118164,0.0,12.5,12.039999961853027,12.369999885559082,0.0,60036700
2017-02-06,13.630000114440918,13.630000114440918,0.0,13.699999809265137,12.380000114440918,12.460000038146973,0.0,140474100
2017-02-07,13.289999961853027,13.289999961853027,0.0,14.270000457763672,13.0600004196167,14.050000190734863,0.0,158683800
2017-02-08,13.5600004196167,13.5600004196167,0.0,13.75,13.079999923706055,13.210000038146973,0.0,75942900
2017-02-09,13.420000076293945,13.420000076293945,0.0,13.890000343322754,13.399999618530273,13.779999732971191,0.0,73339900
2017-02-10,13.579999923706055,13.579999923706055,0.0,13.859999656677246,13.25,13.859999656677246,0.0,54579300
2017-02-13,13.489999771118164,13.489999771118164,0.0,13.949999809265137,13.380000114440918,13.699999809265137,0.0,57413100
2017-02-14,13.260000228881836,13.260000228881836,0.0,13.489999771118164,13.1899995803833,13.430000305175781,0.0,40479100
2017-02-15,13.300000190734863,13.300000190734863,0.0,13.4399995803833,13.149999618530273,13.199999809265137,0.0,33722300
2017-02-16,12.970000267028809,12.970000267028809,0.0,13.350000381469727,12.84000015258789,13.25,0.0,52502500
2017-02-17,13.130000114440918,13.130000114440918,0.0,13.140000343322754,12.600000381469727,12.789999961853027,0.0,40888000
2017-02-21,14.0,14.0,0.0,14.100000381469727,13.399999618530273,13.40999984741211,0.0,66357100
2017-02-22,14.279999732971191,14.279999732971191,0.0,14.5,14.039999961853027,14.300000190734863,0.0,71505000
2017-02-23,14.319999694824219,14.319999694824219,0.0,14.449999809265137,13.819999694824219,14.199999809265137,0.0,80317600
2017-02-24,14.119999885559082,14.119999885559082,0.0,14.319999694824219,13.859999656677246,14.0,0.0,46288600
2017-02-27,15.199999809265137,15.199999809265137,0.0,15.350000381469727,14.270000457763672,14.270000457763672,0.0,95422900
2017-02-28,14.460000038146973,14.460000038146973,0.0,15.550000190734863,14.350000381469727,15.449999809265137,0.0,141783000
2017-03-01,14.960000038146973,14.960000038146973,0.0,15.09000015258789,14.520000457763672,15.079999923706055,0.0,73450400
2017-03-02,13.899999618530273,13.899999618530273,0.0,14.779999732971191,13.869999885559082,14.59000015258789,0.0,104330900
2017-03-03,13.029999732971191,13.029999732971191,0.0,13.579999923706055,12.789999961853027,13.550000190734863,0.0,163395900
2017-03-06,13.039999961853027,13.039999961853027,0.0,13.34000015258789,12.380000114440918,13.0,0.0,117192600
2017-03-07,13.050000190734863,13.050000190734863,0.0,13.369999885559082,12.789999961853027,13.069999694824219,0.0,76666300
2017-03-08,13.220000267028809,13.220000267028809,0.0,13.550000190734863,13.100000381469727,13.25,0.0,71294700
2017-03-09,13.329999923706055,13.329999923706055,0.0,13.449999809265137,13.109999656677246,13.449999809265137,0.0,45244200
2017-03-10,13.90999984741211,13.90999984741211,0.0,13.930000305175781,13.449999809265137,13.5,0.0,65142200
2017-03-13,14.279999732971191,14.279999732971191,0.0,14.680000305175781,14.180000305175781,14.479999542236328,0.0,73078100
2017-03-14,14.100000381469727,14.100000381469727,0.0,14.149999618530273,13.640000343322754,14.0,0.0,52554500
2017-03-15,13.979999542236328,13.979999542236328,0.0,14.0600004196167,13.619999885559082,14.029999732971191,0.0,55179600
2017-03-16,13.649999618530273,13.649999618530273,0.0,13.880000114440918,13.649999618530273,13.789999961853027,0.0,44494800
2017-03-17,13.489999771118164,13.489999771118164,0.0,13.739999771118164,13.359999656677246,13.619999885559082,0.0,224892300
2017-03-20,14.399999618530273,14.399999618530273,0.0,14.5,13.539999961853027,13.680000305175781,0.0,91565600
2017-03-21,13.819999694824219,13.819999694824219,0.0,14.489999771118164,13.779999732971191,14.399999618530273,0.0,72552700
2017-03-22,14.100000381469727,14.100000381469727,0.0,14.149999618530273,13.550000190734863,13.699999809265137,0.0,61239500
2017-03-23,13.789999961853027,13.789999961853027,0.0,14.119999885559082,13.770000457763672,13.960000038146973,0.0,44549900
2017-03-24,13.699999809265137,13.699999809265137,0.0,14.180000305175781,13.539999961853027,14.15999984741211,0.0,50099500
2017-03-27,13.699999809265137,13.699999809265137,0.0,13.779999732971191,13.210000038146973,13.350000381469727,0.0,42686800
2017-03-28,13.6899995803833,13.6899995803833,0.0,13.859999656677246,13.550000190734863,13.75,0.0,37420200
2017-03-29,13.710000038146973,13.710000038146973,0.0,13.869999885559082,13.630000114440918,13.739999771118164,0.0,37863500
2017-03-30,14.050000190734863,14.050000190734863,0.0,14.050000190734863,13.649999618530273,13.729999542236328,0.0,44132800
2017-03-31,14.550000190734863,14.550000190734863,0.0,14.75,14.010000228881836,14.100000381469727,0.0,84566200
2017-04-03,14.640000343322754,14.640000343322754,0.0,14.739999771118164,14.300000190734863,14.600000381469727,0.0,48423700
2017-04-04,14.15999984741211,14.15999984741211,0.0,14.670000076293945,14.029999732971191,14.3100004196167,0.0,58413000
2017-04-05,14.170000076293945,14.170000076293945,0.0,14.640000343322754,14.100000381469727,14.279999732971191,0.0,58816700
2017-04-06,13.270000457763672,13.270000457763672,0.0,13.460000038146973,12.829999923706055,13.420000076293945,0.0,139500100
2017-04-07,13.520000457763672,13.520000457763672,0.0,13.680000305175781,13.220000267028809,13.329999923706055,0.0,70441000
2017-04-10,13.100000381469727,13.100000381469727,0.0,13.59000015258789,13.039999961853027,13.520000457763672,0.0,47178000
2017-04-11,13.100000381469727,13.100000381469727,0.0,13.289999961853027,12.710000038146973,13.020000457763672,0.0,59916600
2017-04-12,12.760000228881836,12.760000228881836,0.0,13.100000381469727,12.739999771118164,12.9399995803833,0.0,37385400
2017-04-13,12.3100004196167,12.3100004196167,0.0,12.720000267028809,12.220000267028809,12.510000228881836,0.0,53442600
2017-04-17,12.789999961853027,12.789999961853027,0.0,12.800000190734863,12.369999885559082,12.529999732971191,0.0,38188200
2017-04-18,12.949999809265137,12.949999809265137,0.0,12.970000267028809,12.579999923706055,12.630000114440918,0.0,37172000
2017-04-19,12.84000015258789,12.84000015258789,0.0,13.210000038146973,12.800000190734863,13.09000015258789,0.0,36491100
2017-04-20,13.109999656677246,13.109999656677246,0.0,13.149999618530273,12.880000114440918,12.979999542236328,0.0,41976100
2017-04-21,13.0,13.0,0.0,13.119999885559082,12.899999618530273,13.079999923706055,0.0,25689600
2017-04-24,13.130000114440918,13.130000114440918,0.0,13.229999542236328,13.050000190734863,13.229999542236328,0.0,36120300
2017-04-25,13.489999771118164,13.489999771118164,0.0,13.529999732971191,13.15999984741211,13.239999771118164,0.0,35881000
2017-04-26,13.40999984741211,13.40999984741211,0.0,13.529999732971191,13.220000267028809,13.420000076293945,0.0,36644500
2017-04-27,13.619999885559082,13.619999885559082,0.0,13.699999809265137,13.369999885559082,13.430000305175781,0.0,31327600
2017-04-28,13.300000190734863,13.300000190734863,0.0,13.760000228881836,13.15999984741211,13.729999542236328,0.0,50376000
2017-05-01,13.619999885559082,13.619999885559082,0.0,13.630000114440918,13.25,13.430000305175781,0.0,68036300
2017-05-02,10.319999694824219,10.319999694824219,0.0,11.760000228881836,10.300000190734863,11.729999542236328,0.0,268336500
2017-05-03,10.390000343322754,10.390000343322754,0.0,10.680000305175781,9.850000381469727,10.289999961853027,0.0,140899400
2017-05-04,10.100000381469727,10.100000381469727,0.0,10.550000190734863,9.9399995803833,10.550000190734863,0.0,77031400
2017-05-05,10.1899995803833,10.1899995803833,0.0,10.260000228881836,9.9399995803833,10.130000114440918,0.0,51759000
2017-05-08,10.039999961853027,10.039999961853027,0.0,10.220000267028809,10.0,10.220000267028809,0.0,35101100
2017-05-09,10.180000305175781,10.180000305175781,0.0,10.399999618530273,10.039999961853027,10.039999961853027,0.0,51017300
2017-05-10,10.789999961853027,10.789999961853027,0.0,10.850000381469727,10.449999809265137,10.460000038146973,0.0,65995900
2017-05-11,11.069999694824219,11.069999694824219,0.0,11.260000228881836,10.510000228881836,10.739999771118164,0.0,72946500
2017-05-12,11.260000228881836,11.260000228881836,0.0,11.399999618530273,11.079999923706055,11.199999809265137,0.0,56072600
2017-05-15,11.420000076293945,11.420000076293945,0.0,11.600000381469727,11.300000190734863,11.40999984741211,0.0,52565000
2017-05-16,12.75,12.75,0.0,12.770000457763672,11.630000114440918,11.65999984741211,0.0,164186900
2017-05-17,11.199999809265137,11.199999809265137,0.0,12.289999961853027,11.15999984741211,11.8100004196167,0.0,160109500
2017-05-18,11.279999732971191,11.279999732971191,0.0,11.489999771118164,10.8100004196167,10.989999771118164,0.0,86900100
2017-05-19,11.40999984741211,11.40999984741211,0.0,11.619999885559082,11.350000381469727,11.470000267028809,0.0,50319700
2017-05-22,11.039999961853027,11.039999961853027,0.0,11.550000190734863,10.770000457763672,11.489999771118164,0.0,78696400
2017-05-23,10.890000343322754,10.890000343322754,0.0,11.0600004196167,10.619999885559082,10.970000267028809,0.0,49799600
2017-05-24,10.890000343322754,10.890000343322754,0.0,11.0600004196167,10.710000038146973,11.050000190734863,0.0,42903900
2017-05-25,10.979999542236328,10.979999542236328,0.0,11.010000228881836,10.800000190734863,11.010000228881836,0.0,33584300
2017-05-26,11.0,11.0,0.0,11.020000457763672,10.739999771118164,10.850000381469727,0.0,31907600
2017-05-30,11.119999885559082,11.119999885559082,0.0,11.270000457763672,10.899999618530273,10.949999809265137,0.0,35339000
2017-05-31,11.1899995803833,11.1899995803833,0.0,11.489999771118164,11.100000381469727,11.289999961853027,0.0,42929000
2017-06-01,10.930000305175781,10.930000305175781,0.0,11.289999961853027,10.8100004196167,11.25,0.0,48002000
2017-06-02,10.899999618530273,10.899999618530273,0.0,10.960000038146973,10.569999694824219,10.930000305175781,0.0,43056200
2017-06-05,11.239999771118164,11.239999771118164,0.0,11.34000015258789,10.800000190734863,10.84000015258789,0.0,66207300
2017-06-06,12.029999732971191,12.029999732971191,0.0,12.239999771118164,11.239999771118164,11.270000457763672,0.0,114998600
2017-06-07,12.380000114440918,12.380000114440918,0.0,12.960000038146973,12.229999542236328,12.420000076293945,0.0,151005900
2017-06-08,12.899999618530273,12.899999618530273,0.0,12.90999984741211,12.399999618530273,12.8100004196167,0.0,89515100
2017-06-09,12.279999732971191,12.279999732971191,0.0,13.399999618530273,11.630000114440918,13.100000381469727,0.0,167454400
2017-06-12,12.09000015258789,12.09000015258789,0.0,12.350000381469727,11.270000457763672,11.75,0.0,125781800
2017-06-13,11.960000038146973,11.960000038146973,0.0,12.479999542236328,11.670000076293945,12.329999923706055,0.0,87302300
2017-06-14,11.770000457763672,11.770000457763672,0.0,12.050000190734863,11.649999618530273,11.90999984741211,0.0,51909400
2017-06-15,11.5,11.5,0.0,11.579999923706055,11.210000038146973,11.34000015258789,0.0,61666000
2017-06-16,11.4399995803833,11.4399995803833,0.0,11.829999923706055,11.279999732971191,11.65999984741211,0.0,59779500
2017-06-19,11.930000305175781,11.930000305175781,0.0,12.119999885559082,11.619999885559082,11.630000114440918,0.0,61803600
2017-06-20,12.640000343322754,12.640000343322754,0.0,12.930000305175781,12.180000305175781,12.1899995803833,0.0,118001500
2017-06-21,13.979999542236328,13.979999542236328,0.0,14.010000228881836,13.130000114440918,13.359999656677246,0.0,188796100
2017-06-22,14.380000114440918,14.380000114440918,0.0,14.5,13.5600004196167,14.100000381469727,0.0,149594200
2017-06-23,14.170000076293945,14.170000076293945,0.0,14.670000076293945,13.899999618530273,14.149999618530273,0.0,200777300
2017-06-26,14.079999923706055,14.079999923706055,0.0,14.489999771118164,13.84000015258789,14.390000343322754,0.0,101012500
2017-06-27,13.399999618530273,13.399999618530273,0.0,14.039999961853027,13.369999885559082,13.760000228881836,0.0,89319700
2017-06-28,13.229999542236328,13.229999542236328,0.0,13.699999809265137,13.09000015258789,13.649999618530273,0.0,85266900
2017-06-29,12.600000381469727,12.600000381469727,0.0,13.149999618530273,12.449999809265137,13.0600004196167,0.0,87634400
2017-06-30,12.479999542236328,12.479999542236328,0.0,12.829999923706055,12.359999656677246,12.569999694824219,0.0,59267400
2017-07-03,12.149999618530273,12.149999618530273,0.0,12.729999542236328,12.130000114440918,12.569999694824219,0.0,39929100
2017-07-05,13.1899995803833,13.1899995803833,0.0,13.210000038146973,12.319999694824219,12.359999656677246,0.0,99450200
2017-07-06,13.020000457763672,13.020000457763672,0.0,13.319999694824219,12.670000076293945,12.9399995803833,0.0,88927800
2017-07-07,13.359999656677246,13.359999656677246,0.0,13.75,13.180000305175781,13.270000457763672,0.0,88392100
2017-07-10,13.8100004196167,13.8100004196167,0.0,13.880000114440918,13.270000457763672,13.609999656677246,0.0,78320200
2017-07-11,13.890000343322754,13.890000343322754,0.0,14.100000381469727,13.619999885559082,13.770000457763672,0.0,71102300
2017-07-12,14.289999961853027,14.289999961853027,0.0,14.390000343322754,13.960000038146973,14.170000076293945,0.0,78508400
2017-07-13,13.529999732971191,13.529999732971191,0.0,14.489999771118164,13.430000305175781,14.329999923706055,0.0,111656900
2017-07-14,13.920000076293945,13.920000076293945,0.0,13.930000305175781,13.319999694824219,13.460000038146973,0.0,82084600
2017-07-17,13.800000190734863,13.800000190734863,0.0,14.119999885559082,13.510000228881836,14.029999732971191,0.0,71690800
2017-07-18,13.479999542236328,13.479999542236328,0.0,13.529999732971191,13.149999618530273,13.289999961853027,0.0,78366500
2017-07-19,13.550000190734863,13.550000190734863,0.0,13.739999771118164,13.40999984741211,13.619999885559082,0.0,51957800
2017-07-20,13.800000190734863,13.800000190734863,0.0,13.890000343322754,13.449999809265137,13.609999656677246,0.0,47707500
2017-07-21,13.880000114440918,13.880000114440918,0.0,14.050000190734863,13.619999885559082,13.699999809265137,0.0,51045700
2017-07-24,14.15999984741211,14.15999984741211,0.0,14.4399995803833,13.970000267028809,14.0,0.0,71014900
2017-07-25,14.109999656677246,14.109999656677246,0.0,14.319999694824219,13.869999885559082,14.289999961853027,0.0,98047400
2017-07-26,14.760000228881836,14.760000228881836,0.0,15.649999618530273,14.399999618530273,15.130000114440918,0.0,236083000
2017-07-27,14.119999885559082,14.119999885559082,0.0,15.039999961853027,13.699999809265137,14.989999771118164,0.0,130303700
2017-07-28,13.949999809265137,13.949999809265137,0.0,14.100000381469727,13.680000305175781,13.850000381469727,0.0,66763800
2017-07-31,13.609999656677246,13.609999656677246,0.0,14.220000267028809,13.470000267028809,14.09000015258789,0.0,69108700
2017-08-01,13.710000038146973,13.710000038146973,0.0,13.859999656677246,13.449999809265137,13.720000267028809,0.0,49149900
2017-08-02,13.369999885559082,13.369999885559082,0.0,13.930000305175781,13.119999885559082,13.8100004196167,0.0,67502200
2017-08-03,13.239999771118164,13.239999771118164,0.0,13.520000457763672,13.079999923706055,13.420000076293945,0.0,52557400
2017-08-04,13.119999885559082,13.119999885559082,0.0,13.359999656677246,13.020000457763672,13.199999809265137,0.0,64254000
2017-08-07,13.430000305175781,13.430000305175781,0.0,13.569999694824219,13.270000457763672,13.329999923706055,0.0,57486800
2017-08-08,13.109999656677246,13.109999656677246,0.0,13.550000190734863,13.079999923706055,13.479999542236328,0.0,47338000
2017-08-09,12.829999923706055,12.829999923706055,0.0,12.890000343322754,12.539999961853027,12.760000228881836,0.0,58861500
2017-08-10,12.119999885559082,12.119999885559082,0.0,12.920000076293945,12.109999656677246,12.699999809265137,0.0,83113400
2017-08-11,12.229999542236328,12.229999542236328,0.0,12.390000343322754,11.880000114440918,12.039999961853027,0.0,63558800
2017-08-14,12.760000228881836,12.760000228881836,0.0,12.850000381469727,12.579999923706055,12.579999923706055,0.0,64426100
2017-08-15,13.020000457763672,13.020000457763672,0.0,13.140000343322754,12.75,13.010000228881836,0.0,57990300
2017-08-16,12.630000114440918,12.630000114440918,0.0,13.1899995803833,12.520000457763672,13.170000076293945,0.0,64639400
2017-08-17,12.34000015258789,12.34000015258789,0.0,12.649999618530273,12.319999694824219,12.460000038146973,0.0,47371000
2017-08-18,12.369999885559082,12.369999885559082,0.0,12.5600004196167,12.25,12.430000305175781,0.0,37521700
2017-08-21,12.050000190734863,12.050000190734863,0.0,12.420000076293945,11.859999656677246,12.420000076293945,0.0,58888500
2017-08-22,12.170000076293945,12.170000076293945,0.0,12.329999923706055,12.100000381469727,12.199999809265137,0.0,39033200
2017-08-23,12.479999542236328,12.479999542236328,0.0,12.539999961853027,11.949999809265137,12.0,0.0,44345400
2017-08-24,12.5,12.5,0.0,12.710000038146973,12.390000343322754,12.6899995803833,0.0,37269700
2017-08-25,12.430000305175781,12.430000305175781,0.0,12.569999694824219,12.25,12.510000228881836,0.0,29732000
2017-08-28,12.229999542236328,12.229999542236328,0.0,12.550000190734863,12.15999984741211,12.529999732971191,0.0,35969600
2017-08-29,12.149999618530273,12.149999618530273,0.0,12.180000305175781,11.930000305175781,12.0,0.0,33618100
2017-08-30,12.670000076293945,12.670000076293945,0.0,12.680000305175781,12.15999984741211,12.1899995803833,0.0,43933000
2017-08-31,13.0,13.0,0.0,13.15999984741211,12.789999961853027,12.819999694824219,0.0,51822100
2017-09-01,13.1899995803833,13.1899995803833,0.0,13.489999771118164,13.039999961853027,13.119999885559082,0.0,53158600
2017-09-05,12.920000076293945,12.920000076293945,0.0,13.180000305175781,12.649999618530273,12.880000114440918,0.0,51445500
2017-09-06,12.859999656677246,12.859999656677246,0.0,13.079999923706055,12.75,13.020000457763672,0.0,34182400
2017-09-07,12.630000114440918,12.630000114440918,0.0,12.9399995803833,12.600000381469727,12.84000015258789,0.0,35816900
2017-09-08,12.25,12.25,0.0,12.609999656677246,12.039999961853027,12.569999694824219,0.0,60886200
2017-09-11,12.550000190734863,12.550000190734863,0.0,12.739999771118164,12.399999618530273,12.460000038146973,0.0,43346100
2017-09-12,12.300000190734863,12.300000190734863,0.0,12.680000305175781,12.210000038146973,12.65999984741211,0.0,54413100
2017-09-13,12.220000267028809,12.220000267028809,0.0,12.359999656677246,12.119999885559082,12.220000267028809,0.0,37210700
2017-09-14,12.260000228881836,12.260000228881836,0.0,12.460000038146973,12.109999656677246,12.149999618530273,0.0,37220200
2017-09-15,12.520000457763672,12.520000457763672,0.0,12.65999984741211,12.3100004196167,12.329999923706055,0.0,50337400
2017-09-18,13.079999923706055,13.079999923706055,0.0,13.300000190734863,12.739999771118164,12.770000457763672,0.0,83517400
2017-09-19,13.119999885559082,13.119999885559082,0.0,13.289999961853027,12.880000114440918,13.25,0.0,65455200
2017-09-20,13.739999771118164,13.739999771118164,0.0,13.800000190734863,12.800000190734863,13.069999694824219,0.0,102682400
2017-09-21,13.40999984741211,13.40999984741211,0.0,14.239999771118164,13.319999694824219,14.0,0.0,166821900
2017-09-22,13.300000190734863,13.300000190734863,0.0,13.399999618530273,13.119999885559082,13.199999809265137,0.0,50547000
2017-09-25,12.609999656677246,12.609999656677246,0.0,13.279999732971191,12.489999771118164,13.25,0.0,84172200
2017-09-26,12.449999809265137,12.449999809265137,0.0,12.930000305175781,12.430000305175781,12.850000381469727,0.0,68302000
2017-09-27,12.739999771118164,12.739999771118164,0.0,12.869999885559082,12.5,12.649999618530273,0.0,59947200
2017-09-28,12.739999771118164,12.739999771118164,0.0,12.84000015258789,12.550000190734863,12.760000228881836,0.0,35812300
2017-09-29,12.75,12.75,0.0,12.819999694824219,12.600000381469727,12.770000457763672,0.0,33926900
2017-10-02,12.710000038146973,12.710000038146973,0.0,12.850000381469727,12.619999885559082,12.800000190734863,0.0,34461100
2017-10-03,13.420000076293945,13.420000076293945,0.0,13.479999542236328,12.699999809265137,12.729999542236328,0.0,85174000
2017-10-04,13.3100004196167,13.3100004196167,0.0,13.5,13.149999618530273,13.3100004196167,0.0,42303200
2017-10-05,13.34000015258789,13.34000015258789,0.0,13.460000038146973,13.210000038146973,13.380000114440918,0.0,34758600
2017-10-06,13.229999542236328,13.229999542236328,0.0,13.390000343322754,13.180000305175781,13.220000267028809,0.0,28258700
2017-10-09,13.470000267028809,13.470000267028809,0.0,13.829999923706055,13.260000228881836,13.260000228881836,0.0,54032500
2017-10-10,13.699999809265137,13.699999809265137,0.0,13.789999961853027,13.4399995803833,13.720000267028809,0.0,43304000
2017-10-11,13.880000114440918,13.880000114440918,0.0,13.960000038146973,13.609999656677246,13.619999885559082,0.0,38746600
2017-10-12,14.199999809265137,14.199999809265137,0.0,14.369999885559082,13.8100004196167,13.850000381469727,0.0,69874100
2017-10-13,14.220000267028809,14.220000267028809,0.0,14.40999984741211,14.119999885559082,14.319999694824219,0.0,37515800
2017-10-16,14.260000228881836,14.260000228881836,0.0,14.350000381469727,14.119999885559082,14.25,0.0,34136800
2017-10-17,14.15999984741211,14.15999984741211,0.0,14.350000381469727,14.140000343322754,14.239999771118164,0.0,28995600
2017-10-18,14.069999694824219,14.069999694824219,0.0,14.279999732971191,13.760000228881836,14.199999809265137,0.0,39020300
2017-10-19,13.949999809265137,13.949999809265137,0.0,14.039999961853027,13.6899995803833,13.850000381469727,0.0,33795700
2017-10-20,13.8100004196167,13.8100004196167,0.0,14.09000015258789,13.800000190734863,14.029999732971191,0.0,32538900
2017-10-23,14.100000381469727,14.100000381469727,0.0,14.1899995803833,13.899999618530273,13.9399995803833,0.0,49838000
2017-10-24,14.25,14.25,0.0,14.359999656677246,14.149999618530273,14.199999809265137,0.0,84891600
2017-10-25,12.329999923706055,12.329999923706055,0.0,13.130000114440918,12.289999961853027,12.949999809265137,0.0,166762100
2017-10-26,12.010000228881836,12.010000228881836,0.0,12.460000038146973,12.0,12.449999809265137,0.0,87625400
2017-10-27,11.84000015258789,11.84000015258789,0.0,12.1899995803833,11.350000381469727,12.170000076293945,0.0,115650400
2017-10-30,10.890000343322754,10.890000343322754,0.0,11.420000076293945,10.649999618530273,11.260000228881836,0.0,137785100
2017-10-31,10.989999771118164,10.989999771118164,0.0,11.3100004196167,10.6899995803833,10.760000228881836,0.0,78600000
2017-11-01,10.800000190734863,10.800000190734863,0.0,11.289999961853027,10.720000267028809,11.25,0.0,66875500
2017-11-02,10.850000381469727,10.850000381469727,0.0,10.989999771118164,10.65999984741211,10.869999885559082,0.0,47942500
2017-11-03,11.119999885559082,11.119999885559082,0.0,11.130000114440918,10.819999694824219,10.949999809265137,0.0,44264300
2017-11-06,11.930000305175781,11.930000305175781,0.0,12.09000015258789,11.640000343322754,12.039999961853027,0.0,96349800
2017-11-07,12.050000190734863,12.050000190734863,0.0,12.270000457763672,11.920000076293945,11.9399995803833,0.0,67900200
2017-11-08,11.710000038146973,11.710000038146973,0.0,11.949999809265137,11.510000228881836,11.9399995803833,0.0,59065000
2017-11-09,11.119999885559082,11.119999885559082,0.0,11.350000381469727,11.029999732971191,11.25,0.0,76821200
2017-11-10,11.260000228881836,11.260000228881836,0.0,11.430000305175781,11.119999885559082,11.220000267028809,0.0,50209900
2017-11-13,11.09000015258789,11.09000015258789,0.0,11.199999809265137,10.920000076293945,11.180000305175781,0.0,54068300
2017-11-14,11.119999885559082,11.119999885559082,0.0,11.260000228881836,11.0,11.029999732971191,0.0,37245000
2017-11-15,11.069999694824219,11.069999694824219,0.0,11.130000114440918,10.770000457763672,11.010000228881836,0.0,33524700
2017-11-16,11.25,11.25,0.0,11.319999694824219,11.130000114440918,11.130000114440918,0.0,31800400
2017-11-17,11.380000114440918,11.380000114440918,0.0,11.75,11.279999732971191,11.300000190734863,0.0,56775600
2017-11-20,11.34000015258789,11.34000015258789,0.0,11.510000228881836,11.1899995803833,11.470000267028809,0.0,35960200
2017-11-21,11.399999618530273,11.399999618530273,0.0,11.489999771118164,11.239999771118164,11.420000076293945,0.0,31881700
2017-11-22,11.369999885559082,11.369999885559082,0.0,11.489999771118164,11.300000190734863,11.40999984741211,0.0,23816500
2017-11-24,11.380000114440918,11.380000114440918,0.0,11.420000076293945,11.300000190734863,11.380000114440918,0.0,11035800
2017-11-27,11.550000190734863,11.550000190734863,0.0,11.739999771118164,11.34000015258789,11.34000015258789,0.0,41798300
2017-11-28,11.170000076293945,11.170000076293945,0.0,11.539999961853027,11.0,11.449999809265137,0.0,65325700
2017-11-29,10.829999923706055,10.829999923706055,0.0,11.170000076293945,10.729999542236328,11.079999923706055,0.0,63333800
2017-11-30,10.890000343322754,10.890000343322754,0.0,11.029999732971191,10.760000228881836,10.869999885559082,0.0,43205000
2017-12-01,10.729999542236328,10.729999542236328,0.0,10.970000267028809,10.529999732971191,10.8100004196167,0.0,42128800
2017-12-04,10.029999732971191,10.029999732971191,0.0,10.859999656677246,9.819999694824219,10.850000381469727,0.0,97328300
2017-12-05,9.90999984741211,9.90999984741211,0.0,10.34000015258789,9.699999809265137,9.890000343322754,0.0,67304100
2017-12-06,10.0,10.0,0.0,10.050000190734863,9.710000038146973,9.899999618530273,0.0,38952200
2017-12-07,10.039999961853027,10.039999961853027,0.0,10.1899995803833,9.949999809265137,10.069999694824219,0.0,32665600
2017-12-08,9.9399995803833,9.9399995803833,0.0,10.199999809265137,9.920000076293945,10.149999618530273,0.0,34897000
2017-12-11,10.15999984741211,10.15999984741211,0.0,10.15999984741211,9.960000038146973,9.970000267028809,0.0,29956400
2017-12-12,9.899999618530273,9.899999618530273,0.0,10.140000343322754,9.880000114440918,10.130000114440918,0.0,36211000
2017-12-13,10.109999656677246,10.109999656677246,0.0,10.210000038146973,9.949999809265137,9.970000267028809,0.0,41494800
2017-12-14,10.130000114440918,10.130000114440918,0.0,10.170000076293945,9.960000038146973,10.100000381469727,0.0,29006800
2017-12-15,10.289999961853027,10.289999961853027,0.0,10.319999694824219,10.020000457763672,10.130000114440918,0.0,45462300
2017-12-18,10.979999542236328,10.979999542236328,0.0,11.0,10.510000228881836,10.600000381469727,0.0,63797700
2017-12-19,10.949999809265137,10.949999809265137,0.0,11.1899995803833,10.869999885559082,11.0,0.0,43852900
2017-12-20,10.979999542236328,10.979999542236328,0.0,11.180000305175781,10.800000190734863,11.100000381469727,0.0,31420300
2017-12-21,10.890000343322754,10.890000343322754,0.0,11.079999923706055,10.869999885559082,10.979999542236328,0.0,21884300
2017-12-22,10.539999961853027,10.539999961853027,0.0,10.770000457763672,10.199999809265137,10.75,0.0,50744500
2017-12-26,10.460000038146973,10.460000038146973,0.0,10.579999923706055,10.34000015258789,10.380000114440918,0.0,20437900
2017-12-27,10.529999732971191,10.529999732971191,0.0,10.739999771118164,10.399999618530273,10.449999809265137,0.0,22921800
2017-12-28,10.550000190734863,10.550000190734863,0.0,10.640000343322754,10.430000305175781,10.569999694824219,0.0,18609400
2017-12-29,10.279999732971191,10.279999732971191,0.0,10.579999923706055,10.270000457763672,10.569999694824219,0.0,26678900
2018-01-02,10.979999542236328,10.979999542236328,0.0,11.020000457763672,10.34000015258789,10.420000076293945,0.0,44146300
2018-01-03,11.550000190734863,11.550000190734863,0.0,12.140000343322754,11.359999656677246,11.609999656677246,0.0,154066700
2018-01-04,12.119999885559082,12.119999885559082,0.0,12.430000305175781,11.970000267028809,12.100000381469727,0.0,109503000
2018-01-05,11.880000114440918,11.880000114440918,0.0,12.220000267028809,11.65999984741211,12.1899995803833,0.0,63808900
2018-01-08,12.279999732971191,12.279999732971191,0.0,12.300000190734863,11.850000381469727,12.010000228881836,0.0,63346000
2018-01-09,11.819999694824219,11.819999694824219,0.0,12.020000457763672,11.710000038146973,12.0,0.0,62560900
2018-01-10,11.960000038146973,11.960000038146973,0.0,12.149999618530273,11.5600004196167,11.630000114440918,0.0,52561200
2018-01-11,12.140000343322754,12.140000343322754,0.0,12.1899995803833,11.899999618530273,12.069999694824219,0.0,38354900
2018-01-12,12.020000457763672,12.020000457763672,0.0,12.069999694824219,11.800000190734863,11.819999694824219,0.0,47149300
2018-01-16,11.90999984741211,11.90999984741211,0.0,12.199999809265137,11.800000190734863,12.050000190734863,0.0,42686600
2018-01-17,12.180000305175781,12.180000305175781,0.0,12.1899995803833,11.819999694824219,11.899999618530273,0.0,39020800
2018-01-18,12.470000267028809,12.470000267028809,0.0,12.680000305175781,12.149999618530273,12.180000305175781,0.0,62086200
2018-01-19,12.59000015258789,12.59000015258789,0.0,12.880000114440918,12.539999961853027,12.5600004196167,0.0,46800700
2018-01-22,12.649999618530273,12.649999618530273,0.0,12.739999771118164,12.369999885559082,12.609999656677246,0.0,34758600
2018-01-23,12.9399995803833,12.9399995803833,0.0,13.0,12.760000228881836,12.819999694824219,0.0,46417200
2018-01-24,12.710000038146973,12.710000038146973,0.0,13.050000190734863,12.600000381469727,13.020000457763672,0.0,41956400
2018-01-25,12.40999984741211,12.40999984741211,0.0,12.9399995803833,12.319999694824219,12.779999732971191,0.0,42966600
2018-01-26,12.949999809265137,12.949999809265137,0.0,12.949999809265137,12.619999885559082,12.699999809265137,0.0,44239000
2018-01-29,13.319999694824219,13.319999694824219,0.0,13.470000267028809,13.050000190734863,13.130000114440918,0.0,66645400
2018-01-30,12.869999885559082,12.869999885559082,0.0,13.270000457763672,12.6899995803833,13.119999885559082,0.0,91236400
2018-01-31,13.739999771118164,13.739999771118164,0.0,13.850000381469727,13.149999618530273,13.239999771118164,0.0,140977800
2018-02-01,13.25,13.25,0.0,13.84000015258789,13.210000038146973,13.619999885559082,0.0,67543300
2018-02-02,12.449999809265137,12.449999809265137,0.0,13.0600004196167,12.430000305175781,13.050000190734863,0.0,79432600
2018-02-05,11.569999694824219,11.569999694824219,0.0,12.180000305175781,10.930000305175781,12.050000190734863,0.0,116568900
2018-02-06,11.649999618530273,11.649999618530273,0.0,11.739999771118164,11.0,11.039999961853027,0.0,87123200
2018-02-07,11.600000381469727,11.600000381469727,0.0,11.899999618530273,11.529999732971191,11.699999809265137,0.0,55758400
2018-02-08,11.220000267028809,11.220000267028809,0.0,11.850000381469727,11.210000038146973,11.720000267028809,0.0,56471800
2018-02-09,11.3100004196167,11.3100004196167,0.0,11.569999694824219,10.630000114440918,11.539999961853027,0.0,85458200
2018-02-12,11.680000305175781,11.680000305175781,0.0,11.800000190734863,11.430000305175781,11.470000267028809,0.0,63160900
2018-02-13,11.779999732971191,11.779999732971191,0.0,11.819999694824219,11.529999732971191,11.600000381469727,0.0,33661400
2018-02-14,12.199999809265137,12.199999809265137,0.0,12.3100004196167,11.630000114440918,11.720000267028809,0.0,51756800
2018-02-15,12.1899995803833,12.1899995803833,0.0,12.630000114440918,12.069999694824219,12.399999618530273,0.0,59593800
2018-02-16,11.819999694824219,11.819999694824219,0.0,12.229999542236328,11.819999694824219,12.109999656677246,0.0,47332300
2018-02-20,12.020000457763672,12.020000457763672,0.0,12.1899995803833,11.710000038146973,11.720000267028809,0.0,47096500
2018-02-21,11.720000267028809,11.720000267028809,0.0,12.119999885559082,11.720000267028809,12.119999885559082,0.0,40195800
2018-02-22,11.84000015258789,11.84000015258789,0.0,12.0,11.630000114440918,11.819999694824219,0.0,37886300
2018-02-23,12.069999694824219,12.069999694824219,0.0,12.15999984741211,11.9399995803833,11.949999809265137,0.0,33317600
2018-02-26,12.420000076293945,12.420000076293945,0.0,12.430000305175781,12.050000190734863,12.140000343322754,0.0,42265200
2018-02-27,12.529999732971191,12.529999732971191,0.0,12.880000114440918,12.390000343322754,12.430000305175781,0.0,55975300
2018-02-28,12.109999656677246,12.109999656677246,0.0,12.729999542236328,12.100000381469727,12.65999984741211,0.0,43387500
2018-03-01,11.899999618530273,11.899999618530273,0.0,12.270000457763672,11.65999984741211,12.260000228881836,0.0,63207400
2018-03-02,11.8100004196167,11.8100004196167,0.0,11.930000305175781,11.430000305175781,11.670000076293945,0.0,58123500
2018-03-05,11.90999984741211,11.90999984741211,0.0,12.0600004196167,11.609999656677246,11.6899995803833,0.0,43734800
2018-03-06,11.760000228881836,11.760000228881836,0.0,12.050000190734863,11.710000038146973,12.010000228881836,0.0,46751200
2018-03-07,12.239999771118164,12.239999771118164,0.0,12.819999694824219,11.550000190734863,11.579999923706055,0.0,127603200
2018-03-08,11.970000267028809,11.970000267028809,0.0,12.59000015258789,11.739999771118164,12.399999618530273,0.0,76011200
2018-03-09,11.699999809265137,11.699999809265137,0.0,12.039999961853027,11.579999923706055,12.029999732971191,0.0,89674400
2018-03-12,11.520000457763672,11.520000457763672,0.0,11.819999694824219,11.479999542236328,11.760000228881836,0.0,83748700
2018-03-13,11.640000343322754,11.640000343322754,0.0,12.039999961853027,11.100000381469727,11.5,0.0,174302600
2018-03-14,11.359999656677246,11.359999656677246,0.0,11.720000267028809,11.260000228881836,11.699999809265137,0.0,80540800
2018-03-15,11.460000038146973,11.460000038146973,0.0,11.550000190734863,11.1899995803833,11.430000305175781,0.0,66373900
2018-03-16,11.470000267028809,11.470000267028809,0.0,11.550000190734863,11.319999694824219,11.489999771118164,0.0,37591000
2018-03-19,11.430000305175781,11.430000305175781,0.0,11.739999771118164,11.350000381469727,11.40999984741211,0.0,53308600
2018-03-20,11.109999656677246,11.109999656677246,0.0,11.520000457763672,11.0,11.40999984741211,0.0,65116900
2018-03-21,11.260000228881836,11.260000228881836,0.0,11.34000015258789,11.109999656677246,11.15999984741211,0.0,44691700
2018-03-22,10.90999984741211,10.90999984741211,0.0,11.260000228881836,10.850000381469727,11.100000381469727,0.0,59944200
2018-03-23,10.630000114440918,10.630000114440918,0.0,10.970000267028809,10.569999694824219,10.90999984741211,0.0,54844500
2018-03-26,10.4399995803833,10.4399995803833,0.0,10.800000190734863,10.180000305175781,10.710000038146973,0.0,75878500
2018-03-27,10.0,10.0,0.0,10.59000015258789,9.899999618530273,10.510000228881836,0.0,68551300
2018-03-28,9.8100004196167,9.8100004196167,0.0,10.170000076293945,9.789999961853027,9.989999771118164,0.0,64832100
2018-03-29,10.050000190734863,10.050000190734863,0.0,10.079999923706055,9.8100004196167,9.9399995803833,0.0,48681400
2018-04-02,9.529999732971191,9.529999732971191,0.0,10.140000343322754,9.510000228881836,9.989999771118164,0.0,64824600
2018-04-03,9.550000190734863,9.550000190734863,0.0,9.770000457763672,9.300000190734863,9.630000114440918,0.0,54891600
2018-04-04,9.770000457763672,9.770000457763672,0.0,9.8100004196167,9.039999961853027,9.079999923706055,0.0,67356900
2018-04-05,10.020000457763672,10.020000457763672,0.0,10.199999809265137,9.90999984741211,10.050000190734863,0.0,65758800
2018-04-06,9.609999656677246,9.609999656677246,0.0,10.100000381469727,9.5,9.829999923706055,0.0,51087100
2018-04-09,9.529999732971191,9.529999732971191,0.0,9.84000015258789,9.520000457763672,9.75,0.0,38382600
2018-04-10,9.979999542236328,9.979999542236328,0.0,10.039999961853027,9.710000038146973,9.75,0.0,42849200
2018-04-11,9.819999694824219,9.819999694824219,0.0,10.029999732971191,9.789999961853027,9.869999885559082,0.0,29169300
2018-04-12,10.079999923706055,10.079999923706055,0.0,10.100000381469727,9.819999694824219,9.979999542236328,0.0,47784400
2018-04-13,9.930000305175781,9.930000305175781,0.0,10.220000267028809,9.880000114440918,10.199999809265137,0.0,38935700
2018-04-16,10.09000015258789,10.09000015258789,0.0,10.170000076293945,9.899999618530273,10.0,0.0,28875100
2018-04-17,10.520000457763672,10.520000457763672,0.0,10.529999732971191,10.199999809265137,10.279999732971191,0.0,45360300
2018-04-18,10.359999656677246,10.359999656677246,0.0,10.649999618530273,10.329999923706055,10.510000228881836,0.0,42449600
2018-04-19,10.109999656677246,10.109999656677246,0.0,10.329999923706055,9.989999771118164,10.180000305175781,0.0,57841600
2018-04-20,9.989999771118164,9.989999771118164,0.0,10.140000343322754,9.949999809265137,10.050000190734863,0.0,39011900
2018-04-23,10.039999961853027,10.039999961853027,0.0,10.1899995803833,9.970000267028809,10.09000015258789,0.0,42971300
2018-04-24,10.09000015258789,10.09000015258789,0.0,10.350000381469727,9.949999809265137,10.1899995803833,0.0,44992200
2018-04-25,9.710000038146973,9.710000038146973,0.0,10.09000015258789,9.5600004196167,10.0600004196167,0.0,90578000
2018-04-26,11.039999961853027,11.039999961853027,0.0,11.1899995803833,10.609999656677246,10.869999885559082,0.0,145284100
2018-04-27,11.109999656677246,11.109999656677246,0.0,11.359999656677246,11.020000457763672,11.199999809265137,0.0,74347800
2018-04-30,10.880000114440918,10.880000114440918,0.0,11.140000343322754,10.869999885559082,11.0600004196167,0.0,50608800
2018-05-01,11.130000114440918,11.130000114440918,0.0,11.149999618530273,10.770000457763672,10.829999923706055,0.0,43441600
2018-05-02,10.970000267028809,10.970000267028809,0.0,11.15999984741211,10.970000267028809,11.100000381469727,0.0,29267300
2018-05-03,10.930000305175781,10.930000305175781,0.0,11.0600004196167,10.829999923706055,10.899999618530273,0.0,33310600
2018-05-04,11.279999732971191,11.279999732971191,0.0,11.289999961853027,10.869999885559082,10.880000114440918,0.0,47884900
2018-05-07,11.59000015258789,11.59000015258789,0.0,11.680000305175781,11.300000190734863,11.319999694824219,0.0,54001700
2018-05-08,11.609999656677246,11.609999656677246,0.0,11.65999984741211,11.399999618530273,11.489999771118164,0.0,35218400
2018-05-09,11.949999809265137,11.949999809265137,0.0,11.979999542236328,11.569999694824219,11.649999618530273,0.0,49605700
2018-05-10,12.130000114440918,12.130000114440918,0.0,12.180000305175781,11.949999809265137,11.979999542236328,0.0,49744500
2018-05-11,11.949999809265137,11.949999809265137,0.0,12.029999732971191,11.6899995803833,11.890000343322754,0.0,43863700
2018-05-14,12.229999542236328,12.229999542236328,0.0,12.359999656677246,12.109999656677246,12.140000343322754,0.0,50263800
2018-05-15,12.449999809265137,12.449999809265137,0.0,12.460000038146973,12.15999984741211,12.180000305175781,0.0,44183200
2018-05-16,12.819999694824219,12.819999694824219,0.0,12.979999542236328,12.619999885559082,12.640000343322754,0.0,73364000
2018-05-17,12.819999694824219,12.819999694824219,0.0,12.899999618530273,12.65999984741211,12.789999961853027,0.0,38692500
2018-05-18,13.0,13.0,0.0,13.260000228881836,12.90999984741211,13.0600004196167,0.0,54063400
2018-05-21,12.989999771118164,12.989999771118164,0.0,13.3100004196167,12.880000114440918,13.25,0.0,49714200
2018-05-22,12.979999542236328,12.979999542236328,0.0,13.140000343322754,12.710000038146973,13.0,0.0,43267000
2018-05-23,13.100000381469727,13.100000381469727,0.0,13.180000305175781,12.899999618530273,12.930000305175781,0.0,44517800
2018-05-24,13.40999984741211,13.40999984741211,0.0,13.430000305175781,13.029999732971191,13.0600004196167,0.0,47785700
2018-05-25,13.539999961853027,13.539999961853027,0.0,13.720000267028809,13.359999656677246,13.399999618530273,0.0,43850100
2018-05-29,13.359999656677246,13.359999656677246,0.0,13.630000114440918,13.260000228881836,13.449999809265137,0.0,39578500
2018-05-30,13.819999694824219,13.819999694824219,0.0,13.949999809265137,13.479999542236328,13.479999542236328,0.0,58186400
2018-05-31,13.729999542236328,13.729999542236328,0.0,13.930000305175781,13.6899995803833,13.739999771118164,0.0,46797700
2018-06-01,14.399999618530273,14.399999618530273,0.0,14.399999618530273,13.920000076293945,13.979999542236328,0.0,71677900
2018-06-04,14.850000381469727,14.850000381469727,0.0,14.979999542236328,14.520000457763672,14.760000228881836,0.0,74546000
2018-06-05,14.850000381469727,14.850000381469727,0.0,14.920000076293945,14.630000114440918,14.850000381469727,0.0,56122700
2018-06-06,15.670000076293945,15.670000076293945,0.0,15.739999771118164,15.039999961853027,15.069999694824219,0.0,97089000
2018-06-07,14.890000343322754,14.890000343322754,0.0,15.970000267028809,14.850000381469727,15.829999923706055,0.0,99860300
2018-06-08,15.25,15.25,0.0,15.329999923706055,14.3100004196167,14.520000457763672,0.0,81930500
2018-06-11,15.729999542236328,15.729999542236328,0.0,15.890000343322754,15.010000228881836,15.210000038146973,0.0,80737600
2018-06-12,15.850000381469727,15.850000381469727,0.0,15.949999809265137,15.430000305175781,15.84000015258789,0.0,67002600
2018-06-13,16.31999969482422,16.31999969482422,0.0,16.520000457763672,15.779999732971191,15.8100004196167,0.0,90227300
2018-06-14,16.25,16.25,0.0,16.790000915527344,15.579999923706055,16.6200008392334,0.0,113048600
2018-06-15,16.34000015258789,16.34000015258789,0.0,16.520000457763672,15.819999694824219,16.059999465942383,0.0,77612200
2018-06-18,17.110000610351562,17.110000610351562,0.0,17.34000015258789,16.1299991607666,16.18000030517578,0.0,104317400
2018-06-19,16.690000534057617,16.690000534057617,0.0,17.290000915527344,16.309999465942383,16.850000381469727,0.0,92542900
2018-06-20,16.520000457763672,16.520000457763672,0.0,17.1299991607666,16.3700008392334,16.829999923706055,0.0,76280600
2018-06-21,15.649999618530273,15.649999618530273,0.0,16.8700008392334,15.460000038146973,16.649999618530273,0.0,95638400
2018-06-22,15.800000190734863,15.800000190734863,0.0,15.90999984741211,15.5600004196167,15.779999732971191,0.0,59257100
2018-06-25,15.109999656677246,15.109999656677246,0.0,15.739999771118164,14.539999961853027,15.640000343322754,0.0,94418400
2018-06-26,15.5,15.5,0.0,15.600000381469727,15.100000381469727,15.319999694824219,0.0,54213500
2018-06-27,14.970000267028809,14.970000267028809,0.0,15.760000228881836,14.960000038146973,15.649999618530273,0.0,56014300
2018-06-28,15.3100004196167,15.3100004196167,0.0,15.359999656677246,14.75,14.850000381469727,0.0,48716800
2018-06-29,14.989999771118164,14.989999771118164,0.0,15.489999771118164,14.979999542236328,15.40999984741211,0.0,41527800
2018-07-02,15.15999984741211,15.15999984741211,0.0,15.180000305175781,14.739999771118164,14.800000190734863,0.0,43398800
2018-07-03,15.0,15.0,0.0,15.34000015258789,14.960000038146973,15.210000038146973,0.0,32094000
2018-07-05,15.5,15.5,0.0,15.5,15.020000457763672,15.130000114440918,0.0,40703300
2018-07-06,16.360000610351562,16.360000610351562,0.0,16.389999389648438,15.479999542236328,15.520000457763672,0.0,65101700
2018-07-09,16.610000610351562,16.610000610351562,0.0,16.84000015258789,16.170000076293945,16.729999542236328,0.0,58525500
2018-07-10,16.549999237060547,16.549999237060547,0.0,16.649999618530273,16.309999465942383,16.59000015258789,0.0,37093000
2018-07-11,16.270000457763672,16.270000457763672,0.0,16.530000686645508,16.020000457763672,16.149999618530273,0.0,42544100
2018-07-12,16.559999465942383,16.559999465942383,0.0,16.790000915527344,16.3799991607666,16.40999984741211,0.0,44188100
2018-07-13,16.270000457763672,16.270000457763672,0.0,16.690000534057617,16.219999313354492,16.68000030517578,0.0,40614100
2018-07-16,16.579999923706055,16.579999923706055,0.0,17.0,16.40999984741211,16.420000076293945,0.0,65275300
2018-07-17,16.8700008392334,16.8700008392334,0.0,16.8799991607666,16.479999542236328,16.5,0.0,42313500
2018-07-18,16.850000381469727,16.850000381469727,0.0,16.989999771118164,16.549999237060547,16.940000534057617,0.0,40881500
2018-07-19,16.709999084472656,16.709999084472656,0.0,16.8799991607666,16.549999237060547,16.709999084472656,0.0,41267800
2018-07-20,16.5,16.5,0.0,16.8799991607666,16.440000534057617,16.65999984741211,0.0,42879800
2018-07-23,16.65999984741211,16.65999984741211,0.0,16.68000030517578,15.899999618530273,16.469999313354492,0.0,44940800
2018-07-24,16.190000534057617,16.190000534057617,0.0,16.860000610351562,16.110000610351562,16.75,0.0,58201500
2018-07-25,16.049999237060547,16.049999237060547,0.0,16.389999389648438,15.720000267028809,16.299999237060547,0.0,82604900
2018-07-26,18.350000381469727,18.350000381469727,0.0,18.450000762939453,16.829999923706055,17.15999984741211,0.0,192661100
2018-07-27,18.940000534057617,18.940000534057617,0.0,19.8799991607666,18.309999465942383,19.06999969482422,0.0,161903800
2018-07-30,19.420000076293945,19.420000076293945,0.0,20.18000030517578,19.309999465942383,19.399999618530273,0.0,160823400
2018-07-31,18.329999923706055,18.329999923706055,0.0,19.5,18.270000457763672,19.350000381469727,0.0,118403400
2018-08-01,18.479999542236328,18.479999542236328,0.0,18.950000762939453,18.31999969482422,18.34000015258789,0.0,75495200
2018-08-02,18.790000915527344,18.790000915527344,0.0,18.829999923706055,18.0,18.170000076293945,0.0,52867100
2018-08-03,18.489999771118164,18.489999771118164,0.0,19.059999465942383,18.3700008392334,18.940000534057617,0.0,53232100
2018-08-06,19.43000030517578,19.43000030517578,0.0,19.440000534057617,18.459999084472656,18.889999389648438,0.0,83579700
2018-08-07,19.559999465942383,19.559999465942383,0.0,19.709999084472656,19.079999923706055,19.530000686645508,0.0,72822600
2018-08-08,19.579999923706055,19.579999923706055,0.0,19.770000457763672,19.260000228881836,19.459999084472656,0.0,52081400
2018-08-09,19.100000381469727,19.100000381469727,0.0,19.709999084472656,19.079999923706055,19.579999923706055,0.0,46653400
2018-08-10,19.059999465942383,19.059999465942383,0.0,19.479999542236328,18.850000381469727,19.09000015258789,0.0,65821100
2018-08-13,19.729999542236328,19.729999542236328,0.0,19.93000030517578,19.1200008392334,19.15999984741211,0.0,81411300
2018-08-14,20.020000457763672,20.020000457763672,0.0,20.280000686645508,19.6299991607666,19.969999313354492,0.0,89195500
2018-08-15,19.700000762939453,19.700000762939453,0.0,20.100000381469727,19.200000762939453,19.860000610351562,0.0,86355700
2018-08-16,19.329999923706055,19.329999923706055,0.0,20.06999969482422,19.25,19.860000610351562,0.0,69733700
2018-08-17,19.770000457763672,19.770000457763672,0.0,19.81999969482422,18.729999542236328,19.1200008392334,0.0,60616600
2018-08-20,19.979999542236328,19.979999542236328,0.0,20.079999923706055,19.350000381469727,19.790000915527344,0.0,62983200
2018-08-21,20.399999618530273,20.399999618530273,0.0,20.420000076293945,19.860000610351562,19.979999542236328,0.0,55629000
2018-08-22,20.899999618530273,20.899999618530273,0.0,20.920000076293945,20.209999084472656,20.280000686645508,0.0,62002700
2018-08-23,22.290000915527344,22.290000915527344,0.0,22.31999969482422,21.139999389648438,21.190000534057617,0.0,113444100
2018-08-24,23.979999542236328,23.979999542236328,0.0,24.0,22.670000076293945,22.90999984741211,0.0,164328200
2018-08-27,25.260000228881836,25.260000228881836,0.0,27.299999237060547,24.6299991607666,24.940000534057617,0.0,325058400
2018-08-28,25.049999237060547,25.049999237060547,0.0,26.18000030517578,24.040000915527344,25.510000228881836,0.0,215771200
2018-08-29,25.200000762939453,25.200000762939453,0.0,25.40999984741211,24.010000228881836,24.360000610351562,0.0,143223200
2018-08-30,24.889999389648438,24.889999389648438,0.0,25.670000076293945,24.760000228881836,25.290000915527344,0.0,103607300
2018-08-31,25.170000076293945,25.170000076293945,0.0,25.239999771118164,24.719999313354492,24.889999389648438,0.0,65206400
2018-09-04,28.059999465942383,28.059999465942383,0.0,28.110000610351562,25.56999969482422,25.6200008392334,0.0,192541300
2018-09-05,28.510000228881836,28.510000228881836,0.0,29.940000534057617,26.84000015258789,29.40999984741211,0.0,257349000
2018-09-06,27.84000015258789,27.84000015258789,0.0,28.579999923706055,27.190000534057617,28.1200008392334,0.0,143942900
2018-09-07,27.3799991607666,27.3799991607666,0.0,28.270000457763672,26.799999237060547,26.959999084472656,0.0,123348700
2018-09-10,29.889999389648438,29.889999389648438,0.0,29.93000030517578,27.84000015258789,28.149999618530273,0.0,162253800
2018-09-11,30.100000381469727,30.100000381469727,0.0,30.59000015258789,29.3700008392334,30.020000457763672,0.0,159902500
2018-09-12,32.209999084472656,32.209999084472656,0.0,32.290000915527344,29.450000762939453,29.90999984741211,0.0,197889600
2018-09-13,30.479999542236328,30.479999542236328,0.0,34.13999938964844,29.8700008392334,33.15999984741211,0.0,304147100
2018-09-14,32.720001220703125,32.720001220703125,0.0,33.09000015258789,30.540000915527344,31.43000030517578,0.0,217762800
2018-09-17,32.43000030517578,32.43000030517578,0.0,33.22999954223633,31.600000381469727,31.75,0.0,180410600
2018-09-18,31.93000030517578,31.93000030517578,0.0,33.369998931884766,31.200000762939453,32.9900016784668,0.0,176673200
2018-09-19,31.209999084472656,31.209999084472656,0.0,31.829999923706055,30.510000228881836,31.520000457763672,0.0,124287000
2018-09-20,31.18000030517578,31.18000030517578,0.0,32.20000076293945,30.639999389648438,32.099998474121094,0.0,123116500
2018-09-21,31.020000457763672,31.020000457763672,0.0,32.41999816894531,30.90999984741211,31.190000534057617,0.0,129792900
2018-09-24,32.61000061035156,32.61000061035156,0.0,32.650001525878906,30.90999984741211,31.1299991607666,0.0,118332600
2018-09-25,32.56999969482422,32.56999969482422,0.0,33.599998474121094,32.189998626708984,33.18000030517578,0.0,118570200
2018-09-26,32.189998626708984,32.189998626708984,0.0,32.599998474121094,31.719999313354492,32.400001525878906,0.0,79347300
2018-09-27,32.59000015258789,32.59000015258789,0.0,32.630001068115234,31.389999389648438,31.860000610351562,0.0,87934400
2018-09-28,30.889999389648438,30.889999389648438,0.0,32.779998779296875,29.979999542236328,32.2400016784668,0.0,165453500
2018-10-01,31.420000076293945,31.420000076293945,0.0,31.90999984741211,30.25,30.690000534057617,0.0,94742900
2018-10-02,29.020000457763672,29.020000457763672,0.0,30.81999969482422,28.649999618530273,30.729999542236328,0.0,145276500
2018-10-03,28.43000030517578,28.43000030517578,0.0,29.219999313354492,26.540000915527344,29.040000915527344,0.0,190137200
2018-10-04,27.780000686645508,27.780000686645508,0.0,28.829999923706055,27.3700008392334,27.989999771118164,0.0,95831200
2018-10-05,27.350000381469727,27.350000381469727,0.0,28.469999313354492,26.93000030517578,28.06999969482422,0.0,88008500
2018-10-08,26.459999084472656,26.459999084472656,0.0,27.540000915527344,25.959999084472656,26.729999542236328,0.0,103789500
2018-10-09,27.239999771118164,27.239999771118164,0.0,27.709999084472656,26.0,26.149999618530273,0.0,105461800
2018-10-10,25.0,25.0,0.0,27.399999618530273,24.90999984741211,27.3799991607666,0.0,147682900
2018-10-11,25.299999237060547,25.299999237060547,0.0,26.200000762939453,24.549999237060547,24.739999771118164,0.0,147013800
2018-10-12,26.34000015258789,26.34000015258789,0.0,26.969999313354492,25.670000076293945,26.770000457763672,0.0,111059400
2018-10-15,26.260000228881836,26.260000228881836,0.0,26.770000457763672,25.75,26.3799991607666,0.0,70523500
2018-10-16,28.18000030517578,28.18000030517578,0.0,28.229999542236328,26.170000076293945,26.6299991607666,0.0,92529000
2018-10-17,27.299999237060547,27.299999237060547,0.0,28.530000686645508,26.920000076293945,28.40999984741211,0.0,89466900
2018-10-18,26.6200008392334,26.6200008392334,0.0,27.75,26.399999618530273,27.079999923706055,0.0,79623700
2018-10-19,23.65999984741211,23.65999984741211,0.0,27.100000381469727,23.600000381469727,27.030000686645508,0.0,130799900
2018-10-22,25.030000686645508,25.030000686645508,0.0,25.639999389648438,24.09000015258789,24.459999084472656,0.0,114158900
2018-10-23,25.09000015258789,25.09000015258789,0.0,25.260000228881836,23.850000381469727,24.18000030517578,0.0,101763000
2018-10-24,22.790000915527344,22.790000915527344,0.0,25.100000381469727,22.75,25.040000915527344,0.0,134489100
2018-10-25,19.270000457763672,19.270000457763672,0.0,20.149999618530273,17.719999313354492,17.920000076293945,0.0,189173700
2018-10-26,17.6299991607666,17.6299991607666,0.0,18.780000686645508,17.049999237060547,18.489999771118164,0.0,119689000
2018-10-29,16.850000381469727,16.850000381469727,0.0,18.229999542236328,16.270000457763672,18.209999084472656,0.0,94479600
2018-10-30,17.200000762939453,17.200000762939453,0.0,17.239999771118164,16.170000076293945,16.3799991607666,0.0,99049400
2018-10-31,18.209999084472656,18.209999084472656,0.0,18.34000015258789,17.1200008392334,17.8700008392334,0.0,110463700
2018-11-01,20.219999313354492,20.219999313354492,0.0,20.329999923706055,18.079999923706055,18.40999984741211,0.0,136896500
2018-11-02,20.229999542236328,20.229999542236328,0.0,21.059999465942383,19.469999313354492,20.59000015258789,0.0,123788000
2018-11-05,19.899999618530273,19.899999618530273,0.0,20.18000030517578,18.8799991607666,20.1200008392334,0.0,108016700
2018-11-06,20.68000030517578,20.68000030517578,0.0,21.649999618530273,19.479999542236328,19.5,0.0,144995700
2018-11-07,21.84000015258789,21.84000015258789,0.0,22.219999313354492,21.06999969482422,21.420000076293945,0.0,121115800
2018-11-08,21.200000762939453,21.200000762939453,0.0,22.079999923706055,20.969999313354492,21.770000457763672,0.0,92387600
2018-11-09,21.030000686645508,21.030000686645508,0.0,21.190000534057617,20.110000610351562,20.770000457763672,0.0,85900700
2018-11-12,19.030000686645508,19.030000686645508,0.0,20.850000381469727,18.799999237060547,20.68000030517578,0.0,95948200
2018-11-13,19.610000610351562,19.610000610351562,0.0,20.020000457763672,18.969999313354492,19.280000686645508,0.0,76126000
2018-11-14,20.809999465942383,20.809999465942383,0.0,21.110000610351562,19.760000228881836,20.18000030517578,0.0,106344300
2018-11-15,21.489999771118164,21.489999771118164,0.0,21.770000457763672,20.420000076293945,20.719999313354492,0.0,97715500
2018-11-16,20.65999984741211,20.65999984741211,0.0,20.969999313354492,19.719999313354492,19.8700008392334,0.0,112376600
2018-11-19,19.110000610351562,19.110000610351562,0.0,20.59000015258789,19.09000015258789,20.399999618530273,0.0,93578200
2018-11-20,19.209999084472656,19.209999084472656,0.0,19.579999923706055,17.18000030517578,17.399999618530273,0.0,109869400
2018-11-21,18.729999542236328,18.729999542236328,0.0,20.309999465942383,18.5,20.049999237060547,0.0,81585600
2018-11-23,19.3799991607666,19.3799991607666,0.0,19.829999923706055,18.559999465942383,18.610000610351562,0.0,54611300
2018-11-26,20.079999923706055,20.079999923706055,0.0,20.190000534057617,19.110000610351562,19.959999084472656,0.0,83211000
2018-11-27,21.049999237060547,21.049999237060547,0.0,21.450000762939453,19.729999542236328,19.770000457763672,0.0,119230100
2018-11-28,21.34000015258789,21.34000015258789,0.0,21.8799991607666,20.18000030517578,21.81999969482422,0.0,134425300
2018-11-29,21.43000030517578,21.43000030517578,0.0,21.610000610351562,20.729999542236328,21.190000534057617,0.0,79853700
2018-11-30,21.299999237060547,21.299999237060547,0.0,21.360000610351562,20.520000457763672,21.299999237060547,0.0,82370700
2018-12-03,23.709999084472656,23.709999084472656,0.0,23.75,22.3700008392334,22.479999542236328,0.0,139607400
2018-12-04,21.1200008392334,21.1200008392334,0.0,23.420000076293945,21.06999969482422,23.350000381469727,0.0,127392900
2018-12-06,21.299999237060547,21.299999237060547,0.0,21.40999984741211,20.059999465942383,20.219999313354492,0.0,103434700
2018-12-07,19.459999084472656,19.459999084472656,0.0,21.3799991607666,19.170000076293945,21.299999237060547,0.0,105764500
2018-12-10,19.989999771118164,19.989999771118164,0.0,20.1299991607666,19.270000457763672,19.350000381469727,0.0,77984500
2018-12-11,19.979999542236328,19.979999542236328,0.0,21.139999389648438,19.690000534057617,20.709999084472656,0.0,88027400
2018-12-12,20.479999542236328,20.479999542236328,0.0,21.020000457763672,19.709999084472656,20.31999969482422,0.0,100340700
2018-12-13,19.860000610351562,19.860000610351562,0.0,20.8700008392334,19.760000228881836,20.6299991607666,0.0,88108300
2018-12-14,19.899999618530273,19.899999618530273,0.0,20.700000762939453,19.520000457763672,19.579999923706055,0.0,84713600
2018-12-17,18.829999923706055,18.829999923706055,0.0,20.020000457763672,18.639999389648438,20.010000228881836,0.0,115437900
2018-12-18,19.5,19.5,0.0,19.84000015258789,18.8799991607666,19.149999618530273,0.0,101512900
2018-12-19,18.15999984741211,18.15999984741211,0.0,19.719999313354492,18.0,19.440000534057617,0.0,120644500
2018-12-20,17.940000534057617,17.940000534057617,0.0,18.860000610351562,17.34000015258789,18.110000610351562,0.0,119394500
2018-12-21,16.93000030517578,16.93000030517578,0.0,18.34000015258789,16.760000228881836,18.1200008392334,0.0,132246000
2018-12-24,16.649999618530273,16.649999618530273,0.0,17.219999313354492,16.3700008392334,16.520000457763672,0.0,62933100
2018-12-26,17.899999618530273,17.899999618530273,0.0,17.90999984741211,16.030000686645508,16.8799991607666,0.0,108811800
2018-12-27,17.489999771118164,17.489999771118164,0.0,17.739999771118164,16.440000534057617,17.43000030517578,0.0,111373000
2018-12-28,17.81999969482422,17.81999969482422,0.0,18.309999465942383,17.139999389648438,17.530000686645508,0.0,109214400
2018-12-31,18.459999084472656,18.459999084472656,0.0,18.510000228881836,17.850000381469727,18.149999618530273,0.0,84732200
2019-01-02,18.829999923706055,18.829999923706055,0.0,19.0,17.979999542236328,18.010000228881836,0.0,87148700
2019-01-03,17.049999237060547,17.049999237060547,0.0,18.68000030517578,16.940000534057617,18.420000076293945,0.0,117277600
2019-01-04,19.0,19.0,0.0,19.06999969482422,17.43000030517578,17.549999237060547,0.0,111878600
2019-01-07,20.56999969482422,20.56999969482422,0.0,20.68000030517578,19.0,19.440000534057617,0.0,107157000
2019-01-08,20.75,20.75,0.0,21.200000762939453,19.68000030517578,21.190000534057617,0.0,121271000
2019-01-09,20.190000534057617,20.190000534057617,0.0,21.440000534057617,20.06999969482422,20.889999389648438,0.0,163944100
2019-01-10,19.739999771118164,19.739999771118164,0.0,19.829999923706055,18.899999618530273,19.760000228881836,0.0,115629400
2019-01-11,20.270000457763672,20.270000457763672,0.0,20.350000381469727,19.190000534057617,19.469999313354492,0.0,85110800
2019-01-14,20.229999542236328,20.229999542236328,0.0,20.6200008392334,19.75,19.959999084472656,0.0,71350200
2019-01-15,20.3799991607666,20.3799991607666,0.0,20.68000030517578,20.260000228881836,20.440000534057617,0.0,62785800
2019-01-16,19.729999542236328,19.729999542236328,0.0,20.540000915527344,19.709999084472656,20.399999618530273,0.0,70849300
2019-01-17,20.25,20.25,0.0,20.510000228881836,19.020000457763672,19.489999771118164,0.0,85018400
2019-01-18,20.770000457763672,20.770000457763672,0.0,21.049999237060547,20.020000457763672,20.3700008392334,0.0,88131000
2019-01-22,19.760000228881836,19.760000228881836,0.0,20.920000076293945,19.700000762939453,20.479999542236328,0.0,78513700
2019-01-23,19.799999237060547,19.799999237060547,0.0,20.479999542236328,19.549999237060547,20.030000686645508,0.0,77811300
2019-01-24,20.850000381469727,20.850000381469727,0.0,21.010000228881836,20.040000915527344,20.059999465942383,0.0,97433400
2019-01-25,21.93000030517578,21.93000030517578,0.0,22.030000686645508,20.790000915527344,20.989999771118164,0.0,110239500
2019-01-28,20.18000030517578,20.18000030517578,0.0,21.010000228881836,20.020000457763672,20.31999969482422,0.0,135164100
2019-01-29,19.25,19.25,0.0,20.389999389648438,19.049999237060547,20.260000228881836,0.0,131202500
2019-01-30,23.09000015258789,23.09000015258789,0.0,23.1299991607666,21.3700008392334,21.489999771118164,0.0,211421200
2019-01-31,24.40999984741211,24.40999984741211,0.0,25.139999389648438,22.829999923706055,23.020000457763672,0.0,182575600
2019-02-01,24.510000228881836,24.510000228881836,0.0,24.84000015258789,24.06999969482422,24.610000610351562,0.0,105356200
2019-02-04,24.1299991607666,24.1299991607666,0.0,24.65999984741211,24.06999969482422,24.43000030517578,0.0,70843800
2019-02-05,23.309999465942383,23.309999465942383,0.0,23.860000610351562,22.979999542236328,23.420000076293945,0.0,122226000
2019-02-06,23.260000228881836,23.260000228881836,0.0,24.139999389648438,23.219999313354492,23.6299991607666,0.0,78684300
2019-02-07,22.670000076293945,22.670000076293945,0.0,23.219999313354492,22.31999969482422,22.989999771118164,0.0,86723900
2019-02-08,23.049999237060547,23.049999237060547,0.0,23.280000686645508,22.270000457763672,22.329999923706055,0.0,78129300
2019-02-11,22.959999084472656,22.959999084472656,0.0,23.280000686645508,22.65999984741211,23.049999237060547,0.0,60578700
2019-02-12,22.81999969482422,22.81999969482422,0.0,23.559999465942383,22.75,23.43000030517578,0.0,67595400
2019-02-13,22.850000381469727,22.850000381469727,0.0,23.239999771118164,22.709999084472656,22.979999542236328,0.0,57544200
2019-02-14,23.1299991607666,23.1299991607666,0.0,23.3700008392334,22.59000015258789,22.739999771118164,0.0,64441200
2019-02-15,23.68000030517578,23.68000030517578,0.0,24.049999237060547,23.200000762939453,23.579999923706055,0.0,78644100
2019-02-19,23.950000762939453,23.950000762939453,0.0,24.40999984741211,23.610000610351562,23.6299991607666,0.0,57517900
2019-02-20,23.950000762939453,23.950000762939453,0.0,24.3700008392334,23.899999618530273,24.139999389648438,0.0,57091600
2019-02-21,23.920000076293945,23.920000076293945,0.0,24.329999923706055,23.850000381469727,24.040000915527344,0.0,49608200
2019-02-22,24.360000610351562,24.360000610351562,0.0,24.360000610351562,23.8799991607666,24.049999237060547,0.0,52650700
2019-02-25,24.709999084472656,24.709999084472656,0.0,25.520000457763672,24.68000030517578,25.010000228881836,0.0,63221000
2019-02-26,24.209999084472656,24.209999084472656,0.0,24.719999313354492,24.149999618530273,24.649999618530273,0.0,48470100
2019-02-27,23.479999542236328,23.479999542236328,0.0,24.229999542236328,23.209999084472656,24.110000610351562,0.0,62649300
2019-02-28,23.530000686645508,23.530000686645508,0.0,23.670000076293945,23.110000610351562,23.209999084472656,0.0,39384900
2019-03-01,23.68000030517578,23.68000030517578,0.0,24.190000534057617,23.450000762939453,23.969999313354492,0.0,48084000
2019-03-04,23.3700008392334,23.3700008392334,0.0,24.1299991607666,23.010000228881836,23.889999389648438,0.0,48147700
2019-03-05,23.5,23.5,0.0,23.68000030517578,23.010000228881836,23.34000015258789,0.0,35462600
2019-03-06,22.40999984741211,22.40999984741211,0.0,23.530000686645508,22.399999618530273,23.469999313354492,0.0,60479400
2019-03-07,22.079999923706055,22.079999923706055,0.0,22.40999984741211,21.729999542236328,22.329999923706055,0.0,52186300
2019-03-08,22.010000228881836,22.010000228881836,0.0,22.09000015258789,21.040000915527344,21.350000381469727,0.0,49967700
2019-03-11,22.959999084472656,22.959999084472656,0.0,23.079999923706055,21.979999542236328,22.149999618530273,0.0,54420200
2019-03-12,23.489999771118164,23.489999771118164,0.0,23.799999237060547,22.780000686645508,23.100000381469727,0.0,56410600
2019-03-13,23.3799991607666,23.3799991607666,0.0,24.149999618530273,23.350000381469727,23.65999984741211,0.0,56705800
2019-03-14,22.81999969482422,22.81999969482422,0.0,23.489999771118164,22.799999237060547,23.3700008392334,0.0,42818600
2019-03-15,23.290000915527344,23.290000915527344,0.0,23.649999618530273,23.010000228881836,23.100000381469727,0.0,46519900
2019-03-18,23.25,23.25,0.0,23.6200008392334,23.040000915527344,23.299999237060547,0.0,34731800
2019-03-19,26.0,26.0,0.0,26.079999923706055,23.59000015258789,23.600000381469727,0.0,156052200
2019-03-20,25.700000762939453,25.700000762939453,0.0,26.8799991607666,25.309999465942383,26.489999771118164,0.0,151292100
2019-03-21,27.889999389648438,27.889999389648438,0.0,28.110000610351562,25.709999084472656,25.780000686645508,0.0,129610300
2019-03-22,26.3700008392334,26.3700008392334,0.0,27.75,26.329999923706055,27.540000915527344,0.0,115323300
2019-03-25,25.969999313354492,25.969999313354492,0.0,26.989999771118164,25.540000915527344,26.290000915527344,0.0,78438200
2019-03-26,25.690000534057617,25.690000534057617,0.0,26.979999542236328,25.459999084472656,26.690000534057617,0.0,75754100
2019-03-27,24.889999389648438,24.889999389648438,0.0,25.8799991607666,24.549999237060547,25.700000762939453,0.0,88585300
2019-03-28,25.059999465942383,25.059999465942383,0.0,25.559999465942383,24.649999618530273,25.100000381469727,0.0,64667500
2019-03-29,25.520000457763672,25.520000457763672,0.0,25.729999542236328,25.25,25.579999923706055,0.0,53502800
2019-04-01,26.360000610351562,26.360000610351562,0.0,26.559999465942383,25.829999923706055,26.420000076293945,0.0,63000300
2019-04-02,26.75,26.75,0.0,26.799999237060547,26.09000015258789,26.510000228881836,0.0,53358800
2019-04-03,29.020000457763672,29.020000457763672,0.0,29.950000762939453,27.8799991607666,28.020000457763672,0.0,197650500
2019-04-04,29.09000015258789,29.09000015258789,0.0,29.389999389648438,28.610000610351562,28.8799991607666,0.0,82191100
2019-04-05,28.979999542236328,28.979999542236328,0.0,29.690000534057617,28.799999237060547,29.639999389648438,0.0,65662700
2019-04-08,28.530000686645508,28.530000686645508,0.0,28.950000762939453,28.18000030517578,28.690000534057617,0.0,58002500
2019-04-09,27.239999771118164,27.239999771118164,0.0,28.3799991607666,27.190000534057617,28.239999771118164,0.0,75539800
2019-04-10,27.829999923706055,27.829999923706055,0.0,28.1200008392334,27.31999969482422,27.459999084472656,0.0,64368100
2019-04-11,27.790000915527344,27.790000915527344,0.0,28.049999237060547,27.459999084472656,27.809999465942383,0.0,44801200
2019-04-12,27.850000381469727,27.850000381469727,0.0,28.3799991607666,27.65999984741211,28.209999084472656,0.0,41048800
2019-04-15,27.329999923706055,27.329999923706055,0.0,27.84000015258789,26.959999084472656,27.799999237060547,0.0,40812500
2019-04-16,27.93000030517578,27.93000030517578,0.0,28.18000030517578,27.489999771118164,27.719999313354492,0.0,47340100
2019-04-17,27.489999771118164,27.489999771118164,0.0,28.270000457763672,27.219999313354492,28.209999084472656,0.0,48240800
2019-04-18,27.68000030517578,27.68000030517578,0.0,27.8799991607666,27.34000015258789,27.600000381469727,0.0,39880900
2019-04-22,28.18000030517578,28.18000030517578,0.0,28.229999542236328,27.389999389648438,27.6200008392334,0.0,36477300
2019-04-23,27.969999313354492,27.969999313354492,0.0,28.489999771118164,27.790000915527344,28.18000030517578,0.0,41777500
2019-04-24,28.459999084472656,28.459999084472656,0.0,28.850000381469727,27.93000030517578,28.100000381469727,0.0,51784700
2019-04-25,27.65999984741211,27.65999984741211,0.0,28.860000610351562,27.360000610351562,28.670000076293945,0.0,57329700
2019-04-26,27.8799991607666,27.8799991607666,0.0,27.899999618530273,27.049999237060547,27.65999984741211,0.0,48827900
2019-04-29,27.690000534057617,27.690000534057617,0.0,28.139999389648438,27.5,27.899999618530273,0.0,44532700
2019-04-30,27.6299991607666,27.6299991607666,0.0,27.799999237060547,26.940000534057617,27.59000015258789,0.0,73165900
2019-05-01,26.809999465942383,26.809999465942383,0.0,29.149999618530273,26.780000686645508,28.950000762939453,0.0,136066900
2019-05-02,28.290000915527344,28.290000915527344,0.0,28.639999389648438,26.610000610351562,26.940000534057617,0.0,100514800
2019-05-03,28.219999313354492,28.219999313354492,0.0,28.420000076293945,27.65999984741211,28.299999237060547,0.0,55503100
2019-05-06,27.420000076293945,27.420000076293945,0.0,27.5,26.450000762939453,26.719999313354492,0.0,70344100
2019-05-07,26.65999984741211,26.65999984741211,0.0,27.350000381469727,26.209999084472656,27.200000762939453,0.0,75868800
2019-05-08,27.09000015258789,27.09000015258789,0.0,27.709999084472656,26.270000457763672,26.40999984741211,0.0,65967500
2019-05-09,27.209999084472656,27.209999084472656,0.0,27.3799991607666,26.030000686645508,26.700000762939453,0.0,73150900
2019-05-10,27.959999084472656,27.959999084472656,0.0,28.100000381469727,26.93000030517578,27.030000686645508,0.0,82930100
2019-05-13,26.239999771118164,26.239999771118164,0.0,27.229999542236328,26.100000381469727,26.979999542236328,0.0,99017900
2019-05-14,27.31999969482422,27.31999969482422,0.0,27.479999542236328,26.149999618530273,26.530000686645508,0.0,82980400
2019-05-15,27.579999923706055,27.579999923706055,0.0,27.790000915527344,26.729999542236328,26.8700008392334,0.0,55689900
2019-05-16,28.010000228881836,28.010000228881836,0.0,28.3700008392334,27.270000457763672,27.3700008392334,0.0,67330100
2019-05-17,27.5,27.5,0.0,28.459999084472656,27.399999618530273,27.690000534057617,0.0,65385400
2019-05-20,26.68000030517578,26.68000030517578,0.0,27.239999771118164,26.489999771118164,26.979999542236328,0.0,69757400
2019-05-21,27.350000381469727,27.350000381469727,0.0,27.3700008392334,26.93000030517578,27.18000030517578,0.0,46079200
2019-05-22,27.40999984741211,27.40999984741211,0.0,27.59000015258789,27.06999969482422,27.1200008392334,0.0,40035300
2019-05-23,26.360000610351562,26.360000610351562,0.0,27.100000381469727,26.030000686645508,26.989999771118164,0.0,67809200
2019-05-24,26.440000534057617,26.440000534057617,0.0,26.93000030517578,26.399999618530273,26.610000610351562,0.0,39835800
2019-05-28,29.049999237060547,29.049999237060547,0.0,29.670000076293945,27.059999465942383,27.270000457763672,0.0,146949600
2019-05-29,28.09000015258789,28.09000015258789,0.0,29.31999969482422,27.729999542236328,29.0,0.0,99969600
2019-05-30,28.030000686645508,28.030000686645508,0.0,28.559999465942383,27.600000381469727,28.399999618530273,0.0,65289100
2019-05-31,27.40999984741211,27.40999984741211,0.0,28.360000610351562,27.399999618530273,27.56999969482422,0.0,68667800
2019-06-03,27.579999923706055,27.579999923706055,0.0,29.6200008392334,27.290000915527344,28.75,0.0,147532200
2019-06-04,29.56999969482422,29.56999969482422,0.0,29.59000015258789,27.90999984741211,28.389999389648438,0.0,107549500
2019-06-05,29.5,29.5,0.0,29.989999771118164,29.030000686645508,29.93000030517578,0.0,79481500
2019-06-06,31.81999969482422,31.81999969482422,0.0,31.979999542236328,29.84000015258789,29.8700008392334,0.0,131267800
2019-06-07,32.40999984741211,32.40999984741211,0.0,32.599998474121094,31.56999969482422,31.940000534057617,0.0,86841100
2019-06-10,33.22999954223633,33.22999954223633,0.0,34.29999923706055,33.08000183105469,33.529998779296875,0.0,97668800
2019-06-11,32.40999984741211,32.40999984741211,0.0,33.4900016784668,31.81999969482422,33.43000030517578,0.0,82834900
2019-06-12,32.18000030517578,32.18000030517578,0.0,32.56999969482422,31.920000076293945,32.0,0.0,56298700
2019-06-13,31.389999389648438,31.389999389648438,0.0,32.5,31.059999465942383,32.38999938964844,0.0,63556000
2019-06-14,30.360000610351562,30.360000610351562,0.0,30.959999084472656,30.020000457763672,30.700000762939453,0.0,70373000
2019-06-17,29.200000762939453,29.200000762939453,0.0,30.450000762939453,29.18000030517578,30.25,0.0,70865700
2019-06-18,30.450000762939453,30.450000762939453,0.0,30.969999313354492,29.579999923706055,29.760000228881836,0.0,86444500
2019-06-19,30.5,30.5,0.0,30.790000915527344,30.059999465942383,30.670000076293945,0.0,63233900
2019-06-20,30.010000228881836,30.010000228881836,0.0,31.360000610351562,29.84000015258789,31.239999771118164,0.0,72418200
2019-06-21,29.100000381469727,29.100000381469727,0.0,30.350000381469727,28.969999313354492,29.649999618530273,0.0,81861300
2019-06-24,29.260000228881836,29.260000228881836,0.0,29.399999618530273,28.670000076293945,29.31999969482422,0.0,55724800
2019-06-25,28.860000610351562,28.860000610351562,0.0,29.719999313354492,28.799999237060547,29.260000228881836,0.0,53680900
2019-06-26,29.920000076293945,29.920000076293945,0.0,30.479999542236328,29.780000686645508,29.979999542236328,0.0,65064200
2019-06-27,30.739999771118164,30.739999771118164,0.0,30.959999084472656,30.209999084472656,30.40999984741211,0.0,55623300
2019-06-28,30.3700008392334,30.3700008392334,0.0,31.110000610351562,30.329999923706055,31.079999923706055,0.0,50090900
2019-07-01,31.200000762939453,31.200000762939453,0.0,32.040000915527344,30.8700008392334,31.790000915527344,0.0,60275900
2019-07-02,31.239999771118164,31.239999771118164,0.0,31.260000228881836,30.729999542236328,30.959999084472656,0.0,37721700
2019-07-03,31.190000534057617,31.190000534057617,0.0,31.329999923706055,30.739999771118164,31.1299991607666,0.0,23462000
2019-07-05,31.5,31.5,0.0,31.559999465942383,30.75,30.8799991607666,0.0,34011900
2019-07-08,32.040000915527344,32.040000915527344,0.0,32.150001525878906,31.260000228881836,31.799999237060547,0.0,49689400
2019-07-09,33.150001525878906,33.150001525878906,0.0,33.18000030517578,30.100000381469727,31.760000228881836,0.0,61419800
2019-07-10,33.790000915527344,33.790000915527344,0.0,34.029998779296875,33.36000061035156,33.560001373291016,0.0,60388400
2019-07-11,33.060001373291016,33.060001373291016,0.0,34.0,32.7599983215332,33.90999984741211,0.0,63081800
2019-07-12,33.209999084472656,33.209999084472656,0.0,33.38999938964844,32.59000015258789,32.7599983215332,0.0,51509700
2019-07-15,34.38999938964844,34.38999938964844,0.0,34.54999923706055,33.27000045776367,33.34000015258789,0.0,65565200
2019-07-16,33.849998474121094,33.849998474121094,0.0,34.86000061035156,33.79999923706055,34.29999923706055,0.0,66912700
2019-07-17,33.599998474121094,33.599998474121094,0.0,34.29999923706055,33.4900016784668,34.0099983215332,0.0,42557900
2019-07-18,33.0,33.0,0.0,33.459999084472656,32.41999816894531,33.029998779296875,0.0,58473900
2019-07-19,32.5099983215332,32.5099983215332,0.0,33.349998474121094,32.45000076293945,33.08000183105469,0.0,44617700
2019-07-22,32.849998474121094,32.849998474121094,0.0,33.310001373291016,32.7400016784668,32.79999923706055,0.0,37777300
2019-07-23,33.4900016784668,33.4900016784668,0.0,33.5,32.93000030517578,33.16999816894531,0.0,38532500
2019-07-24,34.11000061035156,34.11000061035156,0.0,34.36000061035156,33.45000076293945,33.63999938964844,0.0,41952300
2019-07-25,33.66999816894531,33.66999816894531,0.0,34.25,33.619998931884766,34.04999923706055,0.0,36705600
2019-07-26,34.02000045776367,34.02000045776367,0.0,34.77000045776367,33.869998931884766,34.22999954223633,0.0,43502800
2019-07-29,33.47999954223633,33.47999954223633,0.0,34.18000030517578,32.97999954223633,34.13999938964844,0.0,45922000
2019-07-30,33.869998931884766,33.869998931884766,0.0,33.939998626708984,32.939998626708984,33.209999084472656,0.0,72198900
2019-07-31,30.450000762939453,30.450000762939453,0.0,32.29999923706055,30.299999237060547,32.08000183105469,0.0,119190000
2019-08-01,29.860000610351562,29.860000610351562,0.0,31.479999542236328,29.100000381469727,30.5,0.0,80878900
2019-08-02,29.440000534057617,29.440000534057617,0.0,29.729999542236328,28.940000534057617,29.479999542236328,0.0,60410900
2019-08-05,27.989999771118164,27.989999771118164,0.0,28.489999771118164,27.649999618530273,28.260000228881836,0.0,74333200
2019-08-06,28.860000610351562,28.860000610351562,0.0,29.049999237060547,28.200000762939453,28.860000610351562,0.0,60578400
2019-08-07,29.190000534057617,29.190000534057617,0.0,29.280000686645508,28.3700008392334,28.469999313354492,0.0,58577500
2019-08-08,33.91999816894531,33.91999816894531,0.0,34.27000045776367,31.479999542236328,31.530000686645508,0.0,167278800
2019-08-09,34.189998626708984,34.189998626708984,0.0,35.54999923706055,33.08000183105469,33.45000076293945,0.0,132483900
2019-08-12,32.43000030517578,32.43000030517578,0.0,34.650001525878906,32.08000183105469,34.15999984741211,0.0,106936000
2019-08-13,32.11000061035156,32.11000061035156,0.0,33.13999938964844,31.719999313354492,32.36000061035156,0.0,102009700
2019-08-14,30.239999771118164,30.239999771118164,0.0,31.049999237060547,29.510000228881836,31.0,0.0,127521500
2019-08-15,29.670000076293945,29.670000076293945,0.0,30.729999542236328,29.209999084472656,30.6299991607666,0.0,71674400
2019-08-16,31.18000030517578,31.18000030517578,0.0,31.479999542236328,30.209999084472656,30.309999465942383,0.0,70469800
2019-08-19,31.479999542236328,31.479999542236328,0.0,32.189998626708984,31.420000076293945,32.0,0.0,67596900
2019-08-20,30.719999313354492,30.719999313354492,0.0,31.309999465942383,30.450000762939453,30.940000534057617,0.0,47924000
2019-08-21,31.700000762939453,31.700000762939453,0.0,31.739999771118164,30.84000015258789,31.049999237060547,0.0,41441500
2019-08-22,31.899999618530273,31.899999618530273,0.0,31.920000076293945,30.979999542236328,31.760000228881836,0.0,47667900
2019-08-23,29.540000915527344,29.540000915527344,0.0,31.829999923706055,29.399999618530273,31.299999237060547,0.0,83681100
2019-08-26,30.280000686645508,30.280000686645508,0.0,30.719999313354492,29.940000534057617,30.34000015258789,0.0,50612500
2019-08-27,30.200000762939453,30.200000762939453,0.0,30.889999389648438,29.600000381469727,30.600000381469727,0.0,53229200
2019-08-28,30.780000686645508,30.780000686645508,0.0,31.18000030517578,29.700000762939453,29.920000076293945,0.0,55835900
2019-08-29,31.450000762939453,31.450000762939453,0.0,31.829999923706055,31.329999923706055,31.469999313354492,0.0,44422800
2019-08-30,31.450000762939453,31.450000762939453,0.0,31.8700008392334,31.1299991607666,31.600000381469727,0.0,40307000
2019-09-03,30.899999618530273,30.899999618530273,0.0,31.139999389648438,30.68000030517578,30.829999923706055,0.0,38029300
2019-09-04,30.950000762939453,30.950000762939453,0.0,31.829999923706055,30.850000381469727,31.31999969482422,0.0,46614600
2019-09-05,31.5,31.5,0.0,32.04999923706055,31.1200008392334,31.790000915527344,0.0,57861200
2019-09-06,30.559999465942383,30.559999465942383,0.0,31.510000228881836,30.479999542236328,31.5,0.0,51673000
2019-09-09,30.5,30.5,0.0,31.18000030517578,30.239999771118164,30.93000030517578,0.0,54413200
2019-09-10,30.229999542236328,30.229999542236328,0.0,30.3799991607666,29.770000457763672,30.219999313354492,0.0,48604800
2019-09-11,29.760000228881836,29.760000228881836,0.0,30.43000030517578,29.510000228881836,30.3799991607666,0.0,50631700
2019-09-12,30.209999084472656,30.209999084472656,0.0,30.84000015258789,29.950000762939453,30.079999923706055,0.0,53618300
2019-09-13,30.690000534057617,30.690000534057617,0.0,30.850000381469727,29.950000762939453,30.270000457763672,0.0,47758800
2019-09-16,30.829999923706055,30.829999923706055,0.0,31.149999618530273,30.260000228881836,30.3700008392334,0.0,52248500
2019-09-17,30.989999771118164,30.989999771118164,0.0,31.31999969482422,30.739999771118164,31.06999969482422,0.0,35011700
2019-09-18,30.420000076293945,30.420000076293945,0.0,30.889999389648438,29.8799991607666,30.75,0.0,47027500
2019-09-19,30.290000915527344,30.290000915527344,0.0,30.959999084472656,30.139999389648438,30.56999969482422,0.0,41603000
2019-09-20,30.049999237060547,30.049999237060547,0.0,30.469999313354492,29.649999618530273,30.360000610351562,0.0,79957400
2019-09-23,30.639999389648438,30.639999389648438,0.0,30.799999237060547,30.06999969482422,30.1200008392334,0.0,44366800
2019-09-24,29.520000457763672,29.520000457763672,0.0,30.75,29.290000915527344,30.540000915527344,0.0,72963000
2019-09-25,29.540000915527344,29.540000915527344,0.0,29.649999618530273,28.549999237060547,29.479999542236328,0.0,58234800
2019-09-26,29.469999313354492,29.469999313354492,0.0,29.770000457763672,29.0,29.670000076293945,0.0,40745400
2019-09-27,28.719999313354492,28.719999313354492,0.0,29.770000457763672,28.350000381469727,29.170000076293945,0.0,54091100
2019-09-30,28.989999771118164,28.989999771118164,0.0,29.049999237060547,28.360000610351562,28.889999389648438,0.0,37295600
2019-10-01,28.760000228881836,28.760000228881836,0.0,29.540000915527344,28.639999389648438,29.049999237060547,0.0,37081800
2019-10-02,28.309999465942383,28.309999465942383,0.0,28.850000381469727,28.030000686645508,28.5,0.0,43640700
2019-10-03,28.68000030517578,28.68000030517578,0.0,28.780000686645508,27.43000030517578,28.280000686645508,0.0,56325200
2019-10-04,29.010000228881836,29.010000228881836,0.0,29.059999465942383,28.280000686645508,28.829999923706055,0.0,34446700
2019-10-07,28.93000030517578,28.93000030517578,0.0,29.6299991607666,28.84000015258789,28.899999618530273,0.0,39337200
2019-10-08,28.229999542236328,28.229999542236328,0.0,28.639999389648438,27.920000076293945,28.549999237060547,0.0,44265700
2019-10-09,28.459999084472656,28.459999084472656,0.0,28.950000762939453,28.350000381469727,28.799999237060547,0.0,35661500
2019-10-10,28.3799991607666,28.3799991607666,0.0,28.889999389648438,28.0,28.520000457763672,0.0,40660100
2019-10-11,29.75,29.75,0.0,30.200000762939453,28.809999465942383,28.829999923706055,0.0,66256900
2019-10-14,30.530000686645508,30.530000686645508,0.0,30.610000610351562,29.3799991607666,29.709999084472656,0.0,44473700
2019-10-15,30.719999313354492,30.719999313354492,0.0,30.920000076293945,30.170000076293945,30.700000762939453,0.0,41600700
2019-10-16,30.809999465942383,30.809999465942383,0.0,31.40999984741211,30.530000686645508,30.600000381469727,0.0,42804400
2019-10-17,31.139999389648438,31.139999389648438,0.0,31.399999618530273,30.860000610351562,31.299999237060547,0.0,36884400
2019-10-18,30.969999313354492,30.969999313354492,0.0,31.329999923706055,30.290000915527344,31.059999465942383,0.0,39681700
2019-10-21,32.029998779296875,32.029998779296875,0.0,32.2599983215332,31.40999984741211,31.5,0.0,52182800
2019-10-22,31.510000228881836,31.510000228881836,0.0,32.150001525878906,31.5,32.060001373291016,0.0,36185200
2019-10-23,31.360000610351562,31.360000610351562,0.0,31.649999618530273,30.829999923706055,31.09000015258789,0.0,26582200
2019-10-24,31.719999313354492,31.719999313354492,0.0,31.860000610351562,31.34000015258789,31.579999923706055,0.0,27808000
2019-10-25,32.709999084472656,32.709999084472656,0.0,32.86000061035156,31.829999923706055,31.899999618530273,0.0,45368800
2019-10-28,33.689998626708984,33.689998626708984,0.0,33.90999984741211,33.150001525878906,33.15999984741211,0.0,51223600
2019-10-29,33.029998779296875,33.029998779296875,0.0,33.900001525878906,32.70000076293945,33.72999954223633,0.0,78700100
2019-10-30,33.130001068115234,33.130001068115234,0.0,33.34000015258789,32.029998779296875,32.93000030517578,0.0,78228800
2019-10-31,33.93000030517578,33.93000030517578,0.0,34.34000015258789,32.81999969482422,32.97999954223633,0.0,67881600
2019-11-01,34.88999938964844,34.88999938964844,0.0,35.0,34.099998474121094,34.369998931884766,0.0,64238600
2019-11-04,36.290000915527344,36.290000915527344,0.0,36.45000076293945,34.7599983215332,35.189998626708984,0.0,83343800
2019-11-05,36.150001525878906,36.150001525878906,0.0,37.18000030517578,35.97999954223633,36.560001373291016,0.0,84848600
2019-11-06,35.93000030517578,35.93000030517578,0.0,36.47999954223633,35.52000045776367,36.060001373291016,0.0,51675100
2019-11-07,36.279998779296875,36.279998779296875,0.0,36.9900016784668,36.029998779296875,36.52000045776367,0.0,54350200
2019-11-08,36.290000915527344,36.290000915527344,0.0,36.58000183105469,36.0,36.060001373291016,0.0,39353900
2019-11-11,36.310001373291016,36.310001373291016,0.0,36.65999984741211,35.58000183105469,35.959999084472656,0.0,43511100
2019-11-12,36.709999084472656,36.709999084472656,0.0,37.130001068115234,36.400001525878906,36.43000030517578,0.0,58664500
2019-11-13,37.52000045776367,37.52000045776367,0.0,37.959999084472656,36.58000183105469,36.650001525878906,0.0,67648300
2019-11-14,38.349998474121094,38.349998474121094,0.0,38.5,37.36000061035156,37.5099983215332,0.0,65829500
2019-11-15,38.560001373291016,38.560001373291016,0.0,39.369998931884766,38.34000015258789,38.939998626708984,0.0,62958500
2019-11-18,39.880001068115234,39.880001068115234,0.0,39.9900016784668,38.599998474121094,38.650001525878906,0.0,66102800
2019-11-19,41.290000915527344,41.290000915527344,0.0,41.790000915527344,39.689998626708984,40.13999938964844,0.0,94373000
2019-11-20,40.97999954223633,40.97999954223633,0.0,41.75,40.06999969482422,40.959999084472656,0.0,79767900
2019-11-21,39.52000045776367,39.52000045776367,0.0,40.709999084472656,38.63999938964844,40.41999816894531,0.0,88069400
2019-11-22,39.150001525878906,39.150001525878906,0.0,39.88999938964844,38.189998626708984,39.36000061035156,0.0,56931900
2019-11-25,39.790000915527344,39.790000915527344,0.0,40.16999816894531,39.4900016784668,39.5,0.0,45769500
2019-11-26,38.9900016784668,38.9900016784668,0.0,39.47999954223633,38.810001373291016,39.29999923706055,0.0,43603300
2019-11-27,39.40999984741211,39.40999984741211,0.0,39.7599983215332,39.06999969482422,39.459999084472656,0.0,33630100
2019-11-29,39.150001525878906,39.150001525878906,0.0,39.52000045776367,39.02000045776367,39.099998474121094,0.0,17609900
2019-12-02,38.72999954223633,38.72999954223633,0.0,39.40999984741211,38.439998626708984,39.31999969482422,0.0,35710200
2019-12-03,38.900001525878906,38.900001525878906,0.0,38.93000030517578,37.150001525878906,37.34000015258789,0.0,51556400
2019-12-04,39.689998626708984,39.689998626708984,0.0,39.81999969482422,39.130001068115234,39.380001068115234,0.0,44299400
2019-12-05,39.619998931884766,39.619998931884766,0.0,40.220001220703125,39.54999923706055,39.95000076293945,0.0,35574000
2019-12-06,39.630001068115234,39.630001068115234,0.0,40.189998626708984,39.560001373291016,40.099998474121094,0.0,31101400
2019-12-09,38.93000030517578,38.93000030517578,0.0,39.84000015258789,38.90999984741211,39.459999084472656,0.0,27928100
2019-12-10,39.439998626708984,39.439998626708984,0.0,39.72999954223633,38.81999969482422,39.20000076293945,0.0,33733600
2019-12-11,39.470001220703125,39.470001220703125,0.0,39.61000061035156,39.040000915527344,39.439998626708984,0.0,31698300
2019-12-12,42.59000015258789,42.59000015258789,0.0,42.619998931884766,39.25,39.400001525878906,0.0,86878000
2019-12-13,41.150001525878906,41.150001525878906,0.0,42.95000076293945,41.060001373291016,42.349998474121094,0.0,79927800
2019-12-16,42.349998474121094,42.349998474121094,0.0,42.97999954223633,41.72999954223633,41.72999954223633,0.0,58824900
2019-12-17,42.77000045776367,42.77000045776367,0.0,43.11000061035156,42.150001525878906,42.5099983215332,0.0,44852000
2019-12-18,42.29999923706055,42.29999923706055,0.0,43.060001373291016,42.2400016784668,42.790000915527344,0.0,39083300
2019-12-19,42.83000183105469,42.83000183105469,0.0,43.34000015258789,42.599998474121094,42.630001068115234,0.0,45883000
2019-12-20,44.150001525878906,44.150001525878906,0.0,44.2599983215332,43.2599983215332,43.439998626708984,0.0,68104700
2019-12-23,45.459999084472656,45.459999084472656,0.0,45.630001068115234,44.38999938964844,44.58000183105469,0.0,55886500
2019-12-24,46.540000915527344,46.540000915527344,0.0,46.61000061035156,45.77000045776367,46.099998474121094,0.0,44432200
2019-12-26,46.630001068115234,46.630001068115234,0.0,47.310001373291016,45.65999984741211,46.9900016784668,0.0,57562800
2019-12-27,46.18000030517578,46.18000030517578,0.0,46.880001068115234,45.97999954223633,46.849998474121094,0.0,36581300
2019-12-30,45.52000045776367,45.52000045776367,0.0,46.16999816894531,44.65999984741211,46.13999938964844,0.0,41149700
2019-12-31,45.86000061035156,45.86000061035156,0.0,46.09000015258789,44.91999816894531,45.06999969482422,0.0,31673200
2020-01-02,49.099998474121094,49.099998474121094,0.0,49.25,46.630001068115234,46.86000061035156,0.0,80331100
2020-01-03,48.599998474121094,48.599998474121094,0.0,49.38999938964844,47.540000915527344,48.029998779296875,0.0,73127400
2020-01-06,48.38999938964844,48.38999938964844,0.0,48.86000061035156,47.86000061035156,48.02000045776367,0.0,47934900
2020-01-07,48.25,48.25,0.0,49.38999938964844,48.040000915527344,49.349998474121094,0.0,58061400
2020-01-08,47.83000183105469,47.83000183105469,0.0,48.29999923706055,47.13999938964844,47.849998474121094,0.0,53767000
2020-01-09,48.970001220703125,48.970001220703125,0.0,49.959999084472656,48.38999938964844,48.939998626708984,0.0,76512800
2020-01-10,48.16999816894531,48.16999816894531,0.0,49.290000915527344,48.0,49.2599983215332,0.0,44133700
2020-01-13,48.75,48.75,0.0,48.86000061035156,48.2400016784668,48.65999984741211,0.0,34266800
2020-01-14,48.209999084472656,48.209999084472656,0.0,49.040000915527344,47.90999984741211,48.63999938964844,0.0,38563200
2020-01-15,48.54999923706055,48.54999923706055,0.0,49.08000183105469,48.119998931884766,48.22999954223633,0.0,40199900
2020-01-16,49.77000045776367,49.77000045776367,0.0,50.310001373291016,48.9900016784668,49.16999816894531,0.0,58898900
2020-01-17,50.93000030517578,50.93000030517578,0.0,51.04999923706055,49.900001525878906,50.20000076293945,0.0,57722500
2020-01-21,51.04999923706055,51.04999923706055,0.0,51.810001373291016,50.70000076293945,50.959999084472656,0.0,49095000
2020-01-22,51.43000030517578,51.43000030517578,0.0,51.880001068115234,51.20000076293945,51.630001068115234,0.0,40772200
2020-01-23,51.709999084472656,51.709999084472656,0.0,51.75,50.7400016784668,51.34000015258789,0.0,40135400
2020-01-24,50.349998474121094,50.349998474121094,0.0,52.810001373291016,49.470001220703125,52.279998779296875,0.0,80004900
2020-01-27,49.2599983215332,49.2599983215332,0.0,49.790000915527344,47.900001525878906,48.45000076293945,0.0,48878600
2020-01-28,50.529998779296875,50.529998779296875,0.0,50.849998474121094,49.47999954223633,50.029998779296875,0.0,62343800
2020-01-29,47.5099983215332,47.5099983215332,0.0,48.06999969482422,46.099998474121094,47.84000015258789,0.0,112349900
2020-01-30,48.779998779296875,48.779998779296875,0.0,48.810001373291016,46.130001068115234,46.4900016784668,0.0,70460200
2020-01-31,47.0,47.0,0.0,48.58000183105469,46.790000915527344,48.400001525878906,0.0,60322400
2020-02-03,48.02000045776367,48.02000045776367,0.0,48.099998474121094,46.22999954223633,46.400001525878906,0.0,46983500
2020-02-04,49.45000076293945,49.45000076293945,0.0,49.75,48.61000061035156,49.209999084472656,0.0,46302100
2020-02-05,49.84000015258789,49.84000015258789,0.0,50.41999816894531,49.310001373291016,50.290000915527344,0.0,42737100
2020-02-06,49.31999969482422,49.31999969482422,0.0,49.38999938964844,47.630001068115234,48.79999923706055,0.0,48670600
2020-02-07,49.72999954223633,49.72999954223633,0.0,50.66999816894531,48.63999938964844,48.90999984741211,0.0,53107600
2020-02-10,52.2599983215332,52.2599983215332,0.0,52.29999923706055,49.349998474121094,49.470001220703125,0.0,60971700
2020-02-11,53.79999923706055,53.79999923706055,0.0,54.47999954223633,52.90999984741211,53.220001220703125,0.0,74719100
2020-02-12,53.88999938964844,53.88999938964844,0.0,54.849998474121094,53.529998779296875,54.529998779296875,0.0,45994900
2020-02-13,54.529998779296875,54.529998779296875,0.0,55.029998779296875,53.34000015258789,53.43000030517578,0.0,51640000
2020-02-14,55.310001373291016,55.310001373291016,0.0,55.400001525878906,54.560001373291016,55.189998626708984,0.0,52365400
2020-02-18,56.88999938964844,56.88999938964844,0.0,58.130001068115234,54.84000015258789,54.939998626708984,0.0,70133200
2020-02-19,58.900001525878906,58.900001525878906,0.0,59.27000045776367,57.5099983215332,57.9900016784668,0.0,58597300
2020-02-20,57.27000045776367,57.27000045776367,0.0,59.02000045776367,56.150001525878906,58.439998626708984,0.0,74203400
2020-02-21,53.279998779296875,53.279998779296875,0.0,56.79999923706055,52.88999938964844,56.709999084472656,0.0,88271100
2020-02-24,49.119998931884766,49.119998931884766,0.0,50.279998779296875,47.4900016784668,48.18000030517578,0.0,86624100
2020-02-25,47.56999969482422,47.56999969482422,0.0,51.2400016784668,47.119998931884766,51.13999938964844,0.0,88699400
2020-02-26,47.4900016784668,47.4900016784668,0.0,49.290000915527344,47.06999969482422,47.70000076293945,0.0,86378400
2020-02-27,44.0099983215332,44.0099983215332,0.0,46.2400016784668,42.209999084472656,45.380001068115234,0.0,106416200
2020-02-28,45.47999954223633,45.47999954223633,0.0,46.150001525878906,41.040000915527344,41.36000061035156,0.0,100331800
2020-03-02,47.459999084472656,47.459999084472656,0.0,47.68000030517578,44.65999984741211,47.41999816894531,0.0,102324700
2020-03-03,46.75,46.75,0.0,50.20000076293945,45.66999816894531,49.029998779296875,0.0,141972300
2020-03-04,50.11000061035156,50.11000061035156,0.0,50.13999938964844,47.209999084472656,48.25,0.0,93311800
2020-03-05,48.11000061035156,48.11000061035156,0.0,49.720001220703125,47.5099983215332,48.68000030517578,0.0,98302700
2020-03-06,48.59000015258789,48.59000015258789,0.0,49.540000915527344,46.7400016784668,49.439998626708984,0.0,124590900
2020-03-09,43.27000045776367,43.27000045776367,0.0,46.34000015258789,42.5099983215332,43.029998779296875,0.0,80859800
2020-03-10,45.380001068115234,45.380001068115234,0.0,45.439998626708984,43.099998474121094,45.40999984741211,0.0,76228200
2020-03-11,45.70000076293945,45.70000076293945,0.0,45.970001220703125,43.79999923706055,44.189998626708984,0.0,101601100
2020-03-12,39.0099983215332,39.0099983215332,0.0,42.5,39.0,42.0,0.0,107461500
2020-03-13,43.900001525878906,43.900001525878906,0.0,43.90999984741211,39.599998474121094,42.20000076293945,0.0,86689700
2020-03-16,38.709999084472656,38.709999084472656,0.0,43.369998931884766,38.5099983215332,39.08000183105469,0.0,84545900
2020-03-17,41.880001068115234,41.880001068115234,0.0,42.880001068115234,38.29999923706055,40.189998626708984,0.0,92741900
2020-03-18,39.119998931884766,39.119998931884766,0.0,41.95000076293945,36.75,39.540000915527344,0.0,106949300
2020-03-19,39.81999969482422,39.81999969482422,0.0,41.70000076293945,37.689998626708984,39.560001373291016,0.0,88939000
2020-03-20,39.61000061035156,39.61000061035156,0.0,42.47999954223633,39.58000183105469,41.5099983215332,0.0,106859500
2020-03-23,41.63999938964844,41.63999938964844,0.0,42.31999969482422,38.95000076293945,40.619998931884766,0.0,101704700
2020-03-24,46.220001220703125,46.220001220703125,0.0,46.810001373291016,43.9900016784668,44.040000915527344,0.0,106794200
2020-03-25,44.630001068115234,44.630001068115234,0.0,47.880001068115234,44.43000030517578,46.790000915527344,0.0,93760400
2020-03-26,47.5,47.5,0.0,47.5,45.400001525878906,45.779998779296875,0.0,73680200
2020-03-27,46.58000183105469,46.58000183105469,0.0,47.97999954223633,45.900001525878906,46.31999969482422,0.0,74599200
2020-03-30,47.86000061035156,47.86000061035156,0.0,48.459999084472656,46.65999984741211,47.2400016784668,0.0,68486600
2020-03-31,45.47999954223633,45.47999954223633,0.0,48.529998779296875,45.15999984741211,47.93000030517578,0.0,83483700
2020-04-01,43.65999984741211,43.65999984741211,0.0,46.849998474121094,43.15999984741211,44.18000030517578,0.0,92083100
2020-04-02,44.4900016784668,44.4900016784668,0.0,45.279998779296875,43.099998474121094,43.400001525878906,0.0,79024100
2020-04-03,42.59000015258789,42.59000015258789,0.0,44.84000015258789,41.70000076293945,44.29999923706055,0.0,79335000
2020-04-06,47.52000045776367,47.52000045776367,0.0,47.58000183105469,44.060001373291016,44.29999923706055,0.0,82294000
2020-04-07,47.560001373291016,47.560001373291016,0.0,49.650001525878906,46.68000030517578,48.959999084472656,0.0,102098700
2020-04-08,48.790000915527344,48.790000915527344,0.0,49.0,47.61000061035156,48.06999969482422,0.0,64930800
2020-04-09,48.380001068115234,48.380001068115234,0.0,50.25,47.720001220703125,49.650001525878906,0.0,80270100
2020-04-13,50.939998626708984,50.939998626708984,0.0,51.06999969482422,48.22999954223633,48.470001220703125,0.0,64290100
2020-04-14,54.93000030517578,54.93000030517578,0.0,55.13999938964844,52.11000061035156,52.2400016784668,0.0,85306800
2020-04-15,54.9900016784668,54.9900016784668,0.0,55.56999969482422,53.40999984741211,53.72999954223633,0.0,83814000
2020-04-16,56.95000076293945,56.95000076293945,0.0,58.08000183105469,55.630001068115234,55.959999084472656,0.0,103106500
2020-04-17,56.599998474121094,56.599998474121094,0.0,57.7599983215332,55.54999923706055,57.349998474121094,0.0,76908800
2020-04-20,56.970001220703125,56.970001220703125,0.0,58.630001068115234,55.849998474121094,55.97999954223633,0.0,72367300
2020-04-21,52.91999816894531,52.91999816894531,0.0,57.72999954223633,51.40999984741211,56.900001525878906,0.0,123906400
2020-04-22,55.91999816894531,55.91999816894531,0.0,56.150001525878906,54.34000015258789,54.90999984741211,0.0,63041600
2020-04-23,55.900001525878906,55.900001525878906,0.0,57.290000915527344,55.63999938964844,56.650001525878906,0.0,69662700
2020-04-24,56.18000030517578,56.18000030517578,0.0,56.779998779296875,54.41999816894531,55.099998474121094,0.0,72761000
2020-04-27,56.4900016784668,56.4900016784668,0.0,58.0,56.25,57.439998626708984,0.0,62568100
2020-04-28,55.5099983215332,55.5099983215332,0.0,57.349998474121094,55.29999923706055,57.15999984741211,0.0,80501800
2020-04-29,53.65999984741211,53.65999984741211,0.0,54.86000061035156,52.7400016784668,54.529998779296875,0.0,110800900
2020-04-30,52.38999938964844,52.38999938964844,0.0,54.290000915527344,52.029998779296875,53.43000030517578,0.0,65543900
2020-05-01,49.880001068115234,49.880001068115234,0.0,51.95000076293945,49.09000015258789,51.06999969482422,0.0,69562700
2020-05-04,52.560001373291016,52.560001373291016,0.0,52.61000061035156,49.72999954223633,49.81999969482422,0.0,62590600
2020-05-05,52.189998626708984,52.189998626708984,0.0,53.5099983215332,51.290000915527344,53.43000030517578,0.0,56560500
2020-05-06,52.15999984741211,52.15999984741211,0.0,53.310001373291016,51.880001068115234,52.41999816894531,0.0,48138100
2020-05-07,51.95000076293945,51.95000076293945,0.0,52.970001220703125,51.619998931884766,52.93000030517578,0.0,48956600
2020-05-08,53.189998626708984,53.189998626708984,0.0,53.27000045776367,51.810001373291016,52.150001525878906,0.0,40686100
2020-05-11,55.7400016784668,55.7400016784668,0.0,55.88999938964844,52.75,52.900001525878906,0.0,68746400
2020-05-12,53.7599983215332,53.7599983215332,0.0,56.58000183105469,53.75,56.209999084472656,0.0,55631100
2020-05-13,52.18000030517578,52.18000030517578,0.0,55.220001220703125,51.29999923706055,54.040000915527344,0.0,76824700
2020-05-14,54.5099983215332,54.5099983215332,0.0,54.540000915527344,51.61000061035156,52.099998474121094,0.0,73814000
2020-05-15,54.20000076293945,54.20000076293945,0.0,54.439998626708984,52.86000061035156,53.31999969482422,0.0,66950900
2020-05-18,54.59000015258789,54.59000015258789,0.0,55.25,54.2400016784668,54.97999954223633,0.0,48569200
2020-05-19,55.470001220703125,55.470001220703125,0.0,56.72999954223633,54.36000061035156,54.38999938964844,0.0,60388500
2020-05-20,56.38999938964844,56.38999938964844,0.0,56.97999954223633,55.630001068115234,56.54999923706055,0.0,50888200
2020-05-21,54.650001525878906,54.650001525878906,0.0,56.720001220703125,54.61000061035156,56.68000030517578,0.0,48496100
2020-05-22,55.16999816894531,55.16999816894531,0.0,55.369998931884766,53.779998779296875,54.77000045776367,0.0,43524100
2020-05-26,53.189998626708984,53.189998626708984,0.0,56.08000183105469,53.02000045776367,56.0099983215332,0.0,51618900
2020-05-27,52.7400016784668,52.7400016784668,0.0,53.279998779296875,49.09000015258789,53.27000045776367,0.0,102414500
2020-05-28,51.7400016784668,51.7400016784668,0.0,53.540000915527344,51.25,52.25,0.0,53670200
2020-05-29,53.79999923706055,53.79999923706055,0.0,53.79999923706055,51.849998474121094,52.06999969482422,0.0,64666700
2020-06-01,53.630001068115234,53.630001068115234,0.0,54.11000061035156,52.88999938964844,53.310001373291016,0.0,36864400
2020-06-02,53.540000915527344,53.540000915527344,0.0,53.56999969482422,52.0099983215332,53.45000076293945,0.0,42855200
2020-06-03,52.72999954223633,52.72999954223633,0.0,53.650001525878906,52.33000183105469,53.599998474121094,0.0,46765300
2020-06-04,52.630001068115234,52.630001068115234,0.0,53.7400016784668,52.20000076293945,52.59000015258789,0.0,44869100
2020-06-05,53.099998474121094,53.099998474121094,0.0,53.56999969482422,52.08000183105469,52.9900016784668,0.0,53908300
2020-06-08,52.970001220703125,52.970001220703125,0.0,53.349998474121094,52.2599983215332,53.29999923706055,0.0,39681700
2020-06-09,56.38999938964844,56.38999938964844,0.0,56.459999084472656,52.720001220703125,52.95000076293945,0.0,79919100
2020-06-10,57.439998626708984,57.439998626708984,0.0,59.0,57.029998779296875,57.20000076293945,0.0,78719400
2020-06-11,52.83000183105469,52.83000183105469,0.0,56.68000030517578,52.79999923706055,55.939998626708984,0.0,78715400
2020-06-12,53.5,53.5,0.0,55.599998474121094,52.11000061035156,55.0099983215332,0.0,71189100
2020-06-15,54.68000030517578,54.68000030517578,0.0,54.72999954223633,52.40999984741211,52.58000183105469,0.0,56740700
2020-06-16,54.459999084472656,54.459999084472656,0.0,56.06999969482422,53.59000015258789,55.720001220703125,0.0,50949700
2020-06-17,54.54999923706055,54.54999923706055,0.0,55.81999969482422,54.29999923706055,54.790000915527344,0.0,45146500
2020-06-18,54.040000915527344,54.040000915527344,0.0,55.119998931884766,53.650001525878906,54.619998931884766,0.0,40354700
2020-06-19,54.22999954223633,54.22999954223633,0.0,55.459999084472656,53.81999969482422,54.40999984741211,0.0,52801500
2020-06-22,54.7599983215332,54.7599983215332,0.0,55.16999816894531,53.7400016784668,54.66999816894531,0.0,44704800
2020-06-23,53.9900016784668,53.9900016784668,0.0,55.369998931884766,53.869998931884766,55.04999923706055,0.0,48089000
2020-06-24,52.38999938964844,52.38999938964844,0.0,54.7400016784668,51.91999816894531,53.939998626708984,0.0,53535500
2020-06-25,51.93000030517578,51.93000030517578,0.0,52.70000076293945,50.540000915527344,52.560001373291016,0.0,51129600
2020-06-26,50.099998474121094,50.099998474121094,0.0,51.95000076293945,49.45000076293945,51.849998474121094,0.0,65485700
2020-06-29,50.279998779296875,50.279998779296875,0.0,50.279998779296875,48.41999816894531,50.150001525878906,0.0,49905800
2020-06-30,52.61000061035156,52.61000061035156,0.0,52.77000045776367,50.81999969482422,51.15999984741211,0.0,42275700
2020-07-01,52.58000183105469,52.58000183105469,0.0,52.869998931884766,51.599998474121094,52.630001068115234,0.0,32370900
2020-07-02,52.34000015258789,52.34000015258789,0.0,53.189998626708984,52.04999923706055,53.029998779296875,0.0,29081400
2020-07-06,53.400001525878906,53.400001525878906,0.0,53.52000045776367,52.33000183105469,52.900001525878906,0.0,36769400
2020-07-07,52.93000030517578,52.93000030517578,0.0,54.16999816894531,52.86000061035156,53.279998779296875,0.0,32153100
2020-07-08,53.43000030517578,53.43000030517578,0.0,53.470001220703125,52.06999969482422,53.0099983215332,0.0,35608300
2020-07-09,57.2599983215332,57.2599983215332,0.0,57.58000183105469,53.310001373291016,53.52000045776367,0.0,87216300
2020-07-10,55.880001068115234,55.880001068115234,0.0,58.150001525878906,55.5099983215332,57.540000915527344,0.0,59839700
2020-07-13,53.59000015258789,53.59000015258789,0.0,58.349998474121094,53.380001068115234,56.68000030517578,0.0,57741800
2020-07-14,54.720001220703125,54.720001220703125,0.0,54.86000061035156,52.2599983215332,53.29999923706055,0.0,54890100
2020-07-15,55.34000015258789,55.34000015258789,0.0,55.369998931884766,53.59000015258789,54.959999084472656,0.0,42360300
2020-07-16,54.91999816894531,54.91999816894531,0.0,55.150001525878906,53.7400016784668,54.68000030517578,0.0,36887100
2020-07-17,55.040000915527344,55.040000915527344,0.0,55.810001373291016,54.68000030517578,55.310001373291016,0.0,34710400
2020-07-20,57.459999084472656,57.459999084472656,0.0,57.529998779296875,54.83000183105469,55.22999954223633,0.0,45034300
2020-07-21,57.0,57.0,0.0,58.5,56.31999969482422,57.810001373291016,0.0,44741000
2020-07-22,61.790000915527344,61.790000915527344,0.0,62.0,56.970001220703125,57.06999969482422,0.0,135159400
2020-07-23,59.56999969482422,59.56999969482422,0.0,62.33000183105469,58.630001068115234,61.630001068115234,0.0,106829100
2020-07-24,69.4000015258789,69.4000015258789,0.0,69.94000244140625,64.05000305175781,64.18000030517578,0.0,205314500
2020-07-27,68.97000122070312,68.97000122070312,0.0,71.62999725341797,67.79000091552734,69.27999877929688,0.0,107918100
2020-07-28,67.61000061035156,67.61000061035156,0.0,69.80000305175781,67.0199966430664,68.0999984741211,0.0,94181400
2020-07-29,76.08999633789062,76.08999633789062,0.0,77.19000244140625,73.9000015258789,75.5,0.0,132969700
2020-07-30,78.19999694824219,78.19999694824219,0.0,78.95999908447266,75.06999969482422,75.37000274658203,0.0,80286900
2020-07-31,77.43000030517578,77.43000030517578,0.0,78.95999908447266,75.36000061035156,78.66999816894531,0.0,71621600
2020-08-03,77.66999816894531,77.66999816894531,0.0,78.5,77.05999755859375,78.19000244140625,0.0,42628800
2020-08-04,85.04000091552734,85.04000091552734,0.0,85.80999755859375,77.98999786376953,78.02999877929688,0.0,155676100
2020-08-05,85.30999755859375,85.30999755859375,0.0,86.31999969482422,83.31999969482422,84.95999908447266,0.0,65642600
2020-08-06,86.70999908447266,86.70999908447266,0.0,86.9800033569336,84.77999877929688,85.48999786376953,0.0,53961700
2020-08-07,84.8499984741211,84.8499984741211,0.0,87.29000091552734,82.66999816894531,86.66999816894531,0.0,66543200
2020-08-10,82.23999786376953,82.23999786376953,0.0,85.16000366210938,79.31999969482422,85.05000305175781,0.0,70536100
2020-08-11,76.87999725341797,76.87999725341797,0.0,80.70999908447266,76.0999984741211,80.70999908447266,0.0,77877700
2020-08-12,82.61000061035156,82.61000061035156,0.0,82.87999725341797,77.55000305175781,78.43000030517578,0.0,88513700
2020-08-13,81.83999633789062,81.83999633789062,0.0,84.0199966430664,81.54000091552734,82.87999725341797,0.0,57407400
2020-08-14,81.30000305175781,81.30000305175781,0.0,83.23999786376953,80.87999725341797,81.80999755859375,0.0,42389500
2020-08-17,82.41999816894531,82.41999816894531,0.0,83.05999755859375,81.55000305175781,82.08999633789062,0.0,31450200
2020-08-18,81.66000366210938,81.66000366210938,0.0,82.87999725341797,81.02999877929688,82.80000305175781,0.0,30970500
2020-08-19,81.08999633789062,81.08999633789062,0.0,81.8499984741211,80.44999694824219,81.77999877929688,0.0,37507400
2020-08-20,82.7699966430664,82.7699966430664,0.0,82.83999633789062,79.12000274658203,79.73999786376953,0.0,42948900
2020-08-21,83.80999755859375,83.80999755859375,0.0,84.41000366210938,82.2300033569336,83.29000091552734,0.0,48280300
2020-08-24,83.08000183105469,83.08000183105469,0.0,85.33000183105469,82.55000305175781,84.55000305175781,0.0,38036100
2020-08-25,86.3499984741211,86.3499984741211,0.0,86.62000274658203,82.3499984741211,83.36000061035156,0.0,49234400
2020-08-26,86.0199966430664,86.0199966430664,0.0,87.72000122070312,85.19999694824219,86.97000122070312,0.0,47157300
2020-08-27,83.80000305175781,83.80000305175781,0.0,86.58000183105469,82.94000244140625,86.3499984741211,0.0,42194200
2020-08-28,85.55000305175781,85.55000305175781,0.0,86.04000091552734,84.19000244140625,84.30000305175781,0.0,40723300
2020-08-31,90.81999969482422,90.81999969482422,0.0,92.63999938964844,85.05000305175781,85.05000305175781,0.0,90655900
2020-09-01,92.18000030517578,92.18000030517578,0.0,92.51000213623047,90.19000244140625,91.91999816894531,0.0,55825600
2020-09-02,90.22000122070312,90.22000122070312,0.0,94.27999877929688,88.73999786376953,94.01000213623047,0.0,50366900
2020-09-03,82.54000091552734,82.54000091552734,0.0,88.47000122070312,81.58999633789062,87.83999633789062,0.0,87462700
2020-09-04,82.01000213623047,82.01000213623047,0.0,84.38999938964844,76.33000183105469,81.44999694824219,0.0,82267800
2020-09-08,78.69000244140625,78.69000244140625,0.0,81.87999725341797,78.0,78.05000305175781,0.0,54955700
2020-09-09,81.91000366210938,81.91000366210938,0.0,82.44000244140625,79.27999877929688,81.4000015258789,0.0,54163900
2020-09-10,78.9800033569336,78.9800033569336,0.0,83.30999755859375,78.37999725341797,83.06999969482422,0.0,51499400
2020-09-11,76.33999633789062,76.33999633789062,0.0,79.98999786376953,75.04000091552734,79.81999969482422,0.0,54763000
2020-09-14,77.9000015258789,77.9000015258789,0.0,78.81999969482422,76.26000213623047,76.80000305175781,0.0,47448700
2020-09-15,78.93000030517578,78.93000030517578,0.0,80.33000183105469,75.97000122070312,77.66000366210938,0.0,57874400
2020-09-16,76.66000366210938,76.66000366210938,0.0,79.72000122070312,76.54000091552734,79.3499984741211,0.0,38393500
2020-09-17,76.55000305175781,76.55000305175781,0.0,76.62999725341797,74.19999694824219,74.87999725341797,0.0,55619100
2020-09-18,74.93000030517578,74.93000030517578,0.0,77.4000015258789,73.8499984741211,77.0,0.0,51082900
2020-09-21,77.94000244140625,77.94000244140625,0.0,77.9800033569336,73.87999725341797,74.2300033569336,0.0,61312000
2020-09-22,77.69999694824219,77.69999694824219,0.0,78.79000091552734,75.2699966430664,78.36000061035156,0.0,56044700
2020-09-23,74.7300033569336,74.7300033569336,0.0,77.91000366210938,74.33999633789062,77.38999938964844,0.0,42327500
2020-09-24,75.81999969482422,75.81999969482422,0.0,77.25,73.9000015258789,74.54000091552734,0.0,57540900
2020-09-25,78.05999755859375,78.05999755859375,0.0,78.19999694824219,74.66999816894531,76.3499984741211,0.0,48206200
2020-09-28,79.4800033569336,79.4800033569336,0.0,79.56999969482422,77.5199966430664,79.12000274658203,0.0,48005500
2020-09-29,81.7699966430664,81.7699966430664,0.0,82.55000305175781,79.30000305175781,79.30000305175781,0.0,61568900
2020-09-30,81.98999786376953,81.98999786376953,0.0,82.94000244140625,80.66000366210938,81.75,0.0,51533700
2020-10-01,84.86000061035156,84.86000061035156,0.0,85.25,82.86000061035156,83.05999755859375,0.0,52177100
2020-10-02,81.80000305175781,81.80000305175781,0.0,84.6500015258789,81.66000366210938,82.58000183105469,0.0,52855100
2020-10-05,86.1500015258789,86.1500015258789,0.0,86.27999877929688,82.55000305175781,82.55000305175781,0.0,47056500
2020-10-06,84.4800033569336,84.4800033569336,0.0,87.25,83.54000091552734,86.20999908447266,0.0,52725400
2020-10-07,86.69000244140625,86.69000244140625,0.0,87.79000091552734,85.6500015258789,86.0999984741211,0.0,43045700
2020-10-08,86.51000213623047,86.51000213623047,0.0,88.72000122070312,85.94999694824219,88.11000061035156,0.0,54240700
2020-10-09,83.0999984741211,83.0999984741211,0.0,85.75,82.3499984741211,84.73999786376953,0.0,80354400
2020-10-12,84.29000091552734,84.29000091552734,0.0,85.12999725341797,83.12000274658203,83.6500015258789,0.0,47669700
2020-10-13,85.27999877929688,85.27999877929688,0.0,86.08999633789062,83.97000122070312,84.86000061035156,0.0,42764100
2020-10-14,84.20999908447266,84.20999908447266,0.0,85.95999908447266,83.45999908447266,85.86000061035156,0.0,40403000
2020-10-15,83.12999725341797,83.12999725341797,0.0,84.72000122070312,82.41999816894531,83.4000015258789,0.0,33696400
2020-10-16,83.16999816894531,83.16999816894531,0.0,83.98999786376953,82.41000366210938,83.54000091552734,0.0,31474300
2020-10-19,82.0,82.0,0.0,84.6500015258789,81.52999877929688,83.62000274658203,0.0,36689100
2020-10-20,81.55999755859375,81.55999755859375,0.0,82.69000244140625,80.58000183105469,82.16000366210938,0.0,38219400
2020-10-21,79.19999694824219,79.19999694824219,0.0,81.93000030517578,79.19000244140625,81.72000122070312,0.0,36426400
2020-10-22,79.41999816894531,79.41999816894531,0.0,80.81999969482422,78.41999816894531,79.6500015258789,0.0,38006800
2020-10-23,81.95999908447266,81.95999908447266,0.0,81.98999786376953,79.33000183105469,80.93000030517578,0.0,46557700
2020-10-26,82.2300033569336,82.2300033569336,0.0,84.97000122070312,80.86000061035156,82.55000305175781,0.0,69423700
2020-10-27,78.87999725341797,78.87999725341797,0.0,82.37000274658203,77.56999969482422,82.0,0.0,156669500
2020-10-28,76.4000015258789,76.4000015258789,0.0,78.95999908447266,75.76000213623047,78.7300033569336,0.0,76529900
2020-10-29,78.0199966430664,78.0199966430664,0.0,79.18000030517578,76.29000091552734,76.75,0.0,52784100
2020-10-30,75.29000091552734,75.29000091552734,0.0,77.69999694824219,74.2300033569336,77.08999633789062,0.0,51349000
2020-11-02,74.69999694824219,74.69999694824219,0.0,76.33999633789062,73.76000213623047,75.8499984741211,0.0,45760700
2020-11-03,76.58000183105469,76.58000183105469,0.0,77.08000183105469,74.5999984741211,74.93000030517578,0.0,41231800
2020-11-04,81.3499984741211,81.3499984741211,0.0,81.8499984741211,78.97000122070312,80.25,0.0,66579700
2020-11-05,83.0,83.0,0.0,83.5,81.8499984741211,83.2699966430664,0.0,46542300
2020-11-06,85.87999725341797,85.87999725341797,0.0,86.08999633789062,82.66999816894531,83.5199966430664,0.0,53829900
2020-11-09,83.12000274658203,83.12000274658203,0.0,87.05000305175781,82.7699966430664,84.23999786376953,0.0,58580700
2020-11-10,77.98999786376953,77.98999786376953,0.0,82.12999725341797,77.62999725341797,81.93000030517578,0.0,67137200
2020-11-11,81.27999877929688,81.27999877929688,0.0,81.47000122070312,78.97000122070312,79.38999938964844,0.0,44611300
2020-11-12,81.83999633789062,81.83999633789062,0.0,83.0,80.30000305175781,81.31999969482422,0.0,37242600
2020-11-13,81.43000030517578,81.43000030517578,0.0,83.11000061035156,80.69999694824219,82.7300033569336,0.0,30423200
2020-11-16,83.7300033569336,83.7300033569336,0.0,83.77999877929688,80.4800033569336,81.20999908447266,0.0,38640800
2020-11-17,83.36000061035156,83.36000061035156,0.0,84.80999755859375,82.91000366210938,83.93000030517578,0.0,29473500
2020-11-18,82.54000091552734,82.54000091552734,0.0,83.95999908447266,82.22000122070312,83.01000213623047,0.0,29968000
2020-11-19,85.54000091552734,85.54000091552734,0.0,85.63999938964844,81.72000122070312,82.38999938964844,0.0,50116800
2020-11-20,84.63999938964844,84.63999938964844,0.0,86.0999984741211,84.47000122070312,85.27999877929688,0.0,35008400
2020-11-23,85.30999755859375,85.30999755859375,0.0,87.54000091552734,84.62000274658203,85.5199966430664,0.0,46505000
2020-11-24,85.06999969482422,85.06999969482422,0.0,86.11000061035156,83.31999969482422,85.72000122070312,0.0,36839200
2020-11-25,86.70999908447266,86.70999908447266,0.0,87.83999633789062,85.5199966430664,85.76000213623047,0.0,41349700
2020-11-27,87.19000244140625,87.19000244140625,0.0,88.0,86.36000061035156,87.98999786376953,0.0,22717600
2020-11-30,92.66000366210938,92.66000366210938,0.0,92.73999786376953,86.52999877929688,87.33000183105469,0.0,84483000
2020-12-01,92.62999725341797,92.62999725341797,0.0,93.9000015258789,90.77999877929688,92.25,0.0,58583600
2020-12-02,93.73999786376953,93.73999786376953,0.0,96.37000274658203,92.52999877929688,92.88999938964844,0.0,57988800
2020-12-03,92.30999755859375,92.30999755859375,0.0,94.69999694824219,92.01000213623047,94.05999755859375,0.0,35859700
2020-12-04,94.04000091552734,94.04000091552734,0.0,94.58000183105469,90.62999725341797,92.58000183105469,0.0,45570300
2020-12-07,94.06999969482422,94.06999969482422,0.0,95.0,92.97000122070312,94.94999694824219,0.0,39815700
2020-12-08,92.91999816894531,92.91999816894531,0.0,94.73999786376953,91.9000015258789,94.05000305175781,0.0,33907500
2020-12-09,89.83000183105469,89.83000183105469,0.0,94.69999694824219,89.16000366210938,92.76000213623047,0.0,52170400
2020-12-10,91.66000366210938,91.66000366210938,0.0,92.08999633789062,89.02999877929688,89.55000305175781,0.0,33804400
2020-12-11,91.6500015258789,91.6500015258789,0.0,92.33000183105469,90.16000366210938,91.54000091552734,0.0,28368100
2020-12-14,94.77999877929688,94.77999877929688,0.0,95.41000366210938,91.8499984741211,92.20999908447266,0.0,48026400
2020-12-15,97.12000274658203,97.12000274658203,0.0,97.9800033569336,95.44999694824219,95.93000030517578,0.0,57232700
2020-12-16,96.8499984741211,96.8499984741211,0.0,97.2699966430664,95.45999908447266,97.04000091552734,0.0,34909000
2020-12-17,96.83999633789062,96.83999633789062,0.0,97.91999816894531,96.25,97.55000305175781,0.0,32023700
2020-12-18,95.91999816894531,95.91999816894531,0.0,97.68000030517578,93.55999755859375,97.2699966430664,0.0,51823100
2020-12-21,93.2300033569336,93.2300033569336,0.0,95.27999877929688,91.08000183105469,94.25,0.0,47093900
2020-12-22,93.16000366210938,93.16000366210938,0.0,93.55000305175781,90.52999877929688,93.36000061035156,0.0,35673700
2020-12-23,91.55000305175781,91.55000305175781,0.0,93.12999725341797,91.45999908447266,93.08000183105469,0.0,25993300
2020-12-24,91.80999755859375,91.80999755859375,0.0,92.51000213623047,91.30999755859375,91.80000305175781,0.0,16705900
2020-12-28,91.5999984741211,91.5999984741211,0.0,93.13999938964844,90.81999969482422,92.93000030517578,0.0,30627300
2020-12-29,90.62000274658203,90.62000274658203,0.0,92.45999908447266,89.43000030517578,91.66000366210938,0.0,31748200
2020-12-30,92.29000091552734,92.29000091552734,0.0,92.8499984741211,90.19000244140625,90.77999877929688,0.0,25845000
2020-12-31,91.70999908447266,91.70999908447266,0.0,92.30000305175781,90.87000274658203,92.0999984741211,0.0,24930700
2021-01-04,92.30000305175781,92.30000305175781,0.0,96.05999755859375,90.91999816894531,92.11000061035156,0.0,51802600
2021-01-05,92.7699966430664,92.7699966430664,0.0,93.20999908447266,91.41000366210938,92.0999984741211,0.0,34208000
2021-01-06,90.33000183105469,90.33000183105469,0.0,92.27999877929688,89.45999908447266,91.62000274658203,0.0,51911700
2021-01-07,95.16000366210938,95.16000366210938,0.0,95.51000213623047,91.19999694824219,91.33000183105469,0.0,42897200
2021-01-08,94.58000183105469,94.58000183105469,0.0,96.4000015258789,93.2699966430664,95.9800033569336,0.0,39816400
2021-01-11,97.25,97.25,0.0,99.2300033569336,93.76000213623047,94.02999877929688,0.0,48600200
2021-01-12,95.36000061035156,95.36000061035156,0.0,98.97000122070312,94.06999969482422,97.86000061035156,0.0,67672300
2021-01-13,91.77999877929688,91.77999877929688,0.0,93.88999938964844,90.83999633789062,93.01000213623047,0.0,60712900
2021-01-14,90.79000091552734,90.79000091552734,0.0,92.36000061035156,90.44999694824219,91.7699966430664,0.0,53408200
2021-01-15,88.20999908447266,88.20999908447266,0.0,91.58999633789062,87.86000061035156,90.75,0.0,49340300
2021-01-19,89.44999694824219,89.44999694824219,0.0,89.58000183105469,87.23999786376953,89.55999755859375,0.0,45115100
2021-01-20,88.75,88.75,0.0,90.77999877929688,88.5999984741211,90.55000305175781,0.0,35185800
2021-01-21,91.52999877929688,91.52999877929688,0.0,92.06999969482422,88.43000030517578,89.33999633789062,0.0,54221900
2021-01-22,92.79000091552734,92.79000091552734,0.0,95.94999694824219,91.87999725341797,94.41999816894531,0.0,71294700
2021-01-25,94.12999725341797,94.12999725341797,0.0,95.73999786376953,91.4000015258789,94.13999938964844,0.0,55086900
2021-01-26,94.70999908447266,94.70999908447266,0.0,95.72000122070312,93.62999725341797,94.91000366210938,0.0,59449100
2021-01-27,88.83999633789062,88.83999633789062,0.0,91.87999725341797,86.22000122070312,91.0999984741211,0.0,73341200
2021-01-28,87.5199966430664,87.5199966430664,0.0,89.87999725341797,87.30000305175781,89.83000183105469,0.0,47048400
2021-01-29,85.63999938964844,85.63999938964844,0.0,88.33000183105469,85.0199966430664,87.55999755859375,0.0,56735800
2021-02-01,87.66000366210938,87.66000366210938,0.0,87.94999694824219,84.66000366210938,86.83000183105469,0.0,42359300
2021-02-02,88.86000061035156,88.86000061035156,0.0,89.27999877929688,86.94999694824219,88.48999786376953,0.0,33850000
2021-02-03,87.88999938964844,87.88999938964844,0.0,89.4800033569336,87.33999633789062,88.5999984741211,0.0,32312900
2021-02-04,87.83999633789062,87.83999633789062,0.0,88.5999984741211,87.05999755859375,88.22000122070312,0.0,30791600
2021-02-05,87.9000015258789,87.9000015258789,0.0,88.36000061035156,86.87999725341797,88.1500015258789,0.0,30268700
2021-02-08,91.47000122070312,91.47000122070312,0.0,91.98999786376953,87.9800033569336,88.30999755859375,0.0,47639900
2021-02-09,90.91000366210938,90.91000366210938,0.0,93.30000305175781,90.55000305175781,91.38999938964844,0.0,37596400
2021-02-10,92.3499984741211,92.3499984741211,0.0,93.2699966430664,90.45999908447266,91.5,0.0,42441300
2021-02-11,92.66000366210938,92.66000366210938,0.0,93.6500015258789,91.33000183105469,92.9000015258789,0.0,35571000
2021-02-12,93.7699966430664,93.7699966430664,0.0,94.22000122070312,91.9000015258789,92.75,0.0,38538400
2021-02-16,91.45999908447266,91.45999908447266,0.0,94.0,90.75,93.9000015258789,0.0,35105900
2021-02-17,89.94000244140625,89.94000244140625,0.0,90.95999908447266,88.56999969482422,90.55999755859375,0.0,32245500
2021-02-18,88.63999938964844,88.63999938964844,0.0,89.5999984741211,87.30999755859375,89.08999633789062,0.0,35624900
2021-02-19,89.58000183105469,89.58000183105469,0.0,90.41999816894531,88.69000244140625,89.75,0.0,29548300
2021-02-22,85.37000274658203,85.37000274658203,0.0,88.30000305175781,85.20999908447266,88.1500015258789,0.0,36930200
2021-02-23,84.73999786376953,84.73999786376953,0.0,85.11000061035156,79.36000061035156,83.4000015258789,0.0,49720900
2021-02-24,86.94000244140625,86.94000244140625,0.0,87.08999633789062,82.80999755859375,84.33000183105469,0.0,40821200
2021-02-25,82.41999816894531,82.41999816894531,0.0,87.08999633789062,81.91999816894531,86.16999816894531,0.0,54625100
2021-02-26,84.51000213623047,84.51000213623047,0.0,85.58999633789062,82.91000366210938,83.56999969482422,0.0,48962900
2021-03-01,86.38999938964844,86.38999938964844,0.0,86.5,83.97000122070312,85.37000274658203,0.0,32746200
2021-03-02,84.12999725341797,84.12999725341797,0.0,86.94999694824219,84.04000091552734,86.91999816894531,0.0,34828200
2021-03-03,80.86000061035156,80.86000061035156,0.0,84.37999725341797,80.8499984741211,84.27999877929688,0.0,43541000
2021-03-04,77.75,77.75,0.0,81.80999755859375,76.77999877929688,80.2300033569336,0.0,60549400
2021-03-05,78.5199966430664,78.5199966430664,0.0,79.4800033569336,74.19999694824219,79.0,0.0,58548900
2021-03-08,73.95999908447266,73.95999908447266,0.0,79.0,73.86000061035156,78.02999877929688,0.0,54563900
2021-03-09,78.52999877929688,78.52999877929688,0.0,79.22000122070312,75.7699966430664,76.7300033569336,0.0,45088300
2021-03-10,77.5199966430664,77.5199966430664,0.0,80.04000091552734,77.41000366210938,79.75,0.0,45416600
2021-03-11,81.2300033569336,81.2300033569336,0.0,81.88999938964844,79.37000274658203,79.4000015258789,0.0,43583700
2021-03-12,81.05000305175781,81.05000305175781,0.0,81.19000244140625,79.2300033569336,79.7300033569336,0.0,32938000
2021-03-15,82.5,82.5,0.0,83.38999938964844,81.19999694824219,81.91000366210938,0.0,39086800
2021-03-16,82.75,82.75,0.0,84.75,82.26000213623047,83.66000366210938,0.0,42971600
2021-03-17,82.62999725341797,82.62999725341797,0.0,83.25,80.41000366210938,81.75,0.0,43320600
2021-03-18,78.12000274658203,78.12000274658203,0.0,81.62000274658203,78.01000213623047,81.05999755859375,0.0,51036500
2021-03-19,79.05999755859375,79.05999755859375,0.0,79.33999633789062,77.58999633789062,78.48999786376953,0.0,42283400
2021-03-22,80.30000305175781,80.30000305175781,0.0,81.2699966430664,79.22000122070312,79.98999786376953,0.0,39648600
2021-03-23,78.37999725341797,78.37999725341797,0.0,80.33999633789062,77.94999694824219,80.12999725341797,0.0,40466600
2021-03-24,76.4800033569336,76.4800033569336,0.0,78.80000305175781,76.4000015258789,77.55000305175781,0.0,43753600
2021-03-25,76.22000122070312,76.22000122070312,0.0,76.94999694824219,74.95999908447266,75.8499984741211,0.0,44735100
2021-03-26,77.41000366210938,77.41000366210938,0.0,77.5,75.02999877929688,76.62000274658203,0.0,49148700
2021-03-29,77.13999938964844,77.13999938964844,0.0,78.0199966430664,76.26000213623047,77.02999877929688,0.0,37144300
2021-03-30,76.0,76.0,0.0,76.55999755859375,74.8499984741211,76.47000122070312,0.0,39169300
2021-03-31,78.5,78.5,0.0,79.12999725341797,76.5199966430664,76.56999969482422,0.0,43659500
2021-04-01,81.08999633789062,81.08999633789062,0.0,81.30999755859375,79.4800033569336,80.16000366210938,0.0,40182400
2021-04-05,81.43000030517578,81.43000030517578,0.0,81.9000015258789,80.38999938964844,81.73999786376953,0.0,32610600
2021-04-06,81.44000244140625,81.44000244140625,0.0,82.45999908447266,80.87999725341797,81.20999908447266,0.0,29327900
2021-04-07,82.19999694824219,82.19999694824219,0.0,83.0999984741211,80.3499984741211,81.31999969482422,0.0,35590900
2021-04-08,83.3499984741211,83.3499984741211,0.0,83.79000091552734,82.44000244140625,83.31999969482422,0.0,41925300
2021-04-09,82.76000213623047,82.76000213623047,0.0,83.58999633789062,82.16000366210938,82.80000305175781,0.0,32759900
2021-04-12,78.58000183105469,78.58000183105469,0.0,82.18000030517578,78.02999877929688,82.05999755859375,0.0,62098800
2021-04-13,80.19000244140625,80.19000244140625,0.0,80.72000122070312,78.9800033569336,79.66999816894531,0.0,37767300
2021-04-14,78.55000305175781,78.55000305175781,0.0,80.12999725341797,77.94000244140625,79.87999725341797,0.0,34263800
2021-04-15,83.01000213623047,83.01000213623047,0.0,83.94999694824219,79.97000122070312,80.31999969482422,0.0,68942800
2021-04-16,82.1500015258789,82.1500015258789,0.0,83.58999633789062,81.52999877929688,83.30000305175781,0.0,47280600
2021-04-19,81.11000061035156,81.11000061035156,0.0,83.18000030517578,80.38999938964844,82.12999725341797,0.0,39115500
2021-04-20,79.2699966430664,79.2699966430664,0.0,81.11000061035156,78.51000213623047,80.81999969482422,0.0,34977800
2021-04-21,81.61000061035156,81.61000061035156,0.0,81.66000366210938,78.86000061035156,78.98999786376953,0.0,35069000
2021-04-22,79.05999755859375,79.05999755859375,0.0,81.79000091552734,78.58999633789062,81.61000061035156,0.0,38846100
2021-04-23,82.76000213623047,82.76000213623047,0.0,83.30000305175781,79.95999908447266,80.20999908447266,0.0,49194000
2021-04-26,85.41000366210938,85.41000366210938,0.0,85.9000015258789,82.69999694824219,83.3499984741211,0.0,57594500
2021-04-27,85.20999908447266,85.20999908447266,0.0,87.1500015258789,85.12999725341797,85.66999816894531,0.0,61909900
2021-04-28,84.0199966430664,84.0199966430664,0.0,89.19999694824219,83.91999816894531,88.8499984741211,0.0,108920300
2021-04-29,83.91000366210938,83.91000366210938,0.0,85.2699966430664,82.62999725341797,84.69999694824219,0.0,51294500
2021-04-30,81.62000274658203,81.62000274658203,0.0,84.0999984741211,81.41999816894531,82.97000122070312,0.0,46601900
2021-05-03,78.55000305175781,78.55000305175781,0.0,82.0,78.45999908447266,81.97000122070312,0.0,66323300
2021-05-04,78.61000061035156,78.61000061035156,0.0,78.66999816894531,77.04000091552734,77.94999694824219,0.0,59194300
2021-05-05,77.83000183105469,77.83000183105469,0.0,79.30000305175781,77.36000061035156,79.05000305175781,0.0,42310200
2021-05-06,77.88999938964844,77.88999938964844,0.0,78.05999755859375,76.47000122070312,77.62999725341797,0.0,38661300
2021-05-07,78.80999755859375,78.80999755859375,0.0,79.56999969482422,78.22000122070312,78.75,0.0,36954200
2021-05-10,75.98999786376953,75.98999786376953,0.0,78.30000305175781,75.91999816894531,78.19999694824219,0.0,45134500
2021-05-11,76.83000183105469,76.83000183105469,0.0,76.93000030517578,72.75,73.56999969482422,0.0,51008200
2021-05-12,74.63999938964844,74.63999938964844,0.0,76.12999725341797,74.16000366210938,75.08999633789062,0.0,42531400
2021-05-13,73.08999633789062,73.08999633789062,0.0,75.69999694824219,72.5,75.20999908447266,0.0,48646800
2021-05-14,74.58999633789062,74.58999633789062,0.0,75.02999877929688,72.72000122070312,74.0199966430664,0.0,38355800
2021-05-17,74.6500015258789,74.6500015258789,0.0,75.5199966430664,73.41000366210938,74.22000122070312,0.0,40779200
2021-05-18,74.44000244140625,74.44000244140625,0.0,75.7699966430664,74.23999786376953,74.73999786376953,0.0,31982500
2021-05-19,76.2300033569336,76.2300033569336,0.0,76.97000122070312,72.76000213623047,73.16000366210938,0.0,73966200
2021-05-20,78.05999755859375,78.05999755859375,0.0,78.2699966430664,76.25,76.80999755859375,0.0,49135000
2021-05-21,77.16999816894531,77.16999816894531,0.0,78.80999755859375,77.04000091552734,78.55000305175781,0.0,40201100
2021-05-24,77.44000244140625,77.44000244140625,0.0,78.01000213623047,76.80000305175781,77.26000213623047,0.0,33194300
2021-05-25,77.86000061035156,77.86000061035156,0.0,78.7699966430664,76.83999633789062,77.33000183105469,0.0,47353100
2021-05-26,78.33999633789062,78.33999633789062,0.0,78.58999633789062,77.58999633789062,77.83000183105469,0.0,30354000
2021-05-27,78.41999816894531,78.41999816894531,0.0,78.43000030517578,77.47000122070312,78.11000061035156,0.0,35883200
2021-05-28,80.08000183105469,80.08000183105469,0.0,81.08999633789062,78.66000366210938,78.66000366210938,0.0,40952700
2021-06-01,80.80999755859375,80.80999755859375,0.0,82.91000366210938,80.66000366210938,81.01000213623047,0.0,43433000
2021-06-02,81.97000122070312,81.97000122070312,0.0,82.5999984741211,80.66000366210938,81.0,0.0,35203200
2021-06-03,80.27999877929688,80.27999877929688,0.0,81.88999938964844,80.26000213623047,81.12999725341797,0.0,29812000
2021-06-04,81.58000183105469,81.58000183105469,0.0,82.19000244140625,80.80999755859375,80.91999816894531,0.0,26387800
2021-06-07,81.3499984741211,81.3499984741211,0.0,81.68000030517578,80.37999725341797,81.4000015258789,0.0,29006800
2021-06-08,80.88999938964844,80.88999938964844,0.0,82.6500015258789,80.44999694824219,81.87000274658203,0.0,26956600
2021-06-09,79.95999908447266,79.95999908447266,0.0,81.68000030517578,79.80000305175781,81.08999633789062,0.0,28454600
2021-06-10,81.55999755859375,81.55999755859375,0.0,81.70999908447266,79.69999694824219,80.0199966430664,0.0,28606400
2021-06-11,81.30999755859375,81.30999755859375,0.0,82.33000183105469,80.69999694824219,81.61000061035156,0.0,24310900
2021-06-14,81.55000305175781,81.55000305175781,0.0,81.55000305175781,80.19999694824219,81.51000213623047,0.0,27830200
2021-06-15,80.47000122070312,80.47000122070312,0.0,81.68000030517578,80.22000122070312,81.58999633789062,0.0,26194300
2021-06-16,80.11000061035156,80.11000061035156,0.0,81.44999694824219,78.95999908447266,80.75,0.0,29598300
2021-06-17,84.55999755859375,84.55999755859375,0.0,85.37000274658203,80.56999969482422,80.7699966430664,0.0,77822800
2021-06-18,84.6500015258789,84.6500015258789,0.0,85.7699966430664,83.4800033569336,84.27999877929688,0.0,58736800
2021-06-21,82.58999633789062,82.58999633789062,0.0,84.19000244140625,82.20999908447266,83.48999786376953,0.0,44417100
2021-06-22,83.58000183105469,83.58000183105469,0.0,84.04000091552734,82.4800033569336,82.9000015258789,0.0,32107700
2021-06-23,83.81999969482422,83.81999969482422,0.0,84.48999786376953,83.16000366210938,83.83000183105469,0.0,25992400
2021-06-24,86.0999984741211,86.0999984741211,0.0,87.13999938964844,84.37000274658203,84.38999938964844,0.0,42217700
2021-06-25,85.62000274658203,85.62000274658203,0.0,86.36000061035156,85.0999984741211,86.33999633789062,0.0,27804500
2021-06-28,87.08000183105469,87.08000183105469,0.0,88.0,86.1500015258789,86.37999725341797,0.0,30262000
2021-06-29,89.5199966430664,89.5199966430664,0.0,90.30000305175781,86.66000366210938,87.41000366210938,0.0,46181000
2021-06-30,93.93000030517578,93.93000030517578,0.0,94.33999633789062,90.5999984741211,90.81999969482422,0.0,70721500
2021-07-01,93.30999755859375,93.30999755859375,0.0,94.18000030517578,91.69999694824219,94.04000091552734,0.0,58059000
2021-07-02,94.69999694824219,94.69999694824219,0.0,95.2699966430664,92.20999908447266,93.27999877929688,0.0,51316700
2021-07-06,94.47000122070312,94.47000122070312,0.0,95.41000366210938,93.31999969482422,94.87999725341797,0.0,44930100
2021-07-07,90.54000091552734,90.54000091552734,0.0,95.44000244140625,90.30999755859375,95.0199966430664,0.0,51498500
2021-07-08,89.73999786376953,89.73999786376953,0.0,90.33999633789062,87.44999694824219,87.86000061035156,0.0,45673500
2021-07-09,90.9000015258789,90.9000015258789,0.0,91.26000213623047,88.52999877929688,90.04000091552734,0.0,35278400
2021-07-12,90.80999755859375,90.80999755859375,0.0,91.9000015258789,89.6500015258789,91.22000122070312,0.0,28526600
2021-07-13,90.26000213623047,90.26000213623047,0.0,91.41000366210938,89.83000183105469,90.4800033569336,0.0,30367600
2021-07-14,89.05000305175781,89.05000305175781,0.0,91.4000015258789,88.94000244140625,90.76000213623047,0.0,28108500
2021-07-15,86.93000030517578,86.93000030517578,0.0,89.77999877929688,86.18000030517578,89.77999877929688,0.0,38944700
2021-07-16,85.88999938964844,85.88999938964844,0.0,88.02999877929688,85.68000030517578,87.31999969482422,0.0,35860700
2021-07-19,86.58000183105469,86.58000183105469,0.0,87.2300033569336,84.23999786376953,84.98999786376953,0.0,39244800
2021-07-20,87.11000061035156,87.11000061035156,0.0,87.7699966430664,85.16999816894531,87.08999633789062,0.0,28089000
2021-07-21,89.41000366210938,89.41000366210938,0.0,89.48999786376953,86.9000015258789,87.25,0.0,29469900
2021-07-22,91.20999908447266,91.20999908447266,0.0,91.36000061035156,89.08000183105469,89.4000015258789,0.0,33730100
2021-07-23,92.1500015258789,92.1500015258789,0.0,92.37000274658203,90.19000244140625,91.3499984741211,0.0,31708900
2021-07-26,91.81999969482422,91.81999969482422,0.0,92.75,91.12000274658203,92.01000213623047,0.0,27668500
2021-07-27,91.02999877929688,91.02999877929688,0.0,94.0999984741211,89.0999984741211,92.94000244140625,0.0,69427000
2021-07-28,97.93000030517578,97.93000030517578,0.0,98.70999908447266,89.6500015258789,93.44000244140625,0.0,140561000
2021-07-29,102.94999694824219,102.94999694824219,0.0,105.73999786376953,96.58000183105469,96.58000183105469,0.0,164091800
2021-07-30,106.19000244140625,106.19000244140625,0.0,106.97000122070312,101.37999725341797,101.5999984741211,0.0,125632000
2021-08-02,108.62999725341797,108.62999725341797,0.0,110.33000183105469,103.83000183105469,105.93000030517578,0.0,115581900
2021-08-03,112.55999755859375,112.55999755859375,0.0,114.8499984741211,107.66000366210938,108.1500015258789,0.0,157723100
2021-08-04,118.7699966430664,118.7699966430664,0.0,122.48999786376953,114.16000366210938,114.36000061035156,0.0,225368700
2021-08-05,112.3499984741211,112.3499984741211,0.0,117.68000030517578,111.58999633789062,116.62999725341797,0.0,137860900
2021-08-06,110.11000061035156,110.11000061035156,0.0,116.26000213623047,109.69999694824219,110.55000305175781,0.0,143899000
2021-08-09,107.58000183105469,107.58000183105469,0.0,112.33000183105469,107.05999755859375,111.30999755859375,0.0,115749900
2021-08-10,106.4800033569336,106.4800033569336,0.0,109.16999816894531,104.36000061035156,107.9000015258789,0.0,113012300
2021-08-11,107.68000030517578,107.68000030517578,0.0,109.79000091552734,105.62000274658203,107.5999984741211,0.0,91788300
2021-08-12,106.5,106.5,0.0,108.44000244140625,105.86000061035156,107.38999938964844,0.0,60578700
2021-08-13,110.55000305175781,110.55000305175781,0.0,111.70999908447266,106.56999969482422,107.16999816894531,0.0,100135700
2021-08-16,107.4800033569336,107.4800033569336,0.0,111.58000183105469,105.87000274658203,110.19999694824219,0.0,73325400
2021-08-17,107.55999755859375,107.55999755859375,0.0,108.69999694824219,105.3499984741211,106.63999938964844,0.0,74053900
2021-08-18,103.44000244140625,103.44000244140625,0.0,108.06999969482422,103.2699966430664,107.3499984741211,0.0,79387900
2021-08-19,103.69999694824219,103.69999694824219,0.0,106.18000030517578,101.9800033569336,103.31999969482422,0.0,71117500
2021-08-20,104.6500015258789,104.6500015258789,0.0,105.9800033569336,103.98999786376953,104.31999969482422,0.0,55227600
2021-08-23,108.7699966430664,108.7699966430664,0.0,109.0199966430664,104.86000061035156,105.30000305175781,0.0,68835300
2021-08-24,107.6500015258789,107.6500015258789,0.0,109.61000061035156,107.27999877929688,109.44999694824219,0.0,51239300
2021-08-25,108.30000305175781,108.30000305175781,0.0,109.91000366210938,107.44999694824219,108.12999725341797,0.0,45485500
2021-08-26,107.2699966430664,107.2699966430664,0.0,109.2300033569336,106.83999633789062,108.56999969482422,0.0,51442500
2021-08-27,111.4000015258789,111.4000015258789,0.0,111.77999877929688,107.80000305175781,108.01000213623047,0.0,61030000
2021-08-30,111.31999969482422,111.31999969482422,0.0,114.48999786376953,111.26000213623047,112.61000061035156,0.0,56130500
2021-08-31,110.72000122070312,110.72000122070312,0.0,111.26000213623047,109.02999877929688,111.26000213623047,0.0,49339000
2021-09-01,109.98999786376953,109.98999786376953,0.0,111.8499984741211,109.8499984741211,111.30000305175781,0.0,38579600
2021-09-02,109.19999694824219,109.19999694824219,0.0,110.87999725341797,108.7699966430664,110.31999969482422,0.0,40090500
2021-09-03,109.91999816894531,109.91999816894531,0.0,111.16999816894531,108.5,108.8499984741211,0.0,42605800
2021-09-07,109.1500015258789,109.1500015258789,0.0,110.58000183105469,108.66000366210938,109.95999908447266,0.0,28815200
2021-09-08,106.16999816894531,106.16999816894531,0.0,109.30000305175781,105.5199966430664,108.87999725341797,0.0,43067900
2021-09-09,106.1500015258789,106.1500015258789,0.0,107.30000305175781,105.83999633789062,106.55999755859375,0.0,31857900
2021-09-10,105.19999694824219,105.19999694824219,0.0,106.98999786376953,104.9800033569336,106.98999786376953,0.0,32602300
2021-09-13,104.80000305175781,104.80000305175781,0.0,105.27999877929688,102.62999725341797,105.26000213623047,0.0,37767800
2021-09-14,105.7300033569336,105.7300033569336,0.0,106.81999969482422,104.41999816894531,105.5199966430664,0.0,40629500
2021-09-15,105.5999984741211,105.5999984741211,0.0,106.31999969482422,104.02999877929688,106.0,0.0,37998900
2021-09-16,106.22000122070312,106.22000122070312,0.0,106.75,103.76000213623047,104.91999816894531,0.0,38150300
2021-09-17,103.87999725341797,103.87999725341797,0.0,105.9800033569336,103.70999908447266,105.55999755859375,0.0,44528300
2021-09-20,101.55000305175781,101.55000305175781,0.0,102.51000213623047,99.51000213623047,101.58000183105469,0.0,45228400
2021-09-21,102.81999969482422,102.81999969482422,0.0,103.43000030517578,101.18000030517578,102.1500015258789,0.0,35481500
2021-09-22,104.37999725341797,104.37999725341797,0.0,104.55999755859375,102.20999908447266,102.81999969482422,0.0,34126300
2021-09-23,106.1500015258789,106.1500015258789,0.0,106.86000061035156,103.88999938964844,104.88999938964844,0.0,32816700
2021-09-24,105.80000305175781,105.80000305175781,0.0,106.05000305175781,104.68000030517578,105.19000244140625,0.0,26482600
2021-09-27,108.16000366210938,108.16000366210938,0.0,108.44000244140625,103.44000244140625,105.06999969482422,0.0,51944300
2021-09-28,101.5199966430664,101.5199966430664,0.0,107.6500015258789,101.41999816894531,106.83999633789062,0.0,74469000
2021-09-29,100.3499984741211,100.3499984741211,0.0,102.66000366210938,99.80999755859375,102.30000305175781,0.0,52224700
2021-09-30,102.9000015258789,102.9000015258789,0.0,104.44000244140625,101.98999786376953,102.08000183105469,0.0,57636700
2021-10-01,102.44999694824219,102.44999694824219,0.0,103.0,100.63999938964844,102.5999984741211,0.0,41491600
2021-10-04,100.33999633789062,100.33999633789062,0.0,101.8499984741211,99.81999969482422,101.73999786376953,0.0,41967100
2021-10-05,101.80999755859375,101.80999755859375,0.0,102.87000274658203,100.61000061035156,100.91999816894531,0.0,31455200
2021-10-06,103.63999938964844,103.63999938964844,0.0,103.72000122070312,100.3499984741211,100.44999694824219,0.0,39071700
2021-10-07,106.44999694824219,106.44999694824219,0.0,107.94999694824219,104.45999908447266,104.5999984741211,0.0,41543100
2021-10-08,105.05999755859375,105.05999755859375,0.0,107.27999877929688,104.88999938964844,106.55000305175781,0.0,30623000
2021-10-11,104.68000030517578,104.68000030517578,0.0,107.19999694824219,104.0199966430664,104.62000274658203,0.0,31284400
2021-10-12,105.04000091552734,105.04000091552734,0.0,106.04000091552734,104.33999633789062,105.16999816894531,0.0,34039900
2021-10-13,109.16000366210938,109.16000366210938,0.0,109.87999725341797,106.25,106.27999877929688,0.0,55631900
2021-10-14,111.98999786376953,111.98999786376953,0.0,112.22000122070312,109.62999725341797,110.5,0.0,46900200
2021-10-15,112.12000274658203,112.12000274658203,0.0,112.83999633789062,111.11000061035156,112.51000213623047,0.0,34203000
2021-10-18,116.43000030517578,116.43000030517578,0.0,116.87999725341797,111.37000274658203,111.9000015258789,0.0,47537800
2021-10-19,116.33000183105469,116.33000183105469,0.0,117.16999816894531,114.47000122070312,116.16000366210938,0.0,39593900
2021-10-20,116.38999938964844,116.38999938964844,0.0,118.30000305175781,115.41999816894531,116.29000091552734,0.0,34244800
2021-10-21,119.33000183105469,119.33000183105469,0.0,119.68000030517578,116.26000213623047,116.5,0.0,34794900
2021-10-22,119.81999969482422,119.81999969482422,0.0,121.55999755859375,118.37000274658203,120.83000183105469,0.0,38992700
2021-10-25,122.36000061035156,122.36000061035156,0.0,123.45999908447266,118.5999984741211,120.5199966430664,0.0,47834100
2021-10-26,122.93000030517578,122.93000030517578,0.0,127.19999694824219,122.58000183105469,122.98999786376953,0.0,59458900
2021-10-27,122.27999877929688,122.27999877929688,0.0,128.0800018310547,121.05000305175781,121.62999725341797,0.0,98245300
2021-10-28,121.16000366210938,121.16000366210938,0.0,123.5,120.26000213623047,122.86000061035156,0.0,58002500
2021-10-29,120.2300033569336,120.2300033569336,0.0,122.56999969482422,119.87999725341797,120.94999694824219,0.0,43320100
2021-11-01,125.2300033569336,125.2300033569336,0.0,125.66999816894531,118.12999725341797,119.44999694824219,0.0,54559800
2021-11-02,127.62999725341797,127.62999725341797,0.0,128.4600067138672,124.19999694824219,124.9800033569336,0.0,53491900
2021-11-03,130.52999877929688,130.52999877929688,0.0,130.60000610351562,126.79000091552734,127.75,0.0,59537800
2021-11-04,137.5,137.5,0.0,139.0,130.77000427246094,132.00999450683594,0.0,84825200
2021-11-05,136.33999633789062,136.33999633789062,0.0,141.22000122070312,134.4199981689453,139.19000244140625,0.0,64920600
2021-11-08,150.16000366210938,150.16000366210938,0.0,153.60000610351562,137.6999969482422,137.6999969482422,0.0,141493800
2021-11-09,148.9199981689453,148.9199981689453,0.0,155.64999389648438,143.88999938964844,154.00999450683594,0.0,98442600
2021-11-10,139.8699951171875,139.8699951171875,0.0,146.3000030517578,138.52000427246094,143.92999267578125,0.0,82989200
2021-11-11,146.00999450683594,146.00999450683594,0.0,146.47000122070312,140.83999633789062,142.9600067138672,0.0,67934800
2021-11-12,147.88999938964844,147.88999938964844,0.0,148.58999633789062,144.25,146.02999877929688,0.0,52162100
2021-11-15,146.49000549316406,146.49000549316406,0.0,148.97999572753906,142.86000061035156,148.0,0.0,52271300
2021-11-16,152.4499969482422,152.4499969482422,0.0,153.0800018310547,145.33999633789062,145.92999267578125,0.0,53100800
2021-11-17,151.33999633789062,151.33999633789062,0.0,154.66000366210938,149.69000244140625,151.97999572753906,0.0,54527500
2021-11-18,155.02000427246094,155.02000427246094,0.0,158.88999938964844,152.55999755859375,157.07000732421875,0.0,60612700
2021-11-19,155.41000366210938,155.41000366210938,0.0,156.9199981689453,153.4499969482422,155.75999450683594,0.0,41668900
2021-11-22,152.52000427246094,152.52000427246094,0.0,161.8800048828125,152.38999938964844,157.13999938964844,0.0,58674100
2021-11-23,149.9199981689453,149.9199981689453,0.0,152.66000366210938,145.3000030517578,150.41000366210938,0.0,62852700
2021-11-24,157.8000030517578,157.8000030517578,0.0,157.92999267578125,147.19000244140625,149.4600067138672,0.0,60677100
2021-11-26,154.80999755859375,154.80999755859375,0.0,158.10000610351562,152.80999755859375,155.8000030517578,0.0,36245100
2021-11-29,161.91000366210938,161.91000366210938,0.0,162.50999450683594,156.10000610351562,157.5,0.0,57438900
2021-11-30,158.3699951171875,158.3699951171875,0.0,164.4600067138672,155.67999267578125,163.27999877929688,0.0,75182500
2021-12-01,149.11000061035156,149.11000061035156,0.0,160.8800048828125,148.9199981689453,160.3699951171875,0.0,64039100
2021-12-02,150.67999267578125,150.67999267578125,0.0,152.52999877929688,146.47000122070312,147.67999267578125,0.0,56161200
2021-12-03,144.00999450683594,144.00999450683594,0.0,152.3800048828125,140.72000122070312,151.64999389648438,0.0,65910000
2021-12-06,139.05999755859375,139.05999755859375,0.0,141.30999755859375,134.1999969482422,141.13999938964844,0.0,66776500
2021-12-07,144.85000610351562,144.85000610351562,0.0,145.75999450683594,141.0,143.89999389648438,0.0,53359400
2021-12-08,145.24000549316406,145.24000549316406,0.0,147.0399932861328,142.6999969482422,144.9600067138672,0.0,40977500
2021-12-09,138.10000610351562,138.10000610351562,0.0,146.69000244140625,137.8000030517578,145.16000366210938,0.0,53019900
2021-12-10,138.5500030517578,138.5500030517578,0.0,141.3699951171875,135.82000732421875,141.2899932861328,0.0,42224300
2021-12-13,133.8000030517578,133.8000030517578,0.0,139.39999389648438,133.4199981689453,138.25,0.0,42174000
2021-12-14,135.60000610351562,135.60000610351562,0.0,137.24000549316406,130.60000610351562,131.6699981689453,0.0,50754600
2021-12-15,146.5,146.5,0.0,146.69000244140625,133.80999755859375,135.11000061035156,0.0,72425800
2021-12-16,138.63999938964844,138.63999938964844,0.0,147.92999267578125,137.02000427246094,147.0,0.0,63369600
2021-12-17,137.75,137.75,0.0,142.0399932861328,136.11000061035156,136.3000030517578,0.0,55642100
2021-12-20,135.8000030517578,135.8000030517578,0.0,138.25999450683594,133.52000427246094,135.97000122070312,0.0,38195400
2021-12-21,144.25,144.25,0.0,144.5,135.14999389648438,138.19000244140625,0.0,57785200
2021-12-22,143.8800048828125,143.8800048828125,0.0,144.5,140.27000427246094,142.64999389648438,0.0,46923700
2021-12-23,146.13999938964844,146.13999938964844,0.0,149.02000427246094,143.85000610351562,143.88999938964844,0.0,48653800
2021-12-27,154.36000061035156,154.36000061035156,0.0,154.88999938964844,147.25,147.50999450683594,0.0,53296400
2021-12-28,153.14999389648438,153.14999389648438,0.0,156.72999572753906,151.3800048828125,155.8800048828125,0.0,58699100
2021-12-29,148.25999450683594,148.25999450683594,0.0,154.33999633789062,147.2899932861328,152.82000732421875,0.0,51300200
2021-12-30,145.14999389648438,145.14999389648438,0.0,148.85000610351562,144.85000610351562,147.44000244140625,0.0,44358000
2021-12-31,143.89999389648438,143.89999389648438,0.0,148.61000061035156,143.5500030517578,146.16000366210938,0.0,49448100
2022-01-03,150.24000549316406,150.24000549316406,0.0,151.64999389648438,145.02000427246094,145.13999938964844,0.0,59396600
2022-01-04,144.4199981689453,144.4199981689453,0.0,152.4199981689453,140.6999969482422,151.00999450683594,0.0,80200500
2022-01-05,136.14999389648438,136.14999389648438,0.0,143.75999450683594,135.2899932861328,142.82000732421875,0.0,65403200
2022-01-06,136.22999572753906,136.22999572753906,0.0,138.0,131.77000427246094,136.19000244140625,0.0,64802900
2022-01-07,132.0,132.0,0.0,137.44000244140625,131.1300048828125,136.27999877929688,0.0,58441100
2022-01-10,132.0,132.0,0.0,132.4199981689453,125.02999877929688,129.0800018310547,0.0,84671300
2022-01-11,137.30999755859375,137.30999755859375,0.0,138.99000549316406,131.58999633789062,133.4499969482422,0.0,77153900
2022-01-12,137.47000122070312,137.47000122070312,0.0,140.57000732421875,135.77000427246094,138.58999633789062,0.0,69669600
2022-01-13,132.74000549316406,132.74000549316406,0.0,141.25,131.80999755859375,139.44000244140625,0.0,76618100
2022-01-14,136.8800048828125,136.8800048828125,0.0,137.0,131.42999267578125,131.67999267578125,0.0,71078400
2022-01-18,131.92999267578125,131.92999267578125,0.0,136.38999938964844,131.58999633789062,134.5,0.0,56527400
2022-01-19,128.27000427246094,128.27000427246094,0.0,134.57000732421875,128.02000427246094,133.5500030517578,0.0,69831800
2022-01-20,121.88999938964844,121.88999938964844,0.0,128.50999450683594,121.41000366210938,126.04000091552734,0.0,91157300
2022-01-21,118.80999755859375,118.80999755859375,0.0,125.0199966430664,118.38999938964844,120.13999938964844,0.0,95685300
2022-01-24,116.52999877929688,116.52999877929688,0.0,116.7699966430664,107.5,115.4000015258789,0.0,116210100
2022-01-25,111.12999725341797,111.12999725341797,0.0,114.81999969482422,109.86000061035156,114.0999984741211,0.0,85102900
2022-01-26,110.70999908447266,110.70999908447266,0.0,117.16000366210938,108.62999725341797,114.55000305175781,0.0,94752600
2022-01-27,102.5999984741211,102.5999984741211,0.0,112.75,101.94000244140625,111.95999908447266,0.0,125954100
2022-01-28,105.23999786376953,105.23999786376953,0.0,105.4000015258789,99.3499984741211,101.55000305175781,0.0,98749500
2022-01-31,114.25,114.25,0.0,114.30999755859375,106.9000015258789,107.93000030517578,0.0,97206000
2022-02-01,116.77999877929688,116.77999877929688,0.0,117.26000213623047,112.7300033569336,116.75,0.0,122467900
2022-02-02,122.76000213623047,122.76000213623047,0.0,130.05999755859375,120.63999938964844,129.88999938964844,0.0,180065000
2022-02-03,120.08000183105469,120.08000183105469,0.0,125.37000274658203,118.81999969482422,120.31999969482422,0.0,103599500
2022-02-04,123.5999984741211,123.5999984741211,0.0,124.95999908447266,118.58000183105469,120.33999633789062,0.0,86212000
2022-02-07,123.66999816894531,123.66999816894531,0.0,127.62999725341797,122.79000091552734,123.55999755859375,0.0,81672500
2022-02-08,128.22999572753906,128.22999572753906,0.0,128.7100067138672,122.05000305175781,122.37999725341797,0.0,84902800
2022-02-09,132.85000610351562,132.85000610351562,0.0,132.9600067138672,127.6500015258789,129.60000610351562,0.0,92948900
2022-02-10,125.7699966430664,125.7699966430664,0.0,131.75999450683594,124.61000061035156,128.83999633789062,0.0,108939900
2022-02-11,113.18000030517578,113.18000030517578,0.0,127.16999816894531,111.80999755859375,126.13999938964844,0.0,164723200
2022-02-14,114.2699966430664,114.2699966430664,0.0,118.37000274658203,113.45999908447266,115.51000213623047,0.0,135146400
2022-02-15,121.47000122070312,121.47000122070312,0.0,121.87999725341797,114.36000061035156,117.19000244140625,0.0,143975900
2022-02-16,117.69000244140625,117.69000244140625,0.0,119.54000091552734,114.22000122070312,119.05000305175781,0.0,119109600
2022-02-17,112.37000274658203,112.37000274658203,0.0,116.9800033569336,112.26000213623047,116.26000213623047,0.0,98179600
2022-02-18,113.83000183105469,113.83000183105469,0.0,115.63999938964844,109.88999938964844,113.9000015258789,0.0,114321200
2022-02-22,115.6500015258789,115.6500015258789,0.0,119.19999694824219,113.61000061035156,115.2699966430664,0.0,141648500
2022-02-23,109.76000213623047,109.76000213623047,0.0,118.6500015258789,109.04000091552734,117.4000015258789,0.0,120299400
2022-02-24,116.61000061035156,116.61000061035156,0.0,116.95999908447266,104.26000213623047,104.55999755859375,0.0,142956600
2022-02-25,121.05999755859375,121.05999755859375,0.0,121.2300033569336,116.04000091552734,117.16000366210938,0.0,127821000
2022-02-28,123.33999633789062,123.33999633789062,0.0,124.61000061035156,119.19999694824219,120.30999755859375,0.0,124666100
2022-03-01,113.83000183105469,113.83000183105469,0.0,122.43000030517578,112.80000305175781,122.33000183105469,0.0,126552200
2022-03-02,118.27999877929688,118.27999877929688,0.0,119.4800033569336,113.30999755859375,115.47000122070312,0.0,118354500
2022-03-03,111.9800033569336,111.9800033569336,0.0,118.26000213623047,111.05000305175781,118.12999725341797,0.0,123916700
2022-03-04,108.41000366210938,108.41000366210938,0.0,113.0,106.80999755859375,112.0,0.0,100609400
2022-03-07,102.94999694824219,102.94999694824219,0.0,109.52999877929688,102.81999969482422,108.52999877929688,0.0,92600000
2022-03-08,105.52999877929688,105.52999877929688,0.0,109.9000015258789,100.08000183105469,102.80999755859375,0.0,135348300
2022-03-09,111.05000305175781,111.05000305175781,0.0,111.70999908447266,106.8499984741211,108.41000366210938,0.0,102310300
2022-03-10,106.45999908447266,106.45999908447266,0.0,109.06999969482422,103.06999969482422,108.88999938964844,0.0,102557400
2022-03-11,104.29000091552734,104.29000091552734,0.0,108.19000244140625,104.08000183105469,108.12999725341797,0.0,87584400
2022-03-14,102.25,102.25,0.0,105.23999786376953,101.04000091552734,102.98999786376953,0.0,89731700
2022-03-15,109.33000183105469,109.33000183105469,0.0,109.69000244140625,101.79000091552734,102.66000366210938,0.0,112425500
2022-03-16,115.37000274658203,115.37000274658203,0.0,115.41999816894531,109.88999938964844,111.5999984741211,0.0,113689800
2022-03-17,111.69000244140625,111.69000244140625,0.0,114.2699966430664,109.70999908447266,112.13999938964844,0.0,103201700
2022-03-18,113.45999908447266,113.45999908447266,0.0,114.93000030517578,110.55000305175781,111.27999877929688,0.0,105834800
2022-03-21,115.91999816894531,115.91999816894531,0.0,117.56999969482422,112.54000091552734,113.7300033569336,0.0,101905900
2022-03-22,114.77999877929688,114.77999877929688,0.0,117.94999694824219,113.80999755859375,115.43000030517578,0.0,101672600
2022-03-23,113.91999816894531,113.91999816894531,0.0,117.55000305175781,112.20999908447266,114.29000091552734,0.0,90579200
2022-03-24,120.52999877929688,120.52999877929688,0.0,120.55000305175781,113.70999908447266,114.95999908447266,0.0,121961300
2022-03-25,119.66999816894531,119.66999816894531,0.0,121.4000015258789,117.25,119.91999816894531,0.0,95852400
2022-03-28,120.23999786376953,120.23999786376953,0.0,120.41000366210938,116.70999908447266,117.69999694824219,0.0,92966100
2022-03-29,123.2300033569336,123.2300033569336,0.0,123.70999908447266,119.58999633789062,122.27999877929688,0.0,94143000
2022-03-30,119.22000122070312,119.22000122070312,0.0,125.66999816894531,118.58999633789062,123.04000091552734,0.0,99476900
2022-03-31,109.33999633789062,109.33999633789062,0.0,116.37999725341797,109.0199966430664,116.30999755859375,0.0,147004800
2022-04-01,108.19000244140625,108.19000244140625,0.0,111.41999816894531,106.0999984741211,110.4800033569336,0.0,111867100
2022-04-04,110.52999877929688,110.52999877929688,0.0,110.94000244140625,107.02999877929688,109.97000122070312,0.0,90123900
2022-04-05,106.81999969482422,106.81999969482422,0.0,110.4800033569336,106.05000305175781,109.69000244140625,0.0,79532000
2022-04-06,103.66999816894531,103.66999816894531,0.0,105.73999786376953,101.70999908447266,104.44999694824219,0.0,105256600
2022-04-07,103.72000122070312,103.72000122070312,0.0,105.23999786376953,100.91000366210938,103.91999816894531,0.0,91895500
2022-04-08,101.0,101.0,0.0,102.98999786376953,100.41999816894531,102.51000213623047,0.0,92746700
2022-04-11,97.37000274658203,97.37000274658203,0.0,98.66999816894531,95.94000244140625,98.5999984741211,0.0,95527700
2022-04-12,95.0999984741211,95.0999984741211,0.0,99.58999633789062,94.5999984741211,98.77999877929688,0.0,89246400
2022-04-13,97.73999786376953,97.73999786376953,0.0,98.33000183105469,94.70999908447266,95.30000305175781,0.0,77728400
2022-04-14,93.05999755859375,93.05999755859375,0.0,98.38999938964844,92.91999816894531,98.37000274658203,0.0,73354400
2022-04-18,93.88999938964844,93.88999938964844,0.0,95.16000366210938,91.63999938964844,92.02999877929688,0.0,80605800
2022-04-19,96.93000030517578,96.93000030517578,0.0,97.06999969482422,92.83999633789062,93.38999938964844,0.0,77069500
2022-04-20,94.0199966430664,94.0199966430664,0.0,97.91000366210938,93.19999694824219,97.83999633789062,0.0,62489000
2022-04-21,89.8499984741211,89.8499984741211,0.0,96.2300033569336,89.23999786376953,95.16000366210938,0.0,76680600
2022-04-22,88.13999938964844,88.13999938964844,0.0,91.45999908447266,87.94000244140625,90.02999877929688,0.0,75017700
2022-04-25,90.69000244140625,90.69000244140625,0.0,91.37000274658203,88.61000061035156,89.86000061035156,0.0,93481000
2022-04-26,85.16000366210938,85.16000366210938,0.0,90.12000274658203,85.08000183105469,89.73999786376953,0.0,89127400
2022-04-27,84.91000366210938,84.91000366210938,0.0,87.9000015258789,84.0199966430664,84.25,0.0,83125100
2022-04-28,89.63999938964844,89.63999938964844,0.0,90.58000183105469,84.77999877929688,86.66999816894531,0.0,91495400
2022-04-29,85.5199966430664,85.5199966430664,0.0,91.79000091552734,85.37999725341797,88.05000305175781,0.0,82647700
2022-05-02,89.83999633789062,89.83999633789062,0.0,90.37000274658203,85.31999969482422,85.66000366210938,0.0,98304100
2022-05-03,91.12999725341797,91.12999725341797,0.0,92.20999908447266,89.01000213623047,89.8499984741211,0.0,126381800
2022-05-04,99.41999816894531,99.41999816894531,0.0,99.69000244140625,91.69999694824219,98.18000030517578,0.0,225394100
2022-05-05,93.87000274658203,93.87000274658203,0.0,97.83999633789062,92.16999816894531,97.6500015258789,0.0,153129800
2022-05-06,95.33999633789062,95.33999633789062,0.0,98.18000030517578,92.6500015258789,94.33999633789062,0.0,144286600
2022-05-09,86.36000061035156,86.36000061035156,0.0,93.73999786376953,85.37999725341797,92.87000274658203,0.0,144523700
2022-05-10,88.7300033569336,88.7300033569336,0.0,90.7699966430664,85.41000366210938,89.18000030517578,0.0,137235500
2022-05-11,87.91999816894531,87.91999816894531,0.0,93.45999908447266,86.52999877929688,87.83999633789062,0.0,136137900
2022-05-12,87.05999755859375,87.05999755859375,0.0,88.55000305175781,83.2699966430664,86.5999984741211,0.0,129214200
2022-05-13,95.12000274658203,95.12000274658203,0.0,96.56999969482422,88.22000122070312,88.30000305175781,0.0,138068100
2022-05-16,94.23999786376953,94.23999786376953,0.0,98.16999816894531,93.08000183105469,93.86000061035156,0.0,131065700
2022-05-17,102.47000122070312,102.47000122070312,0.0,103.19999694824219,97.54000091552734,97.87999725341797,0.0,164227200
2022-05-18,96.27999877929688,96.27999877929688,0.0,104.22000122070312,95.70999908447266,100.0,0.0,142603200
2022-05-19,96.66999816894531,96.66999816894531,0.0,100.69000244140625,95.08999633789062,96.69000244140625,0.0,141506200
2022-05-20,93.5,93.5,0.0,98.63999938964844,88.26000213623047,98.38999938964844,0.0,164126800
2022-05-23,95.06999969482422,95.06999969482422,0.0,95.19000244140625,90.91999816894531,91.66000366210938,0.0,128773000
2022-05-24,91.16000366210938,91.16000366210938,0.0,93.41999816894531,89.62000274658203,92.54000091552734,0.0,123341400
2022-05-25,92.6500015258789,92.6500015258789,0.0,93.88999938964844,89.5199966430664,90.43000030517578,0.0,111771100
2022-05-26,98.75,98.75,0.0,100.33000183105469,90.73999786376953,91.33999633789062,0.0,128792700
2022-05-27,102.26000213623047,102.26000213623047,0.0,102.4000015258789,99.37999725341797,100.13999938964844,0.0,104348400
2022-05-31,101.86000061035156,101.86000061035156,0.0,104.55000305175781,100.04000091552734,102.43000030517578,0.0,125102900
2022-06-01,101.22000122070312,101.22000122070312,0.0,103.56999969482422,99.55000305175781,102.12999725341797,0.0,99351400
2022-06-02,108.58999633789062,108.58999633789062,0.0,109.5,100.77999877929688,100.77999877929688,0.0,120953800
2022-06-03,106.30000305175781,106.30000305175781,0.0,109.38999938964844,104.6500015258789,105.80000305175781,0.0,110844700
2022-06-06,105.6500015258789,105.6500015258789,0.0,109.56999969482422,104.2300033569336,108.2699966430664,0.0,96726900
2022-06-07,105.27999877929688,105.27999877929688,0.0,106.23999786376953,102.61000061035156,104.23999786376953,0.0,79022900
2022-06-08,101.9000015258789,101.9000015258789,0.0,105.8499984741211,100.41000366210938,104.56999969482422,0.0,97641900
2022-06-09,98.80000305175781,98.80000305175781,0.0,103.94000244140625,98.73999786376953,101.56999969482422,0.0,95299000
2022-06-10,94.81999969482422,94.81999969482422,0.0,99.93000030517578,94.25,98.81999969482422,0.0,102135400
2022-06-13,86.98999786376953,86.98999786376953,0.0,92.02999877929688,86.63999938964844,91.26000213623047,0.0,98148800
2022-06-14,86.98999786376953,86.98999786376953,0.0,88.30000305175781,85.81999969482422,87.41000366210938,0.0,84066600
2022-06-15,89.30000305175781,89.30000305175781,0.0,90.86000061035156,86.19000244140625,87.9000015258789,0.0,95774800
2022-06-16,82.05000305175781,82.05000305175781,0.0,86.7300033569336,80.63999938964844,86.62999725341797,0.0,102433300
2022-06-17,81.56999969482422,81.56999969482422,0.0,82.94000244140625,79.43000030517578,82.19000244140625,0.0,105212300
2022-06-21,83.79000091552734,83.79000091552734,0.0,85.80999755859375,82.5999984741211,84.16999816894531,0.0,87780600
2022-06-22,83.75,83.75,0.0,86.37999725341797,83.30000305175781,84.4000015258789,0.0,86634700
2022-06-23,82.43000030517578,82.43000030517578,0.0,84.41000366210938,80.2300033569336,84.31999969482422,0.0,100614600
2022-06-24,87.08000183105469,87.08000183105469,0.0,87.52999877929688,83.08000183105469,83.55999755859375,0.0,88553900
2022-06-27,86.16000366210938,86.16000366210938,0.0,88.22000122070312,85.25,87.36000061035156,0.0,74663500
2022-06-28,80.77999877929688,80.77999877929688,0.0,86.7300033569336,80.43000030517578,85.70999908447266,0.0,95618600
2022-06-29,77.98999786376953,77.98999786376953,0.0,79.75,76.51000213623047,79.55000305175781,0.0,104140900
2022-06-30,76.47000122070312,76.47000122070312,0.0,78.91000366210938,75.4800033569336,77.7300033569336,0.0,105368600
2022-07-01,73.66999816894531,73.66999816894531,0.0,75.44999694824219,72.69000244140625,75.19000244140625,0.0,87734200
2022-07-05,75.19999694824219,75.19999694824219,0.0,75.20999908447266,71.5999984741211,71.9800033569336,0.0,95589000
2022-07-06,75.3499984741211,75.3499984741211,0.0,76.27999877929688,73.55000305175781,75.16999816894531,0.0,85458900
2022-07-07,79.30000305175781,79.30000305175781,0.0,79.98999786376953,76.9000015258789,77.19000244140625,0.0,83640900
2022-07-08,79.3499984741211,79.3499984741211,0.0,80.47000122070312,77.4000015258789,78.30999755859375,0.0,83405900
2022-07-11,76.94999694824219,76.94999694824219,0.0,78.29000091552734,75.83999633789062,77.8499984741211,0.0,76150300
2022-07-12,76.36000061035156,76.36000061035156,0.0,77.44000244140625,74.43000030517578,76.9800033569336,0.0,77873200
2022-07-13,77.5199966430664,77.5199966430664,0.0,79.11000061035156,74.4800033569336,74.94000244140625,0.0,79355000
2022-07-14,78.5999984741211,78.5999984741211,0.0,79.25,76.0,78.2300033569336,0.0,83493600
2022-07-15,81.11000061035156,81.11000061035156,0.0,81.19999694824219,77.9000015258789,79.36000061035156,0.0,76050600
2022-07-18,81.43000030517578,81.43000030517578,0.0,84.47000122070312,80.94000244140625,82.20999908447266,0.0,90464300
2022-07-19,85.87999725341797,85.87999725341797,0.0,86.41000366210938,82.19000244140625,82.76000213623047,0.0,85047500
2022-07-20,89.43000030517578,89.43000030517578,0.0,89.91999816894531,85.08000183105469,85.38999938964844,0.0,88348600
2022-07-21,91.08999633789062,91.08999633789062,0.0,91.58000183105469,88.22000122070312,89.5999984741211,0.0,90449300
2022-07-22,88.0999984741211,88.0999984741211,0.0,90.69000244140625,87.04000091552734,90.19999694824219,0.0,76989700
2022-07-25,87.54000091552734,87.54000091552734,0.0,87.5999984741211,85.12000274658203,86.56999969482422,0.0,70083000
2022-07-26,85.25,85.25,0.0,87.75,84.70999908447266,87.0,0.0,69180400
2022-07-27,89.81999969482422,89.81999969482422,0.0,90.62000274658203,86.29000091552734,86.94000244140625,0.0,78301600
2022-07-28,91.66999816894531,91.66999816894531,0.0,92.22000122070312,88.58999633789062,90.41999816894531,0.0,79009200
2022-07-29,94.47000122070312,94.47000122070312,0.0,94.80999755859375,90.55999755859375,90.69999694824219,0.0,76630700
2022-08-01,96.77999877929688,96.77999877929688,0.0,98.38999938964844,93.95999908447266,95.58999633789062,0.0,96477500
2022-08-02,99.29000091552734,99.29000091552734,0.0,100.91999816894531,95.36000061035156,95.70999908447266,0.0,116734100
2022-08-03,98.08999633789062,98.08999633789062,0.0,98.7699966430664,93.62000274658203,94.83000183105469,0.0,131142000
2022-08-04,103.91000366210938,103.91000366210938,0.0,104.58999633789062,97.26000213623047,97.5,0.0,125855800
2022-08-05,102.30999755859375,102.30999755859375,0.0,103.86000061035156,100.9800033569336,101.05000305175781,0.0,93859900
2022-08-08,100.06999969482422,100.06999969482422,0.0,101.80000305175781,97.98999786376953,100.05999755859375,0.0,92606800
2022-08-09,95.54000091552734,95.54000091552734,0.0,98.05000305175781,93.66999816894531,97.94999694824219,0.0,89473700
2022-08-10,99.05000305175781,99.05000305175781,0.0,99.3499984741211,95.61000061035156,98.44999694824219,0.0,83416100
2022-08-11,98.12000274658203,98.12000274658203,0.0,102.37000274658203,98.0,99.93000030517578,0.0,77516900
2022-08-12,100.83000183105469,100.83000183105469,0.0,101.4000015258789,98.4800033569336,99.19999694824219,0.0,72316300
2022-08-15,101.01000213623047,101.01000213623047,0.0,101.8499984741211,99.80000305175781,100.51000213623047,0.0,61327100
2022-08-16,100.19999694824219,100.19999694824219,0.0,101.44999694824219,98.31999969482422,100.83999633789062,0.0,60220700
2022-08-17,98.2699966430664,98.2699966430664,0.0,99.63999938964844,96.7300033569336,99.26000213623047,0.0,63735600
2022-08-18,100.44000244140625,100.44000244140625,0.0,101.06999969482422,96.7300033569336,97.73999786376953,0.0,76059500
2022-08-19,95.94999694824219,95.94999694824219,0.0,99.25,94.58999633789062,98.66999816894531,0.0,67221700
2022-08-22,92.83999633789062,92.83999633789062,0.0,95.0199966430664,92.36000061035156,94.4000015258789,0.0,61837300
2022-08-23,92.48999786376953,92.48999786376953,0.0,94.44000244140625,92.11000061035156,92.38999938964844,0.0,52927000
2022-08-24,92.7300033569336,92.7300033569336,0.0,93.37999725341797,90.9000015258789,92.20999908447266,0.0,56520400
2022-08-25,97.18000030517578,97.18000030517578,0.0,97.56999969482422,93.13999938964844,93.13999938964844,0.0,61016200
2022-08-26,91.18000030517578,91.18000030517578,0.0,97.5999984741211,91.12000274658203,96.29000091552734,0.0,65552500
2022-08-29,88.48999786376953,88.48999786376953,0.0,91.19000244140625,88.26000213623047,90.05000305175781,0.0,61142500
2022-08-30,86.94000244140625,86.94000244140625,0.0,90.1500015258789,85.33999633789062,90.05999755859375,0.0,69087100
2022-08-31,84.87000274658203,84.87000274658203,0.0,86.72000122070312,83.72000122070312,86.27999877929688,0.0,64991700
2022-09-01,82.33000183105469,82.33000183105469,0.0,82.76000213623047,78.5199966430664,82.3499984741211,0.0,94854700
2022-09-02,80.23999786376953,80.23999786376953,0.0,83.6500015258789,79.80999755859375,83.31999969482422,0.0,84924400
2022-09-06,78.72000122070312,78.72000122070312,0.0,80.88999938964844,78.37000274658203,80.41000366210938,0.0,68727300
2022-09-07,79.61000061035156,79.61000061035156,0.0,80.25,77.73999786376953,79.23999786376953,0.0,67891200
2022-09-08,82.77999877929688,82.77999877929688,0.0,83.44999694824219,79.23999786376953,80.02999877929688,0.0,89089300
2022-09-09,85.44999694824219,85.44999694824219,0.0,85.68000030517578,83.83999633789062,84.02999877929688,0.0,68907700
2022-09-12,84.63999938964844,84.63999938964844,0.0,85.3499984741211,83.45999908447266,84.88999938964844,0.0,71922500
2022-09-13,77.02999877929688,77.02999877929688,0.0,81.47000122070312,76.80000305175781,80.95999908447266,0.0,80921200
2022-09-14,77.44999694824219,77.44999694824219,0.0,78.08000183105469,75.87000274658203,77.0999984741211,0.0,71483000
2022-09-15,76.66000366210938,76.66000366210938,0.0,77.97000122070312,74.91000366210938,76.63999938964844,0.0,81818000
2022-09-16,76.51000213623047,76.51000213623047,0.0,76.81999969482422,74.68000030517578,75.62000274658203,0.0,75300200
2022-09-19,76.7699966430664,76.7699966430664,0.0,77.33999633789062,75.3499984741211,75.38999938964844,0.0,64966900
2022-09-20,75.25,75.25,0.0,76.58000183105469,74.7300033569336,76.08000183105469,0.0,51129100
2022-09-21,74.4800033569336,74.4800033569336,0.0,78.41000366210938,74.44999694824219,75.44000244140625,0.0,82069700
2022-09-22,69.5,69.5,0.0,74.29000091552734,69.16999816894531,73.88999938964844,0.0,101436900
2022-09-23,67.95999908447266,67.95999908447266,0.0,69.08000183105469,66.81999969482422,68.0,0.0,87690000
2022-09-26,66.30000305175781,66.30000305175781,0.0,68.73999786376953,66.25,67.87000274658203,0.0,82898700
2022-09-27,67.16999816894531,67.16999816894531,0.0,68.77999877929688,66.0,67.9000015258789,0.0,94871800
2022-09-28,68.36000061035156,68.36000061035156,0.0,68.80000305175781,66.55999755859375,67.11000061035156,0.0,72389500
2022-09-29,64.13999938964844,64.13999938964844,0.0,67.19999694824219,62.83000183105469,67.1500015258789,0.0,102552400
2022-09-30,63.36000061035156,63.36000061035156,0.0,65.91000366210938,63.34000015258789,63.619998931884766,0.0,81664100
2022-10-03,66.11000061035156,66.11000061035156,0.0,66.91000366210938,63.38999938964844,64.45999908447266,0.0,83841600
2022-10-04,67.9000015258789,67.9000015258789,0.0,69.18000030517578,67.33000183105469,68.2699966430664,0.0,77160500
2022-10-05,67.94000244140625,67.94000244140625,0.0,68.69000244140625,64.5199966430664,66.58999633789062,0.0,87127400
2022-10-06,67.8499984741211,67.8499984741211,0.0,70.29000091552734,67.66000366210938,67.81999969482422,0.0,98325900
2022-10-07,58.439998626708984,58.439998626708984,0.0,64.02999877929688,58.220001220703125,64.01000213623047,0.0,163786300
2022-10-10,57.810001373291016,57.810001373291016,0.0,58.790000915527344,56.29999923706055,57.310001373291016,0.0,112241800
2022-10-11,57.630001068115234,57.630001068115234,0.0,58.91999816894531,56.04999923706055,57.209999084472656,0.0,114054800
2022-10-12,57.849998474121094,57.849998474121094,0.0,58.31999969482422,56.31999969482422,57.45000076293945,0.0,89264200
2022-10-13,58.939998626708984,58.939998626708984,0.0,60.13999938964844,54.56999969482422,55.52000045776367,0.0,131159800
2022-10-14,55.939998626708984,55.939998626708984,0.0,59.939998626708984,55.84000015258789,59.599998474121094,0.0,96959300
2022-10-17,57.959999084472656,57.959999084472656,0.0,58.5099983215332,57.099998474121094,57.349998474121094,0.0,76977600
2022-10-18,57.91999816894531,57.91999816894531,0.0,60.4900016784668,56.400001525878906,59.90999984741211,0.0,103064500
2022-10-19,57.22999954223633,57.22999954223633,0.0,59.040000915527344,56.56999969482422,57.33000183105469,0.0,75704800
2022-10-20,57.77000045776367,57.77000045776367,0.0,60.20000076293945,57.400001525878906,57.470001220703125,0.0,79552600
2022-10-21,58.81999969482422,58.81999969482422,0.0,58.90999984741211,55.709999084472656,57.220001220703125,0.0,95366400
2022-10-24,58.70000076293945,58.70000076293945,0.0,59.0,56.65999984741211,58.56999969482422,0.0,76305400
2022-10-25,61.470001220703125,61.470001220703125,0.0,61.97999954223633,58.689998626708984,58.77000045776367,0.0,85501900
2022-10-26,59.72999954223633,59.72999954223633,0.0,61.77000045776367,59.150001525878906,59.689998626708984,0.0,79761600
2022-10-27,58.599998474121094,58.599998474121094,0.0,62.720001220703125,58.5099983215332,61.599998474121094,0.0,83871400
2022-10-28,62.0099983215332,62.0099983215332,0.0,62.349998474121094,58.91999816894531,59.099998474121094,0.0,78198600
2022-10-31,60.060001373291016,60.060001373291016,0.0,61.86000061035156,59.529998779296875,60.75,0.0,73274100
2022-11-01,59.65999984741211,59.65999984741211,0.0,61.9900016784668,59.43000030517578,61.4900016784668,0.0,83806700
2022-11-02,58.630001068115234,58.630001068115234,0.0,63.93000030517578,58.56999969482422,63.0,0.0,142669400
2022-11-03,60.11000061035156,60.11000061035156,0.0,62.279998779296875,58.029998779296875,58.11000061035156,0.0,95279900
2022-11-04,62.189998626708984,62.189998626708984,0.0,63.0,60.529998779296875,62.5,0.0,84791300
2022-11-07,63.08000183105469,63.08000183105469,0.0,63.529998779296875,61.400001525878906,62.93000030517578,0.0,62722500
2022-11-08,63.849998474121094,63.849998474121094,0.0,64.95999908447266,62.369998931884766,64.08999633789062,0.0,75938000
2022-11-09,59.91999816894531,59.91999816894531,0.0,63.04999923706055,59.79999923706055,62.279998779296875,0.0,62940300
2022-11-10,68.47000122070312,68.47000122070312,0.0,68.80000305175781,63.619998931884766,64.30000305175781,0.0,107996300
2022-11-11,72.37000274658203,72.37000274658203,0.0,73.31999969482422,68.29000091552734,69.58000183105469,0.0,111709500
2022-11-14,73.52999877929688,73.52999877929688,0.0,75.25,72.66999816894531,75.22000122070312,0.0,108892800
2022-11-15,76.37000274658203,76.37000274658203,0.0,79.16000366210938,75.38999938964844,77.26000213623047,0.0,108946300
2022-11-16,72.69999694824219,72.69999694824219,0.0,74.83000183105469,71.93000030517578,73.66000366210938,0.0,79968000
2022-11-17,73.9000015258789,73.9000015258789,0.0,74.37999725341797,70.16000366210938,70.55999755859375,0.0,82320800
2022-11-18,73.56999969482422,73.56999969482422,0.0,75.3499984741211,72.18000030517578,75.06999969482422,0.0,73223200
2022-11-21,72.45999908447266,72.45999908447266,0.0,72.9800033569336,71.56999969482422,72.20999908447266,0.0,51536300
2022-11-22,75.25,75.25,0.0,75.33000183105469,72.11000061035156,72.72000122070312,0.0,55450200
2022-11-23,76.4000015258789,76.4000015258789,0.0,78.22000122070312,75.30000305175781,75.48999786376953,0.0,81623600
2022-11-25,75.13999938964844,75.13999938964844,0.0,76.04000091552734,74.75,75.66999816894531,0.0,26018900
2022-11-28,73.19000244140625,73.19000244140625,0.0,75.47000122070312,72.56999969482422,73.80999755859375,0.0,45383800
2022-11-29,73.38999938964844,73.38999938964844,0.0,74.48999786376953,72.77999877929688,73.62000274658203,0.0,51846400
2022-11-30,77.62999725341797,77.62999725341797,0.0,77.69999694824219,72.80999755859375,73.37999725341797,0.0,88468400
2022-12-01,77.4800033569336,77.4800033569336,0.0,79.2300033569336,76.44000244140625,78.30999755859375,0.0,59833400
2022-12-02,74.9800033569336,74.9800033569336,0.0,76.27999877929688,73.6500015258789,75.05000305175781,0.0,64377200
2022-12-05,73.62000274658203,73.62000274658203,0.0,75.16999816894531,72.81999969482422,74.54000091552734,0.0,47022200
2022-12-06,70.2699966430664,70.2699966430664,0.0,73.38999938964844,69.4000015258789,73.08000183105469,0.0,64965200
2022-12-07,70.13999938964844,70.13999938964844,0.0,71.37000274658203,69.27999877929688,69.52999877929688,0.0,59180100
2022-12-08,70.47000122070312,70.47000122070312,0.0,71.22000122070312,69.0,70.13999938964844,0.0,56734100
2022-12-09,68.58999633789062,68.58999633789062,0.0,70.66999816894531,68.5199966430664,69.48999786376953,0.0,59058300
2022-12-12,70.66999816894531,70.66999816894531,0.0,70.66999816894531,67.52999877929688,68.54000091552734,0.0,60968300
2022-12-13,71.6500015258789,71.6500015258789,0.0,75.20999908447266,70.66000366210938,74.87000274658203,0.0,72458000
2022-12-14,68.93000030517578,68.93000030517578,0.0,72.0,68.31999969482422,70.93000030517578,0.0,67278000
2022-12-15,66.52999877929688,66.52999877929688,0.0,68.20999908447266,66.12000274658203,67.5999984741211,0.0,58557000
2022-12-16,65.41000366210938,65.41000366210938,0.0,67.19000244140625,64.80000305175781,66.25,0.0,62438600
2022-12-19,64.58999633789062,64.58999633789062,0.0,65.58999633789062,63.709999084472656,65.12000274658203,0.0,46246900
2022-12-20,65.05000305175781,65.05000305175781,0.0,66.05999755859375,63.52000045776367,63.7599983215332,0.0,52431300
2022-12-21,67.68000030517578,67.68000030517578,0.0,67.8499984741211,65.20999908447266,65.43000030517578,0.0,44167600
2022-12-22,63.86000061035156,63.86000061035156,0.0,66.30999755859375,62.2599983215332,66.08000183105469,0.0,73917700
2022-12-23,64.5199966430664,64.5199966430664,0.0,64.66000366210938,62.720001220703125,63.11000061035156,0.0,45923000
2022-12-27,63.27000045776367,63.27000045776367,0.0,64.27999877929688,62.970001220703125,63.869998931884766,0.0,36086000
2022-12-28,62.56999969482422,62.56999969482422,0.0,63.540000915527344,61.959999084472656,62.540000915527344,0.0,39526500
2022-12-29,64.81999969482422,64.81999969482422,0.0,65.18000030517578,63.060001373291016,63.63999938964844,0.0,41428500
2022-12-30,64.7699966430664,64.7699966430664,0.0,64.81999969482422,63.13999938964844,63.77000045776367,0.0,37127000
2023-01-03,64.0199966430664,64.0199966430664,0.0,66.87999725341797,63.59000015258789,66.0,0.0,46851800
2023-01-04,64.66000366210938,64.66000366210938,0.0,65.79000091552734,63.310001373291016,65.0,0.0,47477100
2023-01-05,62.33000183105469,62.33000183105469,0.0,64.3499984741211,62.29999923706055,64.1500015258789,0.0,46159500
2023-01-06,63.959999084472656,63.959999084472656,0.0,64.30000305175781,60.04999923706055,63.150001525878906,0.0,70161300
2023-01-09,67.23999786376953,67.23999786376953,0.0,69.31999969482422,65.66999816894531,66.22000122070312,0.0,69741300
2023-01-10,68.05000305175781,68.05000305175781,0.0,68.1500015258789,66.55999755859375,66.66999816894531,0.0,41149600
2023-01-11,69.05999755859375,69.05999755859375,0.0,69.12999725341797,67.22000122070312,68.38999938964844,0.0,44470100
2023-01-12,70.80000305175781,70.80000305175781,0.0,71.6500015258789,67.18000030517578,70.06999969482422,0.0,70066200
2023-01-13,71.0,71.0,0.0,71.0999984741211,69.2300033569336,69.83999633789062,0.0,45757400
2023-01-17,71.58999633789062,71.58999633789062,0.0,72.66000366210938,70.6500015258789,70.87000274658203,0.0,42621300
2023-01-18,70.52999877929688,70.52999877929688,0.0,72.77999877929688,70.5,71.87000274658203,0.0,39538700
2023-01-19,67.70999908447266,67.70999908447266,0.0,69.25,67.2699966430664,68.97000122070312,0.0,47189900
2023-01-20,70.06999969482422,70.06999969482422,0.0,70.12999725341797,67.44999694824219,68.01000213623047,0.0,47757600
2023-01-23,76.52999877929688,76.52999877929688,0.0,76.58999633789062,71.54000091552734,72.22000122070312,0.0,84293200
2023-01-24,74.69999694824219,74.69999694824219,0.0,75.63999938964844,73.41999816894531,73.75,0.0,60822600
2023-01-25,74.91000366210938,74.91000366210938,0.0,75.12000274658203,72.08999633789062,72.9000015258789,0.0,49932600
2023-01-26,75.16000366210938,75.16000366210938,0.0,77.08000183105469,74.27999877929688,76.5,0.0,49583900
2023-01-27,75.4000015258789,75.4000015258789,0.0,76.73999786376953,73.48999786376953,73.69999694824219,0.0,58118600
2023-01-30,72.44999694824219,72.44999694824219,0.0,74.63999938964844,72.4000015258789,74.2300033569336,0.0,48105200
2023-01-31,75.1500015258789,75.1500015258789,0.0,75.19999694824219,72.02999877929688,72.26000213623047,0.0,71669100
2023-02-01,84.63999938964844,84.63999938964844,0.0,85.4800033569336,77.87999725341797,78.47000122070312,0.0,152548200
2023-02-02,88.30999755859375,88.30999755859375,0.0,88.94000244140625,83.19999694824219,84.29000091552734,0.0,97762100
2023-02-03,86.08999633789062,86.08999633789062,0.0,88.80000305175781,85.83000183105469,86.66000366210938,0.0,66557800
2023-02-06,83.68000030517578,83.68000030517578,0.0,86.27999877929688,83.22000122070312,84.62999725341797,0.0,53008900
2023-02-07,85.91000366210938,85.91000366210938,0.0,86.25,82.5199966430664,84.31999969482422,0.0,65291900
2023-02-08,84.69000244140625,84.69000244140625,0.0,88.0,84.54000091552734,85.87999725341797,0.0,54140400
2023-02-09,83.20999908447266,83.20999908447266,0.0,86.66999816894531,82.76000213623047,85.87999725341797,0.0,46525400
2023-02-10,81.4800033569336,81.4800033569336,0.0,82.70999908447266,80.47000122070312,82.29000091552734,0.0,49332600
2023-02-13,83.12999725341797,83.12999725341797,0.0,84.1500015258789,80.9000015258789,81.56999969482422,0.0,45400000
2023-02-14,85.94999694824219,85.94999694824219,0.0,86.19000244140625,81.7699966430664,82.69999694824219,0.0,55979700
2023-02-15,85.18000030517578,85.18000030517578,0.0,85.88999938964844,83.31999969482422,85.0999984741211,0.0,46430200
2023-02-16,80.08000183105469,80.08000183105469,0.0,83.3499984741211,80.05000305175781,82.9800033569336,0.0,57755200
2023-02-17,78.5,78.5,0.0,79.6500015258789,77.37000274658203,79.5999984741211,0.0,47826600
2023-02-21,76.7699966430664,76.7699966430664,0.0,78.45999908447266,76.44999694824219,77.1500015258789,0.0,44045600
2023-02-22,76.61000061035156,76.61000061035156,0.0,78.12999725341797,75.91999816894531,76.93000030517578,0.0,50286800
2023-02-23,79.75,79.75,0.0,81.79000091552734,77.97000122070312,80.62999725341797,0.0,76391300
2023-02-24,78.08999633789062,78.08999633789062,0.0,78.80999755859375,76.94000244140625,77.75,0.0,46700000
2023-02-27,78.7699966430664,78.7699966430664,0.0,80.12000274658203,78.52999877929688,79.63999938964844,0.0,45617300
2023-02-28,78.58000183105469,78.58000183105469,0.0,80.13999938964844,77.41999816894531,77.87000274658203,0.0,44220100
2023-03-01,78.29000091552734,78.29000091552734,0.0,80.29000091552734,77.87999725341797,78.55000305175781,0.0,44266000
2023-03-02,80.44000244140625,80.44000244140625,0.0,80.91999816894531,76.6500015258789,77.56999969482422,0.0,60108600
2023-03-03,81.5199966430664,81.5199966430664,0.0,81.62999725341797,79.33999633789062,80.4000015258789,0.0,54536200
2023-03-06,81.16000366210938,81.16000366210938,0.0,83.30000305175781,81.04000091552734,82.02999877929688,0.0,54541300
2023-03-07,82.11000061035156,82.11000061035156,0.0,84.8499984741211,80.66999816894531,81.06999969482422,0.0,70959000
2023-03-08,85.37000274658203,85.37000274658203,0.0,85.7699966430664,82.27999877929688,82.79000091552734,0.0,69529800
2023-03-09,84.02999877929688,84.02999877929688,0.0,87.80999755859375,83.58999633789062,85.29000091552734,0.0,79496700
2023-03-10,82.66999816894531,82.66999816894531,0.0,85.44999694824219,81.62999725341797,84.47000122070312,0.0,70273600
2023-03-13,82.01000213623047,82.01000213623047,0.0,83.83000183105469,78.5199966430664,81.38999938964844,0.0,65269100
2023-03-14,87.44999694824219,87.44999694824219,0.0,88.30000305175781,83.58999633789062,83.66999816894531,0.0,66616300
2023-03-15,89.68000030517578,89.68000030517578,0.0,90.41999816894531,86.22000122070312,86.7699966430664,0.0,86177400
2023-03-16,96.5999984741211,96.5999984741211,0.0,96.69000244140625,89.0199966430664,89.72000122070312,0.0,115839200
2023-03-17,97.83999633789062,97.83999633789062,0.0,98.75,95.94000244140625,96.66000366210938,0.0,94080800
2023-03-20,96.80999755859375,96.80999755859375,0.0,96.94000244140625,92.9000015258789,96.30000305175781,0.0,92008900
2023-03-21,95.93000030517578,95.93000030517578,0.0,99.45999908447266,93.63999938964844,97.0,0.0,85285300
2023-03-22,97.58000183105469,97.58000183105469,0.0,101.69999694824219,95.63999938964844,95.6500015258789,0.0,110816300
2023-03-23,100.27999877929688,100.27999877929688,0.0,102.43000030517578,98.66999816894531,100.05000305175781,0.0,84088900
2023-03-24,97.94999694824219,97.94999694824219,0.0,99.5199966430664,96.73999786376953,99.18000030517578,0.0,64712400
2023-03-27,96.61000061035156,96.61000061035156,0.0,98.93000030517578,95.43000030517578,98.0199966430664,0.0,57461400
2023-03-28,94.55999755859375,94.55999755859375,0.0,96.94000244140625,92.87000274658203,96.7699966430664,0.0,59150100
2023-03-29,96.08999633789062,96.08999633789062,0.0,96.91000366210938,94.87000274658203,96.06999969482422,0.0,55326000
2023-03-30,97.87999725341797,97.87999725341797,0.0,99.52999877929688,97.25,98.0,0.0,59678500
2023-03-31,98.01000213623047,98.01000213623047,0.0,98.36000061035156,95.2699966430664,96.33999633789062,0.0,55861100
2023-04-03,96.55999755859375,96.55999755859375,0.0,96.79000091552734,94.80999755859375,96.69999694824219,0.0,50655300
2023-04-04,95.87000274658203,95.87000274658203,0.0,97.2699966430664,95.20999908447266,97.04000091552734,0.0,43195900
2023-04-05,92.55999755859375,92.55999755859375,0.0,94.5,91.36000061035156,94.3499984741211,0.0,52979300
2023-04-06,92.47000122070312,92.47000122070312,0.0,92.91000366210938,90.62000274658203,91.47000122070312,0.0,47778400
2023-04-10,95.4800033569336,95.4800033569336,0.0,95.80000305175781,91.0199966430664,91.31999969482422,0.0,52536300
2023-04-11,94.02999877929688,94.02999877929688,0.0,96.06999969482422,92.69000244140625,96.05999755859375,0.0,51935800
2023-04-12,92.33000183105469,92.33000183105469,0.0,95.0,91.73999786376953,94.97000122070312,0.0,53383100
2023-04-13,92.08999633789062,92.08999633789062,0.0,93.16000366210938,91.83000183105469,92.79000091552734,0.0,40572500
2023-04-14,91.75,91.75,0.0,92.97000122070312,90.5,91.81999969482422,0.0,38734800
2023-04-17,89.87000274658203,89.87000274658203,0.0,90.69000244140625,88.30000305175781,90.2300033569336,0.0,47250800
2023-04-18,89.77999877929688,89.77999877929688,0.0,92.16000366210938,89.33000183105469,91.61000061035156,0.0,46246300
2023-04-19,89.94000244140625,89.94000244140625,0.0,90.54000091552734,88.22000122070312,88.51000213623047,0.0,37344500
2023-04-20,90.11000061035156,90.11000061035156,0.0,91.58000183105469,88.7300033569336,88.83000183105469,0.0,47082700
2023-04-21,88.43000030517578,88.43000030517578,0.0,89.80000305175781,88.05999755859375,89.80000305175781,0.0,41118300
2023-04-24,87.56999969482422,87.56999969482422,0.0,88.63999938964844,86.33999633789062,88.11000061035156,0.0,40423800
2023-04-25,83.80000305175781,83.80000305175781,0.0,87.05999755859375,83.76000213623047,86.9000015258789,0.0,52771500
2023-04-26,85.94000244140625,85.94000244140625,0.0,87.3499984741211,85.31999969482422,86.51000213623047,0.0,47786600
2023-04-27,87.44000244140625,87.44000244140625,0.0,87.56999969482422,84.08999633789062,86.41000366210938,0.0,53087200
2023-04-28,89.37000274658203,89.37000274658203,0.0,89.75,86.44000244140625,87.0199966430664,0.0,50686100
2023-05-01,89.69000244140625,89.69000244140625,0.0,91.04000091552734,88.61000061035156,91.02999877929688,0.0,59358700
2023-05-02,89.91000366210938,89.91000366210938,0.0,90.45999908447266,88.12000274658203,89.31999969482422,0.0,70483500
2023-05-03,81.62000274658203,81.62000274658203,0.0,85.4800033569336,81.0199966430664,83.54000091552734,0.0,109482200
2023-05-04,86.61000061035156,86.61000061035156,0.0,91.63999938964844,81.11000061035156,81.56999969482422,0.0,122840500
2023-05-05,89.83999633789062,89.83999633789062,0.0,90.43000030517578,84.72000122070312,84.98999786376953,0.0,78491100
2023-05-08,95.04000091552734,95.04000091552734,0.0,95.66000366210938,89.16999816894531,89.98999786376953,0.0,95503200
2023-05-09,95.05999755859375,95.05999755859375,0.0,96.16000366210938,93.43000030517578,94.88999938964844,0.0,68674800
2023-05-10,97.0199966430664,97.0199966430664,0.0,99.94000244140625,96.12000274658203,96.41999816894531,0.0,95619500
2023-05-11,97.0999984741211,97.0999984741211,0.0,99.19000244140625,96.13999938964844,98.16000366210938,0.0,57061000
2023-05-12,95.26000213623047,95.26000213623047,0.0,97.44999694824219,93.68000030517578,96.83000183105469,0.0,53829700
2023-05-15,97.4000015258789,97.4000015258789,0.0,97.43000030517578,93.44999694824219,95.19999694824219,0.0,51749200
2023-05-16,101.4800033569336,101.4800033569336,0.0,103.27999877929688,97.30999755859375,97.38999938964844,0.0,90622900
2023-05-17,103.75,103.75,0.0,104.13999938964844,100.05000305175781,101.79000091552734,0.0,75240900
2023-05-18,107.93000030517578,107.93000030517578,0.0,108.0999984741211,103.93000030517578,103.9800033569336,0.0,74338700
2023-05-19,105.81999969482422,105.81999969482422,0.0,107.29000091552734,104.62000274658203,106.36000061035156,0.0,67880200
2023-05-22,108.0,108.0,0.0,108.79000091552734,103.48999786376953,104.68000030517578,0.0,65424200
2023-05-23,108.12000274658203,108.12000274658203,0.0,110.98999786376953,107.19000244140625,107.25,0.0,73099100
2023-05-24,108.2699966430664,108.2699966430664,0.0,108.91000366210938,105.63999938964844,105.9800033569336,0.0,65910500
2023-05-25,120.3499984741211,120.3499984741211,0.0,120.69000244140625,115.80000305175781,117.30999755859375,0.0,108514700
2023-05-26,127.02999877929688,127.02999877929688,0.0,127.43000030517578,120.88999938964844,122.45999908447266,0.0,92922800
2023-05-30,125.2699966430664,125.2699966430664,0.0,130.7899932861328,123.51000213623047,130.4199981689453,0.0,98902300
2023-05-31,118.20999908447266,118.20999908447266,0.0,123.95999908447266,117.86000061035156,122.41999816894531,0.0,87552200
2023-06-01,119.47000122070312,119.47000122070312,0.0,121.27999877929688,116.5999984741211,117.29000091552734,0.0,66032900
2023-06-02,117.86000061035156,117.86000061035156,0.0,121.66000366210938,117.68000030517578,120.75,0.0,52382400
2023-06-05,117.93000030517578,117.93000030517578,0.0,119.31999969482422,116.41999816894531,116.58999633789062,0.0,52602900
2023-06-06,124.2300033569336,124.2300033569336,0.0,124.41999816894531,117.73999786376953,117.91000366210938,0.0,75257500
2023-06-07,117.83000183105469,117.83000183105469,0.0,125.33999633789062,117.06999969482422,124.02999877929688,0.0,81755200
2023-06-08,121.05000305175781,121.05000305175781,0.0,122.20999908447266,117.05000305175781,118.30000305175781,0.0,65246900
2023-06-09,124.91999816894531,124.91999816894531,0.0,127.25,123.55000305175781,123.56999969482422,0.0,75105000
2023-06-12,129.19000244140625,129.19000244140625,0.0,130.47999572753906,126.4000015258789,128.52000427246094,0.0,85394700
2023-06-13,124.52999877929688,124.52999877929688,0.0,132.8300018310547,122.44999694824219,132.32000732421875,0.0,132461900
2023-06-14,127.33000183105469,127.33000183105469,0.0,127.7300033569336,123.80999755859375,126.52999877929688,0.0,95888100
2023-06-15,124.23999786376953,124.23999786376953,0.0,125.69999694824219,122.26000213623047,125.38999938964844,0.0,85587100
2023-06-16,120.08000183105469,120.08000183105469,0.0,125.8499984741211,119.9000015258789,125.81999969482422,0.0,82007100
2023-06-20,118.93000030517578,118.93000030517578,0.0,121.75,117.69999694824219,119.08999633789062,0.0,58851800
2023-06-21,112.11000061035156,112.11000061035156,0.0,119.19000244140625,111.66999816894531,118.48999786376953,0.0,82835600
2023-06-22,110.69999694824219,110.69999694824219,0.0,114.0,109.8499984741211,112.23999786376953,0.0,70754800
2023-06-23,110.01000213623047,110.01000213623047,0.0,111.0999984741211,107.45999908447266,109.30999755859375,0.0,73622000
2023-06-26,107.51000213623047,107.51000213623047,0.0,112.55000305175781,107.19999694824219,110.94999694824219,0.0,68557000
2023-06-27,110.38999938964844,110.38999938964844,0.0,110.97000122070312,107.08000183105469,108.56999969482422,0.0,59381600
2023-06-28,110.16999816894531,110.16999816894531,0.0,111.77999877929688,107.62999725341797,108.20999908447266,0.0,67534100
2023-06-29,111.23999786376953,111.23999786376953,0.0,112.76000213623047,109.83999633789062,112.06999969482422,0.0,58347200
2023-06-30,113.91000366210938,113.91000366210938,0.0,114.69000244140625,112.41000366210938,113.02999877929688,0.0,53378800
2023-07-03,115.81999969482422,115.81999969482422,0.0,116.7300033569336,114.51000213623047,115.16000366210938,0.0,31860000
2023-07-05,113.94999694824219,113.94999694824219,0.0,117.66000366210938,113.86000061035156,116.0999984741211,0.0,49501600
2023-07-06,113.4800033569336,113.4800033569336,0.0,113.79000091552734,110.30999755859375,112.06999969482422,0.0,42342000
2023-07-07,113.16999816894531,113.16999816894531,0.0,115.33000183105469,113.04000091552734,114.16000366210938,0.0,37211300
2023-07-10,113.58000183105469,113.58000183105469,0.0,113.61000061035156,109.87999725341797,113.0,0.0,49330200
2023-07-11,111.31999969482422,111.31999969482422,0.0,113.2699966430664,109.5,111.66000366210938,0.0,59899500
2023-07-12,114.58000183105469,114.58000183105469,0.0,115.4000015258789,112.30999755859375,112.88999938964844,0.0,57993100
2023-07-13,115.91999816894531,115.91999816894531,0.0,116.16000366210938,113.58000183105469,115.76000213623047,0.0,49206700
2023-07-14,115.94000244140625,115.94000244140625,0.0,122.12000274658203,115.25,116.16999816894531,0.0,91927200
2023-07-17,118.31999969482422,118.31999969482422,0.0,118.83999633789062,112.7300033569336,115.94999694824219,0.0,68593300
2023-07-18,117.93000030517578,117.93000030517578,0.0,118.43000030517578,115.19000244140625,117.55000305175781,0.0,57980100
2023-07-19,116.43000030517578,116.43000030517578,0.0,121.66999816894531,115.55000305175781,121.30000305175781,0.0,70363100
2023-07-20,110.25,110.25,0.0,115.05000305175781,109.23999786376953,114.95999908447266,0.0,76340400
2023-07-21,110.94999694824219,110.94999694824219,0.0,112.30000305175781,109.54000091552734,110.97000122070312,0.0,76815400
2023-07-24,110.61000061035156,110.61000061035156,0.0,111.30999755859375,108.55000305175781,110.62000274658203,0.0,45583600
2023-07-25,113.0,113.0,0.0,114.05000305175781,111.0,111.13999938964844,0.0,44916300
2023-07-26,110.08999633789062,110.08999633789062,0.0,112.36000061035156,109.30000305175781,111.91000366210938,0.0,51721700
2023-07-27,111.0999984741211,111.0999984741211,0.0,115.08000183105469,110.51000213623047,111.79000091552734,0.0,70678000
2023-07-28,112.95999908447266,112.95999908447266,0.0,114.86000061035156,112.44000244140625,113.37999725341797,0.0,55526000
2023-07-31,114.4000015258789,114.4000015258789,0.0,114.68000030517578,112.3499984741211,114.16000366210938,0.0,54187300
2023-08-01,117.5999984741211,117.5999984741211,0.0,118.19000244140625,113.16000366210938,114.26000213623047,0.0,95279300
2023-08-02,109.3499984741211,109.3499984741211,0.0,119.5,107.37999725341797,119.48999786376953,0.0,173372000
2023-08-03,113.1500015258789,113.1500015258789,0.0,114.95999908447266,108.94999694824219,108.94999694824219,0.0,90605400
2023-08-04,115.81999969482422,115.81999969482422,0.0,118.8499984741211,113.95999908447266,114.4800033569336,0.0,83169700
2023-08-07,116.80999755859375,116.80999755859375,0.0,119.08000183105469,115.48999786376953,116.36000061035156,0.0,65854800
2023-08-08,113.2300033569336,113.2300033569336,0.0,115.45999908447266,111.41000366210938,114.94000244140625,0.0,54141800
2023-08-09,110.47000122070312,110.47000122070312,0.0,113.1500015258789,108.77999877929688,112.88999938964844,0.0,56257100
2023-08-10,110.2300033569336,110.2300033569336,0.0,113.88999938964844,109.47000122070312,111.30000305175781,0.0,57297800
2023-08-11,107.56999969482422,107.56999969482422,0.0,109.06999969482422,106.4800033569336,108.8499984741211,0.0,55667700
2023-08-14,111.9800033569336,111.9800033569336,0.0,111.98999786376953,105.41999816894531,106.75,0.0,57421800
2023-08-15,111.3499984741211,111.3499984741211,0.0,113.18000030517578,110.16999816894531,111.98999786376953,0.0,53816600
2023-08-16,107.19000244140625,107.19000244140625,0.0,110.44000244140625,106.9800033569336,110.08999633789062,0.0,54327300
2023-08-17,104.44000244140625,104.44000244140625,0.0,107.8499984741211,104.0999984741211,107.62000274658203,0.0,59064300
2023-08-18,105.44999694824219,105.44999694824219,0.0,106.06999969482422,101.68000030517578,102.4000015258789,0.0,59916700
2023-08-21,108.22000122070312,108.22000122070312,0.0,108.54000091552734,105.66999816894531,106.19999694824219,0.0,49319200
2023-08-22,105.66000366210938,105.66000366210938,0.0,109.72000122070312,104.8499984741211,109.4000015258789,0.0,47295200
2023-08-23,109.43000030517578,109.43000030517578,0.0,110.08000183105469,105.0,105.6500015258789,0.0,54656300
2023-08-24,101.80000305175781,101.80000305175781,0.0,111.63999938964844,100.87000274658203,111.05999755859375,0.0,109179100
2023-08-25,102.25,102.25,0.0,104.12000274658203,99.58000183105469,101.16999816894531,0.0,74793100
2023-08-28,102.61000061035156,102.61000061035156,0.0,104.06999969482422,100.88999938964844,103.47000122070312,0.0,55386800
2023-08-29,105.91999816894531,105.91999816894531,0.0,106.56999969482422,101.79000091552734,102.11000061035156,0.0,50850300
2023-08-30,106.58999633789062,106.58999633789062,0.0,107.66999816894531,104.5,105.4000015258789,0.0,54847300
2023-08-31,105.72000122070312,105.72000122070312,0.0,108.05999755859375,104.86000061035156,106.19000244140625,0.0,58919000
2023-09-01,109.44999694824219,109.44999694824219,0.0,110.05999755859375,106.61000061035156,107.0,0.0,54856100
2023-09-05,110.77999877929688,110.77999877929688,0.0,111.81999969482422,106.30000305175781,109.0,0.0,66042200
2023-09-06,109.27999877929688,109.27999877929688,0.0,111.33000183105469,108.22000122070312,110.55999755859375,0.0,47736700
2023-09-07,106.58999633789062,106.58999633789062,0.0,107.69000244140625,105.08999633789062,106.13999938964844,0.0,49080100
2023-09-08,106.08999633789062,106.08999633789062,0.0,109.73999786376953,105.75,107.0199966430664,0.0,46232000
2023-09-11,105.31999969482422,105.31999969482422,0.0,107.51000213623047,103.0,107.31999969482422,0.0,50611300
2023-09-12,105.30999755859375,105.30999755859375,0.0,106.73999786376953,103.18000030517578,104.19999694824219,0.0,44413600
2023-09-13,107.70999908447266,107.70999908447266,0.0,108.73999786376953,104.83000183105469,105.0999984741211,0.0,44702300
2023-09-14,106.62999725341797,106.62999725341797,0.0,109.1500015258789,106.22000122070312,108.43000030517578,0.0,45920600
2023-09-15,101.48999786376953,101.48999786376953,0.0,106.76000213623047,101.27999877929688,106.06999969482422,0.0,71103600
2023-09-18,102.37000274658203,102.37000274658203,0.0,102.98999786376953,99.44999694824219,100.81999969482422,0.0,49061300
2023-09-19,101.61000061035156,101.61000061035156,0.0,102.86000061035156,100.69999694824219,101.75,0.0,41704100
2023-09-20,100.33999633789062,100.33999633789062,0.0,103.94000244140625,100.27999877929688,102.36000061035156,0.0,55180600
2023-09-21,96.11000061035156,96.11000061035156,0.0,98.87000274658203,95.83999633789062,98.5999984741211,0.0,59704300
2023-09-22,96.19999694824219,96.19999694824219,0.0,98.41999816894531,95.61000061035156,96.91999816894531,0.0,52169400
2023-09-25,97.37999725341797,97.37999725341797,0.0,97.44999694824219,94.45999908447266,95.94999694824219,0.0,43223700
2023-09-26,95.95999908447266,95.95999908447266,0.0,97.83000183105469,95.2699966430664,96.5,0.0,42866500
2023-09-27,98.06999969482422,98.06999969482422,0.0,99.2300033569336,96.3499984741211,96.81999969482422,0.0,51261500
2023-09-28,102.76000213623047,102.76000213623047,0.0,104.19999694824219,97.76000213623047,97.94000244140625,0.0,72542100
2023-09-29,102.81999969482422,102.81999969482422,0.0,104.94000244140625,102.55999755859375,104.69000244140625,0.0,56078600
2023-10-02,103.2699966430664,103.2699966430664,0.0,103.70999908447266,101.69999694824219,102.20999908447266,0.0,45118600
2023-10-03,100.08000183105469,100.08000183105469,0.0,103.29000091552734,99.16999816894531,101.80000305175781,0.0,48117000
2023-10-04,104.06999969482422,104.06999969482422,0.0,104.4000015258789,100.33999633789062,100.6500015258789,0.0,51023200
2023-10-05,102.91000366210938,102.91000366210938,0.0,103.73999786376953,100.2699966430664,103.41000366210938,0.0,51789700
2023-10-06,107.23999786376953,107.23999786376953,0.0,107.87000274658203,102.02999877929688,102.16000366210938,0.0,64864100
2023-10-09,106.97000122070312,106.97000122070312,0.0,107.30999755859375,104.79000091552734,106.01000213623047,0.0,39593200
2023-10-10,109.01000213623047,109.01000213623047,0.0,110.12000274658203,106.4000015258789,107.48999786376953,0.0,57105500
2023-10-11,108.30999755859375,108.30999755859375,0.0,110.0999984741211,106.93000030517578,109.13999938964844,0.0,51085600
2023-10-12,108.79000091552734,108.79000091552734,0.0,111.30999755859375,107.51000213623047,108.4000015258789,0.0,60959400
2023-10-13,105.08999633789062,105.08999633789062,0.0,108.97000122070312,104.75,108.6500015258789,0.0,52881500
2023-10-16,106.45999908447266,106.45999908447266,0.0,107.4800033569336,105.02999877929688,105.41999816894531,0.0,42464500
2023-10-17,105.13999938964844,105.13999938964844,0.0,106.29000091552734,101.66000366210938,103.54000091552734,0.0,49642100
2023-10-18,102.16999816894531,102.16999816894531,0.0,104.77999877929688,101.73999786376953,103.37999725341797,0.0,50450000
2023-10-19,102.4000015258789,102.4000015258789,0.0,105.5999984741211,101.83999633789062,103.80999755859375,0.0,52734200
2023-10-20,101.80999755859375,101.80999755859375,0.0,104.33999633789062,101.44000244140625,102.27999877929688,0.0,61317900
2023-10-23,100.01000213623047,100.01000213623047,0.0,102.41999816894531,99.31999969482422,100.80999755859375,0.0,50817400
2023-10-24,101.66999816894531,101.66999816894531,0.0,101.79000091552734,99.37999725341797,100.97000122070312,0.0,51982900
2023-10-25,96.05999755859375,96.05999755859375,0.0,101.02999877929688,95.2300033569336,100.41999816894531,0.0,53424500
2023-10-26,93.66999816894531,93.66999816894531,0.0,97.5199966430664,93.12000274658203,95.98999786376953,0.0,49896400
2023-10-27,96.43000030517578,96.43000030517578,0.0,97.3499984741211,94.58999633789062,95.80000305175781,0.0,52458700
2023-10-30,96.18000030517578,96.18000030517578,0.0,97.04000091552734,94.69999694824219,96.13999938964844,0.0,43716600
2023-10-31,98.5,98.5,0.0,98.81999969482422,94.06999969482422,96.23999786376953,0.0,79547100
2023-11-01,108.04000091552734,108.04000091552734,0.0,108.1500015258789,98.5,98.58000183105469,0.0,138641500
2023-11-02,107.83000183105469,107.83000183105469,0.0,109.41000366210938,105.91000366210938,107.95999908447266,0.0,71377000
2023-11-03,112.25,112.25,0.0,113.38999938964844,107.86000061035156,109.05000305175781,0.0,65632200
2023-11-06,111.75,111.75,0.0,113.08000183105469,110.22000122070312,112.5999984741211,0.0,49270400
2023-11-07,113.44999694824219,113.44999694824219,0.0,114.6500015258789,111.22000122070312,111.86000061035156,0.0,50550200
2023-11-08,113.58999633789062,113.58999633789062,0.0,115.31999969482422,112.87999725341797,113.55000305175781,0.0,41880600
2023-11-09,113.48999786376953,113.48999786376953,0.0,115.80999755859375,113.05999755859375,114.0999984741211,0.0,61146900
2023-11-10,118.58999633789062,118.58999633789062,0.0,119.69999694824219,114.02999877929688,114.3499984741211,0.0,75135900
2023-11-13,116.79000091552734,116.79000091552734,0.0,118.68000030517578,116.0,118.33999633789062,0.0,46741900
2023-11-14,119.87999725341797,119.87999725341797,0.0,122.11000061035156,119.22000122070312,119.69999694824219,0.0,61017400
2023-11-15,118.0,118.0,0.0,120.58999633789062,116.87000274658203,120.54000091552734,0.0,59555600
2023-11-16,119.83000183105469,119.83000183105469,0.0,120.7300033569336,116.41000366210938,117.19999694824219,0.0,49661900
2023-11-17,120.62000274658203,120.62000274658203,0.0,121.48999786376953,118.81999969482422,119.63999938964844,0.0,38508900
2023-11-20,121.52999877929688,121.52999877929688,0.0,121.93000030517578,120.06999969482422,120.69999694824219,0.0,43138700
2023-11-21,119.16000366210938,119.16000366210938,0.0,120.6500015258789,117.94000244140625,120.54000091552734,0.0,41064800
2023-11-22,122.51000213623047,122.51000213623047,0.0,124.76000213623047,119.94999694824219,120.0,0.0,56862200
2023-11-24,122.30999755859375,122.30999755859375,0.0,123.25,121.54000091552734,122.02999877929688,0.0,19001000
2023-11-27,122.6500015258789,122.6500015258789,0.0,123.88999938964844,121.7699966430664,122.06999969482422,0.0,32743000
2023-11-28,122.01000213623047,122.01000213623047,0.0,122.54000091552734,120.79000091552734,121.9800033569336,0.0,32047100
2023-11-29,123.8499984741211,123.8499984741211,0.0,125.7300033569336,123.4800033569336,123.9800033569336,0.0,37876300
2023-11-30,121.16000366210938,121.16000366210938,0.0,124.05000305175781,119.6500015258789,123.61000061035156,0.0,44494200
2023-12-01,121.38999938964844,121.38999938964844,0.0,121.4000015258789,118.6500015258789,119.87999725341797,0.0,37048000
2023-12-04,118.56999969482422,118.56999969482422,0.0,119.9000015258789,116.37000274658203,119.75,0.0,39854400
2023-12-05,118.37999725341797,118.37999725341797,0.0,118.48999786376953,116.44999694824219,117.43000030517578,0.0,39191600
2023-12-06,116.81999969482422,116.81999969482422,0.0,122.83000183105469,116.37999725341797,120.69000244140625,0.0,60599000
2023-12-07,128.3699951171875,128.3699951171875,0.0,128.67999267578125,119.55999755859375,120.79000091552734,0.0,118579100
2023-12-08,128.9199981689453,128.9199981689453,0.0,131.0,126.88999938964844,129.5399932861328,0.0,89341000
2023-12-11,134.41000366210938,134.41000366210938,0.0,135.0399932861328,128.25,130.55999755859375,0.0,98668300
2023-12-12,137.61000061035156,137.61000061035156,0.0,139.88999938964844,131.89999389648438,132.25,0.0,111677800
2023-12-13,138.19000244140625,138.19000244140625,0.0,139.24000549316406,136.02999877929688,137.97000122070312,0.0,70651600
2023-12-14,138.0,138.0,0.0,141.82000732421875,135.72999572753906,138.88999938964844,0.0,76115200
2023-12-15,139.14999389648438,139.14999389648438,0.0,140.88999938964844,137.25,139.52000427246094,0.0,70211800
2023-12-18,138.89999389648438,138.89999389648438,0.0,139.7899932861328,137.64999389648438,139.14999389648438,0.0,45199500
2023-12-19,140.14999389648438,140.14999389648438,0.0,143.47000122070312,138.55999755859375,138.57000732421875,0.0,63739800
2023-12-20,135.47000122070312,135.47000122070312,0.0,139.5800018310547,135.3699951171875,139.0,0.0,54671700
2023-12-21,139.91000366210938,139.91000366210938,0.0,139.97999572753906,137.3800048828125,138.13999938964844,0.0,47179400
2023-12-22,139.60000610351562,139.60000610351562,0.0,140.6999969482422,138.30999755859375,140.47999572753906,0.0,35396600
2023-12-26,143.41000366210938,143.41000366210938,0.0,143.85000610351562,139.9199981689453,140.07000732421875,0.0,47157400
2023-12-27,146.07000732421875,146.07000732421875,0.0,146.25,143.17999267578125,144.72000122070312,0.0,49033400
2023-12-28,148.75999450683594,148.75999450683594,0.0,150.41000366210938,145.9499969482422,146.8000030517578,0.0,63800700
2023-12-29,147.41000366210938,147.41000366210938,0.0,151.0500030517578,147.1999969482422,149.5,0.0,62079200
2024-01-02,138.5800018310547,138.5800018310547,0.0,144.39999389648438,137.42999267578125,144.27999877929688,0.0,64902000
2024-01-03,135.32000732421875,135.32000732421875,0.0,137.42999267578125,133.74000549316406,135.7100067138672,0.0,61988600
2024-01-04,136.00999450683594,136.00999450683594,0.0,137.6999969482422,134.0,134.3000030517578,0.0,58610300
2024-01-05,138.5800018310547,138.5800018310547,0.0,141.00999450683594,136.44000244140625,136.77999877929688,0.0,69657700
2024-01-08,146.17999267578125,146.17999267578125,0.0,147.14999389648438,140.14999389648438,140.36000061035156,0.0,71756900
2024-01-09,149.25999450683594,149.25999450683594,0.0,149.86000061035156,145.0800018310547,145.9499969482422,0.0,67875700
2024-01-10,148.5399932861328,148.5399932861328,0.0,150.8800048828125,146.64999389648438,150.07000732421875,0.0,56951200
2024-01-11,148.02000427246094,148.02000427246094,0.0,150.3800048828125,143.69000244140625,148.52000427246094,0.0,62764600
2024-01-12,146.55999755859375,146.55999755859375,0.0,148.75,145.0,148.0399932861328,0.0,48293100
2024-01-16,158.74000549316406,158.74000549316406,0.0,159.72000122070312,149.97999572753906,150.36000061035156,0.0,112711400
2024-01-17,160.1699981689453,160.1699981689453,0.0,160.63999938964844,154.39999389648438,158.4499969482422,0.0,104085000
2024-01-18,162.6699981689453,162.6699981689453,0.0,168.60000610351562,158.22000122070312,166.1999969482422,0.0,131864900
2024-01-19,174.22999572753906,174.22999572753906,0.0,174.25,162.1999969482422,165.8000030517578,0.0,140367900
2024-01-22,168.17999267578125,168.17999267578125,0.0,174.72000122070312,164.14999389648438,174.38999938964844,0.0,122973800
2024-01-23,168.4199981689453,168.4199981689453,0.0,169.6300048828125,164.27000427246094,166.5,0.0,76830500
2024-01-24,178.2899932861328,178.2899932861328,0.0,180.5800018310547,170.55999755859375,172.5500030517578,0.0,125516400
2024-01-25,180.3300018310547,180.3300018310547,0.0,184.9199981689453,177.6300048828125,183.41000366210938,0.0,127171400
2024-01-26,177.25,177.25,0.0,181.22999572753906,174.14999389648438,175.2899932861328,0.0,107381200
2024-01-29,177.8300018310547,177.8300018310547,0.0,178.88999938964844,174.39999389648438,178.77000427246094,0.0,89384500
2024-01-30,172.05999755859375,172.05999755859375,0.0,178.47999572753906,169.52000427246094,176.1300048828125,0.0,122265700
2024-01-31,167.69000244140625,167.69000244140625,0.0,171.3000030517578,162.55999755859375,165.74000549316406,0.0,133157300
2024-02-01,170.47999572753906,170.47999572753906,0.0,171.13999938964844,165.86000061035156,169.27000427246094,0.0,91576700
2024-02-02,177.66000366210938,177.66000366210938,0.0,179.0,173.0500030517578,173.7899932861328,0.0,82134300
2024-02-05,174.22999572753906,174.22999572753906,0.0,180.00999450683594,171.11000061035156,179.08999633789062,0.0,76349200
2024-02-06,167.8800048828125,167.8800048828125,0.0,173.8800048828125,165.5,173.14999389648438,0.0,68854100
2024-02-07,170.94000244140625,170.94000244140625,0.0,172.97000122070312,168.1999969482422,169.47000122070312,0.0,53665400
2024-02-08,169.35000610351562,169.35000610351562,0.0,172.1699981689453,168.60000610351562,170.3300018310547,0.0,43385300
2024-02-09,172.47999572753906,172.47999572753906,0.0,175.10000610351562,168.66000366210938,171.0,0.0,56375700
2024-02-12,171.91000366210938,171.91000366210938,0.0,177.41000366210938,170.6699981689453,172.67999267578125,0.0,58177100
2024-02-13,171.5399932861328,171.5399932861328,0.0,173.1699981689453,164.3000030517578,167.94000244140625,0.0,63071300
2024-02-14,178.6999969482422,178.6999969482422,0.0,178.74000549316406,172.8800048828125,173.47000122070312,0.0,57402500
2024-02-15,176.75999450683594,176.75999450683594,0.0,180.5,175.25999450683594,179.13999938964844,0.0,51126400
2024-02-16,173.8699951171875,173.8699951171875,0.0,180.3300018310547,173.25,177.4499969482422,0.0,53940300
2024-02-20,165.69000244140625,165.69000244140625,0.0,171.80999755859375,162.0,171.13999938964844,0.0,66550000
2024-02-21,164.2899932861328,164.2899932861328,0.0,164.89999389648438,161.80999755859375,162.74000549316406,0.0,48365700
2024-02-22,181.86000061035156,181.86000061035156,0.0,183.8300018310547,172.0,173.1999969482422,0.0,100684700
2024-02-23,176.52000427246094,176.52000427246094,0.0,183.8000030517578,174.5500030517578,181.86000061035156,0.0,69207400
2024-02-26,176.00999450683594,176.00999450683594,0.0,179.83999633789062,174.80999755859375,178.77999877929688,0.0,45435100
2024-02-27,178.0,178.0,0.0,178.4600067138672,172.49000549316406,175.9199981689453,0.0,43665200
2024-02-28,176.5399932861328,176.5399932861328,0.0,176.83999633789062,173.58999633789062,176.25,0.0,35914400
2024-02-29,192.52999877929688,192.52999877929688,0.0,193.0,179.82000732421875,179.82000732421875,0.0,105538500
2024-03-01,202.63999938964844,202.63999938964844,0.0,202.72000122070312,195.4199981689453,197.91000366210938,0.0,103820800
2024-03-04,205.36000061035156,205.36000061035156,0.0,211.00999450683594,203.5,205.16000366210938,0.0,86835300
2024-03-05,205.1300048828125,205.1300048828125,0.0,205.3300018310547,199.14999389648438,200.5,0.0,65407100
2024-03-06,210.6300048828125,210.6300048828125,0.0,214.80999755859375,207.32000732421875,210.42999267578125,0.0,86687000
2024-03-07,211.3800048828125,211.3800048828125,0.0,213.8300018310547,208.22000122070312,212.52000427246094,0.0,63869000
2024-03-08,207.38999938964844,207.38999938964844,0.0,227.3000030517578,205.60000610351562,213.41000366210938,0.0,120815200
2024-03-11,198.38999938964844,198.38999938964844,0.0,203.5500030517578,196.6999969482422,203.00999450683594,0.0,73098600
2024-03-12,202.75999450683594,202.75999450683594,0.0,202.85000610351562,194.27000427246094,200.52000427246094,0.0,68951700
2024-03-13,194.7899932861328,194.7899932861328,0.0,198.8300018310547,192.6999969482422,198.72999572753906,0.0,70526900
2024-03-14,187.05999755859375,187.05999755859375,0.0,196.92999267578125,184.02999877929688,192.9199981689453,0.0,84490500
2024-03-15,191.05999755859375,191.05999755859375,0.0,193.8000030517578,184.47999572753906,184.8300018310547,0.0,95289500
2024-03-18,190.64999389648438,190.64999389648438,0.0,193.5,188.0500030517578,193.2899932861328,0.0,59306900
2024-03-19,181.4199981689453,181.4199981689453,0.0,185.61000061035156,177.36000061035156,183.16000366210938,0.0,83509500
2024-03-20,179.72999572753906,179.72999572753906,0.0,182.67999267578125,174.0,182.02999877929688,0.0,81773100
2024-03-21,178.67999267578125,178.67999267578125,0.0,187.69000244140625,177.66000366210938,185.97000122070312,0.0,75265600
2024-03-22,179.64999389648438,179.64999389648438,0.0,180.75999450683594,175.0500030517578,177.2100067138672,0.0,57899100
2024-03-25,178.6300048828125,178.6300048828125,0.0,182.8000030517578,172.0,172.89999389648438,0.0,71935300
2024-03-26,177.8699951171875,177.8699951171875,0.0,182.60000610351562,176.3300018310547,179.5399932861328,0.0,65322400
2024-03-27,179.58999633789062,179.58999633789062,0.0,181.22999572753906,175.39999389648438,179.9600067138672,0.0,55685600
2024-03-28,180.49000549316406,180.49000549316406,0.0,183.39999389648438,178.3000030517578,179.47000122070312,0.0,57628600
2024-04-01,183.33999633789062,183.33999633789062,0.0,187.24000549316406,179.89999389648438,180.10000610351562,0.0,74299900
2024-04-02,178.6999969482422,178.6999969482422,0.0,180.10000610351562,174.8300018310547,179.47000122070312,0.0,61598800
2024-04-03,180.77000427246094,180.77000427246094,0.0,182.0500030517578,176.6999969482422,177.5399932861328,0.0,49835100
2024-04-04,165.8300018310547,165.8300018310547,0.0,183.02000427246094,165.64999389648438,182.9199981689453,0.0,88280000
2024-04-05,170.4199981689453,170.4199981689453,0.0,172.69000244140625,165.5800018310547,168.10000610351562,0.0,66080300
2024-04-08,169.89999389648438,169.89999389648438,0.0,171.66000366210938,166.82000732421875,168.1999969482422,0.0,43997500
2024-04-09,170.77999877929688,170.77999877929688,0.0,171.60000610351562,167.2899932861328,170.2100067138672,0.0,42886100
2024-04-10,167.13999938964844,167.13999938964844,0.0,169.77999877929688,164.0,166.7100067138672,0.0,59600000
2024-04-11,170.5,170.5,0.0,170.9499969482422,166.5500030517578,167.5500030517578,0.0,48994500
2024-04-12,163.27999877929688,163.27999877929688,0.0,165.6999969482422,161.82000732421875,164.52999877929688,0.0,63519600
2024-04-15,160.32000732421875,160.32000732421875,0.0,164.44000244140625,158.75999450683594,164.42999267578125,0.0,61461200
2024-04-16,163.4600067138672,163.4600067138672,0.0,164.8800048828125,161.6699981689453,162.27999877929688,0.0,55302100
2024-04-17,154.02000427246094,154.02000427246094,0.0,164.4499969482422,153.8800048828125,163.97000122070312,0.0,75909000
2024-04-18,155.0800018310547,155.0800018310547,0.0,156.9600067138672,152.32000732421875,155.50999450683594,0.0,52669800
2024-04-19,146.63999938964844,146.63999938964844,0.0,154.25,145.2899932861328,151.58999633789062,0.0,71618200
2024-04-22,148.63999938964844,148.63999938964844,0.0,149.88999938964844,145.6300048828125,148.14999389648438,0.0,49397000
2024-04-23,152.27000427246094,152.27000427246094,0.0,153.5,150.35000610351562,151.64999389648438,0.0,46051900
2024-04-24,151.74000549316406,151.74000549316406,0.0,157.66000366210938,150.6300048828125,156.55999755859375,0.0,43412600
2024-04-25,153.75999450683594,153.75999450683594,0.0,155.13999938964844,146.75,149.14999389648438,0.0,41471400
2024-04-26,157.39999389648438,157.39999389648438,0.0,158.6300048828125,153.42999267578125,154.24000549316406,0.0,42510700
2024-04-29,160.1999969482422,160.1999969482422,0.0,160.77000427246094,156.25999450683594,159.0800018310547,0.0,43478200
2024-04-30,158.3800048828125,158.3800048828125,0.0,162.2899932861328,158.35000610351562,160.6300048828125,0.0,60742800
2024-05-01,144.27000427246094,144.27000427246094,0.0,151.3699951171875,142.13999938964844,148.11000061035156,0.0,89413200
2024-05-02,146.16000366210938,146.16000366210938,0.0,147.6199951171875,141.16000366210938,145.50999450683594,0.0,50034700
2024-05-03,150.60000610351562,150.60000610351562,0.0,150.7899932861328,147.24000549316406,148.75,0.0,49361100
2024-05-06,155.77999877929688,155.77999877929688,0.0,156.64999389648438,151.25999450683594,153.10000610351562,0.0,44624500
2024-05-07,154.42999267578125,154.42999267578125,0.0,157.6999969482422,153.66000366210938,156.32000732421875,0.0,37374900
2024-05-08,153.6199951171875,153.6199951171875,0.0,155.3300018310547,152.52000427246094,153.39999389648438,0.0,28728000
2024-05-09,152.38999938964844,152.38999938964844,0.0,154.08999633789062,150.61000061035156,153.1300048828125,0.0,33018000
2024-05-10,151.9199981689453,151.9199981689453,0.0,156.3699951171875,151.30999755859375,154.2899932861328,0.0,37652800
2024-05-13,150.55999755859375,150.55999755859375,0.0,153.3300018310547,150.39999389648438,151.27999877929688,0.0,27859200
2024-05-14,153.16000366210938,153.16000366210938,0.0,153.49000549316406,148.77999877929688,150.42999267578125,0.0,31938300
2024-05-15,159.6699981689453,159.6699981689453,0.0,159.69000244140625,154.6999969482422,155.58999633789062,0.0,43195900
2024-05-16,162.6199951171875,162.6199951171875,0.0,168.05999755859375,159.89999389648438,160.9199981689453,0.0,76726700
2024-05-17,164.47000122070312,164.47000122070312,0.0,169.72000122070312,162.32000732421875,168.42999267578125,0.0,65944400
2024-05-20,166.3300018310547,166.3300018310547,0.0,168.49000549316406,164.47000122070312,165.5500030517578,0.0,45618000
2024-05-21,164.66000366210938,164.66000366210938,0.0,165.8300018310547,163.10000610351562,164.0,0.0,30005500
2024-05-22,165.52000427246094,165.52000427246094,0.0,169.80999755859375,163.86000061035156,167.41000366210938,0.0,47426700
2024-05-23,160.42999267578125,160.42999267578125,0.0,173.13999938964844,158.27000427246094,170.17999267578125,0.0,91888800
2024-05-24,166.36000061035156,166.36000061035156,0.0,167.66000366210938,160.25,161.41000366210938,0.0,54868600
2024-05-28,171.61000061035156,171.61000061035156,0.0,174.5500030517578,164.9600067138672,169.4199981689453,0.0,66495400
2024-05-29,165.13999938964844,165.13999938964844,0.0,168.47999572753906,162.91000366210938,167.4600067138672,0.0,56537500
2024-05-30,166.75,166.75,0.0,168.75,163.8000030517578,167.89999389648438,0.0,46367000
2024-05-31,166.89999389648438,166.89999389648438,0.0,169.5,160.07000732421875,166.64999389648438,0.0,64331900
2024-06-03,163.5500030517578,163.5500030517578,0.0,171.0800018310547,160.91000366210938,170.82000732421875,0.0,59157600
2024-06-04,159.99000549316406,159.99000549316406,0.0,164.8300018310547,158.8699951171875,162.83999633789062,0.0,48157200
2024-06-05,166.1699981689453,166.1699981689453,0.0,167.1199951171875,161.3800048828125,162.07000732421875,0.0,60507500
2024-06-06,166.77999877929688,166.77999877929688,0.0,169.50999450683594,163.86000061035156,165.4600067138672,0.0,47153700
2024-06-07,167.8699951171875,167.8699951171875,0.0,169.4499969482422,165.86000061035156,166.58999633789062,0.0,44796000
2024-06-10,160.33999633789062,160.33999633789062,0.0,165.5500030517578,159.61000061035156,162.47999572753906,0.0,67444600
2024-06-11,158.9600067138672,158.9600067138672,0.0,161.5399932861328,156.9199981689453,160.5,0.0,40497100
2024-06-12,160.24000549316406,160.24000549316406,0.0,162.24000549316406,158.6199951171875,160.32000732421875,0.0,48325800
2024-06-13,159.89999389648438,159.89999389648438,0.0,162.66000366210938,157.30999755859375,160.39999389648438,0.0,44442500
2024-06-14,159.6300048828125,159.6300048828125,0.0,161.33999633789062,157.61000061035156,158.5,0.0,34054000
2024-06-17,158.39999389648438,158.39999389648438,0.0,159.22999572753906,154.13999938964844,158.0,0.0,44507700
2024-06-18,154.6300048828125,154.6300048828125,0.0,157.24000549316406,153.33999633789062,156.99000549316406,0.0,51852000
2024-06-20,161.77999877929688,161.77999877929688,0.0,166.82000732421875,155.5,155.82000732421875,0.0,93245700
2024-06-21,161.22999572753906,161.22999572753906,0.0,163.1999969482422,157.88999938964844,161.75,0.0,61293900
2024-06-24,160.25,160.25,0.0,163.39999389648438,158.19000244140625,159.75,0.0,45954100
2024-06-25,160.25,160.25,0.0,161.0,156.4499969482422,160.72999572753906,0.0,40572300
2024-06-26,157.5399932861328,157.5399932861328,0.0,160.74000549316406,156.0,160.60000610351562,0.0,36973400
2024-06-27,159.47000122070312,159.47000122070312,0.0,160.61000061035156,156.80999755859375,157.17999267578125,0.0,34018200
2024-06-28,162.2100067138672,162.2100067138672,0.0,166.4499969482422,159.41000366210938,160.22999572753906,0.0,56204600
2024-07-01,157.69000244140625,157.69000244140625,0.0,161.50999450683594,153.63999938964844,161.25,0.0,50436700
2024-07-02,164.30999755859375,164.30999755859375,0.0,164.5800018310547,156.6999969482422,157.0399932861328,0.0,57838600
2024-07-03,163.89999389648438,163.89999389648438,0.0,165.25999450683594,162.50999450683594,164.1999969482422,0.0,26980900
2024-07-05,171.89999389648438,171.89999389648438,0.0,174.0399932861328,165.67999267578125,165.97000122070312,0.0,61857100
2024-07-08,178.69000244140625,178.69000244140625,0.0,178.9499969482422,173.22000122070312,174.89999389648438,0.0,60223400
2024-07-09,177.10000610351562,177.10000610351562,0.0,180.41000366210938,174.6999969482422,177.97000122070312,0.0,43395600
2024-07-10,183.9600067138672,183.9600067138672,0.0,187.27999877929688,177.8000030517578,179.99000549316406,0.0,90247000
2024-07-11,181.94000244140625,181.94000244140625,0.0,187.11000061035156,177.25,184.07000732421875,0.0,59231400
2024-07-12,181.61000061035156,181.61000061035156,0.0,186.99000549316406,179.69000244140625,182.02000427246094,0.0,50827400
2024-07-15,179.8300018310547,179.8300018310547,0.0,185.5,178.5399932861328,184.4499969482422,0.0,42202700
2024-07-16,177.5500030517578,177.5500030517578,0.0,179.75,174.52999877929688,179.69000244140625,0.0,40633100
2024-07-17,159.42999267578125,159.42999267578125,0.0,169.8000030517578,159.3699951171875,169.8000030517578,0.0,76954200
2024-07-18,155.77000427246094,155.77000427246094,0.0,163.41000366210938,153.1999969482422,163.41000366210938,0.0,69420300
2024-07-19,151.5800018310547,151.5800018310547,0.0,155.80999755859375,150.6199951171875,154.86000061035156,0.0,47513100
2024-07-22,155.8699951171875,155.8699951171875,0.0,156.6999969482422,152.5399932861328,154.22999572753906,0.0,43912500
2024-07-23,154.0,154.0,0.0,157.0500030517578,153.8000030517578,154.9499969482422,0.0,31950600
2024-07-24,144.6300048828125,144.6300048828125,0.0,153.67999267578125,144.52999877929688,152.72000122070312,0.0,49203100
2024-07-25,138.32000732421875,138.32000732421875,0.0,144.75,136.80999755859375,144.07000732421875,0.0,60578500
2024-07-26,139.99000549316406,139.99000549316406,0.0,141.2899932861328,138.27000427246094,140.32000732421875,0.0,49435800
2024-07-29,139.75,139.75,0.0,144.58999633789062,138.75,141.19000244140625,0.0,47447200
2024-07-30,138.44000244140625,138.44000244140625,0.0,141.6999969482422,134.0500030517578,139.8800048828125,0.0,68801700
2024-07-31,144.47999572753906,144.47999572753906,0.0,153.60000610351562,140.02999877929688,150.72999572753906,0.0,114306800
2024-08-01,132.5399932861328,132.5399932861328,0.0,147.2899932861328,130.24000549316406,145.0,0.0,94731900
2024-08-02,132.5,132.5,0.0,137.10000610351562,131.3300018310547,133.5,0.0,78562000
2024-08-05,134.82000732421875,134.82000732421875,0.0,139.13999938964844,121.83000183105469,122.16000366210938,0.0,76089400
2024-08-06,130.17999267578125,130.17999267578125,0.0,136.44000244140625,129.10000610351562,135.14999389648438,0.0,64455600
2024-08-07,128.6699981689453,128.6699981689453,0.0,136.24000549316406,128.3699951171875,133.75,0.0,54676500
2024-08-08,136.32000732421875,136.32000732421875,0.0,136.47999572753906,128.94000244140625,131.97000122070312,0.0,49037500
2024-08-09,134.27000427246094,134.27000427246094,0.0,135.5,132.44000244140625,134.69000244140625,0.0,40583000
2024-08-12,136.77000427246094,136.77000427246094,0.0,137.99000549316406,133.22999572753906,134.44000244140625,0.0,39724300
2024-08-13,141.1300048828125,141.1300048828125,0.0,141.19000244140625,137.52000427246094,138.1199951171875,0.0,42218000
2024-08-14,140.75,140.75,0.0,143.25,137.63999938964844,143.0,0.0,35506400
2024-08-15,147.36000061035156,147.36000061035156,0.0,147.9600067138672,141.80999755859375,143.0,0.0,43582400
2024-08-16,148.55999755859375,148.55999755859375,0.0,149.3699951171875,145.1999969482422,145.6999969482422,0.0,31123900
2024-08-19,155.27999877929688,155.27999877929688,0.0,155.3699951171875,147.72000122070312,148.42999267578125,0.0,60766900
2024-08-20,156.39999389648438,156.39999389648438,0.0,162.0399932861328,154.50999450683594,156.49000549316406,0.0,76851200
2024-08-21,157.80999755859375,157.80999755859375,0.0,158.64999389648438,155.07000732421875,156.1199951171875,0.0,42791200
2024-08-22,151.6999969482422,151.6999969482422,0.0,159.83999633789062,151.00999450683594,158.8699951171875,0.0,45737300
2024-08-23,154.97999572753906,154.97999572753906,0.0,156.39999389648438,151.8300018310547,153.60000610351562,0.0,43694600
2024-08-26,149.99000549316406,149.99000549316406,0.0,158.27999877929688,148.91000366210938,154.6999969482422,0.0,49893300
2024-08-27,150.5,150.5,0.0,151.6999969482422,148.44000244140625,150.1300048828125,0.0,35102700
2024-08-28,146.36000061035156,146.36000061035156,0.0,150.42999267578125,144.72000122070312,149.39999389648438,0.0,34075800
2024-08-29,145.49000549316406,145.49000549316406,0.0,149.49000549316406,144.47000122070312,146.58999633789062,0.0,31602100
2024-08-30,148.55999755859375,148.55999755859375,0.0,148.99000549316406,145.25,147.52000427246094,0.0,31169100
2024-09-03,136.94000244140625,136.94000244140625,0.0,146.49000549316406,136.10000610351562,146.41000366210938,0.0,42172700
2024-09-04,140.8699951171875,140.8699951171875,0.0,143.3699951171875,138.50999450683594,140.50999450683594,0.0,42130600
2024-09-05,139.44000244140625,139.44000244140625,0.0,141.7100067138672,137.8300018310547,138.1999969482422,0.0,25023000
2024-09-06,134.35000610351562,134.35000610351562,0.0,139.1300048828125,132.11000061035156,138.6999969482422,0.0,39993500
2024-09-09,138.14999389648438,138.14999389648438,0.0,138.4499969482422,134.86000061035156,136.10000610351562,0.0,27194500
2024-09-10,142.83999633789062,142.83999633789062,0.0,143.0800018310547,137.25,139.05999755859375,0.0,37217500
2024-09-11,149.86000061035156,149.86000061035156,0.0,150.16000366210938,140.7100067138672,145.32000732421875,0.0,50935400
2024-09-12,150.77000427246094,150.77000427246094,0.0,151.5399932861328,147.64999389648438,148.42999267578125,0.0,29233700
2024-09-13,152.30999755859375,152.30999755859375,0.0,153.02999877929688,150.6999969482422,152.32000732421875,0.0,25117200
2024-09-16,152.0800018310547,152.0800018310547,0.0,154.44000244140625,150.91000366210938,151.6999969482422,0.0,27677800
2024-09-17,150.82000732421875,150.82000732421875,0.0,154.0399932861328,149.22999572753906,153.5500030517578,0.0,29889000
2024-09-18,148.2899932861328,148.2899932861328,0.0,152.82000732421875,148.00999450683594,150.89999389648438,0.0,26320100
2024-09-19,156.74000549316406,156.74000549316406,0.0,159.25,152.77000427246094,153.80999755859375,0.0,44500000
2024-09-20,155.9499969482422,155.9499969482422,0.0,157.4499969482422,152.47000122070312,156.0,0.0,40248200
2024-09-23,156.75,156.75,0.0,157.19000244140625,154.97000122070312,156.4499969482422,0.0,21728500
2024-09-24,158.32000732421875,158.32000732421875,0.0,159.63999938964844,154.5800018310547,157.4600067138672,0.0,27531200
2024-09-25,162.02000427246094,162.02000427246094,0.0,162.9499969482422,158.17999267578125,158.5,0.0,35233300
2024-09-26,167.49000549316406,167.49000549316406,0.0,168.67999267578125,164.0500030517578,167.05999755859375,0.0,38044900
2024-09-27,164.35000610351562,164.35000610351562,0.0,168.72999572753906,163.74000549316406,167.47999572753906,0.0,27876000
2024-09-30,164.0800018310547,164.0800018310547,0.0,165.0800018310547,162.17999267578125,163.10000610351562,0.0,21881600
2024-10-01,159.75,159.75,0.0,165.39999389648438,158.0800018310547,164.47999572753906,0.0,31831900
2024-10-02,159.77999877929688,159.77999877929688,0.0,163.10000610351562,158.6699981689453,159.30999755859375,0.0,24630400
2024-10-03,162.85000610351562,162.85000610351562,0.0,166.7899932861328,159.39999389648438,159.7100067138672,0.0,29598800
2024-10-04,170.89999389648438,170.89999389648438,0.0,171.2100067138672,164.4199981689453,166.52999877929688,0.0,44556500
2024-10-07,170.97000122070312,170.97000122070312,0.0,172.41000366210938,168.2100067138672,171.0800018310547,0.0,38379900
2024-10-08,172.8000030517578,172.8000030517578,0.0,173.60000610351562,170.0,171.75,0.0,34730200
2024-10-09,171.02000427246094,171.02000427246094,0.0,174.0500030517578,169.5500030517578,174.0500030517578,0.0,33890700
2024-10-10,164.17999267578125,164.17999267578125,0.0,172.00999450683594,162.0,169.75999450683594,0.0,75113600
2024-10-11,167.88999938964844,167.88999938964844,0.0,169.35000610351562,163.00999450683594,164.19000244140625,0.0,42136200
2024-10-14,165.27000427246094,165.27000427246094,0.0,168.89999389648438,165.14999389648438,167.77000427246094,0.0,31757200
2024-10-15,156.63999938964844,156.63999938964844,0.0,164.1300048828125,155.74000549316406,163.2100067138672,0.0,50768000
2024-10-16,156.1300048828125,156.1300048828125,0.0,158.27999877929688,154.9199981689453,158.07000732421875,0.0,30575800
2024-10-17,156.25,156.25,0.0,160.44000244140625,156.1999969482422,160.0,0.0,29491900
2024-10-18,155.97000122070312,155.97000122070312,0.0,158.00999450683594,155.55999755859375,157.41000366210938,0.0,23823000
2024-10-21,157.89999389648438,157.89999389648438,0.0,158.0,154.14999389648438,155.75999450683594,0.0,25781200
2024-10-22,154.08999633789062,154.08999633789062,0.0,156.74000549316406,151.91000366210938,156.60000610351562,0.0,34997400
2024-10-23,152.91000366210938,152.91000366210938,0.0,153.4499969482422,150.52000427246094,153.0,0.0,26095900
2024-10-24,153.44000244140625,153.44000244140625,0.0,155.19000244140625,152.35000610351562,154.74000549316406,0.0,22877000
2024-10-25,156.22999572753906,156.22999572753906,0.0,158.91000366210938,155.0500030517578,155.39999389648438,0.0,29758500
2024-10-28,159.9199981689453,159.9199981689453,0.0,160.27999877929688,157.0399932861328,158.5,0.0,36010100
2024-10-29,166.25,166.25,0.0,167.50999450683594,158.94000244140625,161.10000610351562,0.0,71896000
2024-10-30,148.60000610351562,148.60000610351562,0.0,153.1199951171875,148.10000610351562,153.00999450683594,0.0,87701700
2024-10-31,144.07000732421875,144.07000732421875,0.0,148.67999267578125,143.3300018310547,147.8000030517578,0.0,44386600
2024-11-01,141.86000061035156,141.86000061035156,0.0,144.5399932861328,141.32000732421875,144.44000244140625,0.0,39027400
2024-11-04,140.7100067138672,140.7100067138672,0.0,143.63999938964844,139.72000122070312,141.6999969482422,0.0,29117400
2024-11-05,141.66000366210938,141.66000366210938,0.0,143.0800018310547,140.8000030517578,141.94000244140625,0.0,27067300
2024-11-06,145.10000610351562,145.10000610351562,0.0,145.6300048828125,141.52000427246094,144.9499969482422,0.0,32911500
2024-11-07,149.82000732421875,149.82000732421875,0.0,150.1199951171875,145.66000366210938,146.67999267578125,0.0,30326400
2024-11-08,147.9499969482422,147.9499969482422,0.0,150.7100067138672,147.52999877929688,149.38999938964844,0.0,27560300
2024-11-11,147.35000610351562,147.35000610351562,0.0,148.57000732421875,144.91000366210938,147.3800048828125,0.0,29868100
2024-11-12,143.6300048828125,143.6300048828125,0.0,147.4499969482422,141.5500030517578,147.0,0.0,33560300
2024-11-13,139.3000030517578,139.3000030517578,0.0,144.49000549316406,139.07000732421875,142.86000061035156,0.0,35146600
2024-11-14,138.83999633789062,138.83999633789062,0.0,141.39999389648438,138.55999755859375,140.33999633789062,0.0,31681400
2024-11-15,134.89999389648438,134.89999389648438,0.0,137.35000610351562,133.64999389648438,136.57000732421875,0.0,44217500
2024-11-18,138.92999267578125,138.92999267578125,0.0,140.89999389648438,137.2100067138672,138.19000244140625,0.0,38705400
2024-11-19,139.38999938964844,139.38999938964844,0.0,139.75,137.13999938964844,137.41000366210938,0.0,23131400
2024-11-20,137.60000610351562,137.60000610351562,0.0,140.77000427246094,135.47999572753906,138.9600067138672,0.0,28843100
2024-11-21,137.49000549316406,137.49000549316406,0.0,140.27999877929688,134.92999267578125,138.8699951171875,0.0,29311400
2024-11-22,138.35000610351562,138.35000610351562,0.0,139.1300048828125,137.0399932861328,137.35000610351562,0.0,21784700
2024-11-25,141.1300048828125,141.1300048828125,0.0,142.35000610351562,139.0500030517578,140.49000549316406,0.0,30923100
2024-11-26,137.72000122070312,137.72000122070312,0.0,142.8000030517578,136.6199951171875,142.5500030517578,0.0,32092400
2024-11-27,136.24000549316406,136.24000549316406,0.0,137.94000244140625,132.9600067138672,137.1999969482422,0.0,30175300
2024-11-29,137.17999267578125,137.17999267578125,0.0,138.58999633789062,135.77999877929688,136.24000549316406,0.0,16085700
2024-12-02,142.05999755859375,142.05999755859375,0.0,142.82000732421875,137.8000030517578,137.9199981689453,0.0,33102400
2024-12-03,141.97999572753906,141.97999572753906,0.0,143.4499969482422,141.0800018310547,142.5800018310547,0.0,22665300
2024-12-04,143.99000549316406,143.99000549316406,0.0,144.1199951171875,141.17999267578125,142.9600067138672,0.0,25942700
2024-12-05,141.36000061035156,141.36000061035156,0.0,143.9499969482422,140.3800048828125,143.67999267578125,0.0,29576900
2024-12-06,138.58999633789062,138.58999633789062,0.0,142.7899932861328,137.39999389648438,141.47999572753906,0.0,33576800
2024-12-09,130.8699951171875,130.8699951171875,0.0,135.77000427246094,130.0,135.7100067138672,0.0,57055600
2024-12-10,127.73999786376953,127.73999786376953,0.0,131.55999755859375,127.06999969482422,131.55999755859375,0.0,38907200
2024-12-11,130.14999389648438,130.14999389648438,0.0,131.2100067138672,126.22000122070312,128.52000427246094,0.0,45588100
2024-12-12,130.60000610351562,130.60000610351562,0.0,132.32000732421875,129.07000732421875,130.0,0.0,34267100
2024-12-13,126.91000366210938,126.91000366210938,0.0,131.3000030517578,124.7699966430664,131.3000030517578,0.0,67544700
2024-12-16,126.69000244140625,126.69000244140625,0.0,127.76000213623047,123.12000274658203,126.01000213623047,0.0,42090300
2024-12-17,125.0199966430664,125.0199966430664,0.0,127.08000183105469,123.1500015258789,124.44999694824219,0.0,43314900
2024-12-18,121.41000366210938,121.41000366210938,0.0,127.75,120.43000030517578,125.43000030517578,0.0,49724400
2024-12-19,118.87999725341797,118.87999725341797,0.0,123.37999725341797,118.44999694824219,122.16000366210938,0.0,46160700
2024-12-20,119.20999908447266,119.20999908447266,0.0,121.86000061035156,117.9000015258789,118.0,0.0,53591200
2024-12-23,124.5999984741211,124.5999984741211,0.0,126.33999633789062,120.47000122070312,120.70999908447266,0.0,47777900
2024-12-24,126.29000091552734,126.29000091552734,0.0,127.51000213623047,124.66000366210938,127.51000213623047,0.0,24829600
2024-12-26,125.05999755859375,125.05999755859375,0.0,127.30000305175781,125.05000305175781,125.5199966430664,0.0,24998200
2024-12-27,125.19000244140625,125.19000244140625,0.0,126.18000030517578,122.26000213623047,124.37000274658203,0.0,32924000
2024-12-30,122.44000244140625,122.44000244140625,0.0,124.0999984741211,122.3499984741211,123.55999755859375,0.0,30501600
2024-12-31,120.79000091552734,120.79000091552734,0.0,123.55000305175781,120.13999938964844,123.0999984741211,0.0,30203400
2025-01-02,120.62999725341797,120.62999725341797,0.0,123.13999938964844,119.44000244140625,122.29000091552734,0.0,34256200
2025-01-03,125.37000274658203,125.37000274658203,0.0,125.55999755859375,121.41999816894531,121.6500015258789,0.0,36785300
2025-01-06,129.5500030517578,129.5500030517578,0.0,130.72999572753906,127.36000061035156,129.07000732421875,0.0,48020200
2025-01-07,127.33000183105469,127.33000183105469,0.0,131.7100067138672,126.8499984741211,130.50999450683594,0.0,39220400
2025-01-08,121.83999633789062,121.83999633789062,0.0,125.30000305175781,120.12000274658203,124.51000213623047,0.0,46723100
2025-01-10,116.04000091552734,116.04000091552734,0.0,118.70999908447266,114.44999694824219,118.18000030517578,0.0,59415600
2025-01-13,117.31999969482422,117.31999969482422,0.0,117.4800033569336,114.41000366210938,115.27999877929688,0.0,39128900
2025-01-14,116.08999633789062,116.08999633789062,0.0,118.66000366210938,114.5,118.0,0.0,37005300
2025-01-15,119.95999908447266,119.95999908447266,0.0,120.41999816894531,117.45999908447266,117.55000305175781,0.0,38185800
2025-01-16,118.44000244140625,118.44000244140625,0.0,121.08999633789062,118.25,120.23999786376953,0.0,29414100
2025-01-17,121.45999908447266,121.45999908447266,0.0,122.73999786376953,120.55000305175781,120.77999877929688,0.0,35765900
2025-01-21,122.27999877929688,122.27999877929688,0.0,123.75,121.12000274658203,122.38999938964844,0.0,31578800
2025-01-22,123.75,123.75,0.0,125.6500015258789,121.91000366210938,123.08000183105469,0.0,35023800
2025-01-23,123.04000091552734,123.04000091552734,0.0,123.70999908447266,120.62999725341797,121.43000030517578,0.0,24921100
2025-01-24,122.83999633789062,122.83999633789062,0.0,125.25,122.2300033569336,124.55000305175781,0.0,31570300
2025-01-27,115.01000213623047,115.01000213623047,0.0,118.08000183105469,112.80000305175781,117.80000305175781,0.0,61067900
2025-01-28,114.16999816894531,114.16999816894531,0.0,116.1500015258789,112.94999694824219,115.18000030517578,0.0,40554800
2025-01-29,117.3499984741211,117.3499984741211,0.0,118.5199966430664,114.95999908447266,115.7699966430664,0.0,40199100
2025-01-30,118.86000061035156,118.86000061035156,0.0,120.44000244140625,117.08999633789062,118.52999877929688,0.0,29788400
2025-01-31,115.94999694824219,115.94999694824219,0.0,119.56999969482422,115.33000183105469,119.13999938964844,0.0,40463400
2025-02-03,114.2699966430664,114.2699966430664,0.0,115.16000366210938,112.9800033569336,113.87999725341797,0.0,34586100
2025-02-04,119.5,119.5,0.0,119.8499984741211,114.79000091552734,115.44999694824219,0.0,69412100
2025-02-05,112.01000213623047,112.01000213623047,0.0,112.08999633789062,106.5,107.61000061035156,0.0,110385200
2025-02-06,110.16000366210938,110.16000366210938,0.0,112.55999755859375,109.0199966430664,110.93000030517578,0.0,50426600
2025-02-07,107.55999755859375,107.55999755859375,0.0,109.91999816894531,106.79000091552734,109.12999725341797,0.0,46082500
2025-02-10,110.4800033569336,110.4800033569336,0.0,111.4000015258789,108.1500015258789,108.44000244140625,0.0,34905400
2025-02-11,111.0999984741211,111.0999984741211,0.0,113.06999969482422,108.94000244140625,108.9800033569336,0.0,35033800
2025-02-12,111.72000122070312,111.72000122070312,0.0,111.83999633789062,109.05999755859375,109.5199966430664,0.0,25319700
2025-02-13,111.80999755859375,111.80999755859375,0.0,114.5999984741211,110.4000015258789,112.0,0.0,40911800
2025-02-14,113.0999984741211,113.0999984741211,0.0,114.62999725341797,111.69999694824219,112.6500015258789,0.0,32477200
2025-02-18,114.27999877929688,114.27999877929688,0.0,115.55000305175781,113.44999694824219,114.05000305175781,0.0,31720300
2025-02-19,114.69000244140625,114.69000244140625,0.0,116.11000061035156,113.13999938964844,114.25,0.0,28807700
2025-02-20,114.16999816894531,114.16999816894531,0.0,116.55000305175781,113.11000061035156,115.01000213623047,0.0,27219600
2025-02-21,110.83999633789062,110.83999633789062,0.0,115.76000213623047,110.43000030517578,114.8499984741211,0.0,41353700
2025-02-24,108.11000061035156,108.11000061035156,0.0,111.5999984741211,107.9800033569336,111.48999786376953,0.0,29072200
2025-02-25,103.95999908447266,103.95999908447266,0.0,108.63999938964844,103.62000274658203,107.88999938964844,0.0,39169200
2025-02-26,104.73999786376953,104.73999786376953,0.0,105.80000305175781,103.98999786376953,104.94999694824219,0.0,29178200
2025-02-27,99.51000213623047,99.51000213623047,0.0,105.76000213623047,99.5,105.08000183105469,0.0,47263700
2025-02-28,99.86000061035156,99.86000061035156,0.0,101.80000305175781,98.69000244140625,99.55999755859375,0.0,45194600
2025-03-03,98.2300033569336,98.2300033569336,0.0,102.33999633789062,97.08999633789062,101.5199966430664,0.0,38958000
2025-03-04,100.75,100.75,0.0,103.18000030517578,95.88999938964844,96.0,0.0,54156900
2025-03-05,101.66999816894531,101.66999816894531,0.0,101.83999633789062,98.87000274658203,100.36000061035156,0.0,27855500
2025-03-06,98.8499984741211,98.8499984741211,0.0,101.08000183105469,98.2699966430664,99.05000305175781,0.0,28985000
2025-03-07,100.30999755859375,100.30999755859375,0.0,100.6500015258789,96.38999938964844,98.87999725341797,0.0,33254400
2025-03-10,96.62999725341797,96.62999725341797,0.0,101.29000091552734,95.83000183105469,98.56999969482422,0.0,38733200
2025-03-11,96.76000213623047,96.76000213623047,0.0,98.16000366210938,94.7300033569336,96.79000091552734,0.0,34078300
2025-03-12,100.79000091552734,100.79000091552734,0.0,101.72000122070312,98.16999816894531,99.05000305175781,0.0,34241300
2025-03-13,98.11000061035156,98.11000061035156,0.0,100.06999969482422,97.2699966430664,99.72000122070312,0.0,28575200
2025-03-14,100.97000122070312,100.97000122070312,0.0,101.22000122070312,99.58000183105469,99.63999938964844,0.0,24715300
2025-03-17,104.58999633789062,104.58999633789062,0.0,106.1500015258789,102.5999984741211,102.5999984741211,0.0,43689500
2025-03-18,103.51000213623047,103.51000213623047,0.0,104.55000305175781,102.97000122070312,103.8499984741211,0.0,27152800
2025-03-19,106.2300033569336,106.2300033569336,0.0,107.9000015258789,101.95999908447266,104.41999816894531,0.0,32287500
2025-03-20,107.13999938964844,107.13999938964844,0.0,108.26000213623047,105.12000274658203,105.12000274658203,0.0,26871800
2025-03-21,106.44000244140625,106.44000244140625,0.0,107.25,104.33000183105469,105.33000183105469,0.0,30767900
2025-03-24,113.8499984741211,113.8499984741211,0.0,114.8499984741211,109.4000015258789,109.7300033569336,0.0,53342000
2025-03-25,114.80999755859375,114.80999755859375,0.0,114.94999694824219,112.70999908447266,113.2699966430664,0.0,29077500
2025-03-26,110.19000244140625,110.19000244140625,0.0,115.9000015258789,108.68000030517578,114.11000061035156,0.0,39824000
2025-03-27,106.6500015258789,106.6500015258789,0.0,107.62000274658203,105.55000305175781,106.11000061035156,0.0,32773700
2025-03-28,103.22000122070312,103.22000122070312,0.0,106.51000213623047,102.4800033569336,105.52999877929688,0.0,31069100
2025-03-31,102.73999786376953,102.73999786376953,0.0,102.81999969482422,98.80000305175781,100.23999786376953,0.0,30865300
2025-04-01,102.77999877929688,102.77999877929688,0.0,102.83000183105469,100.93000030517578,102.16000366210938,0.0,23523200
2025-04-02,102.95999908447266,102.95999908447266,0.0,104.19000244140625,100.76000213623047,101.5199966430664,0.0,20794000
2025-04-03,93.80000305175781,93.80000305175781,0.0,99.44999694824219,93.63999938964844,97.79000091552734,0.0,50472500
2025-04-04,85.76000213623047,85.76000213623047,0.0,91.08000183105469,83.66999816894531,90.0999984741211,0.0,65847000
2025-04-07,83.63999938964844,83.63999938964844,0.0,89.0,77.75,80.68000030517578,0.0,70515400
2025-04-08,78.20999908447266,78.20999908447266,0.0,88.93000030517578,76.4800033569336,86.1500015258789,0.0,69910200
2025-04-09,96.83999633789062,96.83999633789062,0.0,97.91000366210938,78.87000274658203,79.22000122070312,0.0,97827400
2025-04-10,88.69999694824219,88.69999694824219,0.0,92.94999694824219,85.05999755859375,91.0,0.0,65210600
2025-04-11,93.4000015258789,93.4000015258789,0.0,94.76000213623047,90.5,90.51000213623047,0.0,57892600
2025-04-14,94.5,94.5,0.0,97.37000274658203,93.44999694824219,97.11000061035156,0.0,36003000
2025-04-15,95.29000091552734,95.29000091552734,0.0,96.8499984741211,94.62000274658203,94.66000366210938,0.0,28116500
2025-04-16,88.29000091552734,88.29000091552734,0.0,90.47000122070312,85.30000305175781,87.61000061035156,0.0,62109000
2025-04-17,87.5,87.5,0.0,89.02999877929688,86.5199966430664,88.83999633789062,0.0,34801400
2025-04-21,85.55999755859375,85.55999755859375,0.0,86.13999938964844,83.75,86.0199966430664,0.0,33855400
2025-04-22,86.26000213623047,86.26000213623047,0.0,87.16999816894531,85.16999816894531,86.12000274658203,0.0,35236700
2025-04-23,90.38999938964844,90.38999938964844,0.0,93.73999786376953,90.12000274658203,91.87999725341797,0.0,41102600
2025-04-24,94.47000122070312,94.47000122070312,0.0,94.75,90.37000274658203,91.58999633789062,0.0,33681900
2025-04-25,96.6500015258789,96.6500015258789,0.0,97.0999984741211,92.8499984741211,93.27999877929688,0.0,28575300
2025-04-28,96.38999938964844,96.38999938964844,0.0,97.48999786376953,94.2699966430664,95.58000183105469,0.0,30456700
2025-04-29,96.05999755859375,96.05999755859375,0.0,97.18000030517578,95.33000183105469,95.76000213623047,0.0,20700600
2025-04-30,97.3499984741211,97.3499984741211,0.0,97.55000305175781,91.87000274658203,92.80999755859375,0.0,29730700
2025-05-01,96.6500015258789,96.6500015258789,0.0,100.0999984741211,96.44999694824219,99.2699966430664,0.0,29591500
2025-05-02,98.80000305175781,98.80000305175781,0.0,99.87999725341797,98.30000305175781,98.4000015258789,0.0,29957900
2025-05-05,100.58999633789062,100.58999633789062,0.0,102.05000305175781,98.76000213623047,99.0,0.0,41268900
2025-05-06,98.62000274658203,98.62000274658203,0.0,100.06999969482422,97.44000244140625,98.41000366210938,0.0,54264300
2025-05-07,100.36000061035156,100.36000061035156,0.0,103.41999816894531,96.87999725341797,100.75,0.0,86474400
2025-05-08,101.69999694824219,101.69999694824219,0.0,105.44000244140625,101.55999755859375,101.91999816894531,0.0,54231400
2025-05-09,102.83999633789062,102.83999633789062,0.0,103.54000091552734,101.5999984741211,102.58999633789062,0.0,31704300
2025-05-12,108.12000274658203,108.12000274658203,0.0,110.66999816894531,106.9800033569336,110.41999816894531,0.0,50543400
2025-05-13,112.45999908447266,112.45999908447266,0.0,113.12999725341797,109.0,109.5999984741211,0.0,55659500
2025-05-14,117.72000122070312,117.72000122070312,0.0,122.5199966430664,116.58999633789062,119.83000183105469,0.0,86743700
2025-05-15,114.98999786376953,114.98999786376953,0.0,117.5,114.01000213623047,117.0199966430664,0.0,43843200
2025-05-16,117.16999816894531,117.16999816894531,0.0,118.23999786376953,116.01000213623047,118.06999969482422,0.0,43419700
2025-05-19,114.73999786376953,114.73999786376953,0.0,115.52999877929688,114.05999755859375,115.0199966430664,0.0,37737400
2025-05-20,113.51000213623047,113.51000213623047,0.0,114.51000213623047,112.08000183105469,114.3499984741211,0.0,29030800
2025-05-21,112.05999755859375,112.05999755859375,0.0,116.0999984741211,111.08999633789062,113.8499984741211,0.0,43594600
2025-05-22,110.70999908447266,110.70999908447266,0.0,112.63999938964844,110.61000061035156,111.9000015258789,0.0,29252000
2025-05-23,110.30999755859375,110.30999755859375,0.0,111.0199966430664,107.66999816894531,108.08999633789062,0.0,30867300
2025-05-27,114.55999755859375,114.55999755859375,0.0,115.4000015258789,112.2699966430664,113.18000030517578,0.0,37885000
2025-05-28,112.86000061035156,112.86000061035156,0.0,114.94999694824219,112.66000366210938,114.91999816894531,0.0,27483700
2025-05-29,113.02999877929688,113.02999877929688,0.0,115.54000091552734,112.12999725341797,115.48999786376953,0.0,30501400
2025-05-30,110.7300033569336,110.7300033569336,0.0,112.11000061035156,108.62000274658203,111.58000183105469,0.0,36088500
2025-06-02,114.62999725341797,114.62999725341797,0.0,114.86000061035156,111.01000213623047,111.05999755859375,0.0,34078400
2025-06-03,117.30999755859375,117.30999755859375,0.0,117.68000030517578,113.27999877929688,114.5,0.0,37161500
2025-06-04,118.58000183105469,118.58000183105469,0.0,119.30000305175781,115.7300033569336,117.41000366210938,0.0,31025000
2025-06-05,115.69000244140625,115.69000244140625,0.0,119.23999786376953,114.70999908447266,118.94999694824219,0.0,34091000
2025-06-06,116.19000244140625,116.19000244140625,0.0,118.37999725341797,115.87999725341797,117.69000244140625,0.0,27042100
2025-06-09,121.7300033569336,121.7300033569336,0.0,122.37000274658203,119.04000091552734,119.18000030517578,0.0,55437700
2025-06-10,123.23999786376953,123.23999786376953,0.0,124.08999633789062,120.80000305175781,121.11000061035156,0.0,41691900
2025-06-11,121.13999938964844,121.13999938964844,0.0,124.47000122070312,119.87999725341797,124.44000244140625,0.0,32261900
2025-06-12,118.5,118.5,0.0,122.25,118.02999877929688,120.62000274658203,0.0,44718400
2025-06-13,116.16000366210938,116.16000366210938,0.0,117.87999725341797,115.05999755859375,116.05000305175781,0.0,39702700
2025-06-16,126.38999938964844,126.38999938964844,0.0,128.13999938964844,117.77999877929688,118.63999938964844,0.0,100968500
2025-06-17,127.0999984741211,127.0999984741211,0.0,130.6999969482422,126.58000183105469,127.93000030517578,0.0,86623900
2025-06-18,126.79000091552734,126.79000091552734,0.0,129.2100067138672,125.7699966430664,128.00999450683594,0.0,49627100
2025-06-20,128.24000549316406,128.24000549316406,0.0,132.80999755859375,127.55000305175781,129.0,0.0,79931000
2025-06-23,129.5800018310547,129.5800018310547,0.0,133.25,126.81999969482422,130.47000122070312,0.0,65152900
2025-06-24,138.42999267578125,138.42999267578125,0.0,138.7899932861328,132.92999267578125,133.42999267578125,0.0,78572000
2025-06-25,143.39999389648438,143.39999389648438,0.0,144.17999267578125,139.4600067138672,140.94000244140625,0.0,74607200
2025-06-26,143.67999267578125,143.67999267578125,0.0,146.0,141.91000366210938,145.97000122070312,0.0,58180100
2025-06-27,143.80999755859375,143.80999755859375,0.0,147.75,141.6300048828125,144.17999267578125,0.0,61937900
2025-06-30,141.89999389648438,141.89999389648438,0.0,146.0,141.00999450683594,144.0,0.0,42972500
2025-07-01,136.11000061035156,136.11000061035156,0.0,140.22999572753906,135.1199951171875,138.77000427246094,0.0,55257200
2025-07-02,138.52000427246094,138.52000427246094,0.0,139.77999877929688,135.22000122070312,135.52999877929688,0.0,39228000
2025-07-03,137.91000366210938,137.91000366210938,0.0,139.5,137.32000732421875,139.11000061035156,0.0,28646000
2025-07-07,134.8000030517578,134.8000030517578,0.0,137.44000244140625,133.5,136.55999755859375,0.0,37395000
2025-07-08,137.82000732421875,137.82000732421875,0.0,139.14999389648438,135.91000366210938,137.32000732421875,0.0,36124600
2025-07-09,138.41000366210938,138.41000366210938,0.0,140.64999389648438,137.58999633789062,138.69000244140625,0.0,37013100
2025-07-10,144.16000366210938,144.16000366210938,0.0,145.82000732421875,141.85000610351562,143.0,0.0,61101500
2025-07-11,146.4199981689453,146.4199981689453,0.0,147.39999389648438,141.60000610351562,142.60000610351562,0.0,50049200
2025-07-14,146.24000549316406,146.24000549316406,0.0,147.5800018310547,141.89999389648438,145.08999633789062,0.0,44718600
2025-07-15,155.61000061035156,155.61000061035156,0.0,158.67999267578125,153.55999755859375,153.75,0.0,93370100
2025-07-16,160.0800018310547,160.0800018310547,0.0,160.36000061035156,152.85000610351562,155.30999755859375,0.0,59492800
2025-07-17,160.41000366210938,160.41000366210938,0.0,161.9600067138672,158.67999267578125,161.80999755859375,0.0,50605100
2025-07-18,156.99000549316406,156.99000549316406,0.0,160.8300018310547,155.80999755859375,159.58999633789062,0.0,48859800
2025-07-21,157.0,157.0,0.0,160.33999633789062,156.9199981689453,157.6199951171875,0.0,39021100
2025-07-22,154.72000122070312,154.72000122070312,0.0,156.22999572753906,149.33999633789062,156.1999969482422,0.0,49028000
2025-07-23,158.64999389648438,158.64999389648438,0.0,159.4499969482422,156.0,156.32000732421875,0.0,41510900
2025-07-24,162.1199951171875,162.1199951171875,0.0,163.92999267578125,158.36000061035156,159.1199951171875,0.0,48440100
2025-07-25,166.47000122070312,166.47000122070312,0.0,167.17999267578125,162.36000061035156,163.50999450683594,0.0,53432300
2025-07-28,173.66000366210938,173.66000366210938,0.0,174.6999969482422,168.6699981689453,169.0800018310547,0.0,68267800
2025-07-29,177.44000244140625,177.44000244140625,0.0,182.30999755859375,174.67999267578125,175.2100067138672,0.0,108154800
2025-07-30,179.50999450683594,179.50999450683594,0.0,180.3699951171875,173.8000030517578,175.61000061035156,0.0,64820300
2025-07-31,176.30999755859375,176.30999755859375,0.0,182.5,173.0,182.02000427246094,0.0,71765300
2025-08-01,171.6999969482422,171.6999969482422,0.0,174.39999389648438,166.82000732421875,170.16000366210938,0.0,75396100
2025-08-04,176.77999877929688,176.77999877929688,0.0,177.86000061035156,173.55999755859375,174.61000061035156,0.0,52951000
2025-08-05,174.30999755859375,174.30999755859375,0.0,177.99000549316406,171.8000030517578,177.57000732421875,0.0,88808500
2025-08-06,163.1199951171875,163.1199951171875,0.0,166.17999267578125,157.8000030517578,165.0500030517578,0.0,133641800
2025-08-07,172.39999389648438,172.39999389648438,0.0,175.75,166.6999969482422,166.83999633789062,0.0,95448300
2025-08-08,172.75999450683594,172.75999450683594,0.0,176.47999572753906,170.52000427246094,174.0399932861328,0.0,68866700
2025-08-11,172.27999877929688,172.27999877929688,0.0,178.82000732421875,169.3800048828125,170.0399932861328,0.0,70651000
2025-08-12,174.9499969482422,174.9499969482422,0.0,175.16000366210938,168.5,173.32000732421875,0.0,52243500
2025-08-13,184.4199981689453,184.4199981689453,0.0,186.64999389648438,179.3800048828125,179.91000366210938,0.0,108305100
2025-08-14,180.9499969482422,180.9499969482422,0.0,185.44000244140625,179.55999755859375,179.8300018310547,0.0,66308800
2025-08-15,177.50999450683594,177.50999450683594,0.0,180.13999938964844,176.25,180.05999755859375,0.0,51543100
2025-08-18,176.13999938964844,176.13999938964844,0.0,178.8000030517578,174.36000061035156,176.75999450683594,0.0,35937500
2025-08-19,166.5500030517578,166.5500030517578,0.0,173.1699981689453,166.10000610351562,173.10000610351562,0.0,64455000
2025-08-20,165.1999969482422,165.1999969482422,0.0,166.64999389648438,158.25,164.10000610351562,0.0,60233200
2025-08-21,163.7100067138672,163.7100067138672,0.0,165.8800048828125,162.25999450683594,165.86000061035156,0.0,37880500
2025-08-22,167.75999450683594,167.75999450683594,0.0,168.52999877929688,161.8000030517578,162.1699981689453,0.0,43998600
2025-08-25,163.36000061035156,163.36000061035156,0.0,165.58999633789062,161.72000122070312,165.5500030517578,0.0,36134700
2025-08-26,166.6199951171875,166.6199951171875,0.0,169.77000427246094,164.91000366210938,168.64999389648438,0.0,52138600
2025-08-27,167.1300048828125,167.1300048828125,0.0,167.67999267578125,164.64999389648438,166.0399932861328,0.0,37031000
2025-08-28,168.5800018310547,168.5800018310547,0.0,170.99000549316406,166.64999389648438,168.5,0.0,36285200
2025-08-29,162.6300048828125,162.6300048828125,0.0,168.57000732421875,161.89999389648438,166.80999755859375,0.0,37516800
2025-09-02,162.32000732421875,162.32000732421875,0.0,162.38999938964844,156.6199951171875,158.4199981689453,0.0,38656100
2025-09-03,162.1300048828125,162.1300048828125,0.0,164.75,160.5800018310547,161.80999755859375,0.0,30752800
2025-09-04,161.7899932861328,161.7899932861328,0.0,162.0500030517578,157.7899932861328,159.94000244140625,0.0,32103500
2025-09-05,151.13999938964844,151.13999938964844,0.0,157.13999938964844,150.17999267578125,157.1199951171875,0.0,78256000
2025-09-08,151.41000366210938,151.41000366210938,0.0,152.63999938964844,149.22000122070312,151.8000030517578,0.0,41849000
2025-09-09,155.82000732421875,155.82000732421875,0.0,156.66000366210938,151.92999267578125,151.99000549316406,0.0,42802500
2025-09-10,159.5399932861328,159.5399932861328,0.0,164.52999877929688,158.0,163.5399932861328,0.0,52465300
2025-09-11,155.6699981689453,155.6699981689453,0.0,160.2100067138672,154.99000549316406,158.6199951171875,0.0,48817700
2025-09-12,158.57000732421875,158.57000732421875,0.0,160.41000366210938,154.9199981689453,157.0,0.0,42232800
2025-09-15,161.16000366210938,161.16000366210938,0.0,162.3000030517578,157.60000610351562,160.00999450683594,0.0,36808700
2025-09-16,160.4600067138672,160.4600067138672,0.0,161.9499969482422,159.22000122070312,161.3699951171875,0.0,27946500
2025-09-17,159.16000366210938,159.16000366210938,0.0,161.6300048828125,155.75999450683594,159.27999877929688,0.0,41823800
2025-09-18,157.9199981689453,157.9199981689453,0.0,158.77000427246094,149.85000610351562,150.9600067138672,0.0,84549500
2025-09-19,157.38999938964844,157.38999938964844,0.0,159.83999633789062,155.89999389648438,157.3800048828125,0.0,55448100
2025-09-22,159.7899932861328,159.7899932861328,0.0,162.67999267578125,157.4199981689453,157.4199981689453,0.0,46505500
2025-09-23,160.89999389648438,160.89999389648438,0.0,163.38999938964844,159.2100067138672,160.52000427246094,0.0,39448300
2025-09-24,160.8800048828125,160.8800048828125,0.0,165.10000610351562,158.42999267578125,162.97999572753906,0.0,38464100
2025-09-25,161.27000427246094,161.27000427246094,0.0,161.6300048828125,154.77999877929688,157.13999938964844,0.0,36809900
2025-09-26,159.4600067138672,159.4600067138672,0.0,162.11000061035156,157.0500030517578,160.52000427246094,0.0,30316900
2025-09-29,161.36000061035156,161.36000061035156,0.0,164.3000030517578,159.89999389648438,160.1199951171875,0.0,39828800
2025-09-30,161.7899932861328,161.7899932861328,0.0,162.27999877929688,159.3300018310547,160.7899932861328,0.0,29669300
2025-10-01,164.00999450683594,164.00999450683594,0.0,164.17999267578125,160.49000549316406,160.92999267578125,0.0,39895200
2025-10-02,169.72999572753906,169.72999572753906,0.0,171.05999755859375,166.1199951171875,168.67999267578125,0.0,55475200
2025-10-03,164.6699981689453,164.6699981689453,0.0,170.67999267578125,163.13999938964844,170.67999267578125,0.0,42699100
2025-10-06,203.7100067138672,203.7100067138672,0.0,226.7100067138672,203.00999450683594,226.4499969482422,0.0,248859600
2025-10-07,211.50999450683594,211.50999450683594,0.0,218.89999389648438,209.27999877929688,214.85000610351562,0.0,115748100
2025-10-08,235.55999755859375,235.55999755859375,0.0,235.8699951171875,210.6999969482422,212.9499969482422,0.0,159983500
2025-10-09,232.88999938964844,232.88999938964844,0.0,240.10000610351562,229.52999877929688,236.3000030517578,0.0,94290700
2025-10-10,214.89999389648438,214.89999389648438,0.0,234.22000122070312,213.1999969482422,232.77000427246094,0.0,118656600
2025-10-13,216.4199981689453,216.4199981689453,0.0,224.19000244140625,214.89999389648438,220.1999969482422,0.0,63104000
2025-10-14,218.08999633789062,218.08999633789062,0.0,224.97999572753906,215.89999389648438,219.1999969482422,0.0,71216300
2025-10-15,238.60000610351562,238.60000610351562,0.0,239.24000549316406,220.75999450683594,222.7100067138672,0.0,108481000
2025-10-16,234.55999755859375,234.55999755859375,0.0,241.1999969482422,232.24000549316406,236.2899932861328,0.0,69726400
2025-10-17,233.0800018310547,233.0800018310547,0.0,235.3800048828125,227.91000366210938,233.25999450683594,0.0,55804200
2025-10-20,240.55999755859375,240.55999755859375,0.0,242.8800048828125,234.39999389648438,236.47000122070312,0.0,56741700
2025-10-21,238.02999877929688,238.02999877929688,0.0,242.25999450683594,234.02000427246094,239.38999938964844,0.0,47122400
2025-10-22,230.22999572753906,230.22999572753906,0.0,240.1300048828125,224.8800048828125,236.85000610351562,0.0,59668800
2025-10-23,234.99000549316406,234.99000549316406,0.0,235.89999389648438,228.5399932861328,230.16000366210938,0.0,39024400
2025-10-24,252.9199981689453,252.9199981689453,0.0,253.38999938964844,241.9499969482422,243.36000061035156,0.0,71221100
2025-10-27,259.6700134277344,259.6700134277344,0.0,260.4200134277344,249.8000030517578,257.8800048828125,0.0,65613100
2025-10-28,258.010009765625,258.010009765625,0.0,264.5799865722656,257.0,259.1400146484375,0.0,47448700
2025-10-29,264.3299865722656,264.3299865722656,0.0,267.0799865722656,257.3999938964844,264.19000244140625,0.0,49335600
2025-10-30,254.83999633789062,254.83999633789062,0.0,263.8800048828125,252.30999755859375,259.9200134277344,0.0,45162500
2025-10-31,256.1199951171875,256.1199951171875,0.0,262.1300048828125,253.41000366210938,259.6000061035156,0.0,34449200
2025-11-03,259.6499938964844,259.6499938964844,0.0,260.9100036621094,253.88999938964844,259.3299865722656,0.0,36351400
2025-11-04,250.0500030517578,250.0500030517578,0.0,257.3800048828125,247.38999938964844,250.35000610351562,0.0,56491800
2025-11-05,256.3299865722656,256.3299865722656,0.0,259.6499938964844,242.80999755859375,243.24000549316406,0.0,67366600
2025-11-06,237.6999969482422,237.6999969482422,0.0,253.50999450683594,235.74000549316406,253.47000122070312,0.0,66049700
2025-11-07,233.5399932861328,233.5399932861328,0.0,235.8699951171875,224.63999938964844,230.94000244140625,0.0,52162600
2025-11-10,243.97999572753906,243.97999572753906,0.0,248.89999389648438,240.5,242.13999938964844,0.0,43361600
2025-11-11,237.52000427246094,237.52000427246094,0.0,248.4600067138672,234.63999938964844,241.66000366210938,0.0,61336800
2025-11-12,258.8900146484375,258.8900146484375,0.0,263.510009765625,250.0,253.1300048828125,0.0,108942000
2025-11-13,247.9600067138672,247.9600067138672,0.0,259.6300048828125,246.05999755859375,251.89999389648438,0.0,63178600
2025-11-14,246.80999755859375,246.80999755859375,0.0,253.44000244140625,235.0800018310547,240.11000061035156,0.0,47655600
2025-11-17,240.52000427246094,240.52000427246094,0.0,248.77000427246094,237.14999389648438,242.75,0.0,37942200
2025-11-18,230.2899932861328,230.2899932861328,0.0,238.0,224.7100067138672,236.77999877929688,0.0,45619900
2025-11-19,223.5500030517578,223.5500030517578,0.0,235.27999877929688,219.7100067138672,230.25999450683594,0.0,52093400
2025-11-20,206.02000427246094,206.02000427246094,0.0,234.25,204.52999877929688,232.6999969482422,0.0,66342900
2025-11-21,203.77999877929688,203.77999877929688,0.0,208.8300018310547,195.0,208.80999755859375,0.0,67421100
2025-11-24,215.0500030517578,215.0500030517578,0.0,217.1300048828125,205.85000610351562,207.16000366210938,0.0,46749600
2025-11-25,206.1300048828125,206.1300048828125,0.0,206.5800018310547,194.27999877929688,201.47999572753906,0.0,69773500
2025-11-26,214.24000549316406,214.24000549316406,0.0,215.58999633789062,207.0,210.0500030517578,0.0,43270200
2025-11-28,217.52999877929688,217.52999877929688,0.0,218.3000030517578,214.02000427246094,216.13999938964844,0.0,18658000
2025-12-01,219.75999450683594,219.75999450683594,0.0,220.97999572753906,213.5,213.8800048828125,0.0,30768700
2025-12-02,215.24000549316406,215.24000549316406,0.0,225.97999572753906,214.38999938964844,221.7899932861328,0.0,42002500
2025-12-03,217.60000610351562,217.60000610351562,0.0,218.1999969482422,211.77000427246094,216.25999450683594,0.0,28545200
2025-12-04,215.97999572753906,215.97999572753906,0.0,219.1199951171875,214.13999938964844,216.8800048828125,0.0,24478200
2025-12-05,217.97000122070312,217.97000122070312,0.0,223.63999938964844,216.24000549316406,217.1699981689453,0.0,33292400
2025-12-08,221.11000061035156,221.11000061035156,0.0,223.7100067138672,218.36000061035156,219.08999633789062,0.0,30943200
2025-12-09,221.6199951171875,221.6199951171875,0.0,224.83999633789062,217.91000366210938,221.0399932861328,0.0,25166100
2025-12-10,221.4199981689453,221.4199981689453,0.0,222.61000061035156,218.6699981689453,222.0,0.0,23279400
2025-12-11,221.42999267578125,221.42999267578125,0.0,221.5,210.19000244140625,217.80999755859375,0.0,30694600
2025-12-12,210.77999877929688,210.77999877929688,0.0,222.49000549316406,209.05999755859375,218.3699951171875,0.0,37073900
2025-12-15,207.5800018310547,207.5800018310547,0.0,215.36000061035156,206.5800018310547,212.27999877929688,0.0,27222200
2025-12-16,209.1699981689453,209.1699981689453,0.0,210.22000122070312,205.11000061035156,206.9199981689453,0.0,23467600
2025-12-17,198.11000061035156,198.11000061035156,0.0,211.5,197.52999877929688,210.0399932861328,0.0,31595400
2025-12-18,201.05999755859375,201.05999755859375,0.0,206.36000061035156,200.5,203.82000732421875,0.0,29720100
2025-12-19,213.42999267578125,213.42999267578125,0.0,215.17999267578125,204.1999969482422,204.60000610351562,0.0,58445500
2025-12-22,214.9499969482422,214.9499969482422,0.0,220.1699981689453,213.30999755859375,220.0,0.0,24950700
2025-12-23,214.89999389648438,214.89999389648438,0.0,217.02999877929688,212.27999877929688,212.86000061035156,0.0,20272300
2025-12-24,215.0399932861328,215.0399932861328,0.0,216.5399932861328,213.97000122070312,214.97999572753906,0.0,7956800
2025-12-26,214.99000549316406,214.99000549316406,0.0,216.8300018310547,213.02999877929688,215.42999267578125,0.0,15792600
2025-12-29,215.61000061035156,215.61000061035156,0.0,216.0500030517578,209.24000549316406,211.5800018310547,0.0,20326900
2025-12-30,215.33999633789062,215.33999633789062,0.0,216.82000732421875,214.3300018310547,215.8699951171875,0.0,16409600
2025-12-31,214.16000366210938,214.16000366210938,0.0,217.63999938964844,213.8000030517578,215.82000732421875,0.0,17591600
2026-01-02,223.47000122070312,223.47000122070312,0.0,227.14999389648438,218.89999389648438,218.89999389648438,0.0,36446200
2026-01-05,221.0800018310547,221.0800018310547,0.0,234.02000427246094,220.47999572753906,230.25,0.0,31941100
2026-01-06,214.35000610351562,214.35000610351562,0.0,222.9199981689453,211.25,222.7100067138672,0.0,40033200
2026-01-07,210.02000427246094,210.02000427246094,0.0,212.1300048828125,207.1699981689453,212.1300048828125,0.0,29715500
2026-01-08,204.67999267578125,204.67999267578125,0.0,210.94000244140625,203.3300018310547,210.89999389648438,0.0,27505000
2026-01-09,203.1699981689453,203.1699981689453,0.0,207.3000030517578,203.07000732421875,205.72000122070312,0.0,24217300
2026-01-12,207.69000244140625,207.69000244140625,0.0,209.8800048828125,199.8000030517578,201.17999267578125,0.0,27287300
2026-01-13,220.97000122070312,220.97000122070312,0.0,223.11000061035156,214.97999572753906,215.10000610351562,0.0,56894900
2026-01-14,223.60000610351562,223.60000610351562,0.0,224.08999633789062,215.11000061035156,217.5399932861328,0.0,40466500
2026-01-15,227.9199981689453,227.9199981689453,0.0,238.35000610351562,227.22000122070312,227.89999389648438,0.0,55270200
2026-01-16,231.8300018310547,231.8300018310547,0.0,234.49000549316406,228.86000061035156,234.3000030517578,0.0,42545600
2026-01-20,231.9199981689453,231.9199981689453,0.0,239.5,225.41000366210938,226.0800018310547,0.0,44327700
2026-01-21,249.8000030517578,249.8000030517578,0.0,252.89999389648438,235.77999877929688,235.99000549316406,0.0,62385600
2026-01-22,253.72999572753906,253.72999572753906,0.0,256.0799865722656,246.6300048828125,251.75,0.0,37945000
2026-01-23,259.67999267578125,259.67999267578125,0.0,266.9599914550781,256.25,261.17999267578125,0.0,47525900
2026-01-26,251.30999755859375,251.30999755859375,0.0,258.2900085449219,250.3000030517578,256.75,0.0,30672500
2026-01-27,252.02999877929688,252.02999877929688,0.0,255.5500030517578,247.9600067138672,252.16000366210938,0.0,25691600
2026-01-28,252.74000549316406,252.74000549316406,0.0,257.3999938964844,250.2100067138672,254.1300048828125,0.0,27061200
2026-01-29,252.17999267578125,252.17999267578125,0.0,260.5299987792969,240.91000366210938,254.66000366210938,0.0,31685200
2026-01-30,236.72999572753906,236.72999572753906,0.0,245.24000549316406,234.5500030517578,236.92999267578125,0.0,40035700
2026-02-02,246.27000427246094,246.27000427246094,0.0,249.97000122070312,235.0,235.77000427246094,0.0,36308100
2026-02-03,242.11000061035156,242.11000061035156,0.0,252.64999389648438,237.0399932861328,251.5500030517578,0.0,53097100
2026-02-04,200.19000244140625,200.19000244140625,0.0,218.5800018310547,199.14999389648438,215.0,0.0,107173300
2026-02-05,192.5,192.5,0.0,204.0399932861328,190.72000122070312,201.86000061035156,0.0,62196400
2026-02-06,208.44000244140625,208.44000244140625,0.0,209.27000427246094,196.42999267578125,197.1300048828125,0.0,54504500
2026-02-09,216.0,216.0,0.0,217.60000610351562,204.14999389648438,206.89999389648438,0.0,38810800
2026-02-10,213.57000732421875,213.57000732421875,0.0,219.38999938964844,213.1300048828125,215.13999938964844,0.0,25326700
2026-02-11,213.5800018310547,213.5800018310547,0.0,219.64999389648438,209.2100067138672,217.8800048828125,0.0,33384700
2026-02-12,205.94000244140625,205.94000244140625,0.0,218.4600067138672,205.13999938964844,215.8300018310547,0.0,32181000
2026-02-13,207.32000732421875,207.32000732421875,0.0,210.0500030517578,203.8800048828125,204.02000427246094,0.0,26123900
2026-02-17,203.0800018310547,203.0800018310547,0.0,205.3000030517578,194.8300018310547,202.14999389648438,0.0,33712100
2026-02-18,200.1199951171875,200.1199951171875,0.0,203.1999969482422,195.0,198.41000366210938,0.0,35664100
2026-02-19,203.3699951171875,203.3699951171875,0.0,204.10000610351562,198.2899932861328,200.11000061035156,0.0,25842300
2026-02-20,200.14999389648438,200.14999389648438,0.0,204.8699951171875,198.55999755859375,200.1199951171875,0.0,36317300
2026-02-23,196.60000610351562,196.60000610351562,0.0,199.3800048828125,194.14999389648438,198.08999633789062,0.0,28187900
2026-02-24,213.83999633789062,213.83999633789062,0.0,216.7100067138672,206.5,211.6300048828125,0.0,81367000
2026-02-25,210.86000061035156,210.86000061035156,0.0,216.6999969482422,210.3300018310547,214.82000732421875,0.0,44588100
2026-02-26,203.67999267578125,203.67999267578125,0.0,209.7899932861328,201.4600067138672,208.8000030517578,0.0,35020500
2026-02-27,200.2100067138672,200.2100067138672,0.0,201.88999938964844,197.74000549316406,200.11000061035156,0.0,31312400
2026-03-02,198.6199951171875,198.6199951171875,0.0,198.74000549316406,190.0,193.85000610351562,0.0,34120200
2026-03-03,190.9499969482422,190.9499969482422,0.0,193.63999938964844,188.22000122070312,191.4600067138672,0.0,37785700
2026-03-04,202.07000732421875,202.07000732421875,0.0,202.44000244140625,189.86000061035156,192.1199951171875,0.0,40912600
2026-03-05,199.4499969482422,199.4499969482422,0.0,203.7899932861328,194.8800048828125,197.77000427246094,0.0,36000700
2026-03-06,192.42999267578125,192.42999267578125,0.0,200.24000549316406,191.25,195.27000427246094,0.0,33913800
2026-03-09,202.67999267578125,202.67999267578125,0.0,202.97000122070312,189.02000427246094,189.36000061035156,0.0,38877200
2026-03-10,203.22999572753906,203.22999572753906,0.0,206.58999633789062,202.1999969482422,202.50999450683594,0.0,29139200
2026-03-11,204.8300018310547,204.8300018310547,0.0,209.2100067138672,203.6300048828125,205.11000061035156,0.0,23076400
2026-03-12,197.74000549316406,197.74000549316406,0.0,203.6199951171875,196.6699981689453,202.8300018310547,0.0,28886900
2026-03-13,193.38999938964844,193.38999938964844,0.0,199.67999267578125,192.27000427246094,198.11000061035156,0.0,27561900
2026-03-16,196.5800018310547,196.5800018310547,0.0,200.1699981689453,194.8000030517578,194.97999572753906,0.0,30285200
2026-03-17,196.30999755859375,196.30999755859375,0.0,199.2100067138672,195.25999450683594,196.67999267578125,0.0,22779700
2026-03-18,199.4600067138672,199.4600067138672,0.0,202.86000061035156,195.75,196.0,0.0,28569100
2026-03-19,205.27000427246094,205.27000427246094,0.0,205.8800048828125,192.8300018310547,195.02999877929688,0.0,32245300
2026-03-20,201.3300018310547,201.3300018310547,0.0,206.3000030517578,198.25999450683594,204.88999938964844,0.0,37265100
2026-03-23,202.67999267578125,202.67999267578125,0.0,209.11000061035156,201.7100067138672,206.39999389648438,0.0,31857800
2026-03-24,205.3699951171875,205.3699951171875,0.0,206.42999267578125,200.1300048828125,201.38999938964844,0.0,27258800
2026-03-25,220.27000427246094,220.27000427246094,0.0,221.3300018310547,211.50999450683594,211.50999450683594,0.0,48518300
2026-03-26,203.77000427246094,203.77000427246094,0.0,221.0,203.42999267578125,217.97999572753906,0.0,49213000
2026-03-27,201.99000549316406,201.99000549316406,0.0,203.27000427246094,197.69000244140625,201.77000427246094,0.0,29206600
2026-03-30,196.0399932861328,196.0399932861328,0.0,208.42999267578125,192.8699951171875,204.9499969482422,0.0,41053300
2026-03-31,203.42999267578125,203.42999267578125,0.0,204.0,196.41000366210938,198.0500030517578,0.0,42318700
2026-04-01,210.2100067138672,210.2100067138672,0.0,213.8300018310547,205.83999633789062,207.58999633789062,0.0,40835800
2026-04-02,217.5,217.5,0.0,217.77999877929688,200.6199951171875,204.0500030517578,0.0,38463500
2026-04-06,220.17999267578125,220.17999267578125,0.0,226.30999755859375,217.72999572753906,219.27999877929688,0.0,30786400
2026-04-07,221.52999877929688,221.52999877929688,0.0,222.10000610351562,215.3800048828125,218.25999450683594,0.0,26483000
2026-04-08,231.82000732421875,231.82000732421875,0.0,234.0,227.08999633789062,232.1199951171875,0.0,35496400
2026-04-09,236.63999938964844,236.63999938964844,0.0,237.10000610351562,230.91000366210938,233.00999450683594,0.0,27126200
2026-04-10,245.0399932861328,245.0399932861328,0.0,249.5800018310547,238.9600067138672,239.0,0.0,36477200
2026-04-13,246.8300018310547,246.8300018310547,0.0,247.3300018310547,242.02999877929688,245.02999877929688,0.0,22781800
2026-04-14,255.07000732421875,255.07000732421875,0.0,255.4600067138672,245.6999969482422,249.7899932861328,0.0,25733200
2026-04-15,258.1199951171875,258.1199951171875,0.0,258.17999267578125,251.85000610351562,254.9600067138672,0.0,24695200
2026-04-16,278.260009765625,278.260009765625,0.0,279.3399963378906,261.510009765625,264.989990234375,0.0,64850800
2026-04-17,278.3900146484375,278.3900146484375,0.0,281.04998779296875,274.1400146484375,281.0,0.0,35519900
2026-04-20,274.95001220703125,274.95001220703125,0.0,287.6099853515625,272.0,280.6000061035156,0.0,34833900
2026-04-21,284.489990234375,284.489990234375,0.0,286.20001220703125,276.6199951171875,277.3299865722656,0.0,38950900
2026-04-22,303.4599914550781,303.4599914550781,0.0,304.25,286.1400146484375,291.2200012207031,0.0,49054200
2026-04-23,305.3299865722656,305.3299865722656,0.0,310.2200012207031,299.760009765625,302.010009765625,0.0,45619700
2026-04-24,347.80999755859375,347.80999755859375,0.0,352.989990234375,334.5400085449219,336.760009765625,0.0,81616700
2026-04-27,334.6300048828125,334.6300048828125,0.0,349.2099914550781,328.80999755859375,346.32000732421875,0.0,50585300
2026-04-28,323.2099914550781,323.2099914550781,0.0,327.5,310.0,311.8599853515625,0.0,43002500
2026-04-29,337.1099853515625,337.1099853515625,0.0,340.1700134277344,318.8599853515625,326.5799865722656,0.0,44704400
2026-04-30,354.489990234375,354.489990234375,0.0,354.9599914550781,332.6000061035156,341.3599853515625,0.0,42115300
2026-05-01,360.5400085449219,360.5400085449219,0.0,362.7900085449219,349.25,351.8699951171875,0.0,34279200
2026-05-04,341.5400085449219,341.5400085449219,0.0,361.8500061035156,338.70001220703125,360.30999755859375,0.0,42000200
2026-05-05,355.260009765625,355.260009765625,0.0,359.57000732421875,344.8800048828125,351.510009765625,0.0,64235100
2026-05-06,421.3900146484375,421.3900146484375,0.0,430.6000061035156,402.0400085449219,409.489990234375,0.0,87732200
2026-05-07,408.4599914550781,408.4599914550781,0.0,421.7099914550781,401.0799865722656,417.07000732421875,0.0,44885500
2026-05-08,455.19000244140625,455.19000244140625,0.0,456.2900085449219,418.2900085449219,418.5899963378906,0.0,58134900
2026-05-11,458.7900085449219,458.7900085449219,0.0,469.2200012207031,450.8800048828125,460.54998779296875,0.0,46085400
2026-05-12,448.2900085449219,448.2900085449219,0.0,458.79998779296875,426.1099853515625,449.25,0.0,39140100
2026-05-13,445.5,445.5,0.0,459.5,432.6499938964844,457.0400085449219,0.0,30423400
2026-05-14,449.70001220703125,449.70001220703125,0.0,453.30999755859375,435.67999267578125,440.6000061035156,0.0,26113600
2026-05-15,424.1000061035156,424.1000061035156,0.0,439.0,423.3599853515625,433.3399963378906,0.0,29131600
2026-05-18,420.989990234375,420.989990234375,0.0,438.79998779296875,410.7099914550781,429.5,0.0,28432100
2026-05-19,414.04998779296875,414.04998779296875,0.0,428.75,393.3599853515625,412.6000061035156,0.0,38756900
2026-05-20,447.5799865722656,447.5799865722656,0.0,449.3900146484375,426.04998779296875,428.0400085449219,0.0,36137500
2026-05-21,449.5899963378906,449.5899963378906,0.0,451.20001220703125,431.6000061035156,441.989990234375,0.0,27252000
2026-05-22,467.510009765625,467.510009765625,0.0,481.4100036621094,461.7099914550781,469.8399963378906,0.0,34758600
2026-05-26,503.8900146484375,503.8900146484375,0.0,506.9599914550781,480.2300109863281,484.739990234375,0.0,38473800
2026-05-27,495.5400085449219,495.5400085449219,0.0,510.2099914550781,486.6600036621094,508.0,0.0,27589300
2026-05-28,518.0900268554688,518.0900268554688,0.0,527.2000122070312,493.5199890136719,499.0,0.0,31438500
2026-05-29,516.0999755859375,516.0999755859375,0.0,522.0,503.42999267578125,520.7999877929688,0.0,30803200
2026-06-01,510.1300048828125,510.1300048828125,0.0,517.5,486.79998779296875,500.1600036621094,0.0,33309200
2026-06-02,521.5399780273438,521.5399780273438,0.0,522.489990234375,501.2200012207031,506.29998779296875,0.0,24293200
2026-06-03,542.52001953125,542.52001953125,0.0,546.4400024414062,524.2999877929688,533.75,0.0,29411100
2026-06-04,523.2000122070312,523.2000122070312,0.0,532.1900024414062,499.8699951171875,514.75,0.0,29110000
2026-06-05,466.3800048828125,466.3800048828125,0.0,505.6199951171875,463.95001220703125,499.5299987792969,0.0,46900600
2026-06-08,490.3299865722656,490.3299865722656,0.0,494.9700012207031,477.7099914550781,485.0,0.0,25158800
2026-06-09,475.510009765625,475.510009765625,0.0,505.0,437.2300109863281,502.75,0.0,37799800
2026-06-10,452.3999938964844,452.3999938964844,0.0,477.45001220703125,448.3299865722656,467.9700012207031,0.0,27777400
2026-06-11,488.45001220703125,488.45001220703125,0.0,490.4599914550781,458.0199890136719,461.6000061035156,0.0,30463100
2026-06-12,511.57000732421875,511.57000732421875,0.0,521.7100219726562,494.0,499.69000244140625,0.0,31553100
2026-06-15,547.260009765625,547.260009765625,0.0,558.3699951171875,530.5,535.75,0.0,33482400
2026-06-16,507.2900085449219,507.2900085449219,0.0,548.9500122070312,507.25,546.8900146484375,0.0,28411700
2026-06-17,512.47998046875,512.47998046875,0.0,532.5,507.29998779296875,529.6599731445312,0.0,27085300
2026-06-18,537.3699951171875,537.3699951171875,0.0,539.6900024414062,526.3200073242188,531.5800170898438,0.0,43805600
2026-06-22,551.6300048828125,551.6300048828125,0.0,562.989990234375,535.7100219726562,545.5,0.0,25983200
2026-06-23,519.8499755859375,519.8499755859375,0.0,528.489990234375,506.80999755859375,509.0799865722656,0.0,30196800
2026-06-24,519.739990234375,519.739990234375,0.0,524.9600219726562,503.5,520.8200073242188,0.0,26548300
2026-06-25,532.5700073242188,532.5700073242188,0.0,550.8800048828125,507.0,543.9299926757812,0.0,27031300
2026-06-26,521.5800170898438,521.5800170898438,0.0,525.1099853515625,502.6099853515625,519.7999877929688,0.0,52705100
2026-06-29,539.489990234375,539.489990234375,0.0,542.1900024414062,495.3500061035156,522.8400268554688,0.0,26671000
2026-06-30,580.9099731445312,580.9099731445312,0.0,584.72998046875,545.5700073242188,545.5700073242188,0.0,34488500
