Date,Adj Close,Close,Dividends,High,Low,Open,Stock Splits,Volume
,AVGO,AVGO,AVGO,AVGO,AVGO,AVGO,AVGO,AVGO
2016-07-01,11.822212219238281,15.42199993133545,0.0,15.586999893188477,15.362000465393066,15.446999549865723,0.0,19779000
2016-07-05,11.556974411010742,15.076000213623047,0.0,15.170999526977539,14.95300006866455,15.157999992370605,0.0,26321000
2016-07-06,11.54700756072998,15.062999725341797,0.0,15.126999855041504,14.715999603271484,14.935999870300293,0.0,20603000
2016-07-07,11.574607849121094,15.098999977111816,0.0,15.300000190734863,15.013999938964844,15.013999938964844,0.0,19248000
2016-07-08,11.892738342285156,15.513999938964844,0.0,15.524999618530273,15.194000244140625,15.265000343322754,0.0,26741000
2016-07-11,12.06291675567627,15.736000061035156,0.0,15.847000122070312,15.628000259399414,15.710000038146973,0.0,25201000
2016-07-12,12.157207489013672,15.859000205993652,0.0,16.090999603271484,15.824999809265137,15.857999801635742,0.0,20306000
2016-07-13,12.066749572753906,15.741000175476074,0.0,16.038000106811523,15.734000205993652,15.890999794006348,0.0,15734000
2016-07-14,12.325855255126953,16.07900047302246,0.0,16.106000900268555,15.88599967956543,15.954999923706055,0.0,23550000
2016-07-15,12.35422134399414,16.115999221801758,0.0,16.156999588012695,15.965999603271484,16.111000061035156,0.0,19259000
2016-07-18,12.443910598754883,16.232999801635742,0.0,16.3700008392334,16.19499969482422,16.242000579833984,0.0,14626000
2016-07-19,12.305927276611328,16.05299949645996,0.0,16.200000762939453,15.979000091552734,16.14699935913086,0.0,14797000
2016-07-20,12.469972610473633,16.267000198364258,0.0,16.37700080871582,16.091999053955078,16.15999984741211,0.0,18064000
2016-07-21,12.29672622680664,16.041000366210938,0.0,16.347999572753906,15.982000350952148,16.301000595092773,0.0,19530000
2016-07-22,12.239997863769531,15.967000007629395,0.0,16.030000686645508,15.668999671936035,15.958999633789062,0.0,19664000
2016-07-25,12.248428344726562,15.977999687194824,0.0,16.06999969482422,15.927000045776367,15.96399974822998,0.0,9627000
2016-07-26,12.528999328613281,16.3439998626709,0.0,16.350000381469727,16.03700065612793,16.141000747680664,0.0,28631000
2016-07-27,12.699182510375977,16.56599998474121,0.0,16.760000228881836,16.270999908447266,16.5939998626709,0.0,30493000
2016-07-28,12.589558601379395,16.42300033569336,0.0,16.69700050354004,16.392000198364258,16.5,0.0,19512000
2016-07-29,12.417081832885742,16.197999954223633,0.0,16.46500015258789,16.110000610351562,16.39299964904785,0.0,26030000
2016-08-01,12.534366607666016,16.35099983215332,0.0,16.38800048828125,16.190000534057617,16.277999877929688,0.0,17876000
2016-08-02,12.48684024810791,16.288999557495117,0.0,16.39900016784668,16.226999282836914,16.309999465942383,0.0,22689000
2016-08-03,12.580360412597656,16.410999298095703,0.0,16.415000915527344,16.128000259399414,16.187999725341797,0.0,15019000
2016-08-04,12.801135063171387,16.698999404907227,0.0,16.700000762939453,16.420000076293945,16.427000045776367,0.0,19978000
2016-08-05,13.04107666015625,17.011999130249023,0.0,17.020000457763672,16.722999572753906,16.795000076293945,0.0,25594000
2016-08-08,12.905388832092285,16.834999084472656,0.0,17.12299919128418,16.785999298095703,17.0,0.0,19084000
2016-08-09,13.12156867980957,17.117000579833984,0.0,17.216999053955078,16.8700008392334,16.893999099731445,0.0,32743000
2016-08-10,13.17369556427002,17.184999465942383,0.0,17.218000411987305,16.983999252319336,17.121999740600586,0.0,19523000
2016-08-11,13.192094802856445,17.208999633789062,0.0,17.31599998474121,17.09000015258789,17.207000732421875,0.0,15745000
2016-08-12,13.221220016479492,17.246999740600586,0.0,17.261999130249023,17.13800048828125,17.21299934387207,0.0,16530000
2016-08-15,13.456563949584961,17.554000854492188,0.0,17.58099937438965,17.25,17.336999893188477,0.0,25807000
2016-08-16,13.215858459472656,17.239999771118164,0.0,17.499000549316406,17.209999084472656,17.481000900268555,0.0,19069000
2016-08-17,13.264147758483887,17.30299949645996,0.0,17.327999114990234,17.176000595092773,17.225000381469727,0.0,16613000
2016-08-18,13.333145141601562,17.39299964904785,0.0,17.417999267578125,17.263999938964844,17.281999588012695,0.0,21120000
2016-08-19,13.409802436828613,17.493000030517578,0.0,17.506000518798828,17.343000411987305,17.417999267578125,0.0,15349000
2016-08-22,13.486458778381348,17.593000411987305,0.0,17.631000518798828,17.4060001373291,17.5,0.0,15393000
2016-08-23,13.5945463180542,17.733999252319336,0.0,17.746999740600586,17.61199951171875,17.672000885009766,0.0,19741000
2016-08-24,13.438164710998535,17.530000686645508,0.0,17.768999099731445,17.437000274658203,17.756999969482422,0.0,21802000
2016-08-25,13.494890213012695,17.604000091552734,0.0,17.714000701904297,17.4689998626709,17.552000045776367,0.0,18735000
2016-08-26,13.580748558044434,17.715999603271484,0.0,17.864999771118164,17.51300048828125,17.683000564575195,0.0,22586000
2016-08-29,13.599146842956543,17.739999771118164,0.0,17.868000030517578,17.690000534057617,17.729999542236328,0.0,16726000
2016-08-30,13.568482398986816,17.700000762939453,0.0,17.941999435424805,17.5939998626709,17.81599998474121,0.0,27838000
2016-08-31,13.524020195007324,17.642000198364258,0.0,17.832000732421875,17.53499984741211,17.709999084472656,0.0,32753000
2016-09-01,13.5753812789917,17.708999633789062,0.0,17.767000198364258,17.48200035095215,17.687999725341797,0.0,39128000
2016-09-02,13.270281791687012,17.31100082397461,0.0,17.733999252319336,16.8799991607666,17.700000762939453,0.0,80668000
2016-09-06,13.11620044708252,17.110000610351562,0.0,17.399999618530273,16.964000701904297,17.36199951171875,0.0,36132000
2016-09-07,12.947549819946289,16.889999389648438,0.0,17.200000762939453,16.770999908447266,17.142000198364258,0.0,31437000
2016-09-08,12.907687187194824,16.83799934387207,0.0,16.882999420166016,16.6560001373291,16.839000701904297,0.0,18680000
2016-09-09,12.325088500976562,16.077999114990234,0.0,16.704999923706055,16.066999435424805,16.632999420166016,0.0,45022000
2016-09-12,12.608724594116211,16.447999954223633,0.0,16.475000381469727,15.875,15.913000106811523,0.0,35673000
2016-09-13,12.666980743408203,16.52400016784668,0.0,16.736000061035156,16.43000030517578,16.447999954223633,0.0,36003000
2016-09-14,13.00197696685791,16.961000442504883,0.0,16.993000030517578,16.5049991607666,16.523000717163086,0.0,40324000
2016-09-15,13.280320167541504,17.27199935913086,0.051,17.299999237060547,16.81999969482422,16.933000564575195,0.0,36322000
2016-09-16,13.166521072387695,17.124000549316406,0.0,17.298999786376953,16.985000610351562,17.242000579833984,0.0,83067000
2016-09-19,13.12730884552002,17.072999954223633,0.0,17.357999801635742,16.940000534057617,17.155000686645508,0.0,28306000
2016-09-20,12.93508529663086,16.822999954223633,0.0,17.22100067138672,16.816999435424805,17.22100067138672,0.0,18722000
2016-09-21,13.058112144470215,16.982999801635742,0.0,17.00200080871582,16.76099967956543,16.839000701904297,0.0,17977000
2016-09-22,12.981986999511719,16.884000778198242,0.0,17.125,16.80699920654297,17.097000122070312,0.0,20619000
2016-09-23,12.813603401184082,16.665000915527344,0.0,16.902999877929688,16.551000595092773,16.8700008392334,0.0,26875000
2016-09-26,12.816679954528809,16.66900062561035,0.0,16.722999572753906,16.275999069213867,16.510000228881836,0.0,32033000
2016-09-27,13.137303352355957,17.086000442504883,0.0,17.08799934387207,16.601999282836914,16.68899917602539,0.0,25353000
2016-09-28,13.125000953674316,17.06999969482422,0.0,17.270999908447266,16.97800064086914,17.17799949645996,0.0,20843000
2016-09-29,13.260327339172363,17.246000289916992,0.0,17.39900016784668,16.948999404907227,17.0,0.0,38570000
2016-09-30,13.26494026184082,17.25200080871582,0.0,17.46500015258789,17.243999481201172,17.299999237060547,0.0,34220000
2016-10-03,13.076565742492676,17.006999969482422,0.0,17.388999938964844,16.972000122070312,17.301000595092773,0.0,22807000
2016-10-04,12.998137474060059,16.905000686645508,0.0,17.09000015258789,16.808000564575195,17.06100082397461,0.0,19596000
2016-10-05,13.338752746582031,17.347999572753906,0.0,17.410999298095703,17.06800079345703,17.149999618530273,0.0,26149000
2016-10-06,13.393348693847656,17.41900062561035,0.0,17.46500015258789,17.125999450683594,17.329999923706055,0.0,21014000
2016-10-07,13.394881248474121,17.42099952697754,0.0,17.4950008392334,17.23900032043457,17.488000869750977,0.0,21842000
2016-10-10,13.43794059753418,17.476999282836914,0.0,17.59000015258789,17.375999450683594,17.472999572753906,0.0,16336000
2016-10-11,13.161141395568848,17.117000579833984,0.0,17.549999237060547,16.952999114990234,17.52899932861328,0.0,26181000
2016-10-12,13.107318878173828,17.047000885009766,0.0,17.106000900268555,16.84000015258789,17.075000762939453,0.0,21740000
2016-10-13,12.989678382873535,16.893999099731445,0.0,16.989999771118164,16.68000030517578,16.87700080871582,0.0,22373000
2016-10-14,13.078102111816406,17.009000778198242,0.0,17.263999938964844,16.93400001525879,16.99799919128418,0.0,19570000
2016-10-17,12.985065460205078,16.88800048828125,0.0,17.094999313354492,16.87299919128418,16.969999313354492,0.0,12741000
2016-10-18,13.238031387329102,17.216999053955078,0.0,17.28700065612793,17.054000854492188,17.065000534057617,0.0,14167000
2016-10-19,13.214963912963867,17.187000274658203,0.0,17.22800064086914,17.01099967956543,17.117000579833984,0.0,20440000
2016-10-20,13.333372116088867,17.340999603271484,0.0,17.45800018310547,17.101999282836914,17.166000366210938,0.0,18961000
2016-10-21,13.295697212219238,17.29199981689453,0.0,17.34000015258789,17.06999969482422,17.229000091552734,0.0,15842000
2016-10-24,13.574803352355957,17.655000686645508,0.0,17.700000762939453,17.356000900268555,17.416000366210938,0.0,19772000
2016-10-25,13.351825714111328,17.364999771118164,0.0,17.649999618530273,17.35099983215332,17.60300064086914,0.0,21622000
2016-10-26,13.301849365234375,17.299999237060547,0.0,17.47800064086914,17.110000610351562,17.21500015258789,0.0,21075000
2016-10-27,13.243412017822266,17.224000930786133,0.0,17.524999618530273,17.17799949645996,17.430999755859375,0.0,19840000
2016-10-28,13.021202087402344,16.934999465942383,0.0,17.28700065612793,16.90399932861328,17.249000549316406,0.0,20651000
2016-10-31,13.092707633972168,17.027999877929688,0.0,17.166000366210938,16.868999481201172,17.0,0.0,20317000
2016-11-01,12.978914260864258,16.8799991607666,0.0,17.155000686645508,16.58300018310547,17.07200050354004,0.0,28452000
2016-11-02,13.268017768859863,17.256000518798828,0.0,17.415000915527344,16.981000900268555,17.291000366210938,0.0,43501000
2016-11-03,13.301078796386719,17.298999786376953,0.0,17.534000396728516,17.21500015258789,17.2450008392334,0.0,20654000
2016-11-04,13.238031387329102,17.216999053955078,0.0,17.452999114990234,17.023000717163086,17.040000915527344,0.0,21753000
2016-11-07,13.606328010559082,17.695999145507812,0.0,17.788000106811523,17.410999298095703,17.43899917602539,0.0,26126000
2016-11-08,13.609405517578125,17.700000762939453,0.0,17.802000045776367,17.51099967956543,17.707000732421875,0.0,18923000
2016-11-09,13.33414363861084,17.341999053955078,0.0,17.649999618530273,17.115999221801758,17.14699935913086,0.0,32506000
2016-11-10,12.912787437438965,16.79400062561035,0.0,17.450000762939453,16.329999923706055,17.371999740600586,0.0,51217000
2016-11-11,12.882030487060547,16.753999710083008,0.0,17.0,16.572999954223633,16.735000610351562,0.0,29793000
2016-11-14,12.592928886413574,16.378000259399414,0.0,16.777000427246094,16.302000045776367,16.64699935913086,0.0,28187000
2016-11-15,12.798224449157715,16.645000457763672,0.0,16.75,16.361000061035156,16.482999801635742,0.0,25380000
2016-11-16,12.904330253601074,16.783000946044922,0.0,16.816999435424805,16.575000762939453,16.6299991607666,0.0,13333000
2016-11-17,12.843585968017578,16.70400047302246,0.0,16.902000427246094,16.601999282836914,16.735000610351562,0.0,18100000
2016-11-18,12.929705619812012,16.81599998474121,0.0,16.916000366210938,16.674999237060547,16.674999237060547,0.0,19524000
2016-11-21,13.269554138183594,17.257999420166016,0.0,17.275999069213867,16.913000106811523,16.913000106811523,0.0,21384000
2016-11-22,13.610941886901855,17.70199966430664,0.0,17.742000579833984,17.33099937438965,17.371999740600586,0.0,31024000
2016-11-23,13.615556716918945,17.70800018310547,0.0,17.775999069213867,17.52400016784668,17.63599967956543,0.0,22123000
2016-11-25,13.590188026428223,17.674999237060547,0.0,17.70199966430664,17.55699920654297,17.67799949645996,0.0,8198000
2016-11-28,13.428717613220215,17.46500015258789,0.0,17.707000732421875,17.45400047302246,17.606000900268555,0.0,26570000
2016-11-29,13.490225791931152,17.545000076293945,0.0,17.697999954223633,17.343000411987305,17.38599967956543,0.0,18514000
2016-11-30,13.108853340148926,17.048999786376953,0.0,17.59000015258789,17.04400062561035,17.511999130249023,0.0,31249000
2016-12-01,12.516809463500977,16.27899932861328,0.0,17.048999786376953,16.121000289916992,17.000999450683594,0.0,46389000
2016-12-02,12.626761436462402,16.422000885009766,0.0,16.492000579833984,16.062000274658203,16.35700035095215,0.0,26945000
2016-12-05,12.7736177444458,16.613000869750977,0.0,16.660999298095703,16.239999771118164,16.60099983215332,0.0,21372000
2016-12-06,12.668279647827148,16.47599983215332,0.0,16.797000885009766,16.344999313354492,16.680999755859375,0.0,39184000
2016-12-07,12.959692001342773,16.854999542236328,0.0,16.854999542236328,16.367000579833984,16.47599983215332,0.0,32659000
2016-12-08,13.125774383544922,17.070999145507812,0.0,17.13800048828125,16.750999450683594,16.954999923706055,0.0,38361000
2016-12-09,13.770102500915527,17.909000396728516,0.0,18.190000534057617,17.690000534057617,18.094999313354492,0.0,75744000
2016-12-12,13.698592185974121,17.81599998474121,0.0,18.07699966430664,17.6560001373291,17.80500030517578,0.0,37194000
2016-12-13,13.797012329101562,17.944000244140625,0.0,18.194000244140625,17.799999237060547,17.874000549316406,0.0,69076000
2016-12-14,13.735153198242188,17.761999130249023,0.102,17.922000885009766,17.62299919128418,17.875,0.0,46795000
2016-12-15,13.919968605041504,18.000999450683594,0.0,18.1200008392334,17.656999588012695,17.83099937438965,0.0,38103000
2016-12-16,13.797017097473145,17.841999053955078,0.0,18.108999252319336,17.74799919128418,18.075000762939453,0.0,41541000
2016-12-19,13.954766273498535,18.04599952697754,0.0,18.141000747680664,17.812000274658203,17.906999588012695,0.0,22219000
2016-12-20,14.079264640808105,18.207000732421875,0.0,18.327999114990234,18.013999938964844,18.100000381469727,0.0,27352000
2016-12-21,14.096277236938477,18.229000091552734,0.0,18.39900016784668,18.17799949645996,18.37299919128418,0.0,21013000
2016-12-22,13.965592384338379,18.059999465942383,0.0,18.299999237060547,17.937999725341797,18.28499984741211,0.0,17557000
2016-12-23,14.069212913513184,18.194000244140625,0.0,18.197999954223633,17.965999603271484,18.0049991607666,0.0,8977000
2016-12-27,14.097826957702637,18.231000900268555,0.0,18.3700008392334,18.204999923706055,18.211000442504883,0.0,8283000
2016-12-28,13.933886528015137,18.018999099731445,0.0,18.299999237060547,17.983999252319336,18.263999938964844,0.0,14039000
2016-12-29,13.90914249420166,17.98699951171875,0.0,18.066999435424805,17.863000869750977,17.969999313354492,0.0,13671000
2016-12-30,13.66942310333252,17.677000045776367,0.0,18.09000015258789,17.601999282836914,18.03700065612793,0.0,25421000
2017-01-03,13.790827751159668,17.833999633789062,0.0,18.09000015258789,17.65399932861328,17.82900047302246,0.0,32098000
2017-01-04,13.692621231079102,17.707000732421875,0.0,17.899999618530273,17.667999267578125,17.826000213623047,0.0,23965000
2017-01-05,13.476873397827148,17.42799949645996,0.0,17.700000762939453,17.38800048828125,17.632999420166016,0.0,24861000
2017-01-06,13.655508041381836,17.659000396728516,0.0,17.690000534057617,17.33099937438965,17.42099952697754,0.0,23142000
2017-01-09,13.68488597869873,17.69700050354004,0.0,17.829999923706055,17.663999557495117,17.665000915527344,0.0,20265000
2017-01-10,13.963274955749512,18.05699920654297,0.0,18.073999404907227,17.690000534057617,17.749000549316406,0.0,30181000
2017-01-11,13.874345779418945,17.941999435424805,0.0,18.047000885009766,17.775999069213867,18.0049991607666,0.0,18787000
2017-01-12,13.83104133605957,17.88599967956543,0.0,17.90999984741211,17.540000915527344,17.80900001525879,0.0,23137000
2017-01-13,13.953994750976562,18.045000076293945,0.0,18.077999114990234,17.839000701904297,17.889999389648438,0.0,20902000
2017-01-17,13.850371360778809,17.910999298095703,0.0,17.96299934387207,17.756000518798828,17.947999954223633,0.0,26316000
2017-01-18,14.307391166687012,18.50200080871582,0.0,18.506999969482422,18.0,18.035999298095703,0.0,35642000
2017-01-19,14.349143981933594,18.555999755859375,0.0,18.687999725341797,18.468000411987305,18.510000228881836,0.0,45718000
2017-01-20,14.77599811553955,19.107999801635742,0.0,19.15399932861328,18.809999465942383,18.860000610351562,0.0,57623000
2017-01-23,14.769813537597656,19.100000381469727,0.0,19.152999877929688,18.841999053955078,19.10099983215332,0.0,33394000
2017-01-24,15.29178237915039,19.774999618530273,0.0,19.964000701904297,19.22800064086914,19.27199935913086,0.0,62008000
2017-01-25,15.657544136047363,20.24799919128418,0.0,20.259000778198242,19.80299949645996,19.992000579833984,0.0,60888000
2017-01-26,15.788233757019043,20.41699981689453,0.0,20.527000427246094,20.113000869750977,20.444000244140625,0.0,38820000
2017-01-27,15.907317161560059,20.570999145507812,0.0,20.57900047302246,20.354000091552734,20.538000106811523,0.0,25780000
2017-01-30,15.714770317077637,20.32200050354004,0.0,20.48699951171875,20.06100082397461,20.44499969482422,0.0,33234000
2017-01-31,15.427107810974121,19.950000762939453,0.0,20.246999740600586,19.88599967956543,20.246999740600586,0.0,26749000
2017-02-01,15.751118659973145,20.368999481201172,0.0,20.447999954223633,20.020999908447266,20.225000381469727,0.0,31184000
2017-02-02,15.778950691223145,20.405000686645508,0.0,20.503000259399414,20.100000381469727,20.19700050354004,0.0,22712000
2017-02-03,15.942121505737305,20.615999221801758,0.0,20.65999984741211,20.30299949645996,20.4950008392334,0.0,24367000
2017-02-06,15.973048210144043,20.6560001373291,0.0,20.666000366210938,20.43000030517578,20.614999771118164,0.0,18716000
2017-02-07,15.922784805297852,20.590999603271484,0.0,20.739999771118164,20.493000030517578,20.72100067138672,0.0,22840000
2017-02-08,15.998571395874023,20.68899917602539,0.0,20.875,20.516000747680664,20.597000122070312,0.0,21069000
2017-02-09,15.878710746765137,20.534000396728516,0.0,20.768999099731445,20.363000869750977,20.732999801635742,0.0,27519000
2017-02-10,15.892629623413086,20.552000045776367,0.0,20.649999618530273,20.385000228881836,20.600000381469727,0.0,23842000
2017-02-13,15.984649658203125,20.67099952697754,0.0,20.711000442504883,20.517000198364258,20.67799949645996,0.0,12463000
2017-02-14,15.877935409545898,20.533000946044922,0.0,20.700000762939453,20.479999542236328,20.698999404907227,0.0,17357000
2017-02-15,15.928975105285645,20.599000930786133,0.0,20.694000244140625,20.479999542236328,20.582000732421875,0.0,17088000
2017-02-16,16.098323822021484,20.81800079345703,0.0,20.82200050354004,20.51799964904785,20.645999908447266,0.0,17188000
2017-02-17,16.27076530456543,21.041000366210938,0.0,21.041000366210938,20.68199920654297,20.899999618530273,0.0,30945000
2017-02-21,16.45171356201172,21.274999618530273,0.0,21.36199951171875,21.090999603271484,21.100000381469727,0.0,30333000
2017-02-22,16.560752868652344,21.416000366210938,0.0,21.493000030517578,21.149999618530273,21.299999237060547,0.0,23949000
2017-02-23,16.28391456604004,21.058000564575195,0.0,21.59600067138672,20.964000701904297,21.507999420166016,0.0,29364000
2017-02-24,16.26767349243164,21.03700065612793,0.0,21.065000534057617,20.26099967956543,20.83799934387207,0.0,27651000
2017-02-27,16.492698669433594,21.327999114990234,0.0,21.344999313354492,21.018999099731445,21.066999435424805,0.0,26991000
2017-02-28,16.310977935791016,21.093000411987305,0.0,21.43400001525879,21.030000686645508,21.413999557495117,0.0,27548000
2017-03-01,16.636533737182617,21.513999938964844,0.0,21.538999557495117,21.055999755859375,21.30699920654297,0.0,51155000
2017-03-02,16.802783966064453,21.729000091552734,0.0,22.49799919128418,21.601999282836914,22.410999298095703,0.0,71171000
2017-03-03,16.88243865966797,21.832000732421875,0.0,22.0,21.770000457763672,21.799999237060547,0.0,30747000
2017-03-06,16.853050231933594,21.79400062561035,0.0,21.85300064086914,21.517000198364258,21.636999130249023,0.0,22771000
2017-03-07,16.95435333251953,21.924999237060547,0.0,22.136999130249023,21.708999633789062,21.733999252319336,0.0,29129000
2017-03-08,16.983741760253906,21.96299934387207,0.0,22.124000549316406,21.854999542236328,21.922000885009766,0.0,24532000
2017-03-09,17.167776107788086,22.201000213623047,0.0,22.285999298095703,21.812000274658203,21.878000259399414,0.0,25675000
2017-03-10,17.503385543823242,22.635000228881836,0.0,22.641000747680664,22.273000717163086,22.273000717163086,0.0,39430000
2017-03-13,17.51112174987793,22.645000457763672,0.0,22.774999618530273,22.535999298095703,22.586000442504883,0.0,26669000
2017-03-14,17.34872817993164,22.434999465942383,0.0,22.628000259399414,22.35099983215332,22.47599983215332,0.0,22165000
2017-03-15,17.470909118652344,22.593000411987305,0.0,22.665000915527344,22.323999404907227,22.433000564575195,0.0,20727000
2017-03-16,17.272830963134766,22.236000061035156,0.102,22.582000732421875,22.156999588012695,22.54800033569336,0.0,27835000
2017-03-17,17.181167602539062,22.118000030517578,0.0,22.371000289916992,22.084999084472656,22.351999282836914,0.0,51635000
2017-03-20,17.18583106994629,22.124000549316406,0.0,22.263999938964844,22.077999114990234,22.118000030517578,0.0,17215000
2017-03-21,16.78033447265625,21.601999282836914,0.0,22.29800033569336,21.552000045776367,22.224000930786133,0.0,30557000
2017-03-22,16.88909149169922,21.742000579833984,0.0,21.836999893188477,21.538999557495117,21.601999282836914,0.0,19131000
2017-03-23,16.84558868408203,21.68600082397461,0.0,21.84600067138672,21.64299964904785,21.72599983215332,0.0,19223000
2017-03-24,17.009498596191406,21.89699935913086,0.0,22.139999389648438,21.77400016784668,21.801000595092773,0.0,23794000
2017-03-27,17.015705108642578,21.905000686645508,0.0,22.01799964904785,21.597000122070312,21.683000564575195,0.0,15358000
2017-03-28,17.163293838500977,22.094999313354492,0.0,22.17799949645996,21.834999084472656,21.85099983215332,0.0,17929000
2017-03-29,17.191265106201172,22.131000518798828,0.0,22.135000228881836,21.968000411987305,22.079999923706055,0.0,15927000
2017-03-30,17.092607498168945,22.003999710083008,0.0,22.44499969482422,21.88599967956543,22.190000534057617,0.0,34168000
2017-03-31,17.00872039794922,21.895999908447266,0.0,22.099000930786133,21.80299949645996,21.999000549316406,0.0,25897000
2017-04-03,16.99629020690918,21.8799991607666,0.0,21.999000549316406,21.666000366210938,21.899999618530273,0.0,19210000
2017-04-04,17.00872039794922,21.895999908447266,0.0,22.041000366210938,21.788000106811523,21.816999435424805,0.0,12634000
2017-04-05,16.866561889648438,21.71299934387207,0.0,22.049999237060547,21.68000030517578,21.95400047302246,0.0,15690000
2017-04-06,16.89530372619629,21.75,0.0,21.847000122070312,21.55900001525879,21.670000076293945,0.0,14615000
2017-04-07,16.953567504882812,21.825000762939453,0.0,21.983999252319336,21.70400047302246,21.75,0.0,16412000
2017-04-10,16.935693740844727,21.802000045776367,0.0,21.905000686645508,21.625999450683594,21.707000732421875,0.0,17994000
2017-04-11,16.899187088012695,21.7549991607666,0.0,21.84000015258789,21.402999877929688,21.6560001373291,0.0,22219000
2017-04-12,16.25057029724121,20.920000076293945,0.0,21.61400032043457,20.8439998626709,21.566999435424805,0.0,61026000
2017-04-13,16.41524887084961,21.131999969482422,0.0,21.39699935913086,20.899999618530273,20.92099952697754,0.0,42579000
2017-04-17,16.613327026367188,21.386999130249023,0.0,21.43600082397461,21.2189998626709,21.238000869750977,0.0,14507000
2017-04-18,16.553518295288086,21.309999465942383,0.0,21.371000289916992,21.20599937438965,21.305999755859375,0.0,8486000
2017-04-19,16.594688415527344,21.363000869750977,0.0,21.482999801635742,21.326000213623047,21.378000259399414,0.0,12081000
2017-04-20,16.950458526611328,21.820999145507812,0.0,21.91200065612793,21.422000885009766,21.5,0.0,16916000
2017-04-21,16.907732009887695,21.766000747680664,0.0,21.83300018310547,21.615999221801758,21.742000579833984,0.0,14683000
2017-04-24,17.18583106994629,22.124000549316406,0.0,22.190000534057617,21.968000411987305,22.069000244140625,0.0,17531000
2017-04-25,17.338075637817383,22.31999969482422,0.0,22.399999618530273,22.19499969482422,22.20199966430664,0.0,14848000
2017-04-26,17.220008850097656,22.167999267578125,0.0,22.39299964904785,22.086999893188477,22.349000930786133,0.0,14726000
2017-04-27,17.32953643798828,22.30900001525879,0.0,22.409000396728516,22.20599937438965,22.288999557495117,0.0,11850000
2017-04-28,17.152421951293945,22.08099937438965,0.0,22.31399917602539,21.976999282836914,22.283000946044922,0.0,16490000
2017-05-01,17.192035675048828,22.131999969482422,0.0,22.22599983215332,21.990999221801758,22.208999633789062,0.0,15339000
2017-05-02,17.512859344482422,22.545000076293945,0.0,22.549999237060547,22.149999618530273,22.34600067138672,0.0,27277000
2017-05-03,17.47013282775879,22.489999771118164,0.0,22.618999481201172,22.354999542236328,22.451000213623047,0.0,18002000
2017-05-04,17.353614807128906,22.34000015258789,0.0,22.586000442504883,22.18600082397461,22.525999069213867,0.0,16245000
2017-05-05,17.590538024902344,22.645000457763672,0.0,22.64900016784668,22.405000686645508,22.496000289916992,0.0,23128000
2017-05-08,17.484111785888672,22.507999420166016,0.0,22.709999084472656,22.38599967956543,22.652000427246094,0.0,17448000
2017-05-09,17.746675491333008,22.84600067138672,0.0,22.940000534057617,22.47100067138672,22.562000274658203,0.0,19261000
2017-05-10,17.96961212158203,23.132999420166016,0.0,23.341999053955078,22.868999481201172,22.948999404907227,0.0,24433000
2017-05-11,17.950969696044922,23.108999252319336,0.0,23.184999465942383,22.823999404907227,23.06800079345703,0.0,14823000
2017-05-12,18.329267501831055,23.59600067138672,0.0,23.604999542236328,23.083999633789062,23.148000717163086,0.0,25852000
2017-05-15,18.567747116088867,23.902999877929688,0.0,23.989999771118164,23.5,23.56100082397461,0.0,29172000
2017-05-16,18.695924758911133,24.06800079345703,0.0,24.128999710083008,23.868999481201172,23.993999481201172,0.0,18128000
2017-05-17,17.95796012878418,23.118000030517578,0.0,23.89699935913086,23.108999252319336,23.799999237060547,0.0,31447000
2017-05-18,18.461328506469727,23.766000747680664,0.0,23.86199951171875,22.76799964904785,23.158000946044922,0.0,30699000
2017-05-19,18.184789657592773,23.40999984741211,0.0,23.698999404907227,23.204999923706055,23.67099952697754,0.0,35812000
2017-05-22,18.51725196838379,23.83799934387207,0.0,23.898000717163086,23.422000885009766,23.55299949645996,0.0,20419000
2017-05-23,18.374319076538086,23.65399932861328,0.0,23.89299964904785,23.583999633789062,23.834999084472656,0.0,13696000
2017-05-24,18.61202621459961,23.959999084472656,0.0,24.000999450683594,23.69700050354004,23.84600067138672,0.0,16392000
2017-05-25,18.709897994995117,24.086000442504883,0.0,24.1560001373291,23.87299919128418,24.111000061035156,0.0,19010000
2017-05-26,18.737085342407227,24.121000289916992,0.0,24.15999984741211,23.832000732421875,24.09000015258789,0.0,13120000
2017-05-30,18.629112243652344,23.98200035095215,0.0,24.138999938964844,23.899999618530273,24.049999237060547,0.0,29364000
2017-05-31,18.602693557739258,23.947999954223633,0.0,24.288999557495117,23.756000518798828,24.25200080871582,0.0,44830000
2017-06-01,18.22284698486328,23.458999633789062,0.0,24.187000274658203,23.381000518798828,24.15999984741211,0.0,63774000
2017-06-02,19.771774291992188,25.452999114990234,0.0,25.582000732421875,24.415000915527344,24.854000091552734,0.0,108613000
2017-06-05,19.591567993164062,25.22100067138672,0.0,25.67799949645996,25.020000457763672,25.399999618530273,0.0,39532000
2017-06-06,19.7197322845459,25.38599967956543,0.0,25.534000396728516,25.062000274658203,25.07699966430664,0.0,29653000
2017-06-07,19.752357482910156,25.42799949645996,0.0,25.584999084472656,25.297000885009766,25.368000030517578,0.0,29290000
2017-06-08,19.80440330505371,25.4950008392334,0.0,25.610000610351562,25.23200035095215,25.5,0.0,28273000
2017-06-09,18.902544021606445,24.333999633789062,0.0,25.600000381469727,24.145000457763672,25.551000595092773,0.0,58191000
2017-06-12,18.85050392150879,24.267000198364258,0.0,24.31100082397461,23.575000762939453,24.040000915527344,0.0,54872000
2017-06-13,18.871479034423828,24.29400062561035,0.0,24.791000366210938,24.16699981689453,24.496000289916992,0.0,30853000
2017-06-14,18.685039520263672,24.054000854492188,0.0,24.4950008392334,23.76300048828125,24.35700035095215,0.0,34509000
2017-06-15,18.56568717956543,23.798999786376953,0.102,23.948999404907227,23.527000427246094,23.534000396728516,0.0,27527000
2017-06-16,18.429948806762695,23.625,0.0,23.94300079345703,23.51300048828125,23.89299964904785,0.0,35819000
2017-06-19,18.812198638916016,24.114999771118164,0.0,24.481000900268555,24.03499984741211,24.481000900268555,0.0,28519000
2017-06-20,18.721710205078125,23.999000549316406,0.0,24.364999771118164,23.985000610351562,24.200000762939453,0.0,24429000
2017-06-21,19.121896743774414,24.511999130249023,0.0,24.590999603271484,24.191999435424805,24.357999801635742,0.0,34998000
2017-06-22,19.037643432617188,24.40399932861328,0.0,24.641000747680664,24.308000564575195,24.551000595092773,0.0,18666000
2017-06-23,19.13282012939453,24.525999069213867,0.0,24.687000274658203,24.27899932861328,24.354000091552734,0.0,34985000
2017-06-26,18.937009811401367,24.274999618530273,0.0,24.790000915527344,24.1200008392334,24.599000930786133,0.0,32103000
2017-06-27,18.35818099975586,23.533000946044922,0.0,24.198999404907227,23.523000717163086,24.13599967956543,0.0,33582000
2017-06-28,18.804401397705078,24.104999542236328,0.0,24.17300033569336,23.450000762939453,23.659000396728516,0.0,24533000
2017-06-29,18.25754737854004,23.40399932861328,0.0,23.89699935913086,23.05699920654297,23.8700008392334,0.0,34513000
2017-06-30,18.180313110351562,23.30500030517578,0.0,23.66900062561035,23.285999298095703,23.62700080871582,0.0,26534000
2017-07-03,17.923664093017578,22.97599983215332,0.0,23.52400016784668,22.908000946044922,23.451000213623047,0.0,21123000
2017-07-05,18.067981719970703,23.160999298095703,0.0,23.232999801635742,22.910999298095703,23.100000381469727,0.0,29699000
2017-07-06,18.335556030273438,23.503999710083008,0.0,23.572999954223633,22.75,22.756000518798828,0.0,26334000
2017-07-07,18.69284439086914,23.961999893188477,0.0,24.018999099731445,23.527000427246094,23.530000686645508,0.0,24731000
2017-07-10,18.860567092895508,24.177000045776367,0.0,24.194000244140625,23.881000518798828,24.051000595092773,0.0,22499000
2017-07-11,18.791919708251953,24.089000701904297,0.0,24.260000228881836,23.93899917602539,24.200000762939453,0.0,20502000
2017-07-12,19.22331428527832,24.642000198364258,0.0,24.718000411987305,24.106000900268555,24.299999237060547,0.0,27710000
2017-07-13,19.29274559020996,24.731000900268555,0.0,24.98699951171875,24.655000686645508,24.711999893188477,0.0,20400000
2017-07-14,19.525211334228516,25.02899932861328,0.0,25.040000915527344,24.78499984741211,24.863000869750977,0.0,14417000
2017-07-17,19.426137924194336,24.902000427246094,0.0,25.236000061035156,24.88599967956543,25.07900047302246,0.0,18746000
2017-07-18,19.571239471435547,25.08799934387207,0.0,25.093000411987305,24.606000900268555,24.72599983215332,0.0,13003000
2017-07-19,19.845840454101562,25.440000534057617,0.0,25.45400047302246,25.05500030517578,25.200000762939453,0.0,25526000
2017-07-20,19.770170211791992,25.343000411987305,0.0,25.5,25.235000610351562,25.450000762939453,0.0,12135000
2017-07-21,19.745208740234375,25.31100082397461,0.0,25.351999282836914,25.04599952697754,25.152999877929688,0.0,15504000
2017-07-24,19.738962173461914,25.30299949645996,0.0,25.368000030517578,25.16900062561035,25.32900047302246,0.0,13638000
2017-07-25,19.838029861450195,25.43000030517578,0.0,25.44099998474121,25.01799964904785,25.280000686645508,0.0,16123000
2017-07-26,20.049440383911133,25.701000213623047,0.0,25.819000244140625,25.461999893188477,25.4689998626709,0.0,19971000
2017-07-27,19.57670021057129,25.094999313354492,0.0,25.849000930786133,24.895000457763672,25.820999145507812,0.0,32010000
2017-07-28,19.531452178955078,25.03700065612793,0.0,25.11199951171875,24.75,24.892000198364258,0.0,31919000
2017-07-31,19.242036819458008,24.666000366210938,0.0,25.2450008392334,24.54599952697754,25.097999572753906,0.0,18902000
2017-08-01,19.376996994018555,24.839000701904297,0.0,25.0,24.695999145507812,24.822999954223633,0.0,17582000
2017-08-02,19.76470375061035,25.336000442504883,0.0,25.72800064086914,25.106000900268555,25.459999084472656,0.0,36970000
2017-08-03,19.525211334228516,25.02899932861328,0.0,25.299999237060547,24.722999572753906,25.2810001373291,0.0,23447000
2017-08-04,19.437843322753906,24.91699981689453,0.0,25.097000122070312,24.812000274658203,25.073999404907227,0.0,13454000
2017-08-07,19.69293212890625,25.243999481201172,0.0,25.288999557495117,24.889999389648438,24.93899917602539,0.0,18730000
2017-08-08,19.60868263244629,25.13599967956543,0.0,25.429000854492188,25.04199981689453,25.197999954223633,0.0,20439000
2017-08-09,19.437843322753906,24.91699981689453,0.0,25.035999298095703,24.75200080871582,24.952999114990234,0.0,21256000
2017-08-10,18.777877807617188,24.070999145507812,0.0,24.700000762939453,24.04599952697754,24.666000366210938,0.0,29033000
2017-08-11,19.04779052734375,24.41699981689453,0.0,24.52400016784668,23.8700008392334,24.0049991607666,0.0,16976000
2017-08-14,19.57358169555664,25.090999603271484,0.0,25.125,24.600000381469727,24.68600082397461,0.0,16736000
2017-08-15,19.790447235107422,25.368999481201172,0.0,25.4060001373291,25.12700080871582,25.312000274658203,0.0,20942000
2017-08-16,19.769384384155273,25.341999053955078,0.0,25.474000930786133,25.180999755859375,25.43199920654297,0.0,15394000
2017-08-17,19.264657974243164,24.69499969482422,0.0,25.424999237060547,24.665000915527344,25.299999237060547,0.0,22793000
2017-08-18,19.453441619873047,24.937000274658203,0.0,25.148000717163086,24.613000869750977,24.732999801635742,0.0,20126000
2017-08-21,19.472946166992188,24.961999893188477,0.0,25.18899917602539,24.618000030517578,25.18899917602539,0.0,20693000
2017-08-22,19.9074649810791,25.518999099731445,0.0,25.618999481201172,25.100000381469727,25.183000564575195,0.0,26917000
2017-08-23,20.042423248291016,25.691999435424805,0.0,25.891000747680664,25.339000701904297,25.392000198364258,0.0,27928000
2017-08-24,19.896541595458984,25.5049991607666,0.0,25.93600082397461,25.110000610351562,25.867000579833984,0.0,52119000
2017-08-25,19.158565521240234,24.55900001525879,0.0,25.440000534057617,24.378000259399414,25.225000381469727,0.0,69099000
2017-08-28,18.976016998291016,24.325000762939453,0.0,24.763999938964844,24.25,24.70400047302246,0.0,34174000
2017-08-29,18.857444763183594,24.17300033569336,0.0,24.45800018310547,24.003000259399414,24.128999710083008,0.0,33536000
2017-08-30,19.19210433959961,24.601999282836914,0.0,24.634000778198242,24.08799934387207,24.1560001373291,0.0,21924000
2017-08-31,19.664072036743164,25.207000732421875,0.0,25.253000259399414,24.55500030517578,24.66200065612793,0.0,29491000
2017-09-01,19.715553283691406,25.273000717163086,0.0,25.534000396728516,25.229999542236328,25.232999801635742,0.0,23242000
2017-09-05,19.428478240966797,24.905000686645508,0.0,25.273000717163086,24.70199966430664,25.011999130249023,0.0,24306000
2017-09-06,19.454219818115234,24.937999725341797,0.0,25.131000518798828,24.770000457763672,25.06100082397461,0.0,13996000
2017-09-07,19.233457565307617,24.655000686645508,0.0,25.0,24.613000869750977,24.979000091552734,0.0,16088000
2017-09-08,19.043115615844727,24.410999298095703,0.0,24.639999389648438,24.309999465942383,24.591999053955078,0.0,18094000
2017-09-11,19.326282501220703,24.77400016784668,0.0,24.823999404907227,24.60099983215332,24.70800018310547,0.0,16878000
2017-09-12,19.279481887817383,24.714000701904297,0.0,24.974000930786133,24.549999237060547,24.965999603271484,0.0,18396000
2017-09-13,19.209270477294922,24.624000549316406,0.0,24.791000366210938,24.514999389648438,24.582000732421875,0.0,29664000
2017-09-14,19.264657974243164,24.69499969482422,0.0,24.750999450683594,24.323999404907227,24.461999893188477,0.0,28645000
2017-09-15,19.545494079589844,25.05500030517578,0.0,25.118999481201172,24.51099967956543,24.76300048828125,0.0,50066000
2017-09-18,19.56821060180664,24.98200035095215,0.102,25.283000946044922,24.861000061035156,25.104999542236328,0.0,25743000
2017-09-19,19.56351089477539,24.97599983215332,0.0,25.184999465942383,24.83300018310547,25.117000579833984,0.0,22088000
2017-09-20,19.026954650878906,24.291000366210938,0.0,24.988000869750977,23.785999298095703,24.974000930786133,0.0,57010000
2017-09-21,18.82878303527832,24.038000106811523,0.0,24.270000457763672,23.81800079345703,24.246000289916992,0.0,28620000
2017-09-22,18.739486694335938,23.923999786376953,0.0,24.075000762939453,23.812000274658203,23.833999633789062,0.0,23100000
2017-09-25,18.447322845458984,23.551000595092773,0.0,23.7810001373291,23.152999877929688,23.7189998626709,0.0,38692000
2017-09-26,18.58517837524414,23.726999282836914,0.0,23.9950008392334,23.5310001373291,23.788000106811523,0.0,39010000
2017-09-27,18.844449996948242,24.058000564575195,0.0,24.267000198364258,23.857999801635742,23.950000762939453,0.0,26489000
2017-09-28,19.029312133789062,24.29400062561035,0.0,24.336000442504883,23.950000762939453,23.951000213623047,0.0,21932000
2017-09-29,18.997970581054688,24.253999710083008,0.0,24.42799949645996,24.150999069213867,24.29400062561035,0.0,17319000
2017-10-02,18.835834503173828,24.047000885009766,0.0,24.5310001373291,23.975000381469727,24.5310001373291,0.0,19431000
2017-10-03,18.759855270385742,23.950000762939453,0.0,24.094999313354492,23.788999557495117,24.007999420166016,0.0,25611000
2017-10-04,18.955678939819336,24.200000762939453,0.0,24.232999801635742,23.750999450683594,23.878000259399414,0.0,23271000
2017-10-05,19.08648109436035,24.367000579833984,0.0,24.573999404907227,24.23699951171875,24.32699966430664,0.0,22811000
2017-10-06,19.24863052368164,24.573999404907227,0.0,24.575000762939453,24.030000686645508,24.030000686645508,0.0,17489000
2017-10-09,19.301891326904297,24.642000198364258,0.0,24.725000381469727,24.538999557495117,24.600000381469727,0.0,16551000
2017-10-10,19.268213272094727,24.599000930786133,0.0,24.81599998474121,24.304000854492188,24.753000259399414,0.0,15348000
2017-10-11,19.613645553588867,25.040000915527344,0.0,25.117000579833984,24.513999938964844,24.520999908447266,0.0,26603000
2017-10-12,19.483613967895508,24.874000549316406,0.0,25.128000259399414,24.827999114990234,25.04199981689453,0.0,20067000
2017-10-13,19.42251968383789,24.79599952697754,0.0,25.083999633789062,24.746999740600586,25.014999389648438,0.0,15257000
2017-10-16,19.321475982666016,24.66699981689453,0.0,24.94700050354004,24.562000274658203,24.857999801635742,0.0,14899000
2017-10-17,19.00424575805664,24.261999130249023,0.0,24.5939998626709,24.233999252319336,24.583999633789062,0.0,26965000
2017-10-18,19.11233901977539,24.399999618530273,0.0,24.461000442504883,23.979999542236328,24.33300018310547,0.0,19905000
2017-10-19,19.135053634643555,24.429000854492188,0.0,24.437000274658203,23.836000442504883,24.082000732421875,0.0,25844000
2017-10-20,19.131134033203125,24.423999786376953,0.0,24.700000762939453,24.375999450683594,24.695999145507812,0.0,23548000
2017-10-23,19.13348388671875,24.427000045776367,0.0,24.565000534057617,24.270999908447266,24.51799964904785,0.0,23418000
2017-10-24,19.400583267211914,24.76799964904785,0.0,24.81399917602539,24.410999298095703,24.506999969482422,0.0,22887000
2017-10-25,19.254894256591797,24.582000732421875,0.0,24.89299964904785,24.42300033569336,24.58799934387207,0.0,20955000
2017-10-26,19.093530654907227,24.375999450683594,0.0,24.78499984741211,24.375999450683594,24.726999282836914,0.0,24446000
2017-10-27,19.809467315673828,25.290000915527344,0.0,25.298999786376953,24.27899932861328,24.457000732421875,0.0,44753000
2017-10-30,20.461950302124023,26.12299919128418,0.0,26.219999313354492,25.32699966430664,25.329999923706055,0.0,50202000
2017-10-31,20.671873092651367,26.391000747680664,0.0,26.670000076293945,26.1299991607666,26.25,0.0,32845000
2017-11-01,20.30999183654785,25.929000854492188,0.0,26.56399917602539,25.68899917602539,26.423999786376953,0.0,27333000
2017-11-02,20.326433181762695,25.950000762939453,0.0,26.464000701904297,24.886999130249023,26.216999053955078,0.0,67196000
2017-11-03,21.4332332611084,27.363000869750977,0.0,27.799999237060547,25.711000442504883,26.402999877929688,0.0,120503000
2017-11-06,21.737934112548828,27.75200080871582,0.0,28.18000030517578,27.003000259399414,27.829999923706055,0.0,78088000
2017-11-07,21.25229263305664,27.131999969482422,0.0,27.450000762939453,26.753999710083008,27.253999710083008,0.0,36789000
2017-11-08,21.336881637573242,27.239999771118164,0.0,27.381999969482422,26.724000930786133,26.933000564575195,0.0,30254000
2017-11-09,20.80738067626953,26.56399917602539,0.0,27.040000915527344,26.25,26.86400032043457,0.0,30980000
2017-11-10,20.75411605834961,26.496000289916992,0.0,26.663999557495117,26.360000610351562,26.57900047302246,0.0,20338000
2017-11-13,20.758033752441406,26.500999450683594,0.0,26.597999572753906,26.155000686645508,26.25,0.0,28064000
2017-11-14,20.620956420898438,26.326000213623047,0.0,26.558000564575195,26.125999450683594,26.329999923706055,0.0,19718000
2017-11-15,20.804248809814453,26.559999465942383,0.0,26.700000762939453,25.80299949645996,26.229999542236328,0.0,29032000
2017-11-16,21.314170837402344,27.211000442504883,0.0,27.46500015258789,26.611000061035156,26.68000030517578,0.0,31000000
2017-11-17,21.294586181640625,27.18600082397461,0.0,27.211000442504883,26.843000411987305,27.177000045776367,0.0,24069000
2017-11-20,21.531143188476562,27.488000869750977,0.0,27.674999237060547,27.138999938964844,27.261999130249023,0.0,28639000
2017-11-21,21.665082931518555,27.659000396728516,0.0,27.820999145507812,27.490999221801758,27.610000610351562,0.0,20903000
2017-11-22,21.56952476501465,27.53700065612793,0.0,27.770999908447266,27.41699981689453,27.70199966430664,0.0,18642000
2017-11-24,22.118610382080078,28.238000869750977,0.0,28.298999786376953,27.650999069213867,27.66699981689453,0.0,11572000
2017-11-27,22.294069290161133,28.461999893188477,0.0,28.56800079345703,27.976999282836914,28.025999069213867,0.0,26230000
2017-11-28,21.72852897644043,27.739999771118164,0.0,28.489999771118164,27.68400001525879,28.486000061035156,0.0,26796000
2017-11-29,21.266386032104492,27.149999618530273,0.0,27.81399917602539,26.48699951171875,27.799999237060547,0.0,47231000
2017-11-30,21.770830154418945,27.79400062561035,0.0,27.834999084472656,27.009000778198242,27.17799949645996,0.0,31452000
2017-12-01,21.27109146118164,27.1560001373291,0.0,27.551000595092773,26.405000686645508,27.520999908447266,0.0,47729000
2017-12-04,20.648372650146484,26.361000061035156,0.0,27.45199966430664,26.013999938964844,27.391000747680664,0.0,48439000
2017-12-05,20.494848251342773,26.165000915527344,0.0,26.61199951171875,26.045000076293945,26.266000747680664,0.0,38117000
2017-12-06,20.670303344726562,26.388999938964844,0.0,26.441999435424805,25.420000076293945,25.882999420166016,0.0,48751000
2017-12-07,20.670303344726562,26.388999938964844,0.0,27.56999969482422,26.16699981689453,27.48900032043457,0.0,79282000
2017-12-08,20.358551025390625,25.990999221801758,0.0,26.694000244140625,25.93000030517578,26.57699966430664,0.0,41848000
2017-12-11,20.361690521240234,25.9950008392334,0.0,26.354999542236328,25.878999710083008,25.93400001525879,0.0,34941000
2017-12-12,20.263776779174805,25.8700008392334,0.0,26.08799934387207,25.57200050354004,25.93600082397461,0.0,28541000
2017-12-13,20.524614334106445,26.202999114990234,0.0,26.32900047302246,26.01799964904785,26.041000366210938,0.0,26943000
2017-12-14,20.31391143798828,25.93400001525879,0.0,26.299999237060547,25.670000076293945,26.233999252319336,0.0,37595000
2017-12-15,20.81443214416504,26.572999954223633,0.0,26.600000381469727,25.826000213623047,26.165000915527344,0.0,45091000
2017-12-18,20.84676170349121,26.43899917602539,0.175,26.650999069213867,26.259000778198242,26.408000946044922,0.0,29786000
2017-12-19,20.792348861694336,26.3700008392334,0.0,26.52899932861328,26.12700080871582,26.329999923706055,0.0,19094000
2017-12-20,20.94532012939453,26.56399917602539,0.0,26.635000228881836,26.277999877929688,26.61400032043457,0.0,19845000
2017-12-21,20.621252059936523,26.152999877929688,0.0,26.625,26.10700035095215,26.594999313354492,0.0,17758000
2017-12-22,20.685909271240234,26.235000610351562,0.0,26.336999893188477,25.8700008392334,26.18199920654297,0.0,14617000
2017-12-26,20.350799560546875,25.809999465942383,0.0,26.235000610351562,25.339000701904297,25.722999572753906,0.0,22256000
2017-12-27,20.431222915649414,25.91200065612793,0.0,26.160999298095703,25.850000381469727,25.884000778198242,0.0,35615000
2017-12-28,20.53372573852539,26.04199981689453,0.0,26.079999923706055,25.854999542236328,26.016000747680664,0.0,13641000
2017-12-29,20.256179809570312,25.690000534057617,0.0,26.19499969482422,25.663999557495117,25.976999282836914,0.0,17980000
2018-01-02,21.0533390045166,26.701000213623047,0.0,26.75,25.756999969482422,25.976999282836914,0.0,33135000
2018-01-03,21.283573150634766,26.993000030517578,0.0,27.072999954223633,26.60300064086914,26.729000091552734,0.0,31161000
2018-01-04,21.290672302246094,27.00200080871582,0.0,27.176000595092773,26.843000411987305,27.159000396728516,0.0,19067000
2018-01-05,21.41683006286621,27.16200065612793,0.0,27.426000595092773,26.94499969482422,27.19700050354004,0.0,28633000
2018-01-08,21.46808433532715,27.226999282836914,0.0,27.2549991607666,26.9060001373291,27.091999053955078,0.0,20971000
2018-01-09,21.17082405090332,26.850000381469727,0.0,27.385000228881836,26.819000244140625,27.305999755859375,0.0,26027000
2018-01-10,20.723756790161133,26.283000946044922,0.0,26.61400032043457,26.072999954223633,26.597999572753906,0.0,31607000
2018-01-11,20.77658462524414,26.350000381469727,0.0,26.385000228881836,26.155000686645508,26.35700035095215,0.0,17726000
2018-01-12,20.8388729095459,26.429000854492188,0.0,26.531999588012695,26.201000213623047,26.339000701904297,0.0,19881000
2018-01-16,20.75687026977539,26.325000762939453,0.0,26.700000762939453,26.166000366210938,26.51799964904785,0.0,33528000
2018-01-17,20.958723068237305,26.58099937438965,0.0,26.652999877929688,26.04599952697754,26.54800033569336,0.0,37365000
2018-01-18,21.273334503173828,26.979999542236328,0.0,27.006000518798828,26.447999954223633,26.54599952697754,0.0,30319000
2018-01-19,21.004457473754883,26.638999938964844,0.0,26.944000244140625,26.60700035095215,26.915000915527344,0.0,29963000
2018-01-22,20.666980743408203,26.211000442504883,0.0,26.677000045776367,26.062000274658203,26.565000534057617,0.0,27230000
2018-01-23,20.729272842407227,26.290000915527344,0.0,26.44099998474121,25.81100082397461,26.173999786376953,0.0,35398000
2018-01-24,20.25303077697754,25.68600082397461,0.0,26.32699966430664,25.600000381469727,26.097000122070312,0.0,45405000
2018-01-25,19.498445510864258,24.729000091552734,0.0,25.784000396728516,24.700000762939453,25.77400016784668,0.0,59520000
2018-01-26,19.774423599243164,25.07900047302246,0.0,25.094999313354492,24.52400016784668,24.941999435424805,0.0,49014000
2018-01-29,19.354942321777344,24.547000885009766,0.0,24.948999404907227,24.349000930786133,24.827999114990234,0.0,50401000
2018-01-30,19.00091552734375,24.097999572753906,0.0,24.503000259399414,23.701000213623047,24.125,0.0,46002000
2018-01-31,19.55679702758789,24.80299949645996,0.0,25.31399917602539,24.486000061035156,25.0,0.0,80482000
2018-02-01,18.82823371887207,23.878999710083008,0.0,24.59000015258789,23.809999465942383,24.172000885009766,0.0,66851000
2018-02-02,18.567249298095703,23.54800033569336,0.0,23.79599952697754,23.409000396728516,23.677000045776367,0.0,58352000
2018-02-05,17.9853458404541,22.809999465942383,0.0,24.399999618530273,22.760000228881836,23.468000411987305,0.0,70776000
2018-02-06,18.953601837158203,24.038000106811523,0.0,24.040000915527344,22.489999771118164,22.562000274658203,0.0,77744000
2018-02-07,18.717058181762695,23.738000869750977,0.0,24.309999465942383,23.700000762939453,23.875999450683594,0.0,40475000
2018-02-08,18.101253509521484,22.957000732421875,0.0,23.851999282836914,22.951000213623047,23.73900032043457,0.0,43200000
2018-02-09,18.568824768066406,23.549999237060547,0.0,23.711999893188477,22.625,23.27899932861328,0.0,43282000
2018-02-12,19.270578384399414,24.440000534057617,0.0,24.54800033569336,23.75,23.785999298095703,0.0,35063000
2018-02-13,19.385696411132812,24.586000442504883,0.0,24.60300064086914,24.006000518798828,24.10099983215332,0.0,23719000
2018-02-14,19.52762222290039,24.766000747680664,0.0,24.864999771118164,24.347999572753906,24.5,0.0,25491000
2018-02-15,19.856426239013672,25.183000564575195,0.0,25.18400001525879,24.44300079345703,24.92799949645996,0.0,25540000
2018-02-16,19.624603271484375,24.888999938964844,0.0,25.23699951171875,24.804000854492188,25.12700080871582,0.0,32639000
2018-02-20,19.682167053222656,24.961999893188477,0.0,25.573999404907227,24.75200080871582,24.875,0.0,41693000
2018-02-21,19.603317260742188,24.86199951171875,0.0,25.347000122070312,24.844999313354492,25.249000549316406,0.0,28156000
2018-02-22,19.660877227783203,24.934999465942383,0.0,25.309999465942383,24.82699966430664,24.91200065612793,0.0,19342000
2018-02-23,20.004653930664062,25.371000289916992,0.0,25.503000259399414,25.02899932861328,25.214000701904297,0.0,18280000
2018-02-26,19.944732666015625,25.295000076293945,0.0,25.444000244140625,25.100000381469727,25.195999145507812,0.0,28878000
2018-02-27,19.854848861694336,25.180999755859375,0.0,25.566999435424805,25.167999267578125,25.208999633789062,0.0,21176000
2018-02-28,19.432998657226562,24.645999908447266,0.0,25.448999404907227,24.597999572753906,25.408000946044922,0.0,28834000
2018-03-01,19.184633255004883,24.33099937438965,0.0,24.91200065612793,24.131000518798828,24.586000442504883,0.0,26044000
2018-03-02,19.78072738647461,25.086999893188477,0.0,25.118000030517578,24.023000717163086,24.042999267578125,0.0,27402000
2018-03-05,19.474002838134766,24.697999954223633,0.0,25.134000778198242,24.341999053955078,24.989999771118164,0.0,25900000
2018-03-06,19.78782844543457,25.09600067138672,0.0,25.1299991607666,24.73200035095215,24.930999755859375,0.0,30030000
2018-03-07,19.47952651977539,24.704999923706055,0.0,24.940000534057617,24.433000564575195,24.868999481201172,0.0,31549000
2018-03-08,19.471637725830078,24.69499969482422,0.0,24.829999923706055,24.591999053955078,24.826000213623047,0.0,33554000
2018-03-09,20.01017189025879,25.378000259399414,0.0,25.42799949645996,24.76300048828125,24.857999801635742,0.0,30782000
2018-03-12,20.724544525146484,26.284000396728516,0.0,26.43000030517578,25.961999893188477,26.065000534057617,0.0,53881000
2018-03-13,20.59680938720703,26.121999740600586,0.0,27.385000228881836,26.023000717163086,26.64299964904785,0.0,66855000
2018-03-14,20.547136306762695,26.05900001525879,0.0,26.233999252319336,25.514999389648438,26.200000762939453,0.0,39619000
2018-03-15,21.112476348876953,26.775999069213867,0.0,26.889999389648438,26.350000381469727,26.37299919128418,0.0,57990000
2018-03-16,20.096115112304688,25.48699951171875,0.0,26.360000610351562,25.44099998474121,26.299999237060547,0.0,113955000
2018-03-19,19.313941955566406,24.4950008392334,0.0,25.64900016784668,24.277000427246094,25.309999465942383,0.0,71267000
2018-03-20,19.10972023010254,24.236000061035156,0.0,24.80500030517578,24.128000259399414,24.510000228881836,0.0,61918000
2018-03-21,19.680952072143555,24.600000381469727,0.35,25.05900001525879,24.006000518798828,24.058000564575195,0.0,54912000
2018-03-22,19.486549377441406,24.35700035095215,0.0,24.672000885009766,24.149999618530273,24.202999114990234,0.0,43078000
2018-03-23,19.399335861206055,24.24799919128418,0.0,24.52199935913086,24.041000366210938,24.33799934387207,0.0,59070000
2018-03-26,19.819360733032227,24.773000717163086,0.0,24.882999420166016,24.051000595092773,24.767000198364258,0.0,48713000
2018-03-27,19.550548553466797,24.437000274658203,0.0,25.424999237060547,24.15999984741211,24.808000564575195,0.0,63917000
2018-03-28,18.935317993164062,23.667999267578125,0.0,24.69300079345703,23.559999465942383,24.408000946044922,0.0,41744000
2018-03-29,18.85291290283203,23.565000534057617,0.0,24.083999633789062,23.47599983215332,23.80900001525879,0.0,46874000
2018-04-02,18.215280532836914,22.76799964904785,0.0,23.61199951171875,22.54400062561035,23.395000457763672,0.0,53088000
2018-04-03,18.943313598632812,23.67799949645996,0.0,23.697999954223633,22.72100067138672,23.086000442504883,0.0,45569000
2018-04-04,18.960119247436523,23.698999404907227,0.0,23.79199981689453,22.950000762939453,23.0049991607666,0.0,37720000
2018-04-05,18.90571403503418,23.631000518798828,0.0,24.167999267578125,23.5,24.076000213623047,0.0,35798000
2018-04-06,18.310487747192383,22.886999130249023,0.0,23.65399932861328,22.775999069213867,23.37299919128418,0.0,30248000
2018-04-09,18.780113220214844,23.474000930786133,0.0,23.965999603271484,22.926000595092773,22.99799919128418,0.0,37494000
2018-04-10,19.18092918395996,23.975000381469727,0.0,24.1560001373291,23.766000747680664,23.95599937438965,0.0,33244000
2018-04-11,19.22653579711914,24.031999588012695,0.0,24.07200050354004,23.70800018310547,23.812000274658203,0.0,19922000
2018-04-12,19.155323028564453,23.94300079345703,0.0,24.263999938964844,23.709999084472656,24.14299964904785,0.0,41036000
2018-04-13,19.75615692138672,24.694000244140625,0.0,25.200000762939453,24.489999771118164,25.0,0.0,48312000
2018-04-16,19.950563430786133,24.937000274658203,0.0,24.98900032043457,24.56800079345703,24.909000396728516,0.0,25172000
2018-04-17,20.14017677307129,25.173999786376953,0.0,25.28499984741211,24.964000701904297,25.089000701904297,0.0,25084000
2018-04-18,19.968162536621094,24.958999633789062,0.0,25.16699981689453,24.746000289916992,25.100000381469727,0.0,20511000
2018-04-19,19.42974281311035,24.285999298095703,0.0,24.628000259399414,24.06599998474121,24.354000091552734,0.0,50141000
2018-04-20,18.97051429748535,23.711999893188477,0.0,24.15999984741211,23.500999450683594,24.121999740600586,0.0,41530000
2018-04-23,18.676902770996094,23.344999313354492,0.0,23.832000732421875,23.211999893188477,23.798999786376953,0.0,31337000
2018-04-24,18.272083282470703,22.839000701904297,0.0,23.61199951171875,22.66900062561035,23.573999404907227,0.0,44889000
2018-04-25,18.320884704589844,22.899999618530273,0.0,23.110000610351562,22.586000442504883,22.899999618530273,0.0,34023000
2018-04-26,18.434492111206055,23.04199981689453,0.0,23.187999725341797,22.829999923706055,23.100000381469727,0.0,32751000
2018-04-27,18.623302459716797,23.277999877929688,0.0,23.420000076293945,23.06999969482422,23.35700035095215,0.0,27211000
2018-04-30,18.354488372802734,22.941999435424805,0.0,23.41200065612793,22.832000732421875,23.257999420166016,0.0,39682000
2018-05-01,18.431289672851562,23.038000106811523,0.0,23.084999084472656,22.63599967956543,23.084999084472656,0.0,44947000
2018-05-02,18.30008316040039,22.874000549316406,0.0,23.3439998626709,22.68000030517578,23.329999923706055,0.0,52950000
2018-05-03,18.0208740234375,22.524999618530273,0.0,22.788000106811523,22.26799964904785,22.64900016784668,0.0,58011000
2018-05-04,18.44249725341797,23.052000045776367,0.0,23.208999633789062,22.197999954223633,22.364999771118164,0.0,51303000
2018-05-07,18.87851333618164,23.597000122070312,0.0,23.690000534057617,23.100000381469727,23.1299991607666,0.0,36953000
2018-05-08,19.10892677307129,23.885000228881836,0.0,23.895999908447266,23.48200035095215,23.573999404907227,0.0,40149000
2018-05-09,19.044919967651367,23.80500030517578,0.0,23.913000106811523,23.405000686645508,23.579999923706055,0.0,35031000
2018-05-10,19.481739044189453,24.35099983215332,0.0,24.37299919128418,23.861000061035156,23.972999572753906,0.0,25747000
2018-05-11,19.47134017944336,24.33799934387207,0.0,24.450000762939453,24.15999984741211,24.308000564575195,0.0,24052000
2018-05-14,19.581750869750977,24.47599983215332,0.0,24.841999053955078,24.3799991607666,24.628000259399414,0.0,27580000
2018-05-15,19.32733726501465,24.158000946044922,0.0,24.444000244140625,23.850000381469727,24.231000900268555,0.0,24984000
2018-05-16,19.241729736328125,24.051000595092773,0.0,24.22100067138672,23.89900016784668,24.214000701904297,0.0,29330000
2018-05-17,19.15692710876465,23.94499969482422,0.0,24.166000366210938,23.799999237060547,23.812000274658203,0.0,22825000
2018-05-18,18.88011360168457,23.599000930786133,0.0,24.062000274658203,23.58799934387207,23.986000061035156,0.0,25262000
2018-05-21,19.124923706054688,23.905000686645508,0.0,24.049999237060547,23.66699981689453,23.945999145507812,0.0,25720000
2018-05-22,19.080123901367188,23.849000930786133,0.0,24.136999130249023,23.757999420166016,24.02400016784668,0.0,19218000
2018-05-23,19.245731353759766,24.055999755859375,0.0,24.062999725341797,23.60300064086914,23.62299919128418,0.0,23454000
2018-05-24,19.483348846435547,24.35300064086914,0.0,24.43600082397461,24.0,24.086000442504883,0.0,22799000
2018-05-25,20.00337028503418,25.003000259399414,0.0,25.06800079345703,24.40399932861328,24.40399932861328,0.0,32214000
2018-05-29,19.976171493530273,24.9689998626709,0.0,25.111000061035156,24.847000122070312,24.86400032043457,0.0,28281000
2018-05-30,19.952966690063477,24.940000534057617,0.0,25.202999114990234,24.933000564575195,25.118000030517578,0.0,26844000
2018-05-31,20.166574478149414,25.207000732421875,0.0,25.52899932861328,24.899999618530273,24.926000595092773,0.0,34698000
2018-06-01,20.508193969726562,25.634000778198242,0.0,25.770000457763672,25.253999710083008,25.437000274658203,0.0,26360000
2018-06-04,20.67059898376465,25.836999893188477,0.0,25.93600082397461,25.62299919128418,25.799999237060547,0.0,25886000
2018-06-05,20.741809844970703,25.926000595092773,0.0,26.135000228881836,25.804000854492188,25.945999145507812,0.0,42374000
2018-06-06,21.08262062072754,26.351999282836914,0.0,26.378000259399414,25.97100067138672,26.073999404907227,0.0,37465000
2018-06-07,21.17542266845703,26.468000411987305,0.0,26.648000717163086,26.29199981689453,26.299999237060547,0.0,46077000
2018-06-08,20.638601303100586,25.797000885009766,0.0,25.993000030517578,25.374000549316406,25.673999786376953,0.0,73694000
2018-06-11,20.867416381835938,26.08300018310547,0.0,26.18000030517578,25.631999969482422,25.785999298095703,0.0,31859000
2018-06-12,20.9154109954834,26.14299964904785,0.0,26.17300033569336,25.84000015258789,26.033000946044922,0.0,27594000
2018-06-13,21.087417602539062,26.357999801635742,0.0,26.60700035095215,26.070999145507812,26.176000595092773,0.0,34868000
2018-06-14,21.47784423828125,26.84600067138672,0.0,26.906999588012695,26.40999984741211,26.5,0.0,37042000
2018-06-15,21.619447708129883,27.023000717163086,0.0,27.180999755859375,26.632999420166016,27.003999710083008,0.0,60969000
2018-06-18,21.16102409362793,26.450000762939453,0.0,26.899999618530273,26.42300033569336,26.899999618530273,0.0,30191000
2018-06-19,21.156972885131836,26.094999313354492,0.35,26.113000869750977,25.415000915527344,25.600000381469727,0.0,36221000
2018-06-20,21.178865432739258,26.121999740600586,0.0,26.402000427246094,26.073999404907227,26.149999618530273,0.0,24951000
2018-06-21,21.051570892333984,25.96500015258789,0.0,26.256999969482422,25.8439998626709,26.158000946044922,0.0,18186000
2018-06-22,21.05643653869629,25.97100067138672,0.0,26.149999618530273,25.895999908447266,26.118000030517578,0.0,52412000
2018-06-25,20.46539306640625,25.242000579833984,0.0,25.642000198364258,25.042999267578125,25.642000198364258,0.0,29705000
2018-06-26,20.394039154052734,25.15399932861328,0.0,25.461000442504883,25.05500030517578,25.299999237060547,0.0,24233000
2018-06-27,20.03486442565918,24.711000442504883,0.0,25.516000747680664,24.684999465942383,25.208999633789062,0.0,24720000
2018-06-28,19.855690002441406,24.489999771118164,0.0,24.73200035095215,24.226999282836914,24.628000259399414,0.0,33238000
2018-06-29,19.672454833984375,24.263999938964844,0.0,24.69499969482422,24.256999969482422,24.69499969482422,0.0,42794000
2018-07-02,19.624624252319336,24.204999923706055,0.0,24.222000122070312,23.742000579833984,24.009000778198242,0.0,33369000
2018-07-03,19.400848388671875,23.929000854492188,0.0,24.339000701904297,23.899999618530273,24.336000442504883,0.0,11591000
2018-07-05,19.896230697631836,24.540000915527344,0.0,24.56100082397461,24.06800079345703,24.179000854492188,0.0,25299000
2018-07-06,20.08107566833496,24.76799964904785,0.0,24.860000610351562,24.441999435424805,24.489999771118164,0.0,23112000
2018-07-09,20.06081771850586,24.743000030517578,0.0,24.92300033569336,24.55299949645996,24.899999618530273,0.0,17955000
2018-07-10,20.314584732055664,25.055999755859375,0.0,25.18000030517578,24.704999923706055,24.833999633789062,0.0,16413000
2018-07-11,19.737323760986328,24.3439998626709,0.0,24.753999710083008,24.26099967956543,24.4950008392334,0.0,35761000
2018-07-12,17.02448844909668,20.99799919128418,0.0,21.027999877929688,19.746000289916992,20.70800018310547,0.0,435083000
2018-07-13,16.414794921875,20.246000289916992,0.0,21.399999618530273,20.190000534057617,21.25,0.0,161678000
2018-07-16,16.478849411010742,20.325000762939453,0.0,20.63800048828125,20.05299949645996,20.15999984741211,0.0,102277000
2018-07-17,16.88909149169922,20.83099937438965,0.0,20.909000396728516,20.201000213623047,20.22100067138672,0.0,110827000
2018-07-18,16.927196502685547,20.878000259399414,0.0,20.988000869750977,20.663000106811523,20.722000122070312,0.0,80834000
2018-07-19,17.056110382080078,21.03700065612793,0.0,21.148000717163086,20.804000854492188,20.82900047302246,0.0,63247000
2018-07-20,17.05286979675293,21.033000946044922,0.0,21.121000289916992,20.875999450683594,21.010000228881836,0.0,62893000
2018-07-23,17.570947647094727,21.672000885009766,0.0,21.86400032043457,21.040000915527344,21.041000366210938,0.0,82211000
2018-07-24,17.6212158203125,21.733999252319336,0.0,22.038999557495117,21.600000381469727,21.780000686645508,0.0,81158000
2018-07-25,18.320907592773438,22.597000122070312,0.0,22.864999771118164,21.770999908447266,21.770999908447266,0.0,92271000
2018-07-26,18.09470558166504,22.31800079345703,0.0,22.976999282836914,22.156999588012695,22.649999618530273,0.0,85069000
2018-07-27,17.922008514404297,22.104999542236328,0.0,22.929000854492188,22.006999969482422,22.400999069213867,0.0,79443000
2018-07-30,18.25766944885254,22.518999099731445,0.0,22.802000045776367,22.104999542236328,22.111000061035156,0.0,75275000
2018-07-31,17.980384826660156,22.177000045776367,0.0,22.884000778198242,22.15399932861328,22.667999267578125,0.0,63860000
2018-08-01,17.57743263244629,21.68000030517578,0.0,22.393999099731445,21.6200008392334,22.326000213623047,0.0,42669000
2018-08-02,17.54094886779785,21.635000228881836,0.0,21.826000213623047,21.325000762939453,21.427000045776367,0.0,40312000
2018-08-03,17.659318923950195,21.7810001373291,0.0,21.799999237060547,21.440000534057617,21.575000762939453,0.0,24832000
2018-08-06,17.5895938873291,21.69499969482422,0.0,21.83099937438965,21.586000442504883,21.663000106811523,0.0,22638000
2018-08-07,17.862014770507812,22.0310001373291,0.0,22.18400001525879,21.714000701904297,21.922000885009766,0.0,29798000
2018-08-08,17.7930965423584,21.945999145507812,0.0,22.12299919128418,21.895000457763672,22.054000854492188,0.0,15801000
2018-08-09,17.559598922729492,21.658000946044922,0.0,22.024999618530273,21.5939998626709,22.014999389648438,0.0,27563000
2018-08-10,17.206912994384766,21.222999572753906,0.0,21.447999954223633,21.04599952697754,21.2810001373291,0.0,37017000
2018-08-13,17.11367416381836,21.107999801635742,0.0,21.398000717163086,21.045000076293945,21.165000915527344,0.0,29842000
2018-08-14,16.80720329284668,20.729999542236328,0.0,21.158000946044922,20.68400001525879,21.158000946044922,0.0,36327000
2018-08-15,16.748830795288086,20.658000946044922,0.0,20.757999420166016,20.277000427246094,20.51300048828125,0.0,41132000
2018-08-16,16.919898986816406,20.868999481201172,0.0,20.88599967956543,20.66900062561035,20.777000427246094,0.0,29239000
2018-08-17,16.966928482055664,20.927000045776367,0.0,21.118999481201172,20.551000595092773,20.797000885009766,0.0,39093000
2018-08-20,16.760183334350586,20.672000885009766,0.0,21.0,20.586000442504883,20.947999954223633,0.0,54489000
2018-08-21,17.067461013793945,21.051000595092773,0.0,21.143999099731445,20.711000442504883,20.75200080871582,0.0,29952000
2018-08-22,16.826663970947266,20.753999710083008,0.0,21.17099952697754,20.743000030517578,21.045000076293945,0.0,26890000
2018-08-23,16.66856575012207,20.55900001525879,0.0,20.908000946044922,20.527999877929688,20.773000717163086,0.0,35578000
2018-08-24,16.94504165649414,20.899999618530273,0.0,20.927000045776367,20.468000411987305,20.635000228881836,0.0,20541000
2018-08-27,17.266916275024414,21.297000885009766,0.0,21.437000274658203,20.863000869750977,21.024999618530273,0.0,28213000
2018-08-28,17.385276794433594,21.44300079345703,0.0,21.59600067138672,21.256999969482422,21.46299934387207,0.0,24340000
2018-08-29,17.430688858032227,21.499000549316406,0.0,21.579999923706055,21.344999313354492,21.481000900268555,0.0,18125000
2018-08-30,17.565275192260742,21.665000915527344,0.0,21.694000244140625,21.461000442504883,21.496999740600586,0.0,26529000
2018-08-31,17.758235931396484,21.902999877929688,0.0,21.93199920654297,21.584999084472656,21.60300064086914,0.0,27623000
2018-09-04,17.790666580200195,21.94300079345703,0.0,22.02899932861328,21.71299934387207,21.858999252319336,0.0,36663000
2018-09-05,17.952009201049805,22.142000198364258,0.0,22.18000030517578,21.95800018310547,21.9950008392334,0.0,37194000
2018-09-06,17.510135650634766,21.597000122070312,0.0,22.281999588012695,21.392000198364258,22.149999618530273,0.0,62509000
2018-09-07,18.856822967529297,23.257999420166016,0.0,23.541000366210938,22.399999618530273,22.420000076293945,0.0,104703000
2018-09-10,19.507869720458984,24.06100082397461,0.0,24.094999313354492,23.204999923706055,23.465999603271484,0.0,60880000
2018-09-11,18.854393005371094,23.2549991607666,0.0,23.969999313354492,23.040000915527344,23.770000457763672,0.0,60755000
2018-09-12,18.63872528076172,22.98900032043457,0.0,23.084999084472656,22.283000946044922,22.809999465942383,0.0,53077000
2018-09-13,19.087081909179688,23.54199981689453,0.0,23.922000885009766,23.11199951171875,23.368999481201172,0.0,43757000
2018-09-14,19.161672592163086,23.634000778198242,0.0,23.708999633789062,23.368999481201172,23.516000747680664,0.0,28095000
2018-09-17,19.039247512817383,23.482999801635742,0.0,24.030000686645508,23.430999755859375,24.0,0.0,36739000
2018-09-18,19.58245277404785,23.972999572753906,0.175,24.139999389648438,23.48699951171875,23.5,0.0,50511000
2018-09-19,19.750722885131836,24.179000854492188,0.0,24.249000549316406,23.976999282836914,24.047000885009766,0.0,31160000
2018-09-20,20.00721549987793,24.493000030517578,0.0,24.604000091552734,24.172000885009766,24.298999786376953,0.0,39986000
2018-09-21,20.266155242919922,24.809999465942383,0.0,24.87700080871582,24.51799964904785,24.632999420166016,0.0,135321000
2018-09-24,20.37643814086914,24.94499969482422,0.0,25.010000228881836,24.731000900268555,24.80500030517578,0.0,45326000
2018-09-25,20.229402542114258,24.764999389648438,0.0,24.934999465942383,24.579999923706055,24.898000717163086,0.0,47037000
2018-09-26,20.048059463500977,24.542999267578125,0.0,24.80500030517578,24.479999542236328,24.56399917602539,0.0,33428000
2018-09-27,20.131378173828125,24.645000457763672,0.0,24.788000106811523,24.490999221801758,24.569000244140625,0.0,29572000
2018-09-28,20.154253005981445,24.67300033569336,0.0,24.69700050354004,24.385000228881836,24.554000854492188,0.0,26739000
2018-10-01,20.3813419342041,24.951000213623047,0.0,25.214000701904297,24.767000198364258,24.788000106811523,0.0,27709000
2018-10-02,20.266155242919922,24.809999465942383,0.0,25.17099952697754,24.79199981689453,24.913999557495117,0.0,24888000
2018-10-03,20.37398338317871,24.941999435424805,0.0,25.132999420166016,24.70400047302246,24.881000518798828,0.0,19607000
2018-10-04,20.271879196166992,24.816999435424805,0.0,24.972999572753906,24.6200008392334,24.666000366210938,0.0,25660000
2018-10-05,19.950037002563477,24.42300033569336,0.0,25.0049991607666,24.239999771118164,24.839000701904297,0.0,33860000
2018-10-08,19.71641731262207,24.136999130249023,0.0,24.54199981689453,24.038000106811523,24.33099937438965,0.0,33397000
2018-10-09,19.988433837890625,24.469999313354492,0.0,24.572999954223633,24.03700065612793,24.05900001525879,0.0,24675000
2018-10-10,18.9371395111084,23.183000564575195,0.0,24.506999969482422,23.163999557495117,24.292999267578125,0.0,56327000
2018-10-11,18.69780158996582,22.889999389648438,0.0,23.559999465942383,22.7189998626709,23.19700050354004,0.0,37424000
2018-10-12,19.02863311767578,23.295000076293945,0.0,23.566999435424805,22.910999298095703,23.47599983215332,0.0,32589000
2018-10-15,18.989418029785156,23.246999740600586,0.0,23.533000946044922,23.003999710083008,23.10300064086914,0.0,30099000
2018-10-16,19.467275619506836,23.832000732421875,0.0,23.875999450683594,23.417999267578125,23.600000381469727,0.0,30355000
2018-10-17,19.373340606689453,23.716999053955078,0.0,23.974000930786133,23.392000198364258,23.974000930786133,0.0,20262000
2018-10-18,18.62592124938965,22.802000045776367,0.0,23.68199920654297,22.652999877929688,23.542999267578125,0.0,37442000
2018-10-19,18.647157669067383,22.827999114990234,0.0,23.108999252319336,22.69300079345703,23.0,0.0,32231000
2018-10-22,18.6749324798584,22.86199951171875,0.0,23.243000030517578,22.804000854492188,23.055999755859375,0.0,25619000
2018-10-23,18.71005630493164,22.905000686645508,0.0,22.95400047302246,21.881999969482422,22.2810001373291,0.0,35990000
2018-10-24,17.86542510986328,21.871000289916992,0.0,22.641000747680664,21.784000396728516,22.639999389648438,0.0,37810000
2018-10-25,18.153778076171875,22.224000930786133,0.0,22.339000701904297,21.915000915527344,21.988000869750977,0.0,35193000
2018-10-26,17.411251068115234,21.315000534057617,0.0,21.733999252319336,20.920000076293945,21.55699920654297,0.0,53324000
2018-10-29,17.276477813720703,21.149999618530273,0.0,21.868999481201172,20.822999954223633,21.618999481201172,0.0,28636000
2018-10-30,18.053302764892578,22.10099983215332,0.0,22.1560001373291,21.100000381469727,21.378000259399414,0.0,29697000
2018-10-31,18.25588035583496,22.349000930786133,0.0,22.566999435424805,22.17099952697754,22.5,0.0,28146000
2018-11-01,18.777854919433594,22.988000869750977,0.0,23.42300033569336,22.371999740600586,22.516000747680664,0.0,36830000
2018-11-02,18.033700942993164,22.07699966430664,0.0,22.597000122070312,21.774999618530273,22.533000946044922,0.0,40241000
2018-11-05,17.978153228759766,22.009000778198242,0.0,22.110000610351562,21.371000289916992,21.902000427246094,0.0,27609000
2018-11-06,18.64470863342285,22.825000762939453,0.0,22.916000366210938,21.972000122070312,22.030000686645508,0.0,29464000
2018-11-07,19.147071838378906,23.440000534057617,0.0,23.52899932861328,22.92099952697754,23.198999404907227,0.0,29004000
2018-11-08,19.624935150146484,24.024999618530273,0.0,24.261999130249023,23.270999908447266,23.270999908447266,0.0,29796000
2018-11-09,19.522005081176758,23.89900016784668,0.0,23.902000427246094,23.253999710083008,23.5,0.0,33611000
2018-11-12,18.267318725585938,22.363000869750977,0.0,23.187000274658203,22.027999877929688,23.100000381469727,0.0,50306000
2018-11-13,18.365339279174805,22.482999801635742,0.0,22.98200035095215,22.23200035095215,22.548999786376953,0.0,26697000
2018-11-14,18.477256774902344,22.6200008392334,0.0,23.05299949645996,22.562000274658203,22.676000595092773,0.0,25411000
2018-11-15,19.305540084838867,23.634000778198242,0.0,23.930999755859375,22.586000442504883,22.621999740600586,0.0,36694000
2018-11-16,19.409282684326172,23.76099967956543,0.0,23.920000076293945,23.165000915527344,23.381999969482422,0.0,36005000
2018-11-19,18.71658706665039,22.913000106811523,0.0,24.107999801635742,22.854000091552734,23.652999877929688,0.0,35326000
2018-11-20,18.60059928894043,22.770999908447266,0.0,22.908000946044922,22.257999420166016,22.393999099731445,0.0,32123000
2018-11-21,18.787660598754883,23.0,0.0,23.33099937438965,22.750999450683594,23.02199935913086,0.0,19926000
2018-11-23,18.77948760986328,22.989999771118164,0.0,23.268999099731445,22.757999420166016,22.757999420166016,0.0,8066000
2018-11-26,19.221406936645508,23.5310001373291,0.0,23.815000534057617,23.155000686645508,23.422000885009766,0.0,28714000
2018-11-27,19.263883590698242,23.58300018310547,0.0,23.836999893188477,23.242000579833984,23.357999801635742,0.0,30406000
2018-11-28,19.214054107666016,23.52199935913086,0.0,23.799999237060547,23.16200065612793,23.649999618530273,0.0,31080000
2018-11-29,19.259801864624023,23.577999114990234,0.0,23.863000869750977,23.275999069213867,23.427000045776367,0.0,17920000
2018-11-30,19.392940521240234,23.740999221801758,0.0,23.827999114990234,23.339000701904297,23.540000915527344,0.0,40083000
2018-12-03,19.773601531982422,24.207000732421875,0.0,24.70400047302246,24.14699935913086,24.520000457763672,0.0,35241000
2018-12-04,18.954294204711914,23.20400047302246,0.0,24.113000869750977,23.158000946044922,24.048999786376953,0.0,36455000
2018-12-06,18.56220245361328,22.724000930786133,0.0,22.725000381469727,21.76099967956543,22.624000549316406,0.0,57859000
2018-12-07,18.67003059387207,22.856000900268555,0.0,23.827999114990234,22.450000762939453,23.405000686645508,0.0,78396000
2018-12-10,19.543243408203125,23.924999237060547,0.0,24.031999588012695,22.650999069213867,22.795000076293945,0.0,43344000
2018-12-11,20.163240432739258,24.68400001525879,0.0,25.034000396728516,24.341999053955078,24.34600067138672,0.0,57730000
2018-12-12,20.828161239624023,25.49799919128418,0.0,26.018999099731445,25.200000762939453,25.243999481201172,0.0,68703000
2018-12-13,21.099355697631836,25.829999923706055,0.0,26.149999618530273,25.45800018310547,25.84600067138672,0.0,54355000
2018-12-14,20.81590461730957,25.482999801635742,0.0,26.159000396728516,25.46299934387207,25.535999298095703,0.0,42727000
2018-12-17,20.758726119995117,25.413000106811523,0.0,26.131999969482422,25.308000564575195,25.39900016784668,0.0,56238000
2018-12-18,20.60932159423828,24.966999053955078,0.265,25.55900001525879,24.881000518798828,25.507999420166016,0.0,51849000
2018-12-19,20.1321964263916,24.388999938964844,0.0,25.593000411987305,24.25200080871582,24.899999618530273,0.0,59728000
2018-12-20,19.96710777282715,24.18899917602539,0.0,24.850000381469727,23.844999313354492,24.440000534057617,0.0,75365000
2018-12-21,20.216392517089844,24.490999221801758,0.0,25.173999786376953,24.18899917602539,24.18899917602539,0.0,102138000
2018-12-24,19.2993106842041,23.3799991607666,0.0,24.3700008392334,23.35099983215332,24.200000762939453,0.0,28494000
2018-12-26,20.483020782470703,24.81399917602539,0.0,24.850000381469727,23.350000381469727,23.777999877929688,0.0,36741000
2018-12-27,20.70672035217285,25.084999084472656,0.0,25.12299919128418,24.214000701904297,24.5,0.0,37507000
2018-12-28,20.932897567749023,25.358999252319336,0.0,25.805999755859375,25.115999221801758,25.299999237060547,0.0,28702000
2018-12-31,20.989852905273438,25.42799949645996,0.0,25.850000381469727,25.094999313354492,25.783000946044922,0.0,26590000
2019-01-02,20.92629623413086,25.35099983215332,0.0,25.469999313354492,24.64900016784668,24.885000228881836,0.0,30346000
2019-01-03,19.064876556396484,23.09600067138672,0.0,24.65399932861328,23.033000946044922,24.45599937438965,0.0,68580000
2019-01-04,19.252254486083984,23.322999954223633,0.0,23.645000457763672,23.16699981689453,23.429000854492188,0.0,54248000
2019-01-07,19.64435577392578,23.79800033569336,0.0,24.02400016784668,23.076000213623047,23.364999771118164,0.0,53433000
2019-01-08,19.486682891845703,23.60700035095215,0.0,24.190000534057617,23.336999893188477,24.01099967956543,0.0,36795000
2019-01-09,20.329490661621094,24.628000259399414,0.0,24.667999267578125,23.78499984741211,23.841999053955078,0.0,52971000
2019-01-10,20.596935272216797,24.95199966430664,0.0,25.05699920654297,24.43600082397461,24.55699920654297,0.0,29594000
2019-01-11,20.683609008789062,25.05699920654297,0.0,25.29199981689453,24.93199920654297,24.94300079345703,0.0,20158000
2019-01-14,20.7083740234375,25.086999893188477,0.0,25.158000946044922,24.59000015258789,24.81100082397461,0.0,25498000
2019-01-15,21.17228126525879,25.64900016784668,0.0,26.222000122070312,25.201000213623047,25.275999069213867,0.0,39247000
2019-01-16,20.776885986328125,25.170000076293945,0.0,25.735000610351562,25.13599967956543,25.719999313354492,0.0,24484000
2019-01-17,21.07653045654297,25.533000946044922,0.0,25.735000610351562,24.871999740600586,25.006000518798828,0.0,35154000
2019-01-18,21.529708862304688,26.082000732421875,0.0,26.194000244140625,25.700000762939453,25.913000106811523,0.0,34634000
2019-01-22,21.320865631103516,25.82900047302246,0.0,25.945999145507812,25.489999771118164,25.799999237060547,0.0,37156000
2019-01-23,21.25730323791504,25.75200080871582,0.0,26.090999603271484,25.364999771118164,25.95400047302246,0.0,31771000
2019-01-24,21.75505828857422,26.354999542236328,0.0,26.674999237060547,26.0,26.108999252319336,0.0,35999000
2019-01-25,22.117433547973633,26.79400062561035,0.0,26.83099937438965,26.090999603271484,26.517000198364258,0.0,30333000
2019-01-28,22.091022491455078,26.761999130249023,0.0,26.885000228881836,25.864999771118164,26.1560001373291,0.0,31320000
2019-01-29,21.983713150024414,26.631999969482422,0.0,26.760000228881836,26.382999420166016,26.735000610351562,0.0,27870000
2019-01-30,22.35517120361328,27.082000732421875,0.0,27.375,26.73699951171875,27.0,0.0,28727000
2019-01-31,22.143033981323242,26.825000762939453,0.0,27.100000381469727,26.635000228881836,27.055999755859375,0.0,21063000
2019-02-01,22.024158477783203,26.680999755859375,0.0,26.959999084472656,26.48900032043457,26.915000915527344,0.0,22878000
2019-02-04,22.462478637695312,27.211999893188477,0.0,27.214000701904297,26.4950008392334,26.75,0.0,20761000
2019-02-05,22.287477493286133,27.0,0.0,27.46299934387207,26.990999221801758,27.195999145507812,0.0,22619000
2019-02-06,22.800094604492188,27.621000289916992,0.0,28.0,27.274999618530273,27.32699966430664,0.0,27064000
2019-02-07,22.212366104125977,26.909000396728516,0.0,27.457000732421875,26.6299991607666,27.285999298095703,0.0,28646000
2019-02-08,22.622617721557617,27.4060001373291,0.0,27.429000854492188,26.70599937438965,26.732999801635742,0.0,23903000
2019-02-11,22.759645462036133,27.57200050354004,0.0,27.600000381469727,27.327999114990234,27.440000534057617,0.0,18012000
2019-02-12,23.06258773803711,27.93899917602539,0.0,28.038999557495117,27.70599937438965,27.864999771118164,0.0,19809000
2019-02-13,23.22191047668457,28.131999969482422,0.0,28.215999603271484,27.797000885009766,28.0,0.0,19190000
2019-02-14,23.23676300048828,28.149999618530273,0.0,28.284000396728516,27.895000457763672,28.059999465942383,0.0,16015000
2019-02-15,23.27225685119629,28.19300079345703,0.0,28.409000396728516,27.878999710083008,28.409000396728516,0.0,17352000
2019-02-19,23.249969482421875,28.166000366210938,0.0,28.283000946044922,28.014999389648438,28.114999771118164,0.0,15152000
2019-02-20,23.395252227783203,28.341999053955078,0.0,28.663000106811523,28.22800064086914,28.325000762939453,0.0,16150000
2019-02-21,23.190534591674805,28.0939998626709,0.0,28.334999084472656,27.89299964904785,28.323999404907227,0.0,13254000
2019-02-22,22.824033737182617,27.649999618530273,0.0,28.0,27.465999603271484,27.9950008392334,0.0,27225000
2019-02-25,22.997377395629883,27.860000610351562,0.0,28.08300018310547,27.847999572753906,28.077999114990234,0.0,19245000
2019-02-26,22.700210571289062,27.5,0.0,27.801000595092773,27.44499969482422,27.792999267578125,0.0,27211000
2019-02-27,22.41047477722168,27.14900016784668,0.0,27.510000228881836,26.95800018310547,27.32200050354004,0.0,29146000
2019-02-28,22.72992706298828,27.535999298095703,0.0,27.570999145507812,26.863000869750977,26.996999740600586,0.0,31460000
2019-03-01,22.51448631286621,27.274999618530273,0.0,27.81599998474121,27.113000869750977,27.773000717163086,0.0,19035000
2019-03-04,22.691131591796875,27.48900032043457,0.0,27.658000946044922,27.086000442504883,27.5,0.0,17382000
2019-03-05,22.866130828857422,27.701000213623047,0.0,28.04400062561035,27.452999114990234,27.549999237060547,0.0,21699000
2019-03-06,22.398921966552734,27.135000228881836,0.0,27.69300079345703,27.04800033569336,27.666000366210938,0.0,19973000
2019-03-07,21.916851043701172,26.551000595092773,0.0,27.033000946044922,26.408000946044922,27.01799964904785,0.0,25411000
2019-03-08,21.80788803100586,26.41900062561035,0.0,26.47599983215332,25.920000076293945,26.1560001373291,0.0,22167000
2019-03-11,22.209884643554688,26.9060001373291,0.0,27.05500030517578,26.405000686645508,26.48900032043457,0.0,27161000
2019-03-12,22.256940841674805,26.96299934387207,0.0,27.003000259399414,26.427000045776367,26.97599983215332,0.0,23324000
2019-03-13,22.38736343383789,27.121000289916992,0.0,27.308000564575195,26.902000427246094,27.051000595092773,0.0,32089000
2019-03-14,22.138898849487305,26.81999969482422,0.0,27.22599983215332,26.788999557495117,27.208999633789062,0.0,43094000
2019-03-15,23.96234130859375,29.02899932861328,0.0,29.954999923706055,28.350000381469727,28.645999908447266,0.0,144066000
2019-03-18,24.255382537841797,29.384000778198242,0.0,29.697999954223633,29.020999908447266,29.023000717163086,0.0,56746000
2019-03-19,24.7069091796875,29.930999755859375,0.0,30.097999572753906,29.410999298095703,29.416000366210938,0.0,51556000
2019-03-20,24.238025665283203,29.10300064086914,0.265,29.899999618530273,29.02899932861328,29.799999237060547,0.0,41263000
2019-03-21,24.718570709228516,29.68000030517578,0.0,29.937000274658203,29.100000381469727,29.187999725341797,0.0,27379000
2019-03-22,24.372943878173828,29.264999389648438,0.0,29.643999099731445,29.139999389648438,29.591999053955078,0.0,23307000
2019-03-25,24.332130432128906,29.215999603271484,0.0,29.417999267578125,28.899999618530273,29.219999313354492,0.0,23878000
2019-03-26,24.737730026245117,29.702999114990234,0.0,29.94700050354004,29.42300033569336,29.437000274658203,0.0,28009000
2019-03-27,24.64944839477539,29.597000122070312,0.0,29.868000030517578,29.246000289916992,29.756999969482422,0.0,21862000
2019-03-28,24.907621383666992,29.906999588012695,0.0,30.329999923706055,29.566999435424805,29.711000442504883,0.0,33030000
2019-03-29,25.044206619262695,30.070999145507812,0.0,30.267000198364258,29.827999114990234,30.121999740600586,0.0,24493000
2019-04-01,25.46729278564453,30.57900047302246,0.0,30.674999237060547,29.975000381469727,30.31100082397461,0.0,27040000
2019-04-02,25.23909568786621,30.30500030517578,0.0,30.735000610351562,30.26099967956543,30.615999221801758,0.0,22857000
2019-04-03,25.334867477416992,30.420000076293945,0.0,30.739999771118164,30.18199920654297,30.621999740600586,0.0,22266000
2019-04-04,25.151647567749023,30.200000762939453,0.0,30.600000381469727,30.16699981689453,30.475000381469727,0.0,15228000
2019-04-05,25.341529846191406,30.42799949645996,0.0,30.444000244140625,30.18000030517578,30.399999618530273,0.0,18875000
2019-04-08,25.358186721801758,30.447999954223633,0.0,30.530000686645508,30.200000762939453,30.413999557495117,0.0,13899000
2019-04-09,25.272401809692383,30.344999313354492,0.0,30.410999298095703,30.02899932861328,30.257999420166016,0.0,11621000
2019-04-10,25.61054039001465,30.750999450683594,0.0,30.777000427246094,30.299999237060547,30.360000610351562,0.0,14992000
2019-04-11,25.76877784729004,30.94099998474121,0.0,31.018999099731445,30.62299919128418,30.815000534057617,0.0,16669000
2019-04-12,26.403392791748047,31.702999114990234,0.0,31.743999481201172,31.05699920654297,31.135000228881836,0.0,30087000
2019-04-15,26.350934982299805,31.639999389648438,0.0,31.75200080871582,31.316999435424805,31.702999114990234,0.0,16216000
2019-04-16,26.52582359313965,31.850000381469727,0.0,32.000999450683594,31.610000610351562,32.0,0.0,21116000
2019-04-17,26.694887161254883,32.053001403808594,0.0,32.09400177001953,31.784000396728516,32.02399826049805,0.0,18138000
2019-04-18,26.535818099975586,31.86199951171875,0.0,32.244998931884766,31.81599998474121,32.104000091552734,0.0,26548000
2019-04-22,26.234331130981445,31.5,0.0,31.788999557495117,31.420000076293945,31.73200035095215,0.0,13504000
2019-04-23,26.287630081176758,31.56399917602539,0.0,31.80900001525879,31.41900062561035,31.676000595092773,0.0,19777000
2019-04-24,26.17853546142578,31.433000564575195,0.0,31.701000213623047,31.319000244140625,31.45800018310547,0.0,23335000
2019-04-25,25.969493865966797,31.18199920654297,0.0,31.295000076293945,30.656999588012695,31.295000076293945,0.0,26732000
2019-04-26,25.85205841064453,31.041000366210938,0.0,31.094999313354492,30.51099967956543,30.915000915527344,0.0,16404000
2019-04-29,26.044445037841797,31.27199935913086,0.0,31.466999053955078,31.04400062561035,31.124000549316406,0.0,13404000
2019-04-30,26.517494201660156,31.84000015258789,0.0,31.841999053955078,31.253000259399414,31.332000732421875,0.0,18953000
2019-05-01,26.55913734436035,31.889999389648438,0.0,32.31999969482422,31.868999481201172,32.04999923706055,0.0,18158000
2019-05-02,26.302623748779297,31.582000732421875,0.0,32.21900177001953,31.42300033569336,31.99799919128418,0.0,20428000
2019-05-03,26.2934627532959,31.570999145507812,0.0,31.665000915527344,31.069000244140625,31.4950008392334,0.0,19214000
2019-05-06,25.94866943359375,31.156999588012695,0.0,31.19300079345703,30.53499984741211,30.679000854492188,0.0,14371000
2019-05-07,25.592214584350586,30.729000091552734,0.0,30.961999893188477,30.37299919128418,30.864999771118164,0.0,21734000
2019-05-08,25.267414093017578,30.339000701904297,0.0,30.766000747680664,30.31100082397461,30.530000686645508,0.0,15099000
2019-05-09,25.323204040527344,30.4060001373291,0.0,30.584999084472656,29.684999465942383,30.0,0.0,22282000
2019-05-10,25.31488037109375,30.395999908447266,0.0,30.540000915527344,29.666000366210938,30.322999954223633,0.0,21025000
2019-05-13,24.433740615844727,29.33799934387207,0.0,29.56800079345703,28.81999969482422,29.381999969482422,0.0,37864000
2019-05-14,25.151647567749023,30.200000762939453,0.0,30.459999084472656,29.54800033569336,29.569000244140625,0.0,34277000
2019-05-15,25.349027633666992,30.437000274658203,0.0,30.777000427246094,29.861000061035156,30.027000427246094,0.0,18166000
2019-05-16,24.759374618530273,29.729000091552734,0.0,30.309999465942383,29.469999313354492,29.975000381469727,0.0,34233000
2019-05-17,24.143081665039062,28.98900032043457,0.0,29.35700035095215,28.840999603271484,29.277999877929688,0.0,39094000
2019-05-20,22.702280044555664,27.259000778198242,0.0,27.9950008392334,26.86400032043457,27.799999237060547,0.0,65162000
2019-05-21,22.93047332763672,27.533000946044922,0.0,27.97800064086914,27.46500015258789,27.708999633789062,0.0,25060000
2019-05-22,22.421607971191406,26.922000885009766,0.0,27.506000518798828,26.89699935913086,27.04800033569336,0.0,31809000
2019-05-23,21.66122817993164,26.009000778198242,0.0,26.548999786376953,25.816999435424805,26.45800018310547,0.0,46607000
2019-05-24,21.315601348876953,25.5939998626709,0.0,26.573999404907227,25.573999404907227,26.270000457763672,0.0,27963000
2019-05-28,21.194007873535156,25.447999954223633,0.0,25.773000717163086,25.009000778198242,25.656999588012695,0.0,61965000
2019-05-29,21.16402816772461,25.41200065612793,0.0,25.636999130249023,25.158000946044922,25.27400016784668,0.0,28132000
2019-05-30,21.372241973876953,25.66200065612793,0.0,25.733999252319336,25.41200065612793,25.465999603271484,0.0,17310000
2019-05-31,20.95747947692871,25.163999557495117,0.0,25.573999404907227,25.100000381469727,25.304000854492188,0.0,22192000
2019-06-03,21.085744857788086,25.31800079345703,0.0,25.83300018310547,25.1200008392334,25.2549991607666,0.0,28911000
2019-06-04,22.12845230102539,26.56999969482422,0.0,26.600000381469727,25.576000213623047,25.695999145507812,0.0,36805000
2019-06-05,22.13011932373047,26.57200050354004,0.0,27.150999069213867,26.239999771118164,26.900999069213867,0.0,23651000
2019-06-06,22.71892738342285,27.27899932861328,0.0,27.5,26.527999877929688,26.70199966430664,0.0,32687000
2019-06-07,22.892162322998047,27.48699951171875,0.0,27.78700065612793,27.327999114990234,27.47800064086914,0.0,25963000
2019-06-10,23.336894989013672,28.020999908447266,0.0,28.476999282836914,27.672000885009766,27.67300033569336,0.0,23280000
2019-06-11,23.609230041503906,28.347999572753906,0.0,29.174999237060547,27.94099998474121,29.048999786376953,0.0,37105000
2019-06-12,23.296918869018555,27.972999572753906,0.0,28.31599998474121,27.740999221801758,28.16699981689453,0.0,27057000
2019-06-13,23.4534912109375,28.160999298095703,0.0,28.288999557495117,27.740999221801758,28.152000427246094,0.0,37735000
2019-06-14,22.147607803344727,26.593000411987305,0.0,26.80900001525879,25.746999740600586,25.81100082397461,0.0,100797000
2019-06-17,22.150936126708984,26.597000122070312,0.0,26.8700008392334,26.134000778198242,26.483999252319336,0.0,35785000
2019-06-18,23.15700340270996,27.80500030517578,0.0,28.302000045776367,26.645999908447266,26.815000534057617,0.0,54920000
2019-06-19,23.110361099243164,27.749000549316406,0.0,27.906999588012695,27.371000289916992,27.878000259399414,0.0,28920000
2019-06-20,23.24028968811035,27.905000686645508,0.0,28.545000076293945,27.715999603271484,28.250999450683594,0.0,57291000
2019-06-21,23.037649154663086,27.39900016784668,0.265,28.100000381469727,27.395999908447266,27.660999298095703,0.0,45399000
2019-06-24,23.475717544555664,27.920000076293945,0.0,27.94499969482422,27.5,27.552000045776367,0.0,20506000
2019-06-25,23.24953269958496,27.650999069213867,0.0,28.288000106811523,27.601999282836914,27.916000366210938,0.0,24436000
2019-06-26,23.6640567779541,28.143999099731445,0.0,28.402999877929688,27.809999465942383,27.857999801635742,0.0,24774000
2019-06-27,24.023088455200195,28.570999145507812,0.0,28.844999313354492,28.222999572753906,28.292999267578125,0.0,21813000
2019-06-28,24.20387077331543,28.785999298095703,0.0,28.93000030517578,28.48200035095215,28.785999298095703,0.0,49265000
2019-07-01,25.254053115844727,30.03499984741211,0.0,30.575000762939453,29.632999420166016,30.167999267578125,0.0,44832000
2019-07-02,24.831966400146484,29.533000946044922,0.0,30.066999435424805,29.389999389648438,29.88800048828125,0.0,19011000
2019-07-03,23.95414924621582,28.48900032043457,0.0,28.878000259399414,28.302000045776367,28.3700008392334,0.0,49411000
2019-07-05,23.766637802124023,28.266000747680664,0.0,28.54400062561035,28.19700050354004,28.364999771118164,0.0,24565000
2019-07-08,23.119211196899414,27.496000289916992,0.0,28.118999481201172,27.43899917602539,28.0,0.0,34291000
2019-07-09,23.167133331298828,27.55299949645996,0.0,27.597999572753906,27.240999221801758,27.344999313354492,0.0,26131000
2019-07-10,23.08053207397461,27.450000762939453,0.0,27.8799991607666,27.399999618530273,27.785999298095703,0.0,30134000
2019-07-11,23.211698532104492,27.606000900268555,0.0,27.7450008392334,27.295000076293945,27.52400016784668,0.0,20712000
2019-07-12,23.996183395385742,28.538999557495117,0.0,28.593000411987305,27.63800048828125,27.63800048828125,0.0,21971000
2019-07-15,24.244226455688477,28.833999633789062,0.0,29.448999404907227,28.726999282836914,29.110000610351562,0.0,30334000
2019-07-16,23.890243530273438,28.413000106811523,0.0,28.77899932861328,28.23900032043457,28.698999404907227,0.0,14617000
2019-07-17,23.970121383666992,28.507999420166016,0.0,28.729000091552734,28.319000244140625,28.555999755859375,0.0,15453000
2019-07-18,24.365304946899414,28.97800064086914,0.0,29.030000686645508,28.3799991607666,28.618000030517578,0.0,19357000
2019-07-19,24.383806228637695,29.0,0.0,29.31599998474121,28.952999114990234,29.183000564575195,0.0,22047000
2019-07-22,24.900907516479492,29.614999771118164,0.0,29.999000549316406,29.224000930786133,29.299999237060547,0.0,33905000
2019-07-23,25.29020881652832,30.077999114990234,0.0,30.236000061035156,29.92099952697754,29.950000762939453,0.0,19692000
2019-07-24,25.54161262512207,30.37700080871582,0.0,30.488000869750977,30.049999237060547,30.1200008392334,0.0,19006000
2019-07-25,25.257413864135742,30.038999557495117,0.0,30.21299934387207,29.940000534057617,30.21299934387207,0.0,15741000
2019-07-26,25.30197525024414,30.091999053955078,0.0,30.302000045776367,30.05299949645996,30.159000396728516,0.0,14996000
2019-07-29,25.370929718017578,30.173999786376953,0.0,30.2549991607666,29.695999145507812,30.12299919128418,0.0,12068000
2019-07-30,25.1876277923584,29.95599937438965,0.0,30.093000411987305,29.709999084472656,29.909000396728516,0.0,11164000
2019-07-31,24.38296890258789,28.999000549316406,0.0,30.08300018310547,28.66699981689453,30.003000259399414,0.0,20819000
2019-08-01,23.991979598999023,28.534000396728516,0.0,29.781999588012695,28.23200035095215,28.913000106811523,0.0,21911000
2019-08-02,23.419384002685547,27.85300064086914,0.0,28.384000778198242,27.590999603271484,28.207000732421875,0.0,20080000
2019-08-05,22.505409240722656,26.766000747680664,0.0,27.224000930786133,26.408000946044922,27.19499969482422,0.0,27765000
2019-08-06,22.402828216552734,26.643999099731445,0.0,27.218000411987305,26.45599937438965,27.01300048828125,0.0,22199000
2019-08-07,22.706363677978516,27.0049991607666,0.0,27.27199935913086,26.299999237060547,26.402999877929688,0.0,22244000
2019-08-08,22.784561157226562,27.097999572753906,0.0,27.256000518798828,26.25,27.038000106811523,0.0,29163000
2019-08-09,23.183958053588867,27.572999954223633,0.0,28.05500030517578,26.95800018310547,26.95800018310547,0.0,30735000
2019-08-12,23.1763858795166,27.56399917602539,0.0,27.820999145507812,27.253999710083008,27.33799934387207,0.0,20040000
2019-08-13,23.85408592224121,28.3700008392334,0.0,28.549999237060547,27.202999114990234,27.530000686645508,0.0,22340000
2019-08-14,22.833330154418945,27.1560001373291,0.0,28.014999389648438,27.038000106811523,27.878999710083008,0.0,27108000
2019-08-15,22.58780860900879,26.86400032043457,0.0,27.277999877929688,26.485000610351562,27.200000762939453,0.0,20010000
2019-08-16,23.019990921020508,27.378000259399414,0.0,27.575000762939453,27.197999954223633,27.21500015258789,0.0,17458000
2019-08-19,23.440406799316406,27.878000259399414,0.0,28.006999969482422,27.56100082397461,27.950000762939453,0.0,17489000
2019-08-20,23.574087142944336,28.03700065612793,0.0,28.496000289916992,27.701000213623047,27.81599998474121,0.0,17920000
2019-08-21,24.173601150512695,28.75,0.0,28.826000213623047,28.405000686645508,28.464000701904297,0.0,19381000
2019-08-22,24.183687210083008,28.761999130249023,0.0,28.94099998474121,28.454999923706055,28.839000701904297,0.0,12294000
2019-08-23,22.881256103515625,27.21299934387207,0.0,28.54800033569336,27.104999542236328,28.39900016784668,0.0,25742000
2019-08-26,23.309236526489258,27.722000122070312,0.0,27.795000076293945,27.5,27.69499969482422,0.0,14249000
2019-08-27,23.170499801635742,27.55699920654297,0.0,28.02199935913086,27.490999221801758,27.915000915527344,0.0,14298000
2019-08-28,23.211698532104492,27.606000900268555,0.0,27.641000747680664,27.047000885009766,27.433000564575195,0.0,17202000
2019-08-29,23.826339721679688,28.336999893188477,0.0,28.548999786376953,28.104999542236328,28.14900016784668,0.0,16429000
2019-08-30,23.764963150024414,28.263999938964844,0.0,28.59000015258789,27.989999771118164,28.535999298095703,0.0,16720000
2019-09-03,23.04269027709961,27.405000686645508,0.0,28.084999084472656,27.093000411987305,28.0,0.0,22210000
2019-09-04,23.79690933227539,28.302000045776367,0.0,28.434999465942383,27.81999969482422,27.878999710083008,0.0,19865000
2019-09-05,24.469566345214844,29.101999282836914,0.0,29.368000030517578,28.836000442504883,28.836000442504883,0.0,20938000
2019-09-06,24.544401168823242,29.19099998474121,0.0,29.329999923706055,28.93000030517578,29.184999465942383,0.0,13748000
2019-09-09,24.603256225585938,29.26099967956543,0.0,29.719999313354492,29.040000915527344,29.5,0.0,21686000
2019-09-10,24.757125854492188,29.444000244140625,0.0,29.44499969482422,28.881999969482422,29.135000228881836,0.0,20850000
2019-09-11,25.057302474975586,29.801000595092773,0.0,29.878000259399414,29.454999923706055,29.631999969482422,0.0,19260000
2019-09-12,25.27338981628418,30.058000564575195,0.0,30.232999801635742,29.64699935913086,30.14299964904785,0.0,33109000
2019-09-13,24.410709381103516,29.031999588012695,0.0,29.798999786376953,28.388999938964844,29.764999389648438,0.0,62557000
2019-09-16,24.271133422851562,28.865999221801758,0.0,29.027000427246094,28.56999969482422,28.68000030517578,0.0,22176000
2019-09-17,24.285425186157227,28.882999420166016,0.0,28.93000030517578,28.375,28.802000045776367,0.0,21912000
2019-09-18,24.193777084350586,28.77400016784668,0.0,29.076000213623047,28.38800048828125,28.849000930786133,0.0,16510000
2019-09-19,24.4376163482666,29.06399917602539,0.0,29.19499969482422,28.722999572753906,28.850000381469727,0.0,19421000
2019-09-20,24.12110137939453,28.426000595092773,0.265,28.84000015258789,28.18199920654297,28.767000198364258,0.0,35524000
2019-09-23,24.22292709350586,28.54599952697754,0.0,28.715999603271484,28.20800018310547,28.36199951171875,0.0,14850000
2019-09-24,23.95563507080078,28.231000900268555,0.0,28.889999389648438,27.975000381469727,28.73200035095215,0.0,20292000
2019-09-25,23.400680541992188,27.57699966430664,0.0,27.72100067138672,27.0,27.174999237060547,0.0,55588000
2019-09-26,23.497413635253906,27.69099998474121,0.0,27.865999221801758,27.26799964904785,27.525999069213867,0.0,27477000
2019-09-27,23.262365341186523,27.413999557495117,0.0,28.128000259399414,27.29599952697754,27.663000106811523,0.0,28660000
2019-09-30,23.426137924194336,27.60700035095215,0.0,27.672000885009766,27.25,27.57900047302246,0.0,19826000
2019-10-01,23.322608947753906,27.485000610351562,0.0,27.96500015258789,27.33799934387207,27.82699966430664,0.0,19429000
2019-10-02,22.91699981689453,27.006999969482422,0.0,27.3799991607666,26.832000732421875,27.34600067138672,0.0,19543000
2019-10-03,23.286970138549805,27.44300079345703,0.0,27.450000762939453,26.722000122070312,27.0,0.0,17096000
2019-10-04,23.880958557128906,28.14299964904785,0.0,28.170000076293945,27.520000457763672,27.849000930786133,0.0,25884000
2019-10-07,23.42698097229004,27.607999801635742,0.0,28.101999282836914,27.56999969482422,28.000999450683594,0.0,18658000
2019-10-08,22.939062118530273,27.033000946044922,0.0,27.489999771118164,26.891000747680664,27.4060001373291,0.0,22757000
2019-10-09,23.17835807800293,27.315000534057617,0.0,27.490999221801758,27.20199966430664,27.368000030517578,0.0,16329000
2019-10-10,23.288671493530273,27.44499969482422,0.0,27.878000259399414,27.364999771118164,27.45599937438965,0.0,17340000
2019-10-11,23.836835861206055,28.090999603271484,0.0,28.408000946044922,27.909000396728516,27.948999404907227,0.0,23697000
2019-10-14,23.900480270385742,28.166000366210938,0.0,28.264999389648438,27.988000869750977,28.04199981689453,0.0,13312000
2019-10-15,24.635326385498047,29.031999588012695,0.0,29.062000274658203,28.219999313354492,28.263999938964844,0.0,21230000
2019-10-16,24.47919273376465,28.847999572753906,0.0,29.010000228881836,28.65399932861328,28.899999618530273,0.0,20046000
2019-10-17,24.5598087310791,28.94300079345703,0.0,29.17099952697754,28.832000732421875,29.013999938964844,0.0,13125000
2019-10-18,24.330698013305664,28.67300033569336,0.0,28.993999481201172,28.399999618530273,28.950000762939453,0.0,16981000
2019-10-21,24.571687698364258,28.957000732421875,0.0,29.190000534057617,28.70599937438965,28.8439998626709,0.0,13031000
2019-10-22,24.39264488220215,28.746000289916992,0.0,29.086000442504883,28.724000930786133,28.958999633789062,0.0,13046000
2019-10-23,23.78676986694336,28.031999588012695,0.0,28.354000091552734,27.875999450683594,28.29599952697754,0.0,20957000
2019-10-24,23.95563507080078,28.231000900268555,0.0,28.350000381469727,27.8700008392334,28.288999557495117,0.0,16896000
2019-10-25,24.592897415161133,28.98200035095215,0.0,29.136999130249023,28.32200050354004,28.326000213623047,0.0,20869000
2019-10-28,24.73970603942871,29.155000686645508,0.0,29.24799919128418,28.832000732421875,29.115999221801758,0.0,12999000
2019-10-29,24.45203971862793,28.81599998474121,0.0,29.3700008392334,28.80699920654297,29.22800064086914,0.0,13272000
2019-10-30,24.628541946411133,29.02400016784668,0.0,29.097000122070312,28.652000427246094,29.000999450683594,0.0,17281000
2019-10-31,24.850011825561523,29.28499984741211,0.0,29.408000946044922,28.780000686645508,28.979999542236328,0.0,27881000
2019-11-01,25.16737174987793,29.659000396728516,0.0,29.659000396728516,29.208999633789062,29.298999786376953,0.0,21234000
2019-11-04,25.881011962890625,30.5,0.0,30.54599952697754,29.90999984741211,29.95199966430664,0.0,34075000
2019-11-05,26.64810562133789,31.40399932861328,0.0,31.67799949645996,30.44700050354004,30.5,0.0,38711000
2019-11-06,26.573434829711914,31.31599998474121,0.0,31.42799949645996,30.871000289916992,31.20599937438965,0.0,18076000
2019-11-07,26.452938079833984,31.173999786376953,0.0,31.950000762939453,31.065000534057617,31.558000564575195,0.0,23981000
2019-11-08,26.594650268554688,31.340999603271484,0.0,31.360000610351562,30.51300048828125,30.98699951171875,0.0,17830000
2019-11-11,26.538644790649414,31.274999618530273,0.0,31.323999404907227,31.083999633789062,31.1200008392334,0.0,9154000
2019-11-12,26.77454376220703,31.55299949645996,0.0,31.639999389648438,31.326000213623047,31.399999618530273,0.0,16875000
2019-11-13,26.61671257019043,31.367000579833984,0.0,31.570999145507812,31.200000762939453,31.24799919128418,0.0,12625000
2019-11-14,26.217893600463867,30.89699935913086,0.0,31.18400001525879,30.611000061035156,31.075000762939453,0.0,17268000
2019-11-15,26.55221939086914,31.291000366210938,0.0,31.305999755859375,31.007999420166016,31.226999282836914,0.0,18120000
2019-11-18,26.396085739135742,31.10700035095215,0.0,31.340999603271484,30.80299949645996,31.18199920654297,0.0,15850000
2019-11-19,26.958681106567383,31.770000457763672,0.0,32.56700134277344,31.665000915527344,31.665000915527344,0.0,31743000
2019-11-20,26.447004318237305,31.16699981689453,0.0,31.683000564575195,30.899999618530273,31.59000015258789,0.0,19927000
2019-11-21,26.75078582763672,31.524999618530273,0.0,31.56999969482422,30.979999542236328,31.11400032043457,0.0,19317000
2019-11-22,26.7227840423584,31.492000579833984,0.0,31.947999954223633,31.371000289916992,31.663999557495117,0.0,13216000
2019-11-25,27.121606826782227,31.961999893188477,0.0,32.018001556396484,31.62700080871582,31.660999298095703,0.0,19636000
2019-11-26,26.837337493896484,31.62700080871582,0.0,32.018001556396484,31.604999542236328,31.899999618530273,0.0,30793000
2019-11-27,27.021467208862305,31.8439998626709,0.0,31.993999481201172,31.64699935913086,31.79400062561035,0.0,20182000
2019-11-29,26.832244873046875,31.621000289916992,0.0,31.77899932861328,31.5,31.684999465942383,0.0,9229000
2019-12-02,26.366384506225586,31.07200050354004,0.0,31.792999267578125,31.055999755859375,31.77199935913086,0.0,23158000
2019-12-03,26.00998878479004,30.652000427246094,0.0,30.899999618530273,30.312999725341797,30.582000732421875,0.0,18736000
2019-12-04,26.281532287597656,30.972000122070312,0.0,31.136999130249023,30.71299934387207,30.975000381469727,0.0,14439000
2019-12-05,26.40626335144043,31.118999481201172,0.0,31.246000289916992,30.9060001373291,31.05900001525879,0.0,15494000
2019-12-06,26.81867218017578,31.604999542236328,0.0,31.634000778198242,31.20599937438965,31.464000701904297,0.0,16937000
2019-12-09,26.676952362060547,31.437999725341797,0.0,31.71500015258789,31.393999099731445,31.600000381469727,0.0,24694000
2019-12-10,26.734661102294922,31.506000518798828,0.0,31.590999603271484,31.325000762939453,31.510000228881836,0.0,14563000
2019-12-11,27.130090713500977,31.972000122070312,0.0,32.1349983215332,31.51799964904785,31.51799964904785,0.0,20829000
2019-12-12,27.815719604492188,32.779998779296875,0.0,33.01599884033203,31.94300079345703,31.972999572753906,0.0,38935000
2019-12-13,26.765209197998047,31.54199981689453,0.0,31.976999282836914,31.062000274658203,31.805999755859375,0.0,70952000
2019-12-16,27.419443130493164,32.3129997253418,0.0,32.7599983215332,31.753000259399414,31.797000885009766,0.0,37921000
2019-12-17,27.47629737854004,32.380001068115234,0.0,32.494998931884766,32.17499923706055,32.374000549316406,0.0,20248000
2019-12-18,27.785171508789062,32.74399948120117,0.0,33.119998931884766,32.35499954223633,32.439998626708984,0.0,35155000
2019-12-19,27.501760482788086,32.40999984741211,0.0,32.92599868774414,32.37099838256836,32.92100143432617,0.0,31787000
2019-12-20,27.343185424804688,31.899999618530273,0.325,32.24700164794922,31.69099998474121,32.24700164794922,0.0,50540000
2019-12-23,27.388614654541016,31.952999114990234,0.0,32.233001708984375,31.76099967956543,32.05400085449219,0.0,20254000
2019-12-24,27.471755981445312,32.04999923706055,0.0,32.06800079345703,31.900999069213867,32.0,0.0,7024000
2019-12-26,27.255752563476562,31.79800033569336,0.0,32.17399978637695,31.68199920654297,32.12699890136719,0.0,15848000
2019-12-27,27.1314640045166,31.652999877929688,0.0,31.934999465942383,31.52199935913086,31.93000030517578,0.0,14487000
2019-12-30,26.868318557739258,31.34600067138672,0.0,31.732999801635742,31.274999618530273,31.652000427246094,0.0,13104000
2019-12-31,27.087753295898438,31.601999282836914,0.0,31.63599967956543,31.280000686645508,31.312000274658203,0.0,12487000
2020-01-02,27.633758544921875,32.23899841308594,0.0,32.25,31.73200035095215,31.93199920654297,0.0,20329000
2020-01-03,26.930892944335938,31.41900062561035,0.0,32.0,31.408000946044922,31.750999450683594,0.0,22870000
2020-01-06,26.890609741210938,31.371999740600586,0.0,31.392000198364258,30.96299934387207,31.084999084472656,0.0,20789000
2020-01-07,26.79803466796875,31.263999938964844,0.0,31.658000946044922,31.225000381469727,31.524999618530273,0.0,18565000
2020-01-08,26.463747024536133,30.874000549316406,0.0,31.349000930786133,30.840999603271484,31.29800033569336,0.0,31979000
2020-01-09,26.251171112060547,30.625999450683594,0.0,31.298999786376953,30.30500030517578,31.23200035095215,0.0,42397000
2020-01-10,25.647733688354492,29.922000885009766,0.0,30.55500030517578,29.8799991607666,30.545000076293945,0.0,40705000
2020-01-13,25.815736770629883,30.118000030517578,0.0,30.3799991607666,29.966999053955078,30.00200080871582,0.0,22054000
2020-01-14,26.415748596191406,30.81800079345703,0.0,30.915000915527344,30.159000396728516,30.200000762939453,0.0,28911000
2020-01-15,25.98373794555664,30.31399917602539,0.0,30.788000106811523,30.06999969482422,30.731000900268555,0.0,22733000
2020-01-16,26.318885803222656,30.704999923706055,0.0,30.785999298095703,30.42099952697754,30.5,0.0,21508000
2020-01-17,26.46803092956543,30.878999710083008,0.0,30.893999099731445,30.406999588012695,30.865999221801758,0.0,26896000
2020-01-21,26.40631103515625,30.80699920654297,0.0,30.951000213623047,30.632999420166016,30.780000686645508,0.0,21967000
2020-01-22,26.826322555541992,31.297000885009766,0.0,31.79199981689453,31.049999237060547,31.079999923706055,0.0,29264000
2020-01-23,27.39889907836914,31.96500015258789,0.0,31.979999542236328,31.082000732421875,31.51799964904785,0.0,30266000
2020-01-24,27.771766662597656,32.400001525878906,0.0,33.15800094604492,32.07699966430664,33.04999923706055,0.0,55782000
2020-01-27,26.48859977722168,30.902999877929688,0.0,31.988000869750977,30.86400032043457,31.641000747680664,0.0,38843000
2020-01-28,27.28403663635254,31.83099937438965,0.0,31.92300033569336,31.277000427246094,31.35300064086914,0.0,23166000
2020-01-29,27.215465545654297,31.750999450683594,0.0,32.542999267578125,31.714000701904297,32.082000732421875,0.0,23668000
2020-01-30,27.01746368408203,31.520000457763672,0.0,31.552000045776367,30.858999252319336,31.43199920654297,0.0,21128000
2020-01-31,26.156885147094727,30.516000747680664,0.0,31.45800018310547,30.36199951171875,31.416000366210938,0.0,22123000
2020-02-03,26.162883758544922,30.523000717163086,0.0,30.65999984741211,30.36400032043457,30.562999725341797,0.0,21288000
2020-02-04,26.70888900756836,31.15999984741211,0.0,31.457000732421875,30.96500015258789,31.179000854492188,0.0,22559000
2020-02-05,27.204326629638672,31.738000869750977,0.0,31.981000900268555,31.586000442504883,31.75,0.0,24825000
2020-02-06,27.402324676513672,31.9689998626709,0.0,31.988000869750977,31.42300033569336,31.884000778198242,0.0,22683000
2020-02-07,27.020038604736328,31.523000717163086,0.0,31.851999282836914,31.48699951171875,31.832000732421875,0.0,15883000
2020-02-10,26.931751251220703,31.420000076293945,0.0,31.459999084472656,31.030000686645508,31.23699951171875,0.0,19218000
2020-02-11,27.442611694335938,32.01599884033203,0.0,32.07899856567383,31.60099983215332,31.665000915527344,0.0,15527000
2020-02-12,27.83176040649414,32.470001220703125,0.0,32.50899887084961,32.16299819946289,32.20399856567383,0.0,15310000
2020-02-13,27.769187927246094,32.39699935913086,0.0,32.54600143432617,32.095001220703125,32.14799880981445,0.0,13857000
2020-02-14,27.237756729125977,31.777000427246094,0.0,32.56999969482422,31.709999084472656,32.48400115966797,0.0,19137000
2020-02-18,26.636030197143555,31.075000762939453,0.0,31.500999450683594,30.80500030517578,31.5,0.0,26693000
2020-02-19,27.059465408325195,31.569000244140625,0.0,31.683000564575195,31.170000076293945,31.299999237060547,0.0,20525000
2020-02-20,26.506601333618164,30.923999786376953,0.0,31.569000244140625,30.61199951171875,31.395999908447266,0.0,25521000
2020-02-21,26.100309371948242,30.450000762939453,0.0,30.94499969482422,30.229000091552734,30.850000381469727,0.0,24522000
2020-02-24,24.994583129882812,29.15999984741211,0.0,29.8799991607666,29.006000518798828,29.420000076293945,0.0,36849000
2020-02-25,24.230009078979492,28.26799964904785,0.0,29.572999954223633,28.10700035095215,29.410999298095703,0.0,31892000
2020-02-26,24.504291534423828,28.58799934387207,0.0,28.81999969482422,28.399999618530273,28.434999465942383,0.0,23074000
2020-02-27,23.481706619262695,27.395000457763672,0.0,28.5310001373291,27.354000091552734,28.030000686645508,0.0,34837000
2020-02-28,23.367713928222656,27.261999130249023,0.0,27.413000106811523,26.27400016784668,26.33300018310547,0.0,44586000
2020-03-02,24.426284790039062,28.496999740600586,0.0,28.540000915527344,27.114999771118164,27.676000595092773,0.0,31976000
2020-03-03,23.507423400878906,27.424999237060547,0.0,28.847999572753906,27.156999588012695,28.46500015258789,0.0,29930000
2020-03-04,24.467435836791992,28.545000076293945,0.0,28.57200050354004,27.476999282836914,27.753999710083008,0.0,23477000
2020-03-05,23.489425659179688,27.40399932861328,0.0,28.30900001525879,27.2450008392334,27.72599983215332,0.0,24374000
2020-03-06,23.095991134643555,26.94499969482422,0.0,27.093000411987305,26.25,26.697999954223633,0.0,30169000
2020-03-09,21.233394622802734,24.77199935913086,0.0,26.027000427246094,24.424999237060547,25.107999801635742,0.0,43934000
2020-03-10,22.534557342529297,26.290000915527344,0.0,26.368000030517578,24.34000015258789,25.659000396728516,0.0,55071000
2020-03-11,21.083396911621094,24.597000122070312,0.0,25.64900016784668,24.249000549316406,25.38800048828125,0.0,36030000
2020-03-12,18.75279426574707,21.878000259399414,0.0,24.275999069213867,21.631999969482422,22.698999404907227,0.0,64281000
2020-03-13,20.076242446899414,23.422000885009766,0.0,23.44700050354004,20.115999221801758,22.551000595092773,0.0,84714000
2020-03-16,16.078475952148438,18.757999420166016,0.0,21.8799991607666,18.023000717163086,20.81800079345703,0.0,76935000
2020-03-17,17.101064682006836,19.951000213623047,0.0,20.000999450683594,18.148000717163086,19.18199920654297,0.0,70662000
2020-03-18,14.389029502868652,16.78700065612793,0.0,18.74799919128418,15.567000389099121,18.56599998474121,0.0,98993000
2020-03-19,16.667343139648438,19.44499969482422,0.0,20.746999740600586,16.5,16.763999938964844,0.0,74438000
2020-03-20,16.756254196166992,19.222000122070312,0.325,20.868000030517578,18.791000366210938,20.200000762939453,0.0,74044000
2020-03-23,16.86522102355957,19.347000122070312,0.0,19.597000122070312,17.774999618530273,19.288000106811523,0.0,46921000
2020-03-24,18.54677963256836,21.275999069213867,0.0,21.871000289916992,20.128999710083008,20.56399917602539,0.0,62970000
2020-03-25,18.964332580566406,21.7549991607666,0.0,24.399999618530273,20.922000885009766,21.2189998626709,0.0,64442000
2020-03-26,21.19768524169922,24.316999435424805,0.0,24.479999542236328,22.60300064086914,22.60300064086914,0.0,60213000
2020-03-27,20.10977554321289,23.069000244140625,0.0,24.208999633789062,23.0,23.299999237060547,0.0,39448000
2020-03-30,20.930940628051758,24.01099967956543,0.0,24.13599967956543,22.8439998626709,23.219999313354492,0.0,52343000
2020-03-31,20.668546676635742,23.709999084472656,0.0,25.270999908447266,23.606000900268555,23.799999237060547,0.0,50191000
2020-04-01,19.49433708190918,22.363000869750977,0.0,23.44099998474121,21.968000411987305,22.798999786376953,0.0,41858000
2020-04-02,20.665063858032227,23.70599937438965,0.0,23.795000076293945,22.145000457763672,22.239999771118164,0.0,45049000
2020-04-03,20.420984268188477,23.426000595092773,0.0,24.2549991607666,23.05500030517578,23.663999557495117,0.0,28960000
2020-04-06,22.005767822265625,25.243999481201172,0.0,25.340999603271484,24.356000900268555,24.45800018310547,0.0,38868000
2020-04-07,22.078125,25.32699966430664,0.0,26.549999237060547,25.253000259399414,26.18400001525879,0.0,45892000
2020-04-08,22.760684967041016,26.110000610351562,0.0,26.219999313354492,25.36400032043457,25.677000045776367,0.0,27565000
2020-04-09,22.167911529541016,25.43000030517578,0.0,26.75,25.131000518798828,26.57900047302246,0.0,34828000
2020-04-13,22.65782356262207,25.992000579833984,0.0,26.152000427246094,25.280000686645508,25.350000381469727,0.0,25729000
2020-04-14,23.32991600036621,26.76300048828125,0.0,26.83799934387207,26.23200035095215,26.61199951171875,0.0,23094000
2020-04-15,22.441635131835938,25.743999481201172,0.0,26.23200035095215,25.615999221801758,26.100000381469727,0.0,25926000
2020-04-16,22.515729904174805,25.82900047302246,0.0,26.176000595092773,25.410999298095703,26.176000595092773,0.0,26896000
2020-04-17,23.177370071411133,26.58799934387207,0.0,26.743000030517578,25.893999099731445,26.32200050354004,0.0,34089000
2020-04-20,22.514860153198242,25.827999114990234,0.0,26.525999069213867,25.791000366210938,26.0,0.0,23801000
2020-04-21,21.588211059570312,24.764999389648438,0.0,25.479000091552734,24.68000030517578,25.45599937438965,0.0,29138000
2020-04-22,22.662179946899414,25.996999740600586,0.0,26.222000122070312,25.073999404907227,25.476999282836914,0.0,35438000
2020-04-23,22.571521759033203,25.89299964904785,0.0,26.520000457763672,25.851999282836914,26.024999618530273,0.0,21659000
2020-04-24,23.084091186523438,26.481000900268555,0.0,26.506999969482422,25.88800048828125,25.981000900268555,0.0,23373000
2020-04-27,23.401399612426758,26.844999313354492,0.0,27.121999740600586,26.434999465942383,26.434999465942383,0.0,16588000
2020-04-28,23.077125549316406,26.472999572753906,0.0,27.641000747680664,26.41200065612793,27.423999786376953,0.0,18988000
2020-04-29,24.061296463012695,27.601999282836914,0.0,27.698999404907227,26.92300033569336,27.107999801635742,0.0,28871000
2020-04-30,23.677734375,27.16200065612793,0.0,27.405000686645508,26.8799991607666,27.35300064086914,0.0,23379000
2020-05-01,22.63864517211914,25.969999313354492,0.0,26.78499984741211,25.81999969482422,26.600000381469727,0.0,26836000
2020-05-04,22.86180305480957,26.22599983215332,0.0,26.243000030517578,25.531999588012695,25.92099952697754,0.0,17046000
2020-05-05,23.089323043823242,26.48699951171875,0.0,26.893999099731445,26.371000289916992,26.655000686645508,0.0,26462000
2020-05-06,23.029170989990234,26.417999267578125,0.0,27.04800033569336,26.36199951171875,26.83300018310547,0.0,22727000
2020-05-07,23.340381622314453,26.774999618530273,0.0,27.047000885009766,26.600000381469727,27.0,0.0,18238000
2020-05-08,23.974994659423828,27.503000259399414,0.0,27.55500030517578,27.003000259399414,27.219999313354492,0.0,16757000
2020-05-11,24.007251739501953,27.540000915527344,0.0,27.673999786376953,27.174999237060547,27.336999893188477,0.0,20851000
2020-05-12,23.401399612426758,26.844999313354492,0.0,27.77199935913086,26.82200050354004,27.658000946044922,0.0,18764000
2020-05-13,22.93939208984375,26.315000534057617,0.0,27.033000946044922,25.93600082397461,27.006999969482422,0.0,21927000
2020-05-14,23.240135192871094,26.65999984741211,0.0,26.69499969482422,25.475000381469727,26.09600067138672,0.0,19912000
2020-05-15,22.700538635253906,26.041000366210938,0.0,26.4060001373291,25.677000045776367,25.941999435424805,0.0,21650000
2020-05-18,23.844240188598633,27.35300064086914,0.0,27.67300033569336,26.799999237060547,26.86199951171875,0.0,26531000
2020-05-19,23.706501007080078,27.19499969482422,0.0,27.60300064086914,27.160999298095703,27.35300064086914,0.0,18702000
2020-05-20,24.293174743652344,27.868000030517578,0.0,28.131000518798828,27.607999801635742,27.69700050354004,0.0,18605000
2020-05-21,23.95494270324707,27.479999542236328,0.0,27.950000762939453,27.46500015258789,27.892000198364258,0.0,14847000
2020-05-22,24.116214752197266,27.665000915527344,0.0,27.725000381469727,27.051000595092773,27.374000549316406,0.0,17452000
2020-05-26,24.584331512451172,28.20199966430664,0.0,28.708999633789062,28.138999938964844,28.5,0.0,23573000
2020-05-27,25.069875717163086,28.759000778198242,0.0,28.780000686645508,28.0,28.302000045776367,0.0,22812000
2020-05-28,24.681957244873047,28.31399917602539,0.0,28.93000030517578,28.243000030517578,28.5,0.0,18543000
2020-05-29,25.390670776367188,29.12700080871582,0.0,29.200000762939453,28.19099998474121,28.290000915527344,0.0,27300000
2020-06-01,25.279090881347656,28.999000549316406,0.0,29.110000610351562,28.73699951171875,29.04199981689453,0.0,18444000
2020-06-02,25.982574462890625,29.805999755859375,0.0,29.832000732421875,29.009000778198242,29.10300064086914,0.0,31847000
2020-06-03,26.982440948486328,30.952999114990234,0.0,31.084999084472656,30.051000595092773,30.104999542236328,0.0,31926000
2020-06-04,26.926647186279297,30.888999938964844,0.0,31.299999237060547,30.209999084472656,30.575000762939453,0.0,34997000
2020-06-05,27.640594482421875,31.70800018310547,0.0,32.81100082397461,31.509000778198242,31.969999313354492,0.0,50958000
2020-06-08,27.678945541381836,31.75200080871582,0.0,31.884000778198242,31.336000442504883,31.75,0.0,23916000
2020-06-09,27.487165451049805,31.531999588012695,0.0,31.88800048828125,31.156999588012695,31.200000762939453,0.0,22335000
2020-06-10,27.4627628326416,31.503999710083008,0.0,31.92099952697754,31.469999313354492,31.665000915527344,0.0,25914000
2020-06-11,25.606861114501953,29.375,0.0,30.854999542236328,29.34000015258789,30.761999130249023,0.0,45115000
2020-06-12,26.173480987548828,30.024999618530273,0.0,30.395000457763672,29.273000717163086,30.281999588012695,0.0,39439000
2020-06-15,26.50822639465332,30.409000396728516,0.0,30.674999237060547,29.240999221801758,29.5,0.0,29824000
2020-06-16,27.0861759185791,31.07200050354004,0.0,31.454999923706055,30.399999618530273,31.0,0.0,30387000
2020-06-17,27.323280334472656,31.3439998626709,0.0,31.67099952697754,31.179000854492188,31.341999053955078,0.0,20279000
2020-06-18,27.782676696777344,31.871000289916992,0.0,31.91200065612793,31.152000427246094,31.211999893188477,0.0,33625000
2020-06-19,26.665069580078125,30.277000427246094,0.325,31.809999465942383,30.277000427246094,31.76799964904785,0.0,58465000
2020-06-22,27.613584518432617,31.354000091552734,0.0,31.417999267578125,30.35300064086914,30.549999237060547,0.0,27195000
2020-06-23,27.416303634643555,31.1299991607666,0.0,31.743999481201172,31.128999710083008,31.506000518798828,0.0,22419000
2020-06-24,27.034963607788086,30.69700050354004,0.0,31.097000122070312,30.451000213623047,30.920000076293945,0.0,19096000
2020-06-25,27.20053482055664,30.885000228881836,0.0,30.947999954223633,30.299999237060547,30.606000900268555,0.0,15029000
2020-06-26,27.073713302612305,30.740999221801758,0.0,31.577999114990234,30.315000534057617,31.35700035095215,0.0,31425000
2020-06-29,27.282447814941406,30.97800064086914,0.0,31.041000366210938,30.44499969482422,30.80699920654297,0.0,14516000
2020-06-30,27.795894622802734,31.56100082397461,0.0,31.707000732421875,30.674999237060547,30.9950008392334,0.0,25125000
2020-07-01,27.542251586914062,31.273000717163086,0.0,31.684999465942383,31.194000244140625,31.51099967956543,0.0,15661000
2020-07-02,27.783557891845703,31.547000885009766,0.0,31.937999725341797,31.465999603271484,31.774999618530273,0.0,16638000
2020-07-06,28.075952529907227,31.878999710083008,0.0,32.0989990234375,31.733999252319336,32.0,0.0,17561000
2020-07-07,27.57659912109375,31.312000274658203,0.0,31.81599998474121,31.2549991607666,31.733999252319336,0.0,16150000
2020-07-08,28.144649505615234,31.957000732421875,0.0,31.983999252319336,31.41200065612793,31.61400032043457,0.0,18023000
2020-07-09,28.31462860107422,32.150001525878906,0.0,32.43299865722656,31.524999618530273,32.000999450683594,0.0,25225000
2020-07-10,28.133201599121094,31.944000244140625,0.0,32.29899978637695,31.54400062561035,32.191001892089844,0.0,13280000
2020-07-13,27.41718864440918,31.131000518798828,0.0,32.35300064086914,31.058000564575195,32.167999267578125,0.0,21549000
2020-07-14,27.74921226501465,31.507999420166016,0.0,31.621999740600586,30.518999099731445,30.89900016784668,0.0,18363000
2020-07-15,27.634721755981445,31.378000259399414,0.0,31.777000427246094,31.017000198364258,31.594999313354492,0.0,15253000
2020-07-16,27.41983413696289,31.134000778198242,0.0,31.38800048828125,30.93000030517578,31.06100082397461,0.0,12929000
2020-07-17,27.54048728942871,31.270999908447266,0.0,31.520999908447266,31.0,31.415000915527344,0.0,13354000
2020-07-20,27.929758071899414,31.71299934387207,0.0,31.764999389648438,31.025999069213867,31.184999465942383,0.0,14323000
2020-07-21,27.684043884277344,31.43400001525879,0.0,31.92300033569336,31.267000198364258,31.92300033569336,0.0,14312000
2020-07-22,27.63648223876953,31.3799991607666,0.0,31.56800079345703,31.03700065612793,31.500999450683594,0.0,14404000
2020-07-23,27.272750854492188,30.966999053955078,0.0,31.608999252319336,30.83799934387207,31.336999893188477,0.0,19417000
2020-07-24,26.931041717529297,30.57900047302246,0.0,31.090999603271484,30.417999267578125,30.659000396728516,0.0,15631000
2020-07-27,27.5378475189209,31.26799964904785,0.0,31.29599952697754,30.749000549316406,30.829999923706055,0.0,20646000
2020-07-28,27.06843376159668,30.735000610351562,0.0,31.211000442504883,30.615999221801758,31.118000030517578,0.0,13974000
2020-07-29,27.20053482055664,30.885000228881836,0.0,31.12299919128418,30.743999481201172,30.85300064086914,0.0,16562000
2020-07-30,27.486764907836914,31.209999084472656,0.0,31.292999267578125,30.600000381469727,30.600000381469727,0.0,21259000
2020-07-31,27.89628791809082,31.674999237060547,0.0,31.84000015258789,31.139999389648438,31.469999313354492,0.0,24719000
2020-08-03,28.29084587097168,32.12300109863281,0.0,32.3489990234375,31.72800064086914,31.799999237060547,0.0,20796000
2020-08-04,28.921432495117188,32.8390007019043,0.0,32.85900115966797,32.03900146484375,32.04999923706055,0.0,25258000
2020-08-05,29.022706985473633,32.95399856567383,0.0,33.15800094604492,32.58000183105469,32.82500076293945,0.0,22299000
2020-08-06,28.9892520904541,32.91600036621094,0.0,33.0880012512207,32.54100036621094,32.777000427246094,0.0,14193000
2020-08-07,28.704774856567383,32.59299850463867,0.0,32.972999572753906,32.14799880981445,32.8390007019043,0.0,14192000
2020-08-10,28.830718994140625,32.736000061035156,0.0,32.926998138427734,32.40599822998047,32.422000885009766,0.0,11989000
2020-08-11,28.537445068359375,32.40299987792969,0.0,33.332000732421875,32.2760009765625,32.75699996948242,0.0,19316000
2020-08-12,29.38379669189453,33.36399841308594,0.0,33.5880012512207,32.5359992980957,32.584999084472656,0.0,18471000
2020-08-13,29.012147903442383,32.94200134277344,0.0,33.340999603271484,32.78499984741211,33.22100067138672,0.0,15095000
2020-08-14,28.87123680114746,32.78200149536133,0.0,32.98500061035156,32.599998474121094,32.801998138427734,0.0,10140000
2020-08-17,29.091405868530273,33.03200149536133,0.0,33.17900085449219,32.900001525878906,32.95100021362305,0.0,10594000
2020-08-18,28.943443298339844,32.86399841308594,0.0,33.31800079345703,32.81399917602539,33.18600082397461,0.0,8857000
2020-08-19,28.993650436401367,32.92100143432617,0.0,33.308998107910156,32.82400131225586,32.946998596191406,0.0,11273000
2020-08-20,28.960180282592773,32.882999420166016,0.0,32.999000549316406,32.60599899291992,32.76900100708008,0.0,8910000
2020-08-21,29.06497573852539,33.00199890136719,0.0,33.04600143432617,32.5,32.83000183105469,0.0,11508000
2020-08-24,29.415504455566406,33.400001525878906,0.0,33.61899948120117,33.11399841308594,33.20100021362305,0.0,11996000
2020-08-25,29.603979110717773,33.61399841308594,0.0,33.70899963378906,33.29999923706055,33.5,0.0,11140000
2020-08-26,29.914859771728516,33.96699905395508,0.0,34.1510009765625,33.35100173950195,33.4739990234375,0.0,14844000
2020-08-27,29.868186950683594,33.91400146484375,0.0,34.130001068115234,33.61399841308594,34.04899978637695,0.0,12552000
2020-08-28,30.368419647216797,34.481998443603516,0.0,34.481998443603516,33.77000045776367,33.900001525878906,0.0,14589000
2020-08-31,30.57362937927246,34.71500015258789,0.0,35.05799865722656,34.35200119018555,34.35200119018555,0.0,22229000
2020-09-01,31.66482162475586,35.95399856567383,0.0,36.207000732421875,34.742000579833984,35.0,0.0,29205000
2020-09-02,33.02727127075195,37.500999450683594,0.0,37.895999908447266,36.356998443603516,36.58599853515625,0.0,37053000
2020-09-03,31.00870132446289,35.20899963378906,0.0,36.88999938964844,35.01599884033203,36.60100173950195,0.0,41795000
2020-09-04,31.965145111083984,36.29499816894531,0.0,37.25299835205078,35.349998474121094,36.09700012207031,0.0,58514000
2020-09-08,30.872194290161133,35.05400085449219,0.0,36.275001525878906,35.0,35.26599884033203,0.0,26685000
2020-09-09,31.707979202270508,36.00299835205078,0.0,36.185001373291016,35.11000061035156,35.61600112915039,0.0,26273000
2020-09-10,31.448169708251953,35.70800018310547,0.0,36.78300094604492,35.43899917602539,36.2130012512207,0.0,22851000
2020-09-11,31.678909301757812,35.970001220703125,0.0,36.426998138427734,35.46799850463867,36.04999923706055,0.0,17362000
2020-09-14,31.899089813232422,36.220001220703125,0.0,36.5890007019043,35.935001373291016,36.441001892089844,0.0,16447000
2020-09-15,32.31389617919922,36.691001892089844,0.0,37.11199951171875,36.53499984741211,36.630001068115234,0.0,16618000
2020-09-16,32.325347900390625,36.70399856567383,0.0,37.20000076293945,36.6349983215332,36.81800079345703,0.0,18498000
2020-09-17,32.226715087890625,36.59199905395508,0.0,37.012001037597656,35.5,35.5,0.0,22862000
2020-09-18,31.681560516357422,35.972999572753906,0.0,36.784000396728516,35.505001068115234,36.71200180053711,0.0,35295000
2020-09-21,31.26474380493164,35.17900085449219,0.325,35.19599914550781,34.347999572753906,35.000999450683594,0.0,24198000
2020-09-22,32.13569259643555,36.159000396728516,0.0,36.18000030517578,35.29499816894531,35.637001037597656,0.0,19500000
2020-09-23,31.246967315673828,35.159000396728516,0.0,36.12099838256836,35.005001068115234,36.018001556396484,0.0,15542000
2020-09-24,31.329620361328125,35.25199890136719,0.0,35.75699996948242,34.909000396728516,35.02000045776367,0.0,13611000
2020-09-25,31.70998764038086,35.68000030517578,0.0,35.77199935913086,34.827999114990234,35.20500183105469,0.0,18183000
2020-09-28,32.643165588378906,36.72999954223633,0.0,36.84299850463867,35.90299987792969,36.167999267578125,0.0,22192000
2020-09-29,32.37299346923828,36.42599868774414,0.0,37.08000183105469,36.39899826049805,36.749000549316406,0.0,13722000
2020-09-30,32.378326416015625,36.43199920654297,0.0,37.099998474121094,36.17100143432617,36.29499816894531,0.0,22403000
2020-10-01,32.75870132446289,36.86000061035156,0.0,37.07099914550781,36.481998443603516,36.89799880981445,0.0,16016000
2020-10-02,31.71266746520996,35.68299865722656,0.0,36.492000579833984,35.6150016784668,36.0,0.0,17100000
2020-10-05,32.53651809692383,36.61000061035156,0.0,36.685001373291016,35.9900016784668,36.08399963378906,0.0,18923000
2020-10-06,32.348106384277344,36.39799880981445,0.0,37.20000076293945,36.20199966430664,36.611000061035156,0.0,16672000
2020-10-07,32.59340286254883,36.67399978637695,0.0,36.986000061035156,36.60599899291992,36.834999084472656,0.0,12747000
2020-10-08,33.1790657043457,37.33300018310547,0.0,37.42900085449219,36.83100128173828,36.98899841308594,0.0,17045000
2020-10-09,33.47856521606445,37.66999816894531,0.0,38.0,37.400001525878906,37.59299850463867,0.0,17253000
2020-10-12,33.987823486328125,38.24300003051758,0.0,38.5099983215332,37.979000091552734,38.17900085449219,0.0,18839000
2020-10-13,33.904273986816406,38.14899826049805,0.0,38.779998779296875,37.861000061035156,38.441001892089844,0.0,16731000
2020-10-14,33.79851150512695,38.029998779296875,0.0,38.374000549316406,37.78499984741211,38.354000091552734,0.0,17298000
2020-10-15,33.7656364440918,37.99300003051758,0.0,38.04899978637695,37.50199890136719,37.505001068115234,0.0,14361000
2020-10-16,33.651885986328125,37.8650016784668,0.0,38.327999114990234,37.814998626708984,38.327999114990234,0.0,10295000
2020-10-19,33.39592742919922,37.57699966430664,0.0,38.361000061035156,37.51499938964844,38.124000549316406,0.0,14803000
2020-10-20,33.504356384277344,37.69900131225586,0.0,38.11399841308594,37.555999755859375,37.70100021362305,0.0,13297000
2020-10-21,33.06532287597656,37.20500183105469,0.0,37.68600082397461,37.03099822998047,37.57699966430664,0.0,11896000
2020-10-22,33.1826286315918,37.33700180053711,0.0,37.430999755859375,36.71099853515625,37.108001708984375,0.0,13547000
2020-10-23,33.12485122680664,37.27199935913086,0.0,37.39400100708008,37.07600021362305,37.32600021362305,0.0,8868000
2020-10-26,32.26457214355469,36.30400085449219,0.0,36.99599838256836,35.76100158691406,36.959999084472656,0.0,15509000
2020-10-27,31.958829879760742,35.959999084472656,0.0,36.518001556396484,35.922000885009766,36.518001556396484,0.0,9620000
2020-10-28,30.85770606994629,34.72100067138672,0.0,35.486000061035156,34.553001403808594,35.400001525878906,0.0,22331000
2020-10-29,31.550912857055664,35.500999450683594,0.0,35.944000244140625,34.5369987487793,34.72600173950195,0.0,15697000
2020-10-30,31.072771072387695,34.9630012512207,0.0,35.29899978637695,34.44200134277344,34.93899917602539,0.0,18530000
2020-11-02,31.216751098632812,35.125,0.0,35.53900146484375,34.834999084472656,35.50400161743164,0.0,11757000
2020-11-03,31.439823150634766,35.375999450683594,0.0,35.92399978637695,34.66600036621094,35.595001220703125,0.0,15457000
2020-11-04,32.405879974365234,36.4630012512207,0.0,36.89799880981445,35.7140007019043,36.04800033569336,0.0,21277000
2020-11-05,33.849178314208984,38.08700180053711,0.0,38.26499938964844,37.20100021362305,37.236000061035156,0.0,21783000
2020-11-06,33.826961517333984,38.0620002746582,0.0,38.367000579833984,37.71699905395508,38.005001068115234,0.0,13545000
2020-11-09,33.375484466552734,37.55400085449219,0.0,39.388999938964844,37.500999450683594,38.90999984741211,0.0,24088000
2020-11-10,32.27256393432617,36.3129997253418,0.0,37.31999969482422,36.0359992980957,37.03200149536133,0.0,26784000
2020-11-11,33.40925216674805,37.59199905395508,0.0,37.7140007019043,36.85499954223633,37.08599853515625,0.0,15133000
2020-11-12,32.90089416503906,37.02000045776367,0.0,37.86000061035156,36.827999114990234,37.722999572753906,0.0,12160000
2020-11-13,33.19417190551758,37.349998474121094,0.0,37.733001708984375,37.15800094604492,37.5,0.0,10997000
2020-11-16,33.843841552734375,38.08100128173828,0.0,38.137001037597656,37.400001525878906,37.48099899291992,0.0,12100000
2020-11-17,33.82517623901367,38.060001373291016,0.0,38.24399948120117,37.702999114990234,37.86600112915039,0.0,11950000
2020-11-18,33.826961517333984,38.0620002746582,0.0,38.49399948120117,37.96200180053711,37.98899841308594,0.0,13517000
2020-11-19,34.15666961669922,38.43299865722656,0.0,38.48400115966797,37.435001373291016,37.77199935913086,0.0,14555000
2020-11-20,34.06779479980469,38.33300018310547,0.0,38.8849983215332,38.27000045776367,38.430999755859375,0.0,16140000
2020-11-23,34.393978118896484,38.70000076293945,0.0,38.915000915527344,38.29999923706055,38.5369987487793,0.0,12212000
2020-11-24,34.8587760925293,39.222999572753906,0.0,39.28099822998047,38.61800003051758,38.86199951171875,0.0,13455000
2020-11-25,34.734352111816406,39.08300018310547,0.0,39.54999923706055,38.900001525878906,39.284000396728516,0.0,11787000
2020-11-27,35.10051727294922,39.494998931884766,0.0,39.91699981689453,39.29999923706055,39.314998626708984,0.0,6846000
2020-11-30,35.68974685668945,40.15800094604492,0.0,40.215999603271484,39.27399826049805,39.402000427246094,0.0,15454000
2020-12-01,35.955474853515625,40.457000732421875,0.0,40.667999267578125,40.012001037597656,40.34600067138672,0.0,18181000
2020-12-02,35.88082504272461,40.37300109863281,0.0,40.54100036621094,40.111000061035156,40.4739990234375,0.0,10031000
2020-12-03,35.53154373168945,39.97999954223633,0.0,40.66400146484375,39.810001373291016,40.45000076293945,0.0,16120000
2020-12-04,36.58736801147461,41.167999267578125,0.0,41.2400016784668,40.23899841308594,40.2400016784668,0.0,20083000
2020-12-07,37.405887603759766,42.0890007019043,0.0,42.284000396728516,41.33399963378906,41.64099884033203,0.0,19707000
2020-12-08,37.62984085083008,42.340999603271484,0.0,42.66999816894531,41.816001892089844,41.928001403808594,0.0,18121000
2020-12-09,36.990848541259766,41.62200164794922,0.0,42.61000061035156,41.367000579833984,41.946998596191406,0.0,20908000
2020-12-10,36.441612243652344,41.00400161743164,0.0,41.525001525878906,40.80099868774414,41.14400100708008,0.0,26244000
2020-12-11,36.066566467285156,40.582000732421875,0.0,40.70000076293945,39.827999114990234,40.400001525878906,0.0,26664000
2020-12-14,36.5980339050293,41.18000030517578,0.0,41.43000030517578,40.599998474121094,40.65299987792969,0.0,26116000
2020-12-15,37.15437698364258,41.805999755859375,0.0,41.93899917602539,41.29899978637695,41.52799987792969,0.0,21207000
2020-12-16,37.762271881103516,42.4900016784668,0.0,42.71500015258789,41.69599914550781,41.79999923706055,0.0,23160000
2020-12-17,37.868919372558594,42.61000061035156,0.0,43.000999450683594,42.45500183105469,42.650001525878906,0.0,17152000
2020-12-18,38.949851989746094,43.45600128173828,0.36,43.564998626708984,42.20000076293945,42.47999954223633,0.0,45243000
2020-12-21,38.440757751464844,42.88800048828125,0.0,43.20000076293945,42.369998931884766,42.814998626708984,0.0,19096000
2020-12-22,38.81900405883789,43.310001373291016,0.0,43.35499954223633,42.79999923706055,42.88800048828125,0.0,17929000
2020-12-23,38.13421630859375,42.54600143432617,0.0,43.599998474121094,42.507999420166016,43.5,0.0,10533000
2020-12-24,38.6719970703125,43.145999908447266,0.0,43.20000076293945,42.75699996948242,42.8489990234375,0.0,4123000
2020-12-28,38.709651947021484,43.1879997253418,0.0,43.72700119018555,43.1150016784668,43.433998107910156,0.0,10625000
2020-12-29,38.455101013183594,42.90399932861328,0.0,43.58300018310547,42.67900085449219,43.58300018310547,0.0,9593000
2020-12-30,38.974063873291016,43.483001708984375,0.0,43.79999923706055,43.0099983215332,43.16699981689453,0.0,10553000
2020-12-31,39.24474334716797,43.78499984741211,0.0,43.849998474121094,43.30500030517578,43.63100051879883,0.0,10211000
2021-01-04,38.112701416015625,42.52199935913086,0.0,44.2239990234375,42.124000549316406,43.93299865722656,0.0,24171000
2021-01-05,38.370853424072266,42.810001373291016,0.0,42.93899917602539,42.2400016784668,42.505001068115234,0.0,15069000
2021-01-06,38.13421630859375,42.54600143432617,0.0,43.45800018310547,42.05400085449219,42.33000183105469,0.0,17226000
2021-01-07,39.74129867553711,44.3390007019043,0.0,44.45899963378906,43.060001373291016,43.20600128173828,0.0,21267000
2021-01-08,39.942970275878906,44.56399917602539,0.0,44.999000549316406,43.8650016784668,44.70000076293945,0.0,15271000
2021-01-11,39.9537239074707,44.57600021362305,0.0,44.87799835205078,44.04199981689453,44.06100082397461,0.0,11660000
2021-01-12,40.27907943725586,44.93899917602539,0.0,45.47600173950195,44.560001373291016,44.777000427246094,0.0,13846000
2021-01-13,40.44220733642578,45.12099838256836,0.0,45.3489990234375,44.81100082397461,45.029998779296875,0.0,13118000
2021-01-14,40.519287109375,45.207000732421875,0.0,45.849998474121094,45.132999420166016,45.35100173950195,0.0,19692000
2021-01-15,39.96178436279297,44.584999084472656,0.0,45.0,44.066001892089844,44.81800079345703,0.0,18165000
2021-01-19,41.16463088989258,45.926998138427734,0.0,45.94900131225586,44.827999114990234,44.827999114990234,0.0,18819000
2021-01-20,41.3985710144043,46.1879997253418,0.0,46.57899856567383,45.5,45.95199966430664,0.0,14710000
2021-01-21,41.84134292602539,46.68199920654297,0.0,46.946998596191406,46.040000915527344,46.21099853515625,0.0,15749000
2021-01-22,41.68000411987305,46.50199890136719,0.0,46.755001068115234,46.237998962402344,46.37200164794922,0.0,16248000
2021-01-25,41.65938949584961,46.479000091552734,0.0,47.0,45.608001708984375,46.95600128173828,0.0,14692000
2021-01-26,41.576934814453125,46.387001037597656,0.0,46.702999114990234,46.1879997253418,46.26499938964844,0.0,10742000
2021-01-27,39.85871887207031,44.470001220703125,0.0,45.69599914550781,44.1510009765625,45.55400085449219,0.0,21857000
2021-01-28,40.489715576171875,45.17399978637695,0.0,45.847999572753906,44.702999114990234,45.553001403808594,0.0,16946000
2021-01-29,40.378578186035156,45.04999923706055,0.0,45.810001373291016,44.76300048828125,44.9900016784668,0.0,22069000
2021-02-01,41.834171295166016,46.67399978637695,0.0,46.93199920654297,45.35900115966797,45.584999084472656,0.0,17027000
2021-02-02,42.74302673339844,47.6879997253418,0.0,47.696998596191406,46.79999923706055,46.97600173950195,0.0,16141000
2021-02-03,41.69525146484375,46.51900100708008,0.0,47.85200119018555,46.45899963378906,47.69300079345703,0.0,17857000
2021-02-04,42.18284225463867,47.0629997253418,0.0,47.11600112915039,45.74800109863281,46.0,0.0,15243000
2021-02-05,41.76875305175781,46.60100173950195,0.0,47.69200134277344,46.5359992980957,47.43299865722656,0.0,12488000
2021-02-08,42.36837387084961,47.27000045776367,0.0,47.34199905395508,46.55799865722656,46.875,0.0,17610000
2021-02-09,42.54136276245117,47.4630012512207,0.0,47.51900100708008,46.86199951171875,47.20000076293945,0.0,12758000
2021-02-10,42.1308479309082,47.005001068115234,0.0,47.749000549316406,46.54899978637695,47.72100067138672,0.0,14587000
2021-02-11,42.87835693359375,47.8390007019043,0.0,47.935001373291016,46.91899871826172,47.36899948120117,0.0,17123000
2021-02-12,43.589134216308594,48.63199996948242,0.0,48.70199966430664,47.48899841308594,47.8380012512207,0.0,13551000
2021-02-16,43.84099578857422,48.91299819946289,0.0,49.47800064086914,48.70199966430664,49.0880012512207,0.0,15163000
2021-02-17,43.24496078491211,48.24800109863281,0.0,48.61199951171875,47.50600051879883,48.42300033569336,0.0,14084000
2021-02-18,43.31486892700195,48.32600021362305,0.0,48.54100036621094,47.51300048828125,48.02299880981445,0.0,16715000
2021-02-19,43.91539001464844,48.99599838256836,0.0,49.513999938964844,48.676998138427734,48.724998474121094,0.0,17992000
2021-02-22,42.69641876220703,47.63600158691406,0.0,48.6609992980957,47.53200149536133,48.400001525878906,0.0,16967000
2021-02-23,42.29666519165039,47.189998626708984,0.0,47.46200180053711,45.60599899291992,47.11399841308594,0.0,21303000
2021-02-24,43.1015510559082,48.0880012512207,0.0,48.14099884033203,46.26599884033203,46.768001556396484,0.0,15125000
2021-02-25,40.975502014160156,45.715999603271484,0.0,47.9379997253418,45.520999908447266,47.474998474121094,0.0,23148000
2021-02-26,42.11471176147461,46.98699951171875,0.0,47.57600021362305,46.07400131225586,46.75299835205078,0.0,22640000
2021-03-01,43.8813362121582,48.95800018310547,0.0,49.0,47.38600158691406,47.970001220703125,0.0,24677000
2021-03-02,43.068382263183594,48.05099868774414,0.0,49.08599853515625,47.959999084472656,49.0369987487793,0.0,18546000
2021-03-03,41.50433349609375,46.305999755859375,0.0,48.138999938964844,46.196998596191406,47.79999923706055,0.0,23991000
2021-03-04,39.75922393798828,44.35900115966797,0.0,46.70000076293945,44.143001556396484,46.16699981689453,0.0,34575000
2021-03-05,40.3463020324707,45.013999938964844,0.0,45.599998474121094,43.29999923706055,45.42499923706055,0.0,42414000
2021-03-08,37.756874084472656,42.125,0.0,44.79600143432617,41.92599868774414,44.68299865722656,0.0,45243000
2021-03-09,39.7601203918457,44.36000061035156,0.0,44.689998626708984,43.060001373291016,43.569000244140625,0.0,37884000
2021-03-10,39.22144317626953,43.75899887084961,0.0,45.40299987792969,43.5099983215332,44.73500061035156,0.0,19914000
2021-03-11,40.66448974609375,45.36899948120117,0.0,45.744998931884766,44.20899963378906,44.902000427246094,0.0,26170000
2021-03-12,40.438636779785156,45.117000579833984,0.0,45.3489990234375,44.45199966430664,44.5359992980957,0.0,18906000
2021-03-15,42.19537353515625,47.07699966430664,0.0,47.12300109863281,45.319000244140625,45.518001556396484,0.0,31241000
2021-03-16,42.85953903198242,47.81800079345703,0.0,48.400001525878906,46.74100112915039,47.12699890136719,0.0,31190000
2021-03-17,43.34445571899414,48.35900115966797,0.0,48.72700119018555,47.000999450683594,47.029998779296875,0.0,23754000
2021-03-18,41.60202407836914,46.415000915527344,0.0,48.334999084472656,46.375,47.45600128173828,0.0,28728000
2021-03-19,42.85853958129883,47.44599914550781,0.36,47.667999267578125,45.40999984741211,45.70500183105469,0.0,108602000
2021-03-22,42.9326057434082,47.52799987792969,0.0,48.12799835205078,47.16699981689453,47.29100036621094,0.0,31805000
2021-03-23,41.91908645629883,46.40599822998047,0.0,47.5369987487793,46.26499938964844,47.37799835205078,0.0,24712000
2021-03-24,41.30574417114258,45.72700119018555,0.0,46.999000549316406,45.6870002746582,46.94499969482422,0.0,20882000
2021-03-25,41.705909729003906,46.16999816894531,0.0,46.402000427246094,44.930999755859375,45.49599838256836,0.0,17537000
2021-03-26,43.54324722290039,48.20399856567383,0.0,48.29999923706055,45.66400146484375,45.66400146484375,0.0,28925000
2021-03-29,42.692325592041016,47.262001037597656,0.0,48.11600112915039,46.82699966430664,48.040000915527344,0.0,28410000
2021-03-30,41.20547103881836,45.61600112915039,0.0,46.400001525878906,45.1619987487793,46.38800048828125,0.0,27935000
2021-03-31,41.882957458496094,46.36600112915039,0.0,46.707000732421875,45.2400016784668,45.900001525878906,0.0,28684000
2021-04-01,42.99312973022461,47.595001220703125,0.0,47.65800094604492,46.91999816894531,47.207000732421875,0.0,23528000
2021-04-05,44.12498474121094,48.847999572753906,0.0,48.9640007019043,47.68199920654297,48.029998779296875,0.0,22966000
2021-04-06,43.708553314208984,48.387001037597656,0.0,48.821998596191406,47.77399826049805,48.3120002746582,0.0,18063000
2021-04-07,43.58118438720703,48.24599838256836,0.0,48.39099884033203,47.79999923706055,48.000999450683594,0.0,12074000
2021-04-08,43.85398864746094,48.54800033569336,0.0,48.79800033569336,48.012001037597656,48.79800033569336,0.0,18121000
2021-04-09,43.818756103515625,48.50899887084961,0.0,48.53099822998047,47.65399932861328,48.0,0.0,16614000
2021-04-12,43.69049072265625,48.367000579833984,0.0,48.54199981689453,47.86000061035156,48.19300079345703,0.0,23247000
2021-04-13,43.807010650634766,48.49599838256836,0.0,48.821998596191406,48.02899932861328,48.5,0.0,15281000
2021-04-14,43.11507797241211,47.72999954223633,0.0,48.91899871826172,47.51900100708008,48.24700164794922,0.0,18220000
2021-04-15,43.35897445678711,48.0,0.0,48.23099899291992,47.678001403808594,48.16400146484375,0.0,18370000
2021-04-16,43.249671936035156,47.87900161743164,0.0,48.178001403808594,47.678001403808594,48.04800033569336,0.0,16263000
2021-04-19,41.73301315307617,46.20000076293945,0.0,47.68000030517578,46.005001068115234,47.65299987792969,0.0,26319000
2021-04-20,41.30483627319336,45.72600173950195,0.0,46.202999114990234,45.45399856567383,46.000999450683594,0.0,19128000
2021-04-21,41.53337478637695,45.979000091552734,0.0,46.034000396728516,45.2599983215332,45.52199935913086,0.0,25947000
2021-04-22,41.110633850097656,45.51100158691406,0.0,46.11399841308594,44.900001525878906,45.5099983215332,0.0,27057000
2021-04-23,42.106075286865234,46.612998962402344,0.0,46.78499984741211,45.75,45.8489990234375,0.0,22890000
2021-04-26,42.622772216796875,47.185001373291016,0.0,47.382999420166016,46.356998443603516,46.70199966430664,0.0,18271000
2021-04-27,42.12594223022461,46.6349983215332,0.0,47.42599868774414,46.50600051879883,47.369998931884766,0.0,13267000
2021-04-28,41.48008346557617,45.91999816894531,0.0,46.59700012207031,45.60499954223633,46.5369987487793,0.0,15940000
2021-04-29,42.12053298950195,46.62900161743164,0.0,46.96900177001953,45.90299987792969,46.96900177001953,0.0,14650000
2021-04-30,41.209083557128906,45.619998931884766,0.0,46.073001861572266,45.38399887084961,45.97100067138672,0.0,19367000
2021-05-03,40.66167449951172,45.013999938964844,0.0,45.98400115966797,44.827999114990234,45.974998474121094,0.0,15098000
2021-05-04,40.15582275390625,44.45399856567383,0.0,44.77000045776367,43.73099899291992,44.72200012207031,0.0,23497000
2021-05-05,40.09169387817383,44.382999420166016,0.0,45.14400100708008,44.23699951171875,45.04100036621094,0.0,16388000
2021-05-06,40.52077102661133,44.858001708984375,0.0,44.909000396728516,43.98400115966797,44.380001068115234,0.0,13495000
2021-05-07,40.88209533691406,45.257999420166016,0.0,45.8380012512207,44.91999816894531,45.45899963378906,0.0,11712000
2021-05-10,39.3934326171875,43.61000061035156,0.0,44.85300064086914,43.57699966430664,44.8380012512207,0.0,25239000
2021-05-11,39.752044677734375,44.00699996948242,0.0,44.17599868774414,42.30500030517578,42.5,0.0,17887000
2021-05-12,38.154090881347656,42.237998962402344,0.0,43.08599853515625,41.91400146484375,42.92900085449219,0.0,29940000
2021-05-13,38.896602630615234,43.060001373291016,0.0,43.481998443603516,42.56399917602539,42.98899841308594,0.0,21841000
2021-05-14,39.89206314086914,44.1619987487793,0.0,44.512001037597656,43.20500183105469,43.638999938964844,0.0,16964000
2021-05-17,39.74029541015625,43.99399948120117,0.0,44.2140007019043,43.284000396728516,44.2140007019043,0.0,15725000
2021-05-18,39.18025588989258,43.374000549316406,0.0,44.444000244140625,43.327999114990234,44.391998291015625,0.0,17824000
2021-05-19,39.901100158691406,44.172000885009766,0.0,44.25,42.56999969482422,42.599998474121094,0.0,21369000
2021-05-20,41.100685119628906,45.5,0.0,45.93000030517578,44.53300094604492,44.57500076293945,0.0,21886000
2021-05-21,40.761043548583984,45.124000549316406,0.0,45.79899978637695,44.933998107910156,45.79899978637695,0.0,13216000
2021-05-24,41.479183197021484,45.91899871826172,0.0,46.24399948120117,45.63600158691406,45.69200134277344,0.0,14420000
2021-05-25,41.51079559326172,45.95399856567383,0.0,46.29600143432617,45.650001525878906,46.189998626708984,0.0,9600000
2021-05-26,41.596614837646484,46.04899978637695,0.0,46.209999084472656,45.553001403808594,46.07699966430664,0.0,9873000
2021-05-27,42.24610900878906,46.768001556396484,0.0,46.84400177001953,45.96500015258789,46.0,0.0,19098000
2021-05-28,42.666133880615234,47.233001708984375,0.0,47.46200180053711,46.768001556396484,47.0,0.0,19946000
2021-06-01,42.303001403808594,46.83100128173828,0.0,47.79999923706055,46.720001220703125,47.54399871826172,0.0,16277000
2021-06-02,42.7925910949707,47.37300109863281,0.0,47.77000045776367,46.946998596191406,47.18299865722656,0.0,13286000
2021-06-03,41.98592758178711,46.47999954223633,0.0,46.97600173950195,46.32600021362305,46.880001068115234,0.0,20389000
2021-06-04,42.90732192993164,47.5,0.0,47.84000015258789,46.95199966430664,47.04999923706055,0.0,23865000
2021-06-07,41.893798828125,46.37799835205078,0.0,47.448001861572266,46.24700164794922,47.29999923706055,0.0,24142000
2021-06-08,41.8712158203125,46.35300064086914,0.0,47.23899841308594,46.35100173950195,46.80500030517578,0.0,16615000
2021-06-09,41.90735626220703,46.393001556396484,0.0,46.71900177001953,46.172000885009766,46.71900177001953,0.0,12126000
2021-06-10,42.33552169799805,46.867000579833984,0.0,46.95399856567383,46.020999908447266,46.54999923706055,0.0,15413000
2021-06-11,42.518898010253906,47.06999969482422,0.0,47.2130012512207,46.71500015258789,46.84400177001953,0.0,14508000
2021-06-14,42.98229217529297,47.58300018310547,0.0,47.59000015258789,46.60599899291992,47.04899978637695,0.0,14675000
2021-06-15,42.52251052856445,47.07400131225586,0.0,47.65700149536133,46.85499954223633,47.65599822998047,0.0,11131000
2021-06-16,42.07175064086914,46.57500076293945,0.0,47.11199951171875,46.14799880981445,47.027000427246094,0.0,20437000
2021-06-17,42.56134033203125,47.117000579833984,0.0,47.52399826049805,46.39400100708008,46.487998962402344,0.0,20881000
2021-06-18,41.86850357055664,46.349998474121094,0.0,46.97600173950195,46.05099868774414,46.72700119018555,0.0,28537000
2021-06-21,42.29729080200195,46.46099853515625,0.36,46.53799819946289,45.84400177001953,46.117000579833984,0.0,18591000
2021-06-22,42.2827262878418,46.44499969482422,0.0,46.858001708984375,46.13199996948242,46.65800094604492,0.0,13722000
2021-06-23,42.483917236328125,46.66600036621094,0.0,46.78799819946289,46.30400085449219,46.38600158691406,0.0,17674000
2021-06-24,42.7934455871582,47.00600051879883,0.0,47.3650016784668,46.86000061035156,46.98899841308594,0.0,12502000
2021-06-25,42.0778923034668,46.220001220703125,0.0,47.244998931884766,46.0,47.1349983215332,0.0,19100000
2021-06-28,43.04289245605469,47.279998779296875,0.0,47.62900161743164,46.55099868774414,46.599998474121094,0.0,13987000
2021-06-29,43.43891143798828,47.71500015258789,0.0,47.73099899291992,47.07400131225586,47.23699951171875,0.0,14184000
2021-06-30,43.41069412231445,47.683998107910156,0.0,47.85900115966797,47.25299835205078,47.8129997253418,0.0,15381000
2021-07-01,42.755218505859375,46.9640007019043,0.0,47.784000396728516,46.893001556396484,47.784000396728516,0.0,11153000
2021-07-02,42.62139129638672,46.81700134277344,0.0,47.858001708984375,45.57099914550781,47.676998138427734,0.0,37054000
2021-07-06,43.08658981323242,47.327999114990234,0.0,47.67499923706055,46.83000183105469,47.040000915527344,0.0,13870000
2021-07-07,42.74611282348633,46.95399856567383,0.0,47.5359992980957,46.637001037597656,47.5,0.0,12581000
2021-07-08,42.83350372314453,47.04999923706055,0.0,47.108001708984375,46.15599822998047,46.44200134277344,0.0,16011000
2021-07-09,43.71476364135742,48.018001556396484,0.0,48.0880012512207,46.803001403808594,46.957000732421875,0.0,16782000
2021-07-12,44.22183609008789,48.57500076293945,0.0,49.402000427246094,47.32600021362305,48.13199996948242,0.0,33142000
2021-07-13,44.063438415527344,48.4010009765625,0.0,48.75299835205078,48.20000076293945,48.53300094604492,0.0,11806000
2021-07-14,43.84312057495117,48.159000396728516,0.0,49.20000076293945,48.07500076293945,48.91999816894531,0.0,14020000
2021-07-15,43.45622634887695,47.73400115966797,0.0,48.44499969482422,47.3120002746582,48.327999114990234,0.0,12624000
2021-07-16,42.612281799316406,46.80699920654297,0.0,48.02799987792969,46.72600173950195,47.90599822998047,0.0,13980000
2021-07-19,42.393798828125,46.56700134277344,0.0,46.59700012207031,45.75899887084961,46.347999572753906,0.0,14938000
2021-07-20,42.65963363647461,46.85900115966797,0.0,47.224998474121094,46.32699966430664,46.78900146484375,0.0,20727000
2021-07-21,43.609153747558594,47.902000427246094,0.0,47.928001403808594,46.849998474121094,46.9630012512207,0.0,13660000
2021-07-22,43.36426544189453,47.632999420166016,0.0,47.89899826049805,47.45100021362305,47.65999984741211,0.0,12583000
2021-07-23,43.985145568847656,48.314998626708984,0.0,48.358001708984375,47.68299865722656,48.00299835205078,0.0,13489000
2021-07-26,43.90230941772461,48.2239990234375,0.0,48.36199951171875,47.96799850463867,48.215999603271484,0.0,11160000
2021-07-27,43.27595520019531,47.5359992980957,0.0,48.180999755859375,46.779998779296875,48.07600021362305,0.0,14715000
2021-07-28,43.48443603515625,47.76499938964844,0.0,47.90800094604492,47.43199920654297,47.66999816894531,0.0,8359000
2021-07-29,44.07254409790039,48.4109992980957,0.0,48.58300018310547,47.74399948120117,47.84700012207031,0.0,9162000
2021-07-30,44.189979553222656,48.540000915527344,0.0,48.63399887084961,47.957000732421875,48.19599914550781,0.0,11548000
2021-08-02,44.124427795410156,48.46799850463867,0.0,49.459999084472656,48.35100173950195,48.904998779296875,0.0,15619000
2021-08-03,44.3165283203125,48.67900085449219,0.0,48.7760009765625,47.99599838256836,48.54899978637695,0.0,11135000
2021-08-04,44.40847396850586,48.779998779296875,0.0,48.99800109863281,48.4010009765625,48.85300064086914,0.0,12123000
2021-08-05,44.396636962890625,48.766998291015625,0.0,49.042999267578125,48.48899841308594,49.042999267578125,0.0,8372000
2021-08-06,44.19270706176758,48.542999267578125,0.0,48.8120002746582,48.40299987792969,48.50699996948242,0.0,9964000
2021-08-09,44.124427795410156,48.46799850463867,0.0,48.68299865722656,48.099998474121094,48.64899826049805,0.0,5952000
2021-08-10,43.904117584228516,48.22600173950195,0.0,48.64500045776367,47.78300094604492,48.59000015258789,0.0,9319000
2021-08-11,44.02155685424805,48.35499954223633,0.0,48.59700012207031,47.979000091552734,48.48099899291992,0.0,9816000
2021-08-12,44.08620071411133,48.42599868774414,0.0,48.5,47.67300033569336,48.22800064086914,0.0,8702000
2021-08-13,44.25917053222656,48.61600112915039,0.0,48.89699935913086,48.21099853515625,48.26100158691406,0.0,8582000
2021-08-16,44.43941879272461,48.81399917602539,0.0,48.89099884033203,48.439998626708984,48.483001708984375,0.0,9188000
2021-08-17,43.5791130065918,47.86899948120117,0.0,48.62200164794922,47.45199966430664,48.558998107910156,0.0,16499000
2021-08-18,42.69422912597656,46.89699935913086,0.0,47.70800018310547,46.834999084472656,47.665000915527344,0.0,15616000
2021-08-19,43.10935592651367,47.35300064086914,0.0,47.58300018310547,46.26599884033203,46.6349983215332,0.0,14044000
2021-08-20,43.25865936279297,47.516998291015625,0.0,47.62300109863281,47.04399871826172,47.28200149536133,0.0,10007000
2021-08-23,43.92142105102539,48.244998931884766,0.0,48.61899948120117,47.56999969482422,47.632999420166016,0.0,15707000
2021-08-24,43.828556060791016,48.143001556396484,0.0,48.30400085449219,48.01599884033203,48.2400016784668,0.0,9429000
2021-08-25,44.00881576538086,48.340999603271484,0.0,48.62699890136719,48.15700149536133,48.15700149536133,0.0,10017000
2021-08-26,44.2209358215332,48.57400131225586,0.0,48.81100082397461,48.060001373291016,48.29999923706055,0.0,10836000
2021-08-27,45.149532318115234,49.59400177001953,0.0,49.64400100708008,48.66400146484375,48.80099868774414,0.0,16459000
2021-08-30,45.4180793762207,49.888999938964844,0.0,50.78499984741211,49.82500076293945,50.0,0.0,19614000
2021-08-31,45.265140533447266,49.72100067138672,0.0,50.12900161743164,49.27000045776367,50.12900161743164,0.0,17378000
2021-09-01,44.89643478393555,49.316001892089844,0.0,49.92399978637695,49.28900146484375,49.62699890136719,0.0,12586000
2021-09-02,44.7817268371582,49.189998626708984,0.0,49.597999572753906,49.01599884033203,49.57899856567383,0.0,16991000
2021-09-03,45.307926177978516,49.768001556396484,0.0,50.599998474121094,49.50400161743164,49.590999603271484,0.0,25191000
2021-09-07,45.20869827270508,49.659000396728516,0.0,49.7599983215332,49.099998474121094,49.7599983215332,0.0,12398000
2021-09-08,45.00749969482422,49.4379997253418,0.0,49.98899841308594,48.81100082397461,49.96200180053711,0.0,13987000
2021-09-09,44.92648696899414,49.3489990234375,0.0,49.869998931884766,49.28499984741211,49.28499984741211,0.0,13174000
2021-09-10,45.3507194519043,49.814998626708984,0.0,50.5989990234375,49.6510009765625,49.70500183105469,0.0,16110000
2021-09-13,45.424461364746094,49.895999908447266,0.0,50.24700164794922,49.32600021362305,50.20000076293945,0.0,14927000
2021-09-14,45.68938064575195,50.1870002746582,0.0,50.54199981689453,49.83599853515625,50.20000076293945,0.0,14134000
2021-09-15,46.405845642089844,50.9739990234375,0.0,51.06999969482422,49.94200134277344,50.21200180053711,0.0,23346000
2021-09-16,46.18827438354492,50.73500061035156,0.0,50.915000915527344,50.020999908447266,50.52000045776367,0.0,17569000
2021-09-17,46.065364837646484,50.599998474121094,0.0,50.762001037597656,50.099998474121094,50.39699935913086,0.0,34470000
2021-09-20,45.04756164550781,49.481998443603516,0.0,50.29999923706055,48.84400177001953,49.900001525878906,0.0,30105000
2021-09-21,45.0264778137207,49.0989990234375,0.36,49.375,48.70000076293945,49.3489990234375,0.0,16935000
2021-09-22,45.906837463378906,50.058998107910156,0.0,50.29999923706055,49.22200012207031,49.42499923706055,0.0,20610000
2021-09-23,46.2470703125,50.43000030517578,0.0,50.729000091552734,50.058998107910156,50.250999450683594,0.0,18370000
2021-09-24,46.303924560546875,50.492000579833984,0.0,50.54999923706055,50.08300018310547,50.22700119018555,0.0,10605000
2021-09-27,46.297508239746094,50.48500061035156,0.0,50.582000732421875,49.737998962402344,49.97800064086914,0.0,9831000
2021-09-28,45.02922821044922,49.10200119018555,0.0,50.14500045776367,49.05400085449219,49.70000076293945,0.0,20124000
2021-09-29,44.88800048828125,48.948001861572266,0.0,49.426998138427734,48.76499938964844,49.362998962402344,0.0,15783000
2021-09-30,44.470741271972656,48.49300003051758,0.0,49.45199966430664,48.448001861572266,49.45199966430664,0.0,15735000
2021-10-01,44.69266128540039,48.73500061035156,0.0,48.86600112915039,47.75,48.78499984741211,0.0,16052000
2021-10-04,43.6472282409668,47.595001220703125,0.0,48.65599822998047,47.27799987792969,48.49300003051758,0.0,20093000
2021-10-05,44.51567077636719,48.54199981689453,0.0,48.979000091552734,47.53300094604492,47.59400177001953,0.0,16557000
2021-10-06,44.82380294799805,48.87799835205078,0.0,48.935001373291016,47.970001220703125,48.3129997253418,0.0,12042000
2021-10-07,45.295162200927734,49.391998291015625,0.0,49.9900016784668,49.26300048828125,49.26300048828125,0.0,13261000
2021-10-08,45.197052001953125,49.28499984741211,0.0,49.79999923706055,49.12799835205078,49.68199920654297,0.0,10279000
2021-10-11,45.15027618408203,49.23400115966797,0.0,49.95899963378906,49.084999084472656,49.124000549316406,0.0,11186000
2021-10-12,44.50284194946289,48.52799987792969,0.0,49.66999816894531,48.20199966430664,49.58399963378906,0.0,20991000
2021-10-13,44.478065490722656,48.500999450683594,0.0,48.53799819946289,47.95500183105469,48.117000579833984,0.0,16424000
2021-10-14,45.63264465332031,49.7599983215332,0.0,49.915000915527344,49.082000732421875,49.18600082397461,0.0,19233000
2021-10-15,46.15077209472656,50.32500076293945,0.0,50.58599853515625,50.108001708984375,50.439998626708984,0.0,25103000
2021-10-18,46.16086959838867,50.33599853515625,0.0,50.39799880981445,49.86600112915039,50.03900146484375,0.0,16042000
2021-10-19,46.80555725097656,51.03900146484375,0.0,51.08700180053711,50.176998138427734,50.43199920654297,0.0,16383000
2021-10-20,46.71385192871094,50.93899917602539,0.0,51.34299850463867,50.84400177001953,51.099998474121094,0.0,13458000
2021-10-21,47.150367736816406,51.415000915527344,0.0,51.479000091552734,50.86000061035156,50.94200134277344,0.0,11787000
2021-10-22,47.26592254638672,51.54100036621094,0.0,52.13800048828125,51.301998138427734,51.4739990234375,0.0,15367000
2021-10-25,47.87667465209961,52.207000732421875,0.0,52.45000076293945,51.518001556396484,51.749000549316406,0.0,12416000
2021-10-26,48.958805084228516,53.387001037597656,0.0,53.499000549316406,52.400001525878906,52.52299880981445,0.0,24043000
2021-10-27,47.97205352783203,52.31100082397461,0.0,53.606998443603516,52.18600082397461,53.18199920654297,0.0,23500000
2021-10-28,48.56446075439453,52.957000732421875,0.0,52.994998931884766,52.34299850463867,52.41400146484375,0.0,11872000
2021-10-29,48.75705337524414,53.16699981689453,0.0,53.21500015258789,52.349998474121094,52.349998474121094,0.0,15564000
2021-11-01,48.42508316040039,52.80500030517578,0.0,53.257999420166016,52.49300003051758,53.034000396728516,0.0,16896000
2021-11-02,49.25225830078125,53.707000732421875,0.0,54.082000732421875,52.667999267578125,52.744998931884766,0.0,16262000
2021-11-03,49.7382926940918,54.23699951171875,0.0,54.37900161743164,53.37699890136719,53.904998779296875,0.0,14038000
2021-11-04,50.31145095825195,54.86199951171875,0.0,54.90700149536133,54.09199905395508,54.380001068115234,0.0,15956000
2021-11-05,51.25602340698242,55.891998291015625,0.0,55.96699905395508,54.98099899291992,55.0,0.0,18674000
2021-11-08,51.25878143310547,55.89500045776367,0.0,56.388999938964844,55.810001373291016,56.196998596191406,0.0,17231000
2021-11-09,51.1533088684082,55.779998779296875,0.0,56.189998626708984,55.513999938964844,55.91899871826172,0.0,15838000
2021-11-10,50.32521438598633,54.87699890136719,0.0,56.09000015258789,54.80500030517578,55.43000030517578,0.0,18450000
2021-11-11,50.93321228027344,55.540000915527344,0.0,55.71200180053711,54.88100051879883,55.26900100708008,0.0,14157000
2021-11-12,51.65035629272461,56.321998596191406,0.0,56.58399963378906,55.45899963378906,55.840999603271484,0.0,13592000
2021-11-15,51.88420486450195,56.57699966430664,0.0,56.76900100708008,55.983001708984375,56.76900100708008,0.0,13972000
2021-11-16,52.15932846069336,56.87699890136719,0.0,56.952999114990234,56.27399826049805,56.409000396728516,0.0,13194000
2021-11-17,52.239105224609375,56.9640007019043,0.0,57.13600158691406,56.40999984741211,56.81399917602539,0.0,12532000
2021-11-18,52.71322250366211,57.48099899291992,0.0,57.67300033569336,56.9640007019043,57.11000061035156,0.0,12712000
2021-11-19,52.15474319458008,56.87200164794922,0.0,57.72100067138672,56.59299850463867,57.62799835205078,0.0,19612000
2021-11-22,50.738800048828125,55.327999114990234,0.0,57.20399856567383,55.24800109863281,57.167999267578125,0.0,25898000
2021-11-23,50.90754318237305,55.512001037597656,0.0,55.58599853515625,54.85300064086914,55.242000579833984,0.0,17109000
2021-11-24,51.23859786987305,55.87300109863281,0.0,55.90800094604492,54.73899841308594,55.323001861572266,0.0,12084000
2021-11-26,50.12529754638672,54.659000396728516,0.0,55.72999954223633,54.332000732421875,55.176998138427734,0.0,14219000
2021-11-29,51.75306701660156,56.433998107910156,0.0,56.755001068115234,55.36800003051758,55.619998931884766,0.0,18703000
2021-11-30,50.77549362182617,55.36800003051758,0.0,56.499000549316406,55.20000076293945,56.32699966430664,0.0,22574000
2021-12-01,50.874534606933594,55.47600173950195,0.0,56.847999572753906,55.33300018310547,56.347999572753906,0.0,21980000
2021-12-02,50.66269302368164,55.244998931884766,0.0,55.9109992980957,54.400001525878906,54.606998443603516,0.0,22619000
2021-12-03,51.18265914916992,55.8120002746582,0.0,56.900001525878906,55.040000915527344,56.49399948120117,0.0,20305000
2021-12-06,51.81175994873047,56.49800109863281,0.0,56.83700180053711,55.595001220703125,56.46500015258789,0.0,22482000
2021-12-07,54.14291763305664,59.040000915527344,0.0,59.30699920654297,57.20000076293945,57.20000076293945,0.0,29562000
2021-12-08,53.97416687011719,58.85599899291992,0.0,59.09400177001953,58.24300003051758,59.09400177001953,0.0,17998000
2021-12-09,53.502811431884766,58.34199905395508,0.0,59.02399826049805,58.244998931884766,58.244998931884766,0.0,29080000
2021-12-10,57.92851257324219,63.167999267578125,0.0,64.4749984741211,61.85900115966797,62.39799880981445,0.0,57087000
2021-12-13,57.009620666503906,62.16600036621094,0.0,63.44200134277344,62.12300109863281,63.400001525878906,0.0,26898000
2021-12-14,56.39061737060547,61.49100112915039,0.0,61.86199951171875,60.56399917602539,61.784000396728516,0.0,35956000
2021-12-15,58.678672790527344,63.986000061035156,0.0,64.08599853515625,61.034000396728516,61.55699920654297,0.0,29092000
2021-12-16,56.919761657714844,62.06800079345703,0.0,64.06600189208984,61.150001525878906,63.736000061035156,0.0,42748000
2021-12-17,58.22930908203125,63.49599838256836,0.0,63.999000549316406,61.5099983215332,61.75299835205078,0.0,50661000
2021-12-20,59.15278625488281,64.50299835205078,0.0,64.60900115966797,62.50899887084961,62.630001068115234,0.0,32770000
2021-12-21,59.642845153808594,64.6240005493164,0.41,64.9469985961914,63.33000183105469,64.80999755859375,0.0,36534000
2021-12-22,60.469783782958984,65.5199966430664,0.0,65.71600341796875,63.92599868774414,64.33200073242188,0.0,28383000
2021-12-23,61.35580062866211,66.4800033569336,0.0,67.072998046875,65.61299896240234,65.61299896240234,0.0,23596000
2021-12-27,62.23072052001953,67.4280014038086,0.0,67.62999725341797,66.44599914550781,66.4800033569336,0.0,19442000
2021-12-28,61.7434196472168,66.9000015258789,0.0,67.7760009765625,66.7030029296875,67.75499725341797,0.0,17247000
2021-12-29,62.076595306396484,67.26100158691406,0.0,67.69999694824219,66.91200256347656,66.9800033569336,0.0,14797000
2021-12-30,61.38163757324219,66.50800323486328,0.0,67.56999969482422,66.38400268554688,67.30999755859375,0.0,11473000
2021-12-31,61.41209030151367,66.54100036621094,0.0,67.13099670410156,66.3270034790039,66.6969985961914,0.0,12046000
2022-01-03,61.21921157836914,66.33200073242188,0.0,67.16999816894531,66.12200164794922,66.63200378417969,0.0,22591000
2022-01-04,61.92061996459961,67.09200286865234,0.0,67.21900177001953,65.7229995727539,66.28800201416016,0.0,21103000
2022-01-05,59.34383010864258,64.30000305175781,0.0,67.12100219726562,64.20099639892578,67.12100219726562,0.0,34961000
2022-01-06,58.7928466796875,63.702999114990234,0.0,64.86499786376953,63.44300079345703,64.01599884033203,0.0,28581000
2022-01-07,57.142662048339844,61.915000915527344,0.0,63.99100112915039,61.84600067138672,63.584999084472656,0.0,27832000
2022-01-10,57.32816696166992,62.11600112915039,0.0,62.20399856567383,60.356998443603516,60.88600158691406,0.0,29793000
2022-01-11,57.410308837890625,62.20500183105469,0.0,62.79999923706055,61.457000732421875,61.55400085449219,0.0,19037000
2022-01-12,57.40568923950195,62.20000076293945,0.0,63.0989990234375,61.9739990234375,62.750999450683594,0.0,18806000
2022-01-13,55.115928649902344,59.71900177001953,0.0,62.78799819946289,59.415000915527344,62.74700164794922,0.0,30048000
2022-01-14,55.040245056152344,59.637001037597656,0.0,60.03799819946289,59.20000076293945,59.577999114990234,0.0,25661000
2022-01-18,53.325462341308594,57.77899932861328,0.0,59.104000091552734,57.5989990234375,58.832000732421875,0.0,35825000
2022-01-19,52.04998016357422,56.39699935913086,0.0,58.472999572753906,56.33300018310547,58.15800094604492,0.0,22692000
2022-01-20,50.55023956298828,54.77199935913086,0.0,57.013999938964844,54.676998138427734,56.79999923706055,0.0,25225000
2022-01-21,49.212921142578125,53.323001861572266,0.0,55.540000915527344,53.13399887084961,54.66400146484375,0.0,38010000
2022-01-24,49.98356246948242,54.15800094604492,0.0,54.35100173950195,51.34000015258789,53.0890007019043,0.0,54256000
2022-01-25,49.296905517578125,53.41400146484375,0.0,54.540000915527344,52.422000885009766,52.79999923706055,0.0,38158000
2022-01-26,51.417781829833984,55.71200180053711,0.0,57.41699981689453,55.00699996948242,55.20000076293945,0.0,49715000
2022-01-27,50.05093002319336,54.23099899291992,0.0,57.0260009765625,54.10300064086914,56.97200012207031,0.0,34183000
2022-01-28,51.692806243896484,56.0099983215332,0.0,56.04999923706055,53.23899841308594,54.33599853515625,0.0,30254000
2022-01-31,54.07210159301758,58.5880012512207,0.0,58.637001037597656,55.599998474121094,55.939998626708984,0.0,40288000
2022-02-01,54.7033805847168,59.27199935913086,0.0,59.38999938964844,57.582000732421875,58.58700180053711,0.0,25719000
2022-02-02,55.69182586669922,60.34299850463867,0.0,60.47999954223633,59.362998962402344,59.900001525878906,0.0,24443000
2022-02-03,53.607872009277344,58.084999084472656,0.0,59.902000427246094,58.012001037597656,59.56700134277344,0.0,30602000
2022-02-04,54.46711349487305,59.01599884033203,0.0,59.65299987792969,57.61399841308594,57.63800048828125,0.0,20548000
2022-02-07,54.23361587524414,58.76300048828125,0.0,60.15800094604492,58.41600036621094,59.01599884033203,0.0,18671000
2022-02-08,55.395572662353516,60.02199935913086,0.0,60.185001373291016,58.69900131225586,58.8380012512207,0.0,14570000
2022-02-09,56.42185592651367,61.13399887084961,0.0,61.172000885009766,60.15599822998047,60.73500061035156,0.0,22004000
2022-02-10,54.57786560058594,59.13600158691406,0.0,61.4640007019043,58.856998443603516,59.529998779296875,0.0,24920000
2022-02-11,52.922149658203125,57.34199905395508,0.0,59.97600173950195,56.90800094604492,59.13600158691406,0.0,27281000
2022-02-14,53.39836883544922,57.858001708984375,0.0,58.28099822998047,57.00699996948242,57.5,0.0,19291000
2022-02-15,55.63092041015625,60.277000427246094,0.0,60.604000091552734,58.82500076293945,58.90299987792969,0.0,34284000
2022-02-16,55.117767333984375,59.72100067138672,0.0,60.08100128173828,58.72200012207031,59.40599822998047,0.0,22931000
2022-02-17,53.4371337890625,57.900001525878906,0.0,59.15800094604492,57.888999938964844,58.970001220703125,0.0,21424000
2022-02-18,53.52849578857422,57.999000549316406,0.0,58.77399826049805,57.327999114990234,58.09400177001953,0.0,19708000
2022-02-22,53.29500198364258,57.74599838256836,0.0,59.020999908447266,56.98099899291992,57.999000549316406,0.0,20204000
2022-02-23,52.16257095336914,56.51900100708008,0.0,58.50699996948242,56.4739990234375,58.02299880981445,0.0,22416000
2022-02-24,53.5294189453125,58.0,0.0,58.569000244140625,54.902000427246094,55.15800094604492,0.0,35316000
2022-02-25,54.26868438720703,58.80099868774414,0.0,58.9379997253418,57.400001525878906,57.983001708984375,0.0,22380000
2022-02-28,54.21608352661133,58.74399948120117,0.0,59.22999954223633,57.63800048828125,58.099998474121094,0.0,25005000
2022-03-01,52.61758041381836,57.012001037597656,0.0,58.762001037597656,56.529998779296875,58.479000091552734,0.0,24898000
2022-03-02,54.062870025634766,58.577999114990234,0.0,59.053001403808594,57.358001708984375,57.45199966430664,0.0,21771000
2022-03-03,53.40021514892578,57.86000061035156,0.0,59.369998931884766,57.43299865722656,59.36800003051758,0.0,26454000
2022-03-04,55.00516891479492,59.5989990234375,0.0,60.590999603271484,58.4010009765625,59.27899932861328,0.0,44757000
2022-03-07,52.67110824584961,57.06999969482422,0.0,59.87799835205078,57.0,59.70800018310547,0.0,26494000
2022-03-08,53.155643463134766,57.595001220703125,0.0,59.60499954223633,56.361000061035156,57.21699905395508,0.0,26993000
2022-03-09,55.10023880004883,59.70199966430664,0.0,60.16400146484375,58.70000076293945,58.87900161743164,0.0,22560000
2022-03-10,54.24283981323242,58.77299880981445,0.0,59.00199890136719,57.637001037597656,58.555999755859375,0.0,19323000
2022-03-11,53.330997467041016,57.78499984741211,0.0,59.44300079345703,57.71200180053711,59.20000076293945,0.0,19813000
2022-03-14,52.40346145629883,56.779998779296875,0.0,57.99800109863281,56.474998474121094,57.69599914550781,0.0,25234000
2022-03-15,54.70707702636719,59.2760009765625,0.0,59.67599868774414,57.50400161743164,57.72700119018555,0.0,28260000
2022-03-16,56.03239059448242,60.71200180053711,0.0,60.770999908447266,58.40599822998047,59.665000915527344,0.0,29454000
2022-03-17,55.621681213378906,60.266998291015625,0.0,60.70000076293945,59.76300048828125,60.47200012207031,0.0,18174000
2022-03-18,56.336029052734375,61.04100036621094,0.0,61.32099914550781,59.5989990234375,60.39699935913086,0.0,41538000
2022-03-21,55.86958694458008,60.12900161743164,0.41,60.560001373291016,58.88600158691406,60.560001373291016,0.0,25789000
2022-03-22,56.80339431762695,61.13399887084961,0.0,61.349998474121094,59.93299865722656,60.172000885009766,0.0,19262000
2022-03-23,55.69211959838867,59.9379997253418,0.0,61.137001037597656,59.91600036621094,60.79999923706055,0.0,13839000
2022-03-24,58.205501556396484,62.643001556396484,0.0,62.72200012207031,60.20000076293945,60.66299819946289,0.0,26016000
2022-03-25,58.43221664428711,62.887001037597656,0.0,63.04100036621094,62.00699996948242,62.70800018310547,0.0,14538000
2022-03-28,58.804805755615234,63.28799819946289,0.0,63.33000183105469,61.577999114990234,62.5880012512207,0.0,14427000
2022-03-29,59.60295867919922,64.14700317382812,0.0,64.53099822998047,63.0,64.0,0.0,23001000
2022-03-30,58.63850021362305,63.10900115966797,0.0,64.42900085449219,62.733001708984375,63.887001037597656,0.0,18626000
2022-03-31,58.507484436035156,62.96799850463867,0.0,63.900001525878906,62.80500030517578,63.04800033569336,0.0,21731000
2022-04-01,58.2566032409668,62.698001861572266,0.0,63.457000732421875,61.86899948120117,63.16899871826172,0.0,16267000
2022-04-04,58.987857818603516,63.48500061035156,0.0,63.672000885009766,62.45199966430664,62.641998291015625,0.0,16484000
2022-04-05,57.06170654296875,61.4119987487793,0.0,63.22600173950195,61.29999923706055,62.95500183105469,0.0,19778000
2022-04-06,55.93556213378906,60.20000076293945,0.0,61.159000396728516,59.37699890136719,60.20800018310547,0.0,23742000
2022-04-07,56.03311538696289,60.30500030517578,0.0,60.763999938964844,59.32400131225586,59.983001708984375,0.0,16583000
2022-04-08,54.541812896728516,58.70000076293945,0.0,59.85900115966797,58.59700012207031,59.737998962402344,0.0,20464000
2022-04-11,53.948081970214844,58.06100082397461,0.0,58.928001403808594,57.94300079345703,58.257999420166016,0.0,23512000
2022-04-12,54.36248779296875,58.50699996948242,0.0,59.85900115966797,58.21699905395508,58.9109992980957,0.0,17350000
2022-04-13,55.05656814575195,59.25400161743164,0.0,59.67100143432617,58.60499954223633,58.849998474121094,0.0,20266000
2022-04-14,53.319969177246094,57.3849983215332,0.0,59.70600128173828,57.2859992980957,59.499000549316406,0.0,27385000
2022-04-18,54.4953498840332,58.650001525878906,0.0,59.12200164794922,57.28499984741211,57.28499984741211,0.0,21375000
2022-04-19,55.528587341308594,59.762001037597656,0.0,59.869998931884766,57.93600082397461,57.93600082397461,0.0,16581000
2022-04-20,55.537879943847656,59.77199935913086,0.0,61.34299850463867,59.51300048828125,60.41999816894531,0.0,13920000
2022-04-21,55.074214935302734,59.27299880981445,0.0,61.58700180053711,59.066001892089844,60.55400085449219,0.0,20352000
2022-04-22,54.53717041015625,58.69499969482422,0.0,59.874000549316406,58.625999450683594,59.01100158691406,0.0,21064000
2022-04-25,54.623573303222656,58.78799819946289,0.0,58.875999450683594,57.11199951171875,58.14899826049805,0.0,26959000
2022-04-26,52.03957748413086,56.00699996948242,0.0,58.54600143432617,55.97100067138672,58.380001068115234,0.0,35809000
2022-04-27,51.990333557128906,55.95399856567383,0.0,57.007999420166016,55.5,55.57899856567383,0.0,19313000
2022-04-28,53.792911529541016,57.89400100708008,0.0,58.50199890136719,55.797000885009766,56.59400177001953,0.0,22334000
2022-04-29,51.511817932128906,55.43899917602539,0.0,57.827999114990234,55.34000015258789,57.262001037597656,0.0,26108000
2022-05-02,53.552249908447266,57.6349983215332,0.0,57.763999938964844,55.63800048828125,55.7140007019043,0.0,26725000
2022-05-03,54.00010681152344,58.117000579833984,0.0,58.67499923706055,57.176998138427734,57.60100173950195,0.0,17064000
2022-05-04,56.08980178833008,60.36600112915039,0.0,60.40700149536133,57.39799880981445,58.17900085449219,0.0,23896000
2022-05-05,53.890464782714844,57.999000549316406,0.0,59.7869987487793,57.42900085449219,59.42300033569336,0.0,32806000
2022-05-06,53.90069580078125,58.0099983215332,0.0,58.99800109863281,56.94300079345703,57.49399948120117,0.0,20745000
2022-05-09,52.30439376831055,56.29199981689453,0.0,57.79999923706055,56.027000427246094,57.28799819946289,0.0,30074000
2022-05-10,54.02055740356445,58.138999938964844,0.0,59.1150016784668,57.18000030517578,58.04899978637695,0.0,29271000
2022-05-11,52.6937141418457,56.71099853515625,0.0,58.46900177001953,56.58599853515625,57.45800018310547,0.0,26660000
2022-05-12,53.10811996459961,57.15700149536133,0.0,57.361000061035156,55.82600021362305,56.34000015258789,0.0,25518000
2022-05-13,54.65702819824219,58.82400131225586,0.0,59.159000396728516,57.349998474121094,57.70500183105469,0.0,19449000
2022-05-16,54.13947296142578,58.266998291015625,0.0,58.91400146484375,57.76499938964844,58.4379997253418,0.0,14189000
2022-05-17,56.50698471069336,60.814998626708984,0.0,60.900001525878906,59.361000061035156,59.54499816894531,0.0,24676000
2022-05-18,53.01519775390625,57.05699920654297,0.0,60.071998596191406,56.61800003051758,60.0,0.0,35024000
2022-05-19,50.751766204833984,54.62099838256836,0.0,56.07500076293945,53.895999908447266,55.79999923706055,0.0,34884000
2022-05-20,50.47115707397461,54.319000244140625,0.0,55.499000549316406,51.24399948120117,55.38999938964844,0.0,40281000
2022-05-23,48.907379150390625,52.63600158691406,0.0,53.55699920654297,51.42599868774414,52.400001525878906,0.0,58586000
2022-05-24,48.7066764831543,52.41999816894531,0.0,52.887001037597656,51.61899948120117,52.66600036621094,0.0,25060000
2022-05-25,49.39704132080078,53.16299819946289,0.0,53.744998931884766,52.38999938964844,52.38999938964844,0.0,17842000
2022-05-26,51.16524887084961,55.066001892089844,0.0,55.457000732421875,52.77199935913086,53.15399932861328,0.0,39743000
2022-05-27,54.196163177490234,58.327999114990234,0.0,58.54600143432617,56.000999450683594,56.20899963378906,0.0,37301000
2022-05-31,53.903480529785156,58.01300048828125,0.0,58.702999114990234,57.599998474121094,58.45000076293945,0.0,30009000
2022-06-01,53.29859924316406,57.36199951171875,0.0,59.09400177001953,56.84299850463867,58.757999420166016,0.0,18345000
2022-06-02,53.58849334716797,57.67399978637695,0.0,57.777000427246094,56.8129997253418,57.775001525878906,0.0,29488000
2022-06-03,52.34156036376953,56.332000732421875,0.0,56.959999084472656,56.097999572753906,56.887001037597656,0.0,20562000
2022-06-06,52.14736557006836,56.12300109863281,0.0,57.27199935913086,55.75400161743164,57.152000427246094,0.0,14557000
2022-06-07,53.24006271362305,57.29899978637695,0.0,57.45399856567383,55.75299835205078,56.05400085449219,0.0,15895000
2022-06-08,52.53111267089844,56.5359992980957,0.0,57.62699890136719,56.2140007019043,57.18199920654297,0.0,24004000
2022-06-09,51.68185806274414,55.62200164794922,0.0,57.36399841308594,55.59299850463867,56.11600112915039,0.0,18787000
2022-06-10,50.29275894165039,54.12699890136719,0.0,55.104000091552734,53.97200012207031,55.00899887084961,0.0,24018000
2022-06-13,48.09529113769531,51.762001037597656,0.0,53.29999923706055,51.60200119018555,52.678001403808594,0.0,31619000
2022-06-14,48.33222198486328,52.016998291015625,0.0,52.49700164794922,51.45899963378906,52.49700164794922,0.0,24380000
2022-06-15,48.93989181518555,52.67100143432617,0.0,53.382999420166016,51.551998138427734,52.915000915527344,0.0,19141000
2022-06-16,46.19607925415039,49.71799850463867,0.0,51.44300079345703,49.22800064086914,51.19499969482422,0.0,37244000
2022-06-17,46.33266067504883,49.8650016784668,0.0,50.0359992980957,48.7869987487793,49.5,0.0,43504000
2022-06-21,47.19645690917969,50.37699890136719,0.41,51.090999603271484,50.28900146484375,50.40800094604492,0.0,21901000
2022-06-22,46.47787857055664,49.61000061035156,0.0,50.37699890136719,49.41999816894531,49.63100051879883,0.0,24721000
2022-06-23,46.52285385131836,49.65800094604492,0.0,50.17499923706055,49.10100173950195,50.17499923706055,0.0,16707000
2022-06-24,47.69487380981445,50.909000396728516,0.0,51.18000030517578,50.14500045776367,50.5,0.0,21201000
2022-06-27,47.37820816040039,50.57099914550781,0.0,51.40399932861328,50.28200149536133,51.380001068115234,0.0,13207000
2022-06-28,46.69804000854492,49.845001220703125,0.0,51.415000915527344,49.81100082397461,51.26100158691406,0.0,15667000
2022-06-29,45.944801330566406,49.04100036621094,0.0,49.59299850463867,48.66699981689453,49.54800033569336,0.0,14444000
2022-06-30,45.51384735107422,48.58100128173828,0.0,49.374000549316406,48.07099914550781,48.803001403808594,0.0,18890000
2022-07-01,44.76716613769531,47.784000396728516,0.0,48.426998138427734,46.94300079345703,47.941001892089844,0.0,21315000
2022-07-05,44.622894287109375,47.630001068115234,0.0,47.69300079345703,46.39099884033203,47.20000076293945,0.0,20711000
2022-07-06,45.21405029296875,48.26100158691406,0.0,48.70500183105469,47.54999923706055,48.053001403808594,0.0,22975000
2022-07-07,46.70647430419922,49.854000091552734,0.0,50.138999938964844,48.81100082397461,48.81100082397461,0.0,21319000
2022-07-08,46.720523834228516,49.86899948120117,0.0,49.9630012512207,49.0,49.29899978637695,0.0,12713000
2022-07-11,45.23747253417969,48.2859992980957,0.0,49.1619987487793,48.097999572753906,48.94900131225586,0.0,21449000
2022-07-12,45.09788131713867,48.137001037597656,0.0,49.2599983215332,48.00699996948242,48.78200149536133,0.0,21159000
2022-07-13,45.1316032409668,48.17300033569336,0.0,48.56399917602539,47.229000091552734,47.49800109863281,0.0,17665000
2022-07-14,45.40423583984375,48.4640007019043,0.0,48.667999267578125,47.34299850463867,48.244998931884766,0.0,19957000
2022-07-15,46.32423400878906,49.44599914550781,0.0,49.4739990234375,48.612998962402344,49.08300018310547,0.0,18714000
2022-07-18,46.00569152832031,49.10599899291992,0.0,50.24100112915039,48.819000244140625,50.01599884033203,0.0,18042000
2022-07-19,47.686439514160156,50.900001525878906,0.0,51.1349983215332,49.5890007019043,49.68000030517578,0.0,27257000
2022-07-20,47.94594192504883,51.176998138427734,0.0,51.76100158691406,50.446998596191406,50.95399856567383,0.0,27412000
2022-07-21,48.49964141845703,51.768001556396484,0.0,51.78099822998047,50.60200119018555,51.255001068115234,0.0,13912000
2022-07-22,48.016212463378906,51.25199890136719,0.0,51.979000091552734,50.667999267578125,51.88100051879883,0.0,17867000
2022-07-25,48.071495056152344,51.31100082397461,0.0,51.332000732421875,50.65299987792969,51.04600143432617,0.0,15061000
2022-07-26,47.88224792480469,51.10900115966797,0.0,51.680999755859375,50.891998291015625,51.4630012512207,0.0,17958000
2022-07-27,49.446807861328125,52.77899932861328,0.0,53.01900100708008,51.69300079345703,51.81999969482422,0.0,25699000
2022-07-28,49.992061614990234,53.361000061035156,0.0,53.652000427246094,52.05799865722656,52.85900115966797,0.0,14867000
2022-07-29,50.167259216308594,53.54800033569336,0.0,53.78300094604492,53.027000427246094,53.198001861572266,0.0,18482000
2022-08-01,50.250640869140625,53.637001037597656,0.0,53.979000091552734,53.04399871826172,53.143001556396484,0.0,11485000
2022-08-02,49.767215728759766,53.12099838256836,0.0,53.91999816894531,52.722999572753906,53.321998596191406,0.0,13072000
2022-08-03,51.222171783447266,54.67399978637695,0.0,54.79999923706055,53.4119987487793,53.52899932861328,0.0,19228000
2022-08-04,51.78990173339844,55.279998779296875,0.0,55.314998626708984,54.500999450683594,54.840999603271484,0.0,16293000
2022-08-05,51.662498474121094,55.14400100708008,0.0,55.20000076293945,54.327999114990234,54.4900016784668,0.0,14357000
2022-08-08,51.108802795410156,54.553001403808594,0.0,55.29899978637695,53.874000549316406,54.935001373291016,0.0,13722000
2022-08-09,49.91617202758789,53.279998779296875,0.0,53.935001373291016,52.775001525878906,53.909000396728516,0.0,20072000
2022-08-10,51.56599426269531,55.04100036621094,0.0,55.10200119018555,53.92399978637695,54.60599899291992,0.0,19519000
2022-08-11,51.09943389892578,54.542999267578125,0.0,55.777000427246094,54.42499923706055,55.39500045776367,0.0,14268000
2022-08-12,52.29862594604492,55.823001861572266,0.0,55.840999603271484,54.564998626708984,54.78099822998047,0.0,18399000
2022-08-15,52.36701965332031,55.895999908447266,0.0,55.979000091552734,55.04999923706055,55.42300033569336,0.0,14329000
2022-08-16,51.68217086791992,55.165000915527344,0.0,55.79399871826172,54.60100173950195,55.75199890136719,0.0,14782000
2022-08-17,50.45862579345703,53.85900115966797,0.0,54.47100067138672,53.104000091552734,54.4370002746582,0.0,19022000
2022-08-18,52.319236755371094,55.845001220703125,0.0,56.055999755859375,54.16299819946289,54.340999603271484,0.0,23459000
2022-08-19,51.380496978759766,54.84299850463867,0.0,55.55799865722656,54.7869987487793,55.08599853515625,0.0,16923000
2022-08-22,49.536746978759766,52.875,0.0,54.308998107910156,52.70500183105469,54.25699996948242,0.0,18555000
2022-08-23,49.633243560791016,52.97800064086914,0.0,53.762001037597656,52.89099884033203,53.3849983215332,0.0,9003000
2022-08-24,49.732547760009766,53.08399963378906,0.0,53.130001068115234,52.34400177001953,52.95600128173828,0.0,11883000
2022-08-25,51.539764404296875,55.01300048828125,0.0,55.04800033569336,53.22600173950195,53.345001220703125,0.0,17345000
2022-08-26,48.79756164550781,52.08599853515625,0.0,55.0989990234375,52.0,54.88399887084961,0.0,25682000
2022-08-29,48.17173767089844,51.417999267578125,0.0,52.27399826049805,51.20000076293945,52.0,0.0,16580000
2022-08-30,47.44190979003906,50.638999938964844,0.0,51.79100036621094,50.138999938964844,51.683998107910156,0.0,18282000
2022-08-31,46.7598762512207,49.9109992980957,0.0,51.01599884033203,49.65399932861328,51.01599884033203,0.0,32445000
2022-09-01,46.09471130371094,49.20100021362305,0.0,49.32899856567383,48.08399963378906,49.14699935913086,0.0,31930000
2022-09-02,46.86387252807617,50.02199935913086,0.0,51.98099899291992,49.83000183105469,51.79999923706055,0.0,40426000
2022-09-06,46.674625396728516,49.81999969482422,0.0,50.400001525878906,49.0369987487793,49.85300064086914,0.0,24738000
2022-09-07,47.32386779785156,50.51300048828125,0.0,50.94300079345703,49.90800094604492,50.29100036621094,0.0,20440000
2022-09-08,47.96094512939453,51.19300079345703,0.0,51.27399826049805,49.869998931884766,50.2599983215332,0.0,22535000
2022-09-09,48.94184112548828,52.2400016784668,0.0,52.59700012207031,51.54399871826172,51.54399871826172,0.0,23019000
2022-09-12,49.565792083740234,52.90599822998047,0.0,53.125999450683594,52.45600128173828,52.67499923706055,0.0,18157000
2022-09-13,47.185218811035156,50.3650016784668,0.0,51.82699966430664,50.167999267578125,51.38399887084961,0.0,35136000
2022-09-14,47.85039138793945,51.07500076293945,0.0,51.29999923706055,50.277000427246094,50.7130012512207,0.0,20605000
2022-09-15,46.85637664794922,50.013999938964844,0.0,51.15599822998047,49.72800064086914,50.893001556396484,0.0,36574000
2022-09-16,47.077476501464844,50.25,0.0,50.36899948120117,48.986000061035156,49.77199935913086,0.0,59012000
2022-09-19,47.01564025878906,50.183998107910156,0.0,50.3390007019043,49.44200134277344,49.44200134277344,0.0,17948000
2022-09-20,46.19306945800781,49.305999755859375,0.0,49.882999420166016,48.97200012207031,49.599998474121094,0.0,17132000
2022-09-21,45.54877853393555,48.2140007019043,0.41,49.987998962402344,48.176998138427734,49.0989990234375,0.0,20669000
2022-09-22,45.12081527709961,47.76100158691406,0.0,48.32099914550781,47.29999923706055,48.24300003051758,0.0,23540000
2022-09-23,44.277183532714844,46.86800003051758,0.0,47.79899978637695,46.20000076293945,47.494998931884766,0.0,29649000
2022-09-26,43.67067337036133,46.22600173950195,0.0,47.33000183105469,46.13100051879883,46.89799880981445,0.0,19361000
2022-09-27,43.905906677246094,46.474998474121094,0.0,46.98899841308594,45.6510009765625,46.95500183105469,0.0,17850000
2022-09-28,44.02022171020508,46.59600067138672,0.0,46.875,45.6349983215332,46.13399887084961,0.0,27605000
2022-09-29,42.52471923828125,45.01300048828125,0.0,46.137001037597656,44.487998962402344,46.09000015258789,0.0,39997000
2022-09-30,41.946556091308594,44.4010009765625,0.0,45.78200149536133,44.36399841308594,44.90599822998047,0.0,27202000
2022-10-03,43.152957916259766,45.678001403808594,0.0,46.095001220703125,44.696998596191406,44.92399978637695,0.0,21479000
2022-10-04,45.33338165283203,47.986000061035156,0.0,48.01599884033203,46.58599853515625,46.849998474121094,0.0,27277000
2022-10-05,45.80006790161133,48.47999954223633,0.0,48.808998107910156,47.145999908447266,47.255001068115234,0.0,18493000
2022-10-06,45.299373626708984,47.95000076293945,0.0,48.970001220703125,47.87200164794922,48.37900161743164,0.0,17250000
2022-10-07,43.50251388549805,46.04800033569336,0.0,47.33399963378906,45.902000427246094,47.237998962402344,0.0,28425000
2022-10-10,41.35044479370117,43.77000045776367,0.0,46.0099983215332,43.183998107910156,46.0,0.0,33454000
2022-10-11,40.69479751586914,43.07600021362305,0.0,43.869998931884766,42.55799865722656,43.52000045776367,0.0,28046000
2022-10-12,40.67685317993164,43.05699920654297,0.0,43.571998596191406,42.80099868774414,43.224998474121094,0.0,15046000
2022-10-13,41.37594985961914,43.797000885009766,0.0,44.37699890136719,41.50699996948242,41.742000579833984,0.0,27980000
2022-10-14,40.349029541015625,42.709999084472656,0.0,44.395999908447266,42.64099884033203,44.327999114990234,0.0,22816000
2022-10-17,41.130313873291016,43.5369987487793,0.0,44.124000549316406,43.3390007019043,43.95500183105469,0.0,24120000
2022-10-18,41.07929992675781,43.483001708984375,0.0,44.85499954223633,43.01599884033203,44.82099914550781,0.0,20341000
2022-10-19,41.12370300292969,43.529998779296875,0.0,43.83000183105469,43.0880012512207,43.323001861572266,0.0,12702000
2022-10-20,40.651336669921875,43.029998779296875,0.0,44.21900177001953,42.81399917602539,43.51300048828125,0.0,23402000
2022-10-21,42.4869384765625,44.972999572753906,0.0,45.066001892089844,42.91699981689453,43.20899963378906,0.0,26980000
2022-10-24,43.1284065246582,45.652000427246094,0.0,45.87900161743164,45.111000061035156,45.27299880981445,0.0,25287000
2022-10-25,43.463775634765625,46.00699996948242,0.0,46.42599868774414,45.68299865722656,45.79899978637695,0.0,18246000
2022-10-26,43.56864547729492,46.11800003051758,0.0,47.17599868774414,45.534000396728516,45.79899978637695,0.0,29291000
2022-10-27,43.02259826660156,45.540000915527344,0.0,47.07699966430664,45.49100112915039,46.60499954223633,0.0,18512000
2022-10-28,44.67584991455078,47.290000915527344,0.0,47.433998107910156,45.564998626708984,45.69599914550781,0.0,23094000
2022-10-31,44.41322326660156,47.012001037597656,0.0,47.28099822998047,46.500999450683594,46.685001373291016,0.0,19259000
2022-11-01,44.20349884033203,46.790000915527344,0.0,47.68299865722656,46.31700134277344,47.58000183105469,0.0,16324000
2022-11-02,43.08211135864258,45.60300064086914,0.0,48.04499816894531,45.571998596191406,47.02799987792969,0.0,21070000
2022-11-03,41.95694351196289,44.4119987487793,0.0,45.2859992980957,44.13600158691406,45.09400177001953,0.0,23887000
2022-11-04,43.957862854003906,46.529998779296875,0.0,46.888999938964844,45.327999114990234,45.68600082397461,0.0,28891000
2022-11-07,44.8950309753418,47.52199935913086,0.0,47.77399826049805,46.15700149536133,46.676998138427734,0.0,17687000
2022-11-08,45.545936584472656,48.21099853515625,0.0,48.880001068115234,47.349998474121094,48.125,0.0,20743000
2022-11-09,44.35181427001953,46.946998596191406,0.0,47.900001525878906,46.90299987792969,47.849998474121094,0.0,23695000
2022-11-10,47.85673522949219,50.65700149536133,0.0,50.71699905395508,48.71900177001953,49.099998474121094,0.0,33970000
2022-11-11,48.945045471191406,51.808998107910156,0.0,51.900001525878906,50.20000076293945,50.47999954223633,0.0,26728000
2022-11-14,48.4849739074707,51.321998596191406,0.0,52.50199890136719,51.29999923706055,51.53900146484375,0.0,21608000
2022-11-15,49.543060302734375,52.44200134277344,0.0,53.25699996948242,51.590999603271484,52.99599838256836,0.0,23315000
2022-11-16,48.34421157836914,51.17300033569336,0.0,51.854000091552734,51.02799987792969,51.672000885009766,0.0,25405000
2022-11-17,48.380104064941406,51.21099853515625,0.0,51.27399826049805,50.31399917602539,50.5,0.0,20375000
2022-11-18,48.66824722290039,51.51599884033203,0.0,51.77299880981445,51.099998474121094,51.6870002746582,0.0,14536000
2022-11-21,48.883644104003906,51.74399948120117,0.0,52.084999084472656,51.111000061035156,51.29399871826172,0.0,18622000
2022-11-22,50.07493209838867,53.005001068115234,0.0,53.02799987792969,51.9010009765625,52.297000885009766,0.0,18920000
2022-11-23,50.414093017578125,53.36399841308594,0.0,54.14799880981445,52.880001068115234,53.03499984741211,0.0,13964000
2022-11-25,50.06170654296875,52.99100112915039,0.0,53.45800018310547,52.948001861572266,53.069000244140625,0.0,7455000
2022-11-28,49.334266662597656,52.22100067138672,0.0,52.875999450683594,51.624000549316406,52.52399826049805,0.0,23505000
2022-11-29,49.256805419921875,52.138999938964844,0.0,52.584999084472656,51.483001708984375,52.29999923706055,0.0,12694000
2022-11-30,52.05696105957031,55.10300064086914,0.0,55.16600036621094,51.78300094604492,52.4109992980957,0.0,47349000
2022-12-01,52.0305061340332,55.07500076293945,0.0,55.242000579833984,54.19599914550781,55.10300064086914,0.0,23006000
2022-12-02,51.09050750732422,54.08000183105469,0.0,54.27000045776367,53.608001708984375,53.70500183105469,0.0,19320000
2022-12-05,50.13067626953125,53.06399917602539,0.0,53.948001861572266,52.54899978637695,53.777000427246094,0.0,18548000
2022-12-06,49.675323486328125,52.582000732421875,0.0,53.356998443603516,52.17499923706055,53.064998626708984,0.0,19655000
2022-12-07,48.98378372192383,51.849998474121094,0.0,52.5,51.60499954223633,51.959999084472656,0.0,16524000
2022-12-08,50.1722412109375,53.108001708984375,0.0,53.242000579833984,52.03799819946289,52.08100128173828,0.0,27514000
2022-12-09,51.46084213256836,54.47200012207031,0.0,55.263999938964844,54.099998474121094,55.09400177001953,0.0,37028000
2022-12-12,52.58600616455078,55.66299819946289,0.0,55.6870002746582,54.2239990234375,54.474998474121094,0.0,23416000
2022-12-13,53.947349548339844,57.104000091552734,0.0,58.183998107910156,56.50299835205078,57.582000732421875,0.0,40414000
2022-12-14,54.268550872802734,57.444000244140625,0.0,58.564998626708984,56.77299880981445,56.85499954223633,0.0,35218000
2022-12-15,52.715431213378906,55.79999923706055,0.0,56.64899826049805,55.77000045776367,56.37799835205078,0.0,36876000
2022-12-16,52.51797866821289,55.590999603271484,0.0,55.97999954223633,55.08700180053711,55.744998931884766,0.0,49549000
2022-12-19,52.357948303222656,54.9630012512207,0.46,55.64799880981445,54.571998596191406,55.402000427246094,0.0,25092000
2022-12-20,51.82353973388672,54.402000427246094,0.0,54.900001525878906,54.09199905395508,54.516998291015625,0.0,29831000
2022-12-21,53.46296691894531,56.12300109863281,0.0,56.191001892089844,54.69499969482422,54.766998291015625,0.0,25619000
2022-12-22,52.68755340576172,55.308998107910156,0.0,55.49399948120117,54.720001220703125,55.334999084472656,0.0,27553000
2022-12-23,52.62466812133789,55.24300003051758,0.0,55.36199951171875,54.744998931884766,55.0,0.0,13761000
2022-12-27,52.730411529541016,55.354000091552734,0.0,55.81100082397461,54.694000244140625,55.154998779296875,0.0,16677000
2022-12-28,51.906410217285156,54.48899841308594,0.0,55.777000427246094,54.244998931884766,55.16400146484375,0.0,15410000
2022-12-29,53.137176513671875,55.78099822998047,0.0,56.2599983215332,55.04999923706055,55.185001373291016,0.0,18176000
2022-12-30,53.26292037963867,55.91299819946289,0.0,55.96500015258789,54.80099868774414,55.18199920654297,0.0,14376000
2023-01-03,52.724693298339844,55.347999572753906,0.0,56.75699996948242,55.07899856567383,56.5,0.0,20173000
2023-01-04,53.36865997314453,56.02399826049805,0.0,56.816001892089844,55.60300064086914,56.29899978637695,0.0,17074000
2023-01-05,52.871402740478516,55.50199890136719,0.0,55.98400115966797,55.11199951171875,55.57099914550781,0.0,16277000
2023-01-06,56.05405044555664,58.84299850463867,0.0,59.099998474121094,56.22999954223633,56.3120002746582,0.0,35261000
2023-01-09,54.95473861694336,57.68899917602539,0.0,60.16699981689453,56.055999755859375,59.22999954223633,0.0,37739000
2023-01-10,54.76803970336914,57.49300003051758,0.0,57.51300048828125,54.999000549316406,57.20000076293945,0.0,44635000
2023-01-11,55.073822021484375,57.81399917602539,0.0,57.83399963378906,56.6870002746582,57.29999923706055,0.0,22502000
2023-01-12,55.435813903808594,58.194000244140625,0.0,58.51100158691406,57.375999450683594,57.558998107910156,0.0,19514000
2023-01-13,55.15575408935547,57.900001525878906,0.0,58.19300079345703,57.66699981689453,57.71500015258789,0.0,19647000
2023-01-17,55.17860794067383,57.92399978637695,0.0,58.5359992980957,57.45399856567383,57.4900016784668,0.0,15835000
2023-01-18,54.70707321166992,57.42900085449219,0.0,58.75600051879883,57.37200164794922,58.32099914550781,0.0,15703000
2023-01-19,53.65253448486328,56.321998596191406,0.0,57.00600051879883,56.03099822998047,56.9119987487793,0.0,22692000
2023-01-20,54.372703552246094,57.077999114990234,0.0,57.13600158691406,55.9109992980957,56.303001403808594,0.0,22950000
2023-01-23,55.40627670288086,58.16299819946289,0.0,58.479000091552734,56.97800064086914,57.20000076293945,0.0,23429000
2023-01-24,55.73015594482422,58.50299835205078,0.0,58.66899871826172,57.5629997253418,57.84400177001953,0.0,13825000
2023-01-25,55.79207992553711,58.56800079345703,0.0,58.696998596191406,57.604000091552734,57.766998291015625,0.0,13766000
2023-01-26,57.02094268798828,59.858001708984375,0.0,60.055999755859375,58.625999450683594,59.04100036621094,0.0,24525000
2023-01-27,56.29792404174805,59.0989990234375,0.0,59.92499923706055,59.01900100708008,59.332000732421875,0.0,19344000
2023-01-30,55.389129638671875,58.14500045776367,0.0,58.96099853515625,57.97600173950195,58.29999923706055,0.0,16984000
2023-01-31,55.72825622558594,58.500999450683594,0.0,58.722999572753906,58.07400131225586,58.207000732421875,0.0,23719000
2023-02-01,57.41817855834961,60.275001525878906,0.0,60.83000183105469,58.27000045776367,58.356998443603516,0.0,26553000
2023-02-02,57.70586395263672,60.57699966430664,0.0,61.31399917602539,59.974998474121094,60.76300048828125,0.0,24188000
2023-02-03,56.92949676513672,59.762001037597656,0.0,60.80400085449219,59.625,59.79999923706055,0.0,19093000
2023-02-06,57.28004837036133,60.130001068115234,0.0,60.321998596191406,59.22600173950195,59.33399963378906,0.0,18709000
2023-02-07,58.53272247314453,61.44499969482422,0.0,61.70100021362305,59.97200012207031,60.066001892089844,0.0,24025000
2023-02-08,57.31911087036133,60.17100143432617,0.0,61.018001556396484,60.0620002746582,60.667999267578125,0.0,15290000
2023-02-09,57.10000991821289,59.941001892089844,0.0,61.49300003051758,59.54800033569336,61.2599983215332,0.0,18837000
2023-02-10,56.51320266723633,59.32500076293945,0.0,59.84600067138672,58.9630012512207,59.63100051879883,0.0,21035000
2023-02-13,57.26289749145508,60.11199951171875,0.0,60.14799880981445,59.34700012207031,59.5,0.0,19847000
2023-02-14,57.37626266479492,60.23099899291992,0.0,60.55799865722656,59.332000732421875,59.41699981689453,0.0,17571000
2023-02-15,57.888763427734375,60.76900100708008,0.0,60.827999114990234,59.66999816894531,59.88600158691406,0.0,12683000
2023-02-16,57.20764923095703,60.05400085449219,0.0,60.89400100708008,59.95500183105469,60.07500076293945,0.0,17449000
2023-02-17,56.736106872558594,59.558998107910156,0.0,60.084999084472656,59.244998931884766,60.0,0.0,14215000
2023-02-21,55.397705078125,58.15399932861328,0.0,59.308998107910156,57.98400115966797,59.0,0.0,22737000
2023-02-22,54.88616180419922,57.617000579833984,0.0,58.308998107910156,57.209999084472656,58.224998474121094,0.0,23475000
2023-02-23,55.612998962402344,58.380001068115234,0.0,58.59400177001953,57.36800003051758,58.57500076293945,0.0,18939000
2023-02-24,55.03666687011719,57.775001525878906,0.0,58.02399826049805,57.361000061035156,57.75299835205078,0.0,15353000
2023-02-27,55.770172119140625,58.54499816894531,0.0,58.97999954223633,58.42599868774414,58.58700180053711,0.0,18321000
2023-02-28,56.61227035522461,59.42900085449219,0.0,59.858001708984375,58.21799850463867,58.555999755859375,0.0,27822000
2023-03-01,56.54368591308594,59.356998443603516,0.0,59.82099914550781,59.029998779296875,59.400001525878906,0.0,15484000
2023-03-02,57.027610778808594,59.8650016784668,0.0,60.09400177001953,58.612998962402344,58.93899917602539,0.0,27525000
2023-03-03,60.276939392089844,63.2760009765625,0.0,63.573001861572266,61.57500076293945,61.77000045776367,0.0,46088000
2023-03-06,60.29219055175781,63.29199981689453,0.0,64.40499877929688,63.17300033569336,63.5,0.0,24983000
2023-03-07,59.55200958251953,62.51499938964844,0.0,63.577999114990234,62.35100173950195,63.48699951171875,0.0,19334000
2023-03-08,60.22930908203125,63.22600173950195,0.0,63.27299880981445,62.367000579833984,62.77799987792969,0.0,20912000
2023-03-09,59.301475524902344,62.25199890136719,0.0,64.24400329589844,62.1879997253418,63.007999420166016,0.0,21775000
2023-03-10,58.56892395019531,61.483001708984375,0.0,63.01599884033203,61.28200149536133,62.819000244140625,0.0,26098000
2023-03-13,58.725154876708984,61.64699935913086,0.0,62.43899917602539,60.6879997253418,60.70899963378906,0.0,22364000
2023-03-14,60.248355865478516,63.24599838256836,0.0,63.33700180053711,61.849998474121094,62.3390007019043,0.0,25893000
2023-03-15,59.636783599853516,62.604000091552734,0.0,63.00699996948242,61.619998931884766,62.766998291015625,0.0,22963000
2023-03-16,60.63321304321289,63.650001525878906,0.0,63.707000732421875,61.78099822998047,62.185001373291016,0.0,31716000
2023-03-17,60.106422424316406,63.09700012207031,0.0,63.957000732421875,62.70800018310547,63.650001525878906,0.0,79303000
2023-03-20,61.320037841796875,64.37100219726562,0.0,64.4739990234375,63.15999984741211,63.27399826049805,0.0,25857000
2023-03-21,61.093605041503906,63.67499923706055,0.46,64.65899658203125,63.43299865722656,64.30899810791016,0.0,25000000
2023-03-22,60.534244537353516,63.09199905395508,0.0,64.8499984741211,63.06700134277344,63.689998626708984,0.0,25799000
2023-03-23,61.3315544128418,63.92300033569336,0.0,64.81800079345703,63.15299987792969,63.88999938964844,0.0,27162000
2023-03-24,61.03795623779297,63.617000579833984,0.0,63.93000030517578,62.85499954223633,63.803001403808594,0.0,17228000
2023-03-27,60.142784118652344,62.683998107910156,0.0,63.90999984741211,62.5989990234375,63.900001525878906,0.0,14707000
2023-03-28,59.937461853027344,62.470001220703125,0.0,62.65399932861328,61.88600158691406,62.52299880981445,0.0,12439000
2023-03-29,60.01420974731445,62.54999923706055,0.0,63.4010009765625,62.4640007019043,63.27799987792969,0.0,26395000
2023-03-30,60.80576705932617,63.375,0.0,63.60499954223633,62.93000030517578,63.27299880981445,0.0,21523000
2023-03-31,61.55318832397461,64.15399932861328,0.0,64.22200012207031,62.590999603271484,63.05400085449219,0.0,22097000
2023-04-03,61.642417907714844,64.24700164794922,0.0,64.38999938964844,63.64400100708008,63.900001525878906,0.0,15682000
2023-04-04,60.86909866333008,63.441001892089844,0.0,64.42400360107422,63.20000076293945,64.31500244140625,0.0,13429000
2023-04-05,60.350990295410156,62.9010009765625,0.0,63.16999816894531,62.56999969482422,63.11399841308594,0.0,16908000
2023-04-06,59.739810943603516,62.263999938964844,0.0,62.84000015258789,61.89699935913086,62.41600036621094,0.0,14493000
2023-04-10,60.195556640625,62.73899841308594,0.0,62.7869987487793,61.64500045776367,61.80500030517578,0.0,15400000
2023-04-11,59.637149810791016,62.15700149536133,0.0,63.0880012512207,62.082000732421875,63.077999114990234,0.0,16518000
2023-04-12,59.16988754272461,61.66999816894531,0.0,62.75199890136719,61.625999450683594,62.73400115966797,0.0,14112000
2023-04-13,59.8933219909668,62.42399978637695,0.0,62.650001525878906,61.71099853515625,61.90700149536133,0.0,17265000
2023-04-14,59.442378997802734,61.95399856567383,0.0,62.803001403808594,61.520999908447266,62.04800033569336,0.0,17465000
2023-04-17,60.19267654418945,62.736000061035156,0.0,62.83399963378906,61.78099822998047,61.861000061035156,0.0,13201000
2023-04-18,60.66856002807617,63.231998443603516,0.0,63.54999923706055,62.7130012512207,63.1619987487793,0.0,16806000
2023-04-19,60.87772750854492,63.45000076293945,0.0,63.67900085449219,62.55500030517578,62.67900085449219,0.0,19060000
2023-04-20,60.73572540283203,63.301998138427734,0.0,64.27300262451172,62.7140007019043,62.7859992980957,0.0,20239000
2023-04-21,60.72421646118164,63.290000915527344,0.0,63.380001068115234,62.19900131225586,63.060001373291016,0.0,14807000
2023-04-24,60.881568908691406,63.45399856567383,0.0,63.8849983215332,63.17900085449219,63.36399841308594,0.0,12338000
2023-04-25,59.680328369140625,62.20199966430664,0.0,63.5989990234375,62.17399978637695,63.39899826049805,0.0,23670000
2023-04-26,59.12095642089844,61.61899948120117,0.0,62.3129997253418,61.35100173950195,61.99700164794922,0.0,17179000
2023-04-27,59.33395767211914,61.840999603271484,0.0,62.00899887084961,60.323001861572266,61.61899948120117,0.0,18250000
2023-04-28,60.11016082763672,62.650001525878906,0.0,62.678001403808594,61.45600128173828,61.90700149536133,0.0,16183000
2023-05-01,61.208744049072266,63.79499816894531,0.0,63.89899826049805,62.619998931884766,62.650001525878906,0.0,17030000
2023-05-02,58.751564025878906,61.23400115966797,0.0,62.650001525878906,60.50199890136719,62.57600021362305,0.0,28357000
2023-05-03,58.834075927734375,61.31999969482422,0.0,62.19499969482422,61.2400016784668,61.689998626708984,0.0,19816000
2023-05-04,58.54240036010742,61.01599884033203,0.0,61.395999908447266,60.12900161743164,61.0,0.0,17684000
2023-05-05,60.457489013671875,63.012001037597656,0.0,63.14699935913086,61.33700180053711,61.595001220703125,0.0,24876000
2023-05-08,60.355777740478516,62.90599822998047,0.0,63.073001861572266,62.05799865722656,62.97800064086914,0.0,13934000
2023-05-09,59.34355163574219,61.85100173950195,0.0,62.40700149536133,61.58599853515625,62.27299880981445,0.0,16990000
2023-05-10,60.08809280395508,62.62699890136719,0.0,62.79999923706055,61.82699966430664,62.20600128173828,0.0,19174000
2023-05-11,60.2224235534668,62.766998291015625,0.0,62.847999572753906,61.79899978637695,62.65800094604492,0.0,14430000
2023-05-12,60.55630874633789,63.1150016784668,0.0,63.27000045776367,62.42100143432617,62.8380012512207,0.0,11942000
2023-05-15,61.38624572753906,63.97999954223633,0.0,64.00199890136719,62.84700012207031,63.1870002746582,0.0,14614000
2023-05-16,61.54359436035156,64.14399719238281,0.0,64.69100189208984,63.87300109863281,64.0459976196289,0.0,14967000
2023-05-17,63.08161544799805,65.74700164794922,0.0,66.08999633789062,64.45800018310547,64.73500061035156,0.0,24133000
2023-05-18,65.04178619384766,67.79000091552734,0.0,67.93599700927734,65.5999984741211,65.5999984741211,0.0,26389000
2023-05-19,65.4591293334961,68.2249984741211,0.0,68.49500274658203,67.84100341796875,68.0,0.0,22968000
2023-05-22,65.08687591552734,67.83699798583984,0.0,68.46800231933594,67.41200256347656,68.13999938964844,0.0,17796000
2023-05-23,65.8669204711914,68.6500015258789,0.0,69.89900207519531,68.2020034790039,69.06400299072266,0.0,36088000
2023-05-24,65.19817352294922,67.9530029296875,0.0,68.43099975585938,67.60600280761719,68.14399719238281,0.0,23021000
2023-05-25,69.92542266845703,72.87999725341797,0.0,73.23899841308594,69.0770034790039,69.94100189208984,0.0,49263000
2023-05-26,77.97816467285156,81.27300262451172,0.0,81.49800109863281,74.7020034790039,74.74299621582031,0.0,82500000
2023-05-30,77.0772476196289,80.33399963378906,0.0,92.1780014038086,79.88099670410156,83.51200103759766,0.0,116912000
2023-05-31,77.52052307128906,80.7959976196289,0.0,82.16699981689453,79.01300048828125,79.48999786376953,0.0,89998000
2023-06-01,75.79254150390625,78.99500274658203,0.0,80.5790023803711,78.51599884033203,80.06199645996094,0.0,80792000
2023-06-02,77.90814208984375,81.19999694824219,0.0,82.37699890136719,78.72000122070312,79.06400299072266,0.0,62815000
2023-06-05,76.97747039794922,80.2300033569336,0.0,80.91999816894531,79.447998046875,80.91999816894531,0.0,26222000
2023-06-06,75.79730987548828,79.0,0.0,80.19999694824219,77.63800048828125,80.19999694824219,0.0,37823000
2023-06-07,76.0496597290039,79.26300048828125,0.0,80.54499816894531,78.7509994506836,78.98200225830078,0.0,28957000
2023-06-08,77.1597671508789,80.41999816894531,0.0,80.5009994506836,78.87799835205078,79.49099731445312,0.0,21909000
2023-06-09,77.20006561279297,80.46199798583984,0.0,81.7750015258789,80.38800048828125,80.58000183105469,0.0,19241000
2023-06-12,82.06836700439453,85.53600311279297,0.0,85.80000305175781,81.11199951171875,81.11199951171875,0.0,51065000
2023-06-13,81.66154479980469,85.11199951171875,0.0,86.32599639892578,84.0999984741211,86.11299896240234,0.0,38990000
2023-06-14,85.02542114257812,88.61799621582031,0.0,88.85399627685547,84.72200012207031,85.58999633789062,0.0,43524000
2023-06-15,84.76155853271484,88.34300231933594,0.0,88.7969970703125,87.10199737548828,88.44100189208984,0.0,33814000
2023-06-16,83.29167938232422,86.81099700927734,0.0,88.99500274658203,86.54499816894531,88.9280014038086,0.0,68299000
2023-06-20,83.28399658203125,86.8030014038086,0.0,87.70700073242188,86.10099792480469,86.26599884033203,0.0,27535000
2023-06-21,81.76287078857422,84.76599884033203,0.46,86.5999984741211,84.45999908447266,86.0,0.0,23229000
2023-06-22,81.25838470458984,84.24299621582031,0.0,84.89099884033203,83.53099822998047,84.50900268554688,0.0,23464000
2023-06-23,79.30223846435547,82.21499633789062,0.0,83.60199737548828,81.88500213623047,83.4010009765625,0.0,37413000
2023-06-26,79.2520751953125,82.16300201416016,0.0,83.69999694824219,82.02200317382812,82.5,0.0,21372000
2023-06-27,81.83424377441406,84.83999633789062,0.0,85.0,82.0999984741211,82.86799621582031,0.0,24923000
2023-06-28,81.78987884521484,84.79399871826172,0.0,85.85299682617188,83.70600128173828,83.87300109863281,0.0,19445000
2023-06-29,83.2010498046875,86.25700378417969,0.0,86.28399658203125,84.64099884033203,85.44499969482422,0.0,23386000
2023-06-30,83.66981506347656,86.74299621582031,0.0,87.45700073242188,86.43299865722656,86.85199737548828,0.0,23145000
2023-07-03,84.53888702392578,87.64399719238281,0.0,87.6729965209961,86.49199676513672,86.86199951171875,0.0,9038000
2023-07-05,83.13255310058594,86.18599700927734,0.0,87.69000244140625,86.17500305175781,86.73999786376953,0.0,14440000
2023-07-06,81.795654296875,84.80000305175781,0.0,85.38999938964844,84.43299865722656,84.5,0.0,23939000
2023-07-07,81.67508697509766,84.67500305175781,0.0,85.79900360107422,84.46600341796875,85.04299926757812,0.0,19409000
2023-07-10,84.663330078125,87.77300262451172,0.0,87.91699981689453,84.8280029296875,84.8280029296875,0.0,30622000
2023-07-11,85.08004760742188,88.20500183105469,0.0,88.30000305175781,86.46299743652344,88.11100006103516,0.0,25498000
2023-07-12,85.842041015625,88.99500274658203,0.0,89.75900268554688,88.19999694824219,88.9000015258789,0.0,28197000
2023-07-13,85.88159942626953,89.03600311279297,0.0,89.89399719238281,87.8270034790039,89.89399719238281,0.0,25912000
2023-07-14,85.70989227294922,88.85800170898438,0.0,90.33499908447266,88.61599731445312,88.61599731445312,0.0,18510000
2023-07-17,87.80976104736328,91.03500366210938,0.0,91.32099914550781,88.97799682617188,89.10099792480469,0.0,26819000
2023-07-18,87.14228057861328,90.34300231933594,0.0,90.98999786376953,89.82599639892578,90.5979995727539,0.0,24513000
2023-07-19,86.94359588623047,90.13700103759766,0.0,90.59700012207031,88.56300354003906,89.72699737548828,0.0,24118000
2023-07-20,85.68673706054688,88.83399963378906,0.0,90.69999694824219,88.5999984741211,89.25399780273438,0.0,28268000
2023-07-21,86.4979476928711,89.67500305175781,0.0,91.11499786376953,89.38300323486328,90.4489974975586,0.0,74287000
2023-07-24,86.96479797363281,90.15899658203125,0.0,90.54399871826172,89.4229965209961,90.08000183105469,0.0,19992000
2023-07-25,88.54670715332031,91.79900360107422,0.0,92.31800079345703,90.06199645996094,90.06199645996094,0.0,20042000
2023-07-26,86.14491271972656,89.30899810791016,0.0,91.06199645996094,88.76499938964844,90.9000015258789,0.0,19877000
2023-07-27,86.1873550415039,89.35299682617188,0.0,90.98500061035156,88.5999984741211,90.8499984741211,0.0,21922000
2023-07-28,86.79116821289062,89.97899627685547,0.0,90.35600280761719,89.3949966430664,89.93199920654297,0.0,18791000
2023-07-31,86.68122100830078,89.86499786376953,0.0,90.0999984741211,89.0999984741211,89.75,0.0,14952000
2023-08-01,88.74058532714844,92.0,0.0,92.06199645996094,89.7699966430664,89.89800262451172,0.0,19683000
2023-08-02,86.06871032714844,89.2300033569336,0.0,91.30000305175781,89.02899932861328,91.2300033569336,0.0,26877000
2023-08-03,85.36265563964844,88.49800109863281,0.0,89.53299713134766,88.10800170898438,88.66200256347656,0.0,18281000
2023-08-04,85.04144287109375,88.16500091552734,0.0,89.36199951171875,87.33699798583984,88.49800109863281,0.0,21156000
2023-08-07,86.5278549194336,89.70600128173828,0.0,89.73699951171875,88.5270004272461,88.76799774169922,0.0,11146000
2023-08-08,85.18708801269531,88.31600189208984,0.0,89.05999755859375,87.33999633789062,89.00900268554688,0.0,14081000
2023-08-09,82.05899047851562,85.072998046875,0.0,88.35299682617188,84.87200164794922,88.27200317382812,0.0,24672000
2023-08-10,81.30372619628906,84.29000091552734,0.0,86.1500015258789,83.70700073242188,85.31199645996094,0.0,20186000
2023-08-11,80.0362777709961,82.97599792480469,0.0,83.63999938964844,82.3479995727539,83.4010009765625,0.0,20331000
2023-08-14,82.38404846191406,85.41000366210938,0.0,85.41799926757812,82.73799896240234,83.11299896240234,0.0,17688000
2023-08-15,81.26707458496094,84.25199890136719,0.0,85.46199798583984,83.64600372314453,84.9209976196289,0.0,14035000
2023-08-16,80.34784698486328,83.29900360107422,0.0,85.44999694824219,83.19599914550781,84.77899932861328,0.0,16003000
2023-08-17,79.77970886230469,82.70999908447266,0.0,83.94200134277344,82.70099639892578,83.6510009765625,0.0,19228000
2023-08-18,79.65815734863281,82.58399963378906,0.0,82.81700134277344,81.19999694824219,82.0,0.0,17759000
2023-08-21,83.44892883300781,86.51399993896484,0.0,86.73400115966797,83.177001953125,83.40599822998047,0.0,30012000
2023-08-22,82.54706573486328,85.5790023803711,0.0,87.4749984741211,85.08799743652344,87.34100341796875,0.0,17079000
2023-08-23,84.55240631103516,87.65799713134766,0.0,87.81900024414062,85.0,85.0770034790039,0.0,19692000
2023-08-24,82.41877746582031,85.44599914550781,0.0,90.98600006103516,85.24600219726562,90.23500061035156,0.0,30934000
2023-08-25,82.16413116455078,85.18199920654297,0.0,86.94400024414062,83.76699829101562,85.7020034790039,0.0,24181000
2023-08-28,83.05731964111328,86.10800170898438,0.0,86.41300201416016,84.71099853515625,85.63899993896484,0.0,14306000
2023-08-29,85.84011840820312,88.99299621582031,0.0,89.28399658203125,85.64199829101562,85.83999633789062,0.0,27822000
2023-08-30,86.0667724609375,89.22799682617188,0.0,89.87100219726562,87.91100311279297,89.23899841308594,0.0,23234000
2023-08-31,89.01932525634766,92.28900146484375,0.0,92.36699676513672,89.37699890136719,89.8010025024414,0.0,55203000
2023-09-01,84.1607894897461,87.25199890136719,0.0,90.18699645996094,86.46600341796875,90.18699645996094,0.0,65017000
2023-09-05,84.12703704833984,87.21700286865234,0.0,88.30000305175781,86.69999694824219,86.95099639892578,0.0,24808000
2023-09-06,84.13668060302734,87.22699737548828,0.0,87.73699951171875,86.67400360107422,87.25,0.0,20142000
2023-09-07,82.66667175292969,85.7030029296875,0.0,86.16899871826172,84.052001953125,85.94999694824219,0.0,27789000
2023-09-08,82.7168197631836,85.75499725341797,0.0,86.08300018310547,85.01200103759766,85.5,0.0,16810000
2023-09-11,82.87020111083984,85.91400146484375,0.0,86.9000015258789,84.56500244140625,86.87699890136719,0.0,15710000
2023-09-12,81.45999145507812,84.4520034790039,0.0,85.8270034790039,84.16600036621094,85.02400207519531,0.0,16680000
2023-09-13,82.27117919921875,85.29299926757812,0.0,85.91100311279297,84.42400360107422,84.71900177001953,0.0,17413000
2023-09-14,84.075927734375,87.16400146484375,0.0,87.66699981689453,85.5,85.90299987792969,0.0,19648000
2023-09-15,82.15062713623047,85.16799926757812,0.0,86.81600189208984,84.29000091552734,86.81600189208984,0.0,50190000
2023-09-18,81.98857879638672,85.0,0.0,85.63300323486328,84.0,84.25800323486328,0.0,16541000
2023-09-19,81.91140747070312,84.91999816894531,0.0,85.10299682617188,83.8499984741211,84.5989990234375,0.0,13126000
2023-09-20,80.55074310302734,83.05699920654297,0.46,84.9990005493164,83.03500366210938,84.9990005493164,0.0,13681000
2023-09-21,78.39676666259766,80.83599853515625,0.0,82.25,79.50900268554688,79.51100158691406,0.0,53654000
2023-09-22,80.40624237060547,82.90799713134766,0.0,83.05799865722656,81.03800201416016,81.1240005493164,0.0,27764000
2023-09-25,80.87272644042969,83.38899993896484,0.0,83.85600280761719,82.3010025024414,82.80000305175781,0.0,15648000
2023-09-26,79.15613555908203,81.61900329589844,0.0,83.0270004272461,81.12100219726562,82.91699981689453,0.0,17641000
2023-09-27,79.21626281738281,81.68099975585938,0.0,82.36799621582031,80.43800354003906,81.9260025024414,0.0,15352000
2023-09-28,80.6894302368164,83.19999694824219,0.0,83.88600158691406,81.46800231933594,82.01699829101562,0.0,16180000
2023-09-29,80.55171966552734,83.05799865722656,0.0,84.40399932861328,82.29100036621094,83.6449966430664,0.0,16481000
2023-10-02,80.97552490234375,83.49500274658203,0.0,83.85600280761719,82.3499984741211,82.90599822998047,0.0,14676000
2023-10-03,79.02424621582031,81.48300170898438,0.0,83.57499694824219,80.89099884033203,82.69999694824219,0.0,18761000
2023-10-04,79.8951416015625,82.38099670410156,0.0,83.05799865722656,81.62999725341797,82.03299713134766,0.0,16417000
2023-10-05,79.90000915527344,82.38600158691406,0.0,82.86299896240234,81.5479965209961,82.01100158691406,0.0,11474000
2023-10-06,81.97541809082031,84.5260009765625,0.0,84.83899688720703,81.1719970703125,81.94000244140625,0.0,21103000
2023-10-09,83.00536346435547,85.58799743652344,0.0,85.66100311279297,83.78299713134766,84.0459976196289,0.0,15760000
2023-10-10,83.250732421875,85.84100341796875,0.0,87.25499725341797,85.5719985961914,85.71499633789062,0.0,14718000
2023-10-11,84.81700897216797,87.45600128173828,0.0,87.53399658203125,85.65499877929688,85.97100067138672,0.0,14334000
2023-10-12,87.82734680175781,90.55999755859375,0.0,91.79299926757812,87.64299774169922,87.64299774169922,0.0,43871000
2023-10-13,85.65299224853516,88.31800079345703,0.0,92.59100341796875,88.20899963378906,90.9000015258789,0.0,28312000
2023-10-16,87.53349304199219,90.25700378417969,0.0,91.5790023803711,89.09700012207031,89.09700012207031,0.0,21150000
2023-10-17,85.77131652832031,88.44000244140625,0.0,89.2979965209961,86.5999984741211,88.51499938964844,0.0,33008000
2023-10-18,86.0263900756836,88.7030029296875,0.0,89.56300354003906,87.5199966430664,87.99500274658203,0.0,20404000
2023-10-19,84.16429901123047,86.78299713134766,0.0,88.9489974975586,86.56700134277344,88.7020034790039,0.0,26620000
2023-10-20,82.78715515136719,85.36299896240234,0.0,87.48999786376953,85.18399810791016,87.48999786376953,0.0,26953000
2023-10-23,83.6202392578125,86.22200012207031,0.0,87.36000061035156,84.28199768066406,85.7959976196289,0.0,16456000
2023-10-24,85.45223999023438,88.11100006103516,0.0,88.30000305175781,86.31199645996094,86.4000015258789,0.0,14972000
2023-10-25,82.39922332763672,84.96299743652344,0.0,87.87300109863281,84.60800170898438,87.70700073242188,0.0,21432000
2023-10-26,80.18026733398438,82.67500305175781,0.0,85.44200134277344,81.83399963378906,84.79100036621094,0.0,27917000
2023-10-27,81.30623626708984,83.83599853515625,0.0,84.02100372314453,82.85399627685547,83.0,0.0,18236000
2023-10-30,81.58651733398438,84.125,0.0,84.94300079345703,82.71499633789062,84.11000061035156,0.0,20889000
2023-10-31,81.59815216064453,84.13700103759766,0.0,84.55000305175781,83.26000213623047,84.38899993896484,0.0,14747000
2023-11-01,82.72024536132812,85.29399871826172,0.0,85.38300323486328,83.55699920654297,84.19999694824219,0.0,18684000
2023-11-02,84.50082397460938,87.12999725341797,0.0,88.05000305175781,86.0,86.19999694824219,0.0,18759000
2023-11-03,85.60450744628906,88.26799774169922,0.0,88.75,87.10600280761719,87.75,0.0,18041000
2023-11-06,85.42509460449219,88.08300018310547,0.0,88.58899688720703,87.12100219726562,88.15599822998047,0.0,12870000
2023-11-07,87.07280731201172,89.78199768066406,0.0,90.177001953125,87.61599731445312,88.23200225830078,0.0,19365000
2023-11-08,88.3636474609375,91.11299896240234,0.0,91.29100036621094,89.9000015258789,90.0,0.0,15280000
2023-11-09,88.38790130615234,91.13800048828125,0.0,92.9800033569336,90.85600280761719,91.25,0.0,24486000
2023-11-10,92.86265563964844,95.75199890136719,0.0,95.8949966430664,91.82099914550781,92.17400360107422,0.0,36272000
2023-11-13,91.83561706542969,94.69300079345703,0.0,95.23999786376953,94.0479965209961,95.00499725341797,0.0,16893000
2023-11-14,94.3600845336914,97.2959976196289,0.0,97.677001953125,95.5250015258789,96.23400115966797,0.0,23886000
2023-11-15,94.59671783447266,97.54000091552734,0.0,98.17500305175781,96.69100189208984,97.95099639892578,0.0,16099000
2023-11-16,93.05953979492188,95.95500183105469,0.0,96.87000274658203,95.052001953125,96.4000015258789,0.0,26198000
2023-11-17,94.82268524169922,97.77300262451172,0.0,98.38899993896484,95.0999984741211,95.82099914550781,0.0,19789000
2023-11-20,96.56644439697266,99.57099914550781,0.0,99.98699951171875,97.30000305175781,97.30000305175781,0.0,18674000
2023-11-21,95.15923309326172,98.12000274658203,0.0,99.0999984741211,97.16300201416016,97.5,0.0,43344000
2023-11-22,94.26697540283203,97.19999694824219,0.0,98.79900360107422,97.0999984741211,98.36900329589844,0.0,33743000
2023-11-24,94.93325805664062,97.88700103759766,0.0,97.98600006103516,96.67500305175781,97.49600219726562,0.0,23158000
2023-11-27,92.1566390991211,95.02400207519531,0.0,98.10099792480469,94.93299865722656,97.61499786376953,0.0,96962000
2023-11-28,91.77938079833984,94.63500213623047,0.0,95.08599853515625,93.41600036621094,93.99400329589844,0.0,39025000
2023-11-29,91.24404907226562,94.08300018310547,0.0,95.94300079345703,93.93699645996094,94.83399963378906,0.0,34843000
2023-11-30,89.77958679199219,92.572998046875,0.0,94.24199676513672,91.83699798583984,94.0999984741211,0.0,49571000
2023-12-01,90.19371032714844,93.0,0.0,93.38999938964844,90.80000305175781,92.24600219726562,0.0,29612000
2023-12-04,89.60889434814453,92.39700317382812,0.0,93.09700012207031,91.64399719238281,92.06400299072266,0.0,25009000
2023-12-05,88.55662536621094,91.31199645996094,0.0,91.72699737548828,90.58499908447266,91.16000366210938,0.0,37066000
2023-12-06,87.63727569580078,90.36399841308594,0.0,92.09700012207031,90.30999755859375,92.03600311279297,0.0,24813000
2023-12-07,89.44306945800781,92.22599792480469,0.0,92.41200256347656,90.36399841308594,90.55400085449219,0.0,43517000
2023-12-08,91.58055877685547,94.43000030517578,0.0,95.072998046875,91.0530014038086,92.78399658203125,0.0,69668000
2023-12-11,99.81825256347656,102.92400360107422,0.0,103.95099639892578,95.60900115966797,95.70099639892578,0.0,101184000
2023-12-12,103.99237823486328,107.22799682617188,0.0,107.93900299072266,102.45800018310547,102.79900360107422,0.0,90242000
2023-12-13,105.68084716796875,108.96900177001953,0.0,109.97799682617188,106.25399780273438,106.80000305175781,0.0,71654000
2023-12-14,107.31014251708984,110.64900207519531,0.0,112.14600372314453,109.02799987792969,109.21800231933594,0.0,66964000
2023-12-15,109.56497955322266,112.9739990234375,0.0,114.98799896240234,109.46199798583984,109.52200317382812,0.0,118544000
2023-12-18,111.2389144897461,114.69999694824219,0.0,115.18199920654297,111.86399841308594,112.08000183105469,0.0,54741000
2023-12-19,111.0274887084961,113.95800018310547,0.525,115.0459976196289,113.2509994506836,114.19999694824219,0.0,36020000
2023-12-20,108.18257904052734,111.03800201416016,0.0,114.13600158691406,110.9260025024414,113.2699966430664,0.0,34523000
2023-12-21,109.8301010131836,112.72899627685547,0.0,113.54199981689453,111.5,113.26499938964844,0.0,24106000
2023-12-22,109.312744140625,112.197998046875,0.0,113.19999694824219,111.35299682617188,112.7979965209961,0.0,19089000
2023-12-26,110.27825927734375,113.18900299072266,0.0,113.55000305175781,112.302001953125,112.42400360107422,0.0,16793000
2023-12-27,109.72097778320312,112.61699676513672,0.0,113.95700073242188,112.2959976196289,113.5999984741211,0.0,20055000
2023-12-28,109.35464477539062,112.24099731445312,0.0,113.2239990234375,111.90499877929688,113.16899871826172,0.0,21247000
2023-12-29,108.75448608398438,111.625,0.0,112.43800354003906,111.46700286865234,112.14600372314453,0.0,20558000
2024-01-02,105.74688720703125,108.53800201416016,0.0,110.19999694824219,107.70899963378906,109.21199798583984,0.0,28831000
2024-01-03,103.13578033447266,105.85800170898438,0.0,107.5,105.53099822998047,107.0199966430664,0.0,34735000
2024-01-04,102.20340728759766,104.9010009765625,0.0,106.94999694824219,104.73699951171875,105.7959976196289,0.0,25658000
2024-01-05,102.22969818115234,104.9280014038086,0.0,105.5459976196289,104.1510009765625,105.16000366210938,0.0,22475000
2024-01-08,104.720947265625,107.48500061035156,0.0,107.80000305175781,105.19999694824219,105.6500015258789,0.0,33110000
2024-01-09,105.4653091430664,108.2490005493164,0.0,108.8550033569336,106.47100067138672,106.56199645996094,0.0,23225000
2024-01-10,105.27823638916016,108.05699920654297,0.0,108.2959976196289,106.26000213623047,108.03500366210938,0.0,17643000
2024-01-11,107.1693344116211,109.99800109863281,0.0,110.12999725341797,107.45099639892578,108.43199920654297,0.0,25757000
2024-01-12,107.9195327758789,110.76799774169922,0.0,111.56900024414062,110.0009994506836,111.20999908447266,0.0,26882000
2024-01-16,108.62879943847656,111.49600219726562,0.0,112.6240005493164,109.86299896240234,111.23400115966797,0.0,26145000
2024-01-17,107.5288314819336,110.36699676513672,0.0,111.31099700927734,109.02100372314453,110.62899780273438,0.0,18314000
2024-01-18,111.4493637084961,114.39099884033203,0.0,114.65499877929688,112.18800354003906,112.48999786376953,0.0,32228000
2024-01-19,118.00531005859375,121.12000274658203,0.0,121.69999694824219,115.5999984741211,115.73100280761719,0.0,53077000
2024-01-22,118.9113998413086,122.05000305175781,0.0,123.13300323486328,120.8219985961914,121.625,0.0,31222000
2024-01-23,119.47745513916016,122.63099670410156,0.0,122.697998046875,120.35199737548828,122.0999984741211,0.0,16952000
2024-01-24,122.16258239746094,125.38700103759766,0.0,128.4550018310547,123.10099792480469,124.2300033569336,0.0,34805000
2024-01-25,119.83698272705078,123.0,0.0,128.10000610351562,122.87999725341797,128.10000610351562,0.0,36356000
2024-01-26,117.38957214355469,120.48799896240234,0.0,122.12100219726562,120.02300262451172,121.97000122070312,0.0,25818000
2024-01-29,118.64542388916016,121.7770004272461,0.0,122.36699676513672,120.4990005493164,121.49099731445312,0.0,21526000
2024-01-30,117.70913696289062,120.81600189208984,0.0,122.80000305175781,120.42900085449219,121.677001953125,0.0,20683000
2024-01-31,114.96554565429688,118.0,0.0,119.72200012207031,117.43099975585938,118.94499969482422,0.0,27400000
2024-02-01,116.91510009765625,120.0009994506836,0.0,120.30899810791016,117.91100311279297,118.73500061035156,0.0,19411000
2024-02-02,119.28551483154297,122.43399810791016,0.0,123.46900177001953,120.51499938964844,120.875,0.0,26689000
2024-02-05,121.11327362060547,124.30999755859375,0.0,124.7750015258789,122.21499633789062,122.69599914550781,0.0,22045000
2024-02-06,119.1208724975586,122.26499938964844,0.0,127.21099853515625,121.19400024414062,126.35700225830078,0.0,25354000
2024-02-07,122.47338104248047,125.70600128173828,0.0,125.95099639892578,122.66999816894531,123.4000015258789,0.0,25768000
2024-02-08,124.19786071777344,127.47599792480469,0.0,129.5970001220703,126.5009994506836,126.69999694824219,0.0,29326000
2024-02-09,125.04354095458984,128.343994140625,0.0,128.5749969482422,124.89900207519531,125.2030029296875,0.0,26293000
2024-02-12,123.24696350097656,126.5,0.0,129.0070037841797,125.9000015258789,129.00100708007812,0.0,24778000
2024-02-13,121.9462890625,125.16500091552734,0.0,125.58699798583984,122.70899963378906,123.51200103759766,0.0,31907000
2024-02-14,122.97611236572266,126.22200012207031,0.0,127.30000305175781,124.13200378417969,126.92400360107422,0.0,27306000
2024-02-15,123.2537841796875,126.50700378417969,0.0,128.0,124.48500061035156,127.99500274658203,0.0,21873000
2024-02-16,121.34516143798828,124.5479965209961,0.0,127.56800079345703,124.23899841308594,125.90399932861328,0.0,21268000
2024-02-20,119.50084686279297,122.65499877929688,0.0,123.77200317382812,121.25599670410156,123.58599853515625,0.0,26329000
2024-02-21,119.58853912353516,122.74500274658203,0.0,122.80500030517578,120.26399993896484,121.80000305175781,0.0,20579000
2024-02-22,127.13434600830078,130.49000549316406,0.0,131.09800720214844,127.64700317382812,128.17100524902344,0.0,40819000
2024-02-23,126.30327606201172,129.63699340820312,0.0,131.96200561523438,128.8820037841797,130.83700561523438,0.0,23115000
2024-02-26,127.5464859008789,130.91299438476562,0.0,131.87899780273438,130.14599609375,131.0,0.0,16282000
2024-02-27,126.28965759277344,129.6230010986328,0.0,131.19400024414062,129.2220001220703,130.91299438476562,0.0,12126000
2024-02-28,125.62615966796875,128.94200134277344,0.0,129.8520050048828,128.2969970703125,129.3000030517578,0.0,10967000
2024-02-29,126.70470428466797,130.0489959716797,0.0,130.83999633789062,128.72799682617188,130.33099365234375,0.0,27536000
2024-03-01,136.31895446777344,139.91700744628906,0.0,140.7760009765625,132.0,132.59300231933594,0.0,44488000
2024-03-04,136.6199951171875,140.2259979248047,0.0,143.81700134277344,138.5189971923828,140.31500244140625,0.0,34854000
2024-03-05,130.82203674316406,134.27499389648438,0.0,139.5,133.23699951171875,139.5,0.0,36040000
2024-03-06,131.52838134765625,135.0,0.0,139.48300170898438,134.70599365234375,139.1580047607422,0.0,43196000
2024-03-07,137.08279418945312,140.7010040283203,0.0,141.43099975585938,137.28900146484375,138.19900512695312,0.0,62832000
2024-03-08,127.50653839111328,130.8719940185547,0.0,141.3000030517578,130.1580047607422,139.4250030517578,0.0,74025000
2024-03-11,125.98664855957031,129.31199645996094,0.0,129.90199279785156,125.25599670410156,127.79299926757812,0.0,31105000
2024-03-12,125.8658447265625,129.18800354003906,0.0,130.7790069580078,125.9280014038086,130.6999969482422,0.0,42789000
2024-03-13,122.55230712890625,125.78700256347656,0.0,128.28799438476562,125.23600006103516,128.28799438476562,0.0,37838000
2024-03-14,122.98098754882812,126.22699737548828,0.0,127.31300354003906,124.77100372314453,126.25399780273438,0.0,38029000
2024-03-15,120.37283325195312,123.55000305175781,0.0,126.73699951171875,123.00700378417969,125.34600067138672,0.0,88823000
2024-03-18,120.54235076904297,123.7239990234375,0.0,126.28800201416016,123.16999816894531,125.39800262451172,0.0,25737000
2024-03-19,120.61737823486328,123.8010025024414,0.0,124.0270004272461,120.4020004272461,121.69499969482422,0.0,24491000
2024-03-20,124.8481216430664,127.5999984741211,0.525,128.7989959716797,122.65899658203125,123.9020004272461,0.0,40946000
2024-03-21,131.89285278320312,134.8000030517578,0.0,140.36099243164062,131.60000610351562,132.83200073242188,0.0,72468000
2024-03-22,132.4280548095703,135.3470001220703,0.0,137.6219940185547,134.61500549316406,135.0,0.0,38624000
2024-03-25,132.24313354492188,135.1580047607422,0.0,135.843994140625,133.7469940185547,134.5030059814453,0.0,21237000
2024-03-26,130.27745056152344,133.1490020751953,0.0,137.99400329589844,133.05099487304688,136.468994140625,0.0,23522000
2024-03-27,129.02894592285156,131.8730010986328,0.0,135.0,129.6020050048828,135.0,0.0,25583000
2024-03-28,129.68255615234375,132.54100036621094,0.0,133.00900268554688,131.1529998779297,131.7899932861328,0.0,19856000
2024-04-01,132.1139678955078,135.0260009765625,0.0,136.29800415039062,132.54100036621094,132.5679931640625,0.0,17252000
2024-04-02,130.98878479003906,133.87600708007812,0.0,134.23699951171875,130.34100341796875,131.57899475097656,0.0,24694000
2024-04-03,133.3810272216797,136.3209991455078,0.0,137.6820068359375,132.52699279785156,132.8000030517578,0.0,28650000
2024-04-04,128.90863037109375,131.75,0.0,140.3979949951172,131.5,138.53199768066406,0.0,27014000
2024-04-05,131.0543212890625,133.9429931640625,0.0,136.1230010986328,131.4199981689453,132.60000610351562,0.0,19438000
2024-04-08,130.728515625,133.61000061035156,0.0,134.25,131.5749969482422,133.36500549316406,0.0,17139000
2024-04-09,130.53086853027344,133.4080047607422,0.0,135.947998046875,130.86399841308594,135.73699951171875,0.0,17986000
2024-04-10,129.38514709472656,132.23699951171875,0.0,133.5749969482422,131.54800415039062,132.3000030517578,0.0,17467000
2024-04-11,135.2645263671875,138.24600219726562,0.0,139.18699645996094,132.36500549316406,133.26800537109375,0.0,31713000
2024-04-12,131.50833129882812,134.40699768066406,0.0,136.6510009765625,133.66200256347656,135.2010040283203,0.0,27823000
2024-04-15,128.24229431152344,131.06900024414062,0.0,137.0,130.60000610351562,137.0,0.0,24370000
2024-04-16,130.03968811035156,132.906005859375,0.0,133.6320037841797,131.10000610351562,131.53799438476562,0.0,18923000
2024-04-17,125.49683380126953,128.26300048828125,0.0,134.6999969482422,128.14199829101562,134.31100463867188,0.0,24718000
2024-04-18,123.1838150024414,125.89900207519531,0.0,129.26499938964844,125.5459976196289,128.8000030517578,0.0,24888000
2024-04-19,117.87287139892578,120.47100067138672,0.0,126.0,119.75599670410156,125.89900207519531,0.0,44797000
2024-04-22,119.8052749633789,122.44599914550781,0.0,123.31999969482422,120.05400085449219,122.44999694824219,0.0,25162000
2024-04-23,122.2249526977539,124.91899871826172,0.0,125.79000091552734,122.802001953125,122.81700134277344,0.0,22025000
2024-04-24,122.97148895263672,125.68199920654297,0.0,128.56199645996094,124.49600219726562,126.38999938964844,0.0,20108000
2024-04-25,126.6504135131836,129.44200134277344,0.0,130.80299377441406,125.69999694824219,127.24500274658203,0.0,30410000
2024-04-26,131.50833129882812,134.40699768066406,0.0,135.58299255371094,130.31300354003906,131.0,0.0,24100000
2024-04-29,130.97508239746094,133.86199951171875,0.0,135.29800415039062,132.57000732421875,134.4080047607422,0.0,13372000
2024-04-30,127.22278594970703,130.02699279785156,0.0,134.8350067138672,129.90499877929688,132.88800048828125,0.0,22113000
2024-05-01,121.60560607910156,124.28600311279297,0.0,129.23699951171875,124.13500213623047,127.83300018310547,0.0,30958000
2024-05-02,121.18585205078125,123.85700225830078,0.0,126.44499969482422,122.33100128173828,125.62799835205078,0.0,29480000
2024-05-03,125.0545654296875,127.81099700927734,0.0,128.38800048828125,124.71399688720703,125.9000015258789,0.0,24898000
2024-05-06,128.2051239013672,131.031005859375,0.0,131.07699584960938,127.50700378417969,128.6219940185547,0.0,16287000
2024-05-07,127.50064849853516,130.31100463867188,0.0,131.8990020751953,129.67599487304688,131.6439971923828,0.0,12413000
2024-05-08,129.67864990234375,132.53700256347656,0.0,133.79100036621094,128.8489990234375,129.35000610351562,0.0,13918000
2024-05-09,127.75115203857422,130.56700134277344,0.0,132.16099548339844,130.1999969482422,131.7830047607422,0.0,12170000
2024-05-10,130.4056396484375,133.27999877929688,0.0,134.39999389648438,131.531005859375,131.531005859375,0.0,16300000
2024-05-13,130.86647033691406,133.75100708007812,0.0,135.83900451660156,133.01100158691406,134.8000030517578,0.0,18507000
2024-05-14,135.0267791748047,138.0030059814453,0.0,138.19900512695312,132.5800018310547,133.23399353027344,0.0,19420000
2024-05-15,140.51971435546875,143.61700439453125,0.0,143.89500427246094,136.9980010986328,138.0,0.0,32757000
2024-05-16,138.1675567626953,141.21299743652344,0.0,144.5399932861328,140.50599670410156,142.60000610351562,0.0,28395000
2024-05-17,136.51986694335938,139.5290069580078,0.0,141.9530029296875,138.17799377441406,141.24200439453125,0.0,18174000
2024-05-20,138.3534393310547,141.4029998779297,0.0,141.69400024414062,139.3159942626953,139.60000610351562,0.0,27170000
2024-05-21,136.9024200439453,139.9199981689453,0.0,140.93899536132812,139.3459930419922,139.8679962158203,0.0,15333000
2024-05-22,136.22142028808594,139.2239990234375,0.0,140.5,138.4219970703125,139.6009979248047,0.0,21002000
2024-05-23,136.3241424560547,139.32899475097656,0.0,142.89999389648438,137.8000030517578,142.84300231933594,0.0,31039000
2024-05-24,137.74778747558594,140.78399658203125,0.0,141.35800170898438,139.20199584960938,139.97900390625,0.0,16730000
2024-05-28,138.19883728027344,141.2449951171875,0.0,141.71800231933594,139.25399780273438,141.0,0.0,22919000
2024-05-29,136.06781005859375,139.06700134277344,0.0,139.91000366210938,138.3000030517578,139.91000366210938,0.0,26861000
2024-05-30,133.46617126464844,136.4080047607422,0.0,138.2779998779297,135.56399536132812,137.89999389648438,0.0,21717000
2024-05-31,129.9897918701172,132.85499572753906,0.0,136.2550048828125,130.7259979248047,136.13600158691406,0.0,73091000
2024-06-03,129.3391571044922,132.19000244140625,0.0,135.3000030517578,130.2530059814453,135.27000427246094,0.0,26278000
2024-06-04,130.2119140625,133.08200073242188,0.0,133.19900512695312,130.7010040283203,132.0399932861328,0.0,23048000
2024-06-05,138.261474609375,141.3090057373047,0.0,141.43499755859375,134.0540008544922,134.60000610351562,0.0,32947000
2024-06-06,137.10494995117188,140.1269989013672,0.0,142.2689971923828,138.82400512695312,142.18699645996094,0.0,20172000
2024-06-07,137.63038635253906,140.66400146484375,0.0,142.5,139.70199584960938,140.7779998779297,0.0,17859000
2024-06-10,140.94044494628906,144.0469970703125,0.0,144.90499877929688,140.91299438476562,140.97999572753906,0.0,31042000
2024-06-11,142.9520721435547,146.10299682617188,0.0,146.50100708007812,141.6230010986328,143.82000732421875,0.0,34844000
2024-06-12,146.32569885253906,149.55099487304688,0.0,150.5800018310547,147.63999938964844,150.0,0.0,56697000
2024-06-13,164.27801513671875,167.8990020751953,0.0,173.5850067138672,165.2519989013672,171.0,0.0,89061000
2024-06-14,169.76214599609375,173.50399780273438,0.0,174.7239990234375,168.2100067138672,168.68600463867188,0.0,69705000
2024-06-17,178.94277954101562,182.88699340820312,0.0,184.3000030517578,177.85800170898438,180.0,0.0,87528000
2024-06-18,176.36459350585938,180.2519989013672,0.0,185.16200256347656,178.50100708007812,183.95899963378906,0.0,86797000
2024-06-20,169.7151641845703,173.45599365234375,0.0,180.47500610351562,172.2220001220703,180.3459930419922,0.0,68157000
2024-06-21,162.2859344482422,165.86300659179688,0.0,171.39999389648438,165.14199829101562,169.5659942626953,0.0,99289000
2024-06-24,156.2818145751953,159.2209930419922,0.525,166.10000610351562,159.0659942626953,164.2050018310547,0.0,58575000
2024-06-25,155.1609344482422,158.07899475097656,0.0,160.60400390625,156.39999389648438,160.01300048828125,0.0,53329000
2024-06-26,156.26123046875,159.1999969482422,0.0,161.8179931640625,157.35899353027344,159.76199340820312,0.0,46479000
2024-06-27,155.73707580566406,158.66600036621094,0.0,160.56199645996094,157.10000610351562,159.1999969482422,0.0,31649000
2024-06-28,157.5892333984375,160.55299377441406,0.0,163.92300415039062,158.60000610351562,159.58799743652344,0.0,69377000
2024-07-01,161.0511474609375,164.0800018310547,0.0,164.875,159.35000610351562,160.82000732421875,0.0,47623000
2024-07-02,162.68836975097656,165.7480010986328,0.0,165.9199981689453,162.1999969482422,164.0800018310547,0.0,32539000
2024-07-03,169.72994995117188,172.9219970703125,0.0,172.9219970703125,166.4459991455078,167.0,0.0,39954000
2024-07-05,167.18675231933594,170.33099365234375,0.0,176.5469970703125,169.60000610351562,175.55599975585938,0.0,45240000
2024-07-08,171.3632049560547,174.58599853515625,0.0,175.69000244140625,170.5,170.5,0.0,36398000
2024-07-09,170.13136291503906,173.33099365234375,0.0,177.09800720214844,170.55599975585938,175.656005859375,0.0,37802000
2024-07-10,171.2483673095703,174.468994140625,0.0,176.6490020751953,172.63600158691406,174.60000610351562,0.0,41074000
2024-07-11,167.4458770751953,170.59500122070312,0.0,176.48699951171875,166.85000610351562,176.46600341796875,0.0,51026000
2024-07-12,166.9276123046875,170.06700134277344,0.0,172.59100341796875,169.13099670410156,171.10299682617188,0.0,30453000
2024-07-15,168.25564575195312,171.4199981689453,0.0,173.50999450683594,169.25999450683594,170.0,10.0,22999200
2024-07-16,166.25332641601562,169.3800048828125,0.0,172.80999755859375,166.39999389648438,172.39999389648438,0.0,22244900
2024-07-17,153.1006622314453,155.97999572753906,0.0,162.83999633789062,155.61000061035156,162.30999755859375,0.0,43343400
2024-07-18,157.55686950683594,160.52000427246094,0.0,161.50999450683594,153.89999389648438,158.88999938964844,0.0,37973500
2024-07-19,154.44540405273438,157.35000610351562,0.0,163.9499969482422,157.1199951171875,161.83999633789062,0.0,26309500
2024-07-22,158.0868682861328,161.05999755859375,0.0,162.99000549316406,157.89999389648438,160.22999572753906,0.0,28813300
2024-07-23,160.7468719482422,163.77000427246094,0.0,165.3300018310547,159.89999389648438,160.39999389648438,0.0,21570200
2024-07-24,148.5463409423828,151.33999633789062,0.0,161.41000366210938,151.10000610351562,160.35000610351562,0.0,37162600
2024-07-25,146.5047149658203,149.25999450683594,0.0,153.5500030517578,145.52000427246094,151.25999450683594,0.0,30872100
2024-07-26,148.8309783935547,151.6300048828125,0.0,153.5800018310547,149.9199981689453,153.5,0.0,20839900
2024-07-29,147.44700622558594,150.22000122070312,0.0,155.0,149.14999389648438,152.02000427246094,0.0,16625800
2024-07-30,140.8706817626953,143.52000427246094,0.0,153.47000122070312,143.35000610351562,153.27999877929688,0.0,31102300
2024-07-31,157.71388244628906,160.67999267578125,0.0,161.3300018310547,151.0,151.47000122070312,0.0,45827500
2024-08-01,144.30609130859375,147.02000427246094,0.0,158.91000366210938,146.1699981689453,157.5,0.0,40320000
2024-08-02,141.16514587402344,143.82000732421875,0.0,145.35000610351562,139.60000610351562,141.92999267578125,0.0,33745800
2024-08-05,139.45726013183594,142.0800018310547,0.0,145.4199981689453,128.5,129.61000061035156,0.0,41309300
2024-08-06,141.2633056640625,143.9199981689453,0.0,148.91000366210938,140.25,141.72999572753906,0.0,24751300
2024-08-07,133.75450134277344,136.27000427246094,0.0,150.10000610351562,135.8300018310547,148.25,0.0,29749800
2024-08-08,143.04971313476562,145.74000549316406,0.0,146.27000427246094,138.39999389648438,141.1999969482422,0.0,27583200
2024-08-09,145.5231475830078,148.25999450683594,0.0,149.5500030517578,144.11000061035156,144.1999969482422,0.0,18438700
2024-08-12,145.87652587890625,148.6199951171875,0.0,151.1300048828125,146.3699951171875,148.0800018310547,0.0,17778500
2024-08-13,153.27734375,156.16000366210938,0.0,156.3800048828125,149.80999755859375,151.5500030517578,0.0,22053600
2024-08-14,154.7790985107422,157.69000244140625,0.0,160.25,154.72000122070312,158.02000427246094,0.0,20184200
2024-08-15,163.06332397460938,166.1300048828125,0.0,166.6699981689453,160.33999633789062,161.1999969482422,0.0,27945000
2024-08-16,162.66087341308594,165.72000122070312,0.0,166.08999633789062,162.67999267578125,164.47000122070312,0.0,19296900
2024-08-19,164.61415100097656,167.7100067138672,0.0,167.8300018310547,160.4199981689453,164.86000061035156,0.0,20441700
2024-08-20,162.88661193847656,165.9499969482422,0.0,168.3699951171875,164.14999389648438,167.0500030517578,0.0,19417500
2024-08-21,162.71975708007812,165.77999877929688,0.0,166.47000122070312,162.8800048828125,165.1199951171875,0.0,16097700
2024-08-22,159.34326171875,162.33999633789062,0.0,172.4199981689453,161.49000549316406,170.83999633789062,0.0,30044500
2024-08-23,163.2890625,166.36000061035156,0.0,168.27999877929688,163.4600067138672,165.02999877929688,0.0,18848000
2024-08-26,156.67347717285156,159.6199951171875,0.0,165.6999969482422,158.66000366210938,164.9600067138672,0.0,18521200
2024-08-27,158.41079711914062,161.38999938964844,0.0,162.02999877929688,155.8300018310547,157.60000610351562,0.0,16683100
2024-08-28,155.2600555419922,158.17999267578125,0.0,162.27999877929688,156.25,160.0800018310547,0.0,18063600
2024-08-29,154.0331268310547,156.92999267578125,0.0,163.1999969482422,155.41000366210938,158.49000549316406,0.0,23519300
2024-08-30,159.81442260742188,162.82000732421875,0.0,163.24000549316406,158.7100067138672,161.1199951171875,0.0,25158500
2024-09-03,149.96954345703125,152.7899932861328,0.0,160.74000549316406,151.3800048828125,160.3800048828125,0.0,37179100
2024-09-04,151.27500915527344,154.1199951171875,0.0,157.7899932861328,149.14999389648438,150.3000030517578,0.0,20324100
2024-09-05,149.9990234375,152.82000732421875,0.0,156.36000061035156,150.11000061035156,150.57000732421875,0.0,31548500
2024-09-06,134.47103881835938,137.0,0.0,143.5,136.60000610351562,143.25,0.0,76634600
2024-09-09,138.22052001953125,140.82000732421875,0.0,141.58999633789062,134.89999389648438,139.11000061035156,0.0,39516700
2024-09-10,145.47412109375,148.2100067138672,0.0,149.86000061035156,141.0399932861328,141.22000122070312,0.0,36067500
2024-09-11,155.34841918945312,158.27000427246094,0.0,158.8699951171875,145.0399932861328,148.38999938964844,0.0,39700800
2024-09-12,161.5222930908203,164.55999755859375,0.0,166.32000732421875,156.8300018310547,158.10000610351562,0.0,43530700
2024-09-13,164.59449768066406,167.69000244140625,0.0,168.0800018310547,164.0399932861328,166.74000549316406,0.0,29850000
2024-09-16,160.9922637939453,164.02000427246094,0.0,165.5,160.41000366210938,165.19000244140625,0.0,26126900
2024-09-17,159.4708709716797,162.47000122070312,0.0,166.02000427246094,160.6999969482422,165.49000549316406,0.0,19844300
2024-09-18,158.68563842773438,161.6699981689453,0.0,167.47000122070312,161.36000061035156,163.77000427246094,0.0,26557600
2024-09-19,164.86996459960938,167.4199981689453,0.53,170.0,165.66000366210938,167.67999267578125,0.0,32453100
2024-09-20,168.49392700195312,171.10000610351562,0.0,172.02000427246094,166.47000122070312,167.17999267578125,0.0,91758500
2024-09-23,170.30587768554688,172.94000244140625,0.0,173.32000732421875,168.35000610351562,172.0,0.0,29431100
2024-09-24,172.17697143554688,174.83999633789062,0.0,175.99000549316406,171.67999267578125,172.80999755859375,0.0,34223400
2024-09-25,172.8466033935547,175.52000427246094,0.0,177.13999938964844,173.75999450683594,174.64999389648438,0.0,16613800
2024-09-26,175.37745666503906,178.08999633789062,0.0,180.25,175.0,178.5,0.0,24340000
2024-09-27,170.05970764160156,172.69000244140625,0.0,178.47000122070312,171.75999450683594,178.1699981689453,0.0,20580900
2024-09-30,169.87258911132812,172.5,0.0,172.9199981689453,169.6300048828125,171.8699951171875,0.0,16902000
2024-10-01,164.91921997070312,167.47000122070312,0.0,172.25,165.8000030517578,172.16000366210938,0.0,23770400
2024-10-02,168.06063842773438,170.66000366210938,0.0,172.83999633789062,167.02000427246094,167.5500030517578,0.0,14317800
2024-10-03,169.27188110351562,171.88999938964844,0.0,174.94000244140625,169.19000244140625,169.6199951171875,0.0,13072300
2024-10-04,173.94952392578125,176.63999938964844,0.0,176.89999389648438,172.60000610351562,176.3000030517578,0.0,17921400
2024-10-07,172.41329956054688,175.0800018310547,0.0,178.30999755859375,173.86000061035156,174.82000732421875,0.0,15588300
2024-10-08,177.9772491455078,180.72999572753906,0.0,181.60000610351562,174.88999938964844,175.4199981689453,0.0,20774200
2024-10-09,183.1177520751953,185.9499969482422,0.0,186.4199981689453,176.4199981689453,179.24000549316406,0.0,25504100
2024-10-10,182.8616943359375,185.69000244140625,0.0,186.30999755859375,182.52999877929688,183.55999755859375,0.0,16318000
2024-10-11,178.71583557128906,181.47999572753906,0.0,182.58999633789062,177.39999389648438,181.13999938964844,0.0,23070000
2024-10-14,179.53317260742188,182.30999755859375,0.0,184.9499969482422,180.1300048828125,183.3000030517578,0.0,17195800
2024-10-15,173.29959106445312,175.97999572753906,0.0,181.6999969482422,173.3699951171875,180.7899932861328,0.0,27657500
2024-10-16,174.12680053710938,176.82000732421875,0.0,179.25,175.3300018310547,178.50999450683594,0.0,15285100
2024-10-17,178.7650604248047,181.52999877929688,0.0,185.50999450683594,180.69000244140625,181.3699951171875,0.0,25232400
2024-10-18,177.15005493164062,179.88999938964844,0.0,182.7100067138672,178.67999267578125,182.32000732421875,0.0,17835200
2024-10-21,177.24851989746094,179.99000549316406,0.0,181.72000122070312,178.25,179.3800048828125,0.0,13695100
2024-10-22,176.64781188964844,179.3800048828125,0.0,180.69000244140625,177.41000366210938,178.66000366210938,0.0,12062600
2024-10-23,170.8672332763672,173.50999450683594,0.0,178.97999572753906,172.57000732421875,177.58999633789062,0.0,19513700
2024-10-24,168.74012756347656,171.35000610351562,0.0,174.3000030517578,169.5,174.25999450683594,0.0,20485200
2024-10-25,170.364990234375,173.0,0.0,176.8000030517578,172.72000122070312,174.19000244140625,0.0,19977700
2024-10-28,169.39993286132812,172.02000427246094,0.0,173.97000122070312,171.35000610351562,173.0,0.0,13195800
2024-10-29,176.50994873046875,179.24000549316406,0.0,180.22999572753906,171.2100067138672,172.44000244140625,0.0,23702300
2024-10-30,173.94952392578125,176.63999938964844,0.0,179.19000244140625,175.6199951171875,177.47000122070312,0.0,17911500
2024-10-31,167.1841583251953,169.77000427246094,0.0,174.4499969482422,167.3800048828125,174.4499969482422,0.0,26086600
2024-11-01,166.3471221923828,168.9199981689453,0.0,171.3300018310547,167.5,168.25999450683594,0.0,17847000
2024-11-04,165.9827423095703,168.5500030517578,0.0,172.4499969482422,168.4199981689453,169.27999877929688,0.0,13621300
2024-11-05,171.2512664794922,173.89999389648438,0.0,174.39999389648438,170.0500030517578,170.0500030517578,0.0,13441800
2024-11-06,176.8152313232422,179.5500030517578,0.0,180.2100067138672,175.9600067138672,179.6300048828125,0.0,24300800
2024-11-07,181.01034545898438,183.80999755859375,0.0,184.8699951171875,181.7899932861328,181.99000549316406,0.0,18970600
2024-11-08,180.84292602539062,183.63999938964844,0.0,185.0500030517578,181.8300018310547,182.99000549316406,0.0,13503200
2024-11-11,176.1849822998047,178.91000366210938,0.0,183.6300048828125,176.82000732421875,183.39999389648438,0.0,17036700
2024-11-12,173.53594970703125,176.22000122070312,0.0,179.55999755859375,173.1999969482422,178.89999389648438,0.0,15862000
2024-11-13,170.9361572265625,173.5800018310547,0.0,175.58999633789062,172.60000610351562,174.7100067138672,0.0,17472500
2024-11-14,167.78488159179688,170.3800048828125,0.0,175.57000732421875,169.8699951171875,174.77000427246094,0.0,20638900
2024-11-15,162.32925415039062,164.83999633789062,0.0,169.13999938964844,163.42999267578125,168.47000122070312,0.0,20836200
2024-11-18,163.14662170410156,165.6699981689453,0.0,166.35000610351562,162.22000122070312,165.66000366210938,0.0,17856900
2024-11-19,162.83151245117188,165.35000610351562,0.0,166.8000030517578,164.30999755859375,166.66000366210938,0.0,18003400
2024-11-20,160.76348876953125,163.25,0.0,165.5399932861328,160.86000061035156,165.5399932861328,0.0,17196700
2024-11-21,161.4429931640625,163.94000244140625,0.0,166.33999633789062,160.60000610351562,166.25,0.0,24835300
2024-11-22,161.72854614257812,164.22999572753906,0.0,164.91000366210938,162.39999389648438,164.3000030517578,0.0,17332500
2024-11-25,162.30958557128906,164.82000732421875,0.0,167.22999572753906,162.88999938964844,165.39999389648438,0.0,26850600
2024-11-26,162.23080444335938,164.74000549316406,0.0,166.3699951171875,162.69000244140625,164.60000610351562,0.0,16308800
2024-11-27,157.23802185058594,159.6699981689453,0.0,163.1999969482422,157.5399932861328,163.1999969482422,0.0,19722700
2024-11-29,159.611328125,162.0800018310547,0.0,162.69000244140625,159.0800018310547,159.57000732421875,0.0,11024000
2024-12-02,163.97381591796875,166.50999450683594,0.0,168.3800048828125,162.75,162.9499969482422,0.0,21472400
2024-12-03,165.58885192871094,168.14999389648438,0.0,168.27000427246094,164.02999877929688,164.47999572753906,0.0,17024400
2024-12-04,167.96214294433594,170.55999755859375,0.0,175.38999938964844,168.55999755859375,173.44000244140625,0.0,32748200
2024-12-05,167.87351989746094,170.47000122070312,0.0,172.39999389648438,169.1999969482422,170.75,0.0,18490000
2024-12-06,176.79554748535156,179.52999877929688,0.0,180.67999267578125,169.3300018310547,170.10000610351562,0.0,27830800
2024-12-09,176.2145233154297,178.94000244140625,0.0,180.7899932861328,176.02000427246094,178.9499969482422,0.0,20886300
2024-12-10,169.193115234375,171.80999755859375,0.0,178.5,169.72999572753906,177.80999755859375,0.0,27762600
2024-12-11,180.4096221923828,183.1999969482422,0.0,184.8699951171875,176.42999267578125,180.00999450683594,0.0,41295200
2024-12-12,177.9083251953125,180.66000366210938,0.0,182.0,175.99000549316406,180.92999267578125,0.0,46967200
2024-12-13,221.3760223388672,224.8000030517578,0.0,228.6999969482422,211.11000061035156,213.89999389648438,0.0,121336600
2024-12-16,246.1921844482422,250.0,0.0,251.8800048828125,230.80999755859375,231.7899932861328,0.0,111623200
2024-12-17,236.5709991455078,240.22999572753906,0.0,242.47000122070312,233.8000030517578,240.64999389648438,0.0,70382100
2024-12-18,220.21395874023438,223.6199951171875,0.0,239.85000610351562,219.22000122070312,239.41000366210938,0.0,53960100
2024-12-19,214.99472045898438,218.32000732421875,0.0,228.0500030517578,217.5800018310547,227.91000366210938,0.0,40845200
2024-12-20,217.42709350585938,220.7899932861328,0.0,230.2899932861328,218.91000366210938,220.36000061035156,0.0,131910400
2024-12-23,229.42410278320312,232.35000610351562,0.59,233.39999389648438,225.1300048828125,226.69000244140625,0.0,40643800
2024-12-24,236.66175842285156,239.67999267578125,0.0,240.22999572753906,234.8000030517578,240.1199951171875,0.0,22827200
2024-12-26,242.27023315429688,245.36000061035156,0.0,247.27999877929688,237.60000610351562,240.0,0.0,28459000
2024-12-27,238.70570373535156,241.75,0.0,245.77999877929688,236.35000610351562,245.63999938964844,0.0,29282200
2024-12-30,232.6134033203125,235.5800018310547,0.0,238.77000427246094,231.6199951171875,234.6999969482422,0.0,27316800
2024-12-31,228.9204864501953,231.83999633789062,0.0,237.4600067138672,231.30999755859375,235.8800048828125,0.0,17927700
2025-01-02,229.05873107910156,231.97999572753906,0.0,239.5,230.24000549316406,236.16000366210938,0.0,31525800
2025-01-03,229.62155151367188,232.5500030517578,0.0,236.49000549316406,229.0,233.58999633789062,0.0,24973200
2025-01-06,233.4329376220703,236.41000366210938,0.0,241.75,233.3000030517578,236.5,0.0,34028400
2025-01-07,225.7607879638672,228.63999938964844,0.0,239.5,227.60000610351562,239.5,0.0,25928600
2025-01-08,226.42234802246094,229.30999755859375,0.0,232.47000122070312,226.05999755859375,229.6999969482422,0.0,18756500
2025-01-10,221.48532104492188,224.30999755859375,0.0,227.8300018310547,221.25,227.3000030517578,0.0,23864000
2025-01-13,222.45297241210938,225.2899932861328,0.0,229.25999450683594,219.50999450683594,219.99000549316406,0.0,23772100
2025-01-14,221.8704071044922,224.6999969482422,0.0,230.25999450683594,223.10000610351562,226.57000732421875,0.0,18143100
2025-01-15,225.1288604736328,228.0,0.0,230.33999633789062,225.5800018310547,228.5500030517578,0.0,21745600
2025-01-16,226.5211181640625,229.41000366210938,0.0,238.60000610351562,229.2100067138672,235.22000122070312,0.0,23471900
2025-01-17,234.44996643066406,237.44000244140625,0.0,238.10000610351562,232.66000366210938,237.0800018310547,0.0,31196600
2025-01-21,237.28384399414062,240.30999755859375,0.0,242.75,237.39999389648438,241.5,0.0,30903200
2025-01-22,237.87628173828125,240.91000366210938,0.0,246.99000549316406,240.69000244140625,246.75,0.0,29610500
2025-01-23,237.25421142578125,240.27999877929688,0.0,240.39999389648438,236.1199951171875,238.41000366210938,0.0,17653900
2025-01-24,241.61856079101562,244.6999969482422,0.0,249.58999633789062,241.91000366210938,244.6999969482422,0.0,25387800
2025-01-27,199.5846405029297,202.1300048828125,0.0,218.42999267578125,196.22999572753906,213.39999389648438,0.0,90569400
2025-01-28,204.748779296875,207.36000061035156,0.0,209.9499969482422,198.88999938964844,208.00999450683594,0.0,50316000
2025-01-29,203.75149536132812,206.35000610351562,0.0,211.4499969482422,202.77000427246094,208.83999633789062,0.0,32533700
2025-01-30,212.9442596435547,215.66000366210938,0.0,221.9600067138672,213.6999969482422,218.57000732421875,0.0,42449500
2025-01-31,218.4835968017578,221.27000427246094,0.0,226.8000030517578,216.3000030517578,219.66000366210938,0.0,41104700
2025-02-03,214.98817443847656,217.72999572753906,0.0,220.94000244140625,213.50999450683594,215.4600067138672,0.0,24507300
2025-02-04,219.6289825439453,222.42999267578125,0.0,223.02999877929688,215.3000030517578,219.35000610351562,0.0,23768500
2025-02-05,229.0784912109375,232.0,0.0,237.92999267578125,227.5,233.94000244140625,0.0,29196000
2025-02-06,228.446533203125,231.36000061035156,0.0,234.8000030517578,228.55999755859375,234.5,0.0,21169500
2025-02-07,222.0382537841797,224.8699951171875,0.0,235.64999389648438,224.11000061035156,235.0,0.0,22117500
2025-02-10,232.0802001953125,235.0399932861328,0.0,235.82000732421875,227.1199951171875,227.42999267578125,0.0,23901600
2025-02-11,232.0802001953125,235.0399932861328,0.0,237.88999938964844,229.97000122070312,232.47999572753906,0.0,18476200
2025-02-12,233.37368774414062,236.35000610351562,0.0,236.47999572753906,230.0,230.36000061035156,0.0,16397300
2025-02-13,232.83062744140625,235.8000030517578,0.0,236.9499969482422,230.72999572753906,236.05999755859375,0.0,20962000
2025-02-14,230.10537719726562,233.0399932861328,0.0,235.74000549316406,228.89999389648438,234.52999877929688,0.0,16988800
2025-02-18,225.6521759033203,228.52999877929688,0.0,232.1999969482422,224.3000030517578,230.10000610351562,0.0,26080500
2025-02-19,225.8496551513672,228.72999572753906,0.0,229.07000732421875,224.39999389648438,227.85000610351562,0.0,16375500
2025-02-20,223.88473510742188,226.74000549316406,0.0,228.97999572753906,222.75,228.64999389648438,0.0,16104000
2025-02-21,215.90646362304688,218.66000366210938,0.0,227.75,215.6300048828125,225.64999389648438,0.0,24883600
2025-02-24,205.3115692138672,207.92999267578125,0.0,219.47999572753906,207.5399932861328,218.60000610351562,0.0,33050400
2025-02-25,199.9894561767578,202.5399932861328,0.0,208.63999938964844,200.9199981689453,207.0,0.0,33100800
2025-02-26,210.25851440429688,212.94000244140625,0.0,213.5399932861328,206.0,206.91000366210938,0.0,21368300
2025-02-27,195.3091583251953,197.8000030517578,0.0,219.25,197.39999389648438,217.27999877929688,0.0,27572900
2025-02-28,196.9186248779297,199.42999267578125,0.0,201.19000244140625,193.14999389648438,195.75999450683594,0.0,39747200
2025-03-03,185.010498046875,187.3699951171875,0.0,204.05999755859375,184.52999877929688,204.0,0.0,37435600
2025-03-04,185.11911010742188,187.47999572753906,0.0,193.9499969482422,180.47999572753906,189.22000122070312,0.0,37910500
2025-03-05,189.16749572753906,191.5800018310547,0.0,194.0800018310547,187.10000610351562,191.86000061035156,0.0,25644500
2025-03-06,177.1902313232422,179.4499969482422,0.0,186.8300018310547,177.61000061035156,181.0399932861328,0.0,56864100
2025-03-07,192.50494384765625,194.9600067138672,0.0,195.47999572753906,181.55999755859375,187.72999572753906,0.0,74528900
2025-03-10,182.1272735595703,184.4499969482422,0.0,191.97999572753906,180.42999267578125,189.60000610351562,0.0,44217100
2025-03-11,187.69622802734375,190.08999633789062,0.0,195.6199951171875,185.35000610351562,188.0500030517578,0.0,42153200
2025-03-12,191.7841033935547,194.22999572753906,0.0,199.97999572753906,192.4499969482422,196.22000122070312,0.0,30409700
2025-03-13,188.95025634765625,191.36000061035156,0.0,196.32000732421875,189.47000122070312,193.14999389648438,0.0,27236100
2025-03-14,193.07760620117188,195.5399932861328,0.0,197.5,193.1999969482422,196.1999969482422,0.0,25900900
2025-03-17,192.05072021484375,194.5,0.0,196.72000122070312,187.5,188.0500030517578,0.0,26830600
2025-03-18,186.2941436767578,188.6699981689453,0.0,192.88999938964844,186.89999389648438,190.44000244140625,0.0,24951000
2025-03-19,193.1072540283203,195.57000732421875,0.0,198.27000427246094,186.89999389648438,189.33999633789062,0.0,37962700
2025-03-20,188.7098846435547,190.5399932861328,0.59,193.83999633789062,188.94000244140625,191.52000427246094,0.0,31430000
2025-03-21,189.8191375732422,191.66000366210938,0.0,192.07000732421875,187.3699951171875,188.2100067138672,0.0,43086500
2025-03-24,189.41305541992188,191.25,0.0,196.69000244140625,190.6699981689453,194.3000030517578,0.0,33180300
2025-03-25,186.45176696777344,188.25999450683594,0.0,191.60000610351562,187.67999267578125,190.88999938964844,0.0,23417300
2025-03-26,177.5481414794922,179.27000427246094,0.0,188.05999755859375,177.5800018310547,186.66000366210938,0.0,30578500
2025-03-27,170.3380584716797,171.99000549316406,0.0,178.3800048828125,170.4600067138672,177.66000366210938,0.0,32151700
2025-03-28,167.49562072753906,169.1199951171875,0.0,173.3000030517578,166.47000122070312,171.92999267578125,0.0,30391500
2025-03-31,165.8218536376953,167.42999267578125,0.0,167.94000244140625,160.6199951171875,164.49000549316406,0.0,35656400
2025-04-01,166.90139770507812,168.52000427246094,0.0,168.7100067138672,163.4199981689453,166.3699951171875,0.0,20472400
2025-04-02,170.43710327148438,172.08999633789062,0.0,173.42999267578125,165.5,166.0800018310547,0.0,19523700
2025-04-03,152.53074645996094,154.00999450683594,0.0,163.42999267578125,153.6999969482422,160.5399932861328,0.0,44354900
2025-04-04,144.8848876953125,146.2899932861328,0.0,152.8000030517578,139.1699981689453,148.1699981689453,0.0,72302200
2025-04-07,152.6595001220703,154.13999938964844,0.0,160.42999267578125,138.10000610351562,144.49000549316406,0.0,68503500
2025-04-08,154.53135681152344,156.02999877929688,0.0,169.77999877929688,153.08999633789062,167.6199951171875,0.0,58888200
2025-04-09,183.37164306640625,185.14999389648438,0.0,187.3300018310547,157.50999450683594,160.5,0.0,72708300
2025-04-10,170.6450958251953,172.3000030517578,0.0,176.9499969482422,166.39999389648438,175.3000030517578,0.0,51212200
2025-04-11,180.1925048828125,181.94000244140625,0.0,182.66000366210938,173.30999755859375,173.6199951171875,0.0,33964100
2025-04-14,176.64688110351562,178.36000061035156,0.0,186.0,175.82000732421875,185.0800018310547,0.0,25748300
2025-04-15,177.23121643066406,178.9499969482422,0.0,182.25999450683594,178.0800018310547,179.72999572753906,0.0,17242400
2025-04-16,172.93289184570312,174.61000061035156,0.0,176.0800018310547,166.9199981689453,170.42999267578125,0.0,34638600
2025-04-17,169.34767150878906,170.99000549316406,0.0,176.25,169.9199981689453,176.25,0.0,22501800
2025-04-21,164.6135711669922,166.2100067138672,0.0,168.0,161.61000061035156,166.99000549316406,0.0,23469800
2025-04-22,167.95120239257812,169.5800018310547,0.0,170.52000427246094,165.22000122070312,167.42999267578125,0.0,18504900
2025-04-23,175.21080017089844,176.91000366210938,0.0,180.4499969482422,175.82000732421875,177.77999877929688,0.0,24380500
2025-04-24,186.34283447265625,188.14999389648438,0.0,188.57000732421875,178.3000030517578,179.69000244140625,0.0,27576900
2025-04-25,190.46287536621094,192.30999755859375,0.0,193.3699951171875,186.88999938964844,186.9199981689453,0.0,21242300
2025-04-28,190.62135314941406,192.47000122070312,0.0,193.10000610351562,187.67999267578125,190.52999877929688,0.0,16385800
2025-04-29,189.33384704589844,191.1699981689453,0.0,193.25,190.10000610351562,191.72000122070312,0.0,14630000
2025-04-30,190.62135314941406,192.47000122070312,0.0,193.1999969482422,184.02000427246094,185.89999389648438,0.0,22768900
2025-05-01,195.43467712402344,197.3300018310547,0.0,201.39999389648438,196.24000549316406,198.13999938964844,0.0,24939700
2025-05-02,201.68406677246094,203.63999938964844,0.0,205.67999267578125,201.0800018310547,203.89999389648438,0.0,17766800
2025-05-05,198.7921142578125,200.72000122070312,0.0,203.22999572753906,200.0,200.25,0.0,14025400
2025-05-06,198.16815185546875,200.08999633789062,0.0,201.91000366210938,195.94000244140625,196.44000244140625,0.0,16348800
2025-05-07,202.8428192138672,204.80999755859375,0.0,206.22999572753906,198.42999267578125,199.2899932861328,0.0,20253700
2025-05-08,205.77439880371094,207.77000427246094,0.0,211.16000366210938,203.69000244140625,208.0,0.0,18460900
2025-05-09,206.2002410888672,208.1999969482422,0.0,209.9600067138672,206.52000427246094,209.3300018310547,0.0,13289200
2025-05-12,219.45175170898438,221.5800018310547,0.0,221.8000030517578,215.8800048828125,219.49000549316406,0.0,25437700
2025-05-13,230.1876220703125,232.4199981689453,0.0,235.27999877929688,222.0,222.0,0.0,28790500
2025-05-14,229.89051818847656,232.1199951171875,0.0,233.5,228.35000610351562,230.22999572753906,0.0,19751400
2025-05-15,230.40550231933594,232.63999938964844,0.0,234.4600067138672,228.07000732421875,230.16000366210938,0.0,18803700
2025-05-16,226.4142303466797,228.61000061035156,0.0,232.63999938964844,226.38999938964844,232.32000732421875,0.0,23094600
2025-05-19,228.41482543945312,230.6300048828125,0.0,231.25,221.60000610351562,221.85000610351562,0.0,15355500
2025-05-20,229.45472717285156,231.67999267578125,0.0,231.77000427246094,226.33999633789062,226.49000549316406,0.0,11787200
2025-05-21,227.52346801757812,229.72999572753906,0.0,236.5,227.8300018310547,228.38999938964844,0.0,17642900
2025-05-22,228.31578063964844,230.52999877929688,0.0,233.69000244140625,227.42999267578125,228.33999633789062,0.0,14340200
2025-05-23,226.5231475830078,228.72000122070312,0.0,230.64999389648438,226.17999267578125,226.94000244140625,0.0,15385600
2025-05-27,233.3865966796875,235.64999389648438,0.0,236.47999572753906,231.1300048828125,232.8699951171875,0.0,17941700
2025-05-28,237.1302947998047,239.42999267578125,0.0,240.99000549316406,234.42999267578125,237.14999389648438,0.0,20443000
2025-05-29,239.64590454101562,241.97000122070312,0.0,246.07000732421875,237.39999389648438,245.91000366210938,0.0,20743700
2025-05-30,239.74493408203125,242.07000732421875,0.0,243.1699981689453,234.89999389648438,241.22000122070312,0.0,27088600
2025-06-02,246.32115173339844,248.7100067138672,0.0,250.0,243.19000244140625,243.25,0.0,19197000
2025-06-03,254.38299560546875,256.8500061035156,0.0,257.8800048828125,249.39999389648438,250.0800018310547,0.0,30380200
2025-06-04,258.57232666015625,261.0799865722656,0.0,265.42999267578125,257.5899963378906,258.05999755859375,0.0,31536000
2025-06-05,257.43341064453125,259.92999267578125,0.0,264.8900146484375,259.05999755859375,262.95001220703125,0.0,41970900
2025-06-06,244.55824279785156,246.92999267578125,0.0,255.32000732421875,246.1300048828125,251.13999938964844,0.0,41146700
2025-06-09,241.9337158203125,244.27999877929688,0.0,248.1699981689453,241.11000061035156,245.0500030517578,0.0,25334100
2025-06-10,242.28036499023438,244.6300048828125,0.0,246.27999877929688,241.39999389648438,244.22000122070312,0.0,25491300
2025-06-11,250.4808349609375,252.91000366210938,0.0,254.77000427246094,243.8000030517578,246.36000061035156,0.0,24599000
2025-06-12,253.6104736328125,256.07000732421875,0.0,257.8900146484375,249.5,250.19000244140625,0.0,20410900
2025-06-13,246.31126403808594,248.6999969482422,0.0,254.0,248.35000610351562,250.66000366210938,0.0,19028400
2025-06-16,249.67861938476562,252.10000610351562,0.0,255.19000244140625,249.57000732421875,250.35000610351562,0.0,20363000
2025-06-17,246.97482299804688,249.3699951171875,0.0,253.9600067138672,247.9199981689453,250.9499969482422,0.0,22014300
2025-06-18,248.8466796875,251.25999450683594,0.0,255.63999938964844,249.41000366210938,250.88999938964844,0.0,30435500
2025-06-20,248.171630859375,249.99000549316406,0.59,253.52000427246094,244.1699981689453,253.2100067138672,0.0,42134900
2025-06-23,251.92413330078125,253.77000427246094,0.0,254.2100067138672,246.4600067138672,249.11000061035156,0.0,19747000
2025-06-24,261.85137939453125,263.7699890136719,0.0,265.8699951171875,258.7699890136719,258.7699890136719,0.0,32764900
2025-06-25,262.7250061035156,264.6499938964844,0.0,269.8699951171875,263.42999267578125,266.0,0.0,18894200
2025-06-26,268.2048645019531,270.1700134277344,0.0,271.6700134277344,264.1300048828125,265.0799865722656,0.0,23569600
2025-06-27,267.39080810546875,269.3500061035156,0.0,271.8500061035156,266.8800048828125,270.29998779296875,0.0,27477600
2025-06-30,273.64495849609375,275.6499938964844,0.0,277.7099914550781,272.1300048828125,274.7300109863281,0.0,24708400
2025-07-01,262.8143310546875,264.739990234375,0.0,274.5,262.6600036621094,274.3999938964844,0.0,28847600
2025-07-02,267.9367980957031,269.8999938964844,0.0,272.0,262.7300109863281,263.989990234375,0.0,17582100
2025-07-03,273.17840576171875,275.17999267578125,0.0,275.79998779296875,270.1199951171875,270.7300109863281,0.0,10592700
2025-07-07,272.1856689453125,274.17999267578125,0.0,277.55999755859375,272.6600036621094,275.1300048828125,0.0,16760600
2025-07-08,269.8229675292969,271.79998779296875,0.0,276.3500061035156,271.1499938964844,276.3500061035156,0.0,14869400
2025-07-09,275.8786315917969,277.8999938964844,0.0,279.45001220703125,272.7200012207031,272.9599914550781,0.0,20133000
2025-07-10,273.39678955078125,275.3999938964844,0.0,281.17999267578125,272.70001220703125,279.7900085449219,0.0,17891600
2025-07-11,272.38421630859375,274.3800048828125,0.0,276.4700012207031,271.8900146484375,274.1400146484375,0.0,14274700
2025-07-14,273.5953369140625,275.6000061035156,0.0,278.3599853515625,269.5799865722656,274.1300048828125,0.0,11934200
2025-07-15,278.896484375,280.94000244140625,0.0,283.3599853515625,277.8500061035156,279.80999755859375,0.0,17918400
2025-07-16,278.7674255371094,280.80999755859375,0.0,281.510009765625,275.6700134277344,280.1099853515625,0.0,15031000
2025-07-17,284.36639404296875,286.45001220703125,0.0,288.2799987792969,279.9100036621094,281.1400146484375,0.0,17231100
2025-07-18,281.279052734375,283.3399963378906,0.0,287.5299987792969,281.0,287.1099853515625,0.0,15012400
2025-07-21,286.11358642578125,288.2099914550781,0.0,290.5400085449219,283.6300048828125,283.9599914550781,0.0,17726800
2025-07-22,276.5635681152344,278.5899963378906,0.0,288.0,276.42999267578125,287.6499938964844,0.0,16564800
2025-07-23,281.62652587890625,283.69000244140625,0.0,284.0,273.0,276.7799987792969,0.0,20556200
2025-07-24,286.6099548339844,288.7099914550781,0.0,291.20001220703125,283.5,289.7900085449219,0.0,16413800
2025-07-25,288.06927490234375,290.17999267578125,0.0,292.5899963378906,287.2699890136719,288.07000732421875,0.0,12476200
2025-07-28,292.1593017578125,294.29998779296875,0.0,295.45001220703125,290.5899963378906,292.4599914550781,0.0,13683400
2025-07-29,295.25665283203125,297.4200134277344,0.0,302.19000244140625,294.8699951171875,297.5,0.0,19210800
2025-07-30,300.4187927246094,302.6199951171875,0.0,303.260009765625,295.79998779296875,297.1499938964844,0.0,16738900
2025-07-31,291.5636901855469,293.70001220703125,0.0,306.95001220703125,290.2300109863281,302.79998779296875,0.0,25488500
2025-08-01,286.5404968261719,288.6400146484375,0.0,292.6400146484375,281.6099853515625,286.5400085449219,0.0,21428100
2025-08-04,295.554443359375,297.7200012207031,0.0,298.4800109863281,291.3999938964844,292.20001220703125,0.0,17164600
2025-08-05,290.79925537109375,292.92999267578125,0.0,301.20001220703125,291.45001220703125,297.80999755859375,0.0,18477500
2025-08-06,299.4757385253906,301.6700134277344,0.0,302.80999755859375,291.8999938964844,292.8999938964844,0.0,17392100
2025-08-07,301.550537109375,303.760009765625,0.0,310.3399963378906,299.8800048828125,306.1700134277344,0.0,16319400
2025-08-08,302.7517395019531,304.9700012207031,0.0,307.8699951171875,302.54998779296875,304.04998779296875,0.0,12458700
2025-08-11,301.68951416015625,303.8999938964844,0.0,308.30999755859375,301.2900085449219,305.04998779296875,0.0,12396400
2025-08-12,310.5545349121094,312.8299865722656,0.0,313.44000244140625,304.6700134277344,306.6300048828125,0.0,17609600
2025-08-13,306.84173583984375,309.0899963378906,0.0,317.3500061035156,304.75,316.75,0.0,17371200
2025-08-14,308.9661865234375,311.2300109863281,0.0,314.1700134277344,307.0,307.010009765625,0.0,15717600
2025-08-15,304.1117248535156,306.3399963378906,0.0,311.5,299.760009765625,311.0299987792969,0.0,22806900
2025-08-18,303.5359802246094,305.760009765625,0.0,306.1700134277344,299.0,302.70001220703125,0.0,14724700
2025-08-19,292.764892578125,294.9100036621094,0.0,302.8999938964844,292.3900146484375,302.4200134277344,0.0,20149600
2025-08-20,289.0520935058594,291.1700134277344,0.0,295.489990234375,281.8699951171875,295.4599914550781,0.0,23600500
2025-08-21,287.49346923828125,289.6000061035156,0.0,292.3900146484375,286.1700134277344,290.05999755859375,0.0,14946300
2025-08-22,291.86151123046875,294.0,0.0,300.0899963378906,289.010009765625,291.75,0.0,16301300
2025-08-25,292.08984375,294.2300109863281,0.0,298.3999938964844,291.7099914550781,292.80999755859375,0.0,15124700
2025-08-26,295.84234619140625,298.010009765625,0.0,300.25,293.989990234375,294.3500061035156,0.0,25689100
2025-08-27,298.0660705566406,300.25,0.0,301.17999267578125,293.7799987792969,297.5299987792969,0.0,13830300
2025-08-28,306.4049072265625,308.6499938964844,0.0,311.0,302.3299865722656,302.92999267578125,0.0,18907100
2025-08-29,295.22686767578125,297.3900146484375,0.0,307.010009765625,293.6600036621094,307.010009765625,0.0,21610700
2025-09-02,296.0706787109375,298.239990234375,0.0,298.7099914550781,287.1700134277344,289.3399963378906,0.0,19693000
2025-09-03,300.19049072265625,302.3900146484375,0.0,304.45001220703125,296.3999938964844,302.2900085449219,0.0,18529400
2025-09-04,303.8735046386719,306.1000061035156,0.0,308.7799987792969,302.25,305.05999755859375,0.0,31220800
2025-09-05,332.4541015625,334.8900146484375,0.0,356.3399963378906,331.4200134277344,355.7799987792969,0.0,78401600
2025-09-08,343.1358337402344,345.6499938964844,0.0,354.1700134277344,341.25,342.75,0.0,43535600
2025-09-09,334.22113037109375,336.6700134277344,0.0,350.9800109863281,335.8299865722656,349.54998779296875,0.0,26972300
2025-09-10,366.8818054199219,369.57000732421875,0.0,372.9700012207031,350.54998779296875,351.5199890136719,0.0,51086800
2025-09-11,357.0141296386719,359.6300048828125,0.0,374.2300109863281,358.760009765625,371.17999267578125,0.0,29430900
2025-09-12,357.25238037109375,359.8699951171875,0.0,364.3900146484375,357.1600036621094,362.9100036621094,0.0,31949800
2025-09-15,361.4416809082031,364.0899963378906,0.0,365.5,356.3399963378906,359.8699951171875,0.0,21792200
2025-09-16,357.38140869140625,360.0,0.0,365.69000244140625,356.989990234375,365.42999267578125,0.0,21306500
2025-09-17,343.65203857421875,346.1700134277344,0.0,359.92999267578125,341.5,358.8500061035156,0.0,45197100
2025-09-18,342.8380126953125,345.3500061035156,0.0,350.70001220703125,343.7900085449219,350.0,0.0,24663900
2025-09-19,342.43096923828125,344.94000244140625,0.0,346.2699890136719,336.42999267578125,344.6499938964844,0.0,41240100
2025-09-22,336.9019470214844,338.7900085449219,0.59,346.6700134277344,337.94000244140625,342.42999267578125,0.0,28660000
2025-09-23,337.0511169433594,338.94000244140625,0.0,345.2200012207031,337.0199890136719,340.239990234375,0.0,21944100
2025-09-24,337.4190673828125,339.30999755859375,0.0,340.0799865722656,333.80999755859375,339.760009765625,0.0,19677300
2025-09-25,334.2269287109375,336.1000061035156,0.0,338.05999755859375,327.29998779296875,332.989990234375,0.0,21678200
2025-09-26,332.6656799316406,334.5299987792969,0.0,339.0799865722656,330.5799865722656,337.42999267578125,0.0,15464700
2025-09-29,326.0726623535156,327.8999938964844,0.0,341.04998779296875,327.54998779296875,336.0,0.0,21336000
2025-09-30,328.0714416503906,329.9100036621094,0.0,331.04998779296875,324.6099853515625,330.1199951171875,0.0,20109500
2025-10-01,331.53204345703125,333.3900146484375,0.0,337.95001220703125,324.5,328.1499938964844,0.0,21122700
2025-10-02,336.29534912109375,338.17999267578125,0.0,347.6099853515625,335.25,347.6099853515625,0.0,19917600
2025-10-03,336.4842834472656,338.3699951171875,0.0,344.3999938964844,335.739990234375,341.5,0.0,14749100
2025-10-06,333.620361328125,335.489990234375,0.0,344.1300048828125,334.55999755859375,335.9200134277344,0.0,18465700
2025-10-07,334.53521728515625,336.4100036621094,0.0,338.1099853515625,326.5799865722656,337.0299987792969,0.0,18086700
2025-10-08,343.57452392578125,345.5,0.0,346.5400085449219,332.6199951171875,333.82000732421875,0.0,21478300
2025-10-09,343.0971984863281,345.0199890136719,0.0,347.30999755859375,340.3999938964844,345.75,0.0,17643700
2025-10-10,322.82086181640625,324.6300048828125,0.0,350.6000061035156,324.04998779296875,345.3900146484375,0.0,28941000
2025-10-13,354.712158203125,356.70001220703125,0.0,359.3800048828125,343.5199890136719,352.7699890136719,0.0,45984300
2025-10-14,342.2121887207031,344.1300048828125,0.0,350.6700134277344,339.6499938964844,350.1300048828125,0.0,22078000
2025-10-15,349.3720397949219,351.3299865722656,0.0,359.3999938964844,347.5,354.4700012207031,0.0,23918500
2025-10-16,352.17633056640625,354.1499938964844,0.0,363.239990234375,349.489990234375,356.79998779296875,0.0,20317200
2025-10-17,347.3832092285156,349.3299865722656,0.0,350.9700012207031,340.7799987792969,349.6099853515625,0.0,20937900
2025-10-20,347.293701171875,349.239990234375,0.0,356.5899963378906,347.8399963378906,353.79998779296875,0.0,15640200
2025-10-21,340.7503967285156,342.6600036621094,0.0,351.1000061035156,341.30999755859375,350.0,0.0,16092600
2025-10-22,338.4035339355469,340.29998779296875,0.0,348.010009765625,335.510009765625,347.29998779296875,0.0,19268800
2025-10-23,342.3713073730469,344.2900085449219,0.0,346.57000732421875,340.3999938964844,340.3999938964844,0.0,12859200
2025-10-24,352.1564636230469,354.1300048828125,0.0,358.29998779296875,350.8800048828125,352.510009765625,0.0,16143700
2025-10-27,360.0323181152344,362.04998779296875,0.0,362.75,355.0799865722656,361.5400085449219,0.0,20065800
2025-10-28,370.8914794921875,372.9700012207031,0.0,374.05999755859375,362.5299987792969,362.6199951171875,0.0,21056000
2025-10-29,383.8289794921875,385.9800109863281,0.0,386.4800109863281,373.19000244140625,373.19000244140625,0.0,24975200
2025-10-30,374.3719787597656,376.4700012207031,0.0,386.3999938964844,370.05999755859375,386.3999938964844,0.0,24295300
2025-10-31,367.570068359375,369.6300048828125,0.0,378.82000732421875,365.1000061035156,378.2699890136719,0.0,21598400
2025-11-03,360.5295104980469,362.54998779296875,0.0,374.8500061035156,361.9800109863281,372.0,0.0,17198900
2025-11-04,349.9786682128906,351.94000244140625,0.0,368.95001220703125,351.0,358.5199890136719,0.0,24047500
2025-11-05,356.9794616699219,358.9800109863281,0.0,364.8699951171875,350.0899963378906,350.8900146484375,0.0,17087600
2025-11-06,353.60833740234375,355.5899963378906,0.0,363.5,352.7099914550781,360.1099853515625,0.0,19896900
2025-11-07,347.4826354980469,349.42999267578125,0.0,354.5,337.2699890136719,354.19000244140625,0.0,21903200
2025-11-10,356.3927307128906,358.3900146484375,0.0,360.0,354.6099853515625,357.8999938964844,0.0,16409000
2025-11-11,349.9985656738281,351.9599914550781,0.0,361.8900146484375,349.6700134277344,358.9700012207031,0.0,16446800
2025-11-12,353.2403869628906,355.2200012207031,0.0,358.8699951171875,351.67999267578125,358.0400085449219,0.0,12190500
2025-11-13,338.0853576660156,339.9800109863281,0.0,353.54998779296875,334.1600036621094,351.5799865722656,0.0,22616600
2025-11-14,340.5514831542969,342.4599914550781,0.0,344.739990234375,329.05999755859375,331.4700012207031,0.0,18500800
2025-11-17,340.7404479980469,342.6499938964844,0.0,352.20001220703125,337.5199890136719,339.82000732421875,0.0,14799600
2025-11-18,338.6024169921875,340.5,0.0,347.9700012207031,335.510009765625,343.20001220703125,0.0,21726800
2025-11-19,352.4448547363281,354.4200134277344,0.0,359.69000244140625,337.79998779296875,340.7099914550781,0.0,21851900
2025-11-20,344.88720703125,346.82000732421875,0.0,376.0799865722656,345.17999267578125,366.0,0.0,28867000
2025-11-21,338.3041076660156,340.20001220703125,0.0,348.6000061035156,331.79998779296875,345.1600036621094,0.0,30280300
2025-11-24,375.8536682128906,377.9599914550781,0.0,382.0,347.6600036621094,347.7300109863281,0.0,47262400
2025-11-25,382.8842468261719,385.0299987792969,0.0,388.1300048828125,371.75,384.92999267578125,0.0,33507600
2025-11-26,395.3543701171875,397.57000732421875,0.0,399.8699951171875,383.260009765625,385.54998779296875,0.0,28693000
2025-11-28,400.71435546875,402.9599914550781,0.0,403.0,397.1600036621094,399.3500061035156,0.0,13365500
2025-12-01,383.92840576171875,386.0799865722656,0.0,395.4200134277344,385.1000061035156,394.8500061035156,0.0,23252000
2025-12-02,379.44354248046875,381.57000732421875,0.0,393.5,379.7900085449219,388.30999755859375,0.0,22207000
2025-12-03,378.4888916015625,380.6099853515625,0.0,382.29998779296875,370.6499938964844,380.0,0.0,21336400
2025-12-04,378.90655517578125,381.0299987792969,0.0,383.8900146484375,376.5299987792969,380.67999267578125,0.0,15845900
2025-12-05,388.0652160644531,390.239990234375,0.0,393.5299987792969,385.1499938964844,386.1700134277344,0.0,24779900
2025-12-08,398.8647155761719,401.1000061035156,0.0,407.2900085449219,397.3999938964844,402.4800109863281,0.0,30410600
2025-12-09,404.0257873535156,406.2900085449219,0.0,406.92999267578125,395.510009765625,398.75,0.0,24546000
2025-12-10,410.6685791015625,412.9700012207031,0.0,414.6099853515625,399.55999755859375,402.20001220703125,0.0,31531000
2025-12-11,404.1053466796875,406.3699951171875,0.0,409.29998779296875,394.19000244140625,404.8299865722656,0.0,45681600
2025-12-12,357.92413330078125,359.92999267578125,0.0,382.0,355.1499938964844,379.9599914550781,0.0,95588500
2025-12-15,337.9162292480469,339.80999755859375,0.0,362.0,337.510009765625,361.8900146484375,0.0,65894900
2025-12-16,339.39794921875,341.29998779296875,0.0,347.5,335.05999755859375,336.0199890136719,0.0,58061100
2025-12-17,324.2030944824219,326.0199890136719,0.0,346.6099853515625,321.4200134277344,346.6099853515625,0.0,73300900
2025-12-18,328.0416259765625,329.8800048828125,0.0,336.0299987792969,323.6300048828125,336.0,0.0,54501900
2025-12-19,338.46319580078125,340.3599853515625,0.0,343.45001220703125,332.5799865722656,333.3399963378906,0.0,159095200
2025-12-22,340.19683837890625,341.45001220703125,0.65,346.239990234375,337.2200012207031,346.0299987792969,0.0,28739600
2025-12-23,348.0379333496094,349.32000732421875,0.0,350.1099853515625,338.5400085449219,340.80999755859375,0.0,28232600
2025-12-24,348.93463134765625,350.2200012207031,0.0,352.8599853515625,347.1400146484375,350.69000244140625,0.0,11424400
2025-12-26,350.8376159667969,352.1300048828125,0.0,353.25,347.75,351.05999755859375,0.0,15028100
2025-12-29,348.1076965332031,349.3900146484375,0.0,350.3299865722656,344.69000244140625,348.7200012207031,0.0,21946900
2025-12-30,348.56597900390625,349.8500061035156,0.0,352.67999267578125,349.29998779296875,349.9700012207031,0.0,16633600
2025-12-31,344.8297424316406,346.1000061035156,0.0,349.8800048828125,345.4200134277344,349.7300109863281,0.0,15346100
2026-01-02,346.3441467285156,347.6199951171875,0.0,360.6600036621094,345.55999755859375,352.7799987792969,0.0,25398600
2026-01-05,342.15960693359375,343.4200134277344,0.0,355.0299987792969,336.5,354.739990234375,0.0,31136000
2026-01-06,342.50830078125,343.7699890136719,0.0,349.04998779296875,338.0,343.6000061035156,0.0,27135500
2026-01-07,342.2392883300781,343.5,0.0,349.70001220703125,335.8800048828125,341.70001220703125,0.0,20249300
2026-01-08,331.2597351074219,332.4800109863281,0.0,343.67999267578125,330.5,342.7799987792969,0.0,24385200
2026-01-09,343.70391845703125,344.9700012207031,0.0,347.3900146484375,333.5,337.9200134277344,0.0,22482500
2026-01-12,350.9173278808594,352.2099914550781,0.0,353.8999938964844,340.95001220703125,340.95001220703125,0.0,20949600
2026-01-13,353.3085021972656,354.6099853515625,0.0,359.489990234375,350.9100036621094,352.8800048828125,0.0,18308000
2026-01-14,338.642578125,339.8900146484375,0.0,350.69000244140625,334.4200134277344,348.9700012207031,0.0,30094700
2026-01-15,341.76104736328125,343.0199890136719,0.0,349.67999267578125,341.6700134277344,349.1199951171875,0.0,22218800
2026-01-16,350.4191589355469,351.7099914550781,0.0,354.510009765625,344.04998779296875,346.2699890136719,0.0,31291200
2026-01-20,331.3793029785156,332.6000061035156,0.0,345.3999938964844,331.79998779296875,344.1000061035156,0.0,32293900
2026-01-21,327.5932312011719,328.79998779296875,0.0,335.79998779296875,324.20001220703125,335.510009765625,0.0,32006600
2026-01-22,324.2953796386719,325.489990234375,0.0,336.989990234375,324.8900146484375,335.3500061035156,0.0,24275400
2026-01-23,318.8753356933594,320.04998779296875,0.0,321.989990234375,314.1099853515625,319.29998779296875,0.0,30259500
2026-01-26,323.6577453613281,324.8500061035156,0.0,328.67999267578125,317.6000061035156,319.79998779296875,0.0,25006400
2026-01-27,331.568603515625,332.7900085449219,0.0,334.760009765625,327.0199890136719,329.760009765625,0.0,25537600
2026-01-28,332.0169372558594,333.239990234375,0.0,339.989990234375,326.70001220703125,338.8500061035156,0.0,23001700
2026-01-29,329.51617431640625,330.7300109863281,0.0,335.95001220703125,320.2799987792969,332.55999755859375,0.0,20447500
2026-01-30,330.0840759277344,331.29998779296875,0.0,338.20001220703125,328.3299865722656,332.44000244140625,0.0,28313000
2026-02-02,329.8947448730469,331.1099853515625,0.0,336.05999755859375,325.75,326.1099853515625,0.0,17278200
2026-02-03,319.1543273925781,320.3299865722656,0.0,338.8999938964844,308.6499938964844,336.739990234375,0.0,36914800
2026-02-04,306.91937255859375,308.04998779296875,0.0,319.510009765625,295.29998779296875,319.510009765625,0.0,43330300
2026-02-05,309.3703918457031,310.510009765625,0.0,326.5299987792969,306.70001220703125,314.3399963378906,0.0,42775800
2026-02-06,331.6981506347656,332.9200134277344,0.0,335.0,316.29998779296875,320.1000061035156,0.0,33003400
2026-02-09,342.67767333984375,343.94000244140625,0.0,352.3399963378906,330.6499938964844,330.7699890136719,0.0,30091000
2026-02-10,339.1905212402344,340.44000244140625,0.0,348.010009765625,339.8399963378906,347.4700012207031,0.0,19542700
2026-02-11,341.50201416015625,342.760009765625,0.0,347.20001220703125,333.739990234375,346.79998779296875,0.0,17004700
2026-02-12,329.9545593261719,331.1700134277344,0.0,346.2900085449219,329.55999755859375,343.8299865722656,0.0,22007300
2026-02-13,323.9765930175781,325.1700134277344,0.0,334.32000732421875,324.69000244140625,329.8500061035156,0.0,18397200
2026-02-17,331.31951904296875,332.5400085449219,0.0,335.75,316.30999755859375,319.67999267578125,0.0,23469700
2026-02-18,332.28594970703125,333.510009765625,0.0,337.8800048828125,327.2300109863281,329.5199890136719,0.0,13565300
2026-02-19,332.7641906738281,333.989990234375,0.0,338.44000244140625,329.67999267578125,333.010009765625,0.0,15180900
2026-02-20,331.4291076660156,332.6499938964844,0.0,340.1099853515625,329.5799865722656,332.3599853515625,0.0,17658900
2026-02-23,329.1275939941406,330.3399963378906,0.0,338.5,325.32000732421875,332.25,0.0,16472400
2026-02-24,324.2953796386719,325.489990234375,0.0,328.30999755859375,314.45001220703125,322.5400085449219,0.0,23614400
2026-02-25,331.0903625488281,332.30999755859375,0.0,335.9100036621094,329.2799987792969,330.739990234375,0.0,20182300
2026-02-26,320.5193176269531,321.70001220703125,0.0,326.5799865722656,307.92999267578125,326.5,0.0,33025300
2026-02-27,318.377197265625,319.54998779296875,0.0,320.0,310.0,310.70001220703125,0.0,28004200
2026-03-02,317.6498718261719,318.82000732421875,0.0,320.0400085449219,307.20001220703125,309.3599853515625,0.0,20567200
2026-03-03,312.68817138671875,313.8399963378906,0.0,315.8800048828125,307.3999938964844,313.0,0.0,20826200
2026-03-04,316.3646240234375,317.5299987792969,0.0,322.6400146484375,311.739990234375,315.67999267578125,0.0,34895800
2026-03-05,331.54864501953125,332.7699890136719,0.0,336.1199951171875,323.0299987792969,330.17999267578125,0.0,57076600
2026-03-06,329.26708984375,330.4800109863281,0.0,343.510009765625,327.3999938964844,328.2799987792969,0.0,39152200
2026-03-09,344.48101806640625,345.75,0.0,348.489990234375,323.6099853515625,327.25,0.0,40605800
2026-03-10,341.3226318359375,342.5799865722656,0.0,353.1400146484375,340.79998779296875,348.7300109863281,0.0,29531700
2026-03-11,340.3163757324219,341.57000732421875,0.0,345.80999755859375,338.2200012207031,342.5899963378906,0.0,20104100
2026-03-12,334.7369384765625,335.9700012207031,0.0,339.8299865722656,332.20001220703125,337.739990234375,0.0,21982700
2026-03-13,320.9776306152344,322.1600036621094,0.0,338.32000732421875,321.42999267578125,337.67999267578125,0.0,34725000
2026-03-16,323.7275085449219,324.9200134277344,0.0,329.20001220703125,320.05999755859375,326.0199890136719,0.0,31363100
2026-03-17,320.1307373046875,321.30999755859375,0.0,327.44000244140625,317.25,325.760009765625,0.0,38026500
2026-03-18,314.77044677734375,315.92999267578125,0.0,325.44000244140625,315.54998779296875,320.42999267578125,0.0,25460600
2026-03-19,318.6661376953125,319.8399963378906,0.0,323.2699890136719,308.510009765625,312.4700012207031,0.0,23524800
2026-03-20,309.3703918457031,310.510009765625,0.0,321.510009765625,309.9200134277344,320.1199951171875,0.0,43325900
2026-03-23,322.0003967285156,322.510009765625,0.65,326.4800109863281,314.92999267578125,318.0,0.0,27369200
2026-03-24,317.78704833984375,318.2900085449219,0.0,324.3999938964844,314.8399963378906,320.0,0.0,19799000
2026-03-25,318.30621337890625,318.80999755859375,0.0,324.29998779296875,316.7200012207031,322.5899963378906,0.0,19900000
2026-03-26,308.9310607910156,309.4200134277344,0.0,316.9200134277344,309.1700134277344,314.0199890136719,0.0,20343700
2026-03-27,300.2048645019531,300.67999267578125,0.0,307.5,298.8699951171875,307.05999755859375,0.0,23593900
2026-03-30,292.94635009765625,293.4100036621094,0.0,304.7699890136719,289.9599914550781,300.8699951171875,0.0,28054500
2026-03-31,309.02093505859375,309.510009765625,0.0,310.30999755859375,296.3399963378906,299.3900146484375,0.0,29289500
2026-04-01,312.99462890625,313.489990234375,0.0,315.7900085449219,310.4800109863281,313.3699951171875,0.0,19171000
2026-04-02,314.0529479980469,314.54998779296875,0.0,314.69000244140625,301.75,304.489990234375,0.0,14021100
2026-04-06,313.9331359863281,314.42999267578125,0.0,316.3999938964844,310.2799987792969,315.05999755859375,0.0,12111300
2026-04-07,333.4422607421875,333.9700012207031,0.0,334.1499938964844,321.79998779296875,326.7300109863281,0.0,33310900
2026-04-08,350.0759582519531,350.6300048828125,0.0,354.1400146484375,342.5299987792969,351.75,0.0,31573100
2026-04-09,354.34918212890625,354.9100036621094,0.0,358.70001220703125,351.5,352.29998779296875,0.0,20514900
2026-04-10,370.9628601074219,371.54998779296875,0.0,376.54998779296875,360.82000732421875,360.94000244140625,0.0,29958100
2026-04-13,379.1499328613281,379.75,0.0,380.8599853515625,369.4800109863281,369.6600036621094,0.0,24115800
2026-04-14,380.17828369140625,380.7799987792969,0.0,382.2799987792969,376.32000732421875,377.8999938964844,0.0,24423000
2026-04-15,396.0931091308594,396.7200012207031,0.0,397.0799865722656,385.57000732421875,389.8800048828125,0.0,29559300
2026-04-16,397.8403625488281,398.4700012207031,0.0,399.67999267578125,392.3500061035156,395.0,0.0,18872900
2026-04-17,405.8976135253906,406.5400085449219,0.0,406.7300109863281,399.80999755859375,400.8999938964844,0.0,20581700
2026-04-20,398.9985046386719,399.6300048828125,0.0,406.4200134277344,395.8999938964844,405.70001220703125,0.0,16922000
2026-04-21,401.5345153808594,402.1700134277344,0.0,403.6000061035156,394.57000732421875,399.4100036621094,0.0,16275500
2026-04-22,421.98211669921875,422.6499938964844,0.0,423.20001220703125,404.8599853515625,406.9800109863281,0.0,23702500
2026-04-23,419.27642822265625,419.94000244140625,0.0,429.30999755859375,417.79998779296875,422.3900146484375,0.0,19501600
2026-04-24,422.09197998046875,422.760009765625,0.0,425.0,408.8599853515625,424.9800109863281,0.0,22491100
2026-04-27,417.5391845703125,418.20001220703125,0.0,422.75,414.6300048828125,420.4800109863281,0.0,17451600
2026-04-28,399.19818115234375,399.8299865722656,0.0,405.80999755859375,394.6499938964844,400.30999755859375,0.0,25519200
2026-04-29,404.809326171875,405.45001220703125,0.0,405.6400146484375,396.7799987792969,403.5,0.0,15962500
2026-04-30,416.7703857421875,417.42999267578125,0.0,418.3800048828125,404.2300109863281,415.5199890136719,0.0,21821600
2026-05-01,420.6142883300781,421.2799987792969,0.0,423.1700134277344,413.2799987792969,415.0899963378906,0.0,11882600
2026-05-04,415.84185791015625,416.5,0.0,423.8299865722656,409.5299987792969,418.2200012207031,0.0,15140400
2026-05-05,426.6846923828125,427.3599853515625,0.0,433.3900146484375,419.3500061035156,421.6600036621094,0.0,21175200
2026-05-06,424.7677307128906,425.44000244140625,0.0,437.67999267578125,417.7799987792969,435.55999755859375,0.0,20707000
2026-05-07,411.9080810546875,412.55999755859375,0.0,426.489990234375,406.29998779296875,421.82000732421875,0.0,22791700
2026-05-08,429.3205261230469,430.0,0.0,435.0,414.0,419.79998779296875,0.0,22561400
2026-05-11,427.75299072265625,428.42999267578125,0.0,433.6499938964844,425.04998779296875,427.6199951171875,0.0,16825500
2026-05-12,418.6374206542969,419.29998779296875,0.0,429.3399963378906,408.4100036621094,423.42999267578125,0.0,19004300
2026-05-13,416.13140869140625,416.7900085449219,0.0,418.6300048828125,404.79998779296875,415.80999755859375,0.0,16981200
2026-05-14,439.0950622558594,439.7900085449219,0.0,442.3599853515625,415.5899963378906,416.7300109863281,0.0,19733800
2026-05-15,424.51812744140625,425.19000244140625,0.0,432.80999755859375,419.79998779296875,432.80999755859375,0.0,18957100
2026-05-18,420.0451965332031,420.7099914550781,0.0,422.010009765625,414.3699951171875,421.4100036621094,0.0,17863300
2026-05-19,410.4204406738281,411.07000732421875,0.0,417.95001220703125,405.8599853515625,409.82000732421875,0.0,20652100
2026-05-20,417.0998840332031,417.760009765625,0.0,424.1700134277344,411.4200134277344,412.80999755859375,0.0,16312600
2026-05-21,413.9149169921875,414.57000732421875,0.0,422.25,410.5,413.54998779296875,0.0,16865300
2026-05-22,413.485595703125,414.1400146484375,0.0,419.989990234375,410.2099914550781,417.489990234375,0.0,14086400
2026-05-26,421.3431701660156,422.010009765625,0.0,435.30999755859375,417.0,418.5,0.0,22562900
2026-05-27,421.193359375,421.8599853515625,0.0,432.79998779296875,416.489990234375,425.07000732421875,0.0,17601000
2026-05-28,425.9059143066406,426.5799865722656,0.0,429.67999267578125,414.010009765625,421.1400146484375,0.0,17855600
2026-05-29,446.06402587890625,446.7699890136719,0.0,448.8999938964844,431.4700012207031,432.95001220703125,0.0,41798400
2026-06-01,459.2431640625,459.9700012207031,0.0,466.04998779296875,442.2200012207031,450.0899963378906,0.0,30586000
2026-06-02,480.8090515136719,481.57000732421875,0.0,488.82000732421875,470.4599914550781,488.7900085449219,0.0,38306700
2026-06-03,478.4727478027344,479.2300109863281,0.0,495.0,472.6400146484375,494.7799987792969,0.0,50126400
2026-06-04,418.248046875,418.9100036621094,0.0,426.4800109863281,403.010009765625,408.989990234375,0.0,80979400
2026-06-05,385.1204833984375,385.7300109863281,0.0,410.5,385.5899963378906,407.6099853515625,0.0,51146100
2026-06-08,395.9732971191406,396.6000061035156,0.0,402.8399963378906,391.3500061035156,402.6199951171875,0.0,37099000
2026-06-09,391.5403137207031,392.1600036621094,0.0,407.8699951171875,370.3299865722656,401.6099853515625,0.0,37026900
2026-06-10,371.51202392578125,372.1000061035156,0.0,385.80999755859375,371.1700134277344,381.5,0.0,38193500
2026-06-11,384.9607238769531,385.57000732421875,0.0,389.5,370.54998779296875,372.82000732421875,0.0,35187600
2026-06-12,381.4662780761719,382.07000732421875,0.0,384.9800109863281,377.0,383.7200012207031,0.0,27600900
2026-06-15,393.3175048828125,393.94000244140625,0.0,396.20001220703125,388.6000061035156,395.510009765625,0.0,32394200
2026-06-16,376.1147155761719,376.7099914550781,0.0,391.7900085449219,376.4599914550781,390.2099914550781,0.0,31573700
2026-06-17,392.2791442871094,392.8999938964844,0.0,400.6499938964844,382.6499938964844,388.7099914550781,0.0,40005500
2026-06-18,410.70001220703125,411.3500061035156,0.0,412.70001220703125,405.3800048828125,409.5799865722656,0.0,45076100
2026-06-22,392.1300048828125,392.1300048828125,0.65,414.6400146484375,391.9100036621094,413.6600036621094,0.0,26403700
2026-06-23,380.1499938964844,380.1499938964844,0.0,391.0199890136719,376.6600036621094,377.8699951171875,0.0,33122200
2026-06-24,382.07000732421875,382.07000732421875,0.0,388.739990234375,376.9599914550781,386.6199951171875,0.0,29938700
2026-06-25,378.9100036621094,378.9100036621094,0.0,388.79998779296875,372.70001220703125,386.5799865722656,0.0,23353700
2026-06-26,365.0199890136719,365.0199890136719,0.0,373.69000244140625,363.8299865722656,370.45001220703125,0.0,34839300
2026-06-29,372.45001220703125,372.45001220703125,0.0,376.2099914550781,360.4599914550781,373.6199951171875,0.0,24285200
2026-06-30,377.75,377.75,0.0,379.6199951171875,370.6400146484375,374.7900085449219,0.0,28517400
