Date,Adj Close,Close,Dividends,High,Low,Open,Stock Splits,Volume
,INTC,INTC,INTC,INTC,INTC,INTC,INTC,INTC
2016-07-01,26.336137771606445,32.75,0.0,32.88999938964844,32.470001220703125,32.63999938964844,0.0,17084600
2016-07-05,26.279842376708984,32.68000030517578,0.0,32.72999954223633,32.459999084472656,32.5,0.0,20107200
2016-07-06,26.513051986694336,32.970001220703125,0.0,33.0,32.380001068115234,32.79999923706055,0.0,21070200
2016-07-07,26.698013305664062,33.20000076293945,0.0,33.54999923706055,32.959999084472656,32.959999084472656,0.0,26119400
2016-07-08,27.341337203979492,34.0,0.0,34.0,33.5,33.650001525878906,0.0,23341900
2016-07-11,27.646923065185547,34.380001068115234,0.0,34.5,34.040000915527344,34.040000915527344,0.0,23820700
2016-07-12,28.097246170043945,34.939998626708984,0.0,34.970001220703125,34.47999954223633,34.5099983215332,0.0,28064100
2016-07-13,28.153535842895508,35.0099983215332,0.0,35.25,34.880001068115234,35.040000915527344,0.0,29120900
2016-07-14,28.30632781982422,35.20000076293945,0.0,35.29999923706055,34.959999084472656,35.130001068115234,0.0,25296400
2016-07-15,28.201784133911133,35.06999969482422,0.0,35.290000915527344,34.900001525878906,35.2599983215332,0.0,23661900
2016-07-18,28.18568992614746,35.04999923706055,0.0,35.20000076293945,34.95000076293945,35.18000030517578,0.0,19347200
2016-07-19,28.266115188598633,35.150001525878906,0.0,35.15999984741211,34.849998474121094,34.88999938964844,0.0,20395400
2016-07-20,28.70035743713379,35.689998626708984,0.0,35.93000030517578,35.060001373291016,35.29999923706055,0.0,42994200
2016-07-21,27.558456420898438,34.27000045776367,0.0,34.4900016784668,33.86000061035156,34.33000183105469,0.0,63708600
2016-07-22,27.8720760345459,34.65999984741211,0.0,34.70000076293945,34.2599983215332,34.380001068115234,0.0,33033700
2016-07-25,27.896202087402344,34.689998626708984,0.0,34.7599983215332,34.56999969482422,34.619998931884766,0.0,20277700
2016-07-26,28.217864990234375,35.09000015258789,0.0,35.22999954223633,34.70000076293945,34.75,0.0,29644400
2016-07-27,28.008787155151367,34.83000183105469,0.0,35.279998779296875,34.630001068115234,35.0,0.0,23601800
2016-07-28,27.960540771484375,34.77000045776367,0.0,34.83000183105469,34.52000045776367,34.83000183105469,0.0,21667400
2016-07-29,28.032913208007812,34.86000061035156,0.0,34.91999816894531,34.599998474121094,34.77000045776367,0.0,18171200
2016-08-01,28.024869918823242,34.849998474121094,0.0,34.90999984741211,34.560001373291016,34.81999969482422,0.0,18824400
2016-08-02,27.79166603088379,34.560001373291016,0.0,34.869998931884766,34.33000183105469,34.810001373291016,0.0,20057300
2016-08-03,27.751148223876953,34.25,0.26,34.279998779296875,33.9900016784668,34.099998474121094,0.0,18388800
2016-08-04,28.01853370666504,34.58000183105469,0.0,34.619998931884766,34.220001220703125,34.290000915527344,0.0,16362600
2016-08-05,28.342634201049805,34.97999954223633,0.0,35.130001068115234,34.70000076293945,34.79999923706055,0.0,20046200
2016-08-08,28.391246795654297,35.040000915527344,0.0,35.16999816894531,34.86000061035156,34.900001525878906,0.0,19497300
2016-08-09,28.294017791748047,34.91999816894531,0.0,35.15999984741211,34.84000015258789,35.040000915527344,0.0,12578900
2016-08-10,27.978025436401367,34.529998779296875,0.0,35.0,34.5,35.0,0.0,19579000
2016-08-11,28.099559783935547,34.68000030517578,0.0,34.7400016784668,34.4900016784668,34.65999984741211,0.0,16364100
2016-08-12,28.01043701171875,34.56999969482422,0.0,34.7599983215332,34.439998626708984,34.52000045776367,0.0,15708300
2016-08-15,28.285907745361328,34.90999984741211,0.0,35.15999984741211,34.630001068115234,34.70000076293945,0.0,18931100
2016-08-16,28.52899932861328,35.209999084472656,0.0,35.209999084472656,34.77000045776367,34.77000045776367,0.0,16320900
2016-08-17,28.375041961669922,35.02000045776367,0.0,35.209999084472656,34.77000045776367,35.16999816894531,0.0,18221600
2016-08-18,28.33452796936035,34.970001220703125,0.0,35.09000015258789,34.75,34.959999084472656,0.0,16085200
2016-08-19,28.553302764892578,35.2400016784668,0.0,35.27000045776367,34.7400016784668,34.84000015258789,0.0,16417600
2016-08-22,28.65053367614746,35.36000061035156,0.0,35.45000076293945,35.119998931884766,35.20000076293945,0.0,14941400
2016-08-23,28.682945251464844,35.400001525878906,0.0,35.689998626708984,35.29999923706055,35.5,0.0,18316000
2016-08-24,28.480379104614258,35.150001525878906,0.0,35.40999984741211,35.02000045776367,35.31999969482422,0.0,16343500
2016-08-25,28.431764602661133,35.09000015258789,0.0,35.220001220703125,34.900001525878906,35.04999923706055,0.0,12428000
2016-08-26,28.569501876831055,35.2599983215332,0.0,35.58000183105469,35.04999923706055,35.11000061035156,0.0,14469900
2016-08-29,28.80448341369629,35.54999923706055,0.0,35.66999816894531,35.150001525878906,35.47999954223633,0.0,15264300
2016-08-30,28.926015853881836,35.70000076293945,0.0,35.7400016784668,35.52000045776367,35.59000015258789,0.0,15183200
2016-08-31,29.079965591430664,35.88999938964844,0.0,35.900001525878906,35.58000183105469,35.619998931884766,0.0,20562700
2016-09-01,29.185293197631836,36.02000045776367,0.0,36.040000915527344,35.58000183105469,35.9900016784668,0.0,18925800
2016-09-02,29.233917236328125,36.08000183105469,0.0,36.33000183105469,35.95000076293945,36.209999084472656,0.0,16726700
2016-09-06,29.63092803955078,36.56999969482422,0.0,36.599998474121094,36.16999816894531,36.380001068115234,0.0,22337800
2016-09-07,29.54180908203125,36.459999084472656,0.0,36.650001525878906,36.380001068115234,36.650001525878906,0.0,18495600
2016-09-08,29.525598526000977,36.439998626708984,0.0,36.59000015258789,36.119998931884766,36.349998474121094,0.0,20356500
2016-09-09,28.715341567993164,35.439998626708984,0.0,36.38999938964844,35.439998626708984,36.099998474121094,0.0,29457900
2016-09-12,29.233917236328125,36.08000183105469,0.0,36.119998931884766,35.060001373291016,35.189998626708984,0.0,22796600
2016-09-13,28.85309600830078,35.61000061035156,0.0,35.880001068115234,35.31999969482422,35.75,0.0,23591300
2016-09-14,28.861196517944336,35.619998931884766,0.0,35.81999969482422,35.400001525878906,35.5099983215332,0.0,14074500
2016-09-15,29.622838973999023,36.560001373291016,0.0,36.650001525878906,35.540000915527344,35.7400016784668,0.0,23736000
2016-09-16,30.522220611572266,37.66999816894531,0.0,38.04999923706055,37.25,37.720001220703125,0.0,74577900
2016-09-19,30.108989715576172,37.15999984741211,0.0,38.02000045776367,37.09000015258789,37.689998626708984,0.0,30531700
2016-09-20,30.092775344848633,37.13999938964844,0.0,37.43000030517578,36.939998626708984,37.41999816894531,0.0,24796900
2016-09-21,30.343955993652344,37.45000076293945,0.0,37.459999084472656,36.86000061035156,37.209999084472656,0.0,21233700
2016-09-22,30.424991607666016,37.54999923706055,0.0,37.83000183105469,37.439998626708984,37.599998474121094,0.0,17013400
2016-09-23,30.133289337158203,37.189998626708984,0.0,37.650001525878906,37.119998931884766,37.45000076293945,0.0,18062500
2016-09-26,29.69575309753418,36.650001525878906,0.0,36.939998626708984,36.599998474121094,36.91999816894531,0.0,25518800
2016-09-27,30.12518882751465,37.18000030517578,0.0,37.220001220703125,36.630001068115234,36.900001525878906,0.0,22391600
2016-09-28,30.33586311340332,37.439998626708984,0.0,37.5,37.150001525878906,37.310001373291016,0.0,19020800
2016-09-29,30.238622665405273,37.31999969482422,0.0,37.529998779296875,37.0,37.4900016784668,0.0,17675000
2016-09-30,30.587039947509766,37.75,0.0,37.91999816894531,37.439998626708984,37.470001220703125,0.0,24279300
2016-10-03,30.514116287231445,37.65999984741211,0.0,37.95000076293945,37.529998779296875,37.689998626708984,0.0,14113600
2016-10-04,30.4168758392334,37.540000915527344,0.0,37.939998626708984,37.33000183105469,37.77000045776367,0.0,14393100
2016-10-05,30.7814998626709,37.9900016784668,0.0,38.310001373291016,37.63999938964844,37.75,0.0,22420800
2016-10-06,30.8463191986084,38.06999969482422,0.0,38.15999984741211,37.58000183105469,37.84000015258789,0.0,15171400
2016-10-07,30.87062644958496,38.099998474121094,0.0,38.220001220703125,37.779998779296875,38.08000183105469,0.0,16942500
2016-10-10,30.805809020996094,38.02000045776367,0.0,38.36000061035156,37.900001525878906,38.25,0.0,14954300
2016-10-11,30.19811248779297,37.27000045776367,0.0,38.0,36.81999969482422,37.90999984741211,0.0,27650500
2016-10-12,30.08467674255371,37.130001068115234,0.0,37.25,36.810001373291016,37.20000076293945,0.0,14053900
2016-10-13,29.955036163330078,36.970001220703125,0.0,37.130001068115234,36.459999084472656,36.849998474121094,0.0,16936000
2016-10-14,30.343955993652344,37.45000076293945,0.0,37.70000076293945,37.15999984741211,37.189998626708984,0.0,19123900
2016-10-17,30.214323043823242,37.290000915527344,0.0,37.720001220703125,37.2400016784668,37.54999923706055,0.0,15788100
2016-10-18,30.587039947509766,37.75,0.0,38.04999923706055,37.529998779296875,37.970001220703125,0.0,42907800
2016-10-19,28.772071838378906,35.5099983215332,0.0,36.09000015258789,35.22999954223633,36.06999969482422,0.0,75229000
2016-10-20,28.70725440979004,35.43000030517578,0.0,35.66999816894531,35.099998474121094,35.40999984741211,0.0,25669500
2016-10-21,28.480379104614258,35.150001525878906,0.0,35.400001525878906,34.810001373291016,35.209999084472656,0.0,20813200
2016-10-24,28.569501876831055,35.2599983215332,0.0,35.4900016784668,35.11000061035156,35.43000030517578,0.0,21524700
2016-10-25,28.439863204956055,35.099998474121094,0.0,35.25,35.0099983215332,35.13999938964844,0.0,17860300
2016-10-26,28.294017791748047,34.91999816894531,0.0,35.209999084472656,34.7400016784668,35.040000915527344,0.0,19977600
2016-10-27,28.20490074157715,34.810001373291016,0.0,35.22999954223633,34.75,35.099998474121094,0.0,14634700
2016-10-28,28.148178100585938,34.7400016784668,0.0,35.16999816894531,34.709999084472656,34.869998931884766,0.0,22296400
2016-10-31,28.25349998474121,34.869998931884766,0.0,35.08000183105469,34.84000015258789,34.91999816894531,0.0,19188600
2016-11-01,27.969919204711914,34.52000045776367,0.0,35.15999984741211,34.27000045776367,34.900001525878906,0.0,25368200
2016-11-02,28.03473472595215,34.599998474121094,0.0,34.900001525878906,34.470001220703125,34.599998474121094,0.0,21416400
2016-11-03,27.700016021728516,33.93000030517578,0.26,34.52000045776367,33.869998931884766,34.45000076293945,0.0,19400000
2016-11-04,27.43877410888672,33.61000061035156,0.0,33.93000030517578,33.41999816894531,33.529998779296875,0.0,21914700
2016-11-07,28.320476531982422,34.689998626708984,0.0,34.75,34.150001525878906,34.2400016784668,0.0,19296600
2016-11-08,28.361297607421875,34.7400016784668,0.0,34.95000076293945,34.4900016784668,34.599998474121094,0.0,14833100
2016-11-09,28.369461059570312,34.75,0.0,34.849998474121094,33.66999816894531,34.130001068115234,0.0,25999400
2016-11-10,28.16536521911621,34.5,0.0,34.95000076293945,34.029998779296875,34.95000076293945,0.0,28249900
2016-11-11,28.25516700744629,34.61000061035156,0.0,34.869998931884766,34.34000015258789,34.56999969482422,0.0,22665000
2016-11-14,28.14903450012207,34.47999954223633,0.0,34.72999954223633,34.20000076293945,34.560001373291016,0.0,22558900
2016-11-15,28.500072479248047,34.90999984741211,0.0,35.290000915527344,34.61000061035156,34.63999938964844,0.0,20676100
2016-11-16,28.442935943603516,34.84000015258789,0.0,34.91999816894531,34.540000915527344,34.900001525878906,0.0,18565500
2016-11-17,28.58987808227539,35.02000045776367,0.0,35.02000045776367,34.630001068115234,34.810001373291016,0.0,15748500
2016-11-18,28.53273582458496,34.95000076293945,0.0,35.0,34.63999938964844,34.900001525878906,0.0,16806900
2016-11-21,28.557228088378906,34.97999954223633,0.0,35.20000076293945,34.84000015258789,35.099998474121094,0.0,14259500
2016-11-22,28.965425491333008,35.47999954223633,0.0,35.5,35.11000061035156,35.18000030517578,0.0,22327400
2016-11-23,28.736841201782227,35.20000076293945,0.0,35.52000045776367,35.099998474121094,35.47999954223633,0.0,15843100
2016-11-25,28.932756423950195,35.439998626708984,0.0,35.45000076293945,35.11000061035156,35.11000061035156,0.0,6372800
2016-11-28,28.989913940429688,35.5099983215332,0.0,35.65999984741211,35.209999084472656,35.43000030517578,0.0,13549000
2016-11-29,28.826637268066406,35.310001373291016,0.0,35.63999938964844,35.27000045776367,35.63999938964844,0.0,19581000
2016-11-30,28.328636169433594,34.70000076293945,0.0,35.29999923706055,34.70000076293945,35.20000076293945,0.0,27016100
2016-12-01,27.561233520507812,33.7599983215332,0.0,34.93000030517578,33.560001373291016,34.86000061035156,0.0,29618700
2016-12-02,27.88779067993164,34.15999984741211,0.0,34.2599983215332,33.599998474121094,33.720001220703125,0.0,21492500
2016-12-05,28.075559616088867,34.38999938964844,0.0,34.41999816894531,33.970001220703125,34.310001373291016,0.0,14462000
2016-12-06,28.344968795776367,34.720001220703125,0.0,34.75,34.29999923706055,34.38999938964844,0.0,15297700
2016-12-07,28.981746673583984,35.5,0.0,35.56999969482422,34.45000076293945,34.66999816894531,0.0,21710300
2016-12-08,29.1450252532959,35.70000076293945,0.0,36.029998779296875,35.220001220703125,35.47999954223633,0.0,19966500
2016-12-09,29.194007873535156,35.7599983215332,0.0,35.900001525878906,35.59000015258789,35.75,0.0,16326900
2016-12-12,29.365461349487305,35.970001220703125,0.0,36.09000015258789,35.66999816894531,35.779998779296875,0.0,21985800
2016-12-13,30.043054580688477,36.79999923706055,0.0,36.88999938964844,35.93000030517578,36.0099983215332,0.0,35773600
2016-12-14,29.83895492553711,36.54999923706055,0.0,36.88999938964844,36.459999084472656,36.70000076293945,0.0,30819400
2016-12-15,30.034889221191406,36.790000915527344,0.0,37.15999984741211,36.529998779296875,36.7400016784668,0.0,23721500
2016-12-16,29.64302635192871,36.310001373291016,0.0,36.869998931884766,36.09000015258789,36.720001220703125,0.0,38212800
2016-12-19,30.11652946472168,36.88999938964844,0.0,36.95000076293945,36.27000045776367,36.34000015258789,0.0,18744300
2016-12-20,30.377775192260742,37.209999084472656,0.0,37.2400016784668,36.88999938964844,36.95000076293945,0.0,18551800
2016-12-21,30.190000534057617,36.97999954223633,0.0,37.349998474121094,36.90999984741211,37.25,0.0,14323600
2016-12-22,30.14918327331543,36.93000030517578,0.0,37.2400016784668,36.810001373291016,37.22999954223633,0.0,10793900
2016-12-23,30.181833267211914,36.970001220703125,0.0,36.97999954223633,36.77000045776367,36.93000030517578,0.0,6287300
2016-12-27,30.263477325439453,37.06999969482422,0.0,37.33000183105469,36.90999984741211,36.90999984741211,0.0,9033700
2016-12-28,29.90427017211914,36.630001068115234,0.0,37.20000076293945,36.58000183105469,37.099998474121094,0.0,12868600
2016-12-29,29.92875862121582,36.65999984741211,0.0,36.720001220703125,36.43000030517578,36.5099983215332,0.0,8447300
2016-12-30,29.610370635986328,36.27000045776367,0.0,36.79999923706055,36.20000076293945,36.790000915527344,0.0,17468000
2017-01-03,29.879776000976562,36.599998474121094,0.0,36.93000030517578,36.27000045776367,36.61000061035156,0.0,20196500
2017-01-04,29.724658966064453,36.40999984741211,0.0,36.77000045776367,36.34000015258789,36.709999084472656,0.0,15915700
2017-01-05,29.675676345825195,36.349998474121094,0.0,36.720001220703125,36.310001373291016,36.45000076293945,0.0,13986000
2017-01-06,29.781801223754883,36.47999954223633,0.0,36.68000030517578,36.189998626708984,36.59000015258789,0.0,15114000
2017-01-09,29.887943267822266,36.61000061035156,0.0,36.88999938964844,36.47999954223633,36.47999954223633,0.0,19461400
2017-01-10,29.830795288085938,36.540000915527344,0.0,36.93000030517578,36.529998779296875,36.54999923706055,0.0,15918800
2017-01-11,30.165510177612305,36.95000076293945,0.0,37.0,36.5099983215332,36.5099983215332,0.0,22398400
2017-01-12,29.969579696655273,36.709999084472656,0.0,36.83000183105469,36.31999969482422,36.83000183105469,0.0,20391900
2017-01-13,30.034889221191406,36.790000915527344,0.0,36.86000061035156,36.619998931884766,36.709999084472656,0.0,15072200
2017-01-17,30.043054580688477,36.79999923706055,0.0,36.83000183105469,36.59000015258789,36.66999816894531,0.0,20195200
2017-01-18,30.01039695739746,36.7599983215332,0.0,37.0099983215332,36.61000061035156,36.88999938964844,0.0,15382500
2017-01-19,29.855276107788086,36.56999969482422,0.0,36.90999984741211,36.5099983215332,36.5099983215332,0.0,13654500
2017-01-20,30.1573486328125,36.939998626708984,0.0,37.029998779296875,36.58000183105469,36.7599983215332,0.0,23950900
2017-01-23,30.018556594848633,36.77000045776367,0.0,37.209999084472656,36.54999923706055,37.06999969482422,0.0,27752600
2017-01-24,30.712493896484375,37.619998931884766,0.0,37.7400016784668,36.810001373291016,36.84000015258789,0.0,35140900
2017-01-25,30.859439849853516,37.79999923706055,0.0,38.0,37.52000045776367,37.869998931884766,0.0,32276400
2017-01-26,30.66349983215332,37.560001373291016,0.0,37.91999816894531,37.41999816894531,37.81999969482422,0.0,34144800
2017-01-27,31.006385803222656,37.97999954223633,0.0,38.45000076293945,37.810001373291016,38.0,0.0,44368600
2017-01-30,30.549211502075195,37.41999816894531,0.0,37.84000015258789,37.33000183105469,37.7400016784668,0.0,23954700
2017-01-31,30.05938720703125,36.81999969482422,0.0,37.369998931884766,36.63999938964844,37.220001220703125,0.0,27059100
2017-02-01,29.81446075439453,36.52000045776367,0.0,36.95000076293945,36.02000045776367,36.81999969482422,0.0,28380600
2017-02-02,29.9450740814209,36.68000030517578,0.0,36.70000076293945,36.20000076293945,36.2599983215332,0.0,31916900
2017-02-03,30.027305603027344,36.52000045776367,0.26,36.81999969482422,36.45000076293945,36.689998626708984,0.0,21038100
2017-02-06,29.821758270263672,36.27000045776367,0.0,36.5099983215332,36.150001525878906,36.5099983215332,0.0,21427000
2017-02-07,29.887529373168945,36.349998474121094,0.0,36.52000045776367,36.2400016784668,36.45000076293945,0.0,18581900
2017-02-08,29.912185668945312,36.380001068115234,0.0,36.650001525878906,36.13999938964844,36.34000015258789,0.0,20807400
2017-02-09,29.155750274658203,35.459999084472656,0.0,36.5,35.400001525878906,36.5,0.0,47802700
2017-02-10,29.057090759277344,35.34000015258789,0.0,35.43000030517578,34.84000015258789,35.2599983215332,0.0,44106500
2017-02-13,29.43531608581543,35.79999923706055,0.0,35.849998474121094,35.34000015258789,35.56999969482422,0.0,28180600
2017-02-14,29.542205810546875,35.93000030517578,0.0,35.959999084472656,35.529998779296875,35.84000015258789,0.0,25734800
2017-02-15,29.640869140625,36.04999923706055,0.0,36.060001373291016,35.66999816894531,35.97999954223633,0.0,18452200
2017-02-16,29.936861038208008,36.40999984741211,0.0,36.560001373291016,36.099998474121094,36.18000030517578,0.0,21317500
2017-02-17,29.99441146850586,36.47999954223633,0.0,36.47999954223633,36.099998474121094,36.31999969482422,0.0,18909900
2017-02-21,30.027305603027344,36.52000045776367,0.0,36.650001525878906,36.33000183105469,36.529998779296875,0.0,20556000
2017-02-22,29.657310485839844,36.06999969482422,0.0,36.400001525878906,35.790000915527344,36.34000015258789,0.0,29904400
2017-02-23,29.74776268005371,36.18000030517578,0.0,36.29999923706055,35.900001525878906,36.2400016784668,0.0,22775000
2017-02-24,30.035520553588867,36.529998779296875,0.0,36.529998779296875,35.95000076293945,36.13999938964844,0.0,18617600
2017-02-27,30.019088745117188,36.5099983215332,0.0,36.68000030517578,36.27000045776367,36.41999816894531,0.0,14065200
2017-02-28,29.764205932617188,36.20000076293945,0.0,36.459999084472656,36.0,36.41999816894531,0.0,24977000
2017-03-01,29.542205810546875,35.93000030517578,0.0,36.099998474121094,35.439998626708984,35.849998474121094,0.0,34085900
2017-03-02,29.5257625579834,35.90999984741211,0.0,36.02000045776367,35.650001525878906,35.93000030517578,0.0,23602100
2017-03-03,29.517532348632812,35.900001525878906,0.0,36.09000015258789,35.66999816894531,35.939998626708984,0.0,17538100
2017-03-06,29.246200561523438,35.56999969482422,0.0,35.79999923706055,35.41999816894531,35.790000915527344,0.0,24416700
2017-03-07,29.43531608581543,35.79999923706055,0.0,35.79999923706055,35.38999938964844,35.540000915527344,0.0,23434900
2017-03-08,29.287311553955078,35.619998931884766,0.0,35.900001525878906,35.529998779296875,35.66999816894531,0.0,20920100
2017-03-09,29.451765060424805,35.81999969482422,0.0,35.939998626708984,35.5,35.599998474121094,0.0,23616800
2017-03-10,29.5257625579834,35.90999984741211,0.0,36.29999923706055,35.779998779296875,36.119998931884766,0.0,25402300
2017-03-13,28.909093856811523,35.15999984741211,0.0,36.040000915527344,34.939998626708984,35.849998474121094,0.0,53582900
2017-03-14,28.9255313873291,35.18000030517578,0.0,35.22999954223633,34.65999984741211,35.060001373291016,0.0,28586900
2017-03-15,28.859758377075195,35.099998474121094,0.0,35.16999816894531,34.68000030517578,34.939998626708984,0.0,27996100
2017-03-16,28.892648696899414,35.13999938964844,0.0,35.36000061035156,35.06999969482422,35.16999816894531,0.0,19616100
2017-03-17,28.999534606933594,35.27000045776367,0.0,35.33000183105469,35.099998474121094,35.310001373291016,0.0,30778900
2017-03-20,29.13109588623047,35.43000030517578,0.0,35.630001068115234,35.2599983215332,35.369998931884766,0.0,17322300
2017-03-21,28.8104248046875,35.040000915527344,0.0,35.599998474121094,35.0,35.59000015258789,0.0,22814500
2017-03-22,29.081758499145508,35.369998931884766,0.0,35.459999084472656,35.0,35.220001220703125,0.0,19144500
2017-03-23,28.999534606933594,35.27000045776367,0.0,35.4900016784668,35.02000045776367,35.4900016784668,0.0,20640400
2017-03-24,28.909093856811523,35.15999984741211,0.0,35.72999954223633,35.119998931884766,35.650001525878906,0.0,22188000
2017-03-27,29.098207473754883,35.38999938964844,0.0,35.5,34.939998626708984,35.06999969482422,0.0,16992200
2017-03-28,29.270877838134766,35.599998474121094,0.0,35.709999084472656,35.209999084472656,35.34000015258789,0.0,18398100
2017-03-29,29.246200561523438,35.56999969482422,0.0,35.70000076293945,35.439998626708984,35.52000045776367,0.0,17202600
2017-03-30,29.394197463989258,35.75,0.0,35.88999938964844,35.52000045776367,35.58000183105469,0.0,16433000
2017-03-31,29.657310485839844,36.06999969482422,0.0,36.25,35.7400016784668,35.75,0.0,21438400
2017-04-03,29.731307983398438,36.15999984741211,0.0,36.7400016784668,36.119998931884766,36.189998626708984,0.0,32013600
2017-04-04,29.829980850219727,36.279998779296875,0.0,36.380001068115234,35.9900016784668,36.119998931884766,0.0,18918000
2017-04-05,29.780643463134766,36.220001220703125,0.0,36.7599983215332,36.16999816894531,36.43000030517578,0.0,22455500
2017-04-06,29.624420166015625,36.029998779296875,0.0,36.279998779296875,36.029998779296875,36.130001068115234,0.0,20198200
2017-04-07,29.624420166015625,36.029998779296875,0.0,36.31999969482422,35.9900016784668,36.06999969482422,0.0,15689500
2017-04-10,29.43531608581543,35.79999923706055,0.0,36.09000015258789,35.61000061035156,36.02000045776367,0.0,19973700
2017-04-11,29.385976791381836,35.7400016784668,0.0,35.790000915527344,35.209999084472656,35.77000045776367,0.0,22711800
2017-04-12,29.295536041259766,35.630001068115234,0.0,36.0099983215332,35.5,35.869998931884766,0.0,19289800
2017-04-13,28.983095169067383,35.25,0.0,35.7599983215332,35.25,35.54999923706055,0.0,15764000
2017-04-17,29.17220687866211,35.47999954223633,0.0,35.59000015258789,35.33000183105469,35.439998626708984,0.0,12560700
2017-04-18,29.410648345947266,35.77000045776367,0.0,35.810001373291016,35.29999923706055,35.43000030517578,0.0,12321100
2017-04-19,29.5257625579834,35.90999984741211,0.0,36.220001220703125,35.88999938964844,35.970001220703125,0.0,16594600
2017-04-20,29.74776268005371,36.18000030517578,0.0,36.27000045776367,35.86000061035156,36.18000030517578,0.0,22968300
2017-04-21,29.862876892089844,36.31999969482422,0.0,36.41999816894531,35.849998474121094,36.20000076293945,0.0,20390500
2017-04-24,30.216413497924805,36.75,0.0,36.849998474121094,36.459999084472656,36.66999816894531,0.0,26305800
2017-04-25,30.315082550048828,36.869998931884766,0.0,37.0,36.65999984741211,36.77000045776367,0.0,22066800
2017-04-26,30.364416122436523,36.93000030517578,0.0,37.22999954223633,36.779998779296875,36.779998779296875,0.0,27241000
2017-04-27,30.77552604675293,37.43000030517578,0.0,37.5,36.779998779296875,36.869998931884766,0.0,39890000
2017-04-28,29.72308921813965,36.150001525878906,0.0,36.4900016784668,35.880001068115234,36.099998474121094,0.0,56769300
2017-05-01,29.854646682739258,36.310001373291016,0.0,36.400001525878906,35.939998626708984,36.11000061035156,0.0,24825600
2017-05-02,30.397300720214844,36.970001220703125,0.0,37.029998779296875,36.349998474121094,36.369998931884766,0.0,35813000
2017-05-03,30.63172149658203,36.97999954223633,0.273,37.16999816894531,36.619998931884766,36.720001220703125,0.0,22040300
2017-05-04,30.52404022216797,36.849998474121094,0.0,37.11000061035156,36.63999938964844,36.9900016784668,0.0,16437100
2017-05-05,30.499197006225586,36.81999969482422,0.0,36.93000030517578,36.5,36.86000061035156,0.0,18119200
2017-05-08,30.26725959777832,36.540000915527344,0.0,36.849998474121094,36.47999954223633,36.72999954223633,0.0,17660200
2017-05-09,30.12644386291504,36.369998931884766,0.0,36.75,36.279998779296875,36.47999954223633,0.0,17819100
2017-05-10,29.828245162963867,36.0099983215332,0.0,36.380001068115234,35.93000030517578,36.27000045776367,0.0,25133800
2017-05-11,29.563169479370117,35.689998626708984,0.0,36.0,35.45000076293945,35.90999984741211,0.0,21508900
2017-05-12,29.43063735961914,35.529998779296875,0.0,35.7400016784668,35.400001525878906,35.720001220703125,0.0,19730800
2017-05-15,29.51348114013672,35.630001068115234,0.0,35.720001220703125,35.41999816894531,35.529998779296875,0.0,22120100
2017-05-16,29.670860290527344,35.81999969482422,0.0,35.88999938964844,35.41999816894531,35.75,0.0,22291800
2017-05-17,29.024761199951172,35.040000915527344,0.0,35.9900016784668,35.02000045776367,35.66999816894531,0.0,26670200
2017-05-18,29.173856735229492,35.220001220703125,0.0,35.470001220703125,35.08000183105469,35.189998626708984,0.0,17171900
2017-05-19,29.322959899902344,35.400001525878906,0.0,35.54999923706055,35.130001068115234,35.150001525878906,0.0,18340100
2017-05-22,29.62943458557129,35.77000045776367,0.0,36.11000061035156,35.380001068115234,35.47999954223633,0.0,14638100
2017-05-23,29.703990936279297,35.86000061035156,0.0,35.9900016784668,35.560001373291016,35.869998931884766,0.0,16903700
2017-05-24,29.919355392456055,36.119998931884766,0.0,36.18000030517578,35.88999938964844,35.97999954223633,0.0,20640600
2017-05-25,30.035320281982422,36.2599983215332,0.0,36.38999938964844,36.060001373291016,36.119998931884766,0.0,13148500
2017-05-26,30.035320281982422,36.2599983215332,0.0,36.33000183105469,36.130001068115234,36.2599983215332,0.0,11145500
2017-05-30,29.969058990478516,36.18000030517578,0.0,36.439998626708984,36.09000015258789,36.27000045776367,0.0,13026900
2017-05-31,29.91107177734375,36.11000061035156,0.0,36.380001068115234,35.869998931884766,36.310001373291016,0.0,17741900
2017-06-01,29.919355392456055,36.119998931884766,0.0,36.130001068115234,35.79999923706055,36.119998931884766,0.0,17510900
2017-06-02,30.08501434326172,36.31999969482422,0.0,36.33000183105469,36.0,36.27000045776367,0.0,19127400
2017-06-05,30.101585388183594,36.34000015258789,0.0,36.5,36.20000076293945,36.29999923706055,0.0,11685700
2017-06-06,29.927650451660156,36.130001068115234,0.0,36.45000076293945,35.97999954223633,36.15999984741211,0.0,18420900
2017-06-07,30.035320281982422,36.2599983215332,0.0,36.56999969482422,36.099998474121094,36.130001068115234,0.0,17192000
2017-06-08,30.21755599975586,36.47999954223633,0.0,36.529998779296875,36.15999984741211,36.34000015258789,0.0,17154200
2017-06-09,29.57973289489746,35.709999084472656,0.0,36.560001373291016,35.310001373291016,36.5,0.0,33322100
2017-06-12,29.59630584716797,35.72999954223633,0.0,36.0099983215332,35.40999984741211,35.59000015258789,0.0,28488300
2017-06-13,29.720556259155273,35.880001068115234,0.0,35.95000076293945,35.529998779296875,35.68000030517578,0.0,20588200
2017-06-14,29.43063735961914,35.529998779296875,0.0,36.04999923706055,35.220001220703125,35.9900016784668,0.0,19149000
2017-06-15,29.2484073638916,35.310001373291016,0.0,35.47999954223633,35.13999938964844,35.209999084472656,0.0,20410000
2017-06-16,29.165569305419922,35.209999084472656,0.0,35.33000183105469,35.0099983215332,35.279998779296875,0.0,30762800
2017-06-19,29.414072036743164,35.5099983215332,0.0,35.61000061035156,35.31999969482422,35.61000061035156,0.0,21583800
2017-06-20,28.87565803527832,34.86000061035156,0.0,35.45000076293945,34.84000015258789,35.45000076293945,0.0,21536500
2017-06-21,28.64372444152832,34.58000183105469,0.0,34.599998474121094,34.09000015258789,34.33000183105469,0.0,27138500
2017-06-22,28.461490631103516,34.36000061035156,0.0,34.630001068115234,34.290000915527344,34.560001373291016,0.0,24602900
2017-06-23,28.32067108154297,34.189998626708984,0.0,34.54999923706055,34.099998474121094,34.209999084472656,0.0,29260900
2017-06-26,28.221269607543945,34.06999969482422,0.0,34.5099983215332,34.029998779296875,34.2599983215332,0.0,18854800
2017-06-27,27.873371124267578,33.650001525878906,0.0,34.150001525878906,33.650001525878906,34.0,0.0,27078900
2017-06-28,28.32895851135254,34.20000076293945,0.0,34.2400016784668,33.7400016784668,33.77000045776367,0.0,25940100
2017-06-29,27.782258987426758,33.540000915527344,0.0,34.099998474121094,33.34000015258789,33.91999816894531,0.0,25215700
2017-06-30,27.94792938232422,33.7400016784668,0.0,33.93000030517578,33.529998779296875,33.869998931884766,0.0,24432000
2017-07-03,27.715993881225586,33.459999084472656,0.0,34.029998779296875,33.43000030517578,33.5099983215332,0.0,12676900
2017-07-05,28.444927215576172,34.34000015258789,0.0,34.43000030517578,33.4900016784668,33.52000045776367,0.0,30010800
2017-07-06,27.8568115234375,33.630001068115234,0.0,34.290000915527344,33.560001373291016,34.119998931884766,0.0,20733200
2017-07-07,28.06389045715332,33.880001068115234,0.0,34.119998931884766,33.70000076293945,33.70000076293945,0.0,18304500
2017-07-10,27.873371124267578,33.650001525878906,0.0,33.7400016784668,33.22999954223633,33.25,0.0,29918400
2017-07-11,28.097021102905273,33.91999816894531,0.0,33.93000030517578,33.43000030517578,33.63999938964844,0.0,25737500
2017-07-12,28.370370864868164,34.25,0.0,34.38999938964844,33.939998626708984,34.279998779296875,0.0,23768300
2017-07-13,28.362085342407227,34.2400016784668,0.0,34.400001525878906,34.119998931884766,34.33000183105469,0.0,15046200
2017-07-14,28.726560592651367,34.68000030517578,0.0,34.709999084472656,34.27000045776367,34.47999954223633,0.0,16316400
2017-07-17,28.552610397338867,34.470001220703125,0.0,34.7400016784668,34.36000061035156,34.7400016784668,0.0,21044400
2017-07-18,28.602306365966797,34.529998779296875,0.0,34.58000183105469,34.25,34.43000030517578,0.0,14362800
2017-07-19,28.62715721130371,34.560001373291016,0.0,34.68000030517578,34.459999084472656,34.68000030517578,0.0,17036200
2017-07-20,28.784542083740234,34.75,0.0,34.84000015258789,34.47999954223633,34.540000915527344,0.0,17506200
2017-07-21,28.767967224121094,34.72999954223633,0.0,34.81999969482422,34.400001525878906,34.540000915527344,0.0,22245000
2017-07-24,28.57745933532715,34.5,0.0,34.79999923706055,34.380001068115234,34.72999954223633,0.0,16146300
2017-07-25,28.71827507019043,34.66999816894531,0.0,34.7400016784668,34.400001525878906,34.54999923706055,0.0,18096700
2017-07-26,28.784542083740234,34.75,0.0,34.970001220703125,34.59000015258789,34.70000076293945,0.0,15499300
2017-07-27,28.966777801513672,34.970001220703125,0.0,35.25,34.66999816894531,34.779998779296875,0.0,43062800
2017-07-28,29.2484073638916,35.310001373291016,0.0,35.86000061035156,35.0,35.130001068115234,0.0,36291500
2017-07-31,29.380943298339844,35.470001220703125,0.0,35.7400016784668,35.31999969482422,35.470001220703125,0.0,27057000
2017-08-01,30.109867095947266,36.349998474121094,0.0,36.43000030517578,35.56999969482422,35.65999984741211,0.0,38710200
2017-08-02,30.35009002685547,36.63999938964844,0.0,36.66999816894531,36.060001373291016,36.33000183105469,0.0,35004300
2017-08-03,30.45273780822754,36.4900016784668,0.273,36.59000015258789,36.150001525878906,36.54999923706055,0.0,26611300
2017-08-04,30.29417610168457,36.29999923706055,0.0,36.560001373291016,36.099998474121094,36.45000076293945,0.0,20520300
2017-08-07,30.402664184570312,36.43000030517578,0.0,36.54999923706055,36.220001220703125,36.38999938964844,0.0,18169300
2017-08-08,30.38596534729004,36.40999984741211,0.0,36.70000076293945,36.29999923706055,36.369998931884766,0.0,22819900
2017-08-09,30.536190032958984,36.59000015258789,0.0,36.65999984741211,36.02000045776367,36.279998779296875,0.0,22796800
2017-08-10,30.160646438598633,36.13999938964844,0.0,36.560001373291016,36.11000061035156,36.400001525878906,0.0,22693300
2017-08-11,29.935304641723633,35.869998931884766,0.0,36.400001525878906,35.790000915527344,36.2599983215332,0.0,19275100
2017-08-14,30.327545166015625,36.34000015258789,0.0,36.470001220703125,36.08000183105469,36.119998931884766,0.0,18469400
2017-08-15,30.043813705444336,36.0,0.0,36.31999969482422,35.81999969482422,36.29999923706055,0.0,21706600
2017-08-16,29.885251998901367,35.810001373291016,0.0,36.06999969482422,35.560001373291016,35.97999954223633,0.0,22014000
2017-08-17,29.35112762451172,35.16999816894531,0.0,35.68000030517578,35.16999816894531,35.599998474121094,0.0,19525000
2017-08-18,29.21760368347168,35.0099983215332,0.0,35.310001373291016,34.9900016784668,35.290000915527344,0.0,16231400
2017-08-21,29.142492294311523,34.91999816894531,0.0,35.279998779296875,34.70000076293945,35.09000015258789,0.0,26493300
2017-08-22,28.91716957092285,34.650001525878906,0.0,35.189998626708984,34.619998931884766,35.02000045776367,0.0,26097800
2017-08-23,28.92551612854004,34.65999984741211,0.0,34.810001373291016,34.380001068115234,34.540000915527344,0.0,19648100
2017-08-24,28.967239379882812,34.709999084472656,0.0,34.88999938964844,34.54999923706055,34.70000076293945,0.0,14301900
2017-08-25,28.93385887145996,34.66999816894531,0.0,34.93000030517578,34.58000183105469,34.81999969482422,0.0,14726800
2017-08-28,28.91716957092285,34.650001525878906,0.0,34.79999923706055,34.59000015258789,34.779998779296875,0.0,20712900
2017-08-29,28.98392677307129,34.72999954223633,0.0,34.75,34.459999084472656,34.5099983215332,0.0,15843700
2017-08-30,29.117456436157227,34.88999938964844,0.0,34.959999084472656,34.630001068115234,34.75,0.0,18565000
2017-08-31,29.26767921447754,35.06999969482422,0.0,35.18000030517578,34.869998931884766,34.939998626708984,0.0,16366800
2017-09-01,29.284364700317383,35.09000015258789,0.0,35.38999938964844,35.06999969482422,35.2400016784668,0.0,12822000
2017-09-05,29.225950241088867,35.02000045776367,0.0,35.33000183105469,34.93000030517578,35.02000045776367,0.0,18772000
2017-09-06,29.843515396118164,35.7599983215332,0.0,35.939998626708984,35.11000061035156,35.220001220703125,0.0,28076400
2017-09-07,29.659912109375,35.540000915527344,0.0,35.95000076293945,35.33000183105469,35.880001068115234,0.0,16297100
2017-09-08,29.367815017700195,35.189998626708984,0.0,35.540000915527344,35.08000183105469,35.41999816894531,0.0,14125000
2017-09-11,29.851858139038086,35.77000045776367,0.0,36.0,35.13999938964844,35.4900016784668,0.0,20037600
2017-09-12,30.118928909301758,36.09000015258789,0.0,36.34000015258789,35.7400016784668,35.880001068115234,0.0,19489900
2017-09-13,30.3192081451416,36.33000183105469,0.0,36.400001525878906,35.970001220703125,36.0,0.0,15509800
2017-09-14,30.44439697265625,36.47999954223633,0.0,36.70000076293945,36.15999984741211,36.189998626708984,0.0,18093900
2017-09-15,30.878353118896484,37.0,0.0,37.08000183105469,36.220001220703125,36.54999923706055,0.0,33596100
2017-09-18,30.878353118896484,37.0,0.0,37.33000183105469,36.79999923706055,37.0,0.0,19393800
2017-09-19,31.07029914855957,37.22999954223633,0.0,37.29999923706055,37.02000045776367,37.20000076293945,0.0,23850500
2017-09-20,30.93677520751953,37.06999969482422,0.0,37.290000915527344,36.65999984741211,37.22999954223633,0.0,23957500
2017-09-21,31.045278549194336,37.20000076293945,0.0,37.27000045776367,36.849998474121094,36.9900016784668,0.0,22954200
2017-09-22,31.028583526611328,37.18000030517578,0.0,37.220001220703125,36.95000076293945,36.95000076293945,0.0,21631800
2017-09-25,31.01189422607422,37.15999984741211,0.0,37.22999954223633,36.849998474121094,37.04999923706055,0.0,23180800
2017-09-26,31.270599365234375,37.470001220703125,0.0,37.63999938964844,37.0,37.209999084472656,0.0,29790400
2017-09-27,31.329029083251953,37.540000915527344,0.0,37.689998626708984,37.099998474121094,37.619998931884766,0.0,25981400
2017-09-28,31.571033477783203,37.83000183105469,0.0,37.880001068115234,37.290000915527344,37.31999969482422,0.0,21171400
2017-09-29,31.779672622680664,38.08000183105469,0.0,38.150001525878906,37.70000076293945,37.84000015258789,0.0,23217300
2017-10-02,32.58084487915039,39.040000915527344,0.0,39.09000015258789,38.08000183105469,38.119998931884766,0.0,37394500
2017-10-03,32.864593505859375,39.380001068115234,0.0,39.70000076293945,38.95000076293945,38.95000076293945,0.0,34002200
2017-10-04,32.831199645996094,39.34000015258789,0.0,39.400001525878906,38.86000061035156,39.38999938964844,0.0,28368800
2017-10-05,32.98976516723633,39.529998779296875,0.0,39.650001525878906,39.209999084472656,39.5,0.0,17710300
2017-10-06,33.07321548461914,39.630001068115234,0.0,39.88999938964844,39.41999816894531,39.599998474121094,0.0,18887500
2017-10-09,33.26517868041992,39.86000061035156,0.0,39.880001068115234,39.52000045776367,39.68000030517578,0.0,18494100
2017-10-10,33.08992004394531,39.650001525878906,0.0,39.95000076293945,39.380001068115234,39.93000030517578,0.0,29890000
2017-10-11,32.79782485961914,39.29999923706055,0.0,39.66999816894531,39.060001373291016,39.47999954223633,0.0,30754700
2017-10-12,32.706016540527344,39.189998626708984,0.0,39.38999938964844,38.97999954223633,39.349998474121094,0.0,18286900
2017-10-13,33.106605529785156,39.66999816894531,0.0,39.810001373291016,39.279998779296875,39.439998626708984,0.0,16829400
2017-10-16,33.18171691894531,39.7599983215332,0.0,39.790000915527344,39.439998626708984,39.709999084472656,0.0,12489100
2017-10-17,33.20675277709961,39.790000915527344,0.0,39.869998931884766,39.369998931884766,39.560001373291016,0.0,15532800
2017-10-18,33.59064483642578,40.25,0.0,40.290000915527344,39.599998474121094,39.79999923706055,0.0,21424600
2017-10-19,33.45711898803711,40.09000015258789,0.0,40.33000183105469,39.83000183105469,39.880001068115234,0.0,19222700
2017-10-20,33.7408561706543,40.43000030517578,0.0,40.45000076293945,40.099998474121094,40.33000183105469,0.0,18335700
2017-10-23,34.074684143066406,40.83000183105469,0.0,41.040000915527344,40.400001525878906,40.54999923706055,0.0,28647000
2017-10-24,34.174835205078125,40.95000076293945,0.0,41.04999923706055,40.720001220703125,41.0,0.0,19652400
2017-10-25,34.032958984375,40.779998779296875,0.0,41.060001373291016,40.4900016784668,40.88999938964844,0.0,24031700
2017-10-26,34.50864028930664,41.349998474121094,0.0,41.58000183105469,40.709999084472656,40.90999984741211,0.0,38247400
2017-10-27,37.05402755737305,44.400001525878906,0.0,45.0,43.099998474121094,43.29999923706055,0.0,90028300
2017-10-30,37.028995513916016,44.369998931884766,0.0,45.189998626708984,43.880001068115234,44.47999954223633,0.0,48161500
2017-10-31,37.96368408203125,45.4900016784668,0.0,45.79999923706055,44.650001525878906,45.20000076293945,0.0,47000900
2017-11-01,38.981842041015625,46.709999084472656,0.0,46.709999084472656,45.59000015258789,45.970001220703125,0.0,47813700
2017-11-02,39.30731964111328,47.099998474121094,0.0,47.22999954223633,46.209999084472656,46.61000061035156,0.0,44602300
2017-11-03,38.673057556152344,46.34000015258789,0.0,47.29999923706055,45.599998474121094,47.20000076293945,0.0,39298100
2017-11-06,39.20446014404297,46.70000076293945,0.273,46.7400016784668,46.09000015258789,46.599998474121094,0.0,34035000
2017-11-07,39.2716178894043,46.779998779296875,0.0,47.09000015258789,46.38999938964844,46.70000076293945,0.0,24461400
2017-11-08,39.20446014404297,46.70000076293945,0.0,46.70000076293945,46.279998779296875,46.619998931884766,0.0,21565800
2017-11-09,38.86865997314453,46.29999923706055,0.0,46.38999938964844,45.650001525878906,46.04999923706055,0.0,25570400
2017-11-10,38.264225006103516,45.58000183105469,0.0,46.09000015258789,45.380001068115234,46.040000915527344,0.0,24095400
2017-11-13,38.40693664550781,45.75,0.0,45.939998626708984,45.25,45.2599983215332,0.0,18999000
2017-11-14,38.4992790222168,45.86000061035156,0.0,45.91999816894531,45.31999969482422,45.70000076293945,0.0,22201200
2017-11-15,38.163482666015625,45.459999084472656,0.0,45.810001373291016,45.16999816894531,45.38999938964844,0.0,17157200
2017-11-16,38.3229866027832,45.650001525878906,0.0,46.06999969482422,45.459999084472656,45.630001068115234,0.0,26439400
2017-11-17,37.46670150756836,44.630001068115234,0.0,45.619998931884766,44.619998931884766,45.5,0.0,63798000
2017-11-20,37.458309173583984,44.619998931884766,0.0,45.119998931884766,44.5,44.72999954223633,0.0,22420000
2017-11-21,37.7269401550293,44.939998626708984,0.0,45.220001220703125,44.709999084472656,44.720001220703125,0.0,21871000
2017-11-22,37.483497619628906,44.650001525878906,0.0,44.95000076293945,44.540000915527344,44.939998626708984,0.0,19538300
2017-11-24,37.567440032958984,44.75,0.0,44.779998779296875,44.43000030517578,44.54999923706055,0.0,6465800
2017-11-27,37.349178314208984,44.4900016784668,0.0,44.61000061035156,44.27000045776367,44.41999816894531,0.0,18202100
2017-11-28,37.5506477355957,44.72999954223633,0.0,44.84000015258789,44.31999969482422,44.650001525878906,0.0,20194100
2017-11-29,36.89583969116211,43.95000076293945,0.0,45.09000015258789,43.77000045776367,44.849998474121094,0.0,27036900
2017-11-30,37.643001556396484,44.84000015258789,0.0,45.20000076293945,44.33000183105469,44.36000061035156,0.0,34145300
2017-12-01,37.50867462158203,44.68000030517578,0.0,44.84000015258789,43.529998779296875,44.72999954223633,0.0,26656300
2017-12-04,37.349178314208984,44.4900016784668,0.0,45.29999923706055,44.33000183105469,45.02000045776367,0.0,28000800
2017-12-05,36.46770477294922,43.439998626708984,0.0,44.900001525878906,43.22999954223633,44.599998474121094,0.0,30626900
2017-12-06,36.47610092163086,43.45000076293945,0.0,43.720001220703125,42.66999816894531,43.13999938964844,0.0,27710800
2017-12-07,36.16548538208008,43.08000183105469,0.0,43.599998474121094,42.779998779296875,43.459999084472656,0.0,32708400
2017-12-08,36.392147064208984,43.349998474121094,0.0,43.58000183105469,43.11000061035156,43.349998474121094,0.0,23154700
2017-12-11,36.65238571166992,43.65999984741211,0.0,43.779998779296875,43.25,43.279998779296875,0.0,20425900
2017-12-12,36.3753662109375,43.33000183105469,0.0,43.619998931884766,43.08000183105469,43.470001220703125,0.0,16557400
2017-12-13,36.38375473022461,43.34000015258789,0.0,43.65999984741211,43.2400016784668,43.650001525878906,0.0,21399500
2017-12-14,36.316585540771484,43.2599983215332,0.0,43.56999969482422,43.02000045776367,43.43000030517578,0.0,19644900
2017-12-15,37.40794372558594,44.560001373291016,0.0,44.84000015258789,43.06999969482422,43.400001525878906,0.0,47477000
2017-12-18,38.83507537841797,46.2599983215332,0.0,46.349998474121094,45.040000915527344,45.150001525878906,0.0,50369300
2017-12-19,39.489891052246094,47.040000915527344,0.0,47.2599983215332,45.88999938964844,46.29999923706055,0.0,41421100
2017-12-20,39.926422119140625,47.560001373291016,0.0,47.63999938964844,46.65999984741211,47.470001220703125,0.0,40935000
2017-12-21,39.25482940673828,46.7599983215332,0.0,47.59000015258789,46.560001373291016,47.540000915527344,0.0,42963500
2017-12-22,39.20446014404297,46.70000076293945,0.0,47.02000045776367,46.02000045776367,46.33000183105469,0.0,33913500
2017-12-26,38.68397521972656,46.08000183105469,0.0,46.470001220703125,45.95000076293945,46.279998779296875,0.0,15533300
2017-12-27,38.70915603637695,46.11000061035156,0.0,46.36000061035156,46.0,46.11000061035156,0.0,13359700
2017-12-28,38.8015022277832,46.220001220703125,0.0,46.36000061035156,45.95000076293945,46.36000061035156,0.0,9504400
2017-12-29,38.751136779785156,46.15999984741211,0.0,46.4900016784668,46.09000015258789,46.209999084472656,0.0,17394500
2018-01-02,39.33038330078125,46.849998474121094,0.0,46.900001525878906,46.209999084472656,46.380001068115234,0.0,23370800
2018-01-03,37.99558639526367,45.2599983215332,0.0,46.209999084472656,43.650001525878906,45.470001220703125,0.0,116479000
2018-01-04,37.298797607421875,44.43000030517578,0.0,44.650001525878906,42.689998626708984,43.52000045776367,0.0,89209100
2018-01-05,37.559051513671875,44.7400016784668,0.0,45.150001525878906,43.900001525878906,44.43000030517578,0.0,41824000
2018-01-08,37.559051513671875,44.7400016784668,0.0,44.84000015258789,43.959999084472656,44.27000045776367,0.0,33733800
2018-01-09,36.618812561035156,43.619998931884766,0.0,44.84000015258789,43.4900016784668,44.70000076293945,0.0,44282300
2018-01-10,35.67858123779297,42.5,0.0,43.599998474121094,42.439998626708984,43.33000183105469,0.0,45735000
2018-01-11,36.44252014160156,43.40999984741211,0.0,43.58000183105469,42.45000076293945,42.79999923706055,0.0,35371500
2018-01-12,36.29981231689453,43.2400016784668,0.0,43.599998474121094,43.0099983215332,43.45000076293945,0.0,29973600
2018-01-16,36.21586227416992,43.13999938964844,0.0,43.790000915527344,42.88999938964844,43.54999923706055,0.0,38367200
2018-01-17,37.26522445678711,44.38999938964844,0.0,44.45000076293945,43.5099983215332,43.54999923706055,0.0,32368600
2018-01-18,37.34077453613281,44.47999954223633,0.0,44.7400016784668,44.16999816894531,44.400001525878906,0.0,26826500
2018-01-19,37.62621307373047,44.81999969482422,0.0,44.88999938964844,44.25,44.619998931884766,0.0,25780200
2018-01-22,38.40693664550781,45.75,0.0,45.790000915527344,44.790000915527344,44.79999923706055,0.0,27706800
2018-01-23,38.66719055175781,46.060001373291016,0.0,46.09000015258789,45.630001068115234,45.810001373291016,0.0,22135100
2018-01-24,38.20545959472656,45.5099983215332,0.0,46.130001068115234,44.959999084472656,45.900001525878906,0.0,32464200
2018-01-25,38.02916717529297,45.29999923706055,0.0,46.369998931884766,45.16999816894531,45.880001068115234,0.0,36758700
2018-01-26,42.04195785522461,50.08000183105469,0.0,50.150001525878906,48.119998931884766,48.380001068115234,0.0,86916100
2018-01-29,41.9580078125,49.97999954223633,0.0,50.849998474121094,49.369998931884766,49.599998474121094,0.0,46304000
2018-01-30,40.95900344848633,48.790000915527344,0.0,50.060001373291016,48.7400016784668,49.47999954223633,0.0,32814600
2018-01-31,40.41333770751953,48.13999938964844,0.0,49.25,47.560001373291016,49.22999954223633,0.0,41619900
2018-02-01,40.00197982788086,47.650001525878906,0.0,48.470001220703125,47.45000076293945,47.70000076293945,0.0,28840400
2018-02-02,38.742740631103516,46.150001525878906,0.0,47.790000915527344,46.099998474121094,47.31999969482422,0.0,28663000
2018-02-05,37.37435531616211,44.52000045776367,0.0,47.2599983215332,44.5,46.349998474121094,0.0,47869000
2018-02-06,37.957542419433594,44.90999984741211,0.3,44.93000030517578,43.029998779296875,44.02000045776367,0.0,58145400
2018-02-07,38.202640533447266,45.20000076293945,0.0,46.29999923706055,44.34000015258789,44.58000183105469,0.0,37508400
2018-02-08,36.13193130493164,42.75,0.0,45.41999816894531,42.7400016784668,45.279998779296875,0.0,43151300
2018-02-09,37.14616012573242,43.95000076293945,0.0,44.279998779296875,42.040000915527344,43.5,0.0,49301100
2018-02-12,37.889930725097656,44.83000183105469,0.0,45.15999984741211,44.09000015258789,44.150001525878906,0.0,28379500
2018-02-13,37.57719421386719,44.459999084472656,0.0,44.779998779296875,44.2599983215332,44.59000015258789,0.0,19517600
2018-02-14,38.35478591918945,45.380001068115234,0.0,45.5099983215332,44.040000915527344,44.06999969482422,0.0,19922000
2018-02-15,38.811180114746094,45.91999816894531,0.0,45.9900016784668,44.95000076293945,45.880001068115234,0.0,23536800
2018-02-16,38.50691604614258,45.560001373291016,0.0,46.59000015258789,45.5099983215332,45.81999969482422,0.0,21475200
2018-02-20,39.149269104003906,46.31999969482422,0.0,46.709999084472656,45.38999938964844,45.459999084472656,0.0,25512000
2018-02-21,38.82809066772461,45.939998626708984,0.0,47.060001373291016,45.91999816894531,46.66999816894531,0.0,27527500
2018-02-22,38.70976257324219,45.79999923706055,0.0,46.560001373291016,45.619998931884766,46.13999938964844,0.0,16946400
2018-02-23,40.34097671508789,47.72999954223633,0.0,47.790000915527344,46.310001373291016,46.34000015258789,0.0,26040900
2018-02-26,41.5073356628418,49.11000061035156,0.0,49.130001068115234,48.099998474121094,48.20000076293945,0.0,26992300
2018-02-27,42.183494567871094,49.90999984741211,0.0,50.900001525878906,49.310001373291016,49.369998931884766,0.0,43624100
2018-02-28,41.659481048583984,49.290000915527344,0.0,50.34000015258789,49.279998779296875,50.18000030517578,0.0,35541200
2018-03-01,40.43395233154297,47.84000015258789,0.0,49.720001220703125,47.470001220703125,49.5,0.0,36326600
2018-03-02,41.39746856689453,48.97999954223633,0.0,49.04999923706055,46.959999084472656,47.20000076293945,0.0,33310600
2018-03-05,42.048255920410156,49.75,0.0,49.79999923706055,48.040000915527344,48.56999969482422,0.0,30826500
2018-03-06,42.85965347290039,50.709999084472656,0.0,51.33000183105469,50.150001525878906,50.15999984741211,0.0,39132300
2018-03-07,43.375221252441406,51.31999969482422,0.0,51.4900016784668,50.099998474121094,50.18000030517578,0.0,31801900
2018-03-08,42.885013580322266,50.7400016784668,0.0,52.08000183105469,50.470001220703125,51.790000915527344,0.0,29481200
2018-03-09,44.11053466796875,52.189998626708984,0.0,52.29999923706055,51.0,51.27000045776367,0.0,32727900
2018-03-12,43.54426193237305,51.52000045776367,0.0,51.95000076293945,50.5,51.86000061035156,0.0,32044400
2018-03-13,43.76401138305664,51.779998779296875,0.0,53.779998779296875,51.38999938964844,52.52000045776367,0.0,45573900
2018-03-14,43.83161544799805,51.86000061035156,0.0,52.18000030517578,51.310001373291016,52.060001373291016,0.0,24993500
2018-03-15,43.003334045410156,50.880001068115234,0.0,52.29999923706055,50.880001068115234,52.22999954223633,0.0,25631200
2018-03-16,43.24843978881836,51.16999816894531,0.0,51.70000076293945,50.9900016784668,51.16999816894531,0.0,42559800
2018-03-19,42.96107864379883,50.83000183105469,0.0,51.22999954223633,49.93000030517578,50.7400016784668,0.0,31115200
2018-03-20,43.569610595703125,51.54999923706055,0.0,51.810001373291016,50.849998474121094,50.880001068115234,0.0,22215000
2018-03-21,43.578067779541016,51.560001373291016,0.0,52.16999816894531,51.16999816894531,51.54999923706055,0.0,23239500
2018-03-22,42.96107864379883,50.83000183105469,0.0,51.959999084472656,50.599998474121094,50.7400016784668,0.0,30916000
2018-03-23,41.71864318847656,49.36000061035156,0.0,50.9900016784668,49.36000061035156,50.59000015258789,0.0,37683900
2018-03-26,44.35564041137695,52.47999954223633,0.0,52.4900016784668,50.31999969482422,50.7400016784668,0.0,39306200
2018-03-27,43.265342712402344,51.189998626708984,0.0,53.25,50.779998779296875,53.0099983215332,0.0,38777000
2018-03-28,41.921485900878906,49.599998474121094,0.0,50.70000076293945,49.0099983215332,50.5,0.0,37970900
2018-03-29,44.01755905151367,52.08000183105469,0.0,52.08000183105469,49.869998931884766,49.97999954223633,0.0,45265800
2018-04-02,41.34675216674805,48.91999816894531,0.0,52.040000915527344,47.290000915527344,51.689998626708984,0.0,67187800
2018-04-03,42.048255920410156,49.75,0.0,49.959999084472656,48.40999984741211,49.0,0.0,39432400
2018-04-04,42.2511100769043,49.9900016784668,0.0,50.15999984741211,48.0099983215332,48.099998474121094,0.0,30370000
2018-04-05,42.58074188232422,50.380001068115234,0.0,50.720001220703125,49.970001220703125,50.0099983215332,0.0,25115400
2018-04-06,41.23688507080078,48.790000915527344,0.0,50.400001525878906,48.5,49.790000915527344,0.0,28215200
2018-04-09,41.879234313964844,49.54999923706055,0.0,51.11000061035156,49.15999984741211,49.15999984741211,0.0,31437000
2018-04-10,43.33295440673828,51.27000045776367,0.0,51.4900016784668,50.34000015258789,51.119998931884766,0.0,25906400
2018-04-11,43.189273834228516,51.099998474121094,0.0,51.72999954223633,50.81999969482422,50.9900016784668,0.0,17568400
2018-04-12,44.55847930908203,52.720001220703125,0.0,53.27000045776367,51.45000076293945,51.4900016784668,0.0,29781400
2018-04-13,43.83161544799805,51.86000061035156,0.0,53.209999084472656,51.599998474121094,53.060001373291016,0.0,20884900
2018-04-16,44.288021087646484,52.400001525878906,0.0,52.529998779296875,51.790000915527344,52.290000915527344,0.0,18855500
2018-04-17,45.251548767089844,53.540000915527344,0.0,53.70000076293945,52.88999938964844,52.90999984741211,0.0,21228700
2018-04-18,45.31071090698242,53.61000061035156,0.0,54.36000061035156,53.34000015258789,53.52000045776367,0.0,22164700
2018-04-19,44.135887145996094,52.220001220703125,0.0,52.959999084472656,51.61000061035156,52.95000076293945,0.0,25422400
2018-04-20,43.55270767211914,51.529998779296875,0.0,52.279998779296875,50.880001068115234,52.16999816894531,0.0,26910100
2018-04-23,43.189273834228516,51.099998474121094,0.0,51.88999938964844,50.849998474121094,51.689998626708984,0.0,21706700
2018-04-24,43.48509216308594,51.45000076293945,0.0,53.63999938964844,51.13999938964844,51.869998931884766,0.0,42494700
2018-04-25,43.425926208496094,51.380001068115234,0.0,52.099998474121094,50.599998474121094,51.86000061035156,0.0,25752800
2018-04-26,44.837406158447266,53.04999923706055,0.0,53.27000045776367,52.06999969482422,52.2599983215332,0.0,39575000
2018-04-27,44.56694412231445,52.72999954223633,0.0,55.790000915527344,52.22999954223633,55.439998626708984,0.0,69888100
2018-04-30,43.628780364990234,51.619998931884766,0.0,53.369998931884766,51.209999084472656,52.560001373291016,0.0,36417400
2018-05-01,45.07405090332031,53.33000183105469,0.0,53.41999816894531,51.439998626708984,51.63999938964844,0.0,27600800
2018-05-02,44.21195983886719,52.310001373291016,0.0,53.20000076293945,52.150001525878906,53.09000015258789,0.0,25778300
2018-05-03,44.18659210205078,52.279998779296875,0.0,52.560001373291016,51.209999084472656,51.88999938964844,0.0,28561000
2018-05-04,44.86665725708008,52.779998779296875,0.3,52.84000015258789,51.0,51.619998931884766,0.0,25642500
2018-05-07,45.334190368652344,53.33000183105469,0.0,53.58000183105469,52.83000183105469,52.86000061035156,0.0,20285700
2018-05-08,45.5892219543457,53.630001068115234,0.0,53.630001068115234,52.79999923706055,53.290000915527344,0.0,21026800
2018-05-09,46.19276428222656,54.34000015258789,0.0,54.369998931884766,53.189998626708984,53.7599983215332,0.0,19827500
2018-05-10,46.736812591552734,54.97999954223633,0.0,55.0,54.099998474121094,54.54999923706055,0.0,18715900
2018-05-11,46.4732780456543,54.66999816894531,0.0,55.189998626708984,54.43000030517578,54.619998931884766,0.0,15405000
2018-05-14,46.66880798339844,54.900001525878906,0.0,55.2400016784668,54.7400016784668,54.77000045776367,0.0,21878200
2018-05-15,45.83573913574219,53.91999816894531,0.0,54.75,53.560001373291016,54.58000183105469,0.0,21712600
2018-05-16,46.447784423828125,54.63999938964844,0.0,54.70000076293945,53.959999084472656,54.16999816894531,0.0,16260500
2018-05-17,46.5922966003418,54.810001373291016,0.0,55.439998626708984,54.41999816894531,54.54999923706055,0.0,16872600
2018-05-18,45.47871017456055,53.5,0.0,54.540000915527344,53.470001220703125,54.529998779296875,0.0,23679900
2018-05-21,46.17577362060547,54.31999969482422,0.0,55.220001220703125,53.86000061035156,54.36000061035156,0.0,25367400
2018-05-22,46.28627395629883,54.45000076293945,0.0,55.04999923706055,54.04999923706055,54.72999954223633,0.0,19009600
2018-05-23,46.932315826416016,55.209999084472656,0.0,55.22999954223633,53.84000015258789,54.0,0.0,20555400
2018-05-24,46.54130172729492,54.75,0.0,55.29999923706055,54.130001068115234,55.18000030517578,0.0,19667100
2018-05-25,47.127845764160156,55.439998626708984,0.0,55.5,54.540000915527344,54.79999923706055,0.0,18550000
2018-05-29,47.02582931518555,55.31999969482422,0.0,55.810001373291016,54.810001373291016,55.119998931884766,0.0,24253500
2018-05-30,47.331851959228516,55.68000030517578,0.0,56.20000076293945,55.619998931884766,55.88999938964844,0.0,24711500
2018-05-31,46.923828125,55.20000076293945,0.0,55.86000061035156,55.060001373291016,55.66999816894531,0.0,30962100
2018-06-01,48.52195739746094,57.08000183105469,0.0,57.099998474121094,55.79999923706055,55.84000015258789,0.0,31183200
2018-06-04,48.30944061279297,56.83000183105469,0.0,57.599998474121094,56.779998779296875,57.0099983215332,0.0,22538100
2018-06-05,48.054420471191406,56.529998779296875,0.0,57.119998931884766,56.220001220703125,56.900001525878906,0.0,21687000
2018-06-06,48.47944641113281,57.029998779296875,0.0,57.060001373291016,56.08000183105469,56.529998779296875,0.0,22955400
2018-06-07,47.50185775756836,55.880001068115234,0.0,57.0,55.619998931884766,56.91999816894531,0.0,27596100
2018-06-08,46.79631042480469,55.04999923706055,0.0,55.70000076293945,54.65999984741211,55.560001373291016,0.0,30822900
2018-06-11,46.34577178955078,54.52000045776367,0.0,55.09000015258789,54.2599983215332,54.79999923706055,0.0,25752400
2018-06-12,46.60080337524414,54.81999969482422,0.0,55.029998779296875,54.220001220703125,54.869998931884766,0.0,23294900
2018-06-13,46.77930450439453,55.029998779296875,0.0,55.70000076293945,54.90999984741211,54.97999954223633,0.0,22631400
2018-06-14,47.21285629272461,55.540000915527344,0.0,55.86000061035156,55.18000030517578,55.45000076293945,0.0,23419800
2018-06-15,46.84731674194336,55.11000061035156,0.0,55.380001068115234,54.58000183105469,55.16999816894531,0.0,39194700
2018-06-18,45.24067306518555,53.220001220703125,0.0,54.29999923706055,52.34000015258789,54.29999923706055,0.0,40764400
2018-06-19,44.994163513183594,52.93000030517578,0.0,52.95000076293945,51.880001068115234,52.13999938964844,0.0,31780900
2018-06-20,45.444705963134766,53.459999084472656,0.0,53.75,52.689998626708984,53.189998626708984,0.0,21403000
2018-06-21,44.3651123046875,52.189998626708984,0.0,54.529998779296875,51.939998626708984,54.380001068115234,0.0,44435600
2018-06-22,44.628639221191406,52.5,0.0,53.09000015258789,52.29999923706055,52.619998931884766,0.0,34682100
2018-06-25,43.10701370239258,50.709999084472656,0.0,51.75,49.90999984741211,51.16999816894531,0.0,45356500
2018-06-26,42.22293472290039,49.66999816894531,0.0,50.40999984741211,49.36000061035156,49.95000076293945,0.0,37543000
2018-06-27,41.44938659667969,48.7599983215332,0.0,50.060001373291016,48.75,49.34000015258789,0.0,33338800
2018-06-28,41.86590576171875,49.25,0.0,49.4900016784668,48.5,48.58000183105469,0.0,29055700
2018-06-29,42.25694274902344,49.709999084472656,0.0,50.11000061035156,49.5,49.529998779296875,0.0,28906500
2018-07-02,42.673484802246094,50.20000076293945,0.0,50.27000045776367,48.83000183105469,49.040000915527344,0.0,23755500
2018-07-03,42.05292510986328,49.470001220703125,0.0,50.86000061035156,49.43000030517578,50.58000183105469,0.0,16327900
2018-07-05,43.14101791381836,50.75,0.0,50.959999084472656,49.75,49.97999954223633,0.0,26163500
2018-07-06,43.668052673339844,51.369998931884766,0.0,51.5,50.400001525878906,50.77000045776367,0.0,19968000
2018-07-09,44.084590911865234,51.86000061035156,0.0,51.88999938964844,51.0,51.63999938964844,0.0,21361600
2018-07-10,44.33960723876953,52.15999984741211,0.0,52.2599983215332,51.84000015258789,52.099998474121094,0.0,17362900
2018-07-11,43.52355194091797,51.20000076293945,0.0,51.869998931884766,51.189998626708984,51.689998626708984,0.0,18665600
2018-07-12,44.50112533569336,52.349998474121094,0.0,52.47999954223633,51.72999954223633,52.04999923706055,0.0,20292700
2018-07-13,44.39061737060547,52.220001220703125,0.0,52.41999816894531,51.7599983215332,52.400001525878906,0.0,13749300
2018-07-16,44.21210479736328,52.0099983215332,0.0,52.31999969482422,51.869998931884766,52.150001525878906,0.0,15951500
2018-07-17,43.991092681884766,51.75,0.0,51.880001068115234,51.0099983215332,51.04999923706055,0.0,15754500
2018-07-18,43.965576171875,51.720001220703125,0.0,51.970001220703125,51.470001220703125,51.869998931884766,0.0,14649000
2018-07-19,44.186588287353516,51.97999954223633,0.0,52.0099983215332,51.04999923706055,51.599998474121094,0.0,15954600
2018-07-20,44.127098083496094,51.90999984741211,0.0,52.06999969482422,51.33000183105469,51.83000183105469,0.0,17380500
2018-07-23,44.46712112426758,52.310001373291016,0.0,52.5,51.33000183105469,51.77000045776367,0.0,15945500
2018-07-24,44.35661697387695,52.18000030517578,0.0,53.29999923706055,52.08000183105469,52.7599983215332,0.0,17788700
2018-07-25,44.56912612915039,52.43000030517578,0.0,52.45000076293945,51.09000015258789,52.209999084472656,0.0,19854800
2018-07-26,44.33960723876953,52.15999984741211,0.0,53.18000030517578,51.869998931884766,52.45000076293945,0.0,28282500
2018-07-27,40.53130340576172,47.68000030517578,0.0,49.20000076293945,47.47999954223633,48.7599983215332,0.0,67816700
2018-07-30,40.53980255126953,47.689998626708984,0.0,47.9900016784668,46.43000030517578,47.630001068115234,0.0,35696600
2018-07-31,40.88833236694336,48.099998474121094,0.0,48.68000030517578,47.689998626708984,48.2400016784668,0.0,36581200
2018-08-01,41.491878509521484,48.810001373291016,0.0,48.90999984741211,48.0,48.060001373291016,0.0,28060700
2018-08-02,42.061424255371094,49.47999954223633,0.0,49.52000045776367,48.20000076293945,48.5,0.0,26452500
2018-08-03,42.188934326171875,49.630001068115234,0.0,49.779998779296875,49.16999816894531,49.5,0.0,22008200
2018-08-06,42.163291931152344,49.29999923706055,0.3,49.310001373291016,48.31999969482422,48.77000045776367,0.0,26669000
2018-08-07,42.50537872314453,49.70000076293945,0.0,49.83000183105469,49.40999984741211,49.43000030517578,0.0,28322700
2018-08-08,42.72774124145508,49.959999084472656,0.0,50.130001068115234,49.439998626708984,49.599998474121094,0.0,21990600
2018-08-09,42.881683349609375,50.13999938964844,0.0,50.599998474121094,49.720001220703125,49.86000061035156,0.0,23795600
2018-08-10,41.77842330932617,48.849998474121094,0.0,49.16999816894531,48.29999923706055,48.5099983215332,0.0,28712400
2018-08-13,41.43632507324219,48.45000076293945,0.0,49.2400016784668,48.380001068115234,48.91999816894531,0.0,17070600
2018-08-14,41.15410232543945,48.119998931884766,0.0,48.7599983215332,47.650001525878906,48.66999816894531,0.0,23061600
2018-08-15,40.589637756347656,47.459999084472656,0.0,48.0,46.900001525878906,47.779998779296875,0.0,26739900
2018-08-16,40.34162139892578,47.16999816894531,0.0,47.95000076293945,47.04999923706055,47.75,0.0,24358000
2018-08-17,40.2817497253418,47.099998474121094,0.0,47.38999938964844,46.33000183105469,47.0,0.0,26382000
2018-08-20,39.76860809326172,46.5,0.0,47.119998931884766,46.189998626708984,47.04999923706055,0.0,24334000
2018-08-21,40.72647476196289,47.619998931884766,0.0,47.849998474121094,46.63999938964844,46.65999984741211,0.0,19254300
2018-08-22,40.238990783691406,47.04999923706055,0.0,47.349998474121094,46.91999816894531,47.25,0.0,23182500
2018-08-23,40.179134368896484,46.97999954223633,0.0,47.16999816894531,46.709999084472656,46.86000061035156,0.0,31343200
2018-08-24,40.760677337646484,47.65999984741211,0.0,47.88999938964844,47.08000183105469,47.290000915527344,0.0,18214700
2018-08-27,41.35080337524414,48.349998474121094,0.0,48.38999938964844,47.630001068115234,48.0,0.0,17170300
2018-08-28,41.53895950317383,48.56999969482422,0.0,48.790000915527344,48.310001373291016,48.54999923706055,0.0,13472400
2018-08-29,41.69289779663086,48.75,0.0,48.86000061035156,48.400001525878906,48.70000076293945,0.0,13479100
2018-08-30,41.2567253112793,48.2400016784668,0.0,48.83000183105469,48.09000015258789,48.52000045776367,0.0,16418800
2018-08-31,41.419219970703125,48.43000030517578,0.0,48.560001373291016,47.91999816894531,47.959999084472656,0.0,16484000
2018-09-04,41.01726150512695,47.959999084472656,0.0,48.43000030517578,47.560001373291016,48.380001068115234,0.0,15682900
2018-09-05,40.81199645996094,47.720001220703125,0.0,48.119998931884766,47.470001220703125,47.75,0.0,20857200
2018-09-06,40.41859817504883,47.2599983215332,0.0,47.959999084472656,47.209999084472656,47.7599983215332,0.0,19318100
2018-09-07,39.72584533691406,46.45000076293945,0.0,47.47999954223633,46.36000061035156,46.90999984741211,0.0,25958300
2018-09-10,39.597564697265625,46.29999923706055,0.0,46.7599983215332,46.22999954223633,46.560001373291016,0.0,21522400
2018-09-11,38.42588424682617,44.93000030517578,0.0,46.029998779296875,44.88999938964844,46.0,0.0,32455300
2018-09-12,38.42588424682617,44.93000030517578,0.0,44.97999954223633,44.060001373291016,44.560001373291016,0.0,29778700
2018-09-13,38.973243713378906,45.56999969482422,0.0,45.849998474121094,45.11000061035156,45.68000030517578,0.0,18657100
2018-09-14,38.94758987426758,45.540000915527344,0.0,45.970001220703125,45.349998474121094,45.779998779296875,0.0,22998700
2018-09-17,38.84495162963867,45.41999816894531,0.0,45.900001525878906,45.189998626708984,45.290000915527344,0.0,17603200
2018-09-18,39.42652130126953,46.099998474121094,0.0,46.529998779296875,45.40999984741211,45.58000183105469,0.0,20528100
2018-09-19,39.46928024291992,46.150001525878906,0.0,46.439998626708984,45.88999938964844,46.09000015258789,0.0,15918900
2018-09-20,40.36728286743164,47.20000076293945,0.0,47.36000061035156,46.52000045776367,46.779998779296875,0.0,21999300
2018-09-21,39.905460357666016,46.65999984741211,0.0,47.41999816894531,46.369998931884766,47.119998931884766,0.0,52650600
2018-09-24,40.119258880615234,46.90999984741211,0.0,47.0,46.150001525878906,46.310001373291016,0.0,17847000
2018-09-25,39.26402282714844,45.90999984741211,0.0,46.38999938964844,45.79999923706055,46.220001220703125,0.0,23389900
2018-09-26,39.08442687988281,45.70000076293945,0.0,46.29999923706055,45.58000183105469,46.040000915527344,0.0,23957700
2018-09-27,39.23836898803711,45.880001068115234,0.0,46.16999816894531,45.72999954223633,45.90999984741211,0.0,15415500
2018-09-28,40.444252014160156,47.290000915527344,0.0,47.75,45.459999084472656,45.619998931884766,0.0,46223500
2018-10-01,39.72584533691406,46.45000076293945,0.0,47.220001220703125,46.20000076293945,46.790000915527344,0.0,23796200
2018-10-02,41.137001037597656,48.099998474121094,0.0,48.880001068115234,47.31999969482422,47.5099983215332,0.0,42121100
2018-10-03,41.70145797729492,48.7599983215332,0.0,49.720001220703125,48.560001373291016,48.619998931884766,0.0,39211900
2018-10-04,41.16265106201172,48.130001068115234,0.0,48.86000061035156,47.619998931884766,48.84000015258789,0.0,30108300
2018-10-05,40.22187805175781,47.029998779296875,0.0,48.34000015258789,46.65999984741211,48.22999954223633,0.0,28901400
2018-10-08,40.22187805175781,47.029998779296875,0.0,47.349998474121094,46.52000045776367,46.959999084472656,0.0,19376800
2018-10-09,39.811378479003906,46.54999923706055,0.0,47.619998931884766,46.540000915527344,47.18000030517578,0.0,23285700
2018-10-10,38.31470489501953,44.79999923706055,0.0,46.119998931884766,44.79999923706055,46.060001373291016,0.0,43109500
2018-10-11,37.82721710205078,44.22999954223633,0.0,45.61000061035156,43.72999954223633,45.150001525878906,0.0,43648800
2018-10-12,38.38312911987305,44.880001068115234,0.0,45.34000015258789,44.22999954223633,45.27000045776367,0.0,32087400
2018-10-15,38.08378601074219,44.529998779296875,0.0,45.13999938964844,44.439998626708984,44.630001068115234,0.0,21633000
2018-10-16,39.289676666259766,45.939998626708984,0.0,46.0099983215332,44.83000183105469,44.900001525878906,0.0,21472000
2018-10-17,39.24692916870117,45.88999938964844,0.0,46.33000183105469,45.540000915527344,46.0,0.0,23124400
2018-10-18,38.46009826660156,44.970001220703125,0.0,45.75,44.83000183105469,45.650001525878906,0.0,26638800
2018-10-19,37.630516052246094,44.0,0.0,45.18000030517578,43.86000061035156,45.02000045776367,0.0,28368500
2018-10-22,38.49430847167969,45.0099983215332,0.0,45.34000015258789,44.099998474121094,44.5,0.0,34508800
2018-10-23,38.058128356933594,44.5,0.0,45.09000015258789,43.90999984741211,44.18000030517578,0.0,38590300
2018-10-24,36.279232025146484,42.41999816894531,0.0,44.36000061035156,42.36000061035156,44.15999984741211,0.0,33631800
2018-10-25,37.8956413269043,44.310001373291016,0.0,44.939998626708984,43.279998779296875,43.540000915527344,0.0,48255300
2018-10-26,39.07586669921875,45.689998626708984,0.0,46.439998626708984,44.70000076293945,45.59000015258789,0.0,67280400
2018-10-29,38.827850341796875,45.400001525878906,0.0,46.75,44.439998626708984,46.5,0.0,35732200
2018-10-30,40.84620666503906,47.7599983215332,0.0,47.880001068115234,45.459999084472656,45.529998779296875,0.0,43975200
2018-10-31,40.093605041503906,46.880001068115234,0.0,48.560001373291016,46.83000183105469,48.290000915527344,0.0,33369100
2018-11-01,41.239620208740234,48.220001220703125,0.0,48.470001220703125,46.86000061035156,46.95000076293945,0.0,28335300
2018-11-02,40.290313720703125,47.11000061035156,0.0,48.25,46.75,48.130001068115234,0.0,30759800
2018-11-05,41.025821685791016,47.970001220703125,0.0,48.25,46.91999816894531,47.34000015258789,0.0,23751200
2018-11-06,40.66435241699219,47.25,0.3,47.91999816894531,47.029998779296875,47.79999923706055,0.0,23839600
2018-11-07,41.929466247558594,48.720001220703125,0.0,48.75,47.59000015258789,47.630001068115234,0.0,29913200
2018-11-08,42.16182327270508,48.9900016784668,0.0,49.290000915527344,48.459999084472656,48.4900016784668,0.0,26581700
2018-11-09,41.40449523925781,48.11000061035156,0.0,49.029998779296875,47.869998931884766,48.790000915527344,0.0,21761400
2018-11-12,40.14797592163086,46.650001525878906,0.0,47.79999923706055,46.599998474121094,47.709999084472656,0.0,24412800
2018-11-13,40.78483581542969,47.38999938964844,0.0,48.25,46.9900016784668,46.9900016784668,0.0,29315900
2018-11-14,40.52663803100586,47.09000015258789,0.0,47.970001220703125,46.88999938964844,47.849998474121094,0.0,25632700
2018-11-15,41.40449523925781,48.11000061035156,0.0,48.2400016784668,46.720001220703125,47.0099983215332,0.0,29581000
2018-11-16,42.02413558959961,48.83000183105469,0.0,49.04999923706055,47.689998626708984,47.77000045776367,0.0,31670600
2018-11-19,41.309814453125,48.0,0.0,49.150001525878906,47.779998779296875,48.61000061035156,0.0,26859000
2018-11-20,40.78483581542969,47.38999938964844,0.0,48.119998931884766,47.09000015258789,47.400001525878906,0.0,29200800
2018-11-21,40.47500228881836,47.029998779296875,0.0,47.880001068115234,47.02000045776367,47.849998474121094,0.0,19011400
2018-11-23,40.05331039428711,46.540000915527344,0.0,47.06999969482422,46.52000045776367,46.689998626708984,0.0,8906900
2018-11-26,40.83646774291992,47.45000076293945,0.0,47.459999084472656,46.70000076293945,47.27000045776367,0.0,20723000
2018-11-27,41.370059967041016,48.06999969482422,0.0,48.220001220703125,46.59000015258789,46.939998626708984,0.0,27621000
2018-11-28,42.049957275390625,48.86000061035156,0.0,48.880001068115234,47.650001525878906,47.939998626708984,0.0,28003200
2018-11-29,41.0516357421875,47.70000076293945,0.0,48.560001373291016,47.630001068115234,48.4900016784668,0.0,23592500
2018-11-30,42.437225341796875,49.310001373291016,0.0,49.31999969482422,47.560001373291016,47.95000076293945,0.0,43313700
2018-12-03,43.142948150634766,50.130001068115234,0.0,50.5,49.529998779296875,50.0,0.0,30870400
2018-12-04,41.09465789794922,47.75,0.0,49.599998474121094,47.68000030517578,49.52000045776367,0.0,35397700
2018-12-06,41.62824630737305,48.369998931884766,0.0,48.38999938964844,46.52000045776367,46.79999923706055,0.0,31661700
2018-12-07,39.795127868652344,46.2400016784668,0.0,48.060001373291016,46.22999954223633,47.939998626708984,0.0,34016400
2018-12-10,40.62992477416992,47.209999084472656,0.0,47.459999084472656,46.0099983215332,46.279998779296875,0.0,23289000
2018-12-11,40.776241302490234,47.380001068115234,0.0,48.59000015258789,47.130001068115234,47.900001525878906,0.0,23851000
2018-12-12,41.16352081298828,47.83000183105469,0.0,48.63999938964844,47.40999984741211,48.58000183105469,0.0,31305000
2018-12-13,41.55940246582031,48.290000915527344,0.0,48.58000183105469,47.86000061035156,48.2599983215332,0.0,19526000
2018-12-14,41.189327239990234,47.86000061035156,0.0,48.7599983215332,47.849998474121094,47.88999938964844,0.0,26372100
2018-12-17,40.518043518066406,47.08000183105469,0.0,48.40999984741211,46.65999984741211,47.86000061035156,0.0,26598700
2018-12-18,41.0860481262207,47.7400016784668,0.0,48.45000076293945,47.36000061035156,47.470001220703125,0.0,29014300
2018-12-19,39.218509674072266,45.56999969482422,0.0,47.72999954223633,45.380001068115234,47.4900016784668,0.0,39717600
2018-12-20,39.19269561767578,45.540000915527344,0.0,46.310001373291016,45.0099983215332,45.40999984741211,0.0,37750900
2018-12-21,38.59025192260742,44.84000015258789,0.0,46.650001525878906,44.79999923706055,45.75,0.0,52768300
2018-12-24,37.51447677612305,43.59000015258789,0.0,45.16999816894531,43.540000915527344,44.630001068115234,0.0,19241600
2018-12-26,39.752098083496094,46.189998626708984,0.0,46.20000076293945,43.5099983215332,44.0,0.0,28677600
2018-12-27,39.898406982421875,46.36000061035156,0.0,46.380001068115234,44.66999816894531,45.619998931884766,0.0,29970700
2018-12-28,40.23404312133789,46.75,0.0,47.7400016784668,46.29999923706055,46.5099983215332,0.0,24758700
2018-12-31,40.38895034790039,46.93000030517578,0.0,47.47999954223633,46.54999923706055,47.09000015258789,0.0,20490400
2019-01-02,40.518043518066406,47.08000183105469,0.0,47.470001220703125,45.77000045776367,45.959999084472656,0.0,18774600
2019-01-03,38.28903579711914,44.4900016784668,0.0,46.279998779296875,44.38999938964844,46.150001525878906,0.0,32267300
2019-01-04,40.6385383605957,47.220001220703125,0.0,47.56999969482422,45.540000915527344,45.84000015258789,0.0,35447300
2019-01-07,40.8278694152832,47.439998626708984,0.0,48.0,46.75,47.099998474121094,0.0,22736800
2019-01-08,41.0860481262207,47.7400016784668,0.0,48.029998779296875,46.779998779296875,47.79999923706055,0.0,22749200
2019-01-09,41.318416595458984,48.0099983215332,0.0,48.56999969482422,47.779998779296875,47.959999084472656,0.0,22554500
2019-01-10,41.79177474975586,48.560001373291016,0.0,48.650001525878906,47.40999984741211,47.75,0.0,27202600
2019-01-11,42.110191345214844,48.93000030517578,0.0,49.290000915527344,48.04999923706055,48.099998474121094,0.0,21751300
2019-01-14,41.61103439331055,48.349998474121094,0.0,48.83000183105469,48.29999923706055,48.459999084472656,0.0,19193900
2019-01-15,41.826194763183594,48.599998474121094,0.0,49.130001068115234,48.439998626708984,48.709999084472656,0.0,22480800
2019-01-16,41.42169952392578,48.130001068115234,0.0,48.88999938964844,48.08000183105469,48.599998474121094,0.0,19057700
2019-01-17,41.714317321777344,48.470001220703125,0.0,48.84000015258789,47.90999984741211,48.0,0.0,17448700
2019-01-18,42.333961486816406,49.189998626708984,0.0,49.380001068115234,48.689998626708984,49.11000061035156,0.0,29874600
2019-01-22,41.54219436645508,48.27000045776367,0.0,48.97999954223633,47.869998931884766,48.959999084472656,0.0,25940700
2019-01-23,41.258182525634766,47.939998626708984,0.0,48.79999923706055,47.52000045776367,48.40999984741211,0.0,18960700
2019-01-24,42.82450866699219,49.7599983215332,0.0,50.040000915527344,48.599998474121094,48.70000076293945,0.0,50578300
2019-01-25,40.48362350463867,47.040000915527344,0.0,47.43000030517578,45.75,46.849998474121094,0.0,86455700
2019-01-28,40.19960403442383,46.709999084472656,0.0,46.72999954223633,46.04999923706055,46.130001068115234,0.0,35928700
2019-01-29,40.05331039428711,46.540000915527344,0.0,46.970001220703125,46.33000183105469,46.779998779296875,0.0,20988300
2019-01-30,40.913936614990234,47.540000915527344,0.0,47.68000030517578,46.45000076293945,46.68000030517578,0.0,26931700
2019-01-31,40.552467346191406,47.119998931884766,0.0,47.18000030517578,46.099998474121094,46.70000076293945,0.0,43051300
2019-02-01,41.93807601928711,48.72999954223633,0.0,49.04999923706055,47.0099983215332,47.060001373291016,0.0,37442900
2019-02-04,42.359771728515625,49.220001220703125,0.0,49.2400016784668,48.2400016784668,48.619998931884766,0.0,20905000
2019-02-05,43.03966522216797,50.0099983215332,0.0,50.720001220703125,49.18000030517578,49.18000030517578,0.0,31641600
2019-02-06,43.21721267700195,49.900001525878906,0.315,50.63999938964844,49.81999969482422,49.95000076293945,0.0,21647800
2019-02-07,42.636932373046875,49.22999954223633,0.0,49.849998474121094,48.68000030517578,49.5,0.0,27825900
2019-02-08,42.299163818359375,48.84000015258789,0.0,49.02000045776367,48.0099983215332,48.77000045776367,0.0,18851200
2019-02-11,42.2385368347168,48.77000045776367,0.0,49.31999969482422,48.58000183105469,49.02000045776367,0.0,18004100
2019-02-12,43.31248474121094,50.0099983215332,0.0,50.13999938964844,49.27000045776367,49.36000061035156,0.0,18050100
2019-02-13,43.710872650146484,50.470001220703125,0.0,50.810001373291016,50.0,50.130001068115234,0.0,17712800
2019-02-14,44.00534439086914,50.810001373291016,0.0,51.040000915527344,50.349998474121094,50.40999984741211,0.0,17545400
2019-02-15,44.74150848388672,51.65999984741211,0.0,51.66999816894531,51.09000015258789,51.25,0.0,22520400
2019-02-19,44.516326904296875,51.400001525878906,0.0,51.709999084472656,51.34000015258789,51.349998474121094,0.0,15611800
2019-02-20,44.507659912109375,51.38999938964844,0.0,51.72999954223633,51.060001373291016,51.630001068115234,0.0,21607700
2019-02-21,44.524986267089844,51.40999984741211,0.0,51.84000015258789,51.209999084472656,51.31999969482422,0.0,16162100
2019-02-22,45.460350036621094,52.4900016784668,0.0,52.97999954223633,52.060001373291016,52.70000076293945,0.0,31934100
2019-02-25,45.9886589050293,53.099998474121094,0.0,53.61000061035156,52.86000061035156,53.060001373291016,0.0,20711800
2019-02-26,46.10124588012695,53.22999954223633,0.0,53.369998931884766,52.90999984741211,53.0099983215332,0.0,16082200
2019-02-27,46.10990524291992,53.2400016784668,0.0,53.380001068115234,52.5099983215332,52.7599983215332,0.0,17590300
2019-02-28,45.867401123046875,52.959999084472656,0.0,53.18000030517578,52.810001373291016,52.91999816894531,0.0,18388800
2019-03-01,46.161869049072266,53.29999923706055,0.0,53.68000030517578,52.88999938964844,53.439998626708984,0.0,18359300
2019-03-04,46.716156005859375,53.939998626708984,0.0,54.099998474121094,53.209999084472656,53.75,0.0,21706100
2019-03-05,46.49097442626953,53.68000030517578,0.0,53.9900016784668,53.11000061035156,53.849998474121094,0.0,21057700
2019-03-06,45.85874557495117,52.95000076293945,0.0,53.650001525878906,52.939998626708984,53.630001068115234,0.0,14740500
2019-03-07,45.55562210083008,52.599998474121094,0.0,52.9900016784668,52.36000061035156,52.77000045776367,0.0,17803000
2019-03-08,45.451690673828125,52.47999954223633,0.0,52.560001373291016,51.70000076293945,51.970001220703125,0.0,16793900
2019-03-11,46.20518112182617,53.349998474121094,0.0,53.650001525878906,52.56999969482422,52.880001068115234,0.0,18963000
2019-03-12,46.39570999145508,53.56999969482422,0.0,53.959999084472656,53.18000030517578,53.34000015258789,0.0,20782100
2019-03-13,47.08857727050781,54.369998931884766,0.0,54.56999969482422,53.650001525878906,54.0,0.0,25522300
2019-03-14,46.283119201660156,53.439998626708984,0.0,54.45000076293945,53.33000183105469,54.29999923706055,0.0,26647100
2019-03-15,47.053924560546875,54.33000183105469,0.0,54.689998626708984,53.68000030517578,53.68000030517578,0.0,46512500
2019-03-18,46.854732513427734,54.099998474121094,0.0,54.5099983215332,53.869998931884766,54.41999816894531,0.0,16274000
2019-03-19,46.915348052978516,54.16999816894531,0.0,54.650001525878906,54.0,54.470001220703125,0.0,18274800
2019-03-20,46.61223602294922,53.81999969482422,0.0,54.400001525878906,53.61000061035156,54.060001373291016,0.0,24325300
2019-03-21,47.322410583496094,54.63999938964844,0.0,54.9900016784668,53.84000015258789,53.91999816894531,0.0,19127200
2019-03-22,46.127220153808594,53.2599983215332,0.0,54.619998931884766,53.209999084472656,54.400001525878906,0.0,21438400
2019-03-25,45.711509704589844,52.779998779296875,0.0,53.54999923706055,52.380001068115234,52.970001220703125,0.0,16971400
2019-03-26,46.283119201660156,53.439998626708984,0.0,53.77000045776367,53.040000915527344,53.31999969482422,0.0,17724300
2019-03-27,46.040618896484375,53.15999984741211,0.0,53.86000061035156,52.939998626708984,53.59000015258789,0.0,19656000
2019-03-28,45.997318267822266,53.11000061035156,0.0,53.439998626708984,52.77000045776367,53.25,0.0,13607900
2019-03-29,46.508304595947266,53.70000076293945,0.0,54.040000915527344,53.47999954223633,53.79999923706055,0.0,18736100
2019-04-01,47.209815979003906,54.5099983215332,0.0,54.56999969482422,54.099998474121094,54.34000015258789,0.0,17830400
2019-04-02,47.07992172241211,54.36000061035156,0.0,54.79999923706055,54.22999954223633,54.529998779296875,0.0,13704500
2019-04-03,48.0499153137207,55.47999954223633,0.0,55.9900016784668,54.88999938964844,55.029998779296875,0.0,24552800
2019-04-04,48.43098831176758,55.91999816894531,0.0,56.13999938964844,55.27000045776367,55.27000045776367,0.0,16520500
2019-04-05,48.15383529663086,55.599998474121094,0.0,55.95000076293945,54.869998931884766,55.75,0.0,19268400
2019-04-08,48.223140716552734,55.68000030517578,0.0,55.7400016784668,55.20000076293945,55.279998779296875,0.0,11758800
2019-04-09,47.91134262084961,55.31999969482422,0.0,55.43000030517578,54.900001525878906,55.349998474121094,0.0,13339700
2019-04-10,48.28375244140625,55.75,0.0,55.86000061035156,55.31999969482422,55.31999969482422,0.0,13084000
2019-04-11,48.327056884765625,55.79999923706055,0.0,56.06999969482422,55.630001068115234,55.7599983215332,0.0,10845800
2019-04-12,48.86402893066406,56.41999816894531,0.0,56.4900016784668,55.84000015258789,56.209999084472656,0.0,12910200
2019-04-15,48.74277877807617,56.279998779296875,0.0,56.560001373291016,55.91999816894531,56.459999084472656,0.0,11676900
2019-04-16,49.11519241333008,56.709999084472656,0.0,57.470001220703125,56.06999969482422,56.65999984741211,0.0,30301900
2019-04-17,50.717430114746094,58.560001373291016,0.0,59.59000015258789,58.119998931884766,58.439998626708984,0.0,38788400
2019-04-18,50.65680694580078,58.4900016784668,0.0,58.880001068115234,58.119998931884766,58.709999084472656,0.0,20464200
2019-04-22,50.9426155090332,58.81999969482422,0.0,58.83000183105469,57.880001068115234,58.150001525878906,0.0,12327500
2019-04-23,50.90796661376953,58.779998779296875,0.0,58.97999954223633,58.5,58.88999938964844,0.0,17739900
2019-04-24,50.85600662231445,58.720001220703125,0.0,59.290000915527344,58.13999938964844,58.52000045776367,0.0,17723700
2019-04-25,49.89466094970703,57.61000061035156,0.0,58.380001068115234,57.22999954223633,58.29999923706055,0.0,27949900
2019-04-26,45.40837478637695,52.43000030517578,0.0,53.09000015258789,51.52000045776367,52.7400016784668,0.0,72364500
2019-04-29,44.265159606933594,51.11000061035156,0.0,52.43000030517578,51.0,52.16999816894531,0.0,42142300
2019-04-30,44.20454025268555,51.040000915527344,0.0,51.43000030517578,50.869998931884766,51.0,0.0,27130900
2019-05-01,43.962039947509766,50.7599983215332,0.0,51.599998474121094,50.7400016784668,51.099998474121094,0.0,20467600
2019-05-02,43.78015899658203,50.54999923706055,0.0,51.33000183105469,50.119998931884766,50.79999923706055,0.0,22655400
2019-05-03,44.8194580078125,51.75,0.0,51.81999969482422,50.72999954223633,51.08000183105469,0.0,25656600
2019-05-06,44.632102966308594,51.220001220703125,0.315,51.279998779296875,50.189998626708984,50.25,0.0,26245200
2019-05-07,43.98728561401367,50.47999954223633,0.0,50.880001068115234,49.93000030517578,50.599998474121094,0.0,29713400
2019-05-08,42.906768798828125,49.2400016784668,0.0,50.790000915527344,49.06999969482422,50.20000076293945,0.0,36812400
2019-05-09,40.623748779296875,46.619998931884766,0.0,48.290000915527344,46.04999923706055,47.900001525878906,0.0,59642200
2019-05-10,40.257781982421875,46.20000076293945,0.0,46.79999923706055,45.099998474121094,46.439998626708984,0.0,42522800
2019-05-13,39.00298309326172,44.7599983215332,0.0,45.63999938964844,44.70000076293945,45.33000183105469,0.0,39091900
2019-05-14,39.360260009765625,45.16999816894531,0.0,45.4900016784668,44.869998931884766,45.18000030517578,0.0,24706500
2019-05-15,39.752376556396484,45.619998931884766,0.0,45.75,44.7599983215332,44.91999816894531,0.0,23407900
2019-05-16,39.673954010009766,45.529998779296875,0.0,45.95000076293945,45.41999816894531,45.470001220703125,0.0,19954700
2019-05-17,39.11626052856445,44.88999938964844,0.0,45.72999954223633,44.7599983215332,45.18000030517578,0.0,22500400
2019-05-20,37.95732879638672,43.560001373291016,0.0,44.52000045776367,43.45000076293945,44.0,0.0,28675000
2019-05-21,38.7415657043457,44.459999084472656,0.0,44.779998779296875,44.18000030517578,44.34000015258789,0.0,25543400
2019-05-22,38.34074020385742,44.0,0.0,44.459999084472656,43.849998474121094,44.150001525878906,0.0,16932500
2019-05-23,38.80257034301758,44.529998779296875,0.0,44.7400016784668,42.86000061035156,43.369998931884766,0.0,35783900
2019-05-24,38.83742904663086,44.56999969482422,0.0,45.04999923706055,44.4900016784668,44.59000015258789,0.0,27168100
2019-05-28,37.96603775024414,43.56999969482422,0.0,44.689998626708984,43.29999923706055,44.65999984741211,0.0,34779900
2019-05-29,38.54115295410156,44.22999954223633,0.0,44.529998779296875,43.33000183105469,43.349998474121094,0.0,28450300
2019-05-30,38.976844787597656,44.72999954223633,0.0,45.029998779296875,44.22999954223633,44.29999923706055,0.0,21618900
2019-05-31,38.37559127807617,44.040000915527344,0.0,44.970001220703125,43.93000030517578,44.18000030517578,0.0,25532500
2019-06-03,37.87019348144531,43.459999084472656,0.0,44.59000015258789,43.20000076293945,44.25,0.0,31155700
2019-06-04,39.02913284301758,44.790000915527344,0.0,44.86000061035156,43.77000045776367,44.15999984741211,0.0,28094900
2019-06-05,38.81999588012695,44.54999923706055,0.0,45.18000030517578,44.189998626708984,45.11000061035156,0.0,20802000
2019-06-06,39.29926300048828,45.099998474121094,0.0,45.16999816894531,44.5099983215332,44.75,0.0,19076200
2019-06-07,40.10964584350586,46.029998779296875,0.0,46.119998931884766,45.099998474121094,45.25,0.0,24370300
2019-06-10,40.78061294555664,46.79999923706055,0.0,47.189998626708984,46.20000076293945,46.22999954223633,0.0,20806100
2019-06-11,40.82418441772461,46.849998474121094,0.0,47.31999969482422,46.52000045776367,47.2599983215332,0.0,18415500
2019-06-12,40.362342834472656,46.31999969482422,0.0,46.66999816894531,46.25,46.66999816894531,0.0,15900600
2019-06-13,40.69346618652344,46.70000076293945,0.0,46.959999084472656,46.529998779296875,46.599998474121094,0.0,12267600
2019-06-14,40.249061584472656,46.189998626708984,0.0,46.41999816894531,45.54999923706055,45.83000183105469,0.0,15381100
2019-06-17,40.19677734375,46.130001068115234,0.0,46.529998779296875,45.79999923706055,46.13999938964844,0.0,12643300
2019-06-18,41.27729797363281,47.369998931884766,0.0,48.0,46.599998474121094,46.75,0.0,25732300
2019-06-19,41.01587677001953,47.06999969482422,0.0,47.58000183105469,47.0,47.47999954223633,0.0,17436400
2019-06-20,41.12043762207031,47.189998626708984,0.0,48.04999923706055,46.869998931884766,47.869998931884766,0.0,20126800
2019-06-21,41.3557014465332,47.459999084472656,0.0,47.72999954223633,46.79999923706055,46.95000076293945,0.0,31096300
2019-06-24,41.50385284423828,47.630001068115234,0.0,47.849998474121094,47.16999816894531,47.400001525878906,0.0,14479900
2019-06-25,40.82418441772461,46.849998474121094,0.0,47.68000030517578,46.79999923706055,47.560001373291016,0.0,16665600
2019-06-26,41.9918212890625,48.189998626708984,0.0,48.47999954223633,47.560001373291016,47.650001525878906,0.0,21886300
2019-06-27,41.3557014465332,47.459999084472656,0.0,48.41999816894531,47.2400016784668,48.150001525878906,0.0,23062900
2019-06-28,41.71298599243164,47.869998931884766,0.0,48.20000076293945,47.68000030517578,47.77000045776367,0.0,26646200
2019-07-01,41.86982345581055,48.04999923706055,0.0,49.45000076293945,47.75,49.290000915527344,0.0,27423300
2019-07-02,41.93083190917969,48.119998931884766,0.0,48.220001220703125,47.689998626708984,47.90999984741211,0.0,15381600
2019-07-03,42.27937316894531,48.52000045776367,0.0,48.560001373291016,48.0,48.18000030517578,0.0,10739100
2019-07-05,41.89598083496094,48.08000183105469,0.0,48.18000030517578,47.439998626708984,48.029998779296875,0.0,14339200
2019-07-08,41.66941452026367,47.81999969482422,0.0,47.95000076293945,47.06999969482422,47.619998931884766,0.0,16564300
2019-07-09,41.60841369628906,47.75,0.0,47.79999923706055,47.130001068115234,47.36000061035156,0.0,17853200
2019-07-10,42.009246826171875,48.209999084472656,0.0,48.61000061035156,47.900001525878906,47.91999816894531,0.0,16032300
2019-07-11,42.34909439086914,48.599998474121094,0.0,48.779998779296875,48.310001373291016,48.560001373291016,0.0,16615100
2019-07-12,43.49930953979492,49.91999816894531,0.0,49.93000030517578,48.810001373291016,49.0,0.0,20148700
2019-07-15,43.673587799072266,50.119998931884766,0.0,50.25,49.77000045776367,50.0,0.0,14345100
2019-07-16,42.84577178955078,49.16999816894531,0.0,50.0,48.959999084472656,49.90999984741211,0.0,17131400
2019-07-17,43.03748321533203,49.38999938964844,0.0,49.70000076293945,49.2400016784668,49.5,0.0,11928600
2019-07-18,43.51673889160156,49.939998626708984,0.0,49.9900016784668,48.88999938964844,49.279998779296875,0.0,15671600
2019-07-19,43.80429458618164,50.27000045776367,0.0,50.65999984741211,49.90999984741211,49.959999084472656,0.0,29141100
2019-07-22,44.74538040161133,51.349998474121094,0.0,51.52000045776367,49.88999938964844,50.0099983215332,0.0,21688000
2019-07-23,45.09394073486328,51.75,0.0,52.0,51.29999923706055,52.0,0.0,18413500
2019-07-24,46.11345291137695,52.91999816894531,0.0,52.970001220703125,51.79999923706055,51.97999954223633,0.0,20896400
2019-07-25,45.45120620727539,52.15999984741211,0.0,52.599998474121094,51.880001068115234,52.5099983215332,0.0,27765400
2019-07-26,44.95452117919922,51.59000015258789,0.0,53.5,51.529998779296875,52.689998626708984,0.0,36401500
2019-07-29,45.756187438964844,52.5099983215332,0.0,52.560001373291016,50.779998779296875,51.529998779296875,0.0,21897500
2019-07-30,45.05036926269531,51.70000076293945,0.0,52.310001373291016,51.560001373291016,51.709999084472656,0.0,16487700
2019-07-31,44.04827880859375,50.54999923706055,0.0,51.720001220703125,50.04999923706055,51.5099983215332,0.0,24169800
2019-08-01,43.133323669433594,49.5,0.0,51.88999938964844,49.470001220703125,50.52000045776367,0.0,34020800
2019-08-02,42.41880416870117,48.68000030517578,0.0,49.36000061035156,48.5,49.09000015258789,0.0,27881600
2019-08-05,40.928733825683594,46.970001220703125,0.0,47.959999084472656,46.56999969482422,47.7599983215332,0.0,38936600
2019-08-06,41.19630432128906,46.959999084472656,0.315,47.560001373291016,46.77000045776367,47.150001525878906,0.0,26119600
2019-08-07,40.99453353881836,46.72999954223633,0.0,46.880001068115234,45.970001220703125,46.29999923706055,0.0,29440400
2019-08-08,41.38052749633789,47.16999816894531,0.0,47.369998931884766,45.90999984741211,46.15999984741211,0.0,30643700
2019-08-09,40.33659362792969,45.97999954223633,0.0,47.0,45.779998779296875,46.939998626708984,0.0,24975500
2019-08-12,40.00322341918945,45.599998474121094,0.0,46.06999969482422,45.439998626708984,45.7599983215332,0.0,18494300
2019-08-13,41.09103012084961,46.84000015258789,0.0,47.04999923706055,45.36000061035156,45.4900016784668,0.0,28959500
2019-08-14,40.240089416503906,45.869998931884766,0.0,46.630001068115234,45.650001525878906,46.060001373291016,0.0,25650200
2019-08-15,40.0909538269043,45.70000076293945,0.0,46.18000030517578,45.439998626708984,46.099998474121094,0.0,21896000
2019-08-16,40.79276657104492,46.5,0.0,46.68000030517578,46.060001373291016,46.34000015258789,0.0,22701800
2019-08-19,41.43315887451172,47.22999954223633,0.0,47.599998474121094,47.040000915527344,47.459999084472656,0.0,21403600
2019-08-20,40.880489349365234,46.599998474121094,0.0,47.119998931884766,46.459999084472656,47.029998779296875,0.0,23113300
2019-08-21,41.36298751831055,47.150001525878906,0.0,47.290000915527344,46.88999938964844,47.11000061035156,0.0,15915000
2019-08-22,41.038394927978516,46.779998779296875,0.0,47.43000030517578,46.689998626708984,47.279998779296875,0.0,19783000
2019-08-23,39.44178009033203,44.959999084472656,0.0,46.630001068115234,44.79999923706055,46.349998474121094,0.0,32814000
2019-08-26,39.968135833740234,45.560001373291016,0.0,45.81999969482422,45.25,45.81999969482422,0.0,22080500
2019-08-27,40.169898986816406,45.790000915527344,0.0,46.119998931884766,45.5,45.869998931884766,0.0,16925500
2019-08-28,40.169898986816406,45.790000915527344,0.0,45.90999984741211,45.369998931884766,45.70000076293945,0.0,14888800
2019-08-29,41.117347717285156,46.869998931884766,0.0,47.220001220703125,46.400001525878906,46.459999084472656,0.0,17803800
2019-08-30,41.59107208251953,47.40999984741211,0.0,47.790000915527344,47.15999984741211,47.2400016784668,0.0,16922600
2019-09-03,41.21385955810547,46.97999954223633,0.0,47.220001220703125,46.5,47.119998931884766,0.0,15003800
2019-09-04,42.91573715209961,48.91999816894531,0.0,48.95000076293945,47.540000915527344,47.560001373291016,0.0,23450700
2019-09-05,43.950923919677734,50.099998474121094,0.0,51.16999816894531,49.869998931884766,49.93000030517578,0.0,30014200
2019-09-06,44.67026901245117,50.91999816894531,0.0,50.9900016784668,50.06999969482422,50.25,0.0,17067900
2019-09-09,45.25804138183594,51.59000015258789,0.0,52.029998779296875,51.02000045776367,51.060001373291016,0.0,20749700
2019-09-10,45.45980453491211,51.81999969482422,0.0,51.84000015258789,50.83000183105469,51.33000183105469,0.0,18532000
2019-09-11,46.31074905395508,52.790000915527344,0.0,52.790000915527344,51.380001068115234,51.599998474121094,0.0,18968900
2019-09-12,46.50375747680664,53.0099983215332,0.0,53.33000183105469,52.06999969482422,53.0,0.0,23308700
2019-09-13,46.09143829345703,52.540000915527344,0.0,53.0,52.22999954223633,52.7599983215332,0.0,18010800
2019-09-16,45.79316711425781,52.20000076293945,0.0,52.290000915527344,51.70000076293945,51.900001525878906,0.0,13354600
2019-09-17,45.573856353759766,51.95000076293945,0.0,52.13999938964844,51.349998474121094,52.04999923706055,0.0,19641100
2019-09-18,45.38963317871094,51.7400016784668,0.0,52.130001068115234,51.15999984741211,52.130001068115234,0.0,14906800
2019-09-19,45.2404899597168,51.56999969482422,0.0,51.9900016784668,51.5,51.70000076293945,0.0,11428400
2019-09-20,44.49481964111328,50.720001220703125,0.0,51.880001068115234,50.560001373291016,51.599998474121094,0.0,37067900
2019-09-23,44.6527214050293,50.900001525878906,0.0,51.22999954223633,50.38999938964844,50.83000183105469,0.0,18916600
2019-09-24,43.70527648925781,49.81999969482422,0.0,51.18000030517578,49.63999938964844,51.099998474121094,0.0,28197400
2019-09-25,44.757999420166016,51.02000045776367,0.0,51.209999084472656,49.41999816894531,49.75,0.0,19486700
2019-09-26,44.67026901245117,50.91999816894531,0.0,51.150001525878906,50.34000015258789,50.97999954223633,0.0,11351800
2019-09-27,44.547447204589844,50.779998779296875,0.0,51.220001220703125,50.34000015258789,50.630001068115234,0.0,14845700
2019-09-30,45.20539474487305,51.529998779296875,0.0,51.599998474121094,50.939998626708984,51.189998626708984,0.0,13652100
2019-10-01,44.52989959716797,50.7599983215332,0.0,52.2400016784668,50.43000030517578,51.970001220703125,0.0,18413100
2019-10-02,43.32805633544922,49.38999938964844,0.0,50.369998931884766,48.97999954223633,50.310001373291016,0.0,20078700
2019-10-03,43.889503479003906,50.029998779296875,0.0,50.06999969482422,48.529998779296875,49.5,0.0,16320100
2019-10-04,44.67026901245117,50.91999816894531,0.0,50.970001220703125,50.029998779296875,50.349998474121094,0.0,12644900
2019-10-07,44.407081604003906,50.619998931884766,0.0,51.22999954223633,50.560001373291016,50.70000076293945,0.0,12081400
2019-10-08,43.62632369995117,49.72999954223633,0.0,50.47999954223633,49.61000061035156,50.15999984741211,0.0,17409100
2019-10-09,44.284271240234375,50.47999954223633,0.0,50.790000915527344,50.150001525878906,50.470001220703125,0.0,11834900
2019-10-10,44.836944580078125,51.11000061035156,0.0,51.779998779296875,50.400001525878906,50.40999984741211,0.0,13907900
2019-10-11,45.69667053222656,52.09000015258789,0.0,52.790000915527344,51.81999969482422,52.0,0.0,24072500
2019-10-14,45.30189514160156,51.63999938964844,0.0,51.95000076293945,51.439998626708984,51.900001525878906,0.0,15016800
2019-10-15,46.18793487548828,52.650001525878906,0.0,53.06999969482422,51.83000183105469,51.93000030517578,0.0,18878100
2019-10-16,46.01249313354492,52.45000076293945,0.0,52.560001373291016,52.119998931884766,52.349998474121094,0.0,14769300
2019-10-17,45.49489974975586,51.86000061035156,0.0,52.84000015258789,51.380001068115234,52.63999938964844,0.0,16533900
2019-10-18,45.0562744140625,51.36000061035156,0.0,51.81999969482422,51.029998779296875,51.75,0.0,16974100
2019-10-21,45.73175811767578,52.130001068115234,0.0,52.16999816894531,51.34000015258789,51.52000045776367,0.0,12189000
2019-10-22,45.62649154663086,52.0099983215332,0.0,52.31999969482422,51.88999938964844,51.900001525878906,0.0,13114300
2019-10-23,45.37207794189453,51.720001220703125,0.0,51.959999084472656,51.20000076293945,51.369998931884766,0.0,15887500
2019-10-24,45.81948471069336,52.22999954223633,0.0,52.43000030517578,51.43000030517578,52.09000015258789,0.0,23413000
2019-10-25,49.53030776977539,56.459999084472656,0.0,56.61000061035156,53.91999816894531,54.189998626708984,0.0,59767700
2019-10-28,49.793495178222656,56.7599983215332,0.0,56.810001373291016,56.060001373291016,56.380001068115234,0.0,32307500
2019-10-29,49.42503356933594,56.34000015258789,0.0,57.2400016784668,56.2400016784668,56.369998931884766,0.0,18155800
2019-10-30,49.65312957763672,56.599998474121094,0.0,56.630001068115234,55.619998931884766,56.31999969482422,0.0,15248000
2019-10-31,49.591705322265625,56.529998779296875,0.0,56.599998474121094,55.619998931884766,56.33000183105469,0.0,19249700
2019-11-01,49.57417297363281,56.5099983215332,0.0,56.650001525878906,55.619998931884766,55.939998626708984,0.0,17953500
2019-11-04,50.53915786743164,57.61000061035156,0.0,57.79999923706055,56.849998474121094,56.93000030517578,0.0,19068000
2019-11-05,50.486534118652344,57.54999923706055,0.0,58.349998474121094,57.209999084472656,57.470001220703125,0.0,20865400
2019-11-06,50.80848693847656,57.599998474121094,0.315,57.709999084472656,56.97999954223633,57.4900016784668,0.0,17721000
2019-11-07,51.2054328918457,58.04999923706055,0.0,58.54999923706055,57.86000061035156,58.0,0.0,16962800
2019-11-08,51.39949417114258,58.27000045776367,0.0,58.29999923706055,57.310001373291016,57.849998474121094,0.0,11888900
2019-11-11,51.47006607055664,58.349998474121094,0.0,58.5,57.900001525878906,57.970001220703125,0.0,11228900
2019-11-12,51.337745666503906,58.20000076293945,0.0,58.79999923706055,58.029998779296875,58.400001525878906,0.0,11952500
2019-11-13,51.064292907714844,57.88999938964844,0.0,57.970001220703125,57.349998474121094,57.869998931884766,0.0,15332700
2019-11-14,50.99373245239258,57.810001373291016,0.0,58.040000915527344,57.56999969482422,57.61000061035156,0.0,12119000
2019-11-15,51.12604522705078,57.959999084472656,0.0,58.70000076293945,57.619998931884766,58.16999816894531,0.0,16112100
2019-11-18,51.38184356689453,58.25,0.0,58.47999954223633,57.56999969482422,57.70000076293945,0.0,16097500
2019-11-19,51.47006607055664,58.349998474121094,0.0,58.650001525878906,57.75,58.47999954223633,0.0,17061900
2019-11-20,51.07311248779297,57.900001525878906,0.0,58.36000061035156,57.369998931884766,58.2599983215332,0.0,18542300
2019-11-21,51.35538101196289,58.220001220703125,0.0,58.29999923706055,57.40999984741211,57.4900016784668,0.0,16139000
2019-11-22,50.81731033325195,57.61000061035156,0.0,58.650001525878906,57.4900016784668,58.34000015258789,0.0,15690200
2019-11-25,51.875823974609375,58.810001373291016,0.0,58.84000015258789,58.0,58.0,0.0,15011700
2019-11-26,51.9552116394043,58.900001525878906,0.0,59.130001068115234,58.45000076293945,58.95000076293945,0.0,22338700
2019-11-27,51.6111946105957,58.5099983215332,0.0,58.59000015258789,57.90999984741211,58.529998779296875,0.0,18184200
2019-11-29,51.2054328918457,58.04999923706055,0.0,58.29999923706055,57.790000915527344,58.150001525878906,0.0,9481100
2019-12-02,50.86141586303711,57.65999984741211,0.0,58.689998626708984,57.470001220703125,58.54999923706055,0.0,19154500
2019-12-03,49.458892822265625,56.06999969482422,0.0,56.86000061035156,55.75,56.86000061035156,0.0,25737400
2019-12-04,49.41477966308594,56.02000045776367,0.0,56.65999984741211,55.86000061035156,56.65999984741211,0.0,18881400
2019-12-05,49.467716217041016,56.08000183105469,0.0,56.40999984741211,55.7599983215332,56.40999984741211,0.0,17673700
2019-12-06,50.11164093017578,56.810001373291016,0.0,56.9900016784668,56.41999816894531,56.65999984741211,0.0,16476800
2019-12-09,49.86464309692383,56.529998779296875,0.0,56.959999084472656,56.5,56.540000915527344,0.0,14298600
2019-12-10,49.91757583618164,56.59000015258789,0.0,56.83000183105469,56.439998626708984,56.709999084472656,0.0,16157900
2019-12-11,50.34098434448242,57.06999969482422,0.0,57.16999816894531,56.58000183105469,56.90999984741211,0.0,20051100
2019-12-12,50.76438903808594,57.54999923706055,0.0,58.04999923706055,56.61000061035156,56.75,0.0,27883300
2019-12-13,50.97608947753906,57.790000915527344,0.0,58.34000015258789,57.380001068115234,57.54999923706055,0.0,22795200
2019-12-16,50.896697998046875,57.70000076293945,0.0,58.56999969482422,57.650001525878906,58.209999084472656,0.0,19131200
2019-12-17,50.54386520385742,57.29999923706055,0.0,58.099998474121094,57.130001068115234,58.0,0.0,21653100
2019-12-18,50.4291877746582,57.16999816894531,0.0,57.459999084472656,56.939998626708984,57.38999938964844,0.0,28261000
2019-12-19,51.12604522705078,57.959999084472656,0.0,57.9900016784668,56.970001220703125,57.16999816894531,0.0,18865100
2019-12-20,51.99931335449219,58.95000076293945,0.0,59.04999923706055,57.88999938964844,58.31999969482422,0.0,49953000
2019-12-23,52.246299743652344,59.22999954223633,0.0,59.779998779296875,59.040000915527344,59.060001373291016,0.0,23593000
2019-12-24,52.40508270263672,59.40999984741211,0.0,59.47999954223633,59.15999984741211,59.25,0.0,6313200
2019-12-26,52.76673889160156,59.81999969482422,0.0,59.849998474121094,59.349998474121094,59.40999984741211,0.0,11480300
2019-12-27,52.99608612060547,60.08000183105469,0.0,60.47999954223633,59.900001525878906,59.90999984741211,0.0,14085800
2019-12-30,52.59031677246094,59.619998931884766,0.0,60.04999923706055,59.380001068115234,59.9900016784668,0.0,12750500
2019-12-31,52.79319763183594,59.849998474121094,0.0,59.93000030517578,59.36000061035156,59.619998931884766,0.0,14432900
2020-01-02,53.666465759277344,60.84000015258789,0.0,60.970001220703125,60.220001220703125,60.2400016784668,0.0,18056000
2020-01-03,53.01371383666992,60.099998474121094,0.0,60.70000076293945,59.810001373291016,59.810001373291016,0.0,15293900
2020-01-06,52.86376190185547,59.93000030517578,0.0,60.20000076293945,59.33000183105469,59.59000015258789,0.0,17755200
2020-01-07,51.98167037963867,58.93000030517578,0.0,59.79999923706055,58.88999938964844,59.779998779296875,0.0,21876100
2020-01-08,52.01695251464844,58.970001220703125,0.0,59.31999969482422,58.52000045776367,58.88999938964844,0.0,23133500
2020-01-09,52.308048248291016,59.29999923706055,0.0,59.5099983215332,58.83000183105469,59.04999923706055,0.0,18813300
2020-01-10,51.9904899597168,58.939998626708984,0.0,60.08000183105469,58.869998931884766,59.56999969482422,0.0,15200600
2020-01-13,52.5638542175293,59.59000015258789,0.0,59.779998779296875,59.08000183105469,59.16999816894531,0.0,16453300
2020-01-14,52.42272186279297,59.43000030517578,0.0,59.7400016784668,59.189998626708984,59.4900016784668,0.0,17051200
2020-01-15,51.9904899597168,58.939998626708984,0.0,59.650001525878906,58.75,59.29999923706055,0.0,18498800
2020-01-16,52.625606536865234,59.65999984741211,0.0,59.84000015258789,59.06999969482422,59.2599983215332,0.0,21365500
2020-01-17,52.572669982910156,59.599998474121094,0.0,60.0,59.2400016784668,59.97999954223633,0.0,21803400
2020-01-21,53.41065216064453,60.54999923706055,0.0,61.25,59.790000915527344,59.810001373291016,0.0,28358500
2020-01-22,55.3336181640625,62.72999954223633,0.0,62.849998474121094,60.970001220703125,61.040000915527344,0.0,29475100
2020-01-23,55.85404968261719,63.31999969482422,0.0,63.709999084472656,62.810001373291016,62.86000061035156,0.0,42778700
2020-01-24,60.396827697753906,68.47000122070312,0.0,69.29000091552734,66.45999908447266,66.56999969482422,0.0,84711000
2020-01-27,57.94461441040039,65.69000244140625,0.0,67.41999816894531,65.5999984741211,66.72000122070312,0.0,30764000
2020-01-28,59.37358856201172,67.30999755859375,0.0,67.58000183105469,65.94000244140625,66.5,0.0,30915400
2020-01-29,58.509151458740234,66.33000183105469,0.0,68.05999755859375,66.16999816894531,67.62999725341797,0.0,18055800
2020-01-30,58.63264846801758,66.47000122070312,0.0,66.5,64.93000030517578,65.63999938964844,0.0,18522400
2020-01-31,56.392127990722656,63.93000030517578,0.0,65.9800033569336,63.66999816894531,65.80000305175781,0.0,25268400
2020-02-03,56.82435989379883,64.41999816894531,0.0,65.04000091552734,64.30000305175781,64.45999908447266,0.0,16646600
2020-02-04,57.741737365722656,65.45999908447266,0.0,66.05999755859375,64.91999816894531,65.7699966430664,0.0,20970800
2020-02-05,59.400062561035156,67.33999633789062,0.0,67.5999984741211,66.12999725341797,66.69000244140625,0.0,23401400
2020-02-06,59.47098159790039,67.08999633789062,0.33,67.4000015258789,66.7699966430664,67.30000305175781,0.0,17408000
2020-02-07,58.522499084472656,66.0199966430664,0.0,67.30000305175781,66.01000213623047,66.86000061035156,0.0,18134600
2020-02-10,58.85047912597656,66.38999938964844,0.0,66.4000015258789,65.44000244140625,65.55999755859375,0.0,22299300
2020-02-11,59.754638671875,67.41000366210938,0.0,67.70999908447266,66.56999969482422,66.83000183105469,0.0,17975600
2020-02-12,59.7989501953125,67.45999908447266,0.0,68.08999633789062,67.30999755859375,67.5999984741211,0.0,15586600
2020-02-13,59.781227111816406,67.44000244140625,0.0,67.6500015258789,66.73999786376953,66.98999786376953,0.0,11602700
2020-02-14,59.630523681640625,67.2699966430664,0.0,67.86000061035156,66.81999969482422,67.5199966430664,0.0,13405500
2020-02-18,58.628875732421875,66.13999938964844,0.0,66.69000244140625,65.87999725341797,66.66000366210938,0.0,12758400
2020-02-19,59.488704681396484,67.11000061035156,0.0,67.19999694824219,66.18000030517578,66.38999938964844,0.0,13551200
2020-02-20,58.01723098754883,65.44999694824219,0.0,67.29000091552734,64.55999755859375,67.04000091552734,0.0,26452600
2020-02-21,57.03327941894531,64.33999633789062,0.0,65.25,64.04000091552734,65.18000030517578,0.0,20775900
2020-02-24,54.746280670166016,61.7599983215332,0.0,62.77000045776367,61.31999969482422,61.61000061035156,0.0,26903100
2020-02-25,52.946807861328125,59.72999954223633,0.0,62.279998779296875,59.459999084472656,61.9900016784668,0.0,34495700
2020-02-26,52.87590026855469,59.650001525878906,0.0,60.81999969482422,59.27000045776367,60.11000061035156,0.0,26190100
2020-02-27,49.489715576171875,55.83000183105469,0.0,58.5099983215332,55.79999923706055,57.93000030517578,0.0,42226900
2020-02-28,49.21492004394531,55.52000045776367,0.0,56.380001068115234,53.599998474121094,54.29999923706055,0.0,60721700
2020-03-02,51.572837829589844,58.18000030517578,0.0,58.220001220703125,54.52000045776367,55.790000915527344,0.0,43140300
2020-03-03,49.61382293701172,55.970001220703125,0.0,59.02000045776367,55.400001525878906,58.029998779296875,0.0,49740300
2020-03-04,52.016056060791016,58.68000030517578,0.0,58.709999084472656,56.15999984741211,57.0099983215332,0.0,29223100
2020-03-05,50.49138259887695,56.959999084472656,0.0,58.65999984741211,56.61000061035156,57.060001373291016,0.0,29099200
2020-03-06,49.43653106689453,55.77000045776367,0.0,56.0099983215332,54.540000915527344,55.18000030517578,0.0,36259200
2020-03-09,45.07526397705078,50.849998474121094,0.0,52.709999084472656,50.0,51.91999816894531,0.0,56197000
2020-03-10,47.84980392456055,53.97999954223633,0.0,54.0,50.43000030517578,52.7599983215332,0.0,36569000
2020-03-11,45.793277740478516,51.65999984741211,0.0,53.540000915527344,51.0099983215332,52.38999938964844,0.0,38563500
2020-03-12,40.36829376220703,45.540000915527344,0.0,50.09000015258789,45.369998931884766,47.9900016784668,0.0,50661700
2020-03-13,48.24869918823242,54.43000030517578,0.0,55.0,47.7400016784668,48.2599983215332,0.0,48805100
2020-03-16,39.543907165527344,44.61000061035156,0.0,52.25,43.630001068115234,47.5099983215332,0.0,53878900
2020-03-17,44.39270782470703,50.08000183105469,0.0,51.630001068115234,45.20000076293945,45.7599983215332,0.0,52085200
2020-03-18,42.203208923339844,47.61000061035156,0.0,50.04999923706055,45.20000076293945,46.709999084472656,0.0,49309900
2020-03-19,40.72286605834961,45.939998626708984,0.0,49.22999954223633,45.15999984741211,47.84000015258789,0.0,44538000
2020-03-20,40.625362396240234,45.83000183105469,0.0,49.41999816894531,45.470001220703125,46.5099983215332,0.0,52344000
2020-03-23,43.949485778808594,49.58000183105469,0.0,50.4900016784668,45.90999984741211,46.02000045776367,0.0,46698500
2020-03-24,46.44923782348633,52.400001525878906,0.0,54.63999938964844,51.349998474121094,53.13999938964844,0.0,50019800
2020-03-25,45.438697814941406,51.2599983215332,0.0,53.790000915527344,49.90999984741211,52.47999954223633,0.0,41106100
2020-03-26,49.232643127441406,55.540000915527344,0.0,55.95000076293945,51.65999984741211,51.7400016784668,0.0,41459800
2020-03-27,46.422645568847656,52.369998931884766,0.0,54.63999938964844,52.06999969482422,53.41999816894531,0.0,31633500
2020-03-30,49.188323974609375,55.4900016784668,0.0,56.099998474121094,52.83000183105469,52.9900016784668,0.0,31628600
2020-03-31,47.973899841308594,54.119998931884766,0.0,55.79999923706055,53.220001220703125,55.060001373291016,0.0,48074700
2020-04-01,45.98829650878906,51.880001068115234,0.0,54.689998626708984,51.43000030517578,52.5,0.0,29586600
2020-04-02,48.177791595458984,54.349998474121094,0.0,54.560001373291016,51.220001220703125,51.290000915527344,0.0,27810000
2020-04-03,47.9827766418457,54.130001068115234,0.0,55.130001068115234,52.72999954223633,53.849998474121094,0.0,23906100
2020-04-06,51.79445266723633,58.43000030517578,0.0,58.77000045776367,56.119998931884766,56.630001068115234,0.0,32323400
2020-04-07,51.767860412597656,58.400001525878906,0.0,61.4900016784668,58.209999084472656,59.939998626708984,0.0,41410000
2020-04-08,52.28199005126953,58.97999954223633,0.0,59.5099983215332,57.90999984741211,58.9900016784668,0.0,26719500
2020-04-09,50.65093994140625,57.13999938964844,0.0,59.720001220703125,56.060001373291016,59.36000061035156,0.0,40499700
2020-04-13,52.03377914428711,58.70000076293945,0.0,58.77000045776367,56.56999969482422,56.56999969482422,0.0,23251900
2020-04-14,53.77119064331055,60.65999984741211,0.0,60.900001525878906,59.5099983215332,60.040000915527344,0.0,25674000
2020-04-15,52.18447494506836,58.869998931884766,0.0,59.83000183105469,58.38999938964844,59.7400016784668,0.0,22841600
2020-04-16,53.88643264770508,60.790000915527344,0.0,60.959999084472656,58.810001373291016,59.61000061035156,0.0,24433500
2020-04-17,53.505279541015625,60.36000061035156,0.0,62.130001068115234,59.83000183105469,62.02000045776367,0.0,27385600
2020-04-20,52.459266662597656,59.18000030517578,0.0,60.040000915527344,58.88999938964844,59.279998779296875,0.0,26420300
2020-04-21,49.95951461791992,56.36000061035156,0.0,58.599998474121094,55.93000030517578,58.11000061035156,0.0,25248000
2020-04-22,53.2747917175293,60.099998474121094,0.0,60.5,57.810001373291016,58.27000045776367,0.0,23350400
2020-04-23,52.335182189941406,59.040000915527344,0.0,60.099998474121094,58.810001373291016,59.66999816894531,0.0,35092000
2020-04-24,52.530181884765625,59.2599983215332,0.0,59.400001525878906,56.099998474121094,56.20000076293945,0.0,50187000
2020-04-27,52.71634292602539,59.470001220703125,0.0,59.83000183105469,58.38999938964844,59.720001220703125,0.0,25902200
2020-04-28,52.078102111816406,58.75,0.0,60.220001220703125,58.2599983215332,59.9900016784668,0.0,28784700
2020-04-29,54.78173828125,61.79999923706055,0.0,62.029998779296875,59.31999969482422,59.439998626708984,0.0,30451500
2020-04-30,53.16842269897461,59.97999954223633,0.0,61.540000915527344,59.75,61.369998931884766,0.0,26279900
2020-05-01,50.94346618652344,57.470001220703125,0.0,59.31999969482422,57.310001373291016,58.83000183105469,0.0,21194800
2020-05-04,51.4044189453125,57.9900016784668,0.0,58.06999969482422,56.310001373291016,57.119998931884766,0.0,18957200
2020-05-05,52.078102111816406,58.75,0.0,59.29999923706055,58.349998474121094,58.790000915527344,0.0,17252100
2020-05-06,52.75559616088867,59.18000030517578,0.33,59.95000076293945,58.939998626708984,59.040000915527344,0.0,17848700
2020-05-07,52.74668502807617,59.16999816894531,0.0,60.099998474121094,58.91999816894531,59.93000030517578,0.0,14733500
2020-05-08,53.192413330078125,59.66999816894531,0.0,59.779998779296875,59.04999923706055,59.66999816894531,0.0,20384500
2020-05-11,53.60247039794922,60.130001068115234,0.0,60.84000015258789,59.709999084472656,59.7400016784668,0.0,18684400
2020-05-12,52.051361083984375,58.38999938964844,0.0,60.63999938964844,58.2599983215332,60.220001220703125,0.0,16754900
2020-05-13,51.471927642822266,57.7400016784668,0.0,59.22999954223633,56.900001525878906,58.45000076293945,0.0,21065000
2020-05-14,52.66645812988281,59.08000183105469,0.0,59.150001525878906,56.099998474121094,57.31999969482422,0.0,21569400
2020-05-15,51.953304290771484,58.279998779296875,0.0,58.369998931884766,56.959999084472656,57.400001525878906,0.0,21373300
2020-05-18,53.41527557373047,59.91999816894531,0.0,60.279998779296875,59.36000061035156,59.7400016784668,0.0,20428700
2020-05-19,53.74510955810547,60.290000915527344,0.0,61.77000045776367,59.849998474121094,60.130001068115234,0.0,21865000
2020-05-20,56.250064849853516,63.099998474121094,0.0,63.4900016784668,61.02000045776367,61.15999984741211,0.0,30584000
2020-05-21,55.25164031982422,61.97999954223633,0.0,63.79999923706055,61.81999969482422,63.099998474121094,0.0,20987700
2020-05-22,55.50124740600586,62.2599983215332,0.0,62.31999969482422,61.41999816894531,61.97999954223633,0.0,14103000
2020-05-26,55.57255554199219,62.34000015258789,0.0,64.13999938964844,62.119998931884766,63.68000030517578,0.0,20933600
2020-05-27,56.660125732421875,63.560001373291016,0.0,63.59000015258789,61.06999969482422,62.31999969482422,0.0,19886300
2020-05-28,55.00204086303711,61.70000076293945,0.0,63.45000076293945,61.4900016784668,63.0,0.0,17253500
2020-05-29,56.09851837158203,62.93000030517578,0.0,63.65999984741211,61.619998931884766,61.900001525878906,0.0,33393900
2020-06-01,55.14467239379883,61.86000061035156,0.0,62.65999984741211,61.65999984741211,62.4900016784668,0.0,14317700
2020-06-02,55.37643814086914,62.119998931884766,0.0,62.16999816894531,60.83000183105469,61.70000076293945,0.0,20702400
2020-06-03,55.207069396972656,61.93000030517578,0.0,62.540000915527344,61.529998779296875,62.45000076293945,0.0,16737300
2020-06-04,56.13417053222656,62.970001220703125,0.0,63.470001220703125,61.34000015258789,61.7400016784668,0.0,22010100
2020-06-05,57.35544967651367,64.33999633789062,0.0,65.11000061035156,63.15999984741211,63.36000061035156,0.0,26813100
2020-06-08,56.7581787109375,63.66999816894531,0.0,64.1500015258789,62.939998626708984,63.970001220703125,0.0,21546200
2020-06-09,56.19657897949219,63.040000915527344,0.0,63.709999084472656,62.900001525878906,62.9900016784668,0.0,23594100
2020-06-10,56.93647003173828,63.869998931884766,0.0,64.29000091552734,62.75,62.790000915527344,0.0,21367800
2020-06-11,53.219146728515625,59.70000076293945,0.0,63.29999923706055,59.52000045776367,63.06999969482422,0.0,26998200
2020-06-12,52.88931655883789,59.33000183105469,0.0,60.959999084472656,58.119998931884766,60.11000061035156,0.0,30419800
2020-06-15,53.57572555541992,60.099998474121094,0.0,60.36000061035156,58.58000183105469,59.33000183105469,0.0,29651700
2020-06-16,53.843162536621094,60.400001525878906,0.0,61.650001525878906,59.4900016784668,61.4900016784668,0.0,23226600
2020-06-17,53.923397064208984,60.4900016784668,0.0,61.279998779296875,60.060001373291016,60.7400016784668,0.0,20454800
2020-06-18,53.55790328979492,60.08000183105469,0.0,60.5099983215332,59.31999969482422,60.349998474121094,0.0,24899700
2020-06-19,53.1478271484375,59.619998931884766,0.0,60.88999938964844,59.099998474121094,60.650001525878906,0.0,60336100
2020-06-22,53.56681823730469,60.09000015258789,0.0,60.54999923706055,58.83000183105469,59.72999954223633,0.0,22846000
2020-06-23,53.41527557373047,59.91999816894531,0.0,60.470001220703125,59.86000061035156,60.189998626708984,0.0,22809600
2020-06-24,52.67536926269531,59.09000015258789,0.0,59.810001373291016,58.66999816894531,59.63999938964844,0.0,27764500
2020-06-25,52.1583366394043,58.5099983215332,0.0,59.09000015258789,57.47999954223633,58.97999954223633,0.0,21906900
2020-06-26,51.25798797607422,57.5,0.0,58.72999954223633,57.06999969482422,58.4900016784668,0.0,38477500
2020-06-29,51.94438552856445,58.27000045776367,0.0,58.349998474121094,56.7599983215332,57.470001220703125,0.0,22150300
2020-06-30,53.33504104614258,59.83000183105469,0.0,59.97999954223633,58.540000915527344,58.709999084472656,0.0,31542100
2020-07-01,52.42577362060547,58.810001373291016,0.0,60.029998779296875,58.7599983215332,59.90999984741211,0.0,14748100
2020-07-02,52.711029052734375,59.130001068115234,0.0,59.810001373291016,58.970001220703125,59.189998626708984,0.0,15578600
2020-07-06,53.07652282714844,59.540000915527344,0.0,59.619998931884766,58.599998474121094,58.720001220703125,0.0,20536700
2020-07-07,51.98004913330078,58.310001373291016,0.0,59.56999969482422,58.13999938964844,59.06999969482422,0.0,15996500
2020-07-08,52.24748229980469,58.61000061035156,0.0,58.70000076293945,57.93000030517578,58.45000076293945,0.0,13277900
2020-07-09,52.07810592651367,58.41999816894531,0.0,58.75,57.70000076293945,58.20000076293945,0.0,20683700
2020-07-10,53.06760787963867,59.529998779296875,0.0,59.689998626708984,57.83000183105469,57.95000076293945,0.0,17742300
2020-07-13,52.22074508666992,58.58000183105469,0.0,60.619998931884766,58.38999938964844,59.84000015258789,0.0,19082900
2020-07-14,52.57731246948242,58.97999954223633,0.0,59.25,57.349998474121094,57.869998931884766,0.0,24190900
2020-07-15,52.62187957763672,59.029998779296875,0.0,59.34000015258789,58.41999816894531,59.029998779296875,0.0,19986300
2020-07-16,52.71995162963867,59.13999938964844,0.0,59.36000061035156,58.400001525878906,58.540000915527344,0.0,12425900
2020-07-17,53.4865837097168,60.0,0.0,60.459999084472656,59.279998779296875,59.41999816894531,0.0,16322800
2020-07-20,54.51175308227539,61.150001525878906,0.0,61.380001068115234,59.34000015258789,60.08000183105469,0.0,16868700
2020-07-21,54.110595703125,60.70000076293945,0.0,61.93000030517578,60.439998626708984,61.52000045776367,0.0,19803700
2020-07-22,54.422607421875,61.04999923706055,0.0,61.77000045776367,60.619998931884766,61.310001373291016,0.0,18959900
2020-07-23,53.843162536621094,60.400001525878906,0.0,61.7400016784668,59.97999954223633,61.2599983215332,0.0,43518600
2020-07-24,45.09810256958008,50.59000015258789,0.0,52.18000030517578,49.5,52.150001525878906,0.0,182269900
2020-07-27,44.18882751464844,49.56999969482422,0.0,51.13999938964844,49.470001220703125,51.029998779296875,0.0,107526500
2020-07-28,43.89466094970703,49.2400016784668,0.0,50.22999954223633,49.13999938964844,49.47999954223633,0.0,62362600
2020-07-29,42.8516731262207,48.06999969482422,0.0,49.5,47.900001525878906,49.4900016784668,0.0,60500800
2020-07-30,42.780357360839844,47.9900016784668,0.0,48.5,47.59000015258789,47.83000183105469,0.0,39735200
2020-07-31,42.54857635498047,47.72999954223633,0.0,48.31999969482422,46.970001220703125,48.130001068115234,0.0,46536000
2020-08-03,43.05670166015625,48.29999923706055,0.0,48.630001068115234,47.7400016784668,48.27000045776367,0.0,31767100
2020-08-04,43.796600341796875,49.130001068115234,0.0,49.13999938964844,48.5,48.599998474121094,0.0,29045800
2020-08-05,43.609405517578125,48.91999816894531,0.0,49.720001220703125,48.65999984741211,49.720001220703125,0.0,29438600
2020-08-06,43.59144973754883,48.56999969482422,0.33,48.81999969482422,48.099998474121094,48.790000915527344,0.0,23795500
2020-08-07,43.10679626464844,48.029998779296875,0.0,48.650001525878906,47.70000076293945,48.529998779296875,0.0,36765200
2020-08-10,44.174827575683594,49.220001220703125,0.0,49.38999938964844,48.060001373291016,48.20000076293945,0.0,37442600
2020-08-11,43.25039291381836,48.189998626708984,0.0,49.72999954223633,48.060001373291016,49.630001068115234,0.0,35348100
2020-08-12,44.14789962768555,49.189998626708984,0.0,49.2599983215332,48.2400016784668,48.66999816894531,0.0,30659800
2020-08-13,43.58246994018555,48.560001373291016,0.0,49.33000183105469,48.38999938964844,49.2599983215332,0.0,24774500
2020-08-14,43.87864685058594,48.88999938964844,0.0,49.209999084472656,48.650001525878906,48.72999954223633,0.0,22321200
2020-08-17,43.914546966552734,48.93000030517578,0.0,49.310001373291016,48.72999954223633,49.11000061035156,0.0,20018300
2020-08-18,43.66324234008789,48.650001525878906,0.0,49.56999969482422,48.619998931884766,49.2599983215332,0.0,19251400
2020-08-19,43.37604904174805,48.33000183105469,0.0,48.97999954223633,48.25,48.790000915527344,0.0,27775000
2020-08-20,44.12995147705078,49.16999816894531,0.0,50.20000076293945,49.0,49.810001373291016,0.0,55081300
2020-08-21,44.228668212890625,49.279998779296875,0.0,49.310001373291016,48.650001525878906,49.02000045776367,0.0,34621500
2020-08-24,44.10301971435547,49.13999938964844,0.0,49.400001525878906,48.81999969482422,49.2599983215332,0.0,36295300
2020-08-25,44.3632926940918,49.43000030517578,0.0,49.880001068115234,49.209999084472656,49.349998474121094,0.0,38384300
2020-08-26,44.47099304199219,49.54999923706055,0.0,49.66999816894531,49.22999954223633,49.38999938964844,0.0,28616600
2020-08-27,44.33637619018555,49.400001525878906,0.0,49.93000030517578,49.16999816894531,49.790000915527344,0.0,24420600
2020-08-28,45.26079177856445,50.43000030517578,0.0,50.79999923706055,49.459999084472656,49.56999969482422,0.0,35384700
2020-08-31,45.72748947143555,50.95000076293945,0.0,51.5,50.31999969482422,51.0,0.0,46114100
2020-09-01,45.583892822265625,50.790000915527344,0.0,51.0,50.220001220703125,50.90999984741211,0.0,30472800
2020-09-02,46.894229888916016,52.25,0.0,52.68000030517578,51.09000015258789,51.209999084472656,0.0,53000700
2020-09-03,45.224884033203125,50.38999938964844,0.0,52.619998931884766,50.13999938964844,52.5,0.0,47394300
2020-09-04,44.94666290283203,50.08000183105469,0.0,51.22999954223633,49.4900016784668,50.529998779296875,0.0,43318400
2020-09-08,43.8965950012207,48.90999984741211,0.0,49.900001525878906,48.849998474121094,49.2599983215332,0.0,39752700
2020-09-09,44.53382110595703,49.619998931884766,0.0,49.970001220703125,49.040000915527344,49.529998779296875,0.0,33437300
2020-09-10,43.94146728515625,48.959999084472656,0.0,50.09000015258789,48.709999084472656,50.0,0.0,32649100
2020-09-11,44.228668212890625,49.279998779296875,0.0,50.04999923706055,48.95000076293945,49.2599983215332,0.0,29333600
2020-09-14,44.345340728759766,49.40999984741211,0.0,49.720001220703125,48.849998474121094,48.849998474121094,0.0,27212500
2020-09-15,44.87487030029297,50.0,0.0,50.599998474121094,49.72999954223633,49.790000915527344,0.0,27598300
2020-09-16,45.20693588256836,50.369998931884766,0.0,51.029998779296875,50.16999816894531,50.5099983215332,0.0,26531400
2020-09-17,45.16206359863281,50.31999969482422,0.0,50.4900016784668,49.29999923706055,49.369998931884766,0.0,26959900
2020-09-18,44.776145935058594,49.88999938964844,0.0,50.5,49.040000915527344,50.33000183105469,0.0,50123500
2020-09-21,44.623573303222656,49.720001220703125,0.0,49.75,48.83000183105469,49.38999938964844,0.0,27377100
2020-09-22,44.82999801635742,49.95000076293945,0.0,50.209999084472656,49.470001220703125,49.88999938964844,0.0,22290900
2020-09-23,43.81582260131836,48.81999969482422,0.0,50.150001525878906,48.65999984741211,49.83000183105469,0.0,30078800
2020-09-24,44.12096405029297,49.15999984741211,0.0,49.63999938964844,48.41999816894531,48.529998779296875,0.0,29343400
2020-09-25,44.82101821899414,49.939998626708984,0.0,50.279998779296875,48.75,48.959999084472656,0.0,26633400
2020-09-28,46.15828323364258,51.43000030517578,0.0,51.459999084472656,50.15999984741211,50.5099983215332,0.0,29652200
2020-09-29,45.942893981933594,51.189998626708984,0.0,51.7400016784668,50.95000076293945,51.310001373291016,0.0,19558200
2020-09-30,46.472412109375,51.779998779296875,0.0,52.380001068115234,51.150001525878906,51.2400016784668,0.0,27711300
2020-10-01,46.8852653503418,52.2400016784668,0.0,52.720001220703125,51.9900016784668,52.400001525878906,0.0,22127600
2020-10-02,45.78133773803711,51.0099983215332,0.0,51.97999954223633,50.9900016784668,51.5,0.0,25811800
2020-10-05,46.39163589477539,51.689998626708984,0.0,51.810001373291016,51.27000045776367,51.29999923706055,0.0,20883200
2020-10-06,46.104434967041016,51.369998931884766,0.0,52.70000076293945,51.22999954223633,51.709999084472656,0.0,25642800
2020-10-07,47.271175384521484,52.66999816894531,0.0,52.900001525878906,51.790000915527344,51.849998474121094,0.0,21978700
2020-10-08,47.899436950683594,53.369998931884766,0.0,53.58000183105469,52.66999816894531,52.90999984741211,0.0,22369500
2020-10-09,47.40580749511719,52.81999969482422,0.0,53.849998474121094,52.66999816894531,53.54999923706055,0.0,24343900
2020-10-12,48.35715866088867,53.880001068115234,0.0,54.20000076293945,53.209999084472656,53.54999923706055,0.0,27303500
2020-10-13,48.31228256225586,53.83000183105469,0.0,54.290000915527344,53.619998931884766,54.27000045776367,0.0,20005800
2020-10-14,48.06098175048828,53.54999923706055,0.0,54.400001525878906,53.5099983215332,54.0099983215332,0.0,21874200
2020-10-15,48.330230712890625,53.849998474121094,0.0,53.97999954223633,52.619998931884766,52.75,0.0,18272900
2020-10-16,48.608455657958984,54.15999984741211,0.0,54.70000076293945,53.900001525878906,53.900001525878906,0.0,23414400
2020-10-19,48.98541259765625,54.58000183105469,0.0,56.22999954223633,53.84000015258789,54.470001220703125,0.0,43537200
2020-10-20,47.953285217285156,53.43000030517578,0.0,54.70000076293945,53.27000045776367,54.599998474121094,0.0,27224900
2020-10-21,48.01611328125,53.5,0.0,54.06999969482422,52.81999969482422,53.13999938964844,0.0,21866000
2020-10-22,48.37511444091797,53.900001525878906,0.0,54.220001220703125,53.06999969482422,53.119998931884766,0.0,41522700
2020-10-23,43.25937271118164,48.20000076293945,0.0,48.66999816894531,47.65999984741211,48.349998474121094,0.0,97322500
2020-10-26,41.93107604980469,46.720001220703125,0.0,47.86000061035156,46.25,47.849998474121094,0.0,54161300
2020-10-27,40.96177673339844,45.63999938964844,0.0,46.40999984741211,45.36000061035156,45.97999954223633,0.0,50130500
2020-10-28,39.71426010131836,44.25,0.0,45.290000915527344,44.20000076293945,44.88999938964844,0.0,45066000
2020-10-29,39.5886116027832,44.11000061035156,0.0,44.470001220703125,43.91999816894531,44.2400016784668,0.0,36796800
2020-10-30,39.74118423461914,44.279998779296875,0.0,44.79999923706055,43.61000061035156,44.099998474121094,0.0,46781300
2020-11-02,39.902732849121094,44.459999084472656,0.0,45.060001373291016,44.2400016784668,44.959999084472656,0.0,33856700
2020-11-03,40.25275802612305,44.849998474121094,0.0,45.459999084472656,44.70000076293945,44.72999954223633,0.0,34349500
2020-11-04,41.0156364440918,45.70000076293945,0.0,46.150001525878906,44.779998779296875,45.11000061035156,0.0,34748200
2020-11-05,41.29587173461914,45.68000030517578,0.33,46.380001068115234,45.529998779296875,46.150001525878906,0.0,31103200
2020-11-06,41.0337028503418,45.38999938964844,0.0,45.79999923706055,44.900001525878906,45.540000915527344,0.0,36233700
2020-11-09,41.22355270385742,45.599998474121094,0.0,47.349998474121094,45.540000915527344,46.63999938964844,0.0,48481700
2020-11-10,41.078914642333984,45.439998626708984,0.0,46.47999954223633,45.25,45.400001525878906,0.0,39224500
2020-11-11,41.901573181152344,46.349998474121094,0.0,46.459999084472656,45.86000061035156,45.900001525878906,0.0,31496900
2020-11-12,40.63594055175781,44.95000076293945,0.0,46.189998626708984,44.54999923706055,46.130001068115234,0.0,42881300
2020-11-13,41.096981048583984,45.459999084472656,0.0,45.58000183105469,44.970001220703125,44.9900016784668,0.0,30884700
2020-11-16,41.756927490234375,46.189998626708984,0.0,46.75,45.790000915527344,46.040000915527344,0.0,36306300
2020-11-17,41.1602668762207,45.529998779296875,0.0,46.119998931884766,45.40999984741211,45.75,0.0,31118000
2020-11-18,40.73537826538086,45.060001373291016,0.0,45.689998626708984,45.040000915527344,45.54999923706055,0.0,32817900
2020-11-19,41.24163055419922,45.619998931884766,0.0,45.66999816894531,44.70000076293945,44.91999816894531,0.0,29469100
2020-11-20,41.0337028503418,45.38999938964844,0.0,45.880001068115234,45.33000183105469,45.65999984741211,0.0,24199300
2020-11-23,41.639404296875,46.060001373291016,0.0,46.209999084472656,45.45000076293945,45.47999954223633,0.0,35489600
2020-11-24,42.498226165771484,47.0099983215332,0.0,47.29999923706055,46.0099983215332,46.290000915527344,0.0,33901200
2020-11-25,42.534393310546875,47.04999923706055,0.0,47.18000030517578,46.56999969482422,47.029998779296875,0.0,28126900
2020-11-27,42.895999908447266,47.45000076293945,0.0,48.099998474121094,47.36000061035156,47.36000061035156,0.0,15921400
2020-11-30,43.70962142944336,48.349998474121094,0.0,48.5,47.27000045776367,47.41999816894531,0.0,46332700
2020-12-01,44.80349349975586,49.560001373291016,0.0,50.22999954223633,48.709999084472656,48.75,0.0,57768000
2020-12-02,45.110870361328125,49.900001525878906,0.0,50.060001373291016,49.18000030517578,49.220001220703125,0.0,33753500
2020-12-03,46.096248626708984,50.9900016784668,0.0,51.11000061035156,49.779998779296875,49.91999816894531,0.0,50261200
2020-12-04,47.00028991699219,51.9900016784668,0.0,52.650001525878906,51.0,51.060001373291016,0.0,39767700
2020-12-07,45.3820686340332,50.20000076293945,0.0,51.290000915527344,49.560001373291016,51.0,0.0,51040300
2020-12-08,45.82504653930664,50.689998626708984,0.0,50.720001220703125,49.810001373291016,49.83000183105469,0.0,28956500
2020-12-09,45.264549255371094,50.06999969482422,0.0,50.84000015258789,49.72999954223633,50.279998779296875,0.0,34068400
2020-12-10,45.43630599975586,50.2599983215332,0.0,50.720001220703125,49.59000015258789,49.65999984741211,0.0,33706000
2020-12-11,44.95718002319336,49.72999954223633,0.0,50.13999938964844,49.119998931884766,50.13999938964844,0.0,29398800
2020-12-14,45.62615203857422,50.470001220703125,0.0,51.34000015258789,49.7400016784668,49.81999969482422,0.0,33436400
2020-12-15,45.80695724487305,50.66999816894531,0.0,51.0099983215332,50.209999084472656,50.97999954223633,0.0,25465600
2020-12-16,46.213775634765625,51.119998931884766,0.0,51.459999084472656,50.68000030517578,50.709999084472656,0.0,28351000
2020-12-17,45.788875579833984,50.650001525878906,0.0,51.31999969482422,50.220001220703125,51.150001525878906,0.0,26399000
2020-12-18,42.90504837036133,47.459999084472656,0.0,50.68000030517578,47.11000061035156,50.56999969482422,0.0,119298400
2020-12-21,41.910614013671875,46.36000061035156,0.0,46.45000076293945,45.2400016784668,46.31999969482422,0.0,53775700
2020-12-22,41.738853454589844,46.16999816894531,0.0,46.34000015258789,45.77000045776367,46.25,0.0,32171200
2020-12-23,42.10045623779297,46.56999969482422,0.0,47.029998779296875,46.06999969482422,46.16999816894531,0.0,22564200
2020-12-24,42.55247116088867,47.06999969482422,0.0,47.09000015258789,46.34000015258789,46.599998474121094,0.0,11865600
2020-12-28,42.55247116088867,47.06999969482422,0.0,47.63999938964844,46.86000061035156,47.189998626708984,0.0,21269200
2020-12-29,44.649803161621094,49.38999938964844,0.0,50.66999816894531,46.4900016784668,47.220001220703125,0.0,84531400
2020-12-30,44.07123565673828,48.75,0.0,49.189998626708984,48.560001373291016,49.11000061035156,0.0,37385400
2020-12-31,45.038536071777344,49.81999969482422,0.0,50.189998626708984,48.720001220703125,48.75,0.0,28576800
2021-01-04,44.90293502807617,49.66999816894531,0.0,51.38999938964844,49.400001525878906,49.88999938964844,0.0,46102500
2021-01-05,45.752723693847656,50.61000061035156,0.0,50.83000183105469,49.33000183105469,49.45000076293945,0.0,24866600
2021-01-06,46.19569778442383,51.099998474121094,0.0,52.150001525878906,50.20000076293945,50.439998626708984,0.0,36809600
2021-01-07,47.18108367919922,52.189998626708984,0.0,52.689998626708984,51.29999923706055,51.4900016784668,0.0,32092300
2021-01-08,46.69291305541992,51.650001525878906,0.0,52.529998779296875,51.27000045776367,52.45000076293945,0.0,34625400
2021-01-11,46.593467712402344,51.540000915527344,0.0,52.2400016784668,51.25,51.290000915527344,0.0,32925000
2021-01-12,48.13031005859375,53.2400016784668,0.0,53.849998474121094,51.560001373291016,51.900001525878906,0.0,39883900
2021-01-13,51.48423767089844,56.95000076293945,0.0,60.25,56.900001525878906,59.5,0.0,124070700
2021-01-14,53.563499450683594,59.25,0.0,60.13999938964844,57.84000015258789,58.45000076293945,0.0,74680900
2021-01-15,52.05377960205078,57.58000183105469,0.0,59.650001525878906,57.5,58.849998474121094,0.0,50265400
2021-01-19,52.42443084716797,57.9900016784668,0.0,58.34000015258789,57.099998474121094,57.939998626708984,0.0,35647100
2021-01-20,53.03916549682617,58.66999816894531,0.0,59.220001220703125,58.09000015258789,58.2400016784668,0.0,28701300
2021-01-21,56.465415954589844,62.459999084472656,0.0,63.95000076293945,58.220001220703125,59.040000915527344,0.0,86519500
2021-01-22,51.222068786621094,56.65999984741211,0.0,59.619998931884766,56.650001525878906,58.849998474121094,0.0,85729300
2021-01-25,50.11915588378906,55.439998626708984,0.0,56.5,54.060001373291016,56.380001068115234,0.0,61968500
2021-01-26,49.91123580932617,55.209999084472656,0.0,56.20000076293945,54.849998474121094,55.279998779296875,0.0,31485900
2021-01-27,48.44671630859375,53.59000015258789,0.0,54.849998474121094,53.29999923706055,54.61000061035156,0.0,49722900
2021-01-28,50.68869400024414,56.06999969482422,0.0,57.400001525878906,54.70000076293945,54.790000915527344,0.0,49202600
2021-01-29,50.18244552612305,55.5099983215332,0.0,57.15999984741211,55.36000061035156,55.97999954223633,0.0,37256200
2021-02-01,51.24918746948242,56.689998626708984,0.0,57.38999938964844,55.709999084472656,55.95000076293945,0.0,26926600
2021-02-02,52.433467864990234,58.0,0.0,58.279998779296875,56.880001068115234,57.189998626708984,0.0,23580900
2021-02-03,52.14418029785156,57.68000030517578,0.0,58.33000183105469,57.380001068115234,57.88999938964844,0.0,21893200
2021-02-04,53.47024917602539,58.790000915527344,0.348,58.880001068115234,57.189998626708984,57.61000061035156,0.0,29853800
2021-02-05,52.915443420410156,58.18000030517578,0.0,59.08000183105469,58.119998931884766,59.0,0.0,23432600
2021-02-08,53.806766510009766,59.15999984741211,0.0,59.220001220703125,57.95000076293945,58.380001068115234,0.0,34358300
2021-02-09,53.461151123046875,58.779998779296875,0.0,59.310001373291016,57.939998626708984,58.77000045776367,0.0,28754100
2021-02-10,53.533912658691406,58.86000061035156,0.0,59.41999816894531,58.119998931884766,59.29999923706055,0.0,16325100
2021-02-11,55.17103576660156,60.65999984741211,0.0,60.9900016784668,58.86000061035156,59.099998474121094,0.0,27539100
2021-02-12,56.216976165771484,61.810001373291016,0.0,62.5099983215332,60.43000030517578,60.599998474121094,0.0,26214200
2021-02-16,56.817256927490234,62.470001220703125,0.0,62.869998931884766,61.70000076293945,62.0,0.0,26326300
2021-02-17,56.253360748291016,61.849998474121094,0.0,62.189998626708984,61.209999084472656,61.4900016784668,0.0,21055400
2021-02-18,56.03507995605469,61.61000061035156,0.0,61.97999954223633,60.63999938964844,60.650001525878906,0.0,17846100
2021-02-19,57.30839920043945,63.0099983215332,0.0,63.2599983215332,61.849998474121094,61.90999984741211,0.0,28290100
2021-02-22,55.216514587402344,60.709999084472656,0.0,62.70000076293945,60.65999984741211,61.880001068115234,0.0,32288200
2021-02-23,55.589412689208984,61.119998931884766,0.0,61.5,59.16999816894531,60.47999954223633,0.0,27374600
2021-02-24,57.47209167480469,63.189998626708984,0.0,63.279998779296875,60.380001068115234,60.529998779296875,0.0,24669900
2021-02-25,54.934566497802734,60.400001525878906,0.0,63.540000915527344,60.130001068115234,62.40999984741211,0.0,36394000
2021-02-26,55.280181884765625,60.779998779296875,0.0,61.689998626708984,59.68000030517578,60.88999938964844,0.0,38216800
2021-03-01,57.19015884399414,62.880001068115234,0.0,63.08000183105469,61.650001525878906,61.720001220703125,0.0,28495400
2021-03-02,55.69855880737305,61.2400016784668,0.0,63.13999938964844,61.11000061035156,62.79999923706055,0.0,23320000
2021-03-03,54.47980499267578,59.900001525878906,0.0,61.52000045776367,59.70000076293945,60.63999938964844,0.0,28740400
2021-03-04,53.051883697509766,58.33000183105469,0.0,60.2400016784668,57.90999984741211,59.83000183105469,0.0,40210400
2021-03-05,55.24380111694336,60.7400016784668,0.0,61.18000030517578,58.5099983215332,59.2599983215332,0.0,39511700
2021-03-08,54.434329986572266,59.849998474121094,0.0,61.70000076293945,59.720001220703125,60.470001220703125,0.0,33112400
2021-03-09,56.99915313720703,62.66999816894531,0.0,63.16999816894531,60.84000015258789,61.18000030517578,0.0,36387500
2021-03-10,56.61716079711914,62.25,0.0,64.12000274658203,62.130001068115234,63.220001220703125,0.0,27160300
2021-03-11,57.58124923706055,63.310001373291016,0.0,64.08999633789062,62.38999938964844,62.939998626708984,0.0,30701800
2021-03-12,57.208343505859375,62.900001525878906,0.0,63.29999923706055,62.2400016784668,62.650001525878906,0.0,20173000
2021-03-15,58.0178108215332,63.790000915527344,0.0,63.880001068115234,62.47999954223633,63.61000061035156,0.0,21247400
2021-03-16,58.91822814941406,64.77999877929688,0.0,65.7300033569336,64.08000183105469,64.1500015258789,0.0,30186600
2021-03-17,59.82775115966797,65.77999877929688,0.0,66.29000091552734,63.709999084472656,64.22000122070312,0.0,32394700
2021-03-18,57.9632453918457,63.72999954223633,0.0,65.69999694824219,63.650001525878906,65.62999725341797,0.0,30094200
2021-03-19,57.99053192138672,63.7599983215332,0.0,64.98999786376953,62.91999816894531,63.18000030517578,0.0,54951700
2021-03-22,59.691314697265625,65.62999725341797,0.0,66.37999725341797,64.55999755859375,64.81999969482422,0.0,34380100
2021-03-23,57.735862731933594,63.47999954223633,0.0,66.05000305175781,63.16999816894531,66.0,0.0,35160000
2021-03-24,56.42616271972656,62.040000915527344,0.0,67.44000244140625,61.9900016784668,66.58000183105469,0.0,74584700
2021-03-25,56.40797424316406,62.02000045776367,0.0,62.439998626708984,60.97999954223633,61.65999984741211,0.0,35401400
2021-03-26,59.00009536743164,64.87000274658203,0.0,64.97000122070312,61.77000045776367,61.79999923706055,0.0,34705800
2021-03-29,58.66357421875,64.5,0.0,65.12999725341797,63.61000061035156,64.01000213623047,0.0,26161600
2021-03-30,57.99962615966797,63.77000045776367,0.0,64.0,63.150001525878906,63.77000045776367,0.0,20709500
2021-03-31,58.20880889892578,64.0,0.0,64.48999786376953,63.58000183105469,64.01000213623047,0.0,33013200
2021-04-01,58.709041595458984,64.55000305175781,0.0,64.88999938964844,63.58000183105469,64.72000122070312,0.0,31416300
2021-04-05,60.51898193359375,66.54000091552734,0.0,66.73999786376953,64.69999694824219,64.94999694824219,0.0,27947500
2021-04-06,59.62765121459961,65.55999755859375,0.0,66.58000183105469,65.29000091552734,66.05999755859375,0.0,28771400
2021-04-07,60.25520706176758,66.25,0.0,66.56999969482422,65.36000061035156,65.66999816894531,0.0,17793300
2021-04-08,60.982826232910156,67.05000305175781,0.0,67.29000091552734,66.36000061035156,66.97000122070312,0.0,22224200
2021-04-09,62.083335876464844,68.26000213623047,0.0,68.4000015258789,66.62999725341797,66.80000305175781,0.0,27177100
2021-04-12,59.49121856689453,65.41000366210938,0.0,68.48999786376953,64.70999908447266,68.19999694824219,0.0,51266900
2021-04-13,59.318416595458984,65.22000122070312,0.0,65.62999725341797,64.20999908447266,65.61000061035156,0.0,26822000
2021-04-14,58.38161087036133,64.19000244140625,0.0,65.37999725341797,63.84000015258789,65.30999755859375,0.0,25768400
2021-04-15,59.13650894165039,65.0199966430664,0.0,65.22000122070312,63.68000030517578,63.970001220703125,0.0,24927700
2021-04-16,58.89094161987305,64.75,0.0,65.5199966430664,64.56999969482422,65.33000183105469,0.0,24625500
2021-04-19,57.87228775024414,63.630001068115234,0.0,64.73999786376953,63.06999969482422,64.69999694824219,0.0,23997700
2021-04-20,57.02644729614258,62.70000076293945,0.0,63.7599983215332,62.40999984741211,63.63999938964844,0.0,19872100
2021-04-21,57.93596267700195,63.70000076293945,0.0,63.779998779296875,62.29999923706055,62.790000915527344,0.0,24364200
2021-04-22,56.908203125,62.56999969482422,0.0,63.90999984741211,62.279998779296875,63.349998474121094,0.0,38257600
2021-04-23,53.8795280456543,59.2400016784668,0.0,60.0,57.900001525878906,59.15999984741211,0.0,77479500
2021-04-26,53.442962646484375,58.7599983215332,0.0,59.52000045776367,58.459999084472656,59.099998474121094,0.0,39645900
2021-04-27,52.72444534301758,57.970001220703125,0.0,58.630001068115234,57.77000045776367,58.560001373291016,0.0,38167700
2021-04-28,52.4061164855957,57.619998931884766,0.0,58.15999984741211,57.150001525878906,57.52000045776367,0.0,30387400
2021-04-29,53.00639724731445,58.279998779296875,0.0,58.29999923706055,57.470001220703125,57.880001068115234,0.0,23290600
2021-04-30,52.32426452636719,57.529998779296875,0.0,58.43000030517578,57.06999969482422,57.61000061035156,0.0,30731800
2021-05-03,52.07868957519531,57.2599983215332,0.0,57.880001068115234,56.84000015258789,57.86000061035156,0.0,22281700
2021-05-04,51.75127029418945,56.900001525878906,0.0,56.97999954223633,55.810001373291016,56.880001068115234,0.0,35323600
2021-05-05,51.705787658691406,56.849998474121094,0.0,57.29999923706055,56.459999084472656,56.959999084472656,0.0,21001900
2021-05-06,52.335391998291016,57.189998626708984,0.348,57.25,56.25,56.619998931884766,0.0,25529300
2021-05-07,52.77464294433594,57.66999816894531,0.0,58.0099983215332,57.2400016784668,57.70000076293945,0.0,19959000
2021-05-10,51.218955993652344,55.970001220703125,0.0,57.22999954223633,55.880001068115234,57.150001525878906,0.0,35046500
2021-05-11,50.36790084838867,55.040000915527344,0.0,55.630001068115234,54.29999923706055,55.04999923706055,0.0,35968100
2021-05-12,49.06842803955078,53.619998931884766,0.0,54.650001525878906,53.41999816894531,54.38999938964844,0.0,30232300
2021-05-13,49.425323486328125,54.0099983215332,0.0,54.38999938964844,53.459999084472656,54.040000915527344,0.0,29192500
2021-05-14,50.651588439941406,55.349998474121094,0.0,55.849998474121094,54.2599983215332,54.599998474121094,0.0,28158300
2021-05-17,50.633277893066406,55.33000183105469,0.0,55.88999938964844,54.7599983215332,55.290000915527344,0.0,20010200
2021-05-18,50.18487548828125,54.84000015258789,0.0,56.13999938964844,54.79999923706055,55.95000076293945,0.0,18703400
2021-05-19,50.66073226928711,55.36000061035156,0.0,55.43000030517578,53.84000015258789,54.06999969482422,0.0,23769700
2021-05-20,51.20065689086914,55.95000076293945,0.0,56.2400016784668,55.36000061035156,55.56999969482422,0.0,23145200
2021-05-21,51.31962203979492,56.08000183105469,0.0,56.709999084472656,55.97999954223633,56.41999816894531,0.0,17723100
2021-05-24,52.124916076660156,56.959999084472656,0.0,57.38999938964844,56.400001525878906,56.650001525878906,0.0,19164400
2021-05-25,52.04256057739258,56.869998931884766,0.0,57.560001373291016,56.41999816894531,57.560001373291016,0.0,22309900
2021-05-26,52.08831024169922,56.91999816894531,0.0,57.22999954223633,56.59000015258789,57.04999923706055,0.0,15173600
2021-05-27,52.82955551147461,57.72999954223633,0.0,57.880001068115234,57.0,57.11000061035156,0.0,32387600
2021-05-28,52.27134323120117,57.119998931884766,0.0,57.650001525878906,56.939998626708984,57.54999923706055,0.0,20303900
2021-06-01,52.06085968017578,56.88999938964844,0.0,57.81999969482422,56.59000015258789,57.61000061035156,0.0,20326400
2021-06-02,52.60077667236328,57.47999954223633,0.0,57.689998626708984,56.7599983215332,56.90999984741211,0.0,18483600
2021-06-03,51.46603775024414,56.2400016784668,0.0,57.099998474121094,56.09000015258789,56.97999954223633,0.0,21831300
2021-06-04,52.500118255615234,57.369998931884766,0.0,57.75,56.540000915527344,56.54999923706055,0.0,21493800
2021-06-07,52.24388122558594,57.09000015258789,0.0,57.439998626708984,56.779998779296875,57.40999984741211,0.0,17364400
2021-06-08,52.16152572631836,57.0,0.0,57.63999938964844,56.599998474121094,57.45000076293945,0.0,33254500
2021-06-09,52.16152572631836,57.0,0.0,57.47999954223633,56.970001220703125,57.36000061035156,0.0,13904800
2021-06-10,52.50927734375,57.380001068115234,0.0,58.029998779296875,56.93000030517578,57.150001525878906,0.0,26738100
2021-06-11,52.939369201660156,57.849998474121094,0.0,57.939998626708984,56.95000076293945,57.470001220703125,0.0,18119700
2021-06-14,53.250511169433594,58.189998626708984,0.0,58.20000076293945,57.22999954223633,58.02000045776367,0.0,21784500
2021-06-15,53.06748962402344,57.9900016784668,0.0,58.41999816894531,57.79999923706055,58.209999084472656,0.0,20806500
2021-06-16,52.36284637451172,57.220001220703125,0.0,58.369998931884766,56.77000045776367,58.150001525878906,0.0,21879700
2021-06-17,52.326236724853516,57.18000030517578,0.0,57.900001525878906,56.70000076293945,57.04999923706055,0.0,21498800
2021-06-18,50.94442367553711,55.66999816894531,0.0,56.75,55.099998474121094,56.68000030517578,0.0,55118300
2021-06-21,51.12744140625,55.869998931884766,0.0,56.040000915527344,55.369998931884766,55.75,0.0,19254600
2021-06-22,51.12744140625,55.869998931884766,0.0,56.279998779296875,55.5,55.939998626708984,0.0,18682800
2021-06-23,50.56922912597656,55.2599983215332,0.0,55.970001220703125,55.22999954223633,55.869998931884766,0.0,20287900
2021-06-24,51.31047058105469,56.06999969482422,0.0,56.099998474121094,55.34000015258789,55.4900016784668,0.0,21209700
2021-06-25,51.16404724121094,55.90999984741211,0.0,56.40999984741211,55.75,56.02000045776367,0.0,21101200
2021-06-28,52.60077667236328,57.47999954223633,0.0,57.72999954223633,56.34000015258789,56.36000061035156,0.0,22480900
2021-06-29,51.9327392578125,56.75,0.0,57.83000183105469,55.880001068115234,57.54999923706055,0.0,26360000
2021-06-30,51.37452697753906,56.13999938964844,0.0,56.380001068115234,55.38999938964844,56.34000015258789,0.0,29891600
2021-07-01,51.25555419921875,56.0099983215332,0.0,56.63999938964844,55.869998931884766,56.130001068115234,0.0,24871600
2021-07-02,51.94188690185547,56.7599983215332,0.0,56.9900016784668,56.31999969482422,56.54999923706055,0.0,17219400
2021-07-06,51.328765869140625,56.09000015258789,0.0,57.0099983215332,55.70000076293945,56.91999816894531,0.0,26186600
2021-07-07,51.209800720214844,55.959999084472656,0.0,56.45000076293945,55.709999084472656,56.369998931884766,0.0,14857400
2021-07-08,50.688194274902344,55.38999938964844,0.0,55.720001220703125,54.790000915527344,55.310001373291016,0.0,19162000
2021-07-09,51.23725509643555,55.9900016784668,0.0,56.11000061035156,55.310001373291016,55.5099983215332,0.0,18708000
2021-07-12,51.9144401550293,56.72999954223633,0.0,56.7599983215332,56.11000061035156,56.2599983215332,0.0,15392800
2021-07-13,52.04256057739258,56.869998931884766,0.0,57.29999923706055,56.34000015258789,56.619998931884766,0.0,15716000
2021-07-14,51.72227096557617,56.52000045776367,0.0,57.459999084472656,56.33000183105469,57.16999816894531,0.0,16263600
2021-07-15,51.072540283203125,55.810001373291016,0.0,56.400001525878906,55.56999969482422,56.400001525878906,0.0,18917000
2021-07-16,50.303836822509766,54.970001220703125,0.0,56.93000030517578,54.900001525878906,56.04999923706055,0.0,25263800
2021-07-19,50.00185012817383,54.63999938964844,0.0,54.810001373291016,53.970001220703125,54.40999984741211,0.0,27007700
2021-07-20,50.55091857910156,55.2400016784668,0.0,55.560001373291016,54.27000045776367,54.91999816894531,0.0,19867000
2021-07-21,51.456886291503906,56.22999954223633,0.0,56.279998779296875,55.0099983215332,55.18000030517578,0.0,18497200
2021-07-22,51.209800720214844,55.959999084472656,0.0,56.540000915527344,55.68000030517578,56.060001373291016,0.0,36691000
2021-07-23,48.501068115234375,53.0,0.0,54.709999084472656,52.31999969482422,54.58000183105469,0.0,67742300
2021-07-26,49.69987106323242,54.310001373291016,0.0,54.540000915527344,52.7599983215332,52.810001373291016,0.0,32881200
2021-07-27,48.66578674316406,53.18000030517578,0.0,53.20000076293945,52.310001373291016,53.119998931884766,0.0,39878000
2021-07-28,48.56511688232422,53.06999969482422,0.0,53.91999816894531,52.939998626708984,53.029998779296875,0.0,28478800
2021-07-29,49.14165496826172,53.70000076293945,0.0,54.099998474121094,53.31999969482422,53.47999954223633,0.0,16886600
2021-07-30,49.159950256347656,53.720001220703125,0.0,53.900001525878906,53.25,53.650001525878906,0.0,16465700
2021-08-02,49.12334060668945,53.68000030517578,0.0,54.470001220703125,53.540000915527344,53.9900016784668,0.0,18098100
2021-08-03,49.47108459472656,54.060001373291016,0.0,54.15999984741211,53.2599983215332,53.88999938964844,0.0,16375900
2021-08-04,49.324676513671875,53.900001525878906,0.0,54.439998626708984,53.70000076293945,54.25,0.0,17612700
2021-08-05,49.635982513427734,53.88999938964844,0.348,54.02000045776367,53.58000183105469,53.9900016784668,0.0,15310000
2021-08-06,49.663612365722656,53.91999816894531,0.0,54.130001068115234,53.72999954223633,53.86000061035156,0.0,19256000
2021-08-09,49.78335189819336,54.04999923706055,0.0,54.40999984741211,53.83000183105469,54.08000183105469,0.0,14670100
2021-08-10,49.682037353515625,53.939998626708984,0.0,54.38999938964844,53.5099983215332,54.2400016784668,0.0,16215700
2021-08-11,49.86624526977539,54.13999938964844,0.0,54.36000061035156,53.84000015258789,54.2599983215332,0.0,18590800
2021-08-12,49.31361389160156,53.540000915527344,0.0,54.18000030517578,53.2599983215332,54.16999816894531,0.0,15070100
2021-08-13,49.26755905151367,53.4900016784668,0.0,53.560001373291016,53.060001373291016,53.5,0.0,15281100
2021-08-16,49.249141693115234,53.470001220703125,0.0,53.4900016784668,53.0,53.22999954223633,0.0,17690300
2021-08-17,48.53070831298828,52.689998626708984,0.0,53.18000030517578,52.220001220703125,53.16999816894531,0.0,22014900
2021-08-18,48.07017517089844,52.189998626708984,0.0,53.029998779296875,52.11000061035156,52.599998474121094,0.0,15061700
2021-08-19,48.300453186035156,52.439998626708984,0.0,52.66999816894531,51.58000183105469,52.04999923706055,0.0,22999400
2021-08-20,47.90439224243164,52.0099983215332,0.0,52.380001068115234,51.41999816894531,52.15999984741211,0.0,25728300
2021-08-23,49.02808380126953,53.22999954223633,0.0,53.540000915527344,52.47999954223633,52.59000015258789,0.0,23976300
2021-08-24,49.56229782104492,53.810001373291016,0.0,53.970001220703125,53.310001373291016,53.560001373291016,0.0,20348800
2021-08-25,49.56229782104492,53.810001373291016,0.0,54.22999954223633,53.72999954223633,54.08000183105469,0.0,15048400
2021-08-26,48.93598175048828,53.130001068115234,0.0,53.75,52.970001220703125,53.75,0.0,19570000
2021-08-27,49.635982513427734,53.88999938964844,0.0,53.939998626708984,52.91999816894531,53.36000061035156,0.0,16525000
2021-08-30,49.682037353515625,53.939998626708984,0.0,54.869998931884766,53.7599983215332,54.2599983215332,0.0,14581300
2021-08-31,49.792564392089844,54.060001373291016,0.0,54.5,53.65999984741211,54.439998626708984,0.0,22350100
2021-09-01,49.433349609375,53.66999816894531,0.0,54.15999984741211,53.529998779296875,54.11000061035156,0.0,18615000
2021-09-02,49.488616943359375,53.72999954223633,0.0,53.88999938964844,53.349998474121094,53.79999923706055,0.0,15869500
2021-09-03,49.28597640991211,53.5099983215332,0.0,54.08000183105469,53.31999969482422,53.439998626708984,0.0,13456200
2021-09-07,49.414939880371094,53.650001525878906,0.0,53.95000076293945,53.439998626708984,53.56999969482422,0.0,13915000
2021-09-08,49.341243743896484,53.56999969482422,0.0,53.91999816894531,52.9900016784668,53.72999954223633,0.0,18235100
2021-09-09,49.184669494628906,53.400001525878906,0.0,53.88999938964844,53.34000015258789,53.65999984741211,0.0,13495800
2021-09-10,49.58993148803711,53.84000015258789,0.0,54.97999954223633,53.810001373291016,53.849998474121094,0.0,20324700
2021-09-13,50.64915084838867,54.9900016784668,0.0,55.4900016784668,54.40999984741211,54.61000061035156,0.0,22639200
2021-09-14,50.21625900268555,54.52000045776367,0.0,55.439998626708984,54.27000045776367,55.369998931884766,0.0,22072700
2021-09-15,50.76889419555664,55.119998931884766,0.0,55.150001525878906,54.41999816894531,54.66999816894531,0.0,18796200
2021-09-16,50.50178146362305,54.83000183105469,0.0,54.95000076293945,54.2400016784668,54.86000061035156,0.0,19863100
2021-09-17,49.97677993774414,54.2599983215332,0.0,54.59000015258789,53.66999816894531,54.59000015258789,0.0,35359200
2021-09-20,48.797813415527344,52.97999954223633,0.0,53.5,52.31999969482422,53.209999084472656,0.0,35051900
2021-09-21,48.69650650024414,52.869998931884766,0.0,53.45000076293945,52.83000183105469,53.20000076293945,0.0,17968900
2021-09-22,49.27677536010742,53.5,0.0,53.869998931884766,53.0,53.400001525878906,0.0,18594100
2021-09-23,49.76493453979492,54.029998779296875,0.0,54.29999923706055,53.599998474121094,53.75,0.0,16474300
2021-09-24,49.93993377685547,54.220001220703125,0.0,54.41999816894531,53.72999954223633,53.779998779296875,0.0,12976200
2021-09-27,50.3452033996582,54.65999984741211,0.0,54.869998931884766,53.81999969482422,53.939998626708984,0.0,13899900
2021-09-28,49.7373046875,54.0,0.0,54.59000015258789,53.959999084472656,54.18000030517578,0.0,24691300
2021-09-29,49.26755905151367,53.4900016784668,0.0,54.04999923706055,53.18000030517578,54.0,0.0,20514300
2021-09-30,49.07413101196289,53.279998779296875,0.0,53.97999954223633,53.2599983215332,53.7599983215332,0.0,20534100
2021-10-01,49.60835266113281,53.86000061035156,0.0,54.11000061035156,53.04999923706055,53.650001525878906,0.0,19895100
2021-10-04,49.249141693115234,53.470001220703125,0.0,54.33000183105469,53.08000183105469,53.93000030517578,0.0,27353300
2021-10-05,49.691253662109375,53.95000076293945,0.0,54.34000015258789,53.47999954223633,53.54999923706055,0.0,18129400
2021-10-06,49.71887969970703,53.97999954223633,0.0,54.06999969482422,53.06999969482422,53.47999954223633,0.0,20059600
2021-10-07,49.90309143066406,54.18000030517578,0.0,54.9900016784668,54.119998931884766,54.31999969482422,0.0,20704400
2021-10-08,49.56229782104492,53.810001373291016,0.0,54.58000183105469,53.70000076293945,54.54999923706055,0.0,16068000
2021-10-11,49.22151184082031,53.439998626708984,0.0,54.40999984741211,53.41999816894531,53.810001373291016,0.0,14398800
2021-10-12,48.051761627197266,52.16999816894531,0.0,53.720001220703125,52.0099983215332,53.56999969482422,0.0,32784300
2021-10-13,48.1346549987793,52.2599983215332,0.0,52.58000183105469,51.869998931884766,52.380001068115234,0.0,18534000
2021-10-14,49.64520263671875,53.900001525878906,0.0,54.0,52.72999954223633,52.900001525878906,0.0,26586700
2021-10-15,50.16099548339844,54.459999084472656,0.0,54.4900016784668,53.810001373291016,54.20000076293945,0.0,25231100
2021-10-18,50.17020034790039,54.470001220703125,0.0,54.560001373291016,53.720001220703125,54.189998626708984,0.0,22407600
2021-10-19,50.85178756713867,55.209999084472656,0.0,55.220001220703125,54.369998931884766,54.630001068115234,0.0,18392900
2021-10-20,50.99915313720703,55.369998931884766,0.0,55.4900016784668,55.08000183105469,55.25,0.0,16850300
2021-10-21,51.57942581176758,56.0,0.0,56.06999969482422,54.83000183105469,54.93000030517578,0.0,38390900
2021-10-22,45.55568313598633,49.459999084472656,0.0,50.54999923706055,49.13999938964844,50.38999938964844,0.0,109971900
2021-10-25,45.5096321105957,49.40999984741211,0.0,50.06999969482422,49.310001373291016,49.83000183105469,0.0,43178800
2021-10-26,44.46883010864258,48.279998779296875,0.0,49.439998626708984,47.93000030517578,49.400001525878906,0.0,68405400
2021-10-27,44.109619140625,47.88999938964844,0.0,48.81999969482422,47.869998931884766,48.52000045776367,0.0,41081500
2021-10-28,44.284629821777344,48.08000183105469,0.0,48.36000061035156,47.880001068115234,48.13999938964844,0.0,31317200
2021-10-29,45.131996154785156,49.0,0.0,49.279998779296875,47.91999816894531,48.099998474121094,0.0,42301000
2021-11-01,45.638572692871094,49.54999923706055,0.0,49.599998474121094,49.0,49.400001525878906,0.0,28013700
2021-11-02,45.924110412597656,49.86000061035156,0.0,49.900001525878906,49.22999954223633,49.61000061035156,0.0,27193300
2021-11-03,46.412269592285156,50.38999938964844,0.0,50.45000076293945,49.709999084472656,49.93000030517578,0.0,23962100
2021-11-04,46.66083526611328,50.310001373291016,0.348,50.349998474121094,49.72999954223633,50.2400016784668,0.0,24806000
2021-11-05,47.22658920288086,50.91999816894531,0.0,51.58000183105469,50.540000915527344,50.54999923706055,0.0,36816200
2021-11-08,47.810890197753906,51.54999923706055,0.0,51.9900016784668,51.060001373291016,51.459999084472656,0.0,31647800
2021-11-09,47.48627853393555,51.20000076293945,0.0,51.77000045776367,50.77000045776367,51.540000915527344,0.0,22508400
2021-11-10,47.07819366455078,50.7599983215332,0.0,51.38999938964844,50.709999084472656,50.97999954223633,0.0,25040700
2021-11-11,46.86487579345703,50.529998779296875,0.0,51.06999969482422,50.40999984741211,51.0099983215332,0.0,25420000
2021-11-12,46.66083526611328,50.310001373291016,0.0,50.900001525878906,50.18000030517578,50.599998474121094,0.0,23884800
2021-11-15,46.67010498046875,50.31999969482422,0.0,50.630001068115234,50.119998931884766,50.40999984741211,0.0,24695800
2021-11-16,46.93907928466797,50.61000061035156,0.0,51.150001525878906,50.34000015258789,50.369998931884766,0.0,30927800
2021-11-17,46.58664321899414,50.22999954223633,0.0,50.939998626708984,49.97999954223633,50.599998474121094,0.0,23546900
2021-11-18,46.07653045654297,49.68000030517578,0.0,50.2400016784668,48.970001220703125,50.2400016784668,0.0,30658200
2021-11-19,45.92812728881836,49.52000045776367,0.0,49.72999954223633,49.2400016784668,49.599998474121094,0.0,27607600
2021-11-22,46.21565628051758,49.83000183105469,0.0,50.849998474121094,49.40999984741211,49.54999923706055,0.0,33389600
2021-11-23,45.538597106933594,49.099998474121094,0.0,50.45000076293945,48.63999938964844,50.15999984741211,0.0,44713300
2021-11-24,46.15072250366211,49.7599983215332,0.0,49.779998779296875,48.630001068115234,48.86000061035156,0.0,26035800
2021-11-26,45.2418098449707,48.779998779296875,0.0,49.18000030517578,48.119998931884766,48.900001525878906,0.0,25269000
2021-11-29,46.37332534790039,50.0,0.0,50.130001068115234,48.720001220703125,49.29999923706055,0.0,31478900
2021-11-30,45.63134765625,49.20000076293945,0.0,50.400001525878906,48.68000030517578,49.5,0.0,49460800
2021-12-01,45.07486343383789,48.599998474121094,0.0,50.310001373291016,48.52000045776367,49.84000015258789,0.0,35093500
2021-12-02,45.90958786010742,49.5,0.0,49.790000915527344,48.33000183105469,48.61000061035156,0.0,37240800
2021-12-03,45.67771911621094,49.25,0.0,50.060001373291016,48.7599983215332,49.68000030517578,0.0,32224900
2021-12-06,47.291507720947266,50.9900016784668,0.0,51.209999084472656,49.18000030517578,49.47999954223633,0.0,40336000
2021-12-07,48.75691223144531,52.56999969482422,0.0,55.0,52.209999084472656,54.65999984741211,0.0,91731500
2021-12-08,47.99638366699219,51.75,0.0,52.880001068115234,51.380001068115234,52.56999969482422,0.0,37143400
2021-12-09,46.81849670410156,50.47999954223633,0.0,51.59000015258789,50.43000030517578,51.29999923706055,0.0,31694200
2021-12-10,46.9205207824707,50.59000015258789,0.0,51.06999969482422,50.04999923706055,50.84000015258789,0.0,23783600
2021-12-13,46.37332534790039,50.0,0.0,51.02000045776367,49.95000076293945,50.849998474121094,0.0,35726900
2021-12-14,46.09508514404297,49.70000076293945,0.0,50.27000045776367,49.31999969482422,49.81999969482422,0.0,34120400
2021-12-15,46.99471664428711,50.66999816894531,0.0,50.779998779296875,49.33000183105469,49.869998931884766,0.0,32590300
2021-12-16,47.14311981201172,50.83000183105469,0.0,51.400001525878906,50.58000183105469,50.7400016784668,0.0,33132300
2021-12-17,46.94834518432617,50.619998931884766,0.0,51.02000045776367,50.0099983215332,50.59000015258789,0.0,50102300
2021-12-20,46.0023307800293,49.599998474121094,0.0,50.130001068115234,48.959999084472656,49.90999984741211,0.0,30140300
2021-12-21,47.08747100830078,50.77000045776367,0.0,50.84000015258789,49.939998626708984,49.939998626708984,0.0,31956300
2021-12-22,47.2729606628418,50.970001220703125,0.0,51.02000045776367,50.209999084472656,50.63999938964844,0.0,23307900
2021-12-23,47.58829879760742,51.310001373291016,0.0,51.72999954223633,51.04999923706055,51.08000183105469,0.0,25198200
2021-12-27,48.172603607177734,51.939998626708984,0.0,52.060001373291016,51.29999923706055,51.349998474121094,0.0,20985400
2021-12-28,48.00566101074219,51.7599983215332,0.0,52.119998931884766,51.630001068115234,51.93000030517578,0.0,19290400
2021-12-29,48.07058334350586,51.83000183105469,0.0,52.13999938964844,51.65999984741211,51.810001373291016,0.0,14174800
2021-12-30,47.98711013793945,51.7400016784668,0.0,52.13999938964844,51.650001525878906,51.91999816894531,0.0,18359400
2021-12-31,47.76451110839844,51.5,0.0,52.15999984741211,51.459999084472656,51.88999938964844,0.0,16319000
2022-01-03,49.35047912597656,53.209999084472656,0.0,53.22999954223633,51.599998474121094,51.650001525878906,0.0,33857600
2022-01-04,49.28556442260742,53.13999938964844,0.0,53.939998626708984,52.650001525878906,53.56999969482422,0.0,45681400
2022-01-05,49.96261215209961,53.869998931884766,0.0,56.16999816894531,53.83000183105469,54.189998626708984,0.0,59109300
2022-01-06,50.09245300292969,54.0099983215332,0.0,54.66999816894531,53.41999816894531,54.61000061035156,0.0,35757900
2022-01-07,49.56380844116211,53.439998626708984,0.0,54.38999938964844,53.150001525878906,54.189998626708984,0.0,30717200
2022-01-10,51.205421447753906,55.209999084472656,0.0,55.310001373291016,53.310001373291016,53.970001220703125,0.0,49260800
2022-01-11,51.854644775390625,55.90999984741211,0.0,56.08000183105469,54.72999954223633,55.5,0.0,39795200
2022-01-12,51.69697189331055,55.7400016784668,0.0,56.279998779296875,54.810001373291016,56.13999938964844,0.0,29136800
2022-01-13,50.95499801635742,54.939998626708984,0.0,56.209999084472656,54.77000045776367,56.0,0.0,29605400
2022-01-14,51.65987777709961,55.70000076293945,0.0,55.77000045776367,54.529998779296875,54.849998474121094,0.0,30151500
2022-01-18,50.788063049316406,54.7599983215332,0.0,55.650001525878906,54.68000030517578,55.310001373291016,0.0,35313800
2022-01-19,49.730743408203125,53.619998931884766,0.0,54.849998474121094,53.560001373291016,54.630001068115234,0.0,30595100
2022-01-20,48.265357971191406,52.040000915527344,0.0,54.09000015258789,51.939998626708984,53.86000061035156,0.0,28582600
2022-01-21,48.265357971191406,52.040000915527344,0.0,53.130001068115234,51.95000076293945,52.08000183105469,0.0,46372400
2022-01-24,48.172603607177734,51.939998626708984,0.0,52.130001068115234,49.880001068115234,51.47999954223633,0.0,64198400
2022-01-25,47.300785064697266,51.0,0.0,51.619998931884766,50.25,51.0099983215332,0.0,44095400
2022-01-26,47.940738677978516,51.689998626708984,0.0,52.720001220703125,50.75,51.130001068115234,0.0,54895400
2022-01-27,44.564762115478516,48.04999923706055,0.0,50.060001373291016,47.779998779296875,49.97999954223633,0.0,89642800
2022-01-28,44.26797103881836,47.72999954223633,0.0,48.20000076293945,46.29999923706055,47.709999084472656,0.0,61945400
2022-01-31,45.27891159057617,48.81999969482422,0.0,48.869998931884766,47.310001373291016,47.68000030517578,0.0,51828400
2022-02-01,45.399478912353516,48.95000076293945,0.0,49.029998779296875,48.36000061035156,48.779998779296875,0.0,35386100
2022-02-02,45.918853759765625,49.5099983215332,0.0,49.58000183105469,48.09000015258789,48.25,0.0,37962700
2022-02-03,44.778076171875,48.279998779296875,0.0,49.689998626708984,48.25,49.25,0.0,42145800
2022-02-04,44.866851806640625,48.0099983215332,0.365,48.2400016784668,47.130001068115234,47.86000061035156,0.0,32431500
2022-02-07,45.02573776245117,48.18000030517578,0.0,48.65999984741211,47.959999084472656,48.130001068115234,0.0,27558500
2022-02-08,45.61448287963867,48.810001373291016,0.0,48.939998626708984,47.900001525878906,47.97999954223633,0.0,28051200
2022-02-09,46.64247131347656,49.90999984741211,0.0,49.970001220703125,48.83000183105469,49.33000183105469,0.0,35217300
2022-02-10,45.661216735839844,48.86000061035156,0.0,49.93000030517578,48.7599983215332,49.18000030517578,0.0,32762700
2022-02-11,44.51173400878906,47.630001068115234,0.0,49.11000061035156,47.5,48.95000076293945,0.0,37208200
2022-02-14,44.46500778198242,47.58000183105469,0.0,48.18000030517578,47.11000061035156,47.91999816894531,0.0,28456900
2022-02-15,45.268707275390625,48.439998626708984,0.0,48.459999084472656,47.189998626708984,47.70000076293945,0.0,35837900
2022-02-16,45.07245635986328,48.22999954223633,0.0,48.4900016784668,47.599998474121094,48.060001373291016,0.0,26022900
2022-02-17,44.45566940307617,47.56999969482422,0.0,48.2599983215332,47.380001068115234,47.86000061035156,0.0,32030600
2022-02-18,42.0912971496582,45.040000915527344,0.0,46.209999084472656,44.5099983215332,46.189998626708984,0.0,76520100
2022-02-22,41.764217376708984,44.689998626708984,0.0,45.40999984741211,43.849998474121094,44.689998626708984,0.0,57093300
2022-02-23,41.72682571411133,44.650001525878906,0.0,45.709999084472656,44.54999923706055,45.16999816894531,0.0,38176700
2022-02-24,43.66131591796875,46.720001220703125,0.0,46.790000915527344,43.630001068115234,43.900001525878906,0.0,72740100
2022-02-25,44.58650207519531,47.709999084472656,0.0,47.790000915527344,46.25,46.93000030517578,0.0,39266300
2022-02-28,44.577152252197266,47.70000076293945,0.0,47.81999969482422,46.849998474121094,47.0,0.0,41946100
2022-03-01,43.754756927490234,46.81999969482422,0.0,47.900001525878906,46.220001220703125,47.540000915527344,0.0,53853000
2022-03-02,45.67054748535156,48.869998931884766,0.0,48.9900016784668,47.47999954223633,47.52000045776367,0.0,46936500
2022-03-03,44.79209518432617,47.93000030517578,0.0,48.54999923706055,47.619998931884766,48.18000030517578,0.0,36389900
2022-03-04,44.92293167114258,48.06999969482422,0.0,48.27000045776367,47.369998931884766,47.369998931884766,0.0,38310700
2022-03-07,44.558467864990234,47.68000030517578,0.0,48.540000915527344,47.599998474121094,48.0099983215332,0.0,43813700
2022-03-08,44.3902587890625,47.5,0.0,48.720001220703125,46.88999938964844,47.689998626708984,0.0,44813900
2022-03-09,44.51173400878906,47.630001068115234,0.0,48.459999084472656,46.88999938964844,48.40999984741211,0.0,36076500
2022-03-10,43.60524368286133,46.65999984741211,0.0,47.310001373291016,46.15999984741211,47.290000915527344,0.0,36456000
2022-03-11,42.82958221435547,45.83000183105469,0.0,47.279998779296875,45.77000045776367,47.150001525878906,0.0,27082100
2022-03-14,41.49319839477539,44.400001525878906,0.0,45.97999954223633,44.29999923706055,45.900001525878906,0.0,35993900
2022-03-15,41.87635803222656,44.810001373291016,0.0,44.900001525878906,44.06999969482422,44.5,0.0,34448900
2022-03-16,43.577205657958984,46.630001068115234,0.0,46.630001068115234,45.27000045776367,45.29999923706055,0.0,38885500
2022-03-17,44.053810119628906,47.13999938964844,0.0,47.290000915527344,45.72999954223633,46.31999969482422,0.0,28555000
2022-03-18,44.34352111816406,47.45000076293945,0.0,47.599998474121094,46.349998474121094,46.81999969482422,0.0,46237100
2022-03-21,44.28744888305664,47.38999938964844,0.0,47.88999938964844,47.06999969482422,47.459999084472656,0.0,32910900
2022-03-22,45.221981048583984,48.38999938964844,0.0,48.470001220703125,47.400001525878906,47.5,0.0,27923300
2022-03-23,45.109840393066406,48.27000045776367,0.0,49.58000183105469,48.060001373291016,48.459999084472656,0.0,37126400
2022-03-24,48.240509033203125,51.619998931884766,0.0,51.650001525878906,48.59000015258789,48.65999984741211,0.0,51677900
2022-03-25,48.43677520751953,51.83000183105469,0.0,51.97999954223633,50.45000076293945,50.689998626708984,0.0,33239800
2022-03-28,48.13771438598633,51.5099983215332,0.0,51.56999969482422,50.560001373291016,51.36000061035156,0.0,22932400
2022-03-29,48.82926559448242,52.25,0.0,52.290000915527344,51.279998779296875,52.0,0.0,27303700
2022-03-30,48.062957763671875,51.43000030517578,0.0,52.5099983215332,51.220001220703125,52.25,0.0,24623300
2022-03-31,46.31538772583008,49.560001373291016,0.0,51.2599983215332,49.5099983215332,51.20000076293945,0.0,43698300
2022-04-01,44.96031188964844,48.11000061035156,0.0,49.900001525878906,47.33000183105469,49.83000183105469,0.0,46598600
2022-04-04,45.97895050048828,49.20000076293945,0.0,49.22999954223633,47.91999816894531,48.16999816894531,0.0,23784900
2022-04-05,44.979000091552734,48.130001068115234,0.0,48.97999954223633,48.02000045776367,48.83000183105469,0.0,25779200
2022-04-06,44.4276237487793,47.540000915527344,0.0,48.16999816894531,47.2400016784668,47.439998626708984,0.0,31518700
2022-04-07,44.446319580078125,47.560001373291016,0.0,47.90999984741211,46.77000045776367,47.43000030517578,0.0,24117000
2022-04-08,43.941673278808594,47.02000045776367,0.0,47.58000183105469,46.849998474121094,47.279998779296875,0.0,22167300
2022-04-11,43.52113342285156,46.56999969482422,0.0,47.29999923706055,46.529998779296875,46.900001525878906,0.0,30352500
2022-04-12,43.455718994140625,46.5,0.0,47.90999984741211,46.40999984741211,47.31999969482422,0.0,29861400
2022-04-13,43.93232345581055,47.0099983215332,0.0,47.27000045776367,46.54999923706055,46.75,0.0,22171300
2022-04-14,42.680049896240234,45.66999816894531,0.0,46.75,45.619998931884766,46.75,0.0,36181800
2022-04-18,43.5865478515625,46.63999938964844,0.0,46.88999938964844,45.52000045776367,45.529998779296875,0.0,25593100
2022-04-19,44.79209518432617,47.93000030517578,0.0,48.0,46.34000015258789,46.599998474121094,0.0,31483100
2022-04-20,44.96031188964844,48.11000061035156,0.0,48.75,47.97999954223633,48.36000061035156,0.0,22787100
2022-04-21,44.3902587890625,47.5,0.0,48.900001525878906,47.400001525878906,48.619998931884766,0.0,27316900
2022-04-22,43.49309539794922,46.540000915527344,0.0,47.650001525878906,46.5,47.45000076293945,0.0,28219900
2022-04-25,43.97905349731445,47.060001373291016,0.0,47.13999938964844,46.18000030517578,46.209999084472656,0.0,35999300
2022-04-26,42.53987503051758,45.52000045776367,0.0,46.84000015258789,45.5099983215332,46.689998626708984,0.0,35356600
2022-04-27,42.259517669677734,45.220001220703125,0.0,46.060001373291016,45.0099983215332,45.47999954223633,0.0,28320900
2022-04-28,43.77346420288086,46.84000015258789,0.0,47.27000045776367,45.540000915527344,45.790000915527344,0.0,41097000
2022-04-29,40.73622512817383,43.59000015258789,0.0,45.36000061035156,43.5,44.9900016784668,0.0,70765900
2022-05-02,42.016536712646484,44.959999084472656,0.0,44.9900016784668,43.5099983215332,43.720001220703125,0.0,45446500
2022-05-03,42.109989166259766,45.060001373291016,0.0,45.4900016784668,44.22999954223633,44.790000915527344,0.0,40158400
2022-05-04,43.49309539794922,46.540000915527344,0.0,46.63999938964844,44.40999984741211,45.060001373291016,0.0,44625600
2022-05-05,42.00957489013672,44.599998474121094,0.365,45.90999984741211,44.130001068115234,45.599998474121094,0.0,52996700
2022-05-06,41.72700119018555,44.29999923706055,0.0,45.150001525878906,43.84000015258789,44.4900016784668,0.0,40916600
2022-05-09,40.56843566894531,43.06999969482422,0.0,44.20000076293945,42.869998931884766,43.810001373291016,0.0,44925800
2022-05-10,41.45383834838867,44.0099983215332,0.0,44.7400016784668,43.5,44.349998474121094,0.0,42770000
2022-05-11,40.342376708984375,42.83000183105469,0.0,44.290000915527344,42.779998779296875,44.02000045776367,0.0,40351700
2022-05-12,40.351802825927734,42.84000015258789,0.0,42.90999984741211,42.0099983215332,42.72999954223633,0.0,42329600
2022-05-13,41.06765365600586,43.599998474121094,0.0,43.84000015258789,42.970001220703125,43.41999816894531,0.0,32034100
2022-05-16,40.577857971191406,43.08000183105469,0.0,43.61000061035156,42.790000915527344,43.41999816894531,0.0,25071900
2022-05-17,41.82119369506836,44.400001525878906,0.0,44.41999816894531,43.650001525878906,43.81999969482422,0.0,28596600
2022-05-18,39.890254974365234,42.349998474121094,0.0,43.97999954223633,42.220001220703125,43.97999954223633,0.0,35218400
2022-05-19,39.57000732421875,42.0099983215332,0.0,42.70000076293945,41.720001220703125,42.31999969482422,0.0,29181000
2022-05-20,39.23091506958008,41.650001525878906,0.0,42.290000915527344,40.310001373291016,42.25,0.0,44802300
2022-05-23,39.56058120727539,42.0,0.0,42.25,41.33000183105469,41.689998626708984,0.0,27199500
2022-05-24,39.249752044677734,41.66999816894531,0.0,41.88999938964844,41.099998474121094,41.70000076293945,0.0,29837500
2022-05-25,39.74897003173828,42.20000076293945,0.0,42.52000045776367,41.38999938964844,41.439998626708984,0.0,26283100
2022-05-26,40.954627990722656,43.47999954223633,0.0,43.68000030517578,42.08000183105469,42.16999816894531,0.0,28826700
2022-05-27,41.96247482299805,44.54999923706055,0.0,44.54999923706055,43.54999923706055,43.59000015258789,0.0,30553300
2022-05-31,41.840023040771484,44.41999816894531,0.0,44.75,43.650001525878906,44.25,0.0,41111500
2022-06-01,41.548038482666016,44.11000061035156,0.0,44.93000030517578,43.529998779296875,44.77000045776367,0.0,29885500
2022-06-02,42.23563766479492,44.84000015258789,0.0,44.880001068115234,43.939998626708984,44.189998626708984,0.0,28727600
2022-06-03,40.869850158691406,43.38999938964844,0.0,44.25,43.34000015258789,44.11000061035156,0.0,33174700
2022-06-06,40.82275390625,43.34000015258789,0.0,44.040000915527344,43.08000183105469,43.810001373291016,0.0,25437100
2022-06-07,41.00172424316406,43.529998779296875,0.0,43.59000015258789,42.65999984741211,43.060001373291016,0.0,25168700
2022-06-08,38.83530044555664,41.22999954223633,0.0,42.2599983215332,41.029998779296875,42.25,0.0,59649900
2022-06-09,37.68616485595703,40.0099983215332,0.0,41.349998474121094,40.0099983215332,41.0099983215332,0.0,39047200
2022-06-10,36.90437316894531,39.18000030517578,0.0,40.08000183105469,39.18000030517578,39.849998474121094,0.0,43066200
2022-06-13,35.57626724243164,37.77000045776367,0.0,38.810001373291016,37.66999816894531,38.54999923706055,0.0,50335900
2022-06-14,35.72697830200195,37.93000030517578,0.0,38.20000076293945,37.540000915527344,38.0099983215332,0.0,31351700
2022-06-15,36.4051628112793,38.650001525878906,0.0,39.16999816894531,37.91999816894531,38.560001373291016,0.0,37652300
2022-06-16,35.17124557495117,37.34000015258789,0.0,37.790000915527344,36.93000030517578,37.70000076293945,0.0,45576500
2022-06-17,34.822731018066406,36.970001220703125,0.0,38.119998931884766,36.599998474121094,37.47999954223633,0.0,71393200
2022-06-21,35.53859329223633,37.72999954223633,0.0,38.029998779296875,37.33000183105469,37.36000061035156,0.0,34004900
2022-06-22,35.208927154541016,37.380001068115234,0.0,37.77000045776367,37.220001220703125,37.33000183105469,0.0,32571000
2022-06-23,35.237178802490234,37.40999984741211,0.0,37.619998931884766,36.90999984741211,37.61000061035156,0.0,30163000
2022-06-24,36.36749267578125,38.61000061035156,0.0,38.63999938964844,37.7400016784668,37.849998474121094,0.0,38159900
2022-06-27,36.386322021484375,38.630001068115234,0.0,39.060001373291016,38.470001220703125,38.869998931884766,0.0,29585300
2022-06-28,35.58568572998047,37.779998779296875,0.0,39.02000045776367,37.7400016784668,38.58000183105469,0.0,37824200
2022-06-29,35.124149322509766,37.290000915527344,0.0,37.599998474121094,37.02000045776367,37.540000915527344,0.0,25437200
2022-06-30,35.237178802490234,37.40999984741211,0.0,38.0,36.72999954223633,37.209999084472656,0.0,35141000
2022-07-01,34.229331970214844,36.34000015258789,0.0,37.20000076293945,35.880001068115234,37.09000015258789,0.0,40596300
2022-07-05,34.558990478515625,36.689998626708984,0.0,36.7400016784668,35.540000915527344,35.93000030517578,0.0,33215000
2022-07-06,34.84157180786133,36.9900016784668,0.0,37.41999816894531,36.459999084472656,36.81999969482422,0.0,26258300
2022-07-07,35.92477798461914,38.13999938964844,0.0,38.33000183105469,37.72999954223633,37.88999938964844,0.0,33165400
2022-07-08,35.78348922729492,37.9900016784668,0.0,38.13999938964844,37.38999938964844,37.65999984741211,0.0,22566300
2022-07-11,35.03937530517578,37.20000076293945,0.0,37.66999816894531,37.029998779296875,37.65999984741211,0.0,25904300
2022-07-12,35.04879379272461,37.209999084472656,0.0,37.70000076293945,36.9900016784668,37.650001525878906,0.0,30546300
2022-07-13,35.04879379272461,37.209999084472656,0.0,37.43000030517578,36.619998931884766,36.68000030517578,0.0,27059200
2022-07-14,35.519752502441406,37.709999084472656,0.0,38.15999984741211,36.290000915527344,36.9900016784668,0.0,36690700
2022-07-15,36.37689208984375,38.619998931884766,0.0,38.66999816894531,37.72999954223633,38.27000045776367,0.0,32892300
2022-07-18,36.461673736572266,38.709999084472656,0.0,39.34000015258789,38.529998779296875,39.099998474121094,0.0,30814400
2022-07-19,37.883968353271484,40.220001220703125,0.0,40.72999954223633,39.2400016784668,39.31999969482422,0.0,53095300
2022-07-20,38.204219818115234,40.560001373291016,0.0,40.66999816894531,39.560001373291016,40.209999084472656,0.0,36387900
2022-07-21,38.251319885253906,40.61000061035156,0.0,40.650001525878906,39.81999969482422,40.5099983215332,0.0,29661200
2022-07-22,36.923213958740234,39.20000076293945,0.0,40.5099983215332,38.939998626708984,40.369998931884766,0.0,41350000
2022-07-25,36.88554382324219,39.15999984741211,0.0,39.40999984741211,38.54999923706055,39.279998779296875,0.0,32263400
2022-07-26,36.697147369384766,38.959999084472656,0.0,39.56999969482422,38.880001068115234,39.099998474121094,0.0,35925500
2022-07-27,37.84629440307617,40.18000030517578,0.0,40.41999816894531,39.22999954223633,39.27000045776367,0.0,42571600
2022-07-28,37.403587341308594,39.709999084472656,0.0,40.119998931884766,39.040000915527344,40.09000015258789,0.0,56662300
2022-07-29,34.201072692871094,36.310001373291016,0.0,36.619998931884766,35.2400016784668,35.599998474121094,0.0,125292400
2022-08-01,34.813316345214844,36.959999084472656,0.0,37.689998626708984,36.04999923706055,36.04999923706055,0.0,52513400
2022-08-02,33.91849136352539,36.0099983215332,0.0,36.65999984741211,36.0,36.59000015258789,0.0,53929400
2022-08-03,34.398868560791016,36.52000045776367,0.0,36.59000015258789,35.2599983215332,36.09000015258789,0.0,59513900
2022-08-04,33.927913665771484,35.65999984741211,0.365,36.099998474121094,35.36000061035156,36.0099983215332,0.0,54046300
2022-08-05,33.671024322509766,35.38999938964844,0.0,35.689998626708984,35.18000030517578,35.349998474121094,0.0,40205100
2022-08-08,33.66151428222656,35.380001068115234,0.0,35.959999084472656,35.20000076293945,35.36000061035156,0.0,41534600
2022-08-09,32.84328842163086,34.52000045776367,0.0,35.29999923706055,34.400001525878906,35.220001220703125,0.0,48202300
2022-08-10,33.652000427246094,35.369998931884766,0.0,35.400001525878906,34.59000015258789,34.9900016784668,0.0,42243300
2022-08-11,33.86131286621094,35.59000015258789,0.0,36.290000915527344,35.4900016784668,35.63999938964844,0.0,35569700
2022-08-12,34.356056213378906,36.11000061035156,0.0,36.13999938964844,35.66999816894531,35.79999923706055,0.0,37675200
2022-08-15,34.57489013671875,36.34000015258789,0.0,36.43000030517578,35.709999084472656,36.099998474121094,0.0,25400600
2022-08-16,34.432167053222656,36.189998626708984,0.0,36.58000183105469,35.70000076293945,36.15999984741211,0.0,25000200
2022-08-17,34.04208755493164,35.779998779296875,0.0,36.08000183105469,35.27000045776367,35.810001373291016,0.0,29176100
2022-08-18,34.44168472290039,36.20000076293945,0.0,36.33000183105469,35.56999969482422,35.68000030517578,0.0,24598200
2022-08-19,33.66151428222656,35.380001068115234,0.0,36.029998779296875,35.189998626708984,35.79999923706055,0.0,31425500
2022-08-22,32.196311950683594,33.84000015258789,0.0,35.060001373291016,33.72999954223633,35.0,0.0,51006100
2022-08-23,32.30097198486328,33.95000076293945,0.0,34.38999938964844,33.90999984741211,33.97999954223633,0.0,30687100
2022-08-24,32.21534729003906,33.86000061035156,0.0,33.9900016784668,33.599998474121094,33.970001220703125,0.0,25105700
2022-08-25,33.195308685302734,34.88999938964844,0.0,34.93000030517578,33.81999969482422,33.869998931884766,0.0,29799100
2022-08-26,31.73963165283203,33.36000061035156,0.0,35.029998779296875,33.349998474121094,34.95000076293945,0.0,44851500
2022-08-29,31.34002685546875,32.939998626708984,0.0,33.40999984741211,32.810001373291016,33.22999954223633,0.0,32976800
2022-08-30,30.693056106567383,32.2599983215332,0.0,33.06999969482422,32.150001525878906,33.040000915527344,0.0,40182500
2022-08-31,30.36957550048828,31.920000076293945,0.0,32.38999938964844,31.770000457763672,32.38999938964844,0.0,44074500
2022-09-01,30.217348098754883,31.760000228881836,0.0,31.829999923706055,31.1299991607666,31.56999969482422,0.0,36440700
2022-09-02,29.703577041625977,31.219999313354492,0.0,32.380001068115234,31.059999465942383,32.209999084472656,0.0,34893300
2022-09-06,28.885347366333008,30.360000610351562,0.0,31.389999389648438,30.329999923706055,31.389999389648438,0.0,46989600
2022-09-07,29.1612606048584,30.649999618530273,0.0,30.790000915527344,30.049999237060547,30.420000076293945,0.0,37329500
2022-09-08,29.25640296936035,30.75,0.0,30.850000381469727,29.90999984741211,30.3700008392334,0.0,37359500
2022-09-09,29.931917190551758,31.459999084472656,0.0,31.5,31.079999923706055,31.190000534057617,0.0,34069500
2022-09-12,30.02705955505371,31.559999465942383,0.0,31.860000610351562,31.100000381469727,31.739999771118164,0.0,38305500
2022-09-13,27.867319107055664,29.290000915527344,0.0,30.93000030517578,29.25,30.829999923706055,0.0,71417900
2022-09-14,27.76266098022461,29.18000030517578,0.0,29.770000457763672,29.010000228881836,29.549999237060547,0.0,40767200
2022-09-15,27.43917465209961,28.84000015258789,0.0,29.40999984741211,28.709999084472656,29.149999618530273,0.0,39919100
2022-09-16,27.819744110107422,29.239999771118164,0.0,29.31999969482422,28.420000076293945,28.700000762939453,0.0,72748000
2022-09-19,28.010032653808594,29.440000534057617,0.0,29.5,28.899999618530273,29.020000457763672,0.0,33151900
2022-09-20,27.553346633911133,28.959999084472656,0.0,29.170000076293945,28.709999084472656,29.06999969482422,0.0,31129000
2022-09-21,27.08714485168457,28.469999313354492,0.0,29.59000015258789,28.459999084472656,29.149999618530273,0.0,39977300
2022-09-22,26.706579208374023,28.06999969482422,0.0,28.5,28.040000915527344,28.399999618530273,0.0,36092700
2022-09-23,26.183292388916016,27.520000457763672,0.0,27.899999618530273,27.190000534057617,27.899999618530273,0.0,43491100
2022-09-26,25.660003662109375,26.969999313354492,0.0,27.700000762939453,26.860000610351562,27.559999465942383,0.0,44786400
2022-09-27,25.583890914916992,26.889999389648438,0.0,27.600000381469727,26.6200008392334,27.399999618530273,0.0,44121400
2022-09-28,25.81223487854004,27.1299991607666,0.0,27.280000686645508,26.600000381469727,26.860000610351562,0.0,40433400
2022-09-29,25.098661422729492,26.3799991607666,0.0,26.780000686645508,26.190000534057617,26.780000686645508,0.0,41831300
2022-09-30,24.518295288085938,25.770000457763672,0.0,26.56999969482422,25.739999771118164,26.299999237060547,0.0,43821000
2022-10-03,25.660003662109375,26.969999313354492,0.0,27.25,26.06999969482422,26.329999923706055,0.0,44096200
2022-10-04,26.354549407958984,27.700000762939453,0.0,27.799999237060547,27.09000015258789,27.43000030517578,0.0,42427500
2022-10-05,26.297460556030273,27.639999389648438,0.0,27.84000015258789,26.889999389648438,27.3700008392334,0.0,30120000
2022-10-06,25.859806060791016,27.18000030517578,0.0,27.760000228881836,27.0,27.440000534057617,0.0,33985100
2022-10-07,24.470720291137695,25.719999313354492,0.0,26.280000686645508,25.649999618530273,26.170000076293945,0.0,57215500
2022-10-10,23.97597885131836,25.200000762939453,0.0,25.989999771118164,25.09000015258789,25.940000534057617,0.0,43409300
2022-10-11,23.823747634887695,25.040000915527344,0.0,25.479999542236328,24.690000534057617,25.010000228881836,0.0,48134900
2022-10-12,24.09966468811035,25.329999923706055,0.0,25.520000457763672,24.65999984741211,25.049999237060547,0.0,39634100
2022-10-13,25.136720657348633,26.420000076293945,0.0,26.84000015258789,24.59000015258789,24.729999542236328,0.0,62447000
2022-10-14,24.6514949798584,25.90999984741211,0.0,26.6299991607666,25.760000228881836,26.459999084472656,0.0,48185400
2022-10-17,25.136720657348633,26.420000076293945,0.0,26.75,26.170000076293945,26.309999465942383,0.0,39416500
2022-10-18,24.613433837890625,25.8700008392334,0.0,26.959999084472656,25.540000915527344,26.739999771118164,0.0,51126900
2022-10-19,24.737119674682617,26.0,0.0,26.25,25.690000534057617,25.739999771118164,0.0,33882300
2022-10-20,24.8132381439209,26.079999923706055,0.0,26.950000762939453,25.950000762939453,26.149999618530273,0.0,33247700
2022-10-21,25.660003662109375,26.969999313354492,0.0,27.049999237060547,25.790000915527344,25.850000381469727,0.0,53058700
2022-10-24,25.859806060791016,27.18000030517578,0.0,27.479999542236328,26.520000457763672,26.75,0.0,43831600
2022-10-25,26.078636169433594,27.40999984741211,0.0,27.559999465942383,27.0,27.18000030517578,0.0,32205300
2022-10-26,25.888349533081055,27.209999084472656,0.0,27.799999237060547,26.989999771118164,27.190000534057617,0.0,37111100
2022-10-27,24.994007110595703,26.270000457763672,0.0,27.59000015258789,26.1299991607666,27.450000762939453,0.0,56305100
2022-10-28,27.658002853393555,29.06999969482422,0.0,29.219999313354492,27.860000610351562,28.18000030517578,0.0,91695700
2022-10-31,27.049091339111328,28.43000030517578,0.0,29.18000030517578,28.049999237060547,29.079999923706055,0.0,59507700
2022-11-01,26.925405502319336,28.299999237060547,0.0,28.850000381469727,27.889999389648438,28.799999237060547,0.0,44418700
2022-11-02,26.088150024414062,27.420000076293945,0.0,28.850000381469727,27.40999984741211,28.270000457763672,0.0,51956100
2022-11-03,26.059608459472656,27.389999389648438,0.0,27.8799991607666,27.170000076293945,27.450000762939453,0.0,39678200
2022-11-04,27.19263458251953,28.200000762939453,0.365,28.239999771118164,27.40999984741211,27.56999969482422,0.0,43051900
2022-11-07,27.395130157470703,28.40999984741211,0.0,28.469999313354492,27.889999389648438,28.360000610351562,0.0,34389800
2022-11-08,27.462631225585938,28.479999542236328,0.0,28.950000762939453,27.93000030517578,28.760000228881836,0.0,36258000
2022-11-09,26.536924362182617,27.520000457763672,0.0,28.299999237060547,27.520000457763672,28.219999313354492,0.0,30544800
2022-11-10,28.69690704345703,29.760000228881836,0.0,29.829999923706055,28.649999618530273,28.8799991607666,0.0,62943900
2022-11-11,29.342973709106445,30.43000030517578,0.0,30.6299991607666,28.8700008392334,28.93000030517578,0.0,49826500
2022-11-14,29.26582908630371,30.350000381469727,0.0,30.989999771118164,30.18000030517578,30.34000015258789,0.0,39395300
2022-11-15,29.61296844482422,30.709999084472656,0.0,31.34000015258789,30.170000076293945,31.100000381469727,0.0,40933200
2022-11-16,28.475122451782227,29.530000686645508,0.0,30.229999542236328,29.440000534057617,30.110000610351562,0.0,35582800
2022-11-17,28.822263717651367,29.889999389648438,0.0,29.950000762939453,29.0,29.06999969482422,0.0,31983300
2022-11-18,28.802978515625,29.8700008392334,0.0,30.260000228881836,29.610000610351562,30.260000228881836,0.0,27122200
2022-11-21,27.906200408935547,28.940000534057617,0.0,29.719999313354492,28.90999984741211,29.65999984741211,0.0,36086800
2022-11-22,28.754764556884766,29.81999969482422,0.0,29.860000610351562,29.059999465942383,29.139999389648438,0.0,25584100
2022-11-23,28.610122680664062,29.670000076293945,0.0,30.079999923706055,29.489999771118164,29.729999542236328,0.0,23143900
2022-11-25,28.291912078857422,29.34000015258789,0.0,29.68000030517578,29.34000015258789,29.68000030517578,0.0,11314900
2022-11-28,27.703699111938477,28.729999542236328,0.0,29.190000534057617,28.540000915527344,29.100000381469727,0.0,28267900
2022-11-29,27.86762809753418,28.899999618530273,0.0,29.18000030517578,28.739999771118164,28.850000381469727,0.0,24361500
2022-11-30,28.995832443237305,30.06999969482422,0.0,30.079999923706055,28.219999313354492,28.770000457763672,0.0,72072500
2022-12-01,28.764404296875,29.829999923706055,0.0,30.479999542236328,29.520000457763672,30.239999771118164,0.0,38896300
2022-12-02,28.35940933227539,29.40999984741211,0.0,29.43000030517578,28.709999084472656,29.170000076293945,0.0,31546000
2022-12-05,28.12798309326172,29.170000076293945,0.0,29.75,28.889999389648438,29.420000076293945,0.0,34040400
2022-12-06,27.578344345092773,28.600000381469727,0.0,29.309999465942383,28.34000015258789,29.190000534057617,0.0,27701200
2022-12-07,27.317991256713867,28.329999923706055,0.0,28.549999237060547,28.149999618530273,28.280000686645508,0.0,28239900
2022-12-08,27.424062728881836,28.440000534057617,0.0,28.600000381469727,28.06999969482422,28.31999969482422,0.0,28486100
2022-12-09,27.231204986572266,28.239999771118164,0.0,28.780000686645508,28.190000534057617,28.389999389648438,0.0,25641300
2022-12-12,27.665130615234375,28.690000534057617,0.0,28.709999084472656,27.860000610351562,28.1299991607666,0.0,35117900
2022-12-13,27.703699111938477,28.729999542236328,0.0,30.09000015258789,28.3700008392334,29.790000915527344,0.0,58546800
2022-12-14,27.25048828125,28.260000228881836,0.0,29.1200008392334,28.010000228881836,28.510000228881836,0.0,37141100
2022-12-15,26.180143356323242,27.149999618530273,0.0,28.0,27.1200008392334,27.940000534057617,0.0,45682700
2022-12-16,25.958358764648438,26.920000076293945,0.0,27.139999389648438,26.450000762939453,27.0,0.0,81104200
2022-12-19,25.833003997802734,26.790000915527344,0.0,26.969999313354492,26.5,26.899999618530273,0.0,37662500
2022-12-20,25.495506286621094,26.440000534057617,0.0,26.8700008392334,26.420000076293945,26.540000915527344,0.0,31863300
2022-12-21,25.871572494506836,26.829999923706055,0.0,26.969999313354492,26.579999923706055,26.59000015258789,0.0,28100900
2022-12-22,25.042295455932617,25.969999313354492,0.0,26.450000762939453,25.350000381469727,26.450000762939453,0.0,47478300
2022-12-23,25.158008575439453,26.09000015258789,0.0,26.190000534057617,25.68000030517578,25.920000076293945,0.0,23600900
2022-12-27,25.013368606567383,25.940000534057617,0.0,26.100000381469727,25.649999618530273,25.850000381469727,0.0,29548100
2022-12-28,24.627656936645508,25.540000915527344,0.0,26.1200008392334,25.5,25.84000015258789,0.0,26176900
2022-12-29,25.273719787597656,26.209999084472656,0.0,26.290000915527344,25.75,25.770000457763672,0.0,30944800
2022-12-30,25.485862731933594,26.43000030517578,0.0,26.459999084472656,25.799999237060547,25.899999618530273,0.0,31030100
2023-01-03,25.775142669677734,26.729999542236328,0.0,27.06999969482422,26.3700008392334,27.049999237060547,0.0,31308000
2023-01-04,26.691207885742188,27.68000030517578,0.0,27.920000076293945,27.15999984741211,27.40999984741211,0.0,37665200
2023-01-05,26.57549476623535,27.559999465942383,0.0,27.780000686645508,27.3799991607666,27.440000534057617,0.0,33552600
2023-01-06,27.703699111938477,28.729999542236328,0.0,28.829999923706055,27.3799991607666,27.93000030517578,0.0,31788600
2023-01-09,28.26297950744629,29.309999465942383,0.0,29.8700008392334,28.84000015258789,28.84000015258789,0.0,37493200
2023-01-10,28.38833999633789,29.440000534057617,0.0,29.510000228881836,28.920000076293945,29.239999771118164,0.0,23008100
2023-01-11,28.783693313598633,29.850000381469727,0.0,29.8799991607666,29.0,29.68000030517578,0.0,30375400
2023-01-12,29.207977294921875,30.290000915527344,0.0,30.3799991607666,29.469999313354492,29.979999542236328,0.0,28963900
2023-01-13,29.03440284729004,30.110000610351562,0.0,30.170000076293945,29.809999465942383,29.969999313354492,0.0,31361900
2023-01-17,28.54262351989746,29.600000381469727,0.0,30.260000228881836,29.520000457763672,30.18000030517578,0.0,34759100
2023-01-18,27.780841827392578,28.809999465942383,0.0,29.81999969482422,28.6299991607666,29.799999237060547,0.0,44199600
2023-01-19,27.404775619506836,28.420000076293945,0.0,28.760000228881836,28.239999771118164,28.610000610351562,0.0,36886600
2023-01-20,28.17619514465332,29.219999313354492,0.0,29.229999542236328,28.25,28.420000076293945,0.0,35158500
2023-01-23,29.188688278198242,30.270000457763672,0.0,30.489999771118164,29.18000030517578,29.329999923706055,0.0,38795800
2023-01-24,28.8511905670166,29.920000076293945,0.0,30.190000534057617,29.729999542236328,29.940000534057617,0.0,24855100
2023-01-25,28.639049530029297,29.700000762939453,0.0,29.889999389648438,29.170000076293945,29.520000457763672,0.0,28268000
2023-01-26,29.015119552612305,30.09000015258789,0.0,30.110000610351562,29.329999923706055,30.059999465942383,0.0,56088100
2023-01-27,27.15406036376953,28.15999984741211,0.0,28.239999771118164,26.780000686645508,27.06999969482422,0.0,148548200
2023-01-30,26.951566696166992,27.950000762939453,0.0,28.510000228881836,27.670000076293945,27.719999313354492,0.0,55145800
2023-01-31,27.25048828125,28.260000228881836,0.0,28.290000915527344,27.530000686645508,27.780000686645508,0.0,52621600
2023-02-01,28.031553268432617,29.06999969482422,0.0,29.43000030517578,27.68000030517578,27.889999389648438,0.0,63330600
2023-02-02,29.111547470092773,30.190000534057617,0.0,30.299999237060547,28.799999237060547,29.25,0.0,62230700
2023-02-03,29.236902236938477,30.31999969482422,0.0,31.170000076293945,29.530000686645508,29.6200008392334,0.0,57603100
2023-02-06,28.002227783203125,28.690000534057617,0.365,29.649999618530273,28.610000610351562,29.549999237060547,0.0,48726400
2023-02-07,28.353595733642578,29.049999237060547,0.0,29.270000457763672,28.43000030517578,28.649999618530273,0.0,50780800
2023-02-08,27.56301498413086,28.239999771118164,0.0,29.1200008392334,28.209999084472656,28.950000762939453,0.0,36479100
2023-02-09,27.06524085998535,27.729999542236328,0.0,28.81999969482422,27.56999969482422,28.68000030517578,0.0,43906400
2023-02-10,27.133562088012695,27.799999237060547,0.0,27.989999771118164,27.34000015258789,27.6299991607666,0.0,31232500
2023-02-13,27.865583419799805,28.549999237060547,0.0,28.549999237060547,27.719999313354492,27.8700008392334,0.0,32347500
2023-02-14,27.95342445373535,28.639999389648438,0.0,28.719999313354492,27.989999771118164,28.3799991607666,0.0,27928900
2023-02-15,28.15839195251465,28.850000381469727,0.0,28.8799991607666,28.15999984741211,28.360000610351562,0.0,23359400
2023-02-16,27.523975372314453,28.200000762939453,0.0,28.829999923706055,28.1299991607666,28.5,0.0,28972500
2023-02-17,26.948118209838867,27.610000610351562,0.0,28.06999969482422,27.3799991607666,28.0,0.0,32086200
2023-02-21,25.435274124145508,26.059999465942383,0.0,27.270000457763672,26.040000915527344,27.110000610351562,0.0,63668400
2023-02-22,24.859420776367188,25.469999313354492,0.0,26.899999618530273,25.299999237060547,25.90999984741211,0.0,89195300
2023-02-23,24.996063232421875,25.610000610351562,0.0,26.079999923706055,25.31999969482422,25.780000686645508,0.0,56473200
2023-02-24,24.537330627441406,25.139999389648438,0.0,25.350000381469727,24.920000076293945,25.219999313354492,0.0,44089900
2023-02-27,24.303083419799805,24.899999618530273,0.0,25.579999923706055,24.8799991607666,25.549999237060547,0.0,37657000
2023-02-28,24.332365036010742,24.93000030517578,0.0,25.1200008392334,24.729999542236328,24.940000534057617,0.0,50255300
2023-03-01,24.7227725982666,25.329999923706055,0.0,25.920000076293945,24.969999313354492,25.030000686645508,0.0,47823400
2023-03-02,25.57192039489746,26.200000762939453,0.0,26.299999237060547,25.1200008392334,25.209999084472656,0.0,48309300
2023-03-03,25.767122268676758,26.399999618530273,0.0,26.479999542236328,26.010000228881836,26.200000762939453,0.0,36744900
2023-03-06,25.366954803466797,25.989999771118164,0.0,26.540000915527344,25.93000030517578,26.469999313354492,0.0,37879800
2023-03-07,24.917978286743164,25.530000686645508,0.0,25.989999771118164,25.5,25.84000015258789,0.0,43164600
2023-03-08,25.357192993164062,25.979999542236328,0.0,26.010000228881836,25.450000762939453,25.559999465942383,0.0,36071900
2023-03-09,25.806167602539062,26.440000534057617,0.0,26.979999542236328,25.969999313354492,25.979999542236328,0.0,54886100
2023-03-10,26.56746482849121,27.219999313354492,0.0,27.520000457763672,26.31999969482422,26.549999237060547,0.0,65187000
2023-03-13,26.303939819335938,26.950000762939453,0.0,27.309999465942383,26.610000610351562,26.739999771118164,0.0,50977000
2023-03-14,27.338525772094727,28.010000228881836,0.0,28.100000381469727,27.25,27.350000381469727,0.0,47689800
2023-03-15,27.72893714904785,28.40999984741211,0.0,28.5,27.65999984741211,27.729999542236328,0.0,49322800
2023-03-16,29.456506729125977,30.18000030517578,0.0,30.270000457763672,28.389999389648438,28.389999389648438,0.0,75779500
2023-03-17,29.09537696838379,29.809999465942383,0.0,31.0,29.440000534057617,29.920000076293945,0.0,80628500
2023-03-20,28.46095848083496,29.15999984741211,0.0,29.899999618530273,28.6299991607666,29.799999237060547,0.0,38780100
2023-03-21,27.777738571166992,28.459999084472656,0.0,29.170000076293945,27.979999542236328,29.0,0.0,55650800
2023-03-22,27.455650329589844,28.1299991607666,0.0,29.1200008392334,28.100000381469727,28.479999542236328,0.0,37415500
2023-03-23,28.334077835083008,29.030000686645508,0.0,29.15999984741211,28.219999313354492,28.3799991607666,0.0,43785500
2023-03-24,28.656164169311523,29.360000610351562,0.0,29.809999465942383,28.93000030517578,29.040000915527344,0.0,55912100
2023-03-27,28.480480194091797,29.18000030517578,0.0,29.729999542236328,29.079999923706055,29.3700008392334,0.0,34758200
2023-03-28,28.587844848632812,29.290000915527344,0.0,29.329999923706055,28.6299991607666,29.079999923706055,0.0,37407900
2023-03-29,30.764385223388672,31.520000457763672,0.0,31.889999389648438,29.760000228881836,29.770000457763672,0.0,85556200
2023-03-30,31.32071876525879,32.09000015258789,0.0,32.58000183105469,31.809999465942383,31.850000381469727,0.0,70077600
2023-03-31,31.88681411743164,32.66999816894531,0.0,32.900001525878906,31.729999542236328,31.799999237060547,0.0,59765000
2023-04-03,32.10154724121094,32.88999938964844,0.0,33.560001373291016,32.540000915527344,32.939998626708984,0.0,57038300
2023-04-04,32.30650329589844,33.099998474121094,0.0,33.84000015258789,32.84000015258789,32.849998474121094,0.0,55714100
2023-04-05,32.04298400878906,32.83000183105469,0.0,32.9900016784668,32.34000015258789,32.79999923706055,0.0,39615700
2023-04-06,32.023460388183594,32.810001373291016,0.0,33.0,32.459999084472656,32.599998474121094,0.0,28551900
2023-04-10,31.740413665771484,32.52000045776367,0.0,32.7599983215332,32.20000076293945,32.599998474121094,0.0,30534400
2023-04-11,31.574481964111328,32.349998474121094,0.0,33.11000061035156,32.31999969482422,32.65999984741211,0.0,27059100
2023-04-12,31.252399444580078,32.02000045776367,0.0,32.88999938964844,31.959999084472656,32.77000045776367,0.0,37070800
2023-04-13,31.35976219177246,32.130001068115234,0.0,32.43000030517578,31.649999618530273,31.81999969482422,0.0,29722300
2023-04-14,31.125511169433594,31.889999389648438,0.0,32.2400016784668,31.690000534057617,32.0,0.0,24623600
2023-04-17,31.36952018737793,32.13999938964844,0.0,32.63999938964844,31.770000457763672,31.950000762939453,0.0,29601100
2023-04-18,31.066953659057617,31.829999923706055,0.0,32.459999084472656,31.780000686645508,32.43000030517578,0.0,26041400
2023-04-19,30.40325355529785,31.149999618530273,0.0,31.520000457763672,31.079999923706055,31.100000381469727,0.0,25746600
2023-04-20,30.120206832885742,30.860000610351562,0.0,31.25,30.709999084472656,30.760000228881836,0.0,30255100
2023-04-21,29.573631286621094,30.299999237060547,0.0,30.84000015258789,30.229999542236328,30.84000015258789,0.0,28655800
2023-04-24,28.948972702026367,29.65999984741211,0.0,30.3700008392334,29.610000610351562,30.1299991607666,0.0,38732500
2023-04-25,28.18766975402832,28.8799991607666,0.0,29.56999969482422,28.8700008392334,29.440000534057617,0.0,38289900
2023-04-26,28.353595733642578,29.049999237060547,0.0,29.809999465942383,28.84000015258789,29.200000762939453,0.0,41218800
2023-04-27,29.14417839050293,29.860000610351562,0.0,29.950000762939453,28.510000228881836,28.75,0.0,60186200
2023-04-28,30.315410614013672,31.059999465942383,0.0,32.56999969482422,30.809999465942383,31.979999542236328,0.0,80252400
2023-05-01,29.573631286621094,30.299999237060547,0.0,31.239999771118164,30.280000686645508,31.110000610351562,0.0,36918500
2023-05-02,29.056337356567383,29.770000457763672,0.0,30.579999923706055,29.75,30.299999237060547,0.0,33463400
2023-05-03,29.915239334106445,30.649999618530273,0.0,31.110000610351562,30.25,30.639999389648438,0.0,45554500
2023-05-04,30.615957260131836,31.239999771118164,0.125,31.719999313354492,30.3799991607666,30.440000534057617,0.0,46104000
2023-05-05,30.370952606201172,30.989999771118164,0.0,31.40999984741211,30.729999542236328,31.3799991607666,0.0,35024600
2023-05-08,30.15534782409668,30.770000457763672,0.0,30.84000015258789,30.389999389648438,30.700000762939453,0.0,30882800
2023-05-09,29.49873161315918,30.100000381469727,0.0,30.579999923706055,29.90999984741211,30.3799991607666,0.0,30706500
2023-05-10,29.371328353881836,29.969999313354492,0.0,30.399999618530273,29.489999771118164,30.290000915527344,0.0,40526500
2023-05-11,28.28350067138672,28.860000610351562,0.0,29.68000030517578,28.81999969482422,29.600000381469727,0.0,47144400
2023-05-12,28.3717041015625,28.950000762939453,0.0,29.100000381469727,28.719999313354492,29.030000686645508,0.0,24153800
2023-05-15,29.204723358154297,29.799999237060547,0.0,29.829999923706055,28.8799991607666,28.899999618530273,0.0,28717500
2023-05-16,28.636308670043945,29.219999313354492,0.0,29.899999618530273,29.209999084472656,29.6200008392334,0.0,22812000
2023-05-17,28.29330062866211,28.8700008392334,0.0,29.559999465942383,28.68000030517578,29.520000457763672,0.0,41667300
2023-05-18,29.087121963500977,29.68000030517578,0.0,29.760000228881836,28.8700008392334,29.0,0.0,36529200
2023-05-19,29.332124710083008,29.93000030517578,0.0,30.239999771118164,29.5,29.600000381469727,0.0,40683000
2023-05-22,29.675134658813477,30.280000686645508,0.0,30.450000762939453,29.81999969482422,29.850000381469727,0.0,28693400
2023-05-23,28.920516967773438,29.510000228881836,0.0,30.200000762939453,29.489999771118164,30.049999237060547,0.0,29400900
2023-05-24,28.420703887939453,29.0,0.0,29.489999771118164,28.81999969482422,29.309999465942383,0.0,28045800
2023-05-25,26.852664947509766,27.399999618530273,0.0,28.290000915527344,26.860000610351562,28.290000915527344,0.0,78009400
2023-05-26,28.420703887939453,29.0,0.0,29.09000015258789,27.100000381469727,27.440000534057617,0.0,71910600
2023-05-30,29.39093017578125,29.989999771118164,0.0,30.040000915527344,29.0,29.700000762939453,0.0,54874800
2023-05-31,30.81196403503418,31.440000534057617,0.0,32.290000915527344,29.670000076293945,29.700000762939453,0.0,136243800
2023-06-01,30.508153915405273,31.1299991607666,0.0,31.940000534057617,31.020000457763672,31.799999237060547,0.0,52667400
2023-06-02,30.684558868408203,31.309999465942383,0.0,31.59000015258789,30.829999923706055,31.399999618530273,0.0,36521000
2023-06-05,29.263526916503906,29.860000610351562,0.0,31.399999618530273,29.829999923706055,31.309999465942383,0.0,48244100
2023-06-06,30.341550827026367,30.959999084472656,0.0,31.450000762939453,29.700000762939453,29.770000457763672,0.0,42295300
2023-06-07,30.655160903930664,31.280000686645508,0.0,31.3700008392334,30.93000030517578,31.030000686645508,0.0,39098000
2023-06-08,31.18437385559082,31.81999969482422,0.0,31.850000381469727,31.059999465942383,31.43000030517578,0.0,35199000
2023-06-09,30.713960647583008,31.34000015258789,0.0,31.989999771118164,30.68000030517578,31.93000030517578,0.0,40218000
2023-06-12,32.409400939941406,33.06999969482422,0.0,33.29999923706055,31.360000610351562,31.399999618530273,0.0,59881600
2023-06-13,33.23262405395508,33.90999984741211,0.0,33.95000076293945,33.06999969482422,33.77000045776367,0.0,51990000
2023-06-14,34.869266510009766,35.58000183105469,0.0,35.599998474121094,33.79999923706055,33.869998931884766,0.0,74404300
2023-06-15,35.10447311401367,35.81999969482422,0.0,36.41999816894531,35.220001220703125,35.279998779296875,0.0,67676300
2023-06-16,35.64347839355469,36.369998931884766,0.0,36.79999923706055,35.599998474121094,36.36000061035156,0.0,110240300
2023-06-20,34.30084991455078,35.0,0.0,37.11000061035156,34.720001220703125,36.77000045776367,0.0,65970200
2023-06-21,32.2427978515625,32.900001525878906,0.0,35.04999923706055,32.83000183105469,34.91999816894531,0.0,70973500
2023-06-22,32.05659484863281,32.709999084472656,0.0,33.2400016784668,32.130001068115234,32.689998626708984,0.0,45740300
2023-06-23,32.34080123901367,33.0,0.0,33.45000076293945,32.029998779296875,32.209999084472656,0.0,46327100
2023-06-26,32.674007415771484,33.34000015258789,0.0,33.9900016784668,33.099998474121094,33.189998626708984,0.0,38952400
2023-06-27,33.4188232421875,34.099998474121094,0.0,34.22999954223633,33.0099983215332,33.220001220703125,0.0,33038900
2023-06-28,32.899417877197266,33.56999969482422,0.0,33.810001373291016,33.029998779296875,33.61000061035156,0.0,33906900
2023-06-29,32.25259780883789,32.90999984741211,0.0,33.34000015258789,32.4900016784668,33.34000015258789,0.0,38313000
2023-06-30,32.77200698852539,33.439998626708984,0.0,33.560001373291016,33.15999984741211,33.36000061035156,0.0,33811300
2023-07-03,32.94841766357422,33.619998931884766,0.0,33.88999938964844,33.13999938964844,33.540000915527344,0.0,15753000
2023-07-05,31.8605899810791,32.5099983215332,0.0,33.33000183105469,32.5,33.310001373291016,0.0,37664700
2023-07-06,31.331378936767578,31.969999313354492,0.0,32.040000915527344,31.3799991607666,31.899999618530273,0.0,41693600
2023-07-07,31.213775634765625,31.850000381469727,0.0,32.40999984741211,31.81999969482422,32.0,0.0,28356300
2023-07-10,32.08599853515625,32.7400016784668,0.0,32.83000183105469,31.770000457763672,31.8700008392334,0.0,36305700
2023-07-11,32.63480758666992,33.29999923706055,0.0,33.36000061035156,32.5,32.81999969482422,0.0,28148800
2023-07-12,33.30122756958008,33.97999954223633,0.0,34.08000183105469,33.060001373291016,33.689998626708984,0.0,37762200
2023-07-13,33.19342041015625,33.869998931884766,0.0,34.29999923706055,33.619998931884766,34.150001525878906,0.0,32745800
2023-07-14,32.48780822753906,33.150001525878906,0.0,33.869998931884766,33.0,33.779998779296875,0.0,30438700
2023-07-17,33.68342971801758,34.369998931884766,0.0,34.599998474121094,33.06999969482422,33.15999984741211,0.0,34111200
2023-07-18,33.81083297729492,34.5,0.0,34.70000076293945,33.83000183105469,34.279998779296875,0.0,29662200
2023-07-19,33.771636962890625,34.459999084472656,0.0,34.84000015258789,34.33000183105469,34.400001525878906,0.0,26486700
2023-07-20,32.70341110229492,33.369998931884766,0.0,34.209999084472656,33.22999954223633,33.70000076293945,0.0,37878000
2023-07-21,33.34042739868164,34.02000045776367,0.0,34.25,33.41999816894531,33.72999954223633,0.0,79737000
2023-07-24,32.95821762084961,33.630001068115234,0.0,34.459999084472656,33.560001373291016,33.84000015258789,0.0,25225800
2023-07-25,33.4188232421875,34.099998474121094,0.0,34.34000015258789,33.400001525878906,33.70000076293945,0.0,31771100
2023-07-26,33.67363739013672,34.36000061035156,0.0,34.529998779296875,33.70000076293945,33.720001220703125,0.0,32643200
2023-07-27,33.859840393066406,34.54999923706055,0.0,35.029998779296875,34.11000061035156,34.81999969482422,0.0,58890800
2023-07-28,36.094295501708984,36.83000183105469,0.0,36.9900016784668,35.5099983215332,36.75,0.0,90863000
2023-07-31,35.05546951293945,35.77000045776367,0.0,37.189998626708984,35.66999816894531,36.869998931884766,0.0,55630700
2023-08-01,35.08486557006836,35.79999923706055,0.0,36.02000045776367,35.279998779296875,35.81999969482422,0.0,24702200
2023-08-02,33.703033447265625,34.38999938964844,0.0,35.18000030517578,34.279998779296875,35.150001525878906,0.0,39052000
2023-08-03,34.17344665527344,34.869998931884766,0.0,35.029998779296875,34.130001068115234,34.290000915527344,0.0,24817900
2023-08-04,34.56195068359375,35.13999938964844,0.125,35.560001373291016,34.47999954223633,34.47999954223633,0.0,26674900
2023-08-07,34.65046691894531,35.22999954223633,0.0,35.54999923706055,34.75,35.40999984741211,0.0,22486900
2023-08-08,34.44392395019531,35.02000045776367,0.0,35.099998474121094,33.86000061035156,34.66999816894531,0.0,34753600
2023-08-09,33.716094970703125,34.279998779296875,0.0,35.099998474121094,34.22999954223633,35.0,0.0,28720200
2023-08-10,34.10951614379883,34.68000030517578,0.0,35.09000015258789,34.47999954223633,34.70000076293945,0.0,30957300
2023-08-11,34.31605911254883,34.88999938964844,0.0,34.95000076293945,34.36000061035156,34.459999084472656,0.0,28783700
2023-08-14,35.09306716918945,35.68000030517578,0.0,35.709999084472656,34.470001220703125,34.66999816894531,0.0,36896100
2023-08-15,34.19804000854492,34.77000045776367,0.0,35.630001068115234,34.75,35.40999984741211,0.0,27420300
2023-08-16,32.978431701660156,33.529998779296875,0.0,34.630001068115234,33.459999084472656,34.52000045776367,0.0,35757300
2023-08-17,32.044063568115234,32.58000183105469,0.0,33.59000015258789,32.349998474121094,33.560001373291016,0.0,39906700
2023-08-18,32.21126174926758,32.75,0.0,32.90999984741211,32.18000030517578,32.22999954223633,0.0,23701100
2023-08-21,32.5948486328125,33.13999938964844,0.0,33.16999816894531,32.02000045776367,32.599998474121094,0.0,43718200
2023-08-22,32.348960876464844,32.88999938964844,0.0,33.79999923706055,32.83000183105469,33.220001220703125,0.0,23425300
2023-08-23,33.4210319519043,33.97999954223633,0.0,34.150001525878906,32.79999923706055,32.880001068115234,0.0,32324300
2023-08-24,32.05389404296875,32.59000015258789,0.0,34.09000015258789,32.4900016784668,33.720001220703125,0.0,37931000
2023-08-25,32.70303726196289,33.25,0.0,33.400001525878906,32.349998474121094,32.529998779296875,0.0,27324800
2023-08-28,33.066951751708984,33.619998931884766,0.0,33.779998779296875,33.209999084472656,33.5,0.0,22341800
2023-08-29,33.74560546875,34.310001373291016,0.0,34.47999954223633,33.470001220703125,33.4900016784668,0.0,29943600
2023-08-30,33.96198654174805,34.529998779296875,0.0,34.65999984741211,33.779998779296875,34.060001373291016,0.0,26279200
2023-08-31,34.56195068359375,35.13999938964844,0.0,35.560001373291016,34.29999923706055,34.31999969482422,0.0,48157600
2023-09-01,36.00776672363281,36.61000061035156,0.0,36.75,35.72999954223633,35.790000915527344,0.0,43808500
2023-09-05,36.10612487792969,36.709999084472656,0.0,37.40999984741211,36.459999084472656,36.58000183105469,0.0,43379400
2023-09-06,36.37167739868164,36.97999954223633,0.0,37.040000915527344,36.029998779296875,36.560001373291016,0.0,39643400
2023-09-07,37.551944732666016,38.18000030517578,0.0,38.34000015258789,36.75,36.83000183105469,0.0,67659700
2023-09-08,37.384735107421875,38.0099983215332,0.0,38.83000183105469,37.709999084472656,38.119998931884766,0.0,44255200
2023-09-11,37.955196380615234,38.59000015258789,0.0,38.7400016784668,37.84000015258789,38.2400016784668,0.0,36349300
2023-09-12,38.22075653076172,38.86000061035156,0.0,40.06999969482422,38.650001525878906,38.650001525878906,0.0,55326600
2023-09-13,38.073219299316406,38.709999084472656,0.0,39.150001525878906,38.25,38.79999923706055,0.0,35407800
2023-09-14,38.03387451171875,38.66999816894531,0.0,38.900001525878906,38.29999923706055,38.810001373291016,0.0,30616500
2023-09-15,37.256874084472656,37.880001068115234,0.0,38.52000045776367,37.619998931884766,38.41999816894531,0.0,68881200
2023-09-18,37.36506652832031,37.9900016784668,0.0,38.38999938964844,37.5099983215332,37.619998931884766,0.0,29322200
2023-09-19,35.742210388183594,36.34000015258789,0.0,38.099998474121094,36.02000045776367,38.040000915527344,0.0,53288100
2023-09-20,34.11935043334961,34.689998626708984,0.0,36.25,34.630001068115234,36.220001220703125,0.0,57660800
2023-09-21,34.08000946044922,34.650001525878906,0.0,35.25,34.459999084472656,34.56999969482422,0.0,45240600
2023-09-22,33.61774444580078,34.18000030517578,0.0,34.88999938964844,34.13999938964844,34.810001373291016,0.0,29232700
2023-09-25,33.72593307495117,34.290000915527344,0.0,34.369998931884766,33.77000045776367,34.0,0.0,21729400
2023-09-26,33.273502349853516,33.83000183105469,0.0,34.779998779296875,33.63999938964844,34.13999938964844,0.0,34198300
2023-09-27,34.040672302246094,34.61000061035156,0.0,34.83000183105469,33.880001068115234,33.91999816894531,0.0,44369100
2023-09-28,34.60129165649414,35.18000030517578,0.0,35.65999984741211,34.380001068115234,34.650001525878906,0.0,32265300
2023-09-29,34.96520233154297,35.54999923706055,0.0,35.90999984741211,35.15999984741211,35.650001525878906,0.0,28763700
2023-10-02,34.87668228149414,35.459999084472656,0.0,35.97999954223633,34.97999954223633,35.61000061035156,0.0,26086200
2023-10-03,35.10289764404297,35.689998626708984,0.0,36.540000915527344,35.27000045776367,35.27000045776367,0.0,45292600
2023-10-04,35.33895492553711,35.93000030517578,0.0,36.52000045776367,35.33000183105469,36.52000045776367,0.0,39842200
2023-10-05,35.29960632324219,35.88999938964844,0.0,36.099998474121094,35.599998474121094,35.970001220703125,0.0,25771200
2023-10-06,35.59467697143555,36.189998626708984,0.0,36.459999084472656,35.18000030517578,35.869998931884766,0.0,33262200
2023-10-09,35.466819763183594,36.060001373291016,0.0,36.16999816894531,35.5,35.70000076293945,0.0,19376100
2023-10-10,35.83073043823242,36.43000030517578,0.0,36.7400016784668,35.810001373291016,36.13999938964844,0.0,24044100
2023-10-11,36.27332305908203,36.880001068115234,0.0,37.029998779296875,36.380001068115234,36.619998931884766,0.0,19262600
2023-10-12,36.23398208618164,36.84000015258789,0.0,37.220001220703125,36.38999938964844,36.79999923706055,0.0,23639200
2023-10-13,35.3782958984375,35.970001220703125,0.0,36.790000915527344,35.86000061035156,36.7400016784668,0.0,28390100
2023-10-16,35.958595275878906,36.560001373291016,0.0,36.939998626708984,36.08000183105469,36.13999938964844,0.0,29555800
2023-10-17,35.466819763183594,36.060001373291016,0.0,36.349998474121094,35.06999969482422,35.91999816894531,0.0,24993600
2023-10-18,35.0537223815918,35.63999938964844,0.0,36.02000045776367,35.45000076293945,35.52000045776367,0.0,22086000
2023-10-19,35.083229064941406,35.66999816894531,0.0,36.36000061035156,35.52000045776367,35.959999084472656,0.0,29201800
2023-10-20,34.34556579589844,34.91999816894531,0.0,36.279998779296875,34.869998931884766,35.650001525878906,0.0,32303300
2023-10-23,33.29317092895508,33.849998474121094,0.0,35.189998626708984,33.38999938964844,34.599998474121094,0.0,53924700
2023-10-24,34.020999908447266,34.59000015258789,0.0,34.709999084472656,33.63999938964844,33.63999938964844,0.0,52673900
2023-10-25,32.289947509765625,32.83000183105469,0.0,34.45000076293945,32.54999923706055,34.18000030517578,0.0,44658500
2023-10-26,31.985050201416016,32.52000045776367,0.0,33.220001220703125,32.150001525878906,32.88999938964844,0.0,59142500
2023-10-27,34.95536804199219,35.540000915527344,0.0,36.380001068115234,34.599998474121094,34.65999984741211,0.0,84128200
2023-10-30,35.10289764404297,35.689998626708984,0.0,35.959999084472656,34.91999816894531,35.470001220703125,0.0,36656300
2023-10-31,35.899574279785156,36.5,0.0,36.56999969482422,35.619998931884766,35.65999984741211,0.0,41185200
2023-11-01,36.67658233642578,37.290000915527344,0.0,37.31999969482422,36.279998779296875,36.5,0.0,41710700
2023-11-02,37.079837799072266,37.70000076293945,0.0,37.81999969482422,36.90999984741211,37.58000183105469,0.0,35440000
2023-11-03,37.512596130371094,38.13999938964844,0.0,38.31999969482422,37.66999816894531,38.0,0.0,30502700
2023-11-06,37.44845962524414,37.95000076293945,0.125,38.20000076293945,37.849998474121094,38.02000045776367,0.0,23877200
2023-11-07,38.25762176513672,38.77000045776367,0.0,38.900001525878906,37.97999954223633,38.2400016784668,0.0,32052000
2023-11-08,37.418853759765625,37.91999816894531,0.0,38.88999938964844,37.75,38.849998474121094,0.0,33483400
2023-11-09,37.30044174194336,37.79999923706055,0.0,38.52000045776367,37.77000045776367,38.04999923706055,0.0,48955800
2023-11-10,38.346431732177734,38.86000061035156,0.0,38.9900016784668,38.2400016784668,38.2400016784668,0.0,38862500
2023-11-13,37.72475814819336,38.22999954223633,0.0,38.56999969482422,38.13999938964844,38.349998474121094,0.0,24558300
2023-11-14,38.889163970947266,39.40999984741211,0.0,39.4900016784668,38.06999969482422,38.79999923706055,0.0,45457400
2023-11-15,40.07330322265625,40.61000061035156,0.0,40.84000015258789,39.58000183105469,39.59000015258789,0.0,47392100
2023-11-16,42.77709197998047,43.349998474121094,0.0,43.400001525878906,40.81999969482422,41.0,0.0,86405700
2023-11-17,43.23101806640625,43.810001373291016,0.0,43.810001373291016,42.560001373291016,42.90999984741211,0.0,49735000
2023-11-20,44.14872360229492,44.7400016784668,0.0,44.93000030517578,43.779998779296875,43.779998779296875,0.0,44564900
2023-11-21,43.063262939453125,43.63999938964844,0.0,44.65999984741211,43.29999923706055,44.5,0.0,37252100
2023-11-22,43.09286117553711,43.66999816894531,0.0,44.630001068115234,43.540000915527344,44.029998779296875,0.0,31481200
2023-11-24,43.3790283203125,43.959999084472656,0.0,44.0,43.61000061035156,43.68000030517578,0.0,13037100
2023-11-27,43.4974479675293,44.08000183105469,0.0,44.54999923706055,43.650001525878906,43.650001525878906,0.0,33339900
2023-11-28,43.64546203613281,44.22999954223633,0.0,44.380001068115234,43.65999984741211,43.689998626708984,0.0,24548900
2023-11-29,44.34607696533203,44.939998626708984,0.0,45.34000015258789,44.599998474121094,44.599998474121094,0.0,38982000
2023-11-30,44.1092529296875,44.70000076293945,0.0,45.09000015258789,44.40999984741211,44.650001525878906,0.0,46263000
2023-12-01,43.16194152832031,43.7400016784668,0.0,44.36000061035156,42.86000061035156,44.36000061035156,0.0,43928400
2023-12-04,41.79030990600586,42.349998474121094,0.0,43.310001373291016,41.689998626708984,43.29999923706055,0.0,50417600
2023-12-05,41.365989685058594,41.91999816894531,0.0,42.290000915527344,41.61000061035156,41.90999984741211,0.0,31859300
2023-12-06,40.72458267211914,41.27000045776367,0.0,42.59000015258789,41.16999816894531,42.47999954223633,0.0,31992300
2023-12-07,41.59295654296875,42.150001525878906,0.0,42.439998626708984,41.18000030517578,41.75,0.0,29118700
2023-12-08,42.13568878173828,42.70000076293945,0.0,42.959999084472656,41.810001373291016,41.84000015258789,0.0,42815000
2023-12-11,43.95136260986328,44.540000915527344,0.0,44.72999954223633,43.08000183105469,43.15999984741211,0.0,48288200
2023-12-12,43.45797348022461,44.040000915527344,0.0,44.439998626708984,43.630001068115234,44.36000061035156,0.0,31452200
2023-12-13,43.98097229003906,44.56999969482422,0.0,44.720001220703125,43.33000183105469,44.08000183105469,0.0,35216100
2023-12-14,44.582908630371094,45.18000030517578,0.0,47.06999969482422,44.650001525878906,45.0099983215332,0.0,70620800
2023-12-15,45.54995346069336,46.15999984741211,0.0,47.27000045776367,45.66999816894531,45.939998626708984,0.0,84583400
2023-12-18,45.08616638183594,45.689998626708984,0.0,46.22999954223633,45.400001525878906,46.150001525878906,0.0,27895700
2023-12-19,46.0433464050293,46.65999984741211,0.0,46.68000030517578,45.5099983215332,45.599998474121094,0.0,35358800
2023-12-20,45.155242919921875,45.7599983215332,0.0,46.95000076293945,45.70000076293945,46.63999938964844,0.0,38159100
2023-12-21,46.45779800415039,47.08000183105469,0.0,47.119998931884766,46.02000045776367,46.47999954223633,0.0,28320500
2023-12-22,47.365638732910156,48.0,0.0,48.15999984741211,47.20000076293945,47.25,0.0,30095700
2023-12-26,49.83259963989258,50.5,0.0,50.52000045776367,48.709999084472656,48.91999816894531,0.0,60287400
2023-12-27,50.08916091918945,50.7599983215332,0.0,51.279998779296875,50.189998626708984,50.630001068115234,0.0,52148000
2023-12-28,49.724056243896484,50.38999938964844,0.0,50.869998931884766,50.15999984741211,50.810001373291016,0.0,27705200
2023-12-29,49.58590316772461,50.25,0.0,50.56999969482422,49.77000045776367,50.29999923706055,0.0,29288700
2024-01-02,47.16828155517578,47.79999923706055,0.0,49.380001068115234,47.45000076293945,49.20000076293945,0.0,45905700
2024-01-03,46.42819595336914,47.04999923706055,0.0,47.810001373291016,46.79999923706055,47.099998474121094,0.0,35858400
2024-01-04,46.25057601928711,46.869998931884766,0.0,47.15999984741211,45.2400016784668,45.720001220703125,0.0,47797800
2024-01-05,46.27030944824219,46.88999938964844,0.0,47.83000183105469,46.63999938964844,47.029998779296875,0.0,34344000
2024-01-08,47.809696197509766,48.45000076293945,0.0,48.7599983215332,46.970001220703125,47.06999969482422,0.0,42135100
2024-01-09,47.41497802734375,48.04999923706055,0.0,48.560001373291016,47.79999923706055,48.0099983215332,0.0,30097000
2024-01-10,46.84264373779297,47.470001220703125,0.0,48.29999923706055,46.939998626708984,48.2400016784668,0.0,31480200
2024-01-11,47.010398864746094,47.63999938964844,0.0,47.84000015258789,46.72999954223633,47.439998626708984,0.0,31707900
2024-01-12,46.49726486206055,47.119998931884766,0.0,47.66999816894531,46.61000061035156,47.599998474121094,0.0,27587900
2024-01-16,46.43806457519531,47.060001373291016,0.0,47.220001220703125,46.380001068115234,46.97999954223633,0.0,43720700
2024-01-17,45.4512825012207,46.060001373291016,0.0,46.41999816894531,45.650001525878906,46.41999816894531,0.0,33488000
2024-01-18,46.122291564941406,46.7400016784668,0.0,47.56999969482422,46.16999816894531,47.029998779296875,0.0,46681300
2024-01-19,47.51365661621094,48.150001525878906,0.0,48.7599983215332,46.439998626708984,47.0,0.0,55979800
2024-01-22,47.582733154296875,48.220001220703125,0.0,49.16999816894531,47.63999938964844,48.849998474121094,0.0,45639500
2024-01-23,48.243873596191406,48.88999938964844,0.0,48.939998626708984,47.31999969482422,48.119998931884766,0.0,37224100
2024-01-24,48.44123077392578,49.09000015258789,0.0,49.77000045776367,48.27000045776367,49.16999816894531,0.0,49375800
2024-01-25,48.89515686035156,49.54999923706055,0.0,50.29999923706055,48.970001220703125,50.0,0.0,84845100
2024-01-26,43.07312774658203,43.650001525878906,0.0,45.40999984741211,43.349998474121094,44.18000030517578,0.0,127665300
2024-01-29,43.2606201171875,43.84000015258789,0.0,43.9900016784668,42.810001373291016,43.709999084472656,0.0,51790900
2024-01-30,42.35277557373047,42.91999816894531,0.0,43.81999969482422,42.88999938964844,43.66999816894531,0.0,47958800
2024-01-31,42.51066207885742,43.08000183105469,0.0,43.790000915527344,42.36000061035156,42.56999969482422,0.0,51584200
2024-02-01,42.78696060180664,43.36000061035156,0.0,43.56999969482422,42.4900016784668,43.150001525878906,0.0,38819900
2024-02-02,42.03700256347656,42.599998474121094,0.0,43.13999938964844,41.599998474121094,43.0,0.0,53683500
2024-02-05,42.20475387573242,42.77000045776367,0.0,43.150001525878906,42.43000030517578,42.619998931884766,0.0,28890300
2024-02-06,42.29877853393555,42.7400016784668,0.125,42.779998779296875,42.13999938964844,42.70000076293945,0.0,34068200
2024-02-07,42.33836364746094,42.779998779296875,0.0,43.099998474121094,42.54999923706055,42.88999938964844,0.0,34269200
2024-02-08,42.061256408691406,42.5,0.0,42.970001220703125,42.33000183105469,42.720001220703125,0.0,33206500
2024-02-09,42.86289596557617,43.310001373291016,0.0,43.52000045776367,42.400001525878906,42.54999923706055,0.0,51193000
2024-02-12,43.57545852661133,44.029998779296875,0.0,45.040000915527344,43.31999969482422,43.38999938964844,0.0,51107300
2024-02-13,42.71444320678711,43.15999984741211,0.0,43.630001068115234,42.7599983215332,43.0,0.0,36622200
2024-02-14,43.73380661010742,44.189998626708984,0.0,44.290000915527344,43.38999938964844,43.81999969482422,0.0,36186200
2024-02-15,43.595252990722656,44.04999923706055,0.0,45.27000045776367,44.02000045776367,44.7599983215332,0.0,44024500
2024-02-16,43.060829162597656,43.5099983215332,0.0,44.220001220703125,43.119998931884766,44.029998779296875,0.0,29975300
2024-02-20,44.060401916503906,44.52000045776367,0.0,45.16999816894531,43.41999816894531,44.2599983215332,0.0,61514100
2024-02-21,43.021240234375,43.470001220703125,0.0,44.689998626708984,43.08000183105469,44.47999954223633,0.0,57485200
2024-02-22,42.53630065917969,42.97999954223633,0.0,44.68000030517578,42.529998779296875,44.68000030517578,0.0,62809300
2024-02-23,42.54619598388672,42.9900016784668,0.0,43.5099983215332,42.65999984741211,43.130001068115234,0.0,33810700
2024-02-26,42.54619598388672,42.9900016784668,0.0,43.68000030517578,42.81999969482422,43.5,0.0,27035400
2024-02-27,42.28887939453125,42.72999954223633,0.0,43.27000045776367,42.5099983215332,43.25,0.0,25126400
2024-02-28,41.556522369384766,41.9900016784668,0.0,42.45000076293945,41.90999984741211,42.439998626708984,0.0,26928500
2024-02-29,42.60557556152344,43.04999923706055,0.0,43.150001525878906,42.36000061035156,42.369998931884766,0.0,48875100
2024-03-01,43.36762619018555,43.81999969482422,0.0,44.27000045776367,43.130001068115234,43.40999984741211,0.0,41426100
2024-03-04,45.1391487121582,45.61000061035156,0.0,46.61000061035156,43.849998474121094,44.27000045776367,0.0,59990800
2024-03-05,42.71444320678711,43.15999984741211,0.0,44.869998931884766,42.689998626708984,44.560001373291016,0.0,56655100
2024-03-06,44.05050277709961,44.5099983215332,0.0,45.5099983215332,43.560001373291016,43.93000030517578,0.0,52652000
2024-03-07,45.67357635498047,46.150001525878906,0.0,46.41999816894531,45.18000030517578,45.54999923706055,0.0,50378200
2024-03-08,43.54576873779297,44.0,0.0,46.630001068115234,44.0,46.439998626708984,0.0,54916600
2024-03-11,44.39689254760742,44.86000061035156,0.0,44.93000030517578,43.65999984741211,43.869998931884766,0.0,35051000
2024-03-12,44.77296829223633,45.2400016784668,0.0,45.27000045776367,44.459999084472656,45.060001373291016,0.0,31795800
2024-03-13,42.78371810913086,43.22999954223633,0.0,44.97999954223633,43.20000076293945,44.5099983215332,0.0,53195900
2024-03-14,42.30867385864258,42.75,0.0,43.349998474121094,42.5099983215332,43.22999954223633,0.0,38100000
2024-03-15,42.199806213378906,42.63999938964844,0.0,43.150001525878906,42.349998474121094,42.45000076293945,0.0,66952900
2024-03-18,42.26908493041992,42.709999084472656,0.0,43.380001068115234,42.599998474121094,43.09000015258789,0.0,27668300
2024-03-19,41.61589813232422,42.04999923706055,0.0,42.290000915527344,41.439998626708984,42.25,0.0,34673000
2024-03-20,41.76435470581055,42.20000076293945,0.0,43.0099983215332,41.40999984741211,42.9900016784668,0.0,74865000
2024-03-21,41.98208236694336,42.41999816894531,0.0,43.599998474121094,42.31999969482422,42.9900016784668,0.0,50807600
2024-03-22,42.13053512573242,42.56999969482422,0.0,42.79999923706055,42.09000015258789,42.25,0.0,28503100
2024-03-25,41.39817428588867,41.83000183105469,0.0,42.220001220703125,40.56999969482422,40.88999938964844,0.0,47276500
2024-03-26,41.556522369384766,41.9900016784668,0.0,42.27000045776367,41.65999984741211,41.95000076293945,0.0,39109700
2024-03-27,43.318145751953125,43.77000045776367,0.0,43.83000183105469,42.5,42.540000915527344,0.0,51017800
2024-03-28,43.714012145996094,44.16999816894531,0.0,44.599998474121094,43.709999084472656,43.7599983215332,0.0,54204200
2024-04-01,44.060401916503906,44.52000045776367,0.0,45.40999984741211,44.18000030517578,44.290000915527344,0.0,31712600
2024-04-02,43.48638916015625,43.939998626708984,0.0,44.08000183105469,43.5,43.93000030517578,0.0,32748400
2024-04-03,39.913658142089844,40.33000183105469,0.0,41.650001525878906,40.220001220703125,41.400001525878906,0.0,83718000
2024-04-04,39.31985092163086,39.72999954223633,0.0,40.779998779296875,39.70000076293945,40.59000015258789,0.0,57307200
2024-04-05,38.31037902832031,38.709999084472656,0.0,39.459999084472656,38.5099983215332,39.349998474121094,0.0,67263000
2024-04-08,37.58791732788086,37.97999954223633,0.0,38.86000061035156,37.90999984741211,38.63999938964844,0.0,56967800
2024-04-09,37.93430709838867,38.33000183105469,0.0,38.58000183105469,37.33000183105469,38.04999923706055,0.0,78671700
2024-04-10,36.81596755981445,37.20000076293945,0.0,38.220001220703125,37.02000045776367,38.02000045776367,0.0,51108400
2024-04-11,37.24153137207031,37.630001068115234,0.0,37.66999816894531,37.08000183105469,37.43000030517578,0.0,41909100
2024-04-12,35.321556091308594,35.689998626708984,0.0,36.70000076293945,35.599998474121094,36.689998626708984,0.0,80254800
2024-04-15,35.935157775878906,36.310001373291016,0.0,36.70000076293945,35.88999938964844,36.040000915527344,0.0,50751600
2024-04-16,35.88566970825195,36.2599983215332,0.0,36.5099983215332,35.7599983215332,36.27000045776367,0.0,30607500
2024-04-17,35.31166076660156,35.68000030517578,0.0,36.130001068115234,35.369998931884766,36.099998474121094,0.0,41173300
2024-04-18,34.67826843261719,35.040000915527344,0.0,35.65999984741211,34.77000045776367,35.41999816894531,0.0,42334400
2024-04-19,33.84694290161133,34.20000076293945,0.0,35.130001068115234,34.18000030517578,35.130001068115234,0.0,59070300
2024-04-22,34.054771423339844,34.40999984741211,0.0,34.56999969482422,34.08000183105469,34.41999816894531,0.0,39909900
2024-04-23,33.92611312866211,34.279998779296875,0.0,34.599998474121094,34.18000030517578,34.34000015258789,0.0,46834000
2024-04-24,34.14384078979492,34.5,0.0,35.18000030517578,34.34000015258789,34.86000061035156,0.0,53261100
2024-04-25,34.74754333496094,35.11000061035156,0.0,35.29999923706055,34.5,34.560001373291016,0.0,66549400
2024-04-26,31.55088996887207,31.8799991607666,0.0,32.2400016784668,30.639999389648438,31.780000686645508,0.0,119742500
2024-04-29,31.036256790161133,31.360000610351562,0.0,31.90999984741211,31.06999969482422,31.860000610351562,0.0,58533300
2024-04-30,30.155445098876953,30.469999313354492,0.0,31.18000030517578,30.420000076293945,31.040000915527344,0.0,72346400
2024-05-01,30.05647850036621,30.3700008392334,0.0,31.040000915527344,30.020000457763672,30.170000076293945,0.0,60654800
2024-05-02,30.195032119750977,30.510000228881836,0.0,30.670000076293945,30.190000534057617,30.59000015258789,0.0,50899400
2024-05-03,30.58100700378418,30.899999618530273,0.0,31.059999465942383,30.700000762939453,30.979999542236328,0.0,36794800
2024-05-06,30.774776458740234,30.969999313354492,0.125,31.200000762939453,30.729999542236328,31.1200008392334,0.0,36185600
2024-05-07,30.486604690551758,30.68000030517578,0.0,31.450000762939453,30.610000610351562,31.09000015258789,0.0,44683400
2024-05-08,29.81089210510254,30.0,0.0,30.149999618530273,29.729999542236328,30.0,0.0,63734600
2024-05-09,29.90032386779785,30.09000015258789,0.0,30.389999389648438,29.809999465942383,29.93000030517578,0.0,45003400
2024-05-10,29.66183853149414,29.850000381469727,0.0,30.459999084472656,29.84000015258789,30.329999923706055,0.0,42931300
2024-05-13,30.317676544189453,30.510000228881836,0.0,31.1299991607666,30.0,30.030000686645508,0.0,51459100
2024-05-14,30.854272842407227,31.049999237060547,0.0,31.110000610351562,30.610000610351562,30.6200008392334,0.0,47759900
2024-05-15,31.072887420654297,31.270000457763672,0.0,31.399999618530273,30.809999465942383,31.3799991607666,0.0,36992900
2024-05-16,31.828094482421875,32.029998779296875,0.0,32.2599983215332,31.520000457763672,31.6299991607666,0.0,47752800
2024-05-17,31.629356384277344,31.829999923706055,0.0,32.11000061035156,31.59000015258789,32.060001373291016,0.0,41449800
2024-05-20,31.897653579711914,32.099998474121094,0.0,32.41999816894531,31.760000228881836,31.850000381469727,0.0,31989000
2024-05-21,31.5399227142334,31.739999771118164,0.0,32.2400016784668,31.6200008392334,31.979999542236328,0.0,42975400
2024-05-22,31.221940994262695,31.420000076293945,0.0,32.06999969482422,31.100000381469727,31.90999984741211,0.0,36706400
2024-05-23,29.8903865814209,30.079999923706055,0.0,31.56999969482422,29.8700008392334,31.450000762939453,0.0,62014500
2024-05-24,30.526351928710938,30.719999313354492,0.0,31.020000457763672,30.1299991607666,30.290000915527344,0.0,42434500
2024-05-28,30.86421012878418,31.059999465942383,0.0,31.3700008392334,30.65999984741211,30.940000534057617,0.0,36799100
2024-05-29,29.94007110595703,30.1299991607666,0.0,30.670000076293945,30.110000610351562,30.469999313354492,0.0,35848600
2024-05-30,29.99969482421875,30.190000534057617,0.0,30.5,30.059999465942383,30.209999084472656,0.0,33351000
2024-05-31,30.655534744262695,30.850000381469727,0.0,30.959999084472656,29.940000534057617,30.219999313354492,0.0,95797500
2024-06-03,30.099063873291016,30.290000915527344,0.0,31.06999969482422,30.049999237060547,31.030000686645508,0.0,35544900
2024-06-04,29.8407039642334,30.030000686645508,0.0,30.75,29.940000534057617,30.75,0.0,51027200
2024-06-05,30.585975646972656,30.780000686645508,0.0,30.84000015258789,30.010000228881836,30.270000457763672,0.0,44161700
2024-06-06,30.22824478149414,30.420000076293945,0.0,30.59000015258789,30.15999984741211,30.549999237060547,0.0,34248100
2024-06-07,30.546226501464844,30.739999771118164,0.0,30.780000686645508,30.209999084472656,30.25,0.0,34085500
2024-06-10,30.71515464782715,30.90999984741211,0.0,30.950000762939453,30.290000915527344,30.549999237060547,0.0,37396500
2024-06-11,30.7250919342041,30.920000076293945,0.0,31.030000686645508,30.530000686645508,30.770000457763672,0.0,25326900
2024-06-12,30.56610107421875,30.760000228881836,0.0,31.479999542236328,30.389999389648438,31.459999084472656,0.0,51323900
2024-06-13,30.26799201965332,30.459999084472656,0.0,30.579999923706055,30.139999389648438,30.3799991607666,0.0,33787200
2024-06-14,30.258056640625,30.450000762939453,0.0,30.559999465942383,30.209999084472656,30.290000915527344,0.0,28125900
2024-06-17,30.784713745117188,30.979999542236328,0.0,31.0,30.18000030517578,30.34000015258789,0.0,36235300
2024-06-18,30.436920166015625,30.6299991607666,0.0,31.469999313354492,30.5,30.989999771118164,0.0,33294700
2024-06-20,30.426984786987305,30.6200008392334,0.0,31.110000610351562,30.450000762939453,30.559999465942383,0.0,43826300
2024-06-21,30.894020080566406,31.09000015258789,0.0,31.360000610351562,30.670000076293945,30.850000381469727,0.0,90795200
2024-06-24,30.37729835510254,30.56999969482422,0.0,31.420000076293945,30.530000686645508,31.139999389648438,0.0,40611800
2024-06-25,30.546226501464844,30.739999771118164,0.0,30.829999923706055,30.290000915527344,30.700000762939453,0.0,29323600
2024-06-26,30.347488403320312,30.540000915527344,0.0,30.68000030517578,30.270000457763672,30.639999389648438,0.0,30743000
2024-06-27,30.397172927856445,30.59000015258789,0.0,30.65999984741211,30.290000915527344,30.420000076293945,0.0,30184300
2024-06-28,30.774776458740234,30.969999313354492,0.0,31.309999465942383,30.719999313354492,30.75,0.0,41467700
2024-07-01,30.645597457885742,30.84000015258789,0.0,31.020000457763672,30.610000610351562,30.90999984741211,0.0,32401800
2024-07-02,30.874147415161133,31.06999969482422,0.0,31.309999465942383,30.59000015258789,30.860000610351562,0.0,35999300
2024-07-03,31.033138275146484,31.229999542236328,0.0,31.34000015258789,30.90999984741211,31.1200008392334,0.0,24065700
2024-07-05,31.818159103393555,32.02000045776367,0.0,32.34000015258789,31.309999465942383,31.399999618530273,0.0,45309400
2024-07-08,33.77574157714844,33.9900016784668,0.0,34.09000015258789,32.81999969482422,33.029998779296875,0.0,82315900
2024-07-09,34.3719596862793,34.59000015258789,0.0,35.220001220703125,33.720001220703125,35.02000045776367,0.0,97546900
2024-07-10,34.65019226074219,34.869998931884766,0.0,34.970001220703125,34.130001068115234,34.439998626708984,0.0,52256200
2024-07-11,33.2888298034668,33.5,0.0,35.150001525878906,33.310001373291016,35.029998779296875,0.0,55213700
2024-07-12,34.27259063720703,34.4900016784668,0.0,35.47999954223633,33.77000045776367,33.77000045776367,0.0,62792600
2024-07-15,34.242774963378906,34.459999084472656,0.0,35.22999954223633,34.310001373291016,34.70000076293945,0.0,39847900
2024-07-16,34.12353515625,34.34000015258789,0.0,34.45000076293945,33.84000015258789,34.36000061035156,0.0,28409900
2024-07-17,34.242774963378906,34.459999084472656,0.0,37.15999984741211,34.400001525878906,36.08000183105469,0.0,112304200
2024-07-18,34.65019226074219,34.869998931884766,0.0,36.29999923706055,34.529998779296875,34.959999084472656,0.0,84188600
2024-07-19,32.7721061706543,32.97999954223633,0.0,34.58000183105469,32.849998474121094,34.56999969482422,0.0,69628700
2024-07-22,33.15964889526367,33.369998931884766,0.0,33.40999984741211,32.7599983215332,33.279998779296875,0.0,48503700
2024-07-23,32.7422981262207,32.95000076293945,0.0,33.22999954223633,32.83000183105469,32.959999084472656,0.0,29466400
2024-07-24,31.50017547607422,31.700000762939453,0.0,32.79999923706055,31.65999984741211,32.529998779296875,0.0,62216700
2024-07-25,30.90395736694336,31.100000381469727,0.0,31.989999771118164,30.950000762939453,31.3700008392334,0.0,49774000
2024-07-26,31.152381896972656,31.350000381469727,0.0,31.559999465942383,31.020000457763672,31.43000030517578,0.0,38352500
2024-07-29,30.63566017150879,30.829999923706055,0.0,31.469999313354492,30.790000915527344,31.420000076293945,0.0,32342200
2024-07-30,29.94007110595703,30.1299991607666,0.0,30.90999984741211,30.010000228881836,30.850000381469727,0.0,48256600
2024-07-31,30.546226501464844,30.739999771118164,0.0,30.8700008392334,30.280000686645508,30.540000915527344,0.0,56110600
2024-08-01,28.866878509521484,29.049999237060547,0.0,30.709999084472656,28.889999389648438,30.43000030517578,0.0,107672500
2024-08-02,21.3445987701416,21.479999542236328,0.0,21.979999542236328,20.420000076293945,21.940000534057617,0.0,300895900
2024-08-05,19.983234405517578,20.110000610351562,0.0,20.389999389648438,19.290000915527344,20.200000762939453,0.0,147385700
2024-08-06,19.704999923706055,19.829999923706055,0.0,20.6299991607666,19.75,20.31999969482422,0.0,106670400
2024-08-07,18.989999771118164,18.989999771118164,0.125,20.25,18.950000762939453,19.920000076293945,0.0,97972300
2024-08-08,20.489999771118164,20.489999771118164,0.0,20.549999237060547,18.84000015258789,19.100000381469727,0.0,96836800
2024-08-09,19.709999084472656,19.709999084472656,0.0,20.149999618530273,19.5,20.079999923706055,0.0,76394500
2024-08-12,19.360000610351562,19.360000610351562,0.0,19.969999313354492,19.0,19.8700008392334,0.0,54677600
2024-08-13,20.469999313354492,20.469999313354492,0.0,20.479999542236328,19.469999313354492,19.479999542236328,0.0,77511300
2024-08-14,19.920000076293945,19.920000076293945,0.0,20.5,19.790000915527344,20.489999771118164,0.0,56758200
2024-08-15,20.690000534057617,20.690000534057617,0.0,21.059999465942383,20.229999542236328,20.31999969482422,0.0,84814900
2024-08-16,20.8700008392334,20.8700008392334,0.0,20.899999618530273,20.40999984741211,20.530000686645508,0.0,48582700
2024-08-19,21.520000457763672,21.520000457763672,0.0,21.860000610351562,20.84000015258789,20.889999389648438,0.0,65956300
2024-08-20,20.989999771118164,20.989999771118164,0.0,21.229999542236328,20.81999969482422,21.209999084472656,0.0,84161300
2024-08-21,21.40999984741211,21.40999984741211,0.0,21.440000534057617,21.06999969482422,21.06999969482422,0.0,57028900
2024-08-22,20.100000381469727,20.100000381469727,0.0,21.399999618530273,20.040000915527344,21.389999389648438,0.0,81444700
2024-08-23,20.540000915527344,20.540000915527344,0.0,20.93000030517578,20.260000228881836,20.31999969482422,0.0,73398400
2024-08-26,20.1299991607666,20.1299991607666,0.0,20.559999465942383,19.950000762939453,20.530000686645508,0.0,58534800
2024-08-27,20.06999969482422,20.06999969482422,0.0,20.260000228881836,19.84000015258789,20.1299991607666,0.0,43862000
2024-08-28,19.610000610351562,19.610000610351562,0.0,20.110000610351562,19.510000228881836,19.979999542236328,0.0,50144900
2024-08-29,20.1299991607666,20.1299991607666,0.0,20.600000381469727,19.75,19.760000228881836,0.0,64529700
2024-08-30,22.040000915527344,22.040000915527344,0.0,22.1200008392334,21.0,21.25,0.0,177785400
2024-09-03,20.100000381469727,20.100000381469727,0.0,21.690000534057617,19.989999771118164,21.540000915527344,0.0,115305500
2024-09-04,19.43000030517578,19.43000030517578,0.0,20.049999237060547,19.280000686645508,19.760000228881836,0.0,85871900
2024-09-05,19.399999618530273,19.399999618530273,0.0,19.899999618530273,19.239999771118164,19.280000686645508,0.0,65388800
2024-09-06,18.889999389648438,18.889999389648438,0.0,19.489999771118164,18.639999389648438,19.440000534057617,0.0,92686500
2024-09-09,19.06999969482422,19.06999969482422,0.0,19.540000915527344,18.950000762939453,19.0,0.0,64244100
2024-09-10,18.979999542236328,18.979999542236328,0.0,19.110000610351562,18.510000228881836,19.030000686645508,0.0,55621300
2024-09-11,19.639999389648438,19.639999389648438,0.0,19.690000534057617,18.520000457763672,19.010000228881836,0.0,71403100
2024-09-12,19.360000610351562,19.360000610351562,0.0,19.540000915527344,19.040000915527344,19.43000030517578,0.0,51520600
2024-09-13,19.65999984741211,19.65999984741211,0.0,19.799999237060547,19.489999771118164,19.489999771118164,0.0,44236300
2024-09-16,20.90999984741211,20.90999984741211,0.0,21.06999969482422,19.760000228881836,20.030000686645508,0.0,149337000
2024-09-17,21.469999313354492,21.469999313354492,0.0,22.579999923706055,21.239999771118164,21.709999084472656,0.0,196249800
2024-09-18,20.770000457763672,20.770000457763672,0.0,21.739999771118164,20.719999313354492,21.360000610351562,0.0,118727900
2024-09-19,21.139999389648438,21.139999389648438,0.0,21.690000534057617,21.030000686645508,21.280000686645508,0.0,99829200
2024-09-20,21.84000015258789,21.84000015258789,0.0,23.139999389648438,20.350000381469727,20.889999389648438,0.0,260377900
2024-09-23,22.559999465942383,22.559999465942383,0.0,22.81999969482422,22.030000686645508,22.43000030517578,0.0,184439100
2024-09-24,22.809999465942383,22.809999465942383,0.0,23.110000610351562,22.290000915527344,22.530000686645508,0.0,113082500
2024-09-25,23.540000915527344,23.540000915527344,0.0,24.059999465942383,22.729999542236328,22.799999237060547,0.0,117013400
2024-09-26,23.920000076293945,23.920000076293945,0.0,24.420000076293945,23.25,24.280000686645508,0.0,95416900
2024-09-27,23.90999984741211,23.90999984741211,0.0,24.65999984741211,23.700000762939453,24.15999984741211,0.0,85883300
2024-09-30,23.459999084472656,23.459999084472656,0.0,23.950000762939453,23.09000015258789,23.739999771118164,0.0,66308200
2024-10-01,22.690000534057617,22.690000534057617,0.0,23.719999313354492,22.260000228881836,23.459999084472656,0.0,86344400
2024-10-02,22.389999389648438,22.389999389648438,0.0,23.06999969482422,22.350000381469727,22.670000076293945,0.0,59033900
2024-10-03,22.260000228881836,22.260000228881836,0.0,22.729999542236328,21.649999618530273,22.139999389648438,0.0,49565900
2024-10-04,22.59000015258789,22.59000015258789,0.0,22.90999984741211,22.299999237060547,22.700000762939453,0.0,49845500
2024-10-07,22.3799991607666,22.3799991607666,0.0,22.649999618530273,22.020000457763672,22.399999618530273,0.0,54928700
2024-10-08,23.31999969482422,23.31999969482422,0.0,23.420000076293945,22.049999237060547,22.25,0.0,58650500
2024-10-09,23.459999084472656,23.459999084472656,0.0,23.479999542236328,23.059999465942383,23.25,0.0,44759000
2024-10-10,23.219999313354492,23.219999313354492,0.0,23.530000686645508,22.959999084472656,23.190000534057617,0.0,44874600
2024-10-11,23.559999465942383,23.559999465942383,0.0,23.81999969482422,22.979999542236328,23.049999237060547,0.0,43585300
2024-10-14,23.440000534057617,23.440000534057617,0.0,23.770000457763672,23.270000457763672,23.579999923706055,0.0,35403600
2024-10-15,22.65999984741211,22.65999984741211,0.0,23.719999313354492,22.469999313354492,23.40999984741211,0.0,68900600
2024-10-16,22.309999465942383,22.309999465942383,0.0,22.540000915527344,21.739999771118164,22.3799991607666,0.0,62151800
2024-10-17,22.440000534057617,22.440000534057617,0.0,22.81999969482422,22.399999618530273,22.719999313354492,0.0,43807600
2024-10-18,22.770000457763672,22.770000457763672,0.0,22.81999969482422,22.5,22.610000610351562,0.0,39971700
2024-10-21,22.84000015258789,22.84000015258789,0.0,22.8799991607666,22.25,22.610000610351562,0.0,39727000
2024-10-22,22.399999618530273,22.399999618530273,0.0,22.81999969482422,22.170000076293945,22.729999542236328,0.0,50160400
2024-10-23,21.979999542236328,21.979999542236328,0.0,22.43000030517578,21.579999923706055,22.299999237060547,0.0,45799100
2024-10-24,22.34000015258789,22.34000015258789,0.0,22.3700008392334,21.969999313354492,22.09000015258789,0.0,40554400
2024-10-25,22.68000030517578,22.68000030517578,0.0,23.34000015258789,22.40999984741211,22.420000076293945,0.0,67503000
2024-10-28,22.920000076293945,22.920000076293945,0.0,23.270000457763672,22.559999465942383,22.670000076293945,0.0,41915000
2024-10-29,22.899999618530273,22.899999618530273,0.0,23.139999389648438,22.40999984741211,22.8700008392334,0.0,83422200
2024-10-30,22.299999237060547,22.299999237060547,0.0,22.93000030517578,22.260000228881836,22.420000076293945,0.0,50941200
2024-10-31,21.520000457763672,21.520000457763672,0.0,22.25,21.469999313354492,22.149999618530273,0.0,112485500
2024-11-01,23.200000762939453,23.200000762939453,0.0,23.579999923706055,21.90999984741211,23.0,0.0,173471100
2024-11-04,22.520000457763672,22.520000457763672,0.0,23.0,22.0,22.959999084472656,0.0,84616300
2024-11-05,23.31999969482422,23.31999969482422,0.0,23.579999923706055,22.399999618530273,22.579999923706055,0.0,59153300
2024-11-06,25.049999237060547,25.049999237060547,0.0,25.1200008392334,24.049999237060547,24.299999237060547,0.0,116760500
2024-11-07,26.229999542236328,26.229999542236328,0.0,26.3799991607666,25.190000534057617,25.43000030517578,0.0,101489300
2024-11-08,26.200000762939453,26.200000762939453,0.0,26.43000030517578,25.829999923706055,26.0,0.0,76428000
2024-11-11,25.049999237060547,25.049999237060547,0.0,26.290000915527344,24.829999923706055,25.959999084472656,0.0,80185300
2024-11-12,24.15999984741211,24.15999984741211,0.0,24.959999084472656,23.889999389648438,24.65999984741211,0.0,62539700
2024-11-13,24.920000076293945,24.920000076293945,0.0,25.139999389648438,24.020000457763672,24.059999465942383,0.0,58202000
2024-11-14,25.030000686645508,25.030000686645508,0.0,25.610000610351562,24.93000030517578,25.1200008392334,0.0,49252100
2024-11-15,24.350000381469727,24.350000381469727,0.0,24.81999969482422,24.229999542236328,24.809999465942383,0.0,55104900
2024-11-18,24.84000015258789,24.84000015258789,0.0,25.020000457763672,24.15999984741211,24.329999923706055,0.0,59589500
2024-11-19,24.200000762939453,24.200000762939453,0.0,24.540000915527344,24.100000381469727,24.5,0.0,61190900
2024-11-20,24.010000228881836,24.010000228881836,0.0,24.209999084472656,23.549999237060547,24.06999969482422,0.0,50191500
2024-11-21,24.440000534057617,24.440000534057617,0.0,24.770000457763672,23.829999923706055,24.079999923706055,0.0,58928400
2024-11-22,24.5,24.5,0.0,24.68000030517578,24.139999389648438,24.350000381469727,0.0,36784700
2024-11-25,24.8700008392334,24.8700008392334,0.0,25.56999969482422,24.760000228881836,25.040000915527344,0.0,91128400
2024-11-26,24.049999237060547,24.049999237060547,0.0,24.989999771118164,23.809999465942383,24.950000762939453,0.0,69613600
2024-11-27,23.649999618530273,23.649999618530273,0.0,23.93000030517578,23.059999465942383,23.829999923706055,0.0,53992300
2024-11-29,24.049999237060547,24.049999237060547,0.0,24.280000686645508,23.600000381469727,23.719999313354492,0.0,36616800
2024-12-02,23.93000030517578,23.93000030517578,0.0,25.479999542236328,23.440000534057617,24.84000015258789,0.0,150497900
2024-12-03,22.469999313354492,22.469999313354492,0.0,23.75,22.440000534057617,23.68000030517578,0.0,138160500
2024-12-04,21.959999084472656,21.959999084472656,0.0,22.540000915527344,21.809999465942383,22.530000686645508,0.0,104649000
2024-12-05,20.799999237060547,20.799999237060547,0.0,22.190000534057617,20.65999984741211,22.040000915527344,0.0,167993500
2024-12-06,20.920000076293945,20.920000076293945,0.0,21.049999237060547,20.65999984741211,20.950000762939453,0.0,78539100
2024-12-09,20.809999465942383,20.809999465942383,0.0,21.059999465942383,20.729999542236328,20.920000076293945,0.0,68818200
2024-12-10,20.15999984741211,20.15999984741211,0.0,20.860000610351562,19.959999084472656,20.829999923706055,0.0,90004800
2024-12-11,20.1200008392334,20.1200008392334,0.0,20.25,19.8700008392334,20.139999389648438,0.0,75209300
2024-12-12,20.780000686645508,20.780000686645508,0.0,20.899999618530273,19.920000076293945,20.020000457763672,0.0,77695000
2024-12-13,20.34000015258789,20.34000015258789,0.0,20.799999237060547,20.25,20.600000381469727,0.0,55104100
2024-12-16,20.829999923706055,20.829999923706055,0.0,21.100000381469727,20.0,20.170000076293945,0.0,73832900
2024-12-17,20.440000534057617,20.440000534057617,0.0,20.770000457763672,20.290000915527344,20.639999389648438,0.0,51767200
2024-12-18,19.299999237060547,19.299999237060547,0.0,20.579999923706055,19.209999084472656,20.479999542236328,0.0,86041200
2024-12-19,19.059999465942383,19.059999465942383,0.0,19.690000534057617,19.030000686645508,19.530000686645508,0.0,69117800
2024-12-20,19.520000457763672,19.520000457763672,0.0,19.760000228881836,18.899999618530273,18.969999313354492,0.0,108453700
2024-12-23,20.200000762939453,20.200000762939453,0.0,20.229999542236328,19.520000457763672,19.579999923706055,0.0,57988400
2024-12-24,20.399999618530273,20.399999618530273,0.0,20.399999618530273,19.959999084472656,20.219999313354492,0.0,29884000
2024-12-26,20.440000534057617,20.440000534057617,0.0,20.670000076293945,20.079999923706055,20.229999542236328,0.0,39846200
2024-12-27,20.299999237060547,20.299999237060547,0.0,20.610000610351562,20.09000015258789,20.209999084472656,0.0,48260800
2024-12-30,19.81999969482422,19.81999969482422,0.0,20.110000610351562,19.729999542236328,20.010000228881836,0.0,59608100
2024-12-31,20.049999237060547,20.049999237060547,0.0,20.399999618530273,19.8799991607666,19.989999771118164,0.0,49846700
2025-01-02,20.219999313354492,20.219999313354492,0.0,20.43000030517578,20.0,20.229999542236328,0.0,46438500
2025-01-03,20.559999465942383,20.559999465942383,0.0,20.670000076293945,20.059999465942383,20.389999389648438,0.0,48983900
2025-01-06,19.8700008392334,19.8700008392334,0.0,20.979999542236328,19.780000686645508,20.829999923706055,0.0,83271000
2025-01-07,20.010000228881836,20.010000228881836,0.0,20.34000015258789,19.899999618530273,20.020000457763672,0.0,61726100
2025-01-08,19.8799991607666,19.8799991607666,0.0,20.1200008392334,19.709999084472656,19.829999923706055,0.0,47897100
2025-01-10,19.149999618530273,19.149999618530273,0.0,19.65999984741211,18.90999984741211,19.65999984741211,0.0,71244600
2025-01-13,19.200000762939453,19.200000762939453,0.0,19.25,18.729999542236328,18.920000076293945,0.0,50669000
2025-01-14,19.200000762939453,19.200000762939453,0.0,19.520000457763672,18.81999969482422,19.360000610351562,0.0,47147500
2025-01-15,19.719999313354492,19.719999313354492,0.0,19.770000457763672,19.170000076293945,19.399999618530273,0.0,56306000
2025-01-16,19.670000076293945,19.670000076293945,0.0,19.950000762939453,19.399999618530273,19.75,0.0,44898100
2025-01-17,21.489999771118164,21.489999771118164,0.0,21.6200008392334,20.790000915527344,21.260000228881836,0.0,166483900
2025-01-21,21.770000457763672,21.770000457763672,0.0,22.40999984741211,21.75,22.030000686645508,0.0,96262200
2025-01-22,21.860000610351562,21.860000610351562,0.0,22.290000915527344,21.56999969482422,21.729999542236328,0.0,60972600
2025-01-23,21.56999969482422,21.56999969482422,0.0,21.75,21.350000381469727,21.690000534057617,0.0,55778200
2025-01-24,20.829999923706055,20.829999923706055,0.0,21.40999984741211,20.75,21.360000610351562,0.0,66300600
2025-01-27,20.290000915527344,20.290000915527344,0.0,21.059999465942383,20.139999389648438,20.809999465942383,0.0,83582100
2025-01-28,19.799999237060547,19.799999237060547,0.0,20.34000015258789,19.739999771118164,20.34000015258789,0.0,73411400
2025-01-29,19.75,19.75,0.0,20.079999923706055,19.65999984741211,19.8700008392334,0.0,86506800
2025-01-30,20.010000228881836,20.010000228881836,0.0,20.100000381469727,19.43000030517578,19.719999313354492,0.0,108167000
2025-01-31,19.43000030517578,19.43000030517578,0.0,20.329999923706055,19.3799991607666,20.100000381469727,0.0,117081700
2025-02-03,19.3799991607666,19.3799991607666,0.0,19.75,18.780000686645508,18.969999313354492,0.0,77523100
2025-02-04,19.290000915527344,19.290000915527344,0.0,19.530000686645508,19.020000457763672,19.100000381469727,0.0,54098200
2025-02-05,19.649999618530273,19.649999618530273,0.0,19.770000457763672,18.90999984741211,19.190000534057617,0.0,66059200
2025-02-06,19.3799991607666,19.3799991607666,0.0,19.700000762939453,19.219999313354492,19.510000228881836,0.0,45553800
2025-02-07,19.100000381469727,19.100000381469727,0.0,19.360000610351562,19.030000686645508,19.350000381469727,0.0,58277900
2025-02-10,19.770000457763672,19.770000457763672,0.0,20.079999923706055,19.239999771118164,19.25,0.0,73007300
2025-02-11,20.969999313354492,20.969999313354492,0.0,21.8799991607666,19.860000610351562,19.8700008392334,0.0,150960700
2025-02-12,22.479999542236328,22.479999542236328,0.0,22.559999465942383,20.93000030517578,21.979999542236328,0.0,162631200
2025-02-13,24.1299991607666,24.1299991607666,0.0,24.829999923706055,22.790000915527344,22.84000015258789,0.0,248661300
2025-02-14,23.600000381469727,23.600000381469727,0.0,25.190000534057617,22.860000610351562,24.360000610351562,0.0,230254100
2025-02-18,27.389999389648438,27.389999389648438,0.0,27.549999237060547,24.489999771118164,24.600000381469727,0.0,284292200
2025-02-19,25.719999313354492,25.719999313354492,0.0,26.329999923706055,25.459999084472656,25.979999542236328,0.0,151881700
2025-02-20,26.09000015258789,26.09000015258789,0.0,26.1200008392334,24.479999542236328,25.559999465942383,0.0,144939600
2025-02-21,24.8700008392334,24.8700008392334,0.0,26.290000915527344,24.84000015258789,25.959999084472656,0.0,111630900
2025-02-24,24.270000457763672,24.270000457763672,0.0,24.799999237060547,23.6200008392334,24.549999237060547,0.0,91358100
2025-02-25,22.989999771118164,22.989999771118164,0.0,24.280000686645508,22.770000457763672,24.209999084472656,0.0,88886500
2025-02-26,23.520000457763672,23.520000457763672,0.0,23.81999969482422,23.209999084472656,23.25,0.0,67449300
2025-02-27,23.09000015258789,23.09000015258789,0.0,24.399999618530273,23.06999969482422,23.700000762939453,0.0,97871900
2025-02-28,23.729999542236328,23.729999542236328,0.0,24.440000534057617,22.639999389648438,23.020000457763672,0.0,104133800
2025-03-03,22.739999771118164,22.739999771118164,0.0,25.040000915527344,22.520000457763672,25.0,0.0,141348700
2025-03-04,21.329999923706055,21.329999923706055,0.0,22.6299991607666,20.760000228881836,22.540000915527344,0.0,152182200
2025-03-05,20.809999465942383,20.809999465942383,0.0,21.360000610351562,20.18000030517578,21.329999923706055,0.0,127219300
2025-03-06,20.75,20.75,0.0,21.1299991607666,20.0,20.260000228881836,0.0,96466400
2025-03-07,20.639999389648438,20.639999389648438,0.0,21.200000762939453,20.110000610351562,20.270000457763672,0.0,81099600
2025-03-10,19.93000030517578,19.93000030517578,0.0,20.510000228881836,19.649999618530273,20.239999771118164,0.0,82760600
2025-03-11,19.780000686645508,19.780000686645508,0.0,20.059999465942383,19.290000915527344,19.969999313354492,0.0,80789000
2025-03-12,20.68000030517578,20.68000030517578,0.0,21.170000076293945,20.209999084472656,20.790000915527344,0.0,128671100
2025-03-13,23.700000762939453,23.700000762939453,0.0,24.530000686645508,23.1299991607666,23.5,0.0,243261000
2025-03-14,24.049999237060547,24.049999237060547,0.0,24.3700008392334,23.520000457763672,23.68000030517578,0.0,116901600
2025-03-17,25.690000534057617,25.690000534057617,0.0,26.149999618530273,24.3700008392334,24.420000076293945,0.0,160723600
2025-03-18,25.920000076293945,25.920000076293945,0.0,26.40999984741211,25.389999389648438,25.549999237060547,0.0,132488800
2025-03-19,24.1200008392334,24.1200008392334,0.0,25.229999542236328,24.030000686645508,24.899999618530273,0.0,135491400
2025-03-20,23.959999084472656,23.959999084472656,0.0,24.309999465942383,23.729999542236328,23.770000457763672,0.0,68937600
2025-03-21,24.260000228881836,24.260000228881836,0.0,24.700000762939453,23.489999771118164,23.600000381469727,0.0,94110700
2025-03-24,24.219999313354492,24.219999313354492,0.0,24.989999771118164,24.1299991607666,24.719999313354492,0.0,69169000
2025-03-25,24.200000762939453,24.200000762939453,0.0,24.75,24.110000610351562,24.18000030517578,0.0,51743300
2025-03-26,23.420000076293945,23.420000076293945,0.0,24.420000076293945,23.25,24.25,0.0,59496700
2025-03-27,23.6200008392334,23.6200008392334,0.0,23.760000228881836,22.860000610351562,23.290000915527344,0.0,57720600
2025-03-28,22.709999084472656,22.709999084472656,0.0,23.579999923706055,22.559999465942383,23.350000381469727,0.0,58365300
2025-03-31,22.709999084472656,22.709999084472656,0.0,22.75,21.75,22.3799991607666,0.0,65832000
2025-04-01,22.049999237060547,22.049999237060547,0.0,22.6200008392334,21.65999984741211,22.559999465942383,0.0,64060400
2025-04-02,21.979999542236328,21.979999542236328,0.0,22.3799991607666,21.700000762939453,21.889999389648438,0.0,58878800
2025-04-03,22.43000030517578,22.43000030517578,0.0,23.899999618530273,20.860000610351562,21.399999618530273,0.0,242972100
2025-04-04,19.850000381469727,19.850000381469727,0.0,22.200000762939453,19.700000762939453,21.700000762939453,0.0,175014700
2025-04-07,19.56999969482422,19.56999969482422,0.0,20.670000076293945,18.559999465942383,19.139999389648438,0.0,142491200
2025-04-08,18.1299991607666,18.1299991607666,0.0,20.389999389648438,17.670000076293945,20.059999465942383,0.0,163982700
2025-04-09,21.530000686645508,21.530000686645508,0.0,21.729999542236328,17.979999542236328,18.06999969482422,0.0,224183500
2025-04-10,19.8799991607666,19.8799991607666,0.0,20.81999969482422,19.15999984741211,20.68000030517578,0.0,129064900
2025-04-11,19.739999771118164,19.739999771118164,0.0,19.799999237060547,18.18000030517578,19.25,0.0,128425800
2025-04-14,20.309999465942383,20.309999465942383,0.0,21.049999237060547,19.979999542236328,20.59000015258789,0.0,101964400
2025-04-15,19.850000381469727,19.850000381469727,0.0,20.469999313354492,19.809999465942383,20.200000762939453,0.0,64056900
2025-04-16,19.229999542236328,19.229999542236328,0.0,19.43000030517578,18.719999313354492,19.34000015258789,0.0,89469700
2025-04-17,18.93000030517578,18.93000030517578,0.0,19.100000381469727,18.559999465942383,18.90999984741211,0.0,85646700
2025-04-21,18.84000015258789,18.84000015258789,0.0,18.989999771118164,18.25,18.93000030517578,0.0,72409900
2025-04-22,19.510000228881836,19.510000228881836,0.0,19.739999771118164,19.040000915527344,19.059999465942383,0.0,83365600
2025-04-23,20.59000015258789,20.59000015258789,0.0,21.030000686645508,20.309999465942383,20.719999313354492,0.0,97188100
2025-04-24,21.489999771118164,21.489999771118164,0.0,21.549999237060547,20.8799991607666,21.040000915527344,0.0,117086200
2025-04-25,20.049999237060547,20.049999237060547,0.0,20.18000030517578,19.34000015258789,19.729999542236328,0.0,147711200
2025-04-28,20.510000228881836,20.510000228881836,0.0,21.079999923706055,20.049999237060547,20.1200008392334,0.0,96624400
2025-04-29,20.34000015258789,20.34000015258789,0.0,20.850000381469727,20.219999313354492,20.309999465942383,0.0,70031900
2025-04-30,20.100000381469727,20.100000381469727,0.0,20.18000030517578,19.549999237060547,19.709999084472656,0.0,68297300
2025-05-01,19.979999542236328,19.979999542236328,0.0,20.649999618530273,19.940000534057617,20.219999313354492,0.0,72607500
2025-05-02,20.6200008392334,20.6200008392334,0.0,20.780000686645508,20.209999084472656,20.260000228881836,0.0,63298500
2025-05-05,20.270000457763672,20.270000457763672,0.0,20.579999923706055,20.239999771118164,20.389999389648438,0.0,44237000
2025-05-06,19.940000534057617,19.940000534057617,0.0,20.1200008392334,19.770000457763672,19.920000076293945,0.0,51330800
2025-05-07,20.309999465942383,20.309999465942383,0.0,20.3700008392334,19.81999969482422,19.969999313354492,0.0,61002600
2025-05-08,21.0,21.0,0.0,21.239999771118164,20.639999389648438,21.010000228881836,0.0,71651700
2025-05-09,21.420000076293945,21.420000076293945,0.0,21.450000762939453,20.829999923706055,21.200000762939453,0.0,51768600
2025-05-12,22.18000030517578,22.18000030517578,0.0,22.670000076293945,21.8799991607666,22.18000030517578,0.0,94578700
2025-05-13,22.559999465942383,22.559999465942383,0.0,22.8799991607666,22.299999237060547,22.360000610351562,0.0,76850400
2025-05-14,21.520000457763672,21.520000457763672,0.0,22.459999084472656,21.459999084472656,22.350000381469727,0.0,91584800
2025-05-15,21.549999237060547,21.549999237060547,0.0,21.6299991607666,21.190000534057617,21.229999542236328,0.0,66705500
2025-05-16,21.65999984741211,21.65999984741211,0.0,21.760000228881836,21.350000381469727,21.530000686645508,0.0,55795100
2025-05-19,21.3799991607666,21.3799991607666,0.0,21.559999465942383,21.049999237060547,21.18000030517578,0.0,64279100
2025-05-20,21.270000457763672,21.270000457763672,0.0,21.40999984741211,21.1200008392334,21.329999923706055,0.0,48497400
2025-05-21,20.690000534057617,20.690000534057617,0.0,21.6299991607666,20.59000015258789,21.190000534057617,0.0,62904700
2025-05-22,20.549999237060547,20.549999237060547,0.0,20.899999618530273,20.510000228881836,20.729999542236328,0.0,56077500
2025-05-23,20.049999237060547,20.049999237060547,0.0,20.270000457763672,19.940000534057617,20.15999984741211,0.0,68206100
2025-05-27,20.549999237060547,20.549999237060547,0.0,20.670000076293945,20.18000030517578,20.440000534057617,0.0,69504600
2025-05-28,20.3700008392334,20.3700008392334,0.0,20.639999389648438,20.329999923706055,20.56999969482422,0.0,46096500
2025-05-29,20.25,20.25,0.0,20.600000381469727,20.100000381469727,20.540000915527344,0.0,66372200
2025-05-30,19.549999237060547,19.549999237060547,0.0,20.260000228881836,19.309999465942383,20.260000228881836,0.0,114281900
2025-06-02,19.739999771118164,19.739999771118164,0.0,19.81999969482422,19.3700008392334,19.479999542236328,0.0,67885500
2025-06-03,20.290000915527344,20.290000915527344,0.0,20.40999984741211,19.399999618530273,19.75,0.0,80401900
2025-06-04,20.25,20.25,0.0,20.5,20.010000228881836,20.34000015258789,0.0,71166500
2025-06-05,19.989999771118164,19.989999771118164,0.0,20.549999237060547,19.850000381469727,20.270000457763672,0.0,72458400
2025-06-06,20.059999465942383,20.059999465942383,0.0,20.440000534057617,20.030000686645508,20.170000076293945,0.0,70072800
2025-06-09,20.479999542236328,20.479999542236328,0.0,20.959999084472656,20.219999313354492,20.219999313354492,0.0,92893900
2025-06-10,22.079999923706055,22.079999923706055,0.0,22.440000534057617,20.280000686645508,20.5,0.0,171457000
2025-06-11,20.68000030517578,20.68000030517578,0.0,21.829999923706055,20.3799991607666,21.780000686645508,0.0,146784500
2025-06-12,20.770000457763672,20.770000457763672,0.0,20.979999542236328,20.40999984741211,20.5,0.0,78175900
2025-06-13,20.139999389648438,20.139999389648438,0.0,20.600000381469727,20.100000381469727,20.329999923706055,0.0,87655900
2025-06-16,20.739999771118164,20.739999771118164,0.0,20.93000030517578,20.299999237060547,20.40999984741211,0.0,86745100
2025-06-17,20.799999237060547,20.799999237060547,0.0,21.479999542236328,20.6200008392334,20.6299991607666,0.0,87512200
2025-06-18,21.489999771118164,21.489999771118164,0.0,21.600000381469727,20.65999984741211,20.809999465942383,0.0,94200600
2025-06-20,21.079999923706055,21.079999923706055,0.0,21.889999389648438,20.8799991607666,21.700000762939453,0.0,133472800
2025-06-23,21.190000534057617,21.190000534057617,0.0,21.579999923706055,20.729999542236328,21.06999969482422,0.0,81461000
2025-06-24,22.549999237060547,22.549999237060547,0.0,22.690000534057617,21.329999923706055,21.34000015258789,0.0,130368700
2025-06-25,22.200000762939453,22.200000762939453,0.0,22.770000457763672,22.1299991607666,22.579999923706055,0.0,64975100
2025-06-26,22.5,22.5,0.0,22.6200008392334,22.209999084472656,22.399999618530273,0.0,63229300
2025-06-27,22.690000534057617,22.690000534057617,0.0,23.3799991607666,22.420000076293945,22.709999084472656,0.0,95542400
2025-06-30,22.399999618530273,22.399999618530273,0.0,22.969999313354492,22.270000457763672,22.969999313354492,0.0,77102400
2025-07-01,22.850000381469727,22.850000381469727,0.0,23.15999984741211,22.280000686645508,22.329999923706055,0.0,79094900
2025-07-02,21.8799991607666,21.8799991607666,0.0,22.770000457763672,21.520000457763672,22.530000686645508,0.0,138245300
2025-07-03,22.489999771118164,22.489999771118164,0.0,22.6299991607666,21.989999771118164,22.149999618530273,0.0,61176000
2025-07-07,22.0,22.0,0.0,22.389999389648438,21.860000610351562,22.209999084472656,0.0,80725200
2025-07-08,23.59000015258789,23.59000015258789,0.0,23.790000915527344,22.1299991607666,22.18000030517578,0.0,119545500
2025-07-09,23.440000534057617,23.440000534057617,0.0,23.530000686645508,23.1299991607666,23.290000915527344,0.0,70247700
2025-07-10,23.81999969482422,23.81999969482422,0.0,24.040000915527344,23.479999542236328,23.6299991607666,0.0,54599800
2025-07-11,23.43000030517578,23.43000030517578,0.0,23.65999984741211,23.15999984741211,23.559999465942383,0.0,49367900
2025-07-14,23.299999237060547,23.299999237060547,0.0,23.399999618530273,22.8799991607666,23.239999771118164,0.0,48420500
2025-07-15,22.920000076293945,22.920000076293945,0.0,23.780000686645508,22.899999618530273,23.56999969482422,0.0,66099400
2025-07-16,22.690000534057617,22.690000534057617,0.0,23.1299991607666,22.25,22.989999771118164,0.0,58865900
2025-07-17,22.799999237060547,22.799999237060547,0.0,23.049999237060547,22.59000015258789,22.65999984741211,0.0,49384000
2025-07-18,23.100000381469727,23.100000381469727,0.0,23.59000015258789,22.899999618530273,23.219999313354492,0.0,60195600
2025-07-21,23.260000228881836,23.260000228881836,0.0,23.829999923706055,23.15999984741211,23.399999618530273,0.0,61658000
2025-07-22,23.239999771118164,23.239999771118164,0.0,23.540000915527344,23.079999923706055,23.34000015258789,0.0,53969800
2025-07-23,23.489999771118164,23.489999771118164,0.0,23.6200008392334,22.920000076293945,23.260000228881836,0.0,68711700
2025-07-24,22.6299991607666,22.6299991607666,0.0,23.579999923706055,22.600000381469727,23.489999771118164,0.0,131963300
2025-07-25,20.700000762939453,20.700000762939453,0.0,21.049999237060547,20.360000610351562,20.68000030517578,0.0,245077700
2025-07-28,20.68000030517578,20.68000030517578,0.0,21.290000915527344,20.649999618530273,20.81999969482422,0.0,86105600
2025-07-29,20.40999984741211,20.40999984741211,0.0,20.850000381469727,20.34000015258789,20.690000534057617,0.0,100831500
2025-07-30,20.34000015258789,20.34000015258789,0.0,20.6200008392334,20.079999923706055,20.43000030517578,0.0,67420300
2025-07-31,19.799999237060547,19.799999237060547,0.0,20.229999542236328,19.65999984741211,20.170000076293945,0.0,90665200
2025-08-01,19.309999465942383,19.309999465942383,0.0,19.549999237060547,18.969999313354492,19.5,0.0,86496100
2025-08-04,19.5,19.5,0.0,19.59000015258789,19.350000381469727,19.520000457763672,0.0,69249400
2025-08-05,20.190000534057617,20.190000534057617,0.0,20.540000915527344,19.68000030517578,19.700000762939453,0.0,97338200
2025-08-06,20.40999984741211,20.40999984741211,0.0,20.479999542236328,19.8700008392334,20.1200008392334,0.0,67074200
2025-08-07,19.770000457763672,19.770000457763672,0.0,20.440000534057617,19.600000381469727,20.0,0.0,131382800
2025-08-08,19.950000762939453,19.950000762939453,0.0,20.020000457763672,19.610000610351562,20.0,0.0,75415000
2025-08-11,20.649999618530273,20.649999618530273,0.0,21.600000381469727,20.440000534057617,20.450000762939453,0.0,175545600
2025-08-12,21.809999465942383,21.809999465942383,0.0,21.860000610351562,20.760000228881836,21.200000762939453,0.0,134153600
2025-08-13,22.219999313354492,22.219999313354492,0.0,22.299999237060547,21.360000610351562,21.6200008392334,0.0,86024400
2025-08-14,23.860000610351562,23.860000610351562,0.0,24.200000762939453,21.899999618530273,21.989999771118164,0.0,188052500
2025-08-15,24.559999465942383,24.559999465942383,0.0,25.649999618530273,24.110000610351562,25.010000228881836,0.0,310161100
2025-08-18,23.65999984741211,23.65999984741211,0.0,24.899999618530273,23.209999084472656,24.0,0.0,212515600
2025-08-19,25.309999465942383,25.309999465942383,0.0,26.530000686645508,24.940000534057617,24.940000534057617,0.0,297659200
2025-08-20,23.540000915527344,23.540000915527344,0.0,24.93000030517578,23.329999923706055,24.899999618530273,0.0,161149400
2025-08-21,23.5,23.5,0.0,23.56999969482422,22.780000686645508,23.530000686645508,0.0,97718300
2025-08-22,24.799999237060547,24.799999237060547,0.0,25.229999542236328,23.649999618530273,23.649999618530273,0.0,200266800
2025-08-25,24.549999237060547,24.549999237060547,0.0,25.8799991607666,24.440000534057617,25.5,0.0,156825600
2025-08-26,24.350000381469727,24.350000381469727,0.0,24.739999771118164,24.100000381469727,24.579999923706055,0.0,78558200
2025-08-27,24.850000381469727,24.850000381469727,0.0,24.989999771118164,24.049999237060547,24.190000534057617,0.0,90934400
2025-08-28,24.93000030517578,24.93000030517578,0.0,25.139999389648438,24.610000610351562,24.959999084472656,0.0,60035100
2025-08-29,24.350000381469727,24.350000381469727,0.0,24.969999313354492,24.280000686645508,24.760000228881836,0.0,63734400
2025-09-02,24.209999084472656,24.209999084472656,0.0,24.239999771118164,23.68000030517578,23.8799991607666,0.0,57661800
2025-09-03,24.0,24.0,0.0,24.09000015258789,23.719999313354492,24.09000015258789,0.0,47822900
2025-09-04,24.610000610351562,24.610000610351562,0.0,24.639999389648438,23.75,23.850000381469727,0.0,59056500
2025-09-05,24.489999771118164,24.489999771118164,0.0,24.709999084472656,24.170000076293945,24.600000381469727,0.0,55975300
2025-09-08,24.479999542236328,24.479999542236328,0.0,24.739999771118164,24.1200008392334,24.479999542236328,0.0,51122100
2025-09-09,24.440000534057617,24.440000534057617,0.0,24.809999465942383,24.270000457763672,24.530000686645508,0.0,42146200
2025-09-10,24.770000457763672,24.770000457763672,0.0,24.8700008392334,24.280000686645508,24.420000076293945,0.0,61600700
2025-09-11,24.610000610351562,24.610000610351562,0.0,24.93000030517578,24.56999969482422,24.760000228881836,0.0,55536900
2025-09-12,24.079999923706055,24.079999923706055,0.0,24.6299991607666,24.049999237060547,24.610000610351562,0.0,52672800
2025-09-15,24.770000457763672,24.770000457763672,0.0,25.459999084472656,24.219999313354492,24.329999923706055,0.0,83951600
2025-09-16,25.270000457763672,25.270000457763672,0.0,25.34000015258789,24.690000534057617,24.81999969482422,0.0,60336600
2025-09-17,24.899999618530273,24.899999618530273,0.0,25.260000228881836,24.450000762939453,25.079999923706055,0.0,63093700
2025-09-18,30.56999969482422,30.56999969482422,0.0,32.380001068115234,30.15999984741211,31.780000686645508,0.0,523908000
2025-09-19,29.579999923706055,29.579999923706055,0.0,30.6299991607666,29.329999923706055,30.3799991607666,0.0,225702900
2025-09-22,28.760000228881836,28.760000228881836,0.0,30.100000381469727,28.729999542236328,29.670000076293945,0.0,130314500
2025-09-23,29.34000015258789,29.34000015258789,0.0,30.200000762939453,28.81999969482422,28.989999771118164,0.0,126317900
2025-09-24,31.219999313354492,31.219999313354492,0.0,31.700000762939453,29.229999542236328,29.3799991607666,0.0,164458500
2025-09-25,33.9900016784668,33.9900016784668,0.0,34.25,31.209999084472656,31.610000610351562,0.0,295709300
2025-09-26,35.5,35.5,0.0,36.29999923706055,34.4900016784668,35.02000045776367,0.0,268583300
2025-09-29,34.47999954223633,34.47999954223633,0.0,35.04999923706055,33.72999954223633,34.52000045776367,0.0,152605900
2025-09-30,33.54999923706055,33.54999923706055,0.0,34.2400016784668,33.02000045776367,33.93000030517578,0.0,124818400
2025-10-01,35.939998626708984,35.939998626708984,0.0,36.060001373291016,33.5,33.529998779296875,0.0,162649700
2025-10-02,37.29999923706055,37.29999923706055,0.0,37.56999969482422,35.439998626708984,35.7599983215332,0.0,149361700
2025-10-03,36.83000183105469,36.83000183105469,0.0,38.08000183105469,36.45000076293945,37.95000076293945,0.0,125359300
2025-10-06,36.59000015258789,36.59000015258789,0.0,38.68000030517578,36.43000030517578,37.189998626708984,0.0,112086100
2025-10-07,37.16999816894531,37.16999816894531,0.0,38.04999923706055,36.349998474121094,36.63999938964844,0.0,111140200
2025-10-08,37.43000030517578,37.43000030517578,0.0,37.790000915527344,35.90999984741211,36.54999923706055,0.0,103202100
2025-10-09,37.79999923706055,37.79999923706055,0.0,38.099998474121094,36.86000061035156,37.529998779296875,0.0,89884700
2025-10-10,36.369998931884766,36.369998931884766,0.0,39.650001525878906,36.29999923706055,38.459999084472656,0.0,183063300
2025-10-13,37.220001220703125,37.220001220703125,0.0,37.5099983215332,36.279998779296875,36.439998626708984,0.0,104020700
2025-10-14,35.630001068115234,35.630001068115234,0.0,36.54999923706055,34.689998626708984,36.0,0.0,117908300
2025-10-15,37.150001525878906,37.150001525878906,0.0,37.4900016784668,35.63999938964844,36.400001525878906,0.0,99242700
2025-10-16,36.84000015258789,36.84000015258789,0.0,38.02000045776367,36.40999984741211,37.150001525878906,0.0,83357800
2025-10-17,37.0099983215332,37.0099983215332,0.0,38.380001068115234,36.08000183105469,36.36000061035156,0.0,119394700
2025-10-20,38.099998474121094,38.099998474121094,0.0,38.52000045776367,37.560001373291016,37.56999969482422,0.0,80230200
2025-10-21,38.119998931884766,38.119998931884766,0.0,38.349998474121094,37.66999816894531,38.13999938964844,0.0,73134900
2025-10-22,36.91999816894531,36.91999816894531,0.0,37.93000030517578,36.040000915527344,37.84000015258789,0.0,87099900
2025-10-23,38.15999984741211,38.15999984741211,0.0,38.400001525878906,36.43000030517578,36.599998474121094,0.0,121974200
2025-10-24,38.279998779296875,38.279998779296875,0.0,41.119998931884766,37.83000183105469,40.02000045776367,0.0,246380000
2025-10-27,39.540000915527344,39.540000915527344,0.0,40.66999816894531,38.22999954223633,38.38999938964844,0.0,160007600
2025-10-28,41.529998779296875,41.529998779296875,0.0,42.47999954223633,39.540000915527344,39.59000015258789,0.0,181256400
2025-10-29,41.34000015258789,41.34000015258789,0.0,42.040000915527344,40.91999816894531,41.599998474121094,0.0,106962900
2025-10-30,40.15999984741211,40.15999984741211,0.0,41.43000030517578,40.11000061035156,40.970001220703125,0.0,84855500
2025-10-31,39.9900016784668,39.9900016784668,0.0,40.83000183105469,39.790000915527344,40.68000030517578,0.0,80471400
2025-11-03,39.5,39.5,0.0,40.45000076293945,39.04999923706055,40.25,0.0,61267500
2025-11-04,37.029998779296875,37.029998779296875,0.0,38.25,36.630001068115234,38.13999938964844,0.0,102250300
2025-11-05,38.380001068115234,38.380001068115234,0.0,38.689998626708984,37.11000061035156,37.41999816894531,0.0,74631600
2025-11-06,37.2400016784668,37.2400016784668,0.0,39.84000015258789,36.79999923706055,38.34000015258789,0.0,77629900
2025-11-07,38.130001068115234,38.130001068115234,0.0,38.27000045776367,36.970001220703125,37.2599983215332,0.0,95521400
2025-11-10,38.45000076293945,38.45000076293945,0.0,39.529998779296875,37.970001220703125,38.93000030517578,0.0,77820300
2025-11-11,37.880001068115234,37.880001068115234,0.0,38.220001220703125,37.4900016784668,38.150001525878906,0.0,53741900
2025-11-12,37.88999938964844,37.88999938964844,0.0,38.20000076293945,37.349998474121094,38.060001373291016,0.0,53876000
2025-11-13,35.90999984741211,35.90999984741211,0.0,37.310001373291016,35.45000076293945,37.27000045776367,0.0,95593200
2025-11-14,35.52000045776367,35.52000045776367,0.0,36.099998474121094,34.619998931884766,35.029998779296875,0.0,71716200
2025-11-17,34.709999084472656,34.709999084472656,0.0,35.72999954223633,34.22999954223633,35.45000076293945,0.0,72580100
2025-11-18,34.33000183105469,34.33000183105469,0.0,34.7599983215332,33.56999969482422,34.25,0.0,61504800
2025-11-19,35.11000061035156,35.11000061035156,0.0,35.75,34.25,34.33000183105469,0.0,67115500
2025-11-20,33.619998931884766,33.619998931884766,0.0,36.68000030517578,33.47999954223633,36.0,0.0,96389100
2025-11-21,34.5,34.5,0.0,34.97999954223633,32.88999938964844,33.5099983215332,0.0,105641700
2025-11-24,35.790000915527344,35.790000915527344,0.0,36.15999984741211,34.689998626708984,34.970001220703125,0.0,103804200
2025-11-25,35.83000183105469,35.83000183105469,0.0,36.130001068115234,34.68000030517578,35.54999923706055,0.0,62203300
2025-11-26,36.810001373291016,36.810001373291016,0.0,37.2400016784668,36.130001068115234,36.20000076293945,0.0,54563400
2025-11-28,40.560001373291016,40.560001373291016,0.0,40.59000015258789,37.34000015258789,37.400001525878906,0.0,95799500
2025-12-01,40.0099983215332,40.0099983215332,0.0,40.380001068115234,39.599998474121094,39.86000061035156,0.0,74534900
2025-12-02,43.470001220703125,43.470001220703125,0.0,43.68000030517578,40.04999923706055,40.470001220703125,0.0,167205800
2025-12-03,43.7599983215332,43.7599983215332,0.0,44.02000045776367,42.5099983215332,43.38999938964844,0.0,91957200
2025-12-04,40.5,40.5,0.0,43.279998779296875,40.13999938964844,43.2599983215332,0.0,107850200
2025-12-05,41.40999984741211,41.40999984741211,0.0,42.83000183105469,41.150001525878906,41.15999984741211,0.0,103042000
2025-12-08,40.29999923706055,40.29999923706055,0.0,42.119998931884766,39.70000076293945,41.939998626708984,0.0,93953600
2025-12-09,40.5,40.5,0.0,41.2599983215332,40.029998779296875,40.72999954223633,0.0,61877200
2025-12-10,40.779998779296875,40.779998779296875,0.0,40.9900016784668,38.88999938964844,40.11000061035156,0.0,75974900
2025-12-11,39.5099983215332,39.5099983215332,0.0,40.189998626708984,39.08000183105469,40.06999969482422,0.0,59096800
2025-12-12,37.810001373291016,37.810001373291016,0.0,40.029998779296875,37.619998931884766,39.25,0.0,87784500
2025-12-15,37.5099983215332,37.5099983215332,0.0,38.47999954223633,37.31999969482422,38.33000183105469,0.0,60898500
2025-12-16,37.310001373291016,37.310001373291016,0.0,37.959999084472656,36.91999816894531,37.58000183105469,0.0,50490300
2025-12-17,36.04999923706055,36.04999923706055,0.0,37.84000015258789,35.970001220703125,37.59000015258789,0.0,54792000
2025-12-18,36.279998779296875,36.279998779296875,0.0,37.4900016784668,35.66999816894531,37.380001068115234,0.0,69468400
2025-12-19,36.81999969482422,36.81999969482422,0.0,37.58000183105469,36.439998626708984,36.47999954223633,0.0,163221300
2025-12-22,36.369998931884766,36.369998931884766,0.0,37.900001525878906,36.290000915527344,37.88999938964844,0.0,51685400
2025-12-23,36.349998474121094,36.349998474121094,0.0,36.79999923706055,36.029998779296875,36.2400016784668,0.0,35958000
2025-12-24,36.15999984741211,36.15999984741211,0.0,36.18000030517578,34.95000076293945,35.16999816894531,0.0,37443800
2025-12-26,36.20000076293945,36.20000076293945,0.0,36.4900016784668,35.849998474121094,36.16999816894531,0.0,28779400
2025-12-29,36.68000030517578,36.68000030517578,0.0,36.79999923706055,35.81999969482422,36.0099983215332,0.0,38062300
2025-12-30,37.29999923706055,37.29999923706055,0.0,38.2599983215332,36.81999969482422,36.90999984741211,0.0,61935300
2025-12-31,36.900001525878906,36.900001525878906,0.0,37.58000183105469,36.869998931884766,37.400001525878906,0.0,51524700
2026-01-02,39.380001068115234,39.380001068115234,0.0,39.86000061035156,37.7599983215332,37.77000045776367,0.0,95396400
2026-01-05,39.369998931884766,39.369998931884766,0.0,42.099998474121094,39.27000045776367,41.59000015258789,0.0,96665400
2026-01-06,40.040000915527344,40.040000915527344,0.0,40.310001373291016,38.95000076293945,39.86000061035156,0.0,66395100
2026-01-07,42.630001068115234,42.630001068115234,0.0,44.56999969482422,40.119998931884766,40.18000030517578,0.0,166028400
2026-01-08,41.11000061035156,41.11000061035156,0.0,43.34000015258789,40.68000030517578,42.619998931884766,0.0,88242000
2026-01-09,45.54999923706055,45.54999923706055,0.0,45.72999954223633,41.56999969482422,41.83000183105469,0.0,186691400
2026-01-12,44.060001373291016,44.060001373291016,0.0,45.45000076293945,43.88999938964844,44.2400016784668,0.0,101989100
2026-01-13,47.290000915527344,47.290000915527344,0.0,48.2400016784668,45.220001220703125,45.88999938964844,0.0,168656400
2026-01-14,48.720001220703125,48.720001220703125,0.0,49.0,47.41999816894531,48.95000076293945,0.0,148225800
2026-01-15,48.31999969482422,48.31999969482422,0.0,50.38999938964844,47.83000183105469,49.349998474121094,0.0,132328900
2026-01-16,46.959999084472656,46.959999084472656,0.0,50.209999084472656,46.709999084472656,49.27000045776367,0.0,127314700
2026-01-20,48.560001373291016,48.560001373291016,0.0,50.22999954223633,47.0,47.29999923706055,0.0,150153000
2026-01-21,54.25,54.25,0.0,54.40999984741211,50.150001525878906,50.31999969482422,0.0,220565300
2026-01-22,54.31999969482422,54.31999969482422,0.0,54.599998474121094,53.08000183105469,54.209999084472656,0.0,190066400
2026-01-23,45.06999969482422,45.06999969482422,0.0,48.130001068115234,44.45000076293945,46.86000061035156,0.0,294675400
2026-01-26,42.4900016784668,42.4900016784668,0.0,44.459999084472656,42.279998779296875,44.279998779296875,0.0,149407800
2026-01-27,43.93000030517578,43.93000030517578,0.0,44.529998779296875,43.099998474121094,43.970001220703125,0.0,121832200
2026-01-28,48.779998779296875,48.779998779296875,0.0,49.290000915527344,46.31999969482422,46.599998474121094,0.0,201995100
2026-01-29,48.65999984741211,48.65999984741211,0.0,48.77000045776367,46.9900016784668,47.560001373291016,0.0,124256600
2026-01-30,46.470001220703125,46.470001220703125,0.0,49.58000183105469,45.959999084472656,48.97999954223633,0.0,114920100
2026-02-02,48.810001373291016,48.810001373291016,0.0,49.84000015258789,45.5,45.630001068115234,0.0,101414600
2026-02-03,49.25,49.25,0.0,51.4900016784668,48.43000030517578,50.060001373291016,0.0,122205100
2026-02-04,48.599998474121094,48.599998474121094,0.0,49.70000076293945,47.0,49.540000915527344,0.0,128702300
2026-02-05,48.2400016784668,48.2400016784668,0.0,50.86000061035156,46.790000915527344,47.59000015258789,0.0,114307800
2026-02-06,50.59000015258789,50.59000015258789,0.0,51.29999923706055,48.83000183105469,49.099998474121094,0.0,115600200
2026-02-09,50.2400016784668,50.2400016784668,0.0,51.220001220703125,47.59000015258789,49.59000015258789,0.0,94841400
2026-02-10,47.130001068115234,47.130001068115234,0.0,50.540000915527344,46.77000045776367,50.40999984741211,0.0,99832900
2026-02-11,48.290000915527344,48.290000915527344,0.0,49.54999923706055,46.86000061035156,48.11000061035156,0.0,107681200
2026-02-12,46.47999954223633,46.47999954223633,0.0,48.95000076293945,46.189998626708984,47.79999923706055,0.0,88321200
2026-02-13,46.790000915527344,46.790000915527344,0.0,47.689998626708984,44.970001220703125,45.7599983215332,0.0,69740400
2026-02-17,46.18000030517578,46.18000030517578,0.0,46.83000183105469,45.459999084472656,45.93000030517578,0.0,65802200
2026-02-18,45.459999084472656,45.459999084472656,0.0,46.77000045776367,44.880001068115234,45.91999816894531,0.0,65306100
2026-02-19,44.619998931884766,44.619998931884766,0.0,45.16999816894531,43.91999816894531,44.95000076293945,0.0,72724900
2026-02-20,44.11000061035156,44.11000061035156,0.0,44.38999938964844,42.880001068115234,43.88999938964844,0.0,90743600
2026-02-23,43.630001068115234,43.630001068115234,0.0,44.54999923706055,43.18000030517578,44.09000015258789,0.0,57130900
2026-02-24,46.119998931884766,46.119998931884766,0.0,46.599998474121094,43.540000915527344,44.099998474121094,0.0,98872300
2026-02-25,46.880001068115234,46.880001068115234,0.0,46.970001220703125,45.08000183105469,46.09000015258789,0.0,75645300
2026-02-26,45.459999084472656,45.459999084472656,0.0,46.95000076293945,44.38999938964844,46.77000045776367,0.0,71457500
2026-02-27,45.61000061035156,45.61000061035156,0.0,46.560001373291016,44.400001525878906,44.459999084472656,0.0,79327200
2026-03-02,45.5,45.5,0.0,45.810001373291016,43.95000076293945,44.20000076293945,0.0,60705100
2026-03-03,43.099998474121094,43.099998474121094,0.0,43.689998626708984,42.13999938964844,43.439998626708984,0.0,83971000
2026-03-04,45.58000183105469,45.58000183105469,0.0,46.130001068115234,43.27000045776367,44.06999969482422,0.0,96628100
2026-03-05,45.95000076293945,45.95000076293945,0.0,46.47999954223633,44.70000076293945,44.869998931884766,0.0,78229400
2026-03-06,43.41999816894531,43.41999816894531,0.0,45.18000030517578,43.279998779296875,44.66999816894531,0.0,74698300
2026-03-09,45.58000183105469,45.58000183105469,0.0,45.7599983215332,41.63999938964844,42.7400016784668,0.0,82937400
2026-03-10,46.779998779296875,46.779998779296875,0.0,47.880001068115234,45.40999984741211,45.40999984741211,0.0,85233300
2026-03-11,47.97999954223633,47.97999954223633,0.0,48.83000183105469,46.65999984741211,46.81999969482422,0.0,72480600
2026-03-12,45.25,45.25,0.0,47.439998626708984,45.16999816894531,47.400001525878906,0.0,85110200
2026-03-13,45.77000045776367,45.77000045776367,0.0,46.650001525878906,45.38999938964844,45.970001220703125,0.0,68386200
2026-03-16,45.7599983215332,45.7599983215332,0.0,49.16999816894531,45.689998626708984,47.90999984741211,0.0,114199400
2026-03-17,44.060001373291016,44.060001373291016,0.0,46.08000183105469,43.90999984741211,46.08000183105469,0.0,89061600
2026-03-18,45.029998779296875,45.029998779296875,0.0,45.709999084472656,44.04999923706055,44.20000076293945,0.0,78056200
2026-03-19,46.18000030517578,46.18000030517578,0.0,46.439998626708984,43.650001525878906,43.9900016784668,0.0,74051500
2026-03-20,43.869998931884766,43.869998931884766,0.0,47.54999923706055,43.63999938964844,46.95000076293945,0.0,162814200
2026-03-23,44.0099983215332,44.0099983215332,0.0,45.459999084472656,43.7400016784668,44.5,0.0,80772200
2026-03-24,44.060001373291016,44.060001373291016,0.0,44.310001373291016,43.20000076293945,43.540000915527344,0.0,65323500
2026-03-25,47.18000030517578,47.18000030517578,0.0,47.849998474121094,45.45000076293945,45.849998474121094,0.0,97467900
2026-03-26,44.099998474121094,44.099998474121094,0.0,46.599998474121094,43.91999816894531,46.29999923706055,0.0,82841400
2026-03-27,43.130001068115234,43.130001068115234,0.0,44.130001068115234,42.86000061035156,43.619998931884766,0.0,70002200
2026-03-30,41.189998626708984,41.189998626708984,0.0,43.9900016784668,40.630001068115234,43.720001220703125,0.0,84596000
2026-03-31,44.130001068115234,44.130001068115234,0.0,44.22999954223633,41.599998474121094,41.95000076293945,0.0,95294900
2026-04-01,48.029998779296875,48.029998779296875,0.0,48.77000045776367,44.97999954223633,45.0,0.0,129598500
2026-04-02,50.380001068115234,50.380001068115234,0.0,50.4900016784668,46.040000915527344,46.060001373291016,0.0,117134200
2026-04-06,50.779998779296875,50.779998779296875,0.0,52.38999938964844,49.869998931884766,50.880001068115234,0.0,79978800
2026-04-07,52.90999984741211,52.90999984741211,0.0,53.27000045776367,51.220001220703125,51.90999984741211,0.0,129543800
2026-04-08,58.95000076293945,58.95000076293945,0.0,59.16999816894531,54.79999923706055,55.369998931884766,0.0,184599900
2026-04-09,61.720001220703125,61.720001220703125,0.0,62.08000183105469,58.38999938964844,58.400001525878906,0.0,155609900
2026-04-10,62.380001068115234,62.380001068115234,0.0,63.38999938964844,60.75,61.52000045776367,0.0,98624400
2026-04-13,65.18000030517578,65.18000030517578,0.0,65.6500015258789,62.18000030517578,62.18000030517578,0.0,112111000
2026-04-14,63.810001373291016,63.810001373291016,0.0,65.18000030517578,62.09000015258789,65.16000366210938,0.0,112796100
2026-04-15,64.94000244140625,64.94000244140625,0.0,65.83999633789062,62.880001068115234,63.77000045776367,0.0,92051500
2026-04-16,68.5,68.5,0.0,68.61000061035156,64.2699966430664,64.93000030517578,0.0,108328300
2026-04-17,68.5,68.5,0.0,70.33000183105469,67.73999786376953,68.8499984741211,0.0,118831500
2026-04-20,65.69999694824219,65.69999694824219,0.0,69.20999908447266,64.47000122070312,68.44999694824219,0.0,96851100
2026-04-21,66.26000213623047,66.26000213623047,0.0,67.66999816894531,65.63999938964844,67.13999938964844,0.0,91402300
2026-04-22,65.2699966430664,65.2699966430664,0.0,68.7699966430664,64.9800033569336,67.94000244140625,0.0,90267300
2026-04-23,66.77999877929688,66.77999877929688,0.0,68.27999877929688,65.41999816894531,66.0999984741211,0.0,155141800
2026-04-24,82.54000091552734,82.54000091552734,0.0,85.22000122070312,79.62000274658203,82.19999694824219,0.0,281405200
2026-04-27,84.98999786376953,84.98999786376953,0.0,87.0999984741211,82.61000061035156,83.66999816894531,0.0,178820200
2026-04-28,84.5199966430664,84.5199966430664,0.0,84.58999633789062,80.80000305175781,81.27999877929688,0.0,147773500
2026-04-29,94.75,94.75,0.0,94.94999694824219,85.87000274658203,86.13999938964844,0.0,235070900
2026-04-30,94.4800033569336,94.4800033569336,0.0,95.69000244140625,91.5,95.5999984741211,0.0,160597300
2026-05-01,99.62000274658203,99.62000274658203,0.0,100.44999694824219,92.61000061035156,93.19999694824219,0.0,158502800
2026-05-04,95.77999877929688,95.77999877929688,0.0,99.81999969482422,95.5999984741211,99.18000030517578,0.0,119294000
2026-05-05,108.1500015258789,108.1500015258789,0.0,110.4800033569336,100.08000183105469,100.51000213623047,0.0,198482000
2026-05-06,113.01000213623047,113.01000213623047,0.0,113.5,106.58000183105469,110.9800033569336,0.0,157320100
2026-05-07,109.62000274658203,109.62000274658203,0.0,114.51000213623047,109.1500015258789,111.0199966430664,0.0,122699900
2026-05-08,124.91999816894531,124.91999816894531,0.0,130.57000732421875,111.80000305175781,111.80999755859375,0.0,227681300
2026-05-11,129.44000244140625,129.44000244140625,0.0,132.75,123.91999816894531,130.8800048828125,0.0,179486500
2026-05-12,120.61000061035156,120.61000061035156,0.0,127.79000091552734,115.0,124.36000061035156,0.0,172516500
2026-05-13,120.29000091552734,120.29000091552734,0.0,125.0,116.41000366210938,124.0999984741211,0.0,115364400
2026-05-14,115.93000030517578,115.93000030517578,0.0,118.56999969482422,113.16999816894531,114.66000366210938,0.0,118279800
2026-05-15,108.7699966430664,108.7699966430664,0.0,110.56999969482422,105.0199966430664,109.79000091552734,0.0,135206000
2026-05-18,108.16999816894531,108.16999816894531,0.0,115.54000091552734,103.8499984741211,113.47000122070312,0.0,145764000
2026-05-19,110.80000305175781,110.80000305175781,0.0,113.06999969482422,102.4000015258789,106.9800033569336,0.0,150234900
2026-05-20,118.95999908447266,118.95999908447266,0.0,121.94000244140625,114.80000305175781,116.22000122070312,0.0,165086900
2026-05-21,118.5,118.5,0.0,119.41000366210938,113.16999816894531,116.58000183105469,0.0,102452500
2026-05-22,119.83999633789062,119.83999633789062,0.0,122.77999877929688,118.08999633789062,120.33999633789062,0.0,82663000
2026-05-26,123.5199966430664,123.5199966430664,0.0,125.62000274658203,117.3499984741211,122.0999984741211,0.0,108167300
2026-05-27,121.7699966430664,121.7699966430664,0.0,125.2699966430664,117.0,124.38999938964844,0.0,93323300
2026-05-28,120.88999938964844,120.88999938964844,0.0,123.08000183105469,116.30999755859375,121.44999694824219,0.0,97321000
2026-05-29,114.68000030517578,114.68000030517578,0.0,126.63999938964844,113.54000091552734,123.8499984741211,0.0,191676100
2026-06-01,109.33000183105469,109.33000183105469,0.0,113.30000305175781,106.33000183105469,109.43000030517578,0.0,134900400
2026-06-02,107.93000030517578,107.93000030517578,0.0,109.0,104.16999816894531,107.44999694824219,0.0,106336200
2026-06-03,112.70999908447266,112.70999908447266,0.0,118.29000091552734,110.86000061035156,116.41999816894531,0.0,118928800
2026-06-04,111.77999877929688,111.77999877929688,0.0,113.13999938964844,107.4800033569336,108.4000015258789,0.0,77325800
2026-06-05,99.16999816894531,99.16999816894531,0.0,106.4800033569336,98.33000183105469,106.4800033569336,0.0,145209400
2026-06-08,110.2699966430664,110.2699966430664,0.0,112.54000091552734,106.66000366210938,111.0,0.0,136973900
2026-06-09,107.91999816894531,107.91999816894531,0.0,114.0,99.45999908447266,112.98999786376953,0.0,149623100
2026-06-10,107.04000091552734,107.04000091552734,0.0,111.5,104.91999816894531,106.02999877929688,0.0,122653500
2026-06-11,116.95999908447266,116.95999908447266,0.0,119.44000244140625,110.51000213623047,113.5199966430664,0.0,188430300
2026-06-12,124.56999969482422,124.56999969482422,0.0,127.5999984741211,115.33000183105469,117.41999816894531,0.0,151169400
2026-06-15,127.86000061035156,127.86000061035156,0.0,132.61000061035156,126.66000366210938,129.49000549316406,0.0,134507500
2026-06-16,117.05000305175781,117.05000305175781,0.0,128.6999969482422,116.0,125.11000061035156,0.0,132962600
2026-06-17,121.0999984741211,121.0999984741211,0.0,125.19999694824219,118.05999755859375,121.8499984741211,0.0,115324900
2026-06-18,133.99000549316406,133.99000549316406,0.0,135.47999572753906,127.9000015258789,131.80999755859375,0.0,233906600
2026-06-22,140.94000244140625,140.94000244140625,0.0,141.4499969482422,136.2100067138672,139.1199951171875,0.0,127190600
2026-06-23,132.27999877929688,132.27999877929688,0.0,137.97999572753906,128.3000030517578,129.72999572753906,0.0,132976700
2026-06-24,131.64999389648438,131.64999389648438,0.0,136.0800018310547,127.94999694824219,133.0500030517578,0.0,104591700
2026-06-25,132.8699951171875,132.8699951171875,0.0,140.72000122070312,125.41000366210938,139.72999572753906,0.0,122588800
2026-06-26,128.32000732421875,128.32000732421875,0.0,131.22999572753906,125.5,128.7100067138672,0.0,99475400
2026-06-29,131.72000122070312,131.72000122070312,0.0,132.0500030517578,118.5,127.0,0.0,106805300
2026-06-30,139.6300048828125,139.6300048828125,0.0,142.35000610351562,131.52000427246094,131.99000549316406,0.0,116996700
