Date,Adj Close,Close,Dividends,High,Low,Open,Stock Splits,Volume
,MCHP,MCHP,MCHP,MCHP,MCHP,MCHP,MCHP,MCHP
2016-07-01,20.87255859375,25.209999084472656,0.0,25.360000610351562,25.020000457763672,25.295000076293945,0.0,2901800
2016-07-05,20.632448196411133,24.920000076293945,0.0,25.079999923706055,24.690000534057617,25.079999923706055,0.0,4295000
2016-07-06,20.487565994262695,24.7450008392334,0.0,24.860000610351562,24.485000610351562,24.799999237060547,0.0,5027200
2016-07-07,20.86427879333496,25.200000762939453,0.0,26.014999389648438,24.834999084472656,24.834999084472656,0.0,3915600
2016-07-08,21.47281837463379,25.934999465942383,0.0,25.96500015258789,25.385000228881836,25.434999465942383,0.0,3122000
2016-07-11,21.671525955200195,26.174999237060547,0.0,26.299999237060547,25.959999084472656,26.299999237060547,0.0,4399000
2016-07-12,21.982011795043945,26.549999237060547,0.0,26.610000610351562,26.34000015258789,26.34000015258789,0.0,3653800
2016-07-13,22.044105529785156,26.625,0.0,26.854999542236328,26.56999969482422,26.670000076293945,0.0,3557200
2016-07-14,22.193132400512695,26.80500030517578,0.0,27.020000457763672,26.690000534057617,26.899999618530273,0.0,3028000
2016-07-15,22.259366989135742,26.885000228881836,0.0,26.985000610351562,26.69499969482422,26.854999542236328,0.0,11689800
2016-07-18,22.371143341064453,27.020000457763672,0.0,27.334999084472656,26.934999465942383,27.299999237060547,0.0,3109400
2016-07-19,22.234533309936523,26.854999542236328,0.0,26.975000381469727,26.725000381469727,26.895000457763672,0.0,2682200
2016-07-20,22.49534034729004,27.170000076293945,0.0,27.260000228881836,26.81999969482422,26.975000381469727,0.0,2981200
2016-07-21,22.27178382873535,26.899999618530273,0.0,27.165000915527344,26.815000534057617,27.075000762939453,0.0,3437000
2016-07-22,22.42495346069336,27.084999084472656,0.0,27.110000610351562,26.665000915527344,26.954999923706055,0.0,3231800
2016-07-25,22.466358184814453,27.135000228881836,0.0,27.264999389648438,26.84000015258789,26.84000015258789,0.0,3468200
2016-07-26,23.737255096435547,28.670000076293945,0.0,29.3700008392334,27.155000686645508,27.375,0.0,12398200
2016-07-27,23.629615783691406,28.540000915527344,0.0,28.770000457763672,28.18000030517578,28.770000457763672,0.0,6445200
2016-07-28,23.468175888061523,28.344999313354492,0.0,28.655000686645508,28.145000457763672,28.5,0.0,3337600
2016-07-29,23.033496856689453,27.81999969482422,0.0,28.469999313354492,27.81999969482422,28.420000076293945,0.0,7444000
2016-08-01,23.10387420654297,27.905000686645508,0.0,28.1200008392334,27.780000686645508,28.020000457763672,0.0,4318200
2016-08-02,22.760282516479492,27.489999771118164,0.0,27.875,27.2549991607666,27.790000915527344,0.0,3626000
2016-08-03,22.905168533325195,27.665000915527344,0.0,27.690000534057617,27.40999984741211,27.454999923706055,0.0,3169600
2016-08-04,23.07903480529785,27.875,0.0,27.915000915527344,27.674999237060547,27.700000762939453,0.0,3575200
2016-08-05,23.414365768432617,28.280000686645508,0.0,28.28499984741211,27.920000076293945,27.985000610351562,0.0,4005000
2016-08-08,23.443336486816406,28.315000534057617,0.0,28.565000534057617,28.260000228881836,28.299999237060547,0.0,3906400
2016-08-09,25.09922981262207,30.315000534057617,0.0,30.985000610351562,29.729999542236328,29.815000534057617,0.0,16461000
2016-08-10,24.983318328857422,30.174999237060547,0.0,30.424999237060547,30.09000015258789,30.30500030517578,0.0,7084400
2016-08-11,25.157182693481445,30.385000228881836,0.0,30.43000030517578,30.079999923706055,30.184999465942383,0.0,5149200
2016-08-12,25.04955291748047,30.2549991607666,0.0,30.760000228881836,30.145000457763672,30.760000228881836,0.0,2941200
2016-08-15,25.33933448791504,30.604999542236328,0.0,30.635000228881836,30.264999389648438,30.389999389648438,0.0,4751200
2016-08-16,25.18202018737793,30.415000915527344,0.0,30.639999389648438,30.295000076293945,30.44499969482422,0.0,2795200
2016-08-17,25.231698989868164,30.475000381469727,0.0,30.5,30.149999618530273,30.3799991607666,0.0,2234600
2016-08-18,25.498218536376953,30.614999771118164,0.18,30.65999984741211,30.25,30.395000457763672,0.0,3473600
2016-08-19,25.52737045288086,30.649999618530273,0.0,30.90999984741211,30.524999618530273,30.645000457763672,0.0,3411400
2016-08-22,25.514877319335938,30.635000228881836,0.0,30.665000915527344,30.459999084472656,30.475000381469727,0.0,2469600
2016-08-23,25.569011688232422,30.700000762939453,0.0,30.954999923706055,30.684999465942383,30.78499984741211,0.0,3481800
2016-08-24,25.410768508911133,30.510000228881836,0.0,30.725000381469727,30.440000534057617,30.575000762939453,0.0,2914800
2016-08-25,25.456575393676758,30.565000534057617,0.0,30.815000534057617,30.450000762939453,30.520000457763672,0.0,3540800
2016-08-26,25.643966674804688,30.790000915527344,0.0,31.1200008392334,30.594999313354492,30.610000610351562,0.0,3074000
2016-08-29,25.652301788330078,30.799999237060547,0.0,31.0,30.780000686645508,30.834999084472656,0.0,2232800
2016-08-30,25.581504821777344,30.71500015258789,0.0,31.1200008392334,30.625,30.885000228881836,0.0,3032600
2016-08-31,25.781389236450195,30.954999923706055,0.0,30.9950008392334,30.575000762939453,30.78499984741211,0.0,4529400
2016-09-01,26.15201759338379,31.399999618530273,0.0,31.399999618530273,30.780000686645508,31.049999237060547,0.0,6825400
2016-09-02,26.106210708618164,31.344999313354492,0.0,31.5,31.135000228881836,31.3700008392334,0.0,3732000
2016-09-06,25.931312561035156,31.135000228881836,0.0,31.55500030517578,30.905000686645508,31.405000686645508,0.0,5510400
2016-09-07,25.310821533203125,30.389999389648438,0.0,30.93000030517578,30.274999618530273,30.739999771118164,0.0,10122200
2016-09-08,25.260852813720703,30.329999923706055,0.0,30.475000381469727,30.149999618530273,30.3799991607666,0.0,3503400
2016-09-09,24.36968994140625,29.260000228881836,0.0,30.190000534057617,29.15999984741211,30.079999923706055,0.0,5893600
2016-09-12,24.927703857421875,29.93000030517578,0.0,29.9950008392334,29.075000762939453,29.190000534057617,0.0,3907200
2016-09-13,24.623706817626953,29.565000534057617,0.0,29.979999542236328,29.434999465942383,29.790000915527344,0.0,4871400
2016-09-14,24.740306854248047,29.704999923706055,0.0,29.780000686645508,29.299999237060547,29.540000915527344,0.0,2819800
2016-09-15,25.169233322143555,30.219999313354492,0.0,30.44499969482422,29.665000915527344,29.739999771118164,0.0,5869400
2016-09-16,25.11509895324707,30.155000686645508,0.0,30.3700008392334,29.809999465942383,30.204999923706055,0.0,6765400
2016-09-19,25.231698989868164,30.295000076293945,0.0,30.645000457763672,30.149999618530273,30.364999771118164,0.0,2464600
2016-09-20,25.069292068481445,30.100000381469727,0.0,30.420000076293945,30.03499984741211,30.395000457763672,0.0,2975000
2016-09-21,25.45240592956543,30.559999465942383,0.0,30.584999084472656,30.15999984741211,30.260000228881836,0.0,2848800
2016-09-22,25.477397918701172,30.59000015258789,0.0,30.920000076293945,30.28499984741211,30.774999618530273,0.0,3381600
2016-09-23,25.252521514892578,30.31999969482422,0.0,30.670000076293945,30.299999237060547,30.6200008392334,0.0,1968800
2016-09-26,25.181732177734375,30.235000610351562,0.0,30.375,30.049999237060547,30.25,0.0,1912200
2016-09-27,25.53569221496582,30.65999984741211,0.0,30.69499969482422,30.0,30.155000686645508,0.0,3059400
2016-09-28,25.67312240600586,30.825000762939453,0.0,30.889999389648438,30.540000915527344,30.704999923706055,0.0,2670000
2016-09-29,25.80637550354004,30.985000610351562,0.0,31.190000534057617,30.44499969482422,30.825000762939453,0.0,3943600
2016-09-30,25.877174377441406,31.06999969482422,0.0,31.364999771118164,30.924999237060547,31.05500030517578,0.0,5265200
2016-10-03,25.743915557861328,30.90999984741211,0.0,31.21500015258789,30.825000762939453,31.030000686645508,0.0,2433600
2016-10-04,25.53569221496582,30.65999984741211,0.0,31.100000381469727,30.559999465942383,30.889999389648438,0.0,2563400
2016-10-05,25.868844985961914,31.059999465942383,0.0,31.299999237060547,30.75,30.829999923706055,0.0,2803800
2016-10-06,26.060401916503906,31.290000915527344,0.0,31.299999237060547,30.895000457763672,31.059999465942383,0.0,3033800
2016-10-07,25.843860626220703,31.030000686645508,0.0,31.299999237060547,30.760000228881836,31.299999237060547,0.0,2369400
2016-10-10,25.531530380249023,30.655000686645508,0.0,31.280000686645508,30.614999771118164,31.149999618530273,0.0,2724800
2016-10-11,24.856910705566406,29.844999313354492,0.0,30.700000762939453,29.540000915527344,30.549999237060547,0.0,4868600
2016-10-12,24.569570541381836,29.5,0.0,29.795000076293945,29.235000610351562,29.7549991607666,0.0,5796800
2016-10-13,24.32387351989746,29.204999923706055,0.0,29.264999389648438,28.760000228881836,29.264999389648438,0.0,4045400
2016-10-14,24.569570541381836,29.5,0.0,29.8700008392334,29.239999771118164,29.389999389648438,0.0,4057600
2016-10-17,24.444643020629883,29.350000381469727,0.0,29.704999923706055,29.329999923706055,29.450000762939453,0.0,2694800
2016-10-18,24.511272430419922,29.43000030517578,0.0,29.815000534057617,29.395000457763672,29.704999923706055,0.0,3481000
2016-10-19,24.990169525146484,30.0049991607666,0.0,30.135000228881836,29.209999084472656,29.360000610351562,0.0,6165200
2016-10-20,24.865236282348633,29.854999542236328,0.0,30.040000915527344,29.549999237060547,29.905000686645508,0.0,2602400
2016-10-21,24.777790069580078,29.75,0.0,29.829999923706055,29.395000457763672,29.704999923706055,0.0,2008200
2016-10-24,25.252521514892578,30.31999969482422,0.0,30.350000381469727,29.96500015258789,29.96500015258789,0.0,2318600
2016-10-25,25.364957809448242,30.454999923706055,0.0,30.59000015258789,30.295000076293945,30.329999923706055,0.0,3309000
2016-10-26,25.21504020690918,30.274999618530273,0.0,30.3799991607666,30.05500030517578,30.264999389648438,0.0,3104000
2016-10-27,25.135921478271484,30.18000030517578,0.0,30.709999084472656,30.06999969482422,30.375,0.0,3226200
2016-10-28,25.11092758178711,30.149999618530273,0.0,30.510000228881836,30.045000076293945,30.229999542236328,0.0,2126000
2016-10-31,25.21504020690918,30.274999618530273,0.0,30.604999542236328,30.264999389648438,30.344999313354492,0.0,4822000
2016-11-01,25.060962677001953,30.09000015258789,0.0,30.44499969482422,29.75,30.399999618530273,0.0,3987200
2016-11-02,24.927703857421875,29.93000030517578,0.0,30.34000015258789,29.889999389648438,30.110000610351562,0.0,4126200
2016-11-03,24.831924438476562,29.815000534057617,0.0,30.09000015258789,29.690000534057617,29.989999771118164,0.0,2423400
2016-11-04,25.07762336730957,30.110000610351562,0.0,30.260000228881836,29.725000381469727,29.760000228881836,0.0,4218400
2016-11-07,25.914653778076172,31.114999771118164,0.0,31.165000915527344,30.450000762939453,30.559999465942383,0.0,6885200
2016-11-08,26.63507843017578,31.979999542236328,0.0,32.80500030517578,31.594999313354492,32.6150016784668,0.0,10176600
2016-11-09,26.78082847595215,32.154998779296875,0.0,32.36000061035156,30.774999618530273,31.104999542236328,0.0,6642400
2016-11-10,26.002099990844727,31.219999313354492,0.0,32.709999084472656,31.05500030517578,32.27000045776367,0.0,10097000
2016-11-11,26.297765731811523,31.575000762939453,0.0,31.604999542236328,31.079999923706055,31.219999313354492,0.0,4819400
2016-11-14,26.45601463317871,31.764999389648438,0.0,31.905000686645508,31.549999237060547,31.84000015258789,0.0,4827600
2016-11-15,27.147294998168945,32.595001220703125,0.0,32.630001068115234,31.729999542236328,31.815000534057617,0.0,4592400
2016-11-16,27.338850021362305,32.82500076293945,0.0,32.8650016784668,32.25,32.3849983215332,0.0,3663400
2016-11-17,27.406269073486328,32.724998474121094,0.1805,32.95000076293945,32.415000915527344,32.654998779296875,0.0,3157400
2016-11-18,27.037790298461914,32.28499984741211,0.0,32.724998474121094,32.130001068115234,32.58000183105469,0.0,6136800
2016-11-21,27.30158805847168,32.599998474121094,0.0,32.80500030517578,32.310001373291016,32.45000076293945,0.0,5826400
2016-11-22,27.45651626586914,32.78499984741211,0.0,32.83000183105469,32.41999816894531,32.59000015258789,0.0,4657800
2016-11-23,27.682634353637695,33.05500030517578,0.0,33.060001373291016,32.63999938964844,32.75,0.0,3424600
2016-11-25,27.670074462890625,33.040000915527344,0.0,33.125,32.91999816894531,32.97999954223633,0.0,1251800
2016-11-28,27.594697952270508,32.95000076293945,0.0,33.404998779296875,32.81999969482422,32.9900016784668,0.0,4067200
2016-11-29,27.649139404296875,33.01499938964844,0.0,33.165000915527344,32.744998931884766,32.880001068115234,0.0,3885000
2016-11-30,27.711950302124023,33.09000015258789,0.0,33.380001068115234,32.77000045776367,33.005001068115234,0.0,6499600
2016-12-01,25.63920783996582,30.614999771118164,0.0,33.19499969482422,30.385000228881836,33.165000915527344,0.0,17624800
2016-12-02,25.982572555541992,31.024999618530273,0.0,31.350000381469727,30.424999237060547,30.594999313354492,0.0,5464800
2016-12-05,26.4766788482666,31.614999771118164,0.0,31.854999542236328,31.19499969482422,31.364999771118164,0.0,5873600
2016-12-06,26.58555030822754,31.7450008392334,0.0,31.850000381469727,31.489999771118164,31.610000610351562,0.0,4300400
2016-12-07,27.00847816467285,32.25,0.0,32.29499816894531,31.520000457763672,31.760000228881836,0.0,3257200
2016-12-08,27.29740333557129,32.595001220703125,0.0,32.6349983215332,32.095001220703125,32.279998779296875,0.0,3643400
2016-12-09,27.021038055419922,32.26499938964844,0.0,32.68000030517578,32.06999969482422,32.65999984741211,0.0,2911400
2016-12-12,26.63579750061035,31.80500030517578,0.0,32.290000915527344,31.475000381469727,32.185001373291016,0.0,3341000
2016-12-13,27.259721755981445,32.54999923706055,0.0,32.70000076293945,32.005001068115234,32.09000015258789,0.0,2651200
2016-12-14,27.2387752532959,32.525001525878906,0.0,32.79999923706055,32.45000076293945,32.47999954223633,0.0,3201600
2016-12-15,27.565391540527344,32.915000915527344,0.0,33.14500045776367,32.45000076293945,32.65999984741211,0.0,6317800
2016-12-16,27.021038055419922,32.26499938964844,0.0,33.119998931884766,32.209999084472656,33.095001220703125,0.0,5762600
2016-12-19,27.22201919555664,32.505001068115234,0.0,32.744998931884766,32.2400016784668,32.28499984741211,0.0,2013400
2016-12-20,27.343461990356445,32.650001525878906,0.0,32.88999938964844,32.505001068115234,32.68000030517578,0.0,2216600
2016-12-21,27.28902816772461,32.584999084472656,0.0,32.85499954223633,32.380001068115234,32.72999954223633,0.0,2086000
2016-12-22,27.376956939697266,32.689998626708984,0.0,32.76499938964844,32.415000915527344,32.76499938964844,0.0,2381600
2016-12-23,27.38532829284668,32.70000076293945,0.0,32.709999084472656,32.439998626708984,32.55500030517578,0.0,1040600
2016-12-27,27.38532829284668,32.70000076293945,0.0,33.029998779296875,32.654998779296875,32.68000030517578,0.0,1796200
2016-12-28,27.079660415649414,32.334999084472656,0.0,32.83000183105469,32.33000183105469,32.755001068115234,0.0,1687400
2016-12-29,27.117341995239258,32.380001068115234,0.0,32.5,32.20500183105469,32.32500076293945,0.0,2484000
2016-12-30,26.861915588378906,32.07500076293945,0.0,32.525001525878906,31.905000686645508,32.525001525878906,0.0,2012800
2017-01-03,26.73629379272461,31.924999237060547,0.0,32.4900016784668,31.584999084472656,32.255001068115234,0.0,5107400
2017-01-04,26.723726272583008,31.90999984741211,0.0,32.064998626708984,31.725000381469727,32.03499984741211,0.0,4460600
2017-01-05,26.20868682861328,31.295000076293945,0.0,31.915000915527344,31.104999542236328,31.770000457763672,0.0,5424800
2017-01-06,26.66510581970215,31.84000015258789,0.0,31.96500015258789,31.260000228881836,31.375,0.0,2737200
2017-01-09,26.974973678588867,32.209999084472656,0.0,32.40999984741211,31.80500030517578,31.80500030517578,0.0,3907400
2017-01-10,27.155027389526367,32.42499923706055,0.0,32.4900016784668,32.060001373291016,32.209999084472656,0.0,2316600
2017-01-11,27.837566375732422,33.2400016784668,0.0,33.255001068115234,32.25,32.345001220703125,0.0,6496600
2017-01-12,27.837566375732422,33.2400016784668,0.0,33.314998626708984,32.73500061035156,33.18000030517578,0.0,4881800
2017-01-13,27.778945922851562,33.16999816894531,0.0,33.349998474121094,33.1150016784668,33.310001373291016,0.0,2763600
2017-01-17,27.1968994140625,32.474998474121094,0.0,33.064998626708984,32.34000015258789,33.0099983215332,0.0,2971800
2017-01-18,27.84593963623047,33.25,0.0,33.32500076293945,32.51499938964844,32.60499954223633,0.0,6319400
2017-01-19,27.506771087646484,32.845001220703125,0.0,33.595001220703125,32.79999923706055,33.150001525878906,0.0,3190600
2017-01-20,28.026004791259766,33.46500015258789,0.0,33.48500061035156,32.92499923706055,32.97999954223633,0.0,3904200
2017-01-23,28.0678768157959,33.51499938964844,0.0,33.599998474121094,33.185001373291016,33.36000061035156,0.0,3516400
2017-01-24,28.432172775268555,33.95000076293945,0.0,33.97999954223633,33.529998779296875,33.66999816894531,0.0,3504800
2017-01-25,28.817411422729492,34.40999984741211,0.0,34.5099983215332,34.125,34.20000076293945,0.0,4255800
2017-01-26,28.31911277770996,33.814998626708984,0.0,34.470001220703125,33.790000915527344,34.470001220703125,0.0,5307800
2017-01-27,28.79228401184082,34.380001068115234,0.0,34.38999938964844,33.915000915527344,33.974998474121094,0.0,2840800
2017-01-30,28.91790771484375,34.529998779296875,0.0,34.54499816894531,33.8849983215332,34.32500076293945,0.0,3304200
2017-01-31,28.20186424255371,33.67499923706055,0.0,34.43000030517578,33.42499923706055,34.415000915527344,0.0,4797400
2017-02-01,28.64573097229004,34.20500183105469,0.0,34.2599983215332,33.685001373291016,33.85499954223633,0.0,3876000
2017-02-02,28.800661087036133,34.38999938964844,0.0,34.415000915527344,33.720001220703125,33.915000915527344,0.0,3521000
2017-02-03,29.072845458984375,34.71500015258789,0.0,34.8650016784668,34.244998931884766,34.61000061035156,0.0,3699000
2017-02-06,28.96397590637207,34.584999084472656,0.0,34.71500015258789,34.415000915527344,34.57500076293945,0.0,4488200
2017-02-07,29.152393341064453,34.810001373291016,0.0,34.82500076293945,34.51499938964844,34.63999938964844,0.0,4644400
2017-02-08,30.902721405029297,36.900001525878906,0.0,38.25,36.5099983215332,38.25,0.0,23618800
2017-02-09,29.700942993164062,35.46500015258789,0.0,36.75,35.310001373291016,36.04999923706055,0.0,60882200
2017-02-10,29.688385009765625,35.45000076293945,0.0,35.5099983215332,34.880001068115234,35.27000045776367,0.0,35279600
2017-02-13,29.587879180908203,35.33000183105469,0.0,35.76499938964844,35.20500183105469,35.52000045776367,0.0,14991800
2017-02-14,29.63813591003418,35.38999938964844,0.0,35.65999984741211,35.09000015258789,35.314998626708984,0.0,10793800
2017-02-15,30.107114791870117,35.95000076293945,0.0,36.029998779296875,35.36000061035156,35.47999954223633,0.0,11276800
2017-02-16,30.179080963134766,35.85499954223633,0.1805,35.875,35.48500061035156,35.775001525878906,0.0,6523000
2017-02-17,30.166458129882812,35.84000015258789,0.0,35.849998474121094,35.529998779296875,35.77000045776367,0.0,4589800
2017-02-21,30.503131866455078,36.2400016784668,0.0,36.26499938964844,35.875,35.94499969482422,0.0,7802000
2017-02-22,30.738807678222656,36.52000045776367,0.0,36.564998626708984,36.119998931884766,36.255001068115234,0.0,8645800
2017-02-23,30.59994125366211,36.35499954223633,0.0,36.54999923706055,36.16999816894531,36.52000045776367,0.0,8552400
2017-02-24,30.650428771972656,36.415000915527344,0.0,36.45500183105469,35.91999816894531,36.119998931884766,0.0,5587200
2017-02-27,30.77668571472168,36.564998626708984,0.0,36.57500076293945,36.209999084472656,36.35499954223633,0.0,6677200
2017-02-28,30.519973754882812,36.2599983215332,0.0,36.61000061035156,36.04999923706055,36.470001220703125,0.0,11334800
2017-03-01,30.9913272857666,36.81999969482422,0.0,36.900001525878906,36.1150016784668,36.619998931884766,0.0,11052800
2017-03-02,30.72618865966797,36.505001068115234,0.0,36.915000915527344,36.375,36.654998779296875,0.0,6169400
2017-03-03,30.848237991333008,36.650001525878906,0.0,36.685001373291016,36.35499954223633,36.560001373291016,0.0,4747200
2017-03-06,31.109163284301758,36.959999084472656,0.0,37.099998474121094,36.310001373291016,36.435001373291016,0.0,7180000
2017-03-07,31.075485229492188,36.91999816894531,0.0,37.2400016784668,36.70000076293945,36.92499923706055,0.0,8834400
2017-03-08,30.945032119750977,36.76499938964844,0.0,37.314998626708984,36.69499969482422,37.060001373291016,0.0,7071800
2017-03-09,30.92399787902832,36.7400016784668,0.0,36.810001373291016,36.5099983215332,36.71500015258789,0.0,3430600
2017-03-10,31.121782302856445,36.974998474121094,0.0,37.19499969482422,36.875,37.05500030517578,0.0,3061800
2017-03-13,31.353242874145508,37.25,0.0,37.290000915527344,36.935001373291016,37.040000915527344,0.0,3232800
2017-03-14,31.138614654541016,36.994998931884766,0.0,37.154998779296875,36.85499954223633,37.154998779296875,0.0,3572000
2017-03-15,31.361671447753906,37.2599983215332,0.0,37.32500076293945,36.84000015258789,37.084999084472656,0.0,4494800
2017-03-16,31.193340301513672,37.060001373291016,0.0,37.45000076293945,36.92499923706055,37.375,0.0,3393600
2017-03-17,31.26066780090332,37.13999938964844,0.0,37.43000030517578,37.06999969482422,37.2400016784668,0.0,6808800
2017-03-20,31.29012680053711,37.17499923706055,0.0,37.38999938964844,37.10499954223633,37.20000076293945,0.0,2861200
2017-03-21,30.4442138671875,36.16999816894531,0.0,37.40999984741211,36.1150016784668,37.314998626708984,0.0,5158600
2017-03-22,30.93239974975586,36.75,0.0,36.845001220703125,36.17499923706055,36.255001068115234,0.0,4473200
2017-03-23,30.616764068603516,36.375,0.0,36.689998626708984,36.2400016784668,36.689998626708984,0.0,3572800
2017-03-24,30.78510093688965,36.57500076293945,0.0,37.064998626708984,36.474998474121094,36.79499816894531,0.0,4031400
2017-03-27,30.646228790283203,36.40999984741211,0.0,36.709999084472656,35.939998626708984,36.29999923706055,0.0,3799400
2017-03-28,30.93239974975586,36.75,0.0,37.02000045776367,36.30500030517578,36.404998779296875,0.0,4062400
2017-03-29,31.008169174194336,36.84000015258789,0.0,36.939998626708984,36.505001068115234,36.56999969482422,0.0,5091400
2017-03-30,31.092334747314453,36.939998626708984,0.0,37.185001373291016,36.75,36.814998626708984,0.0,2651800
2017-03-31,31.05024528503418,36.88999938964844,0.0,37.165000915527344,36.5,36.85499954223633,0.0,4746200
2017-04-03,30.810354232788086,36.60499954223633,0.0,37.22999954223633,36.22999954223633,36.970001220703125,0.0,4203400
2017-04-04,30.91136360168457,36.724998474121094,0.0,37.29999923706055,36.619998931884766,36.880001068115234,0.0,4397800
2017-04-05,30.730392456054688,36.5099983215332,0.0,37.23500061035156,36.404998779296875,36.76499938964844,0.0,3890800
2017-04-06,30.94081687927246,36.7599983215332,0.0,36.904998779296875,36.060001373291016,36.45000076293945,0.0,4130000
2017-04-07,31.168075561523438,37.029998779296875,0.0,37.130001068115234,36.6349983215332,36.779998779296875,0.0,4978000
2017-04-10,30.89452362060547,36.70500183105469,0.0,37.185001373291016,36.63999938964844,37.029998779296875,0.0,3816600
2017-04-11,30.57889747619629,36.33000183105469,0.0,36.564998626708984,35.70000076293945,36.52000045776367,0.0,7022000
2017-04-12,30.364261627197266,36.07500076293945,0.0,36.349998474121094,35.85499954223633,36.314998626708984,0.0,6462800
2017-04-13,30.40213394165039,36.119998931884766,0.0,36.44499969482422,35.95500183105469,36.0099983215332,0.0,5444000
2017-04-17,30.730392456054688,36.5099983215332,0.0,36.59000015258789,36.18000030517578,36.275001525878906,0.0,2862200
2017-04-18,31.197534561157227,37.064998626708984,0.0,37.154998779296875,36.279998779296875,36.29999923706055,0.0,4660800
2017-04-19,31.5047607421875,37.43000030517578,0.0,37.71500015258789,37.23500061035156,37.27000045776367,0.0,6558200
2017-04-20,31.828807830810547,37.814998626708984,0.0,37.97999954223633,37.57500076293945,37.755001068115234,0.0,6418400
2017-04-21,31.323793411254883,37.21500015258789,0.0,37.5,36.935001373291016,37.380001068115234,0.0,5927800
2017-04-24,31.963481903076172,37.974998474121094,0.0,38.04999923706055,37.55500030517578,37.7400016784668,0.0,3223800
2017-04-25,32.291744232177734,38.3650016784668,0.0,38.400001525878906,37.880001068115234,38.0,0.0,5482400
2017-04-26,32.047645568847656,38.07500076293945,0.0,38.404998779296875,37.875,38.3650016784668,0.0,4638400
2017-04-27,32.300167083740234,38.375,0.0,38.65999984741211,38.22999954223633,38.275001525878906,0.0,4140800
2017-04-28,31.80776596069336,37.790000915527344,0.0,38.36000061035156,37.70500183105469,38.36000061035156,0.0,4434800
2017-05-01,32.05186080932617,38.08000183105469,0.0,38.130001068115234,37.525001525878906,37.959999084472656,0.0,2480400
2017-05-02,31.85406494140625,37.845001220703125,0.0,38.07500076293945,37.560001373291016,38.04999923706055,0.0,4387800
2017-05-03,31.668888092041016,37.625,0.0,37.880001068115234,37.48500061035156,37.76499938964844,0.0,4904200
2017-05-04,31.567880630493164,37.505001068115234,0.0,37.82500076293945,37.415000915527344,37.66999816894531,0.0,4613800
2017-05-05,31.635221481323242,37.584999084472656,0.0,37.685001373291016,37.275001525878906,37.685001373291016,0.0,4296000
2017-05-08,31.757261276245117,37.72999954223633,0.0,37.915000915527344,37.43000030517578,37.665000915527344,0.0,4429000
2017-05-09,32.173912048339844,38.224998474121094,0.0,38.2400016784668,37.59000015258789,37.72999954223633,0.0,7676600
2017-05-10,33.04085159301758,39.255001068115234,0.0,40.099998474121094,38.834999084472656,39.94499969482422,0.0,13076600
2017-05-11,33.263916015625,39.52000045776367,0.0,39.779998779296875,38.98500061035156,39.19499969482422,0.0,7412000
2017-05-12,33.247074127197266,39.5,0.0,39.6349983215332,39.310001373291016,39.5,0.0,3844600
2017-05-15,33.722633361816406,40.064998626708984,0.0,40.06999969482422,39.48500061035156,39.529998779296875,0.0,4538800
2017-05-16,34.35389709472656,40.814998626708984,0.0,40.8650016784668,39.85499954223633,39.959999084472656,0.0,5177800
2017-05-17,32.96931838989258,39.16999816894531,0.0,40.61000061035156,39.119998931884766,40.45000076293945,0.0,5799200
2017-05-18,33.39016342163086,39.66999816894531,0.0,39.875,38.939998626708984,39.19499969482422,0.0,5232600
2017-05-19,33.89833068847656,40.09000015258789,0.181,40.209999084472656,39.685001373291016,39.7400016784668,0.0,3533400
2017-05-22,34.29153060913086,40.55500030517578,0.0,40.65999984741211,40.09000015258789,40.14500045776367,0.0,3380000
2017-05-23,34.39298629760742,40.67499923706055,0.0,40.970001220703125,40.31999969482422,40.6349983215332,0.0,3845000
2017-05-24,34.52405548095703,40.83000183105469,0.0,40.904998779296875,40.540000915527344,40.76499938964844,0.0,3742400
2017-05-25,34.570552825927734,40.8849983215332,0.0,41.18000030517578,40.790000915527344,41.0,0.0,4767000
2017-05-26,34.540950775146484,40.849998474121094,0.0,40.89500045776367,40.529998779296875,40.744998931884766,0.0,3613200
2017-05-30,34.8834114074707,41.255001068115234,0.0,41.43000030517578,40.849998474121094,40.90999984741211,0.0,4985400
2017-05-31,35.217403411865234,41.650001525878906,0.0,42.0,41.2400016784668,41.54499816894531,0.0,5153000
2017-06-01,35.27237319946289,41.71500015258789,0.0,41.9900016784668,41.61000061035156,41.810001373291016,0.0,4030800
2017-06-02,35.65708923339844,42.16999816894531,0.0,42.314998626708984,41.44499969482422,41.869998931884766,0.0,4600400
2017-06-05,35.728965759277344,42.255001068115234,0.0,42.775001525878906,42.20500183105469,42.275001525878906,0.0,5237000
2017-06-06,36.01647186279297,42.595001220703125,0.0,42.79999923706055,41.779998779296875,42.15999984741211,0.0,6482600
2017-06-07,36.485748291015625,43.150001525878906,0.0,43.255001068115234,42.65999984741211,42.779998779296875,0.0,5534600
2017-06-08,36.722503662109375,43.43000030517578,0.0,43.45000076293945,42.81999969482422,43.290000915527344,0.0,3471800
2017-06-09,35.29351043701172,41.7400016784668,0.0,43.744998931884766,40.86000061035156,43.625,0.0,8614800
2017-06-12,35.124393463134766,41.540000915527344,0.0,41.54999923706055,40.150001525878906,40.915000915527344,0.0,8241600
2017-06-13,35.31464385986328,41.76499938964844,0.0,42.25,41.025001525878906,41.814998626708984,0.0,6534400
2017-06-14,34.79463577270508,41.150001525878906,0.0,42.04999923706055,40.689998626708984,41.95000076293945,0.0,4520000
2017-06-15,34.48600769042969,40.78499984741211,0.0,40.91999816894531,40.35499954223633,40.529998779296875,0.0,4930200
2017-06-16,34.34225845336914,40.6150016784668,0.0,41.09000015258789,40.3849983215332,40.904998779296875,0.0,8133600
2017-06-19,34.92569351196289,41.30500030517578,0.0,41.52000045776367,40.904998779296875,40.97999954223633,0.0,4948200
2017-06-20,33.97021484375,40.17499923706055,0.0,41.41999816894531,40.1349983215332,41.35499954223633,0.0,4661600
2017-06-21,34.17314910888672,40.415000915527344,0.0,40.59000015258789,39.94499969482422,40.334999084472656,0.0,9588400
2017-06-22,33.851837158203125,40.03499984741211,0.0,40.55500030517578,40.0099983215332,40.38999938964844,0.0,5496600
2017-06-23,34.49445724487305,40.79499816894531,0.0,40.85499954223633,39.900001525878906,40.11000061035156,0.0,5425600
2017-06-26,33.949066162109375,40.150001525878906,0.0,41.35499954223633,40.11000061035156,40.79999923706055,0.0,3350200
2017-06-27,33.27684783935547,39.35499954223633,0.0,40.209999084472656,39.33000183105469,40.025001525878906,0.0,4958800
2017-06-28,33.7503662109375,39.915000915527344,0.0,39.9900016784668,38.775001525878906,39.525001525878906,0.0,6462000
2017-06-29,32.71455383300781,38.689998626708984,0.0,39.66999816894531,38.154998779296875,39.625,0.0,6508200
2017-06-30,32.63002395629883,38.59000015258789,0.0,39.1349983215332,38.47999954223633,38.915000915527344,0.0,4849600
2017-07-03,32.050804138183594,37.904998779296875,0.0,38.994998931884766,37.900001525878906,38.8650016784668,0.0,2264800
2017-07-05,32.951324462890625,38.970001220703125,0.0,39.05500030517578,38.0099983215332,38.0099983215332,0.0,6206400
2017-07-06,32.60464096069336,38.560001373291016,0.0,39.09000015258789,38.25,38.54999923706055,0.0,3314000
2017-07-07,33.12889099121094,39.18000030517578,0.0,39.505001068115234,38.60499954223633,38.7400016784668,0.0,3702400
2017-07-10,33.29798126220703,39.380001068115234,0.0,39.540000915527344,38.974998474121094,39.19499969482422,0.0,3534600
2017-07-11,33.44597244262695,39.55500030517578,0.0,39.814998626708984,39.30500030517578,39.380001068115234,0.0,2765800
2017-07-12,33.8898811340332,40.08000183105469,0.0,40.625,39.77000045776367,39.96500015258789,0.0,6263400
2017-07-13,33.60662078857422,39.744998931884766,0.0,40.290000915527344,39.67499923706055,40.189998626708984,0.0,4478000
2017-07-14,34.177371978759766,40.41999816894531,0.0,40.5099983215332,39.8650016784668,39.939998626708984,0.0,2835000
2017-07-17,34.257686614990234,40.51499938964844,0.0,40.67499923706055,40.18000030517578,40.45000076293945,0.0,2911200
2017-07-18,34.48600769042969,40.78499984741211,0.0,40.80500030517578,40.19499969482422,40.404998779296875,0.0,2386600
2017-07-19,34.79885482788086,41.154998779296875,0.0,41.2400016784668,40.85499954223633,41.03499984741211,0.0,4198600
2017-07-20,35.107486724853516,41.52000045776367,0.0,41.689998626708984,41.025001525878906,41.255001068115234,0.0,3423200
2017-07-21,34.19428634643555,40.439998626708984,0.0,41.025001525878906,40.33000183105469,41.0,0.0,5266800
2017-07-24,34.05476760864258,40.275001525878906,0.0,40.619998931884766,40.189998626708984,40.5,0.0,3605200
2017-07-25,34.21964645385742,40.470001220703125,0.0,40.69499969482422,40.060001373291016,40.25,0.0,3005000
2017-07-26,34.95951461791992,41.345001220703125,0.0,41.619998931884766,40.70000076293945,40.775001525878906,0.0,4457400
2017-07-27,34.215431213378906,40.46500015258789,0.0,41.595001220703125,39.900001525878906,41.4900016784668,0.0,4167200
2017-07-28,34.118194580078125,40.349998474121094,0.0,40.45000076293945,40.03499984741211,40.334999084472656,0.0,2504400
2017-07-31,33.839149475097656,40.02000045776367,0.0,40.68000030517578,39.974998474121094,40.5,0.0,3707800
2017-08-01,33.961753845214844,40.165000915527344,0.0,40.400001525878906,40.01499938964844,40.30500030517578,0.0,2395000
2017-08-02,33.74613571166992,39.90999984741211,0.0,40.54999923706055,39.56999969482422,40.34000015258789,0.0,3678800
2017-08-03,34.10972595214844,40.34000015258789,0.0,40.5,39.78499984741211,39.935001373291016,0.0,6185200
2017-08-04,35.297733306884766,41.744998931884766,0.0,41.915000915527344,40.404998779296875,40.71500015258789,0.0,10037400
2017-08-07,35.927669525146484,42.4900016784668,0.0,42.52000045776367,41.5099983215332,41.790000915527344,0.0,4677800
2017-08-08,35.77547836303711,42.310001373291016,0.0,42.970001220703125,42.1150016784668,42.46500015258789,0.0,5263600
2017-08-09,35.3442497253418,41.79999923706055,0.0,42.10499954223633,41.55500030517578,41.959999084472656,0.0,2762400
2017-08-10,34.34648132324219,40.619998931884766,0.0,41.630001068115234,40.55500030517578,41.474998474121094,0.0,4574000
2017-08-11,34.7565803527832,41.10499954223633,0.0,41.36000061035156,40.685001373291016,40.70000076293945,0.0,2814400
2017-08-14,35.521812438964844,42.0099983215332,0.0,42.23500061035156,41.5099983215332,41.689998626708984,0.0,4129800
2017-08-15,35.635963439941406,42.14500045776367,0.0,42.220001220703125,41.64500045776367,42.029998779296875,0.0,3376200
2017-08-16,35.58100509643555,42.08000183105469,0.0,42.3849983215332,41.83000183105469,42.19499969482422,0.0,2672600
2017-08-17,34.66895294189453,40.82500076293945,0.181,41.77000045776367,40.79999923706055,41.69499969482422,0.0,3590600
2017-08-18,34.63923263549805,40.790000915527344,0.0,41.185001373291016,40.665000915527344,40.959999084472656,0.0,2698000
2017-08-21,34.618003845214844,40.76499938964844,0.0,40.959999084472656,40.459999084472656,40.92499923706055,0.0,1824800
2017-08-22,35.1190299987793,41.35499954223633,0.0,41.46500015258789,40.94499969482422,40.94499969482422,0.0,2659200
2017-08-23,35.19970703125,41.45000076293945,0.0,41.560001373291016,40.900001525878906,41.005001068115234,0.0,2485000
2017-08-24,35.110530853271484,41.345001220703125,0.0,41.744998931884766,41.17499923706055,41.474998474121094,0.0,2913400
2017-08-25,35.08506774902344,41.314998626708984,0.0,41.61000061035156,41.224998474121094,41.40999984741211,0.0,1540600
2017-08-28,35.56486129760742,41.880001068115234,0.0,41.96500015258789,41.35499954223633,41.529998779296875,0.0,2312400
2017-08-29,35.59457778930664,41.915000915527344,0.0,42.0,41.43000030517578,41.44499969482422,0.0,3039800
2017-08-30,36.38009262084961,42.84000015258789,0.0,42.875,41.994998931884766,42.0,0.0,5708800
2017-08-31,36.855655670166016,43.400001525878906,0.0,43.48500061035156,42.775001525878906,42.91999816894531,0.0,4217000
2017-09-01,37.301490783691406,43.92499923706055,0.0,44.0,43.35499954223633,43.47999954223633,0.0,3401800
2017-09-05,36.724029541015625,43.244998931884766,0.0,43.8849983215332,42.7400016784668,43.494998931884766,0.0,4230000
2017-09-06,36.56693649291992,43.060001373291016,0.0,43.27000045776367,42.5,43.07500076293945,0.0,4308600
2017-09-07,37.106170654296875,43.69499969482422,0.0,43.75,42.85499954223633,43.095001220703125,0.0,3018600
2017-09-08,36.757999420166016,43.28499984741211,0.0,43.80500030517578,43.185001373291016,43.650001525878906,0.0,3243600
2017-09-11,37.52653121948242,44.189998626708984,0.0,44.2400016784668,43.439998626708984,43.900001525878906,0.0,3892000
2017-09-12,37.55625915527344,44.224998474121094,0.0,44.44499969482422,43.875,44.310001373291016,0.0,3091800
2017-09-13,37.50954818725586,44.16999816894531,0.0,44.27000045776367,43.915000915527344,44.01499938964844,0.0,2878200
2017-09-14,37.89168167114258,44.619998931884766,0.0,44.8650016784668,44.09000015258789,44.10499954223633,0.0,6377800
2017-09-15,38.05303955078125,44.810001373291016,0.0,45.28499984741211,44.665000915527344,44.88999938964844,0.0,8153800
2017-09-18,38.64324951171875,45.505001068115234,0.0,45.619998931884766,44.96500015258789,45.0,0.0,4656800
2017-09-19,38.63051223754883,45.4900016784668,0.0,45.915000915527344,45.20000076293945,45.55500030517578,0.0,4393200
2017-09-20,37.50106430053711,44.15999984741211,0.0,45.45500183105469,43.3849983215332,45.40999984741211,0.0,6607800
2017-09-21,37.52653121948242,44.189998626708984,0.0,44.3849983215332,43.69499969482422,44.23500061035156,0.0,3543200
2017-09-22,38.082767486572266,44.845001220703125,0.0,44.89500045776367,44.04499816894531,44.04499816894531,0.0,2593000
2017-09-25,37.39490509033203,44.03499984741211,0.0,44.689998626708984,43.79499816894531,44.525001525878906,0.0,3210200
2017-09-26,37.26327896118164,43.880001068115234,0.0,44.64500045776367,43.595001220703125,44.400001525878906,0.0,3562600
2017-09-27,37.755802154541016,44.459999084472656,0.0,44.7599983215332,44.119998931884766,44.244998931884766,0.0,3540200
2017-09-28,37.84923553466797,44.56999969482422,0.0,44.63999938964844,44.14500045776367,44.314998626708984,0.0,3871200
2017-09-29,38.12097930908203,44.88999938964844,0.0,44.994998931884766,44.435001373291016,44.55500030517578,0.0,4388200
2017-10-02,38.44792556762695,45.275001525878906,0.0,45.6150016784668,45.07500076293945,45.185001373291016,0.0,3909400
2017-10-03,38.52012252807617,45.36000061035156,0.0,45.474998474121094,45.130001068115234,45.275001525878906,0.0,3441800
2017-10-04,38.893768310546875,45.79999923706055,0.0,45.80500030517578,45.0099983215332,45.334999084472656,0.0,5118400
2017-10-05,38.76637649536133,45.650001525878906,0.0,45.90999984741211,45.375,45.904998779296875,0.0,3668200
2017-10-06,38.87253952026367,45.775001525878906,0.0,45.79499816894531,45.14500045776367,45.45500183105469,0.0,2699000
2017-10-09,38.84703826904297,45.744998931884766,0.0,45.994998931884766,45.630001068115234,45.92499923706055,0.0,2197000
2017-10-10,39.02962875366211,45.959999084472656,0.0,46.165000915527344,45.54999923706055,46.0,0.0,2194200
2017-10-11,39.033878326416016,45.96500015258789,0.0,46.064998626708984,45.685001373291016,45.8650016784668,0.0,2244000
2017-10-12,38.97018814086914,45.88999938964844,0.0,46.20000076293945,45.73500061035156,45.73500061035156,0.0,2239000
2017-10-13,38.96168899536133,45.880001068115234,0.0,46.255001068115234,45.70500183105469,46.119998931884766,0.0,2105600
2017-10-16,39.01690673828125,45.94499969482422,0.0,46.14500045776367,45.79999923706055,46.1150016784668,0.0,1667600
2017-10-17,38.936222076416016,45.849998474121094,0.0,45.935001373291016,45.584999084472656,45.89500045776367,0.0,1920000
2017-10-18,39.11455535888672,46.060001373291016,0.0,46.18000030517578,45.19499969482422,45.79499816894531,0.0,3325400
2017-10-19,39.50943374633789,46.525001525878906,0.0,46.55500030517578,45.275001525878906,45.79999923706055,0.0,3082800
2017-10-20,39.37356185913086,46.3650016784668,0.0,47.33000183105469,46.25,46.94499969482422,0.0,3618000
2017-10-23,39.32261657714844,46.30500030517578,0.0,46.69499969482422,46.14500045776367,46.55500030517578,0.0,3374200
2017-10-24,39.619834899902344,46.654998779296875,0.0,46.70500183105469,46.26499938964844,46.314998626708984,0.0,1754200
2017-10-25,39.199485778808594,46.15999984741211,0.0,46.599998474121094,45.78499984741211,46.435001373291016,0.0,3275200
2017-10-26,39.539146423339844,46.560001373291016,0.0,46.81999969482422,46.41999816894531,46.41999816894531,0.0,2510400
2017-10-27,40.21852493286133,47.36000061035156,0.0,47.404998779296875,46.3650016784668,46.904998779296875,0.0,3938800
2017-10-30,40.42658615112305,47.60499954223633,0.0,47.744998931884766,46.97999954223633,47.10499954223633,0.0,3971800
2017-10-31,40.25249099731445,47.400001525878906,0.0,47.845001220703125,47.310001373291016,47.6150016784668,0.0,2465800
2017-11-01,39.483951568603516,46.494998931884766,0.0,47.56999969482422,46.2599983215332,47.150001525878906,0.0,5893000
2017-11-02,39.68352508544922,46.72999954223633,0.0,46.95500183105469,46.064998626708984,46.189998626708984,0.0,2799800
2017-11-03,39.76845169067383,46.83000183105469,0.0,47.0099983215332,46.26499938964844,46.86000061035156,0.0,2785000
2017-11-06,40.490272521972656,47.68000030517578,0.0,47.810001373291016,47.084999084472656,47.154998779296875,0.0,6139800
2017-11-07,38.82582092285156,45.720001220703125,0.0,47.959999084472656,45.25,47.5,0.0,9491400
2017-11-08,39.407527923583984,46.404998779296875,0.0,46.560001373291016,45.45500183105469,45.67499923706055,0.0,9210200
2017-11-09,38.558319091796875,45.404998779296875,0.0,46.220001220703125,44.790000915527344,46.165000915527344,0.0,6634200
2017-11-10,38.87677764892578,45.779998779296875,0.0,45.834999084472656,45.18000030517578,45.439998626708984,0.0,3653600
2017-11-13,38.647491455078125,45.5099983215332,0.0,45.665000915527344,45.23500061035156,45.505001068115234,0.0,2797600
2017-11-14,38.64324951171875,45.505001068115234,0.0,45.560001373291016,45.005001068115234,45.334999084472656,0.0,3018400
2017-11-15,38.040306091308594,44.79499816894531,0.0,45.349998474121094,44.63999938964844,45.22999954223633,0.0,2982800
2017-11-16,38.54557418823242,45.38999938964844,0.0,45.529998779296875,44.814998626708984,44.880001068115234,0.0,3571600
2017-11-17,38.76637649536133,45.650001525878906,0.0,45.79499816894531,45.31999969482422,45.5099983215332,0.0,4198400
2017-11-20,38.95949172973633,45.69499969482422,0.1815,45.94499969482422,45.56999969482422,45.7400016784668,0.0,2921000
2017-11-21,39.164119720458984,45.935001373291016,0.0,46.310001373291016,45.80500030517578,45.970001220703125,0.0,3136000
2017-11-22,38.53746032714844,45.20000076293945,0.0,46.130001068115234,45.19499969482422,45.83000183105469,0.0,3269400
2017-11-24,38.780433654785156,45.48500061035156,0.0,45.52000045776367,45.11000061035156,45.14500045776367,0.0,1455800
2017-11-27,37.910797119140625,44.46500015258789,0.0,45.310001373291016,44.314998626708984,45.23500061035156,0.0,5142800
2017-11-28,38.614200592041016,45.290000915527344,0.0,45.34000015258789,44.42499923706055,44.57500076293945,0.0,4336200
2017-11-29,36.90898513793945,43.290000915527344,0.0,45.150001525878906,42.974998474121094,45.10499954223633,0.0,8779600
2017-11-30,37.08376693725586,43.494998931884766,0.0,44.375,43.334999084472656,43.595001220703125,0.0,7330800
2017-12-01,37.08804702758789,43.5,0.0,43.654998779296875,42.54999923706055,43.20000076293945,0.0,6198800
2017-12-04,36.78963851928711,43.150001525878906,0.0,43.970001220703125,42.85499954223633,43.71500015258789,0.0,5029000
2017-12-05,36.75126647949219,43.10499954223633,0.0,44.310001373291016,42.779998779296875,42.98500061035156,0.0,4868000
2017-12-06,36.79389190673828,43.154998779296875,0.0,43.415000915527344,42.64500045776367,43.040000915527344,0.0,3023400
2017-12-07,37.25428771972656,43.69499969482422,0.0,43.82500076293945,43.064998626708984,43.20500183105469,0.0,3661000
2017-12-08,37.2628173828125,43.70500183105469,0.0,44.2400016784668,43.630001068115234,44.04999923706055,0.0,3713800
2017-12-11,37.25428771972656,43.69499969482422,0.0,44.21500015258789,43.459999084472656,43.72999954223633,0.0,3252600
2017-12-12,36.5935173034668,42.91999816894531,0.0,43.52000045776367,42.83000183105469,43.39500045776367,0.0,3796400
2017-12-13,36.83225631713867,43.20000076293945,0.0,43.470001220703125,42.970001220703125,43.20500183105469,0.0,2965000
2017-12-14,36.43581008911133,42.73500061035156,0.0,43.31999969482422,42.685001373291016,43.224998474121094,0.0,3963400
2017-12-15,36.98146057128906,43.375,0.0,43.625,42.68000030517578,43.1150016784668,0.0,6469000
2017-12-18,37.9278450012207,44.48500061035156,0.0,44.69499969482422,43.64500045776367,43.64500045776367,0.0,4364400
2017-12-19,38.19215393066406,44.79499816894531,0.0,44.91999816894531,44.209999084472656,44.61000061035156,0.0,3517800
2017-12-20,38.460716247558594,45.11000061035156,0.0,45.44499969482422,44.73500061035156,45.029998779296875,0.0,3587200
2017-12-21,38.13673400878906,44.72999954223633,0.0,45.32500076293945,44.689998626708984,45.15999984741211,0.0,2829800
2017-12-22,37.906517028808594,44.459999084472656,0.0,44.80500030517578,44.060001373291016,44.665000915527344,0.0,1858600
2017-12-26,37.78291320800781,44.314998626708984,0.0,44.459999084472656,43.8849983215332,44.095001220703125,0.0,1175200
2017-12-27,37.68485641479492,44.20000076293945,0.0,44.560001373291016,44.14500045776367,44.474998474121094,0.0,1638400
2017-12-28,37.774383544921875,44.30500030517578,0.0,44.5,44.09000015258789,44.45000076293945,0.0,2322400
2017-12-29,37.46318435668945,43.939998626708984,0.0,44.5,43.915000915527344,44.349998474121094,0.0,1808000
2018-01-02,38.541717529296875,45.20500183105469,0.0,45.27000045776367,44.130001068115234,44.290000915527344,0.0,3266200
2018-01-03,39.12147903442383,45.8849983215332,0.0,46.09000015258789,45.189998626708984,45.255001068115234,0.0,5060000
2018-01-04,39.21527099609375,45.994998931884766,0.0,46.42499923706055,45.720001220703125,46.1150016784668,0.0,3292600
2018-01-05,39.33036804199219,46.130001068115234,0.0,46.439998626708984,45.78499984741211,46.290000915527344,0.0,2962000
2018-01-08,39.48383331298828,46.310001373291016,0.0,46.435001373291016,45.66999816894531,45.970001220703125,0.0,2168600
2018-01-09,39.436946868896484,46.255001068115234,0.0,46.51499938964844,45.84000015258789,46.3650016784668,0.0,4446600
2018-01-10,38.771907806396484,45.474998474121094,0.0,46.130001068115234,45.040000915527344,45.974998474121094,0.0,3984400
2018-01-11,39.266422271728516,46.05500030517578,0.0,46.16999816894531,45.36000061035156,45.59000015258789,0.0,2155200
2018-01-12,39.83340835571289,46.720001220703125,0.0,46.82500076293945,45.89500045776367,46.165000915527344,0.0,2542600
2018-01-16,39.78651809692383,46.665000915527344,0.0,47.185001373291016,46.34000015258789,47.01499938964844,0.0,3517000
2018-01-17,40.933265686035156,48.0099983215332,0.0,48.189998626708984,46.959999084472656,47.189998626708984,0.0,5706600
2018-01-18,41.47465515136719,48.64500045776367,0.0,48.79999923706055,47.935001373291016,48.0099983215332,0.0,4833200
2018-01-19,41.54286575317383,48.724998474121094,0.0,49.06999969482422,48.470001220703125,48.92499923706055,0.0,7529800
2018-01-22,42.071475982666016,49.345001220703125,0.0,49.35499954223633,48.6150016784668,48.80500030517578,0.0,3495600
2018-01-23,41.9990119934082,49.2599983215332,0.0,49.584999084472656,49.03499984741211,49.345001220703125,0.0,3262000
2018-01-24,40.65190505981445,47.68000030517578,0.0,48.900001525878906,47.44499969482422,48.43000030517578,0.0,6566800
2018-01-25,39.42416000366211,46.2400016784668,0.0,48.17499923706055,46.125,48.154998779296875,0.0,5448800
2018-01-26,41.31266403198242,48.45500183105469,0.0,48.53499984741211,46.7400016784668,46.959999084472656,0.0,6504400
2018-01-29,41.299869537353516,48.439998626708984,0.0,48.64500045776367,47.689998626708984,48.06999969482422,0.0,3917400
2018-01-30,40.49416732788086,47.494998931884766,0.0,48.255001068115234,47.44499969482422,48.17499923706055,0.0,4091200
2018-01-31,40.59222412109375,47.61000061035156,0.0,48.10499954223633,47.2599983215332,47.89500045776367,0.0,3888000
2018-02-01,40.302337646484375,47.27000045776367,0.0,47.94499969482422,47.05500030517578,47.45500183105469,0.0,3865000
2018-02-02,39.777992248535156,46.654998779296875,0.0,47.470001220703125,46.619998931884766,47.0,0.0,3890600
2018-02-05,38.15378952026367,44.75,0.0,47.025001525878906,44.73500061035156,46.54999923706055,0.0,7048200
2018-02-06,39.185428619384766,45.959999084472656,0.0,45.959999084472656,43.95000076293945,44.06999969482422,0.0,10956200
2018-02-07,35.344478607177734,41.45500183105469,0.0,44.5,41.404998779296875,43.775001525878906,0.0,27250400
2018-02-08,34.061317443847656,39.95000076293945,0.0,41.60499954223633,39.619998931884766,41.5,0.0,16232400
2018-02-09,34.54730224609375,40.52000045776367,0.0,40.9900016784668,39.165000915527344,40.3849983215332,0.0,11433600
2018-02-12,35.39136505126953,41.5099983215332,0.0,41.755001068115234,40.755001068115234,40.755001068115234,0.0,10039800
2018-02-13,34.44924545288086,40.404998779296875,0.0,41.35499954223633,40.064998626708984,41.05500030517578,0.0,8593000
2018-02-14,35.04606246948242,41.10499954223633,0.0,41.189998626708984,40.0,40.02000045776367,0.0,7374200
2018-02-15,35.16543197631836,41.244998931884766,0.0,41.63999938964844,40.5,41.55500030517578,0.0,7161000
2018-02-16,35.55763244628906,41.70500183105469,0.0,41.90999984741211,41.1150016784668,41.1150016784668,0.0,7107200
2018-02-20,36.33387756347656,42.43000030517578,0.1815,43.2599983215332,41.31999969482422,41.31999969482422,0.0,8053000
2018-02-21,36.0298957824707,42.07500076293945,0.0,42.91999816894531,41.79999923706055,42.6150016784668,0.0,6471600
2018-02-22,35.931400299072266,41.959999084472656,0.0,42.814998626708984,41.625,42.09000015258789,0.0,4396400
2018-02-23,36.46232223510742,42.58000183105469,0.0,42.61000061035156,41.834999084472656,42.404998779296875,0.0,4127600
2018-02-26,36.984683990478516,43.189998626708984,0.0,43.22999954223633,42.625,42.724998474121094,0.0,4429200
2018-02-27,37.91379928588867,44.275001525878906,0.0,46.1349983215332,43.80500030517578,43.880001068115234,0.0,12217000
2018-02-28,38.076507568359375,44.46500015258789,0.0,45.255001068115234,44.349998474121094,44.709999084472656,0.0,8231000
2018-03-01,38.11503219604492,44.5099983215332,0.0,45.0,43.779998779296875,44.5099983215332,0.0,7676800
2018-03-02,39.086971282958984,45.64500045776367,0.0,46.875,44.5,46.19499969482422,0.0,17057200
2018-03-05,40.448524475097656,47.23500061035156,0.0,47.45500183105469,45.54499816894531,45.8650016784668,0.0,7874800
2018-03-06,41.3476676940918,48.28499984741211,0.0,48.380001068115234,46.869998931884766,47.494998931884766,0.0,9563000
2018-03-07,40.91950607299805,47.78499984741211,0.0,48.040000915527344,47.11000061035156,47.540000915527344,0.0,6008200
2018-03-08,40.82102584838867,47.66999816894531,0.0,48.58000183105469,47.279998779296875,48.5,0.0,7787800
2018-03-09,42.375247955322266,49.48500061035156,0.0,49.564998626708984,48.224998474121094,48.45500183105469,0.0,8548800
2018-03-12,42.91901779174805,50.119998931884766,0.0,50.25,49.650001525878906,49.76499938964844,0.0,5845800
2018-03-13,41.972782135009766,49.01499938964844,0.0,50.7400016784668,48.7400016784668,50.494998931884766,0.0,7340800
2018-03-14,41.63882064819336,48.625,0.0,49.349998474121094,48.380001068115234,49.26499938964844,0.0,4691200
2018-03-15,41.758697509765625,48.76499938964844,0.0,48.90999984741211,48.43000030517578,48.720001220703125,0.0,3396800
2018-03-16,42.0369987487793,49.09000015258789,0.0,49.400001525878906,48.619998931884766,48.79999923706055,0.0,5334600
2018-03-19,41.51893997192383,48.48500061035156,0.0,48.73500061035156,47.44499969482422,48.619998931884766,0.0,5297400
2018-03-20,42.1911506652832,49.27000045776367,0.0,49.45500183105469,48.505001068115234,48.665000915527344,0.0,4514600
2018-03-21,42.47802734375,49.60499954223633,0.0,50.1349983215332,49.025001525878906,49.029998779296875,0.0,5029400
2018-03-22,41.33910369873047,48.275001525878906,0.0,49.415000915527344,48.25,48.82500076293945,0.0,4391400
2018-03-23,40.25157928466797,47.005001068115234,0.0,48.46500015258789,47.005001068115234,48.349998474121094,0.0,7190800
2018-03-26,41.955650329589844,48.994998931884766,0.0,49.040000915527344,47.30500030517578,47.994998931884766,0.0,3415600
2018-03-27,40.41856002807617,47.20000076293945,0.0,49.54499816894531,46.8650016784668,49.334999084472656,0.0,5599600
2018-03-28,39.03131866455078,45.58000183105469,0.0,47.19499969482422,45.46500015258789,47.03499984741211,0.0,7351000
2018-03-29,39.116947174072266,45.68000030517578,0.0,46.30500030517578,45.224998474121094,45.96500015258789,0.0,8538800
2018-04-02,37.519901275634766,43.814998626708984,0.0,45.75,43.6150016784668,45.494998931884766,0.0,8732200
2018-04-03,38.119319915771484,44.51499938964844,0.0,44.599998474121094,43.67499923706055,44.19499969482422,0.0,4797200
2018-04-04,38.61170959472656,45.09000015258789,0.0,45.20500183105469,43.45500183105469,43.58000183105469,0.0,4231000
2018-04-05,38.37193298339844,44.810001373291016,0.0,45.459999084472656,44.220001220703125,45.310001373291016,0.0,3983800
2018-04-06,36.93758010864258,43.1349983215332,0.0,44.85499954223633,42.939998626708984,44.19499969482422,0.0,4923400
2018-04-09,36.907623291015625,43.099998474121094,0.0,44.51499938964844,43.060001373291016,43.564998626708984,0.0,7409000
2018-04-10,37.990867614746094,44.3650016784668,0.0,44.619998931884766,43.47999954223633,44.03499984741211,0.0,4582400
2018-04-11,37.89238739013672,44.25,0.0,45.0,43.73500061035156,43.810001373291016,0.0,4221200
2018-04-12,38.13215637207031,44.529998779296875,0.0,44.95500183105469,44.27000045776367,44.58000183105469,0.0,6104000
2018-04-13,37.39144515991211,43.665000915527344,0.0,44.84000015258789,43.5,44.78499984741211,0.0,4903400
2018-04-16,36.92047119140625,43.1150016784668,0.0,44.099998474121094,42.97999954223633,44.099998474121094,0.0,7588600
2018-04-17,38.136451721191406,44.53499984741211,0.0,44.814998626708984,43.375,43.41999816894531,0.0,5950400
2018-04-18,37.678306579589844,44.0,0.0,44.625,43.75,44.334999084472656,0.0,4493400
2018-04-19,36.45376968383789,42.56999969482422,0.0,43.36000061035156,42.23500061035156,43.150001525878906,0.0,6391000
2018-04-20,36.684974670410156,42.84000015258789,0.0,43.79999923706055,42.224998474121094,43.25,0.0,7182400
2018-04-23,36.13692855834961,42.20000076293945,0.0,43.30500030517578,42.165000915527344,42.915000915527344,0.0,6629400
2018-04-24,35.2977294921875,41.220001220703125,0.0,42.755001068115234,40.63999938964844,42.66999816894531,0.0,8681800
2018-04-25,35.5289306640625,41.4900016784668,0.0,42.04499816894531,40.779998779296875,41.33000183105469,0.0,5411400
2018-04-26,36.351009368896484,42.45000076293945,0.0,42.68000030517578,41.65999984741211,41.95000076293945,0.0,4950800
2018-04-27,36.24824905395508,42.33000183105469,0.0,43.025001525878906,41.76499938964844,42.790000915527344,0.0,3114200
2018-04-30,35.82008743286133,41.83000183105469,0.0,42.665000915527344,41.709999084472656,42.375,0.0,3582800
2018-05-01,36.402374267578125,42.5099983215332,0.0,42.55500030517578,41.5,41.595001220703125,0.0,3376400
2018-05-02,36.29963684082031,42.38999938964844,0.0,42.81999969482422,42.01499938964844,42.58000183105469,0.0,4647600
2018-05-03,36.86908721923828,43.05500030517578,0.0,43.154998779296875,41.31999969482422,41.9900016784668,0.0,6321200
2018-05-04,37.468509674072266,43.755001068115234,0.0,43.880001068115234,42.73500061035156,42.73500061035156,0.0,4377600
2018-05-07,37.995140075683594,44.369998931884766,0.0,44.85499954223633,43.82500076293945,44.255001068115234,0.0,7332800
2018-05-08,38.81296157836914,45.32500076293945,0.0,45.47999954223633,43.2599983215332,44.95000076293945,0.0,8977600
2018-05-09,39.331024169921875,45.93000030517578,0.0,45.959999084472656,44.54999923706055,45.5,0.0,5472800
2018-05-10,39.887630462646484,46.58000183105469,0.0,46.625,45.81999969482422,45.81999969482422,0.0,3539800
2018-05-11,39.7977180480957,46.474998474121094,0.0,47.11000061035156,46.255001068115234,46.75,0.0,2881600
2018-05-14,40.016075134277344,46.72999954223633,0.0,47.349998474121094,46.595001220703125,47.04999923706055,0.0,3318000
2018-05-15,39.973262786865234,46.68000030517578,0.0,47.3650016784668,46.17499923706055,47.345001220703125,0.0,5983400
2018-05-16,40.0374870300293,46.755001068115234,0.0,46.98500061035156,46.529998779296875,46.54499816894531,0.0,2941200
2018-05-17,39.9775390625,46.685001373291016,0.0,47.0,46.31999969482422,46.60499954223633,0.0,3268600
2018-05-18,39.88899230957031,46.400001525878906,0.182,46.779998779296875,45.96500015258789,46.25,0.0,2869800
2018-05-21,40.3231315612793,46.904998779296875,0.0,47.314998626708984,46.4900016784668,46.959999084472656,0.0,2610000
2018-05-22,40.54664993286133,47.165000915527344,0.0,47.5,46.70500183105469,46.775001525878906,0.0,3407000
2018-05-23,40.439178466796875,47.040000915527344,0.0,47.06999969482422,46.3650016784668,46.619998931884766,0.0,3125800
2018-05-24,40.77016830444336,47.42499923706055,0.0,47.48500061035156,46.724998474121094,46.9900016784668,0.0,2732600
2018-05-25,41.18281173706055,47.904998779296875,0.0,47.970001220703125,47.39500045776367,47.404998779296875,0.0,2756000
2018-05-29,40.93349838256836,47.6150016784668,0.0,47.9900016784668,47.17499923706055,47.43000030517578,0.0,3792200
2018-05-30,41.91353225708008,48.755001068115234,0.0,49.54499816894531,47.64500045776367,48.31999969482422,0.0,6312600
2018-05-31,41.85765838623047,48.689998626708984,0.0,49.369998931884766,48.5099983215332,48.6150016784668,0.0,5184600
2018-06-01,43.43516540527344,50.525001525878906,0.0,50.54499816894531,48.83000183105469,49.18000030517578,0.0,5899400
2018-06-04,43.589908599853516,50.70500183105469,0.0,50.8650016784668,50.19499969482422,50.525001525878906,0.0,8583000
2018-06-05,43.903682708740234,51.06999969482422,0.0,51.400001525878906,50.70500183105469,51.375,0.0,3981400
2018-06-06,44.40660095214844,51.654998779296875,0.0,51.685001373291016,50.845001220703125,51.13999938964844,0.0,4407400
2018-06-07,43.938072204589844,51.11000061035156,0.0,51.709999084472656,50.6349983215332,51.5099983215332,0.0,4916800
2018-06-08,43.907989501953125,51.07500076293945,0.0,52.099998474121094,50.39500045776367,50.685001373291016,0.0,3072200
2018-06-11,44.01544952392578,51.20000076293945,0.0,51.46500015258789,50.86000061035156,51.025001525878906,0.0,2502800
2018-06-12,44.14010238647461,51.345001220703125,0.0,51.5099983215332,50.915000915527344,51.2599983215332,0.0,6230800
2018-06-13,43.87789535522461,51.040000915527344,0.0,51.54499816894531,50.880001068115234,51.44499969482422,0.0,5326400
2018-06-14,44.088523864746094,51.28499984741211,0.0,51.6349983215332,51.040000915527344,51.31999969482422,0.0,3172600
2018-06-15,43.83491897583008,50.9900016784668,0.0,51.26499938964844,50.415000915527344,51.26499938964844,0.0,5110200
2018-06-18,43.688777923583984,50.81999969482422,0.0,50.939998626708984,50.25,50.619998931884766,0.0,3287800
2018-06-19,43.15576934814453,50.20000076293945,0.0,50.70500183105469,49.77000045776367,50.07500076293945,0.0,3626000
2018-06-20,43.512542724609375,50.6150016784668,0.0,50.790000915527344,50.17499923706055,50.6150016784668,0.0,2706400
2018-06-21,42.4250373840332,49.349998474121094,0.0,50.845001220703125,49.314998626708984,50.845001220703125,0.0,2933200
2018-06-22,41.659942626953125,48.459999084472656,0.0,49.70000076293945,48.185001373291016,49.4900016784668,0.0,5691200
2018-06-25,40.07811737060547,46.619998931884766,0.0,48.150001525878906,46.36000061035156,48.005001068115234,0.0,6389200
2018-06-26,40.035152435302734,46.56999969482422,0.0,47.130001068115234,46.349998474121094,46.880001068115234,0.0,3536400
2018-06-27,38.81439971923828,45.150001525878906,0.0,47.15999984741211,45.09000015258789,46.65999984741211,0.0,5619600
2018-06-28,38.87458038330078,45.220001220703125,0.0,45.630001068115234,44.96500015258789,44.96500015258789,0.0,5163400
2018-06-29,39.09379577636719,45.474998474121094,0.0,45.97999954223633,45.20500183105469,45.3650016784668,0.0,6352000
2018-07-02,39.31731414794922,45.73500061035156,0.0,45.76499938964844,44.599998474121094,45.11000061035156,0.0,3264400
2018-07-03,38.72843551635742,45.04999923706055,0.0,45.90999984741211,44.96500015258789,45.90999984741211,0.0,2120000
2018-07-05,39.60099411010742,46.064998626708984,0.0,46.16999816894531,45.415000915527344,45.6150016784668,0.0,3441600
2018-07-06,40.15119171142578,46.70500183105469,0.0,46.935001373291016,45.69499969482422,45.845001220703125,0.0,3344000
2018-07-09,40.138301849365234,46.689998626708984,0.0,47.005001068115234,46.18000030517578,46.875,0.0,2926400
2018-07-10,40.6627082824707,47.29999923706055,0.0,47.380001068115234,46.619998931884766,46.880001068115234,0.0,3115000
2018-07-11,39.54942321777344,46.005001068115234,0.0,47.10499954223633,45.79499816894531,46.70000076293945,0.0,4490800
2018-07-12,40.52516174316406,47.13999938964844,0.0,47.185001373291016,46.119998931884766,46.3849983215332,0.0,4392200
2018-07-13,40.41770553588867,47.01499938964844,0.0,47.26499938964844,46.81999969482422,47.16999816894531,0.0,2968000
2018-07-16,40.45208740234375,47.05500030517578,0.0,47.415000915527344,46.92499923706055,47.0,0.0,2161000
2018-07-17,40.856143951416016,47.525001525878906,0.0,47.564998626708984,46.564998626708984,46.630001068115234,0.0,2985800
2018-07-18,41.161319732666016,47.880001068115234,0.0,47.97999954223633,47.36000061035156,47.36000061035156,0.0,2220400
2018-07-19,40.7486686706543,47.400001525878906,0.0,47.935001373291016,47.084999084472656,47.81999969482422,0.0,2272200
2018-07-20,40.5638427734375,47.185001373291016,0.0,47.53499984741211,46.869998931884766,47.40999984741211,0.0,2762200
2018-07-23,40.490779876708984,47.099998474121094,0.0,47.29999923706055,46.369998931884766,46.94499969482422,0.0,2219000
2018-07-24,40.08671569824219,46.630001068115234,0.0,47.810001373291016,46.5,47.435001373291016,0.0,2899800
2018-07-25,39.94486618041992,46.46500015258789,0.0,46.88999938964844,45.41999816894531,46.46500015258789,0.0,5637600
2018-07-26,40.69279479980469,47.334999084472656,0.0,47.3650016784668,46.474998474121094,46.810001373291016,0.0,4337800
2018-07-27,40.967891693115234,47.654998779296875,0.0,48.45500183105469,47.435001373291016,47.79499816894531,0.0,4724000
2018-07-30,40.06522750854492,46.60499954223633,0.0,47.79999923706055,46.404998779296875,47.68000030517578,0.0,4012800
2018-07-31,40.159793853759766,46.71500015258789,0.0,47.4900016784668,46.654998779296875,46.94499969482422,0.0,3518800
2018-08-01,40.228572845458984,46.79499816894531,0.0,47.19499969482422,46.540000915527344,46.70000076293945,0.0,2723800
2018-08-02,40.66700744628906,47.30500030517578,0.0,47.474998474121094,46.290000915527344,46.349998474121094,0.0,2476800
2018-08-03,40.873329162597656,47.54499816894531,0.0,47.58000183105469,47.0,47.290000915527344,0.0,3382400
2018-08-06,41.0925407409668,47.79999923706055,0.0,48.064998626708984,47.23500061035156,47.35499954223633,0.0,8112800
2018-08-07,41.80608367919922,48.630001068115234,0.0,48.7400016784668,47.755001068115234,48.029998779296875,0.0,5529600
2018-08-08,42.0210075378418,48.880001068115234,0.0,48.95500183105469,48.40999984741211,48.69499969482422,0.0,3700800
2018-08-09,42.15855026245117,49.040000915527344,0.0,49.130001068115234,48.290000915527344,48.474998474121094,0.0,6251400
2018-08-10,37.572166442871094,43.70500183105469,0.0,44.935001373291016,42.3849983215332,44.20000076293945,0.0,38479000
2018-08-13,37.408836364746094,43.51499938964844,0.0,44.29999923706055,43.43000030517578,43.84000015258789,0.0,10821200
2018-08-14,36.14080047607422,42.040000915527344,0.0,43.900001525878906,41.75,43.5099983215332,0.0,14471200
2018-08-15,35.39288330078125,41.16999816894531,0.0,42.400001525878906,40.67499923706055,41.95000076293945,0.0,9769400
2018-08-16,35.15646743774414,40.89500045776367,0.0,42.125,40.78499984741211,41.55500030517578,0.0,7668800
2018-08-17,35.68088150024414,41.505001068115234,0.0,41.61000061035156,39.880001068115234,40.75,0.0,9127600
2018-08-20,35.617835998535156,41.25,0.182,41.599998474121094,40.709999084472656,41.435001373291016,0.0,8978800
2018-08-21,36.705810546875,42.5099983215332,0.0,43.005001068115234,41.560001373291016,41.560001373291016,0.0,10125600
2018-08-22,36.878509521484375,42.709999084472656,0.0,42.72999954223633,41.70000076293945,42.1150016784668,0.0,5461200
2018-08-23,36.9864501953125,42.834999084472656,0.0,43.564998626708984,42.64500045776367,42.755001068115234,0.0,5882200
2018-08-24,37.552001953125,43.4900016784668,0.0,43.54999923706055,42.91999816894531,43.209999084472656,0.0,4979600
2018-08-27,38.15211486816406,44.185001373291016,0.0,44.41999816894531,43.630001068115234,43.755001068115234,0.0,5525400
2018-08-28,37.77651596069336,43.75,0.0,44.5,43.54999923706055,44.5,0.0,5742600
2018-08-29,37.48292541503906,43.40999984741211,0.0,43.73500061035156,43.064998626708984,43.474998474121094,0.0,5558000
2018-08-30,36.93463134765625,42.775001525878906,0.0,43.7400016784668,42.6150016784668,43.209999084472656,0.0,5781400
2018-08-31,37.141849517822266,43.01499938964844,0.0,43.099998474121094,42.52000045776367,42.834999084472656,0.0,4496800
2018-09-04,37.16776657104492,43.04499816894531,0.0,43.08000183105469,42.435001373291016,42.58000183105469,0.0,4314000
2018-09-05,36.75762176513672,42.56999969482422,0.0,43.04499816894531,42.435001373291016,42.91999816894531,0.0,4665200
2018-09-06,36.2222785949707,41.95000076293945,0.0,42.5,41.30500030517578,42.375,0.0,8450600
2018-09-07,35.855289459228516,41.525001525878906,0.0,42.51499938964844,41.334999084472656,41.79999923706055,0.0,7008600
2018-09-10,36.27408218383789,42.0099983215332,0.0,42.03499984741211,41.349998474121094,41.834999084472656,0.0,3666000
2018-09-11,35.933013916015625,41.6150016784668,0.0,41.96500015258789,41.165000915527344,41.775001525878906,0.0,7363800
2018-09-12,36.03662872314453,41.73500061035156,0.0,41.83000183105469,40.51499938964844,41.029998779296875,0.0,10794200
2018-09-13,36.1661491394043,41.8849983215332,0.0,42.70500183105469,41.625,42.125,0.0,7187400
2018-09-14,36.092750549316406,41.79999923706055,0.0,42.61000061035156,41.724998474121094,42.14500045776367,0.0,6226400
2018-09-17,34.91844177246094,40.439998626708984,0.0,41.400001525878906,40.43000030517578,41.224998474121094,0.0,7492600
2018-09-18,34.70688247680664,40.19499969482422,0.0,40.97999954223633,40.189998626708984,40.51499938964844,0.0,5605400
2018-09-19,35.12997817993164,40.685001373291016,0.0,40.79499816894531,40.23500061035156,40.38999938964844,0.0,4632000
2018-09-20,35.99776077270508,41.689998626708984,0.0,41.974998474121094,40.86000061035156,41.150001525878906,0.0,5453400
2018-09-21,35.72577667236328,41.375,0.0,41.85499954223633,41.185001373291016,41.810001373291016,0.0,8202600
2018-09-24,35.53150177001953,41.150001525878906,0.0,41.29999923706055,40.65999984741211,40.935001373291016,0.0,3490800
2018-09-25,34.00749588012695,39.3849983215332,0.0,40.54499816894531,39.290000915527344,40.36000061035156,0.0,10137400
2018-09-26,34.0161247253418,39.39500045776367,0.0,39.869998931884766,39.314998626708984,39.31999969482422,0.0,7343800
2018-09-27,33.93840789794922,39.30500030517578,0.0,39.66999816894531,39.17499923706055,39.380001068115234,0.0,5018000
2018-09-28,34.067928314208984,39.45500183105469,0.0,39.560001373291016,38.935001373291016,39.209999084472656,0.0,9762600
2018-10-01,33.312400817871094,38.58000183105469,0.0,39.849998474121094,38.56999969482422,39.650001525878906,0.0,10320800
2018-10-02,33.523948669433594,38.82500076293945,0.0,39.345001220703125,38.68000030517578,38.900001525878906,0.0,8353000
2018-10-03,32.43166732788086,37.560001373291016,0.0,38.82500076293945,37.51499938964844,38.73500061035156,0.0,10387000
2018-10-04,30.838584899902344,35.71500015258789,0.0,37.64500045776367,35.314998626708984,37.529998779296875,0.0,19029200
2018-10-05,29.91036033630371,34.63999938964844,0.0,35.915000915527344,34.29999923706055,35.724998474121094,0.0,12238000
2018-10-08,29.228219985961914,33.849998474121094,0.0,34.79499816894531,33.40999984741211,34.310001373291016,0.0,9690200
2018-10-09,29.09006118774414,33.689998626708984,0.0,33.935001373291016,33.130001068115234,33.650001525878906,0.0,13803600
2018-10-10,28.684240341186523,33.220001220703125,0.0,33.32500076293945,32.564998626708984,33.189998626708984,0.0,19449800
2018-10-11,29.228219985961914,33.849998474121094,0.0,34.685001373291016,33.2599983215332,33.665000915527344,0.0,15483000
2018-10-12,29.469993591308594,34.130001068115234,0.0,35.11000061035156,33.63999938964844,34.915000915527344,0.0,10817000
2018-10-15,29.45271873474121,34.11000061035156,0.0,34.35499954223633,33.55500030517578,33.869998931884766,0.0,8467200
2018-10-16,29.85423469543457,34.57500076293945,0.0,34.790000915527344,34.154998779296875,34.5099983215332,0.0,6254800
2018-10-17,29.811054229736328,34.525001525878906,0.0,34.88999938964844,34.20000076293945,34.779998779296875,0.0,6590200
2018-10-18,29.163469314575195,33.775001525878906,0.0,34.349998474121094,33.57500076293945,34.32500076293945,0.0,8544600
2018-10-19,28.938962936401367,33.51499938964844,0.0,34.349998474121094,33.41999816894531,33.72999954223633,0.0,6449600
2018-10-22,28.852619171142578,33.415000915527344,0.0,34.0,33.255001068115234,33.8650016784668,0.0,5885600
2018-10-23,29.020986557006836,33.61000061035156,0.0,33.79999923706055,32.349998474121094,32.71500015258789,0.0,10410000
2018-10-24,26.46514129638672,30.649999618530273,0.0,33.244998931884766,30.635000228881836,32.939998626708984,0.0,13701200
2018-10-25,26.987533569335938,31.2549991607666,0.0,32.130001068115234,31.05500030517578,31.104999542236328,0.0,17007200
2018-10-26,26.927087783813477,31.184999465942383,0.0,31.725000381469727,30.350000381469727,30.434999465942383,0.0,16485800
2018-10-29,26.89255142211914,31.145000457763672,0.0,32.29499816894531,30.614999771118164,31.84000015258789,0.0,7482400
2018-10-30,27.997787475585938,32.42499923706055,0.0,32.474998474121094,31.0049991607666,31.21500015258789,0.0,6554000
2018-10-31,28.399293899536133,32.88999938964844,0.0,33.130001068115234,32.540000915527344,33.0,0.0,9935800
2018-11-01,30.380935668945312,35.185001373291016,0.0,35.48500061035156,32.834999084472656,33.125,0.0,11146600
2018-11-02,30.108943939208984,34.869998931884766,0.0,35.5,34.255001068115234,35.5,0.0,7012400
2018-11-05,29.93195152282715,34.665000915527344,0.0,34.90999984741211,33.900001525878906,34.7400016784668,0.0,5986000
2018-11-06,30.23415756225586,35.01499938964844,0.0,35.189998626708984,34.3849983215332,34.435001373291016,0.0,4289000
2018-11-07,30.350725173950195,35.150001525878906,0.0,35.4900016784668,34.529998779296875,35.30500030517578,0.0,6673400
2018-11-08,32.142398834228516,37.224998474121094,0.0,38.0,35.150001525878906,35.5,0.0,14473200
2018-11-09,31.140792846679688,36.064998626708984,0.0,36.93000030517578,35.63999938964844,36.71500015258789,0.0,8716800
2018-11-12,30.07440948486328,34.83000183105469,0.0,35.790000915527344,34.76499938964844,35.650001525878906,0.0,5655800
2018-11-13,30.592493057250977,35.43000030517578,0.0,36.400001525878906,35.09000015258789,35.11000061035156,0.0,7564600
2018-11-14,31.093303680419922,36.0099983215332,0.0,36.244998931884766,35.54999923706055,35.97999954223633,0.0,7178800
2018-11-15,32.530967712402344,37.67499923706055,0.0,37.685001373291016,35.755001068115234,35.81999969482422,0.0,9987000
2018-11-16,32.643218994140625,37.80500030517578,0.0,38.099998474121094,37.130001068115234,37.275001525878906,0.0,9482000
2018-11-19,31.896318435668945,36.939998626708984,0.0,37.91999816894531,36.70500183105469,37.77000045776367,0.0,5570600
2018-11-20,31.67287254333496,36.5,0.1825,37.0,35.724998474121094,36.46500015258789,0.0,5953800
2018-11-21,31.67287254333496,36.5,0.0,37.275001525878906,36.459999084472656,37.11000061035156,0.0,5327400
2018-11-23,32.24993896484375,37.165000915527344,0.0,37.470001220703125,36.01499938964844,36.029998779296875,0.0,3120600
2018-11-26,32.861698150634766,37.869998931884766,0.0,37.904998779296875,37.345001220703125,37.7400016784668,0.0,4734000
2018-11-27,31.98093032836914,36.85499954223633,0.0,37.68000030517578,36.58000183105469,37.40999984741211,0.0,5537800
2018-11-28,32.92677688598633,37.94499969482422,0.0,37.96500015258789,36.46500015258789,37.255001068115234,0.0,10498800
2018-11-29,32.288978576660156,37.209999084472656,0.0,38.18000030517578,37.189998626708984,37.54999923706055,0.0,5479800
2018-11-30,32.54062271118164,37.5,0.0,37.560001373291016,36.88999938964844,37.400001525878906,0.0,5718600
2018-12-03,33.73812484741211,38.880001068115234,0.0,40.30500030517578,38.45000076293945,39.04999923706055,0.0,10028600
2018-12-04,32.31501388549805,37.2400016784668,0.0,38.560001373291016,37.19499969482422,38.43000030517578,0.0,6110000
2018-12-06,31.846431732177734,36.70000076293945,0.0,36.939998626708984,35.79499816894531,36.154998779296875,0.0,6466400
2018-12-07,30.484058380126953,35.130001068115234,0.0,36.70500183105469,34.974998474121094,36.39500045776367,0.0,5336000
2018-12-10,31.195615768432617,35.95000076293945,0.0,35.9900016784668,34.775001525878906,35.0099983215332,0.0,6574600
2018-12-11,31.325777053833008,36.099998474121094,0.0,37.22999954223633,35.935001373291016,36.619998931884766,0.0,5161400
2018-12-12,31.924522399902344,36.790000915527344,0.0,37.255001068115234,36.25,36.95500183105469,0.0,4457600
2018-12-13,31.425565719604492,36.21500015258789,0.0,37.349998474121094,36.025001525878906,36.900001525878906,0.0,4226800
2018-12-14,31.082809448242188,35.81999969482422,0.0,36.47999954223633,35.57500076293945,35.58000183105469,0.0,5684000
2018-12-17,30.896242141723633,35.60499954223633,0.0,36.7599983215332,35.380001068115234,35.82500076293945,0.0,4924200
2018-12-18,31.299739837646484,36.06999969482422,0.0,37.04499816894531,35.845001220703125,35.96500015258789,0.0,6722600
2018-12-19,29.76816749572754,34.30500030517578,0.0,36.06999969482422,34.095001220703125,35.915000915527344,0.0,7229400
2018-12-20,29.811553955078125,34.35499954223633,0.0,35.0,33.709999084472656,34.26499938964844,0.0,6701800
2018-12-21,29.499164581298828,33.994998931884766,0.0,35.099998474121094,33.82500076293945,34.400001525878906,0.0,10553000
2018-12-24,28.51860809326172,32.8650016784668,0.0,34.154998779296875,32.834999084472656,33.78499984741211,0.0,3102200
2018-12-26,30.536117553710938,35.189998626708984,0.0,35.224998474121094,33.0,33.224998474121094,0.0,6066000
2018-12-27,31.017723083496094,35.744998931884766,0.0,35.77000045776367,34.345001220703125,34.47999954223633,0.0,4619200
2018-12-28,31.082809448242188,35.81999969482422,0.0,36.404998779296875,35.20500183105469,35.76499938964844,0.0,3807800
2018-12-31,31.204301834106445,35.959999084472656,0.0,36.275001525878906,35.459999084472656,36.119998931884766,0.0,3148200
2019-01-02,30.956979751586914,35.67499923706055,0.0,36.14500045776367,35.0,35.1349983215332,0.0,5305000
2019-01-03,28.774595260620117,33.15999984741211,0.0,35.10499954223633,33.08000183105469,35.025001525878906,0.0,9572200
2019-01-04,29.941713333129883,34.505001068115234,0.0,34.68000030517578,33.540000915527344,33.685001373291016,0.0,7479400
2019-01-07,30.81814193725586,35.51499938964844,0.0,35.900001525878906,34.35499954223633,34.54499816894531,0.0,5781000
2019-01-08,31.655521392822266,36.47999954223633,0.0,36.5,35.435001373291016,35.904998779296875,0.0,9193600
2019-01-09,32.90940856933594,37.92499923706055,0.0,38.310001373291016,37.07500076293945,37.125,0.0,8838000
2019-01-10,33.24349594116211,38.310001373291016,0.0,38.435001373291016,37.619998931884766,37.720001220703125,0.0,5767600
2019-01-11,33.464778900146484,38.564998626708984,0.0,39.36000061035156,37.970001220703125,38.189998626708984,0.0,9098800
2019-01-14,32.21088790893555,37.119998931884766,0.0,38.31999969482422,37.095001220703125,38.23500061035156,0.0,6500600
2019-01-15,32.54496765136719,37.505001068115234,0.0,37.85499954223633,37.209999084472656,37.369998931884766,0.0,4740600
2019-01-16,32.575340270996094,37.540000915527344,0.0,38.08000183105469,37.459999084472656,37.619998931884766,0.0,4447800
2019-01-17,33.03958511352539,38.07500076293945,0.0,38.275001525878906,36.625,37.26499938964844,0.0,4357400
2019-01-18,33.686058044433594,38.81999969482422,0.0,39.01499938964844,37.869998931884766,38.38999938964844,0.0,4886600
2019-01-22,32.618717193603516,37.59000015258789,0.0,38.54999923706055,37.19499969482422,38.45000076293945,0.0,4674000
2019-01-23,32.2629508972168,37.18000030517578,0.0,38.47999954223633,36.869998931884766,38.47999954223633,0.0,4922600
2019-01-24,34.03315734863281,39.220001220703125,0.0,39.790000915527344,37.474998474121094,37.709999084472656,0.0,10098000
2019-01-25,34.98334503173828,40.314998626708984,0.0,40.70000076293945,39.26499938964844,39.505001068115234,0.0,5853600
2019-01-28,34.818450927734375,40.125,0.0,40.29999923706055,39.0099983215332,39.099998474121094,0.0,5291000
2019-01-29,34.48871612548828,39.744998931884766,0.0,40.8650016784668,39.64500045776367,40.5099983215332,0.0,4085800
2019-01-30,34.92259979248047,40.244998931884766,0.0,40.81999969482422,39.10499954223633,40.02000045776367,0.0,5543600
2019-01-31,34.87053680419922,40.185001373291016,0.0,40.66999816894531,39.904998779296875,40.17499923706055,0.0,4467800
2019-02-01,35.52134323120117,40.935001373291016,0.0,40.95500183105469,39.95500183105469,40.27000045776367,0.0,6895000
2019-02-04,35.829402923583984,41.290000915527344,0.0,41.46500015258789,40.3849983215332,40.869998931884766,0.0,5959600
2019-02-05,36.115745544433594,41.619998931884766,0.0,41.880001068115234,41.1349983215332,41.1349983215332,0.0,6837800
2019-02-06,38.749385833740234,44.654998779296875,0.0,45.875,44.005001068115234,44.25,0.0,20278200
2019-02-07,38.21137619018555,44.03499984741211,0.0,44.584999084472656,43.27000045776367,43.81999969482422,0.0,9428800
2019-02-08,37.92501449584961,43.70500183105469,0.0,43.875,43.01499938964844,43.3650016784668,0.0,5673200
2019-02-11,38.59752655029297,44.47999954223633,0.0,44.709999084472656,43.5,43.875,0.0,6017800
2019-02-12,39.70390319824219,45.755001068115234,0.0,45.900001525878906,45.084999084472656,45.095001220703125,0.0,8304800
2019-02-13,39.56505584716797,45.595001220703125,0.0,45.90999984741211,45.29999923706055,45.665000915527344,0.0,6560400
2019-02-14,39.30908203125,45.29999923706055,0.0,45.875,44.95000076293945,45.32500076293945,0.0,8360600
2019-02-15,39.52602005004883,45.54999923706055,0.0,45.779998779296875,45.040000915527344,45.67499923706055,0.0,4570200
2019-02-19,39.34812927246094,45.345001220703125,0.0,45.68000030517578,45.029998779296875,45.310001373291016,0.0,3182000
2019-02-20,39.054073333740234,44.82500076293945,0.1825,45.7400016784668,44.75,45.1349983215332,0.0,6307000
2019-02-21,38.77092361450195,44.5,0.0,45.03499984741211,44.23500061035156,44.83000183105469,0.0,4172000
2019-02-22,38.78834533691406,44.52000045776367,0.0,45.0,44.22999954223633,44.85499954223633,0.0,3206800
2019-02-25,39.12377166748047,44.904998779296875,0.0,45.56999969482422,44.845001220703125,45.130001068115234,0.0,4726400
2019-02-26,38.79704284667969,44.529998779296875,0.0,45.01499938964844,44.459999084472656,44.630001068115234,0.0,3445600
2019-02-27,37.9301643371582,43.53499984741211,0.0,44.3849983215332,43.314998626708984,44.220001220703125,0.0,7908000
2019-02-28,37.843021392822266,43.435001373291016,0.0,43.665000915527344,43.15999984741211,43.16999816894531,0.0,5710400
2019-03-01,38.61408615112305,44.31999969482422,0.0,44.45500183105469,43.564998626708984,43.94499969482422,0.0,4123800
2019-03-04,38.58359909057617,44.28499984741211,0.0,44.78499984741211,43.79499816894531,44.66999816894531,0.0,3277400
2019-03-05,38.01727294921875,43.6349983215332,0.0,44.25,43.6150016784668,44.20500183105469,0.0,3646000
2019-03-06,37.67313003540039,43.2400016784668,0.0,44.03499984741211,43.20000076293945,43.69499969482422,0.0,3627400
2019-03-07,36.78880310058594,42.224998474121094,0.0,43.01499938964844,42.125,42.970001220703125,0.0,4267400
2019-03-08,37.05019760131836,42.525001525878906,0.0,42.69499969482422,41.525001525878906,41.724998474121094,0.0,3604600
2019-03-11,37.81254196166992,43.400001525878906,0.0,43.56999969482422,42.630001068115234,42.79499816894531,0.0,2697600
2019-03-12,37.5947151184082,43.150001525878906,0.0,43.55500030517578,43.005001068115234,43.55500030517578,0.0,2230000
2019-03-13,37.05455017089844,42.529998779296875,0.0,43.540000915527344,42.4900016784668,43.3849983215332,0.0,4986200
2019-03-14,36.59278106689453,42.0,0.0,42.73500061035156,41.959999084472656,42.51499938964844,0.0,3995200
2019-03-15,37.50760269165039,43.04999923706055,0.0,43.44499969482422,42.16999816894531,42.345001220703125,0.0,6032400
2019-03-18,37.17216491699219,42.665000915527344,0.0,43.220001220703125,42.380001068115234,42.974998474121094,0.0,4583800
2019-03-19,37.50760269165039,43.04999923706055,0.0,43.16999816894531,42.724998474121094,42.849998474121094,0.0,3414400
2019-03-20,36.71475601196289,42.13999938964844,0.0,43.36000061035156,41.834999084472656,43.130001068115234,0.0,3214800
2019-03-21,38.065208435058594,43.689998626708984,0.0,43.845001220703125,42.11000061035156,42.11000061035156,0.0,3466400
2019-03-22,37.21137237548828,42.709999084472656,0.0,43.67499923706055,42.70000076293945,43.35499954223633,0.0,4034600
2019-03-25,36.51435470581055,41.90999984741211,0.0,42.630001068115234,41.505001068115234,42.439998626708984,0.0,3852600
2019-03-26,36.70168685913086,42.125,0.0,42.70500183105469,41.89500045776367,42.33000183105469,0.0,2602200
2019-03-27,35.44707107543945,40.685001373291016,0.0,42.35499954223633,40.57500076293945,42.150001525878906,0.0,6911600
2019-03-28,35.35123825073242,40.57500076293945,0.0,41.19499969482422,40.01499938964844,40.775001525878906,0.0,5987600
2019-03-29,36.13971710205078,41.47999954223633,0.0,41.619998931884766,40.974998474121094,41.03499984741211,0.0,5226400
2019-04-01,38.10004806518555,43.72999954223633,0.0,43.814998626708984,42.05500030517578,42.06999969482422,0.0,8222800
2019-04-02,38.21331024169922,43.86000061035156,0.0,43.935001373291016,43.255001068115234,43.71500015258789,0.0,8129800
2019-04-03,39.33723449707031,45.150001525878906,0.0,45.68000030517578,44.32500076293945,44.76499938964844,0.0,8496800
2019-04-04,39.75978469848633,45.6349983215332,0.0,45.845001220703125,45.095001220703125,45.119998931884766,0.0,7013200
2019-04-05,40.47858428955078,46.459999084472656,0.0,46.599998474121094,45.65999984741211,45.78499984741211,0.0,5748200
2019-04-08,40.97520065307617,47.029998779296875,0.0,47.119998931884766,45.974998474121094,46.45000076293945,0.0,5548400
2019-04-09,40.469871520996094,46.45000076293945,0.0,46.880001068115234,46.279998779296875,46.83000183105469,0.0,4963600
2019-04-10,41.057960510253906,47.125,0.0,47.224998474121094,46.125,46.435001373291016,0.0,4511400
2019-04-11,40.93600082397461,46.98500061035156,0.0,47.19499969482422,46.5099983215332,47.04499816894531,0.0,3771400
2019-04-12,41.5415153503418,47.68000030517578,0.0,47.94499969482422,47.31999969482422,47.689998626708984,0.0,4175200
2019-04-15,41.646060943603516,47.79999923706055,0.0,48.029998779296875,47.380001068115234,47.665000915527344,0.0,6371200
2019-04-16,42.59138107299805,48.8849983215332,0.0,48.939998626708984,48.040000915527344,48.06999969482422,0.0,9866400
2019-04-17,43.24481964111328,49.6349983215332,0.0,50.13999938964844,48.525001525878906,50.13999938964844,0.0,9054600
2019-04-18,43.00086212158203,49.35499954223633,0.0,49.95000076293945,49.0099983215332,49.8650016784668,0.0,4823600
2019-04-22,42.51731872558594,48.79999923706055,0.0,49.36000061035156,48.7400016784668,49.224998474121094,0.0,5048200
2019-04-23,42.761268615722656,49.08000183105469,0.0,49.625,48.779998779296875,48.86000061035156,0.0,4608600
2019-04-24,43.0574951171875,49.41999816894531,0.0,49.98500061035156,48.71500015258789,48.73500061035156,0.0,4524400
2019-04-25,42.46504592895508,48.7400016784668,0.0,49.13999938964844,47.79999923706055,48.755001068115234,0.0,4435200
2019-04-26,42.870182037353516,49.20500183105469,0.0,49.23500061035156,47.54499816894531,48.0,0.0,2957200
2019-04-29,43.00522994995117,49.36000061035156,0.0,49.63999938964844,49.07500076293945,49.125,0.0,2590000
2019-04-30,43.51491165161133,49.94499969482422,0.0,50.0099983215332,49.279998779296875,49.900001525878906,0.0,3934800
2019-05-01,43.109779357910156,49.47999954223633,0.0,50.58000183105469,49.44499969482422,50.334999084472656,0.0,5194000
2019-05-02,43.6151123046875,50.060001373291016,0.0,50.67499923706055,49.060001373291016,49.47999954223633,0.0,3927600
2019-05-03,43.88954162597656,50.375,0.0,50.42499923706055,49.7599983215332,50.334999084472656,0.0,2754400
2019-05-06,42.247230529785156,48.4900016784668,0.0,48.689998626708984,47.94499969482422,48.3650016784668,0.0,7532400
2019-05-07,41.014400482177734,47.07500076293945,0.0,47.89500045776367,46.349998474121094,47.875,0.0,11424800
2019-05-08,39.877403259277344,45.77000045776367,0.0,47.029998779296875,44.875,44.974998474121094,0.0,8452600
2019-05-09,38.93645477294922,44.689998626708984,0.0,45.060001373291016,43.3849983215332,44.78499984741211,0.0,9035200
2019-05-10,38.87546157836914,44.619998931884766,0.0,44.974998474121094,43.47999954223633,44.68000030517578,0.0,6645600
2019-05-13,36.422882080078125,41.80500030517578,0.0,43.33000183105469,41.45000076293945,42.8650016784668,0.0,9680200
2019-05-14,36.88029479980469,42.33000183105469,0.0,42.5,41.75,42.10499954223633,0.0,8457000
2019-05-15,37.376914978027344,42.900001525878906,0.0,43.224998474121094,41.709999084472656,41.85499954223633,0.0,6792200
2019-05-16,37.06325912475586,42.540000915527344,0.0,42.76499938964844,41.90999984741211,42.40999984741211,0.0,6276400
2019-05-17,36.27040481567383,41.630001068115234,0.0,42.68000030517578,41.529998779296875,41.849998474121094,0.0,4609200
2019-05-20,34.8028564453125,39.77000045776367,0.183,40.875,39.3650016784668,40.2400016784668,0.0,7699000
2019-05-21,35.857357025146484,40.974998474121094,0.0,41.130001068115234,40.095001220703125,40.375,0.0,5866600
2019-05-22,35.80485153198242,40.915000915527344,0.0,41.540000915527344,40.34000015258789,40.494998931884766,0.0,5479200
2019-05-23,35.69984436035156,40.79499816894531,0.0,40.83000183105469,39.8650016784668,40.25,0.0,5790400
2019-05-24,35.18791961669922,40.209999084472656,0.0,41.404998779296875,40.185001373291016,41.06999969482422,0.0,3570800
2019-05-28,34.61471176147461,39.55500030517578,0.0,40.43000030517578,38.83000183105469,40.27000045776367,0.0,7644800
2019-05-29,35.24478530883789,40.275001525878906,0.0,40.60499954223633,39.095001220703125,39.28499984741211,0.0,5903400
2019-05-30,35.5904541015625,40.66999816894531,0.0,40.96500015258789,40.275001525878906,40.31999969482422,0.0,6416000
2019-05-31,35.01727294921875,40.01499938964844,0.0,40.96500015258789,39.779998779296875,39.939998626708984,0.0,8179800
2019-06-03,34.89475631713867,39.875,0.0,40.97999954223633,39.66999816894531,40.19499969482422,0.0,5377800
2019-06-04,36.86811065673828,42.130001068115234,0.0,42.17499923706055,40.224998474121094,40.470001220703125,0.0,4931000
2019-06-05,36.02362823486328,41.165000915527344,0.0,42.56999969482422,40.494998931884766,42.4900016784668,0.0,3939800
2019-06-06,36.37367248535156,41.564998626708984,0.0,41.75,40.80500030517578,41.290000915527344,0.0,3887400
2019-06-07,36.609954833984375,41.834999084472656,0.0,42.5,41.584999084472656,41.869998931884766,0.0,3794800
2019-06-10,37.520057678222656,42.875,0.0,43.33000183105469,42.29999923706055,42.375,0.0,4620800
2019-06-11,37.34065246582031,42.66999816894531,0.0,43.709999084472656,41.83000183105469,43.619998931884766,0.0,4389000
2019-06-12,36.67120361328125,41.904998779296875,0.0,42.435001373291016,41.599998474121094,42.435001373291016,0.0,2874600
2019-06-13,36.798095703125,42.04999923706055,0.0,42.540000915527344,41.81999969482422,42.1150016784668,0.0,5221000
2019-06-14,36.39992141723633,41.595001220703125,0.0,41.7599983215332,40.07500076293945,40.70500183105469,0.0,6846000
2019-06-17,35.54232406616211,40.6150016784668,0.0,41.724998474121094,40.560001373291016,41.35499954223633,0.0,3902000
2019-06-18,37.19190216064453,42.5,0.0,42.869998931884766,40.92499923706055,41.20000076293945,0.0,6121800
2019-06-19,37.0825080871582,42.375,0.0,42.875,42.29499816894531,42.875,0.0,3662200
2019-06-20,37.4456672668457,42.790000915527344,0.0,43.58000183105469,42.6150016784668,43.5,0.0,3224400
2019-06-21,37.23564910888672,42.54999923706055,0.0,42.9900016784668,42.2599983215332,42.6349983215332,0.0,6570400
2019-06-24,37.24877166748047,42.564998626708984,0.0,42.79499816894531,42.34000015258789,42.55500030517578,0.0,3635800
2019-06-25,36.728084564208984,41.970001220703125,0.0,43.41999816894531,41.93000030517578,43.41999816894531,0.0,4430400
2019-06-26,38.1413688659668,43.584999084472656,0.0,43.77000045776367,42.529998779296875,42.875,0.0,4969200
2019-06-27,38.12825012207031,43.56999969482422,0.0,44.564998626708984,43.5,43.994998931884766,0.0,4601800
2019-06-28,37.93572998046875,43.349998474121094,0.0,44.32500076293945,43.30500030517578,44.0,0.0,12360200
2019-07-01,39.99222946166992,45.70000076293945,0.0,45.7599983215332,45.0,45.130001068115234,0.0,8118600
2019-07-02,39.26589584350586,44.869998931884766,0.0,45.744998931884766,44.650001525878906,45.70000076293945,0.0,4317200
2019-07-03,39.279014587402344,44.8849983215332,0.0,45.08000183105469,44.2400016784668,44.73500061035156,0.0,1867400
2019-07-05,39.04273986816406,44.6150016784668,0.0,44.755001068115234,43.90999984741211,44.314998626708984,0.0,2536400
2019-07-08,38.473915100097656,43.96500015258789,0.0,44.44499969482422,43.900001525878906,44.150001525878906,0.0,2715400
2019-07-09,39.038360595703125,44.61000061035156,0.0,44.654998779296875,43.564998626708984,43.58000183105469,0.0,3582600
2019-07-10,39.09961700439453,44.68000030517578,0.0,45.68000030517578,44.57500076293945,45.005001068115234,0.0,2760600
2019-07-11,39.26150894165039,44.8650016784668,0.0,45.025001525878906,44.150001525878906,44.625,0.0,3666800
2019-07-12,40.12787628173828,45.85499954223633,0.0,45.89500045776367,44.91999816894531,45.154998779296875,0.0,3164800
2019-07-15,40.51728439331055,46.29999923706055,0.0,46.415000915527344,45.810001373291016,46.04999923706055,0.0,3007000
2019-07-16,39.707820892333984,45.375,0.0,45.86000061035156,45.11000061035156,45.75,0.0,3217400
2019-07-17,39.712196350097656,45.380001068115234,0.0,45.67499923706055,45.01499938964844,45.39500045776367,0.0,2364600
2019-07-18,40.648555755615234,46.45000076293945,0.0,46.4900016784668,45.459999084472656,45.56999969482422,0.0,2874200
2019-07-19,40.390380859375,46.154998779296875,0.0,46.935001373291016,46.125,46.880001068115234,0.0,3855800
2019-07-22,40.93732833862305,46.779998779296875,0.0,47.084999084472656,46.369998931884766,46.4900016784668,0.0,3053600
2019-07-23,41.816810607910156,47.78499984741211,0.0,47.79499816894531,46.85499954223633,47.099998474121094,0.0,3531400
2019-07-24,43.68516159057617,49.91999816894531,0.0,50.029998779296875,48.334999084472656,48.724998474121094,0.0,8132000
2019-07-25,42.90195083618164,49.025001525878906,0.0,49.51499938964844,48.540000915527344,49.33000183105469,0.0,3347400
2019-07-26,42.92820358276367,49.05500030517578,0.0,49.3650016784668,48.709999084472656,49.31999969482422,0.0,2339200
2019-07-29,43.046348571777344,49.189998626708984,0.0,49.345001220703125,48.70500183105469,49.189998626708984,0.0,3435200
2019-07-30,42.43812942504883,48.494998931884766,0.0,48.685001373291016,47.96500015258789,48.415000915527344,0.0,4210800
2019-07-31,41.31364059448242,47.209999084472656,0.0,48.400001525878906,46.435001373291016,48.400001525878906,0.0,5266000
2019-08-01,40.079734802246094,45.79999923706055,0.0,48.34000015258789,45.220001220703125,47.224998474121094,0.0,5248200
2019-08-02,38.53080749511719,44.029998779296875,0.0,45.58000183105469,43.93000030517578,45.58000183105469,0.0,7086200
2019-08-05,36.58808517456055,41.810001373291016,0.0,42.89500045776367,41.439998626708984,42.89500045776367,0.0,8928200
2019-08-06,37.218135833740234,42.529998779296875,0.0,43.244998931884766,42.005001068115234,42.665000915527344,0.0,8469800
2019-08-07,38.68832015991211,44.209999084472656,0.0,44.40999984741211,42.72999954223633,43.0,0.0,7966400
2019-08-08,39.72968673706055,45.400001525878906,0.0,45.415000915527344,44.005001068115234,44.36000061035156,0.0,4087400
2019-08-09,38.43891906738281,43.92499923706055,0.0,44.88999938964844,43.584999084472656,44.88999938964844,0.0,3756400
2019-08-12,38.19827651977539,43.650001525878906,0.0,43.95000076293945,43.26499938964844,43.47999954223633,0.0,3555800
2019-08-13,39.5459098815918,45.189998626708984,0.0,45.53499984741211,43.244998931884766,43.40999984741211,0.0,5591000
2019-08-14,38.02762222290039,43.45500183105469,0.0,44.119998931884766,43.22999954223633,43.54499816894531,0.0,4011400
2019-08-15,37.99699020385742,43.41999816894531,0.0,44.0,42.96500015258789,43.810001373291016,0.0,2513200
2019-08-16,38.670814514160156,44.189998626708984,0.0,44.415000915527344,43.75,43.98500061035156,0.0,3174000
2019-08-19,39.40153503417969,45.025001525878906,0.0,45.47999954223633,44.72999954223633,45.10499954223633,0.0,5778400
2019-08-20,39.052696228027344,44.44499969482422,0.183,44.95000076293945,44.244998931884766,44.810001373291016,0.0,4162200
2019-08-21,39.109798431396484,44.5099983215332,0.0,45.03499984741211,44.20000076293945,44.880001068115234,0.0,4117400
2019-08-22,39.3558464050293,44.790000915527344,0.0,44.97999954223633,44.0099983215332,44.29999923706055,0.0,2862000
2019-08-23,37.15916061401367,42.290000915527344,0.0,44.45500183105469,42.22999954223633,44.345001220703125,0.0,5287000
2019-08-26,37.225059509277344,42.3650016784668,0.0,43.20500183105469,42.029998779296875,43.125,0.0,7386200
2019-08-27,37.058101654052734,42.17499923706055,0.0,43.18000030517578,42.04499816894531,42.70000076293945,0.0,3693600
2019-08-28,37.290958404541016,42.439998626708984,0.0,42.59000015258789,41.58000183105469,41.98500061035156,0.0,3230200
2019-08-29,38.03342819213867,43.28499984741211,0.0,43.685001373291016,43.06999969482422,43.255001068115234,0.0,2694600
2019-08-30,37.9279899597168,43.165000915527344,0.0,43.775001525878906,43.084999084472656,43.66999816894531,0.0,2415800
2019-09-03,37.29533767700195,42.44499969482422,0.0,43.07500076293945,42.04499816894531,42.625,0.0,4225400
2019-09-04,38.01146697998047,43.2599983215332,0.0,43.46500015258789,41.29499816894531,43.19499969482422,0.0,15039200
2019-09-05,39.026336669921875,44.415000915527344,0.0,45.029998779296875,43.915000915527344,43.915000915527344,0.0,7615600
2019-09-06,39.76882553100586,45.2599983215332,0.0,45.46500015258789,44.34000015258789,44.58000183105469,0.0,6027600
2019-09-09,40.361915588378906,45.935001373291016,0.0,46.75,45.459999084472656,45.54499816894531,0.0,5612600
2019-09-10,40.66946029663086,46.28499984741211,0.0,46.310001373291016,45.400001525878906,45.61000061035156,0.0,3813600
2019-09-11,41.92156982421875,47.709999084472656,0.0,47.720001220703125,45.904998779296875,46.45500183105469,0.0,5502000
2019-09-12,41.94353103637695,47.73500061035156,0.0,48.369998931884766,47.224998474121094,48.21500015258789,0.0,5563400
2019-09-13,41.73704147338867,47.5,0.0,47.98500061035156,47.470001220703125,47.959999084472656,0.0,3071200
2019-09-16,41.49541091918945,47.224998474121094,0.0,47.5,46.61000061035156,46.904998779296875,0.0,2313200
2019-09-17,41.19227600097656,46.880001068115234,0.0,47.060001373291016,46.32500076293945,46.845001220703125,0.0,2559000
2019-09-18,41.108787536621094,46.78499984741211,0.0,46.9900016784668,46.099998474121094,46.8650016784668,0.0,3677600
2019-09-19,40.634315490722656,46.244998931884766,0.0,47.0,46.17499923706055,46.84000015258789,0.0,2601200
2019-09-20,39.73806381225586,45.224998474121094,0.0,46.625,45.15999984741211,46.220001220703125,0.0,5362600
2019-09-23,40.38388442993164,45.959999084472656,0.0,46.345001220703125,45.03499984741211,45.14500045776367,0.0,3056200
2019-09-24,39.821533203125,45.31999969482422,0.0,46.29499816894531,44.970001220703125,46.13999938964844,0.0,2854600
2019-09-25,40.86275863647461,46.505001068115234,0.0,46.665000915527344,44.61000061035156,45.095001220703125,0.0,3475000
2019-09-26,40.58159255981445,46.185001373291016,0.0,46.564998626708984,45.68000030517578,46.564998626708984,0.0,5035400
2019-09-27,40.107112884521484,45.64500045776367,0.0,46.564998626708984,45.33000183105469,46.125,0.0,3013200
2019-09-30,40.81883239746094,46.45500183105469,0.0,46.67499923706055,45.650001525878906,45.7599983215332,0.0,2875200
2019-10-01,40.82322311401367,46.459999084472656,0.0,48.040000915527344,46.18000030517578,47.435001373291016,0.0,5363600
2019-10-02,39.777591705322266,45.27000045776367,0.0,46.08000183105469,45.11000061035156,45.95000076293945,0.0,3239200
2019-10-03,40.2872428894043,45.849998474121094,0.0,46.10499954223633,44.689998626708984,45.32500076293945,0.0,4605200
2019-10-04,41.18347930908203,46.869998931884766,0.0,46.89500045776367,46.0,46.2599983215332,0.0,3252800
2019-10-07,40.56840515136719,46.16999816894531,0.0,47.0,46.119998931884766,46.75,0.0,4464400
2019-10-08,39.228424072265625,44.64500045776367,0.0,45.69499969482422,44.54499816894531,45.595001220703125,0.0,4086800
2019-10-09,40.063167572021484,45.595001220703125,0.0,45.83000183105469,45.11000061035156,45.310001373291016,0.0,2946600
2019-10-10,40.59916687011719,46.20500183105469,0.0,46.584999084472656,45.584999084472656,45.77000045776367,0.0,3538400
2019-10-11,41.96550369262695,47.7599983215332,0.0,48.43000030517578,46.84000015258789,47.07500076293945,0.0,5766000
2019-10-14,42.03579330444336,47.84000015258789,0.0,47.89500045776367,47.15999984741211,47.4900016784668,0.0,2156000
2019-10-15,42.53224563598633,48.404998779296875,0.0,48.665000915527344,47.57500076293945,48.10499954223633,0.0,3226600
2019-10-16,42.2115364074707,48.040000915527344,0.0,48.68000030517578,47.96500015258789,48.29999923706055,0.0,2590400
2019-10-17,42.04019546508789,47.845001220703125,0.0,48.779998779296875,47.625,48.564998626708984,0.0,2129400
2019-10-18,41.74143600463867,47.505001068115234,0.0,47.834999084472656,46.63999938964844,47.78499984741211,0.0,2796800
2019-10-21,42.958412170410156,48.88999938964844,0.0,48.93000030517578,47.86000061035156,48.20500183105469,0.0,2931400
2019-10-22,42.33894348144531,48.185001373291016,0.0,48.915000915527344,48.130001068115234,48.665000915527344,0.0,3220000
2019-10-23,40.853973388671875,46.494998931884766,0.0,47.16999816894531,45.85499954223633,46.95000076293945,0.0,6593800
2019-10-24,41.37238693237305,47.084999084472656,0.0,47.38999938964844,46.310001373291016,46.310001373291016,0.0,2697800
2019-10-25,41.2537727355957,46.95000076293945,0.0,47.279998779296875,46.56999969482422,47.01499938964844,0.0,3289400
2019-10-28,41.996253967285156,47.79499816894531,0.0,48.14500045776367,47.599998474121094,47.82500076293945,0.0,3585600
2019-10-29,41.653564453125,47.404998779296875,0.0,48.45500183105469,47.220001220703125,48.084999084472656,0.0,3088800
2019-10-30,41.91278839111328,47.70000076293945,0.0,48.73500061035156,47.494998931884766,48.654998779296875,0.0,3102600
2019-10-31,41.42511749267578,47.14500045776367,0.0,47.70000076293945,46.904998779296875,47.54499816894531,0.0,2613200
2019-11-01,42.611324310302734,48.494998931884766,0.0,48.70500183105469,47.720001220703125,47.790000915527344,0.0,3478600
2019-11-04,43.837074279785156,49.88999938964844,0.0,49.904998779296875,49.30500030517578,49.380001068115234,0.0,5580200
2019-11-05,43.9425163269043,50.0099983215332,0.0,50.78499984741211,49.380001068115234,49.880001068115234,0.0,7684800
2019-11-06,42.009429931640625,47.810001373291016,0.0,48.94499969482422,46.654998779296875,48.75,0.0,11298000
2019-11-07,41.89520263671875,47.68000030517578,0.0,48.45000076293945,47.310001373291016,48.04999923706055,0.0,8046600
2019-11-08,42.268653869628906,48.10499954223633,0.0,48.2400016784668,46.880001068115234,47.10499954223633,0.0,3555400
2019-11-11,41.548126220703125,47.28499984741211,0.0,47.9900016784668,47.23500061035156,47.63999938964844,0.0,4003800
2019-11-12,41.15712356567383,46.84000015258789,0.0,48.0,46.60499954223633,47.42499923706055,0.0,3802200
2019-11-13,41.337249755859375,47.04499816894531,0.0,47.2400016784668,46.25,46.34000015258789,0.0,2484200
2019-11-14,41.130767822265625,46.810001373291016,0.0,46.90999984741211,46.404998779296875,46.76499938964844,0.0,2675200
2019-11-15,41.56131362915039,47.29999923706055,0.0,47.68000030517578,47.05500030517578,47.529998779296875,0.0,3732400
2019-11-18,40.607948303222656,46.21500015258789,0.0,47.244998931884766,46.125,47.029998779296875,0.0,3122800
2019-11-19,40.70021438598633,46.31999969482422,0.0,46.73500061035156,45.75,46.56999969482422,0.0,4740600
2019-11-20,40.204864501953125,45.57500076293945,0.1835,46.35499954223633,45.22999954223633,45.8650016784668,0.0,3829600
2019-11-21,40.13870620727539,45.5,0.0,45.875,45.14500045776367,45.619998931884766,0.0,3230000
2019-11-22,40.42982864379883,45.83000183105469,0.0,46.10499954223633,45.57500076293945,45.57500076293945,0.0,2407800
2019-11-25,41.29436111450195,46.810001373291016,0.0,46.849998474121094,46.130001068115234,46.154998779296875,0.0,3979400
2019-11-26,42.066253662109375,47.685001373291016,0.0,47.845001220703125,46.13999938964844,46.685001373291016,0.0,7041000
2019-11-27,42.16770553588867,47.79999923706055,0.0,48.040000915527344,47.55500030517578,47.98500061035156,0.0,3222000
2019-11-29,41.70015335083008,47.27000045776367,0.0,47.68000030517578,47.1349983215332,47.48500061035156,0.0,1465400
2019-12-02,41.55458068847656,47.10499954223633,0.0,47.689998626708984,46.834999084472656,47.57500076293945,0.0,4726600
2019-12-03,40.5224494934082,45.935001373291016,0.0,46.20000076293945,45.40999984741211,45.880001068115234,0.0,5036600
2019-12-04,42.582313537597656,48.27000045776367,0.0,48.474998474121094,47.25,47.81999969482422,0.0,8642800
2019-12-05,42.65729522705078,48.35499954223633,0.0,48.85499954223633,47.96500015258789,48.31999969482422,0.0,3702600
2019-12-06,43.56153106689453,49.380001068115234,0.0,49.5,48.834999084472656,49.005001068115234,0.0,3210200
2019-12-09,43.67621612548828,49.5099983215332,0.0,49.689998626708984,49.20000076293945,49.3849983215332,0.0,3575200
2019-12-10,43.42919921875,49.22999954223633,0.0,49.79499816894531,49.119998931884766,49.64500045776367,0.0,2918400
2019-12-11,43.821773529052734,49.67499923706055,0.0,49.89500045776367,49.154998779296875,49.3849983215332,0.0,2972800
2019-12-12,45.50230407714844,51.58000183105469,0.0,51.72999954223633,49.439998626708984,49.66999816894531,0.0,5298800
2019-12-13,45.03034591674805,51.04499816894531,0.0,52.32500076293945,50.91999816894531,51.46500015258789,0.0,5197600
2019-12-16,45.546409606933594,51.630001068115234,0.0,52.474998474121094,51.439998626708984,51.505001068115234,0.0,4890000
2019-12-17,45.197959899902344,51.23500061035156,0.0,51.810001373291016,51.20500183105469,51.75,0.0,3428400
2019-12-18,44.946533203125,50.95000076293945,0.0,51.26499938964844,50.689998626708984,51.220001220703125,0.0,5655000
2019-12-19,45.15385055541992,51.185001373291016,0.0,51.26499938964844,50.720001220703125,51.119998931884766,0.0,2718600
2019-12-20,46.16834259033203,52.334999084472656,0.0,52.650001525878906,51.220001220703125,52.04999923706055,0.0,7550000
2019-12-23,46.30507278442383,52.4900016784668,0.0,52.78499984741211,52.1349983215332,52.470001220703125,0.0,3321800
2019-12-24,46.33595275878906,52.525001525878906,0.0,52.57500076293945,52.005001068115234,52.404998779296875,0.0,917400
2019-12-26,46.72410583496094,52.96500015258789,0.0,52.96500015258789,52.380001068115234,52.625,0.0,1861000
2019-12-27,46.525611877441406,52.7400016784668,0.0,53.08000183105469,52.54499816894531,53.029998779296875,0.0,1285600
2019-12-30,46.309478759765625,52.494998931884766,0.0,52.790000915527344,52.14500045776367,52.7599983215332,0.0,2266600
2019-12-31,46.190391540527344,52.36000061035156,0.0,52.63999938964844,51.880001068115234,52.52000045776367,0.0,3093800
2020-01-02,47.46070861816406,53.79999923706055,0.0,54.04499816894531,52.60499954223633,53.01499938964844,0.0,9717800
2020-01-03,46.419761657714844,52.619998931884766,0.0,53.42499923706055,52.43000030517578,52.70000076293945,0.0,20029800
2020-01-06,45.753719329833984,51.8650016784668,0.0,52.1150016784668,51.505001068115234,51.83000183105469,0.0,4031600
2020-01-07,48.82366943359375,55.345001220703125,0.0,55.400001525878906,53.435001373291016,53.95000076293945,0.0,13402800
2020-01-08,48.20615005493164,54.64500045776367,0.0,55.380001068115234,54.415000915527344,55.29999923706055,0.0,4806200
2020-01-09,48.66046142578125,55.15999984741211,0.0,55.31999969482422,54.150001525878906,55.19499969482422,0.0,4421200
2020-01-10,48.88542556762695,55.415000915527344,0.0,55.57500076293945,54.66999816894531,55.29999923706055,0.0,6307800
2020-01-13,49.053035736083984,55.60499954223633,0.0,55.849998474121094,55.28499984741211,55.625,0.0,4810800
2020-01-14,48.5722541809082,55.060001373291016,0.0,56.23500061035156,54.935001373291016,55.314998626708984,0.0,6707000
2020-01-15,47.45188903808594,53.790000915527344,0.0,54.70000076293945,53.459999084472656,54.630001068115234,0.0,12352000
2020-01-16,47.99884033203125,54.40999984741211,0.0,54.66999816894531,53.744998931884766,54.17499923706055,0.0,4878600
2020-01-17,48.25908660888672,54.70500183105469,0.0,54.98500061035156,54.060001373291016,54.540000915527344,0.0,4696000
2020-01-21,48.1840934753418,54.619998931884766,0.0,54.82500076293945,54.244998931884766,54.5,0.0,4112200
2020-01-22,48.23261642456055,54.67499923706055,0.0,55.48500061035156,54.400001525878906,54.8849983215332,0.0,2711000
2020-01-23,48.634002685546875,55.130001068115234,0.0,55.224998474121094,54.22999954223633,54.869998931884766,0.0,3666400
2020-01-24,47.293113708496094,53.61000061035156,0.0,55.685001373291016,53.14500045776367,55.65999984741211,0.0,5709800
2020-01-27,45.422908782958984,51.4900016784668,0.0,52.2400016784668,51.165000915527344,51.439998626708984,0.0,5319800
2020-01-28,45.961036682128906,52.099998474121094,0.0,52.58000183105469,51.790000915527344,52.07500076293945,0.0,3960600
2020-01-29,45.19354248046875,51.22999954223633,0.0,52.5099983215332,51.20000076293945,52.165000915527344,0.0,3447400
2020-01-30,44.796566009521484,50.779998779296875,0.0,51.04499816894531,49.82500076293945,50.779998779296875,0.0,4912200
2020-01-31,42.99693298339844,48.7400016784668,0.0,50.474998474121094,48.46500015258789,50.29999923706055,0.0,7770400
2020-02-03,43.027828216552734,48.775001525878906,0.0,49.334999084472656,48.6349983215332,49.16999816894531,0.0,4224400
2020-02-04,44.86273193359375,50.85499954223633,0.0,51.09000015258789,50.040000915527344,50.35499954223633,0.0,6819800
2020-02-05,47.862098693847656,54.255001068115234,0.0,55.775001525878906,52.619998931884766,53.994998931884766,0.0,12321000
2020-02-06,47.84886932373047,54.2400016784668,0.0,54.494998931884766,53.314998626708984,54.27000045776367,0.0,4231400
2020-02-07,46.84760284423828,53.10499954223633,0.0,53.994998931884766,52.94499969482422,53.83000183105469,0.0,5007600
2020-02-10,47.70330810546875,54.07500076293945,0.0,54.084999084472656,52.505001068115234,52.61000061035156,0.0,4020400
2020-02-11,48.016475677490234,54.43000030517578,0.0,55.38999938964844,54.06999969482422,54.5,0.0,5751200
2020-02-12,48.38698959350586,54.849998474121094,0.0,55.40999984741211,54.65999984741211,54.75,0.0,4005000
2020-02-13,48.682518005371094,55.185001373291016,0.0,55.47999954223633,54.064998626708984,54.5099983215332,0.0,3652000
2020-02-14,48.23702621459961,54.68000030517578,0.0,55.474998474121094,54.32500076293945,55.375,0.0,2195000
2020-02-18,47.17841720581055,53.47999954223633,0.0,54.39500045776367,53.42499923706055,54.11000061035156,0.0,2194200
2020-02-19,48.43992233276367,54.90999984741211,0.0,54.97999954223633,53.88999938964844,54.02000045776367,0.0,3231000
2020-02-20,47.854408264160156,54.064998626708984,0.1835,54.77000045776367,53.54499816894531,54.3849983215332,0.0,2554400
2020-02-21,46.50459289550781,52.540000915527344,0.0,53.904998779296875,52.29999923706055,53.584999084472656,0.0,4047200
2020-02-24,44.31389236450195,50.064998626708984,0.0,51.400001525878906,49.970001220703125,50.5,0.0,6910200
2020-02-25,43.00835037231445,48.59000015258789,0.0,50.54499816894531,48.1349983215332,50.459999084472656,0.0,5441000
2020-02-26,41.9417610168457,47.3849983215332,0.0,49.71500015258789,47.07500076293945,49.20000076293945,0.0,7456400
2020-02-27,39.77762222290039,44.939998626708984,0.0,46.8849983215332,44.880001068115234,46.060001373291016,0.0,8248000
2020-02-28,40.144954681396484,45.35499954223633,0.0,46.20000076293945,43.0,43.39500045776367,0.0,10948800
2020-03-02,42.140907287597656,47.61000061035156,0.0,47.63999938964844,45.04499816894531,45.79999923706055,0.0,9250200
2020-03-03,39.569618225097656,44.70500183105469,0.0,48.48500061035156,44.599998474121094,47.1349983215332,0.0,11342200
2020-03-04,41.27349090576172,46.630001068115234,0.0,46.79999923706055,44.51499938964844,45.404998779296875,0.0,9008600
2020-03-05,39.24655532836914,44.34000015258789,0.0,45.78499984741211,44.040000915527344,45.01499938964844,0.0,8313600
2020-03-06,38.48534393310547,43.47999954223633,0.0,44.349998474121094,42.46500015258789,42.69499969482422,0.0,10880600
2020-03-09,34.502262115478516,38.97999954223633,0.0,41.18000030517578,38.974998474121094,40.189998626708984,0.0,12189800
2020-03-10,36.06009292602539,40.7400016784668,0.0,41.0,38.025001525878906,40.4900016784668,0.0,12821600
2020-03-11,32.484169006347656,36.70000076293945,0.0,40.05500030517578,36.61000061035156,39.474998474121094,0.0,18819600
2020-03-12,27.58057403564453,31.15999984741211,0.0,35.20500183105469,30.920000076293945,34.880001068115234,0.0,20688400
2020-03-13,30.966176986694336,34.98500061035156,0.0,34.994998931884766,31.19499969482422,33.375,0.0,13216600
2020-03-16,24.681777954101562,27.885000228881836,0.0,32.849998474121094,27.885000228881836,30.725000381469727,0.0,13245600
2020-03-17,27.660226821899414,31.25,0.0,31.485000610351562,27.43000030517578,29.25,0.0,14931000
2020-03-18,25.64657211303711,28.975000381469727,0.0,30.420000076293945,27.28499984741211,28.15999984741211,0.0,13632000
2020-03-19,26.801654815673828,30.280000686645508,0.0,31.520000457763672,26.575000762939453,27.78499984741211,0.0,13221200
2020-03-20,26.394498825073242,29.81999969482422,0.0,32.189998626708984,29.145000457763672,31.059999465942383,0.0,10194600
2020-03-23,28.992351531982422,32.755001068115234,0.0,34.31999969482422,31.18000030517578,32.130001068115234,0.0,19436000
2020-03-24,33.510929107666016,37.86000061035156,0.0,37.994998931884766,34.94499969482422,34.94499969482422,0.0,17734800
2020-03-25,33.16129684448242,37.46500015258789,0.0,39.165000915527344,36.89500045776367,37.875,0.0,17580800
2020-03-26,32.979854583740234,37.2599983215332,0.0,38.04999923706055,36.14500045776367,37.724998474121094,0.0,8952000
2020-03-27,30.182844161987305,34.099998474121094,0.0,35.970001220703125,33.970001220703125,35.720001220703125,0.0,9326600
2020-03-30,30.532470703125,34.494998931884766,0.0,35.33000183105469,33.665000915527344,34.70000076293945,0.0,6826600
2020-03-31,30.005821228027344,33.900001525878906,0.0,35.46500015258789,33.689998626708984,34.05500030517578,0.0,10725400
2020-04-01,27.78857421875,31.395000457763672,0.0,33.48500061035156,31.0,32.54999923706055,0.0,7833200
2020-04-02,28.757787704467773,32.4900016784668,0.0,32.60499954223633,30.809999465942383,30.8799991607666,0.0,8014600
2020-04-03,28.341779708862305,32.02000045776367,0.0,33.005001068115234,31.510000228881836,32.17499923706055,0.0,6238000
2020-04-06,32.740867614746094,36.9900016784668,0.0,37.20000076293945,33.625,33.939998626708984,0.0,9534600
2020-04-07,32.45762252807617,36.66999816894531,0.0,38.5,36.244998931884766,38.29999923706055,0.0,8663800
2020-04-08,35.19266128540039,39.7599983215332,0.0,40.01499938964844,37.19499969482422,37.689998626708984,0.0,13348200
2020-04-09,34.71913146972656,39.224998474121094,0.0,41.94499969482422,38.93000030517578,39.75,0.0,12136600
2020-04-13,35.21036148071289,39.779998779296875,0.0,40.025001525878906,38.255001068115234,39.064998626708984,0.0,4896800
2020-04-14,36.263671875,40.970001220703125,0.0,41.70500183105469,40.29999923706055,40.80500030517578,0.0,5572400
2020-04-15,34.7722282409668,39.28499984741211,0.0,39.81999969482422,38.65999984741211,39.7400016784668,0.0,5062400
2020-04-16,34.32524108886719,38.779998779296875,0.0,39.834999084472656,38.33000183105469,39.46500015258789,0.0,5613200
2020-04-17,35.555564880371094,40.16999816894531,0.0,40.73500061035156,39.09000015258789,40.29499816894531,0.0,6323000
2020-04-20,34.391632080078125,38.85499954223633,0.0,40.029998779296875,38.779998779296875,39.47999954223633,0.0,4356600
2020-04-21,33.12589645385742,37.42499923706055,0.0,38.54999923706055,37.290000915527344,38.244998931884766,0.0,4636400
2020-04-22,34.97581481933594,39.51499938964844,0.0,39.76499938964844,38.380001068115234,39.005001068115234,0.0,3702200
2020-04-23,34.874019622802734,39.400001525878906,0.0,40.494998931884766,39.25,39.5,0.0,3385000
2020-04-24,36.29465103149414,41.005001068115234,0.0,41.209999084472656,39.400001525878906,39.6150016784668,0.0,4548600
2020-04-27,37.48957443237305,42.35499954223633,0.0,42.435001373291016,41.29999923706055,41.29999923706055,0.0,6619200
2020-04-28,38.65793991088867,43.67499923706055,0.0,44.89500045776367,43.154998779296875,43.810001373291016,0.0,7225000
2020-04-29,40.83534622192383,46.1349983215332,0.0,46.36000061035156,44.775001525878906,45.025001525878906,0.0,7414800
2020-04-30,38.82611846923828,43.8650016784668,0.0,45.79999923706055,43.540000915527344,45.7400016784668,0.0,5900800
2020-05-01,36.077789306640625,40.7599983215332,0.0,42.810001373291016,40.68000030517578,42.73500061035156,0.0,6508000
2020-05-04,36.2990608215332,41.0099983215332,0.0,41.07500076293945,40.060001373291016,40.85499954223633,0.0,4582000
2020-05-05,36.94078826904297,41.73500061035156,0.0,43.28499984741211,41.48500061035156,41.82500076293945,0.0,4376000
2020-05-06,37.06913757324219,41.880001068115234,0.0,42.77000045776367,41.67499923706055,42.5,0.0,2930000
2020-05-07,37.839195251464844,42.75,0.0,43.540000915527344,42.279998779296875,42.72999954223633,0.0,5934600
2020-05-08,39.697959899902344,44.849998474121094,0.0,44.915000915527344,41.75,42.41999816894531,0.0,6769400
2020-05-11,39.078369140625,44.150001525878906,0.0,44.81999969482422,43.564998626708984,44.0,0.0,3881800
2020-05-12,38.056053161621094,42.994998931884766,0.0,44.95500183105469,42.994998931884766,44.04499816894531,0.0,3759400
2020-05-13,37.15322494506836,41.974998474121094,0.0,43.67499923706055,41.279998779296875,43.55500030517578,0.0,4468800
2020-05-14,37.97196578979492,42.900001525878906,0.0,42.970001220703125,40.54499816894531,41.39500045776367,0.0,4683400
2020-05-15,36.97620391845703,41.775001525878906,0.0,41.994998931884766,41.064998626708984,41.310001373291016,0.0,5079200
2020-05-18,39.39701461791992,44.5099983215332,0.0,44.755001068115234,42.779998779296875,42.904998779296875,0.0,4543000
2020-05-19,39.007568359375,44.06999969482422,0.0,45.2599983215332,44.04499816894531,44.22999954223633,0.0,4026400
2020-05-20,40.575469970703125,45.650001525878906,0.184,46.04999923706055,44.5099983215332,44.77000045776367,0.0,8132000
2020-05-21,38.944454193115234,43.814998626708984,0.0,45.7400016784668,43.73500061035156,45.23500061035156,0.0,4688600
2020-05-22,39.02445602416992,43.904998779296875,0.0,44.09000015258789,43.21500015258789,43.459999084472656,0.0,3631000
2020-05-26,41.708744049072266,46.92499923706055,0.0,47.584999084472656,45.5,45.72999954223633,0.0,10316600
2020-05-27,42.99755859375,48.375,0.0,49.619998931884766,47.53499984741211,47.685001373291016,0.0,20745600
2020-05-28,42.41093444824219,47.71500015258789,0.0,49.36000061035156,47.505001068115234,48.27000045776367,0.0,12229200
2020-05-29,42.673133850097656,48.0099983215332,0.0,48.935001373291016,47.564998626708984,47.82500076293945,0.0,14361600
2020-06-01,42.54869842529297,47.869998931884766,0.0,48.31999969482422,47.025001525878906,47.4900016784668,0.0,4911000
2020-06-02,43.037559509277344,48.41999816894531,0.0,49.099998474121094,47.96500015258789,48.125,0.0,7014200
2020-06-03,48.34836959838867,54.39500045776367,0.0,54.89500045776367,51.400001525878906,51.525001525878906,0.0,17451000
2020-06-04,47.48619079589844,53.42499923706055,0.0,54.380001068115234,52.869998931884766,54.04499816894531,0.0,7794000
2020-06-05,48.88612365722656,55.0,0.0,56.63999938964844,54.58000183105469,54.58000183105469,0.0,7885200
2020-06-08,48.20615005493164,54.23500061035156,0.0,55.810001373291016,53.22999954223633,55.53499984741211,0.0,6909400
2020-06-09,46.98843765258789,52.8650016784668,0.0,54.244998931884766,52.64500045776367,53.47999954223633,0.0,9208600
2020-06-10,46.375152587890625,52.17499923706055,0.0,53.255001068115234,51.83000183105469,53.25,0.0,5804600
2020-06-11,43.308658599853516,48.724998474121094,0.0,50.98500061035156,48.584999084472656,50.75,0.0,7530600
2020-06-12,44.277496337890625,49.814998626708984,0.0,51.29499816894531,48.43000030517578,50.72999954223633,0.0,3874000
2020-06-15,44.9974479675293,50.625,0.0,50.66999816894531,48.255001068115234,48.310001373291016,0.0,5210000
2020-06-16,46.121829986572266,51.88999938964844,0.0,52.98500061035156,51.0,52.4900016784668,0.0,5705800
2020-06-17,46.4818115234375,52.29499816894531,0.0,52.95500183105469,51.92499923706055,52.415000915527344,0.0,4798600
2020-06-18,46.348480224609375,52.14500045776367,0.0,52.42499923706055,51.595001220703125,51.94499969482422,0.0,3401000
2020-06-19,45.97517013549805,51.724998474121094,0.0,53.790000915527344,51.685001373291016,53.44499969482422,0.0,9214600
2020-06-22,46.0907096862793,51.85499954223633,0.0,52.150001525878906,51.02000045776367,51.880001068115234,0.0,2861800
2020-06-23,46.25515365600586,52.040000915527344,0.0,52.779998779296875,51.994998931884766,52.5099983215332,0.0,2288800
2020-06-24,44.921897888183594,50.540000915527344,0.0,52.040000915527344,50.275001525878906,51.525001525878906,0.0,5785000
2020-06-25,45.321876525878906,50.9900016784668,0.0,51.095001220703125,49.5,49.98500061035156,0.0,3351800
2020-06-26,44.46415328979492,50.025001525878906,0.0,50.970001220703125,49.75,50.849998474121094,0.0,8917400
2020-06-29,45.584075927734375,51.28499984741211,0.0,51.619998931884766,49.70500183105469,50.41999816894531,0.0,3936600
2020-06-30,46.80179214477539,52.654998779296875,0.0,52.880001068115234,51.119998931884766,51.43000030517578,0.0,5750800
2020-07-01,45.828521728515625,51.560001373291016,0.0,52.7400016784668,51.55500030517578,52.564998626708984,0.0,3124200
2020-07-02,46.490699768066406,52.30500030517578,0.0,53.13999938964844,51.970001220703125,52.70000076293945,0.0,4249600
2020-07-06,47.886173248291016,53.875,0.0,54.435001373291016,53.005001068115234,53.369998931884766,0.0,3078200
2020-07-07,46.659568786621094,52.494998931884766,0.0,53.935001373291016,52.400001525878906,53.64500045776367,0.0,4642200
2020-07-08,46.21071243286133,51.9900016784668,0.0,52.70000076293945,51.26499938964844,52.47999954223633,0.0,9480800
2020-07-09,47.79728317260742,53.775001525878906,0.0,54.66999816894531,50.79999923706055,51.90999984741211,0.0,10115800
2020-07-10,47.379539489746094,53.30500030517578,0.0,54.29999923706055,52.61000061035156,54.29999923706055,0.0,3956000
2020-07-13,46.47291564941406,52.28499984741211,0.0,55.060001373291016,52.22999954223633,54.36000061035156,0.0,6849800
2020-07-14,47.806175231933594,53.78499984741211,0.0,53.92499923706055,51.654998779296875,51.939998626708984,0.0,6773400
2020-07-15,47.94395065307617,53.939998626708984,0.0,54.42499923706055,53.35499954223633,54.185001373291016,0.0,3273600
2020-07-16,46.94845199584961,52.81999969482422,0.0,53.41999816894531,52.5099983215332,53.06999969482422,0.0,3763000
2020-07-17,46.96178436279297,52.834999084472656,0.0,53.55500030517578,52.6150016784668,53.23500061035156,0.0,4083400
2020-07-20,47.85505676269531,53.84000015258789,0.0,53.95500183105469,52.494998931884766,53.04999923706055,0.0,4115600
2020-07-21,47.41508865356445,53.345001220703125,0.0,54.32500076293945,53.189998626708984,53.869998931884766,0.0,3815400
2020-07-22,46.43737030029297,52.244998931884766,0.0,53.69499969482422,52.185001373291016,53.56999969482422,0.0,4412200
2020-07-23,45.121891021728516,50.76499938964844,0.0,52.46500015258789,50.415000915527344,52.19499969482422,0.0,5990200
2020-07-24,44.535247802734375,50.10499954223633,0.0,51.279998779296875,49.665000915527344,50.33000183105469,0.0,4743600
2020-07-27,45.81517028808594,51.54499816894531,0.0,52.185001373291016,50.625,50.904998779296875,0.0,5619400
2020-07-28,44.67301559448242,50.2599983215332,0.0,51.279998779296875,50.03499984741211,51.279998779296875,0.0,3060000
2020-07-29,45.637420654296875,51.345001220703125,0.0,51.595001220703125,50.345001220703125,50.5,0.0,3690600
2020-07-30,45.441864013671875,51.125,0.0,51.189998626708984,49.875,50.2599983215332,0.0,4285400
2020-07-31,45.21076965332031,50.8650016784668,0.0,51.32500076293945,50.209999084472656,51.095001220703125,0.0,3117000
2020-08-03,46.60624694824219,52.435001373291016,0.0,52.58000183105469,51.1349983215332,51.255001068115234,0.0,3818600
2020-08-04,47.69507598876953,53.65999984741211,0.0,53.82500076293945,52.095001220703125,52.11000061035156,0.0,5552400
2020-08-05,43.775291442871094,49.25,0.0,50.380001068115234,48.93000030517578,50.03499984741211,0.0,14825200
2020-08-06,44.081939697265625,49.595001220703125,0.0,49.595001220703125,48.755001068115234,49.005001068115234,0.0,4484000
2020-08-07,43.98417282104492,49.48500061035156,0.0,49.900001525878906,48.834999084472656,49.59000015258789,0.0,4364800
2020-08-10,44.55746841430664,50.130001068115234,0.0,50.165000915527344,49.220001220703125,49.29999923706055,0.0,3351600
2020-08-11,44.72635269165039,50.31999969482422,0.0,51.57500076293945,50.2400016784668,50.29999923706055,0.0,5258200
2020-08-12,45.370765686035156,51.04499816894531,0.0,51.209999084472656,50.52000045776367,50.93000030517578,0.0,3433000
2020-08-13,44.6996955871582,50.290000915527344,0.0,51.154998779296875,50.04999923706055,51.14500045776367,0.0,3573000
2020-08-14,44.53081130981445,50.099998474121094,0.0,50.53499984741211,49.96500015258789,50.19499969482422,0.0,2421000
2020-08-17,45.935176849365234,51.68000030517578,0.0,51.790000915527344,50.220001220703125,50.29999923706055,0.0,4051600
2020-08-18,47.70840835571289,53.67499923706055,0.0,53.83000183105469,51.76499938964844,51.95500183105469,0.0,11282600
2020-08-19,48.05061340332031,54.060001373291016,0.0,55.494998931884766,53.505001068115234,53.834999084472656,0.0,10292400
2020-08-20,46.78771209716797,52.459999084472656,0.184,53.67499923706055,52.09000015258789,53.26499938964844,0.0,4165600
2020-08-21,48.12998580932617,53.96500015258789,0.0,54.19499969482422,51.744998931884766,52.29999923706055,0.0,7764800
2020-08-24,47.902557373046875,53.709999084472656,0.0,54.709999084472656,52.66999816894531,54.19499969482422,0.0,5905400
2020-08-25,48.60713577270508,54.5,0.0,54.595001220703125,53.60499954223633,53.75,0.0,3296000
2020-08-26,47.99620056152344,53.814998626708984,0.0,54.30500030517578,53.564998626708984,53.90999984741211,0.0,3297400
2020-08-27,47.898094177246094,53.70500183105469,0.0,54.65999984741211,53.20500183105469,54.65999984741211,0.0,2623000
2020-08-28,49.28495788574219,55.2599983215332,0.0,55.275001525878906,53.72999954223633,53.849998474121094,0.0,3311400
2020-08-31,48.919288635253906,54.849998474121094,0.0,55.220001220703125,54.57500076293945,55.0,0.0,4022600
2020-09-01,50.10102081298828,56.17499923706055,0.0,56.19499969482422,54.60499954223633,54.959999084472656,0.0,3745400
2020-09-02,51.144527435302734,57.345001220703125,0.0,57.55500030517578,55.75,56.5,0.0,4861600
2020-09-03,48.611602783203125,54.505001068115234,0.0,56.71500015258789,54.11000061035156,56.685001373291016,0.0,4831600
2020-09-04,48.228092193603516,54.07500076293945,0.0,54.849998474121094,52.33000183105469,54.33000183105469,0.0,4422800
2020-09-08,45.87800216674805,51.439998626708984,0.0,53.125,51.39500045776367,52.48500061035156,0.0,4376000
2020-09-09,45.24031066894531,50.724998474121094,0.0,51.64500045776367,50.41999816894531,50.994998931884766,0.0,6858200
2020-09-10,44.86125946044922,50.29999923706055,0.0,52.01499938964844,49.96500015258789,51.27000045776367,0.0,4729200
2020-09-11,44.90584945678711,50.349998474121094,0.0,51.209999084472656,49.78499984741211,50.75,0.0,2530000
2020-09-14,45.579227447509766,51.10499954223633,0.0,51.66999816894531,50.79499816894531,51.525001525878906,0.0,2656400
2020-09-15,46.2079963684082,51.810001373291016,0.0,52.10499954223633,51.28499984741211,51.73500061035156,0.0,2284600
2020-09-16,46.18569564819336,51.78499984741211,0.0,52.709999084472656,51.64500045776367,52.095001220703125,0.0,3164600
2020-09-17,46.163394927978516,51.7599983215332,0.0,51.91999816894531,49.915000915527344,50.029998779296875,0.0,2963400
2020-09-18,45.218021392822266,50.70000076293945,0.0,52.154998779296875,49.904998779296875,51.89500045776367,0.0,9391600
2020-09-21,43.924800872802734,49.25,0.0,49.90999984741211,48.08000183105469,49.75,0.0,4684800
2020-09-22,44.23695755004883,49.599998474121094,0.0,49.73500061035156,48.994998931884766,49.5,0.0,3161400
2020-09-23,43.545745849609375,48.82500076293945,0.0,50.154998779296875,48.650001525878906,49.625,0.0,3568600
2020-09-24,43.59033966064453,48.875,0.0,49.54999923706055,48.154998779296875,48.40999984741211,0.0,2916000
2020-09-25,44.1700553894043,49.525001525878906,0.0,49.6349983215332,47.76499938964844,48.67499923706055,0.0,2865000
2020-09-28,45.96272659301758,51.53499984741211,0.0,51.54499816894531,50.255001068115234,50.55500030517578,0.0,3912400
2020-09-29,45.815574645996094,51.369998931884766,0.0,52.02000045776367,51.005001068115234,51.369998931884766,0.0,2786000
2020-09-30,45.82448196411133,51.380001068115234,0.0,52.334999084472656,51.21500015258789,51.52000045776367,0.0,4817800
2020-10-01,47.73756408691406,53.525001525878906,0.0,54.005001068115234,52.505001068115234,53.040000915527344,0.0,4888800
2020-10-02,46.27043151855469,51.880001068115234,0.0,53.665000915527344,51.880001068115234,52.125,0.0,3328200
2020-10-05,47.85350036621094,53.654998779296875,0.0,53.70500183105469,52.369998931884766,52.369998931884766,0.0,2674000
2020-10-06,47.48783874511719,53.244998931884766,0.0,54.94499969482422,53.130001068115234,53.66999816894531,0.0,2573000
2020-10-07,48.513492584228516,54.39500045776367,0.0,54.59000015258789,53.8650016784668,54.189998626708984,0.0,2700600
2020-10-08,49.75765609741211,55.790000915527344,0.0,55.90999984741211,54.650001525878906,54.89500045776367,0.0,3568400
2020-10-09,50.8278923034668,56.9900016784668,0.0,58.279998779296875,56.61000061035156,57.119998931884766,0.0,3205600
2020-10-12,50.894798278808594,57.064998626708984,0.0,57.75,56.810001373291016,57.68000030517578,0.0,4049400
2020-10-13,49.75765609741211,55.790000915527344,0.0,56.5,55.540000915527344,56.380001068115234,0.0,3774600
2020-10-14,49.387535095214844,55.375,0.0,56.150001525878906,55.22999954223633,55.790000915527344,0.0,2385800
2020-10-15,49.650630950927734,55.66999816894531,0.0,55.72999954223633,54.43000030517578,54.689998626708984,0.0,1973400
2020-10-16,49.414276123046875,55.404998779296875,0.0,56.16999816894531,55.3650016784668,55.880001068115234,0.0,2875000
2020-10-19,49.7933235168457,55.83000183105469,0.0,57.52000045776367,55.5,57.494998931884766,0.0,3095000
2020-10-20,49.601566314697266,55.6150016784668,0.0,56.88999938964844,55.61000061035156,56.10499954223633,0.0,2463800
2020-10-21,49.26711654663086,55.2400016784668,0.0,56.154998779296875,54.91999816894531,55.68000030517578,0.0,2227400
2020-10-22,50.17683410644531,56.2599983215332,0.0,56.439998626708984,54.775001525878906,55.255001068115234,0.0,3584800
2020-10-23,50.17683410644531,56.2599983215332,0.0,56.68000030517578,55.86000061035156,56.68000030517578,0.0,1908000
2020-10-26,48.932674407958984,54.8650016784668,0.0,55.779998779296875,54.029998779296875,55.650001525878906,0.0,2010000
2020-10-27,48.13890838623047,53.974998474121094,0.0,55.290000915527344,53.83000183105469,54.81999969482422,0.0,2127800
2020-10-28,45.72637939453125,51.27000045776367,0.0,53.2599983215332,51.20000076293945,53.025001525878906,0.0,4240000
2020-10-29,47.4254035949707,53.17499923706055,0.0,53.779998779296875,51.17499923706055,51.23500061035156,0.0,3544800
2020-10-30,46.85906219482422,52.540000915527344,0.0,53.20000076293945,51.8650016784668,52.5,0.0,3322400
2020-11-02,46.872440338134766,52.55500030517578,0.0,53.4900016784668,51.994998931884766,53.435001373291016,0.0,2668200
2020-11-03,48.59376525878906,54.48500061035156,0.0,54.81999969482422,53.10499954223633,53.14500045776367,0.0,3229800
2020-11-04,50.53358459472656,56.65999984741211,0.0,57.040000915527344,54.27000045776367,56.084999084472656,0.0,4034800
2020-11-05,52.79001235961914,59.189998626708984,0.0,59.314998626708984,57.005001068115234,57.654998779296875,0.0,5205000
2020-11-06,55.867000579833984,62.63999938964844,0.0,63.39500045776367,60.025001525878906,61.15999984741211,0.0,7042000
2020-11-09,56.41549301147461,63.255001068115234,0.0,65.82499694824219,63.14500045776367,65.49500274658203,0.0,4916000
2020-11-10,54.36863708496094,60.959999084472656,0.0,62.85499954223633,60.625,62.29499816894531,0.0,4951000
2020-11-11,56.2995491027832,63.125,0.0,63.494998931884766,61.505001068115234,61.869998931884766,0.0,4058200
2020-11-12,55.055389404296875,61.72999954223633,0.0,63.275001525878906,61.46500015258789,62.8650016784668,0.0,2229400
2020-11-13,56.25496292114258,63.07500076293945,0.0,63.56999969482422,62.35499954223633,62.57500076293945,0.0,1874200
2020-11-16,57.81572341918945,64.82499694824219,0.0,64.87000274658203,63.154998779296875,63.91999816894531,0.0,2011800
2020-11-17,56.79899215698242,63.685001373291016,0.0,64.25499725341797,62.98500061035156,63.810001373291016,0.0,2496800
2020-11-18,55.675235748291016,62.42499923706055,0.0,63.89500045776367,62.369998931884766,63.6349983215332,0.0,2602800
2020-11-19,57.029991149902344,63.755001068115234,0.1845,63.84000015258789,61.44499969482422,61.64500045776367,0.0,2688200
2020-11-20,58.58197784423828,65.48999786376953,0.0,67.6449966430664,64.68000030517578,64.95999908447266,0.0,13091000
2020-11-23,58.86821365356445,65.80999755859375,0.0,66.19499969482422,64.77999877929688,65.3499984741211,0.0,4776200
2020-11-24,59.73589324951172,66.77999877929688,0.0,67.31999969482422,65.51000213623047,66.48500061035156,0.0,2678400
2020-11-25,59.002384185791016,65.95999908447266,0.0,66.76499938964844,65.5999984741211,66.2300033569336,0.0,2448800
2020-11-27,59.48991394042969,66.50499725341797,0.0,66.99500274658203,66.1500015258789,66.88500213623047,0.0,1332400
2020-11-30,60.10713195800781,67.19499969482422,0.0,67.40499877929688,65.66000366210938,66.5,0.0,3755400
2020-12-01,61.26105499267578,68.48500061035156,0.0,69.41999816894531,66.93499755859375,68.49500274658203,0.0,4708000
2020-12-02,61.44443893432617,68.69000244140625,0.0,69.0,67.69000244140625,67.73999786376953,0.0,3293600
2020-12-03,61.9498291015625,69.25499725341797,0.0,70.26000213623047,68.56500244140625,68.90499877929688,0.0,5965200
2020-12-04,64.51263427734375,72.12000274658203,0.0,72.24500274658203,69.16000366210938,69.30000305175781,0.0,4494400
2020-12-07,64.84809112548828,72.49500274658203,0.0,72.66999816894531,71.30000305175781,71.87999725341797,0.0,2464800
2020-12-08,64.74073028564453,72.375,0.0,72.63500213623047,71.58499908447266,71.875,0.0,2637600
2020-12-09,62.52679443359375,69.9000015258789,0.0,72.13500213623047,69.11000061035156,71.375,0.0,5381400
2020-12-10,62.57601547241211,69.95500183105469,0.0,71.0250015258789,69.28500366210938,69.77999877929688,0.0,3118400
2020-12-11,62.889076232910156,70.30500030517578,0.0,70.68000030517578,68.77999877929688,68.98999786376953,0.0,3064400
2020-12-14,63.28712844848633,70.75,0.0,71.5,70.33999633789062,70.88500213623047,0.0,2765800
2020-12-15,63.135066986083984,70.58000183105469,0.0,71.98999786376953,70.05500030517578,71.87999725341797,0.0,4082400
2020-12-16,62.08849334716797,69.41000366210938,0.0,70.93000030517578,69.00499725341797,70.51499938964844,0.0,6001200
2020-12-17,62.49102020263672,69.86000061035156,0.0,70.83999633789062,69.6449966430664,70.44000244140625,0.0,3101000
2020-12-18,61.726200103759766,69.00499725341797,0.0,70.29000091552734,68.34500122070312,70.29000091552734,0.0,9038800
2020-12-21,61.72173309326172,69.0,0.0,69.19000244140625,67.23999786376953,67.43000030517578,0.0,4430600
2020-12-22,61.25212860107422,68.4749984741211,0.0,69.55000305175781,68.05500030517578,68.93499755859375,0.0,3867600
2020-12-23,60.827213287353516,68.0,0.0,68.97000122070312,67.93499755859375,68.41500091552734,0.0,2114600
2020-12-24,61.171607971191406,68.38500213623047,0.0,68.75,67.6500015258789,68.12000274658203,0.0,903800
2020-12-28,60.93901443481445,68.125,0.0,69.29000091552734,67.95999908447266,69.04499816894531,0.0,1569600
2020-12-29,60.45151138305664,67.58000183105469,0.0,68.76499938964844,66.9800033569336,68.76499938964844,0.0,1937200
2020-12-30,61.1805419921875,68.3949966430664,0.0,68.62999725341797,67.80000305175781,68.28500366210938,0.0,2787400
2020-12-31,61.77091598510742,69.05500030517578,0.0,69.09500122070312,67.81500244140625,68.31500244140625,0.0,1594200
2021-01-04,61.35497283935547,68.58999633789062,0.0,71.12999725341797,68.20999908447266,69.4749984741211,0.0,4297000
2021-01-05,62.701229095458984,70.09500122070312,0.0,70.16999816894531,68.6449966430664,68.7750015258789,0.0,3788000
2021-01-06,63.90435791015625,71.44000244140625,0.0,73.44999694824219,70.0999984741211,70.91000366210938,0.0,5817200
2021-01-07,66.50737762451172,74.3499984741211,0.0,74.68000030517578,72.31500244140625,72.36499786376953,0.0,6604600
2021-01-08,65.92596435546875,73.69999694824219,0.0,76.42500305175781,73.18000030517578,75.83499908447266,0.0,5197600
2021-01-11,66.1093521118164,73.90499877929688,0.0,74.23999786376953,72.33499908447266,72.5199966430664,0.0,5742200
2021-01-12,66.78472137451172,74.66000366210938,0.0,75.20500183105469,72.72000122070312,73.78500366210938,0.0,5666800
2021-01-13,67.40193176269531,75.3499984741211,0.0,75.77999877929688,74.38500213623047,74.8949966430664,0.0,2766400
2021-01-14,68.55585479736328,76.63999938964844,0.0,77.13500213623047,75.69499969482422,75.81500244140625,0.0,3068000
2021-01-15,66.4448013305664,74.27999877929688,0.0,76.30000305175781,74.18499755859375,76.16999816894531,0.0,3121000
2021-01-19,68.54241943359375,76.625,0.0,76.87999725341797,74.82499694824219,75.34500122070312,0.0,2490600
2021-01-20,68.1533203125,76.19000244140625,0.0,77.68000030517578,76.0,77.23999786376953,0.0,2628200
2021-01-21,68.12646484375,76.16000366210938,0.0,76.80000305175781,75.27999877929688,76.50499725341797,0.0,2250800
2021-01-22,67.14698028564453,75.06500244140625,0.0,76.08499908447266,74.91500091552734,75.6500015258789,0.0,1968200
2021-01-25,66.72208404541016,74.58999633789062,0.0,75.83999633789062,73.41500091552734,75.38500213623047,0.0,2765800
2021-01-26,64.84358978271484,72.48999786376953,0.0,74.58999633789062,72.2699966430664,74.58999633789062,0.0,3401000
2021-01-27,59.50332260131836,66.5199966430664,0.0,69.81500244140625,66.2699966430664,69.7249984741211,0.0,7075400
2021-01-28,62.012451171875,69.32499694824219,0.0,70.20999908447266,67.51000213623047,68.44000244140625,0.0,6000400
2021-01-29,60.87641906738281,68.05500030517578,0.0,69.30000305175781,67.19499969482422,68.66000366210938,0.0,3475200
2021-02-01,63.62260055541992,71.125,0.0,71.36000061035156,68.80999755859375,69.8499984741211,0.0,3965800
2021-02-02,64.3695068359375,71.95999908447266,0.0,73.44000244140625,70.94999694824219,72.37000274658203,0.0,3178600
2021-02-03,62.558101654052734,69.93499755859375,0.0,72.23500061035156,69.80999755859375,71.41000366210938,0.0,4960400
2021-02-04,64.28900146484375,71.87000274658203,0.0,72.91999816894531,69.31500244140625,70.15499877929688,0.0,8327800
2021-02-05,65.04933166503906,72.72000122070312,0.0,73.5,70.125,73.25,0.0,5960000
2021-02-08,68.19357299804688,76.23500061035156,0.0,76.34500122070312,73.16999816894531,73.16999816894531,0.0,4955000
2021-02-09,68.00570678710938,76.0250015258789,0.0,76.84500122070312,75.33499908447266,75.9000015258789,0.0,5413800
2021-02-10,67.82233428955078,75.81999969482422,0.0,77.26000213623047,74.72000122070312,76.22000122070312,0.0,3733600
2021-02-11,70.50140380859375,78.81500244140625,0.0,78.88999938964844,75.81999969482422,76.26000213623047,0.0,3829400
2021-02-12,71.36015319824219,79.7750015258789,0.0,79.94999694824219,77.9000015258789,78.28500366210938,0.0,3389200
2021-02-16,72.56330108642578,81.12000274658203,0.0,81.43499755859375,79.91999816894531,80.40499877929688,0.0,4353800
2021-02-17,72.92556762695312,81.5250015258789,0.0,83.33499908447266,80.49500274658203,83.30500030517578,0.0,9182400
2021-02-18,70.01390838623047,78.2699966430664,0.0,80.46499633789062,77.45999908447266,79.98999786376953,0.0,5391000
2021-02-19,72.7938232421875,81.17500305175781,0.195,81.44999694824219,79.05000305175781,79.47000122070312,0.0,3551600
2021-02-22,69.5834732055664,77.59500122070312,0.0,80.53500366210938,77.26000213623047,79.5999984741211,0.0,3952800
2021-02-23,69.46687316894531,77.46499633789062,0.0,78.07499694824219,73.5999984741211,76.5,0.0,4710000
2021-02-24,70.50711822509766,78.625,0.0,78.875,75.91999816894531,76.2750015258789,0.0,5496200
2021-02-25,66.23410034179688,73.86000061035156,0.0,78.21499633789062,73.36499786376953,77.79000091552734,0.0,4946400
2021-02-26,68.43561553955078,76.31500244140625,0.0,77.3550033569336,73.21499633789062,75.12000274658203,0.0,6220200
2021-03-01,70.88825988769531,79.05000305175781,0.0,79.18000030517578,76.81999969482422,77.49500274658203,0.0,4041400
2021-03-02,68.19349670410156,76.04499816894531,0.0,78.78500366210938,75.94000244140625,78.0250015258789,0.0,3318000
2021-03-03,66.52555084228516,74.18499755859375,0.0,77.0199966430664,73.81500244140625,75.69999694824219,0.0,5643200
2021-03-04,62.81300354003906,70.04499816894531,0.0,74.6050033569336,69.3499984741211,74.08499908447266,0.0,5098200
2021-03-05,65.21179962158203,72.72000122070312,0.0,72.9800033569336,67.76000213623047,72.0199966430664,0.0,6643800
2021-03-08,61.315425872802734,68.375,0.0,73.22000122070312,68.25,72.16999816894531,0.0,4570400
2021-03-09,65.22076416015625,72.7300033569336,0.0,73.33999633789062,70.53500366210938,71.01499938964844,0.0,4899800
2021-03-10,63.364501953125,70.66000366210938,0.0,74.19999694824219,70.63500213623047,74.19000244140625,0.0,3930200
2021-03-11,66.45379638671875,74.1050033569336,0.0,74.7249984741211,72.5,72.92500305175781,0.0,5517000
2021-03-12,66.113037109375,73.7249984741211,0.0,73.91000366210938,71.86499786376953,72.45500183105469,0.0,2962000
2021-03-15,67.05912017822266,74.77999877929688,0.0,74.95500183105469,73.0250015258789,73.18499755859375,0.0,3279400
2021-03-16,67.21156311035156,74.94999694824219,0.0,76.76000213623047,74.30000305175781,75.38999938964844,0.0,4376400
2021-03-17,68.96920013427734,76.91000366210938,0.0,77.16000366210938,73.33999633789062,73.80999755859375,0.0,3583200
2021-03-18,65.23422241210938,72.74500274658203,0.0,75.79499816894531,72.62999725341797,74.80000305175781,0.0,4120800
2021-03-19,67.28328704833984,75.02999877929688,0.0,76.1449966430664,71.625,73.0,0.0,10437200
2021-03-22,69.43549346923828,77.43000030517578,0.0,78.28500366210938,76.31999969482422,76.44000244140625,0.0,4816600
2021-03-23,67.24742889404297,74.98999786376953,0.0,79.12000274658203,74.21499633789062,79.12000274658203,0.0,4933400
2021-03-24,65.80365753173828,73.37999725341797,0.0,76.54000091552734,73.34500122070312,76.32499694824219,0.0,3509400
2021-03-25,65.98301696777344,73.58000183105469,0.0,74.0999984741211,71.15499877929688,72.20999908447266,0.0,3459000
2021-03-26,69.68660736083984,77.70999908447266,0.0,77.8550033569336,73.13500213623047,73.3550033569336,0.0,4342600
2021-03-29,67.63751220703125,75.42500305175781,0.0,77.13500213623047,74.40499877929688,76.56500244140625,0.0,3425200
2021-03-30,67.30573272705078,75.05500030517578,0.0,75.63999938964844,74.33499908447266,75.05999755859375,0.0,2794200
2021-03-31,69.596923828125,77.61000061035156,0.0,78.11000061035156,75.81999969482422,76.0999984741211,0.0,4103400
2021-04-01,71.81639099121094,80.08499908447266,0.0,80.19000244140625,78.4000015258789,78.75,0.0,4140600
2021-04-05,73.45294189453125,81.91000366210938,0.0,82.23999786376953,80.45500183105469,81.62000274658203,0.0,4198200
2021-04-06,72.07195281982422,80.37000274658203,0.0,82.13999938964844,80.04000091552734,81.22000122070312,0.0,2843600
2021-04-07,71.6101303100586,79.8550033569336,0.0,80.9749984741211,79.43000030517578,80.5999984741211,0.0,2248800
2021-04-08,72.54273986816406,80.8949966430664,0.0,80.94999694824219,79.36499786376953,80.65499877929688,0.0,2926000
2021-04-09,72.5158462524414,80.86499786376953,0.0,81.25499725341797,79.96499633789062,80.36499786376953,0.0,2659200
2021-04-12,71.18865966796875,79.38500213623047,0.0,80.36499786376953,78.5199966430664,80.17500305175781,0.0,2724600
2021-04-13,70.55644989013672,78.68000030517578,0.0,80.27999877929688,77.1449966430664,79.8499984741211,0.0,3042000
2021-04-14,70.09011840820312,78.16000366210938,0.0,79.73999786376953,77.69999694824219,78.25499725341797,0.0,2167400
2021-04-15,71.928466796875,80.20999908447266,0.0,80.41000366210938,78.58000183105469,79.3949966430664,0.0,2732800
2021-04-16,70.97341918945312,79.1449966430664,0.0,80.29499816894531,79.05500030517578,80.04000091552734,0.0,2504600
2021-04-19,69.06336212158203,77.01499938964844,0.0,79.02999877929688,76.3499984741211,78.8499984741211,0.0,2946000
2021-04-20,67.13533782958984,74.86499786376953,0.0,76.74500274658203,74.34500122070312,76.375,0.0,3369000
2021-04-21,69.34135437011719,77.32499694824219,0.0,77.47000122070312,73.94999694824219,74.69000244140625,0.0,3761600
2021-04-22,67.87067413330078,75.68499755859375,0.0,77.57499694824219,75.23500061035156,77.1500015258789,0.0,3307800
2021-04-23,70.1170425415039,78.19000244140625,0.0,78.61000061035156,76.37999725341797,76.48500061035156,0.0,4632400
2021-04-26,71.363525390625,79.58000183105469,0.0,79.9800033569336,77.86000061035156,78.08999633789062,0.0,3840600
2021-04-27,70.61473846435547,78.74500274658203,0.0,80.70999908447266,78.6500015258789,79.69999694824219,0.0,3685200
2021-04-28,69.3279037475586,77.30999755859375,0.0,78.37999725341797,77.01000213623047,78.33999633789062,0.0,2967800
2021-04-29,69.90631103515625,77.95500183105469,0.0,78.43000030517578,76.78500366210938,78.04000091552734,0.0,2016800
2021-04-30,67.38641357421875,75.1449966430664,0.0,77.44000244140625,74.77999877929688,76.7300033569336,0.0,4010400
2021-05-03,66.41793060302734,74.06500244140625,0.0,76.41000366210938,73.66000366210938,76.2249984741211,0.0,3224200
2021-05-04,64.96070861816406,72.44000244140625,0.0,73.37000274658203,71.6050033569336,73.29499816894531,0.0,5768600
2021-05-05,65.30148315429688,72.81999969482422,0.0,74.63500213623047,72.1050033569336,73.55000305175781,0.0,4161200
2021-05-06,65.69155883789062,73.25499725341797,0.0,73.375,71.66000366210938,72.69000244140625,0.0,5083400
2021-05-07,67.14431762695312,74.875,0.0,76.20999908447266,74.04000091552734,76.20999908447266,0.0,4884800
2021-05-10,64.25675964355469,71.65499877929688,0.0,74.55999755859375,71.5999984741211,74.37999725341797,0.0,4435600
2021-05-11,65.24320220947266,72.75499725341797,0.0,72.92500305175781,69.30999755859375,70.1050033569336,0.0,4379600
2021-05-12,62.38702392578125,69.56999969482422,0.0,71.54000091552734,69.2699966430664,70.9749984741211,0.0,5059400
2021-05-13,63.72319412231445,71.05999755859375,0.0,71.96499633789062,69.8550033569336,70.55999755859375,0.0,3801200
2021-05-14,65.22526550292969,72.73500061035156,0.0,73.52999877929688,71.19499969482422,72.0999984741211,0.0,3763600
2021-05-17,64.35092163085938,71.76000213623047,0.0,72.26000213623047,70.4000015258789,71.8499984741211,0.0,2226000
2021-05-18,63.8621826171875,71.21499633789062,0.0,72.87000274658203,71.13999938964844,71.2699966430664,0.0,2751600
2021-05-19,65.90679931640625,73.49500274658203,0.0,73.77999877929688,69.68000030517578,69.92500305175781,0.0,4007400
2021-05-20,67.96300506591797,75.57499694824219,0.2065,75.9749984741211,73.7750015258789,73.7750015258789,0.0,3906200
2021-05-21,67.36046600341797,74.90499877929688,0.0,75.94000244140625,74.29499816894531,75.1050033569336,0.0,3385000
2021-05-24,69.28942108154297,77.05000305175781,0.0,77.43499755859375,75.57499694824219,75.57499694824219,0.0,2816200
2021-05-25,69.58168029785156,77.375,0.0,78.06500244140625,76.20500183105469,77.74500274658203,0.0,2686800
2021-05-26,69.93689727783203,77.7699966430664,0.0,78.125,76.69000244140625,77.37999725341797,0.0,3782600
2021-05-27,70.03132629394531,77.875,0.0,78.65499877929688,77.22000122070312,77.625,0.0,3353600
2021-05-28,70.57091522216797,78.4749984741211,0.0,78.82499694824219,77.66000366210938,78.11499786376953,0.0,2322800
2021-06-01,69.83800506591797,77.66000366210938,0.0,79.83999633789062,77.6050033569336,79.0,0.0,2634000
2021-06-02,69.91442108154297,77.74500274658203,0.0,78.18499755859375,76.83999633789062,77.2699966430664,0.0,2805000
2021-06-03,68.21478271484375,75.8550033569336,0.0,76.86000061035156,75.37999725341797,76.50499725341797,0.0,3726000
2021-06-04,69.86495971679688,77.69000244140625,0.0,77.80500030517578,76.33999633789062,76.68499755859375,0.0,2868400
2021-06-07,69.0511245727539,76.78500366210938,0.0,77.69499969482422,76.51499938964844,77.25,0.0,2170600
2021-06-08,68.61946105957031,76.30500030517578,0.0,78.0250015258789,75.6050033569336,77.95500183105469,0.0,1763600
2021-06-09,68.2597427368164,75.90499877929688,0.0,76.98500061035156,75.73500061035156,76.63999938964844,0.0,2041600
2021-06-10,68.99266052246094,76.72000122070312,0.0,77.2699966430664,75.70999908447266,76.21499633789062,0.0,2365000
2021-06-11,69.28491973876953,77.04499816894531,0.0,77.1050033569336,76.32499694824219,77.08499908447266,0.0,1428200
2021-06-14,70.03582763671875,77.87999725341797,0.0,77.94499969482422,76.12999725341797,77.26000213623047,0.0,2909000
2021-06-15,69.22195434570312,76.9749984741211,0.0,78.23500061035156,76.7300033569336,77.73999786376953,0.0,2268000
2021-06-16,68.52052307128906,76.19499969482422,0.0,77.87000274658203,75.375,77.31999969482422,0.0,3248200
2021-06-17,67.54930877685547,75.11499786376953,0.0,76.42500305175781,74.2300033569336,75.69000244140625,0.0,4524600
2021-06-18,65.47647094726562,72.80999755859375,0.0,74.66000366210938,72.03500366210938,74.4749984741211,0.0,7738400
2021-06-21,66.43421936035156,73.875,0.0,74.13500213623047,72.72000122070312,73.30500030517578,0.0,3377800
2021-06-22,65.59339141845703,72.94000244140625,0.0,73.86000061035156,72.86000061035156,73.8499984741211,0.0,4633200
2021-06-23,65.85417938232422,73.2300033569336,0.0,73.81999969482422,72.73500061035156,72.83999633789062,0.0,1891000
2021-06-24,67.05021667480469,74.55999755859375,0.0,74.95999908447266,73.67500305175781,73.92500305175781,0.0,3971000
2021-06-25,66.89286041259766,74.38500213623047,0.0,75.625,73.99500274658203,74.91500091552734,0.0,4496600
2021-06-28,68.48905944824219,76.16000366210938,0.0,76.67500305175781,74.88999938964844,75.04000091552734,0.0,3760000
2021-06-29,68.7138900756836,76.41000366210938,0.0,76.5999984741211,75.3550033569336,76.01000213623047,0.0,2174600
2021-06-30,67.32899475097656,74.87000274658203,0.0,76.37000274658203,74.49500274658203,76.29499816894531,0.0,4135600
2021-07-01,66.41172790527344,73.8499984741211,0.0,75.44000244140625,73.73500061035156,74.92500305175781,0.0,2979200
2021-07-02,66.65904998779297,74.125,0.0,74.5250015258789,73.37000274658203,74.43000030517578,0.0,3002400
2021-07-06,65.70580291748047,73.06500244140625,0.0,74.01499938964844,71.80000305175781,73.66500091552734,0.0,4011600
2021-07-07,64.52774047851562,71.75499725341797,0.0,73.73500061035156,70.94999694824219,73.69000244140625,0.0,3721800
2021-07-08,63.40813064575195,70.51000213623047,0.0,71.11499786376953,69.15499877929688,70.50499725341797,0.0,3486400
2021-07-09,64.7570571899414,72.01000213623047,0.0,72.25,70.1500015258789,70.83999633789062,0.0,3285200
2021-07-12,65.73278045654297,73.09500122070312,0.0,73.13500213623047,71.68499755859375,71.83999633789062,0.0,2808200
2021-07-13,64.71659088134766,71.96499633789062,0.0,72.9000015258789,71.88999938964844,72.57499694824219,0.0,2878400
2021-07-14,64.54122161865234,71.7699966430664,0.0,73.38999938964844,71.625,72.55500030517578,0.0,4049000
2021-07-15,61.80293655395508,68.7249984741211,0.0,70.8550033569336,67.98999786376953,70.66999816894531,0.0,5767200
2021-07-16,60.14375305175781,66.87999725341797,0.0,69.5999984741211,66.73500061035156,69.05000305175781,0.0,3636000
2021-07-19,59.34340286254883,65.98999786376953,0.0,66.0,64.52999877929688,65.84500122070312,0.0,8572400
2021-07-20,61.61408233642578,68.51499938964844,0.0,69.15499877929688,65.91500091552734,66.16999816894531,0.0,6437800
2021-07-21,63.24626541137695,70.33000183105469,0.0,70.3499984741211,68.50499725341797,68.8550033569336,0.0,3572800
2021-07-22,62.221092224121094,69.19000244140625,0.0,69.44999694824219,68.6449966430664,69.2699966430664,0.0,4917600
2021-07-23,62.59880065917969,69.61000061035156,0.0,70.06999969482422,68.69000244140625,69.91999816894531,0.0,2074000
2021-07-26,62.675209045410156,69.69499969482422,0.0,69.9749984741211,69.0199966430664,69.19499969482422,0.0,2309800
2021-07-27,61.12845993041992,67.9749984741211,0.0,69.4800033569336,66.375,69.2750015258789,0.0,4063400
2021-07-28,61.996273040771484,68.94000244140625,0.0,69.38500213623047,68.05500030517578,68.42500305175781,0.0,3511000
2021-07-29,63.412628173828125,70.51499938964844,0.0,70.62999725341797,69.33499908447266,70.0,0.0,2499800
2021-07-30,64.35237884521484,71.55999755859375,0.0,71.6050033569336,69.8550033569336,69.87999725341797,0.0,3442000
2021-08-02,65.19320678710938,72.49500274658203,0.0,75.81500244140625,72.3949966430664,73.61000061035156,0.0,7295200
2021-08-03,66.01605224609375,73.41000366210938,0.0,73.76000213623047,71.48500061035156,72.86000061035156,0.0,4502000
2021-08-04,66.32628631591797,73.75499725341797,0.0,75.66999816894531,73.65499877929688,73.95500183105469,0.0,6037800
2021-08-05,67.34696197509766,74.88999938964844,0.0,74.8949966430664,73.2699966430664,74.0,0.0,3313400
2021-08-06,67.32450866699219,74.86499786376953,0.0,75.07499694824219,74.1449966430664,74.44499969482422,0.0,3035600
2021-08-09,67.22108459472656,74.75,0.0,75.25499725341797,73.94499969482422,75.25499725341797,0.0,2915000
2021-08-10,67.67073822021484,75.25,0.0,75.51000213623047,73.76499938964844,74.91000366210938,0.0,3420800
2021-08-11,67.65721893310547,75.23500061035156,0.0,75.75,73.8550033569336,75.75,0.0,2056200
2021-08-12,67.96300506591797,75.57499694824219,0.0,75.94999694824219,73.51000213623047,74.9000015258789,0.0,6965200
2021-08-13,68.15184020996094,75.78500366210938,0.0,76.0250015258789,74.98500061035156,75.3499984741211,0.0,2324200
2021-08-16,67.6302490234375,75.20500183105469,0.0,76.2750015258789,74.95500183105469,75.75,0.0,2997000
2021-08-17,65.50796508789062,72.84500122070312,0.0,74.25499725341797,72.1449966430664,74.17500305175781,0.0,4056200
2021-08-18,64.59967803955078,71.83499908447266,0.0,73.3550033569336,71.7249984741211,72.36499786376953,0.0,2989400
2021-08-19,65.05836486816406,72.125,0.2185,72.3949966430664,70.48999786376953,71.16000366210938,0.0,3787600
2021-08-20,65.324462890625,72.41999816894531,0.0,73.05999755859375,71.47000122070312,72.19499969482422,0.0,5313600
2021-08-23,66.69554138183594,73.94000244140625,0.0,74.18000030517578,72.82499694824219,73.00499725341797,0.0,4887200
2021-08-24,66.772216796875,74.0250015258789,0.0,75.05000305175781,73.8949966430664,74.26000213623047,0.0,2292200
2021-08-25,68.30564880371094,75.7249984741211,0.0,76.25,74.67500305175781,75.44499969482422,0.0,5766600
2021-08-26,70.33068084716797,77.97000122070312,0.0,78.16000366210938,75.23500061035156,75.5,0.0,5169200
2021-08-27,71.88214111328125,79.69000244140625,0.0,80.18000030517578,77.88999938964844,78.125,0.0,4060600
2021-08-30,71.71527099609375,79.50499725341797,0.0,80.08999633789062,79.0,79.87000274658203,0.0,2886400
2021-08-31,70.97110748291016,78.68000030517578,0.0,79.53500366210938,77.5,79.53500366210938,0.0,4377800
2021-09-01,70.18185424804688,77.80500030517578,0.0,79.33999633789062,77.51499938964844,79.32499694824219,0.0,3887600
2021-09-02,70.47952270507812,78.13500213623047,0.0,78.29499816894531,77.56999969482422,77.81500244140625,0.0,3659400
2021-09-03,70.7320785522461,78.41500091552734,0.0,79.05000305175781,77.88999938964844,78.06500244140625,0.0,2077400
2021-09-07,70.37127685546875,78.01499938964844,0.0,78.65499877929688,77.71499633789062,78.65499877929688,0.0,2510200
2021-09-08,69.58650207519531,77.1449966430664,0.0,77.99500274658203,76.49500274658203,77.83000183105469,0.0,2370800
2021-09-09,70.34420776367188,77.98500061035156,0.0,78.40499877929688,76.80999755859375,77.2750015258789,0.0,3061000
2021-09-10,71.0252456665039,78.73999786376953,0.0,80.375,78.63999938964844,78.63999938964844,0.0,3836400
2021-09-13,72.47750091552734,80.3499984741211,0.0,80.37999725341797,78.83000183105469,79.875,0.0,3697400
2021-09-14,72.45492553710938,80.32499694824219,0.0,81.16500091552734,79.5199966430664,80.77999877929688,0.0,3584000
2021-09-15,73.14952087402344,81.09500122070312,0.0,81.12000274658203,79.66500091552734,80.375,0.0,3434600
2021-09-16,73.56443786621094,81.55500030517578,0.0,82.09500122070312,80.11499786376953,80.23999786376953,0.0,3386400
2021-09-17,72.65791320800781,80.55000305175781,0.0,81.5,79.66999816894531,81.30500030517578,0.0,10976200
2021-09-20,70.58775329589844,78.25499725341797,0.0,79.19000244140625,77.15499877929688,79.1050033569336,0.0,5917800
2021-09-21,70.9395523071289,78.6449966430664,0.0,79.24500274658203,77.54000091552734,78.73999786376953,0.0,5091200
2021-09-22,72.83378601074219,80.74500274658203,0.0,80.94499969482422,78.95999908447266,79.45999908447266,0.0,3016600
2021-09-23,74.49352264404297,82.58499908447266,0.0,82.88500213623047,80.59500122070312,80.59500122070312,0.0,3162800
2021-09-24,74.55213928222656,82.6500015258789,0.0,82.84500122070312,81.7750015258789,82.06500244140625,0.0,1901800
2021-09-27,74.90393829345703,83.04000091552734,0.0,83.06500244140625,81.2249984741211,81.93499755859375,0.0,2488800
2021-09-28,71.41310119628906,79.16999816894531,0.0,81.79000091552734,79.11499786376953,80.83999633789062,0.0,4259400
2021-09-29,69.03629302978516,76.53500366210938,0.0,79.33000183105469,76.45999908447266,78.9749984741211,0.0,4455600
2021-09-30,69.22570037841797,76.74500274658203,0.0,77.87999725341797,76.4800033569336,77.3499984741211,0.0,2830800
2021-10-01,68.87393188476562,76.3550033569336,0.0,77.34500122070312,75.55999755859375,77.30000305175781,0.0,4276800
2021-10-04,66.12725067138672,73.30999755859375,0.0,75.73999786376953,72.875,75.43499755859375,0.0,5449800
2021-10-05,66.75865936279297,74.01000213623047,0.0,74.79000091552734,73.57499694824219,74.19499969482422,0.0,4975400
2021-10-06,66.63690948486328,73.875,0.0,74.08499908447266,72.82499694824219,73.01499938964844,0.0,2847200
2021-10-07,67.31341552734375,74.625,0.0,75.71499633789062,74.51000213623047,74.91500091552734,0.0,3126600
2021-10-08,65.91078186035156,73.06999969482422,0.0,74.95500183105469,72.58999633789062,74.90499877929688,0.0,4538800
2021-10-11,64.905029296875,71.95500183105469,0.0,73.88500213623047,71.90499877929688,72.83000183105469,0.0,2892800
2021-10-12,63.58806228637695,70.49500274658203,0.0,72.82499694824219,69.86000061035156,72.42500305175781,0.0,4855200
2021-10-13,63.367069244384766,70.25,0.0,71.61000061035156,70.0199966430664,71.5,2.0,4826300
2021-10-14,65.37859344482422,72.4800033569336,0.0,72.54000091552734,71.30999755859375,71.5,0.0,3668800
2021-10-15,65.6491928100586,72.77999877929688,0.0,73.4800033569336,72.47000122070312,73.16999816894531,0.0,2837100
2021-10-18,66.57827758789062,73.80999755859375,0.0,73.86000061035156,71.6500015258789,72.05000305175781,0.0,2387500
2021-10-19,67.51637268066406,74.8499984741211,0.0,75.0,73.56999969482422,73.98999786376953,0.0,2085400
2021-10-20,67.5434341430664,74.87999725341797,0.0,75.2699966430664,74.38999938964844,74.7300033569336,0.0,2697100
2021-10-21,68.56271362304688,76.01000213623047,0.0,76.12000274658203,74.33000183105469,74.33000183105469,0.0,1843900
2021-10-22,67.83207702636719,75.19999694824219,0.0,76.75,74.75,76.0199966430664,0.0,2460000
2021-10-25,68.37329864501953,75.80000305175781,0.0,76.3499984741211,74.97000122070312,75.7300033569336,0.0,2054800
2021-10-26,66.56024169921875,73.79000091552734,0.0,76.9800033569336,73.75,76.81999969482422,0.0,3469200
2021-10-27,65.27936553955078,72.37000274658203,0.0,73.48999786376953,71.33000183105469,71.91000366210938,0.0,5055600
2021-10-28,67.13751983642578,74.43000030517578,0.0,75.37000274658203,73.12999725341797,73.12999725341797,0.0,3506100
2021-10-29,66.8308334350586,74.08999633789062,0.0,74.80999755859375,73.58000183105469,73.72000122070312,0.0,2594300
2021-11-01,69.36551666259766,76.9000015258789,0.0,77.48999786376953,74.4800033569336,74.5999984741211,0.0,4113200
2021-11-02,71.0613021850586,78.77999877929688,0.0,78.93000030517578,76.66000366210938,76.68000030517578,0.0,3344400
2021-11-03,71.95430755615234,79.7699966430664,0.0,80.29000091552734,78.0,78.72000122070312,0.0,4067200
2021-11-04,74.79569244384766,82.91999816894531,0.0,83.12999725341797,78.79000091552734,80.62999725341797,0.0,6614500
2021-11-05,77.35746002197266,85.76000213623047,0.0,87.19000244140625,82.05999755859375,82.30999755859375,0.0,6066500
2021-11-08,75.92322540283203,84.16999816894531,0.0,87.5199966430664,81.72000122070312,87.41000366210938,0.0,7440600
2021-11-09,74.79569244384766,82.91999816894531,0.0,84.76000213623047,81.69000244140625,84.12999725341797,0.0,4919200
2021-11-10,73.02772521972656,80.95999908447266,0.0,82.94999694824219,79.72000122070312,81.44999694824219,0.0,5913600
2021-11-11,75.31886291503906,83.5,0.0,83.68000030517578,81.55000305175781,82.7300033569336,0.0,3787900
2021-11-12,75.18355560302734,83.3499984741211,0.0,84.62999725341797,82.83000183105469,83.54000091552734,0.0,2565300
2021-11-15,75.05729675292969,83.20999908447266,0.0,85.30999755859375,82.93000030517578,84.70999908447266,0.0,2656700
2021-11-16,76.00439453125,84.26000213623047,0.0,84.51000213623047,82.48999786376953,82.52999877929688,0.0,2668300
2021-11-17,74.7415771484375,82.86000061035156,0.0,84.0,82.55999755859375,83.94000244140625,0.0,2986300
2021-11-18,75.35848999023438,83.30999755859375,0.232,83.98999786376953,81.94999694824219,83.75,0.0,2270700
2021-11-19,74.78861236572266,82.68000030517578,0.0,83.94000244140625,82.30000305175781,83.22000122070312,0.0,2568700
2021-11-22,74.79766082763672,82.69000244140625,0.0,84.37999725341797,82.12000274658203,82.75,0.0,5895900
2021-11-23,75.35848999023438,83.30999755859375,0.0,83.77999877929688,81.95999908447266,82.80999755859375,0.0,6724700
2021-11-24,75.9012222290039,83.91000366210938,0.0,84.0,81.23999786376953,82.18000030517578,0.0,2205800
2021-11-26,72.42771911621094,80.06999969482422,0.0,82.04000091552734,79.52999877929688,81.55999755859375,0.0,3198600
2021-11-29,76.34445190429688,84.4000015258789,0.0,84.58999633789062,81.47000122070312,81.47000122070312,0.0,4371900
2021-11-30,75.46703338623047,83.43000030517578,0.0,85.75,82.5,83.87000274658203,0.0,7392200
2021-12-01,76.40776062011719,84.47000122070312,0.0,88.93000030517578,84.23999786376953,84.79000091552734,0.0,6156300
2021-12-02,76.19969940185547,84.23999786376953,0.0,85.29000091552734,82.12000274658203,82.9000015258789,0.0,4223000
2021-12-03,77.13140106201172,85.2699966430664,0.0,87.25,84.22000122070312,85.83999633789062,0.0,5530700
2021-12-06,75.9374008178711,83.94999694824219,0.0,85.55999755859375,81.69999694824219,85.12999725341797,0.0,4746800
2021-12-07,80.40589141845703,88.88999938964844,0.0,88.98999786376953,85.47000122070312,85.62000274658203,0.0,4043000
2021-12-08,79.00382232666016,87.33999633789062,0.0,88.6500015258789,86.44000244140625,88.4800033569336,0.0,3864400
2021-12-09,78.3615951538086,86.62999725341797,0.0,89.04000091552734,86.5,86.70999908447266,0.0,5070900
2021-12-10,78.81388854980469,87.12999725341797,0.0,88.87000274658203,86.29000091552734,88.05999755859375,0.0,3327800
2021-12-13,77.03191375732422,85.16000366210938,0.0,87.75,84.95999908447266,87.38999938964844,0.0,2798200
2021-12-14,76.78767395019531,84.88999938964844,0.0,85.37000274658203,83.41000366210938,84.02999877929688,0.0,4250600
2021-12-15,79.54657745361328,87.94000244140625,0.0,88.11000061035156,83.70999908447266,85.2699966430664,0.0,4499300
2021-12-16,76.46205139160156,84.52999877929688,0.0,88.16000366210938,84.01000213623047,87.36000061035156,0.0,4718900
2021-12-17,76.3082504272461,84.36000061035156,0.0,85.8499984741211,83.41999816894531,83.75,0.0,9002400
2021-12-20,74.71623992919922,82.5999984741211,0.0,83.5,81.41000366210938,83.04000091552734,0.0,3088800
2021-12-21,77.19470977783203,85.33999633789062,0.0,85.5199966430664,83.54000091552734,84.13999938964844,0.0,5626700
2021-12-22,78.12641906738281,86.37000274658203,0.0,86.44000244140625,84.36000061035156,84.47000122070312,0.0,2551200
2021-12-23,78.63298034667969,86.93000030517578,0.0,87.48999786376953,86.62000274658203,86.75,0.0,2193700
2021-12-27,80.8219985961914,89.3499984741211,0.0,89.43000030517578,87.30000305175781,87.3499984741211,0.0,2311200
2021-12-28,79.62798309326172,88.02999877929688,0.0,90.0,87.7300033569336,89.9800033569336,0.0,3334800
2021-12-29,79.81793975830078,88.23999786376953,0.0,89.05999755859375,88.05999755859375,88.25,0.0,1451400
2021-12-30,78.76866912841797,87.08000183105469,0.0,88.58999633789062,86.80000305175781,88.19999694824219,0.0,1659400
2021-12-31,78.75055694580078,87.05999755859375,0.0,87.61000061035156,86.62999725341797,87.41999816894531,0.0,1450500
2022-01-03,79.60084533691406,88.0,0.0,88.5,86.91999816894531,87.5199966430664,0.0,3183500
2022-01-04,79.12142181396484,87.47000122070312,0.0,88.97000122070312,85.25,88.4000015258789,0.0,3029800
2022-01-05,76.45298767089844,84.5199966430664,0.0,87.93000030517578,84.43000030517578,87.2300033569336,0.0,4219600
2022-01-06,77.1585464477539,85.30000305175781,0.0,86.0,84.38999938964844,84.7699966430664,0.0,3039500
2022-01-07,74.11019134521484,81.93000030517578,0.0,85.79000091552734,81.86000061035156,85.25,0.0,4607500
2022-01-10,75.01475524902344,82.93000030517578,0.0,83.12000274658203,80.22000122070312,80.79000091552734,0.0,3670900
2022-01-11,76.53439331054688,84.61000061035156,0.0,84.7300033569336,81.80999755859375,82.48999786376953,0.0,3568600
2022-01-12,77.0952377319336,85.2300033569336,0.0,86.45999908447266,84.48999786376953,85.19000244140625,0.0,3117900
2022-01-13,75.70220947265625,83.69000244140625,0.0,86.80000305175781,83.41000366210938,86.04000091552734,0.0,3711000
2022-01-14,76.2449722290039,84.29000091552734,0.0,84.37999725341797,82.7699966430664,82.81999969482422,0.0,3996600
2022-01-18,71.75836944580078,79.33000183105469,0.0,82.37999725341797,79.0999984741211,82.20999908447266,0.0,5489800
2022-01-19,69.34317016601562,76.66000366210938,0.0,80.43000030517578,76.5999984741211,79.97000122070312,0.0,4254400
2022-01-20,66.90991973876953,73.97000122070312,0.0,78.0,73.88999938964844,77.4000015258789,0.0,5237200
2022-01-21,66.33104705810547,73.33000183105469,0.0,76.0999984741211,73.02999877929688,73.3499984741211,0.0,6026900
2022-01-24,67.70594024658203,74.8499984741211,0.0,75.0199966430664,69.56999969482422,71.87999725341797,0.0,7056200
2022-01-25,65.61642456054688,72.54000091552734,0.0,74.44000244140625,71.7300033569336,72.06999969482422,0.0,5095600
2022-01-26,67.28984832763672,74.38999938964844,0.0,77.37000274658203,72.75,74.97000122070312,0.0,5657000
2022-01-27,64.25961303710938,71.04000091552734,0.0,75.37000274658203,70.5999984741211,74.69999694824219,0.0,5501900
2022-01-28,65.32698059082031,72.22000122070312,0.0,72.31999969482422,68.7699966430664,70.94000244140625,0.0,4636100
2022-01-31,70.08492279052734,77.4800033569336,0.0,77.69000244140625,73.66999816894531,74.0999984741211,0.0,6281500
2022-02-01,70.81761932373047,78.29000091552734,0.0,78.44000244140625,75.66000366210938,77.44000244140625,0.0,3920900
2022-02-02,71.49603271484375,79.04000091552734,0.0,79.5199966430664,77.7300033569336,79.2300033569336,0.0,4649400
2022-02-03,67.0908432006836,74.16999816894531,0.0,77.31999969482422,73.9000015258789,77.16000366210938,0.0,8356600
2022-02-04,66.19535064697266,73.18000030517578,0.0,74.29000091552734,70.44000244140625,72.11000061035156,0.0,7395000
2022-02-07,66.62046813964844,73.6500015258789,0.0,74.7699966430664,72.73999786376953,73.69000244140625,0.0,5335100
2022-02-08,68.2396240234375,75.44000244140625,0.0,75.7300033569336,73.23999786376953,73.58000183105469,0.0,4993100
2022-02-09,70.94425201416016,78.43000030517578,0.0,78.5199966430664,74.87999725341797,76.70999908447266,0.0,7302600
2022-02-10,67.77830505371094,74.93000030517578,0.0,78.62000274658203,74.44999694824219,76.08999633789062,0.0,6469200
2022-02-11,64.52192687988281,71.33000183105469,0.0,75.63999938964844,70.79000091552734,74.94000244140625,0.0,5801600
2022-02-14,64.39527130126953,71.19000244140625,0.0,73.41999816894531,70.25,71.87999725341797,0.0,3802600
2022-02-15,67.82353210449219,74.9800033569336,0.0,75.2300033569336,72.80999755859375,72.8499984741211,0.0,3938900
2022-02-16,68.29389953613281,75.5,0.0,75.83999633789062,73.79000091552734,74.5,0.0,4103800
2022-02-17,64.37718963623047,71.16999816894531,0.0,74.58999633789062,71.04000091552734,74.25,0.0,4860500
2022-02-18,65.16061401367188,71.77999877929688,0.253,72.58000183105469,70.44999694824219,71.31999969482422,0.0,4141500
2022-02-22,65.169677734375,71.79000091552734,0.0,73.19000244140625,70.63999938964844,70.93000030517578,0.0,5015300
2022-02-23,63.81708908081055,70.30000305175781,0.0,73.58000183105469,70.11000061035156,72.83999633789062,0.0,4527200
2022-02-24,64.68856048583984,71.26000213623047,0.0,71.44000244140625,66.56999969482422,67.5,0.0,10786200
2022-02-25,65.4964828491211,72.1500015258789,0.0,72.26000213623047,70.05999755859375,71.11000061035156,0.0,7448100
2022-02-28,63.84430694580078,70.33000183105469,0.0,71.7300033569336,68.94000244140625,71.19999694824219,0.0,7527700
2022-03-01,61.63840866088867,67.9000015258789,0.0,70.62000274658203,67.26000213623047,70.12999725341797,0.0,7327000
2022-03-02,63.308719635009766,69.73999786376953,0.0,70.70999908447266,68.26000213623047,68.44000244140625,0.0,7324100
2022-03-03,62.67327880859375,69.04000091552734,0.0,70.56999969482422,68.41999816894531,70.48999786376953,0.0,4334100
2022-03-04,61.511322021484375,67.76000213623047,0.0,68.80999755859375,66.77999877929688,68.12999725341797,0.0,4435300
2022-03-07,59.1329231262207,65.13999938964844,0.0,68.5999984741211,65.08000183105469,67.87999725341797,0.0,6677600
2022-03-08,62.21030807495117,68.52999877929688,0.0,70.5199966430664,64.26000213623047,65.33000183105469,0.0,8018800
2022-03-09,64.34359741210938,70.87999725341797,0.0,71.83999633789062,69.95999908447266,70.9000015258789,0.0,6711100
2022-03-10,63.40857696533203,69.8499984741211,0.0,70.30000305175781,68.5,69.29000091552734,0.0,3607900
2022-03-11,62.67327880859375,69.04000091552734,0.0,71.61000061035156,68.9000015258789,70.95999908447266,0.0,3528700
2022-03-14,61.84718704223633,68.12999725341797,0.0,69.69000244140625,67.18000030517578,68.73999786376953,0.0,5887200
2022-03-15,65.01535034179688,71.62000274658203,0.0,71.83000183105469,68.77999877929688,68.86000061035156,0.0,5835000
2022-03-16,67.85669708251953,74.75,0.0,74.83000183105469,71.52999877929688,72.4800033569336,0.0,6362000
2022-03-17,68.46492767333984,75.41999816894531,0.0,75.4800033569336,73.80999755859375,73.91000366210938,0.0,3704700
2022-03-18,70.16249084472656,77.29000091552734,0.0,77.54000091552734,74.12999725341797,74.91999816894531,0.0,8215800
2022-03-21,69.50888061523438,76.56999969482422,0.0,77.55999755859375,75.2300033569336,76.87999725341797,0.0,5199200
2022-03-22,69.34548950195312,76.38999938964844,0.0,77.69000244140625,76.1500015258789,76.4800033569336,0.0,3803700
2022-03-23,66.96707153320312,73.7699966430664,0.0,76.23999786376953,73.62000274658203,75.91999816894531,0.0,8146800
2022-03-24,70.51651000976562,77.68000030517578,0.0,77.79000091552734,74.1500015258789,74.45999908447266,0.0,5363600
2022-03-25,70.04447174072266,77.16000366210938,0.0,77.63999938964844,76.0199966430664,77.44999694824219,0.0,3232700
2022-03-28,70.30772399902344,77.44999694824219,0.0,77.5999984741211,74.8499984741211,74.8499984741211,0.0,3840000
2022-03-29,72.42285919189453,79.77999877929688,0.0,80.0999984741211,78.19999694824219,78.83999633789062,0.0,4481300
2022-03-30,69.34548950195312,76.38999938964844,0.0,79.25,76.04000091552734,78.93000030517578,0.0,4322200
2022-03-31,68.21074676513672,75.13999938964844,0.0,77.3499984741211,75.0199966430664,76.77999877929688,0.0,4811400
2022-04-01,67.14863586425781,73.97000122070312,0.0,75.98999786376953,73.19000244140625,75.66999816894531,0.0,4366200
2022-04-04,67.52082061767578,74.37999725341797,0.0,75.45999908447266,73.5199966430664,74.31999969482422,0.0,3449400
2022-04-05,63.6264533996582,70.08999633789062,0.0,74.12999725341797,69.97000122070312,73.58000183105469,0.0,5983800
2022-04-06,61.98335266113281,68.27999877929688,0.0,70.1500015258789,68.16999816894531,68.94999694824219,0.0,7284100
2022-04-07,61.901668548583984,68.19000244140625,0.0,69.20999908447266,66.58999633789062,68.25,0.0,4658700
2022-04-08,60.20411682128906,66.31999969482422,0.0,67.87000274658203,66.12000274658203,67.61000061035156,0.0,4194200
2022-04-11,59.74113464355469,65.80999755859375,0.0,66.66999816894531,65.19000244140625,65.4800033569336,0.0,4262000
2022-04-12,59.4324951171875,65.47000122070312,0.0,67.72000122070312,65.0999984741211,67.05000305175781,0.0,3281600
2022-04-13,60.60354995727539,66.76000213623047,0.0,66.97000122070312,65.26000213623047,65.79000091552734,0.0,3770800
2022-04-14,59.20553970336914,65.22000122070312,0.0,67.08000183105469,65.12999725341797,67.04000091552734,0.0,4127300
2022-04-18,61.03925704956055,67.23999786376953,0.0,68.20999908447266,65.0,65.0,0.0,6758400
2022-04-19,62.546180725097656,68.9000015258789,0.0,69.18000030517578,67.0,67.5,0.0,3976000
2022-04-20,62.77314376831055,69.1500015258789,0.0,70.87000274658203,68.87000274658203,69.69000244140625,0.0,3761400
2022-04-21,61.38422775268555,67.62000274658203,0.0,70.88999938964844,67.2300033569336,70.04000091552734,0.0,3910500
2022-04-22,59.9771614074707,66.06999969482422,0.0,67.8499984741211,65.94999694824219,67.51000213623047,0.0,4751500
2022-04-25,61.81995391845703,68.0999984741211,0.0,68.20999908447266,65.54000091552734,65.73999786376953,0.0,4919300
2022-04-26,59.160152435302734,65.16999816894531,0.0,67.3499984741211,65.13999938964844,67.12000274658203,0.0,5083400
2022-04-27,58.45207595825195,64.38999938964844,0.0,66.36000061035156,63.34000015258789,63.529998779296875,0.0,5314100
2022-04-28,61.8925895690918,68.18000030517578,0.0,68.97000122070312,64.75,65.79000091552734,0.0,4864300
2022-04-29,59.1873893737793,65.19999694824219,0.0,68.4800033569336,64.94999694824219,67.4000015258789,0.0,4837700
2022-05-02,61.60209274291992,67.86000061035156,0.0,67.91000366210938,64.97000122070312,65.63999938964844,0.0,5580700
2022-05-03,61.901668548583984,68.19000244140625,0.0,68.63999938964844,66.58000183105469,67.5,0.0,4029900
2022-05-04,64.1801986694336,70.69999694824219,0.0,70.80999755859375,66.38999938964844,68.30000305175781,0.0,5280300
2022-05-05,61.81995391845703,68.0999984741211,0.0,70.06999969482422,67.11000061035156,69.30000305175781,0.0,7453700
2022-05-06,61.32975769042969,67.55999755859375,0.0,68.6500015258789,66.30000305175781,67.45999908447266,0.0,4157700
2022-05-09,58.37946319580078,64.30999755859375,0.0,67.30999755859375,64.0999984741211,66.22000122070312,0.0,6579400
2022-05-10,61.95612335205078,68.25,0.0,69.41000366210938,65.73999786376953,68.62999725341797,0.0,8622200
2022-05-11,58.60641098022461,64.55999755859375,0.0,67.94000244140625,64.44999694824219,67.33000183105469,0.0,6486700
2022-05-12,59.39618682861328,65.43000030517578,0.0,65.54000091552734,63.52000045776367,64.13999938964844,0.0,6090700
2022-05-13,60.848636627197266,67.02999877929688,0.0,67.7300033569336,65.91000366210938,66.58999633789062,0.0,5673200
2022-05-16,59.85007095336914,65.93000030517578,0.0,66.94999694824219,65.62000274658203,66.37999725341797,0.0,4988500
2022-05-17,62.81852340698242,69.19999694824219,0.0,69.30000305175781,67.19000244140625,67.41999816894531,0.0,5024900
2022-05-18,60.04070281982422,66.13999938964844,0.0,69.01000213623047,65.72000122070312,68.4000015258789,0.0,6197500
2022-05-19,60.17380142211914,66.01000213623047,0.276,67.9000015258789,65.22000122070312,65.69000244140625,0.0,4098400
2022-05-20,60.77544021606445,66.66999816894531,0.0,67.5,64.05999755859375,67.44000244140625,0.0,6085600
2022-05-23,61.076271057128906,67.0,0.0,68.23999786376953,65.69000244140625,66.66000366210938,0.0,5621300
2022-05-24,61.16743850708008,67.0999984741211,0.0,67.56999969482422,65.81999969482422,66.04000091552734,0.0,5462100
2022-05-25,62.042537689208984,68.05999755859375,0.0,68.72000122070312,66.30000305175781,66.3499984741211,0.0,4546700
2022-05-26,63.865726470947266,70.05999755859375,0.0,70.48999786376953,67.62000274658203,67.97000122070312,0.0,4740200
2022-05-27,66.35435485839844,72.79000091552734,0.0,72.81999969482422,70.63999938964844,70.7699966430664,0.0,5133300
2022-05-31,66.22674560546875,72.6500015258789,0.0,73.30000305175781,70.79000091552734,72.47000122070312,0.0,7184700
2022-06-01,64.86846160888672,71.16000366210938,0.0,73.18000030517578,70.12000274658203,72.87000274658203,0.0,4030400
2022-06-02,66.8375015258789,73.31999969482422,0.0,73.36000061035156,70.37999725341797,70.37999725341797,0.0,3898300
2022-06-03,64.9413833618164,71.23999786376953,0.0,72.19999694824219,70.9800033569336,72.08000183105469,0.0,3542600
2022-06-06,64.02069854736328,70.2300033569336,0.0,72.6500015258789,69.83000183105469,72.43000030517578,0.0,3859900
2022-06-07,64.4308853149414,70.68000030517578,0.0,70.9000015258789,69.0199966430664,69.7699966430664,0.0,3067600
2022-06-08,62.817420959472656,68.91000366210938,0.0,70.37000274658203,68.33999633789062,70.33000183105469,0.0,4467100
2022-06-09,60.738990783691406,66.62999725341797,0.0,69.3499984741211,66.55000305175781,68.18000030517578,0.0,4904100
2022-06-10,58.47825622558594,64.1500015258789,0.0,65.80999755859375,63.66999816894531,65.27999877929688,0.0,5840700
2022-06-13,54.676937103271484,59.97999954223633,0.0,62.970001220703125,59.84000015258789,62.130001068115234,0.0,7404500
2022-06-14,55.561180114746094,60.95000076293945,0.0,61.4900016784668,60.0,60.709999084472656,0.0,5207700
2022-06-15,56.10812759399414,61.54999923706055,0.0,62.72999954223633,60.34000015258789,61.58000183105469,0.0,4725900
2022-06-16,52.07891845703125,57.130001068115234,0.0,59.84000015258789,56.619998931884766,59.84000015258789,0.0,8197100
2022-06-17,52.50735855102539,57.599998474121094,0.0,58.13999938964844,56.2400016784668,57.70000076293945,0.0,9709900
2022-06-21,54.102638244628906,59.349998474121094,0.0,59.880001068115234,58.72999954223633,59.290000915527344,0.0,5083600
2022-06-22,53.74711608886719,58.959999084472656,0.0,59.61000061035156,57.88999938964844,58.290000915527344,0.0,4538100
2022-06-23,52.789955139160156,57.90999984741211,0.0,59.560001373291016,57.29999923706055,59.560001373291016,0.0,3924200
2022-06-24,55.22389221191406,60.58000183105469,0.0,61.08000183105469,58.720001220703125,59.06999969482422,0.0,5796000
2022-06-27,55.305931091308594,60.66999816894531,0.0,61.40999984741211,60.09000015258789,61.349998474121094,0.0,3145700
2022-06-28,54.19379806518555,59.45000076293945,0.0,62.91999816894531,59.38999938964844,62.18000030517578,0.0,9588400
2022-06-29,52.91756820678711,58.04999923706055,0.0,59.060001373291016,57.310001373291016,58.77000045776367,0.0,3981700
2022-06-30,52.94492721557617,58.08000183105469,0.0,59.08000183105469,56.54999923706055,57.20000076293945,0.0,5327300
2022-07-01,51.194679260253906,56.15999984741211,0.0,57.9900016784668,55.290000915527344,57.20000076293945,0.0,4657500
2022-07-05,51.17644119262695,56.13999938964844,0.0,56.15999984741211,54.33000183105469,54.959999084472656,0.0,4536200
2022-07-06,51.18556213378906,56.150001525878906,0.0,56.86000061035156,55.369998931884766,56.2400016784668,0.0,4865100
2022-07-07,53.555686950683594,58.75,0.0,58.9900016784668,57.400001525878906,57.61000061035156,0.0,4190300
2022-07-08,54.19379806518555,59.45000076293945,0.0,59.619998931884766,57.5,58.029998779296875,0.0,4484000
2022-07-11,53.665077209472656,58.869998931884766,0.0,59.380001068115234,58.099998474121094,58.560001373291016,0.0,4310200
2022-07-12,53.96589279174805,59.20000076293945,0.0,60.34000015258789,58.90999984741211,59.27000045776367,0.0,3726200
2022-07-13,54.0935173034668,59.34000015258789,0.0,59.709999084472656,57.849998474121094,58.189998626708984,0.0,2944100
2022-07-14,55.54294204711914,60.93000030517578,0.0,61.119998931884766,58.25,59.119998931884766,0.0,3376200
2022-07-15,56.86474609375,62.380001068115234,0.0,62.459999084472656,60.59000015258789,61.29999923706055,0.0,3924800
2022-07-18,56.290443420410156,61.75,0.0,63.599998474121094,61.36000061035156,62.939998626708984,0.0,3554800
2022-07-19,58.81553268432617,64.5199966430664,0.0,64.91000366210938,62.709999084472656,62.72999954223633,0.0,4696200
2022-07-20,59.75447082519531,65.55000305175781,0.0,65.97000122070312,63.22999954223633,64.0,0.0,3609700
2022-07-21,60.346988677978516,66.19999694824219,0.0,66.2300033569336,64.56999969482422,65.94000244140625,0.0,3163600
2022-07-22,58.99785232543945,64.72000122070312,0.0,66.43000030517578,64.30999755859375,66.3499984741211,0.0,4085000
2022-07-25,58.888458251953125,64.5999984741211,0.0,64.95999908447266,63.59000015258789,64.68000030517578,0.0,2751700
2022-07-26,57.87660217285156,63.4900016784668,0.0,64.73999786376953,63.38999938964844,64.41000366210938,0.0,3028500
2022-07-27,60.77544021606445,66.66999816894531,0.0,67.2300033569336,64.4800033569336,64.83999633789062,0.0,5941000
2022-07-28,61.413543701171875,67.37000274658203,0.0,67.61000061035156,65.5199966430664,66.75,0.0,2929300
2022-07-29,62.77182388305664,68.86000061035156,0.0,69.30999755859375,66.44999694824219,67.0999984741211,0.0,3880900
2022-08-01,63.0452880859375,69.16000366210938,0.0,69.61000061035156,67.5,68.0999984741211,0.0,3278000
2022-08-02,63.14556884765625,69.2699966430664,0.0,70.33000183105469,68.48999786376953,68.79000091552734,0.0,4438600
2022-08-03,66.74633026123047,73.22000122070312,0.0,73.56999969482422,70.5199966430664,72.25,0.0,6170400
2022-08-04,66.32701110839844,72.76000213623047,0.0,73.68000030517578,72.02999877929688,73.43000030517578,0.0,3399100
2022-08-05,65.1419448852539,71.45999908447266,0.0,72.54000091552734,70.38999938964844,71.56999969482422,0.0,4005600
2022-08-08,64.6314468383789,70.9000015258789,0.0,71.80999755859375,69.68000030517578,71.16000366210938,0.0,3131200
2022-08-09,61.987850189208984,68.0,0.0,70.0999984741211,67.0999984741211,69.88999938964844,0.0,5182700
2022-08-10,64.44002532958984,70.69000244140625,0.0,70.86000061035156,68.70999908447266,69.79000091552734,0.0,4192600
2022-08-11,65.05989837646484,71.37000274658203,0.0,72.3499984741211,70.7699966430664,71.12000274658203,0.0,3732000
2022-08-12,67.19303131103516,73.70999908447266,0.0,73.98999786376953,71.66999816894531,71.94000244140625,0.0,4408200
2022-08-15,67.7126235961914,74.27999877929688,0.0,74.62999725341797,73.16999816894531,73.37000274658203,0.0,4328700
2022-08-16,67.5394058227539,74.08999633789062,0.0,74.79000091552734,73.36000061035156,74.12000274658203,0.0,4169400
2022-08-17,65.35161590576172,71.69000244140625,0.0,73.05999755859375,69.83000183105469,73.05000305175781,0.0,6450200
2022-08-18,66.54259490966797,72.69000244140625,0.301,73.37999725341797,71.1500015258789,71.83000183105469,0.0,4246100
2022-08-19,64.84903717041016,70.83999633789062,0.0,72.13999938964844,70.51000213623047,71.55999755859375,0.0,4797100
2022-08-22,62.33161163330078,68.08999633789062,0.0,69.76000213623047,67.83000183105469,69.37000274658203,0.0,4842100
2022-08-23,63.274505615234375,69.12000274658203,0.0,69.91999816894531,68.11000061035156,68.20999908447266,0.0,6817700
2022-08-24,62.7252311706543,68.5199966430664,0.0,69.02999877929688,67.76000213623047,68.7300033569336,0.0,4729900
2022-08-25,64.61103057861328,70.58000183105469,0.0,70.69999694824219,68.73999786376953,68.86000061035156,0.0,3631600
2022-08-26,60.38174819946289,65.95999908447266,0.0,70.62999725341797,65.91999816894531,70.30999755859375,0.0,5610700
2022-08-29,59.237449645996094,64.70999908447266,0.0,66.05999755859375,64.58999633789062,65.48999786376953,0.0,3834200
2022-08-30,59.5853157043457,65.08999633789062,0.0,65.66000366210938,63.540000915527344,65.48999786376953,0.0,5726200
2022-08-31,59.73178482055664,65.25,0.0,65.97000122070312,64.12999725341797,65.20999908447266,0.0,6793600
2022-09-01,59.43885040283203,64.93000030517578,0.0,65.01000213623047,62.86000061035156,63.7599983215332,0.0,5225300
2022-09-02,59.04520797729492,64.5,0.0,66.73999786376953,64.13999938964844,65.7699966430664,0.0,4490900
2022-09-06,58.358642578125,63.75,0.0,65.11000061035156,63.16999816894531,64.54000091552734,0.0,3780300
2022-09-07,59.53038787841797,65.02999877929688,0.0,65.55000305175781,63.790000915527344,64.11000061035156,0.0,3703900
2022-09-08,60.18034362792969,65.73999786376953,0.0,66.0199966430664,63.95000076293945,64.47000122070312,0.0,4178100
2022-09-09,61.29716873168945,66.95999908447266,0.0,67.62999725341797,66.3499984741211,66.45999908447266,0.0,3564500
2022-09-12,61.71826934814453,67.41999816894531,0.0,67.91000366210938,66.7699966430664,67.33999633789062,0.0,3506800
2022-09-13,57.81853103637695,63.15999984741211,0.0,65.31999969482422,62.939998626708984,64.72000122070312,0.0,6528800
2022-09-14,60.13456726074219,65.69000244140625,0.0,66.08999633789062,63.150001525878906,63.720001220703125,0.0,7273400
2022-09-15,59.136756896972656,64.5999984741211,0.0,66.61000061035156,63.959999084472656,65.31999969482422,0.0,4397100
2022-09-16,60.14373016357422,65.69999694824219,0.0,65.76000213623047,63.2599983215332,64.01000213623047,0.0,6229300
2022-09-19,61.233089447021484,66.88999938964844,0.0,66.93000030517578,64.81999969482422,64.91999816894531,0.0,4066300
2022-09-20,59.84162902832031,65.37000274658203,0.0,66.79000091552734,65.08999633789062,66.20999908447266,0.0,5180600
2022-09-21,59.25576400756836,64.7300033569336,0.0,67.61000061035156,64.68000030517578,65.5999984741211,0.0,3948400
2022-09-22,57.95585632324219,63.310001373291016,0.0,64.69999694824219,62.88999938964844,64.6500015258789,0.0,4300400
2022-09-23,56.921417236328125,62.18000030517578,0.0,62.900001525878906,60.75,62.689998626708984,0.0,4725500
2022-09-26,56.26231384277344,61.459999084472656,0.0,63.27000045776367,61.27000045776367,62.189998626708984,0.0,4642700
2022-09-27,57.223514556884766,62.5099983215332,0.0,63.040000915527344,61.279998779296875,62.4900016784668,0.0,3425100
2022-09-28,58.4959602355957,63.900001525878906,0.0,64.23999786376953,61.95000076293945,62.2400016784668,0.0,4101700
2022-09-29,56.74748611450195,61.9900016784668,0.0,63.09000015258789,60.77000045776367,63.08000183105469,0.0,5469500
2022-09-30,55.86866760253906,61.029998779296875,0.0,63.0,60.959999084472656,61.38999938964844,0.0,4281800
2022-10-03,58.276248931884766,63.65999984741211,0.0,64.30999755859375,61.439998626708984,62.209999084472656,0.0,5170600
2022-10-04,61.05914306640625,66.69999694824219,0.0,66.7699966430664,65.16999816894531,65.87999725341797,0.0,4514300
2022-10-05,61.69081115722656,67.38999938964844,0.0,67.91999816894531,65.1500015258789,65.66999816894531,0.0,3603100
2022-10-06,61.44363784790039,67.12000274658203,0.0,68.38999938964844,66.88999938964844,67.18000030517578,0.0,3175200
2022-10-07,58.42272186279297,63.81999969482422,0.0,65.5199966430664,63.47999954223633,65.0999984741211,0.0,6359500
2022-10-10,56.051753997802734,61.22999954223633,0.0,64.01000213623047,60.84000015258789,63.869998931884766,0.0,5129600
2022-10-11,54.51382827758789,59.54999923706055,0.0,61.150001525878906,58.650001525878906,60.0,0.0,6887900
2022-10-12,52.948448181152344,57.84000015258789,0.0,59.529998779296875,57.7599983215332,58.959999084472656,0.0,4850500
2022-10-13,54.41313552856445,59.439998626708984,0.0,60.400001525878906,54.77000045776367,55.869998931884766,0.0,7910400
2022-10-14,52.46327590942383,57.310001373291016,0.0,60.34000015258789,57.20000076293945,60.099998474121094,0.0,4601400
2022-10-17,53.95541763305664,58.939998626708984,0.0,60.36000061035156,58.20000076293945,59.91999816894531,0.0,4196500
2022-10-18,54.25751876831055,59.27000045776367,0.0,61.4900016784668,58.16999816894531,60.86000061035156,0.0,3179700
2022-10-19,54.303287506103516,59.31999969482422,0.0,60.09000015258789,58.40999984741211,58.5,0.0,3498200
2022-10-20,54.248355865478516,59.2599983215332,0.0,60.97999954223633,58.56999969482422,58.56999969482422,0.0,3989100
2022-10-21,56.619319915771484,61.849998474121094,0.0,62.029998779296875,58.84000015258789,59.25,0.0,5010000
2022-10-24,57.150272369384766,62.43000030517578,0.0,62.66999816894531,60.88999938964844,62.13999938964844,0.0,3274400
2022-10-25,59.02690505981445,64.4800033569336,0.0,65.31999969482422,62.5099983215332,62.650001525878906,0.0,6425300
2022-10-26,57.27843475341797,62.56999969482422,0.0,64.58000183105469,62.099998474121094,62.900001525878906,0.0,5347400
2022-10-27,56.0609130859375,61.2400016784668,0.0,64.0,61.11000061035156,63.52000045776367,0.0,7152200
2022-10-28,57.67206954956055,63.0,0.0,63.310001373291016,60.9900016784668,61.61000061035156,0.0,11231000
2022-10-31,56.51863479614258,61.7400016784668,0.0,62.459999084472656,60.7400016784668,62.2400016784668,0.0,5515400
2022-11-01,57.08619689941406,62.36000061035156,0.0,63.47999954223633,61.81999969482422,63.150001525878906,0.0,4695900
2022-11-02,55.51165008544922,60.63999938964844,0.0,64.20999908447266,60.59000015258789,62.79999923706055,0.0,6138500
2022-11-03,54.43144226074219,59.459999084472656,0.0,60.58000183105469,58.61000061035156,59.95000076293945,0.0,5458200
2022-11-04,58.4593391418457,63.86000061035156,0.0,66.5,62.130001068115234,66.44000244140625,0.0,11234100
2022-11-07,59.98810577392578,65.52999877929688,0.0,65.80000305175781,63.099998474121094,64.4800033569336,0.0,6304700
2022-11-08,62.029518127441406,67.76000213623047,0.0,68.62999725341797,65.8499984741211,66.88999938964844,0.0,6804400
2022-11-09,60.87606430053711,66.5,0.0,67.38999938964844,65.61000061035156,66.80000305175781,0.0,5483000
2022-11-10,67.66856384277344,73.91999816894531,0.0,74.22000122070312,70.0999984741211,70.68000030517578,0.0,10557300
2022-11-11,69.41703796386719,75.83000183105469,0.0,76.27999877929688,73.05000305175781,74.2300033569336,0.0,4963700
2022-11-14,68.5565185546875,74.88999938964844,0.0,76.98999786376953,74.80000305175781,75.12000274658203,0.0,4908600
2022-11-15,70.43315887451172,76.94000244140625,0.0,78.12000274658203,75.58999633789062,77.66999816894531,0.0,4947800
2022-11-16,67.41222381591797,73.63999938964844,0.0,75.62999725341797,72.91000366210938,75.12000274658203,0.0,6007400
2022-11-17,67.54955291748047,73.79000091552734,0.0,74.12999725341797,71.83999633789062,71.94000244140625,0.0,3296600
2022-11-18,67.89742279052734,74.16999816894531,0.0,75.25,73.51000213623047,75.12000274658203,0.0,2763700
2022-11-21,66.43357849121094,72.25,0.328,73.6500015258789,71.61000061035156,73.5,0.0,4204400
2022-11-22,69.12770080566406,75.18000030517578,0.0,75.29000091552734,72.6500015258789,72.87999725341797,0.0,5455100
2022-11-23,70.45177459716797,76.62000274658203,0.0,77.48999786376953,74.95999908447266,75.08999633789062,0.0,5039200
2022-11-25,69.57826232910156,75.66999816894531,0.0,76.7300033569336,75.62999725341797,76.26000213623047,0.0,1753400
2022-11-28,68.35531616210938,74.33999633789062,0.0,76.4800033569336,73.73999786376953,74.77999877929688,0.0,4810500
2022-11-29,68.24497985839844,74.22000122070312,0.0,74.94000244140625,73.33000183105469,74.7699966430664,0.0,2624500
2022-11-30,72.81489562988281,79.19000244140625,0.0,79.27999877929688,73.63999938964844,74.72000122070312,0.0,7850300
2022-12-01,72.01492309570312,78.31999969482422,0.0,79.91000366210938,77.3499984741211,79.75,0.0,4118200
2022-12-02,71.08621215820312,77.30999755859375,0.0,77.38999938964844,76.02999877929688,76.26000213623047,0.0,4036700
2022-12-05,70.41499328613281,76.58000183105469,0.0,77.11000061035156,75.91999816894531,76.7300033569336,0.0,3433600
2022-12-06,69.0909194946289,75.13999938964844,0.0,76.63999938964844,74.52999877929688,76.41999816894531,0.0,3428900
2022-12-07,69.17367553710938,75.2300033569336,0.0,75.81999969482422,74.41999816894531,74.66999816894531,0.0,3014200
2022-12-08,70.63568115234375,76.81999969482422,0.0,77.13999938964844,75.25,75.83000183105469,0.0,3677400
2022-12-09,69.77135467529297,75.87999725341797,0.0,77.38999938964844,75.3499984741211,75.91000366210938,0.0,3210400
2022-12-12,71.1046142578125,77.33000183105469,0.0,77.4000015258789,75.37000274658203,75.52999877929688,0.0,4293000
2022-12-13,71.17818450927734,77.41000366210938,0.0,80.5,76.37000274658203,80.04000091552734,0.0,5413200
2022-12-14,69.98282623291016,76.11000061035156,0.0,78.37000274658203,75.51000213623047,77.41999816894531,0.0,3707500
2022-12-15,66.85655212402344,72.70999908447266,0.0,75.0,72.52999877929688,74.72000122070312,0.0,6190000
2022-12-16,66.81976318359375,72.66999816894531,0.0,72.95999908447266,71.51000213623047,72.16000366210938,0.0,9412500
2022-12-19,65.7255630493164,71.4800033569336,0.0,72.94999694824219,70.48999786376953,72.94999694824219,0.0,5084800
2022-12-20,65.48650360107422,71.22000122070312,0.0,72.12999725341797,70.27999877929688,70.62999725341797,0.0,2666600
2022-12-21,67.08641052246094,72.95999908447266,0.0,73.04000091552734,71.58000183105469,71.76000213623047,0.0,3209500
2022-12-22,64.2819595336914,69.91000366210938,0.0,71.37000274658203,68.44999694824219,71.37000274658203,0.0,7644500
2022-12-23,64.30033874511719,69.93000030517578,0.0,69.98999786376953,68.69000244140625,69.38999938964844,0.0,2501200
2022-12-27,63.47279357910156,69.02999877929688,0.0,69.66999816894531,68.31999969482422,69.44000244140625,0.0,3642200
2022-12-28,62.40619659423828,67.87000274658203,0.0,69.61000061035156,67.69000244140625,68.55000305175781,0.0,2674300
2022-12-29,64.7784652709961,70.44999694824219,0.0,70.7699966430664,68.72000122070312,68.79000091552734,0.0,3825200
2022-12-30,64.5946044921875,70.25,0.0,70.33000183105469,68.80999755859375,69.33000183105469,0.0,2438200
2023-01-03,63.53715515136719,69.0999984741211,0.0,71.58000183105469,68.41000366210938,71.29000091552734,0.0,3536800
2023-01-04,65.09113311767578,70.79000091552734,0.0,71.61000061035156,69.58000183105469,70.61000061035156,0.0,5214600
2023-01-05,63.53715515136719,69.0999984741211,0.0,70.77999877929688,68.9800033569336,69.86000061035156,0.0,4026000
2023-01-06,66.91171264648438,72.7699966430664,0.0,73.26000213623047,69.73999786376953,70.68000030517578,0.0,4858400
2023-01-09,67.85881805419922,73.80000305175781,0.0,75.38999938964844,73.55999755859375,74.0,0.0,3398400
2023-01-10,69.3759536743164,75.44999694824219,0.0,75.52999877929688,73.36000061035156,73.98999786376953,0.0,2744500
2023-01-11,69.33000183105469,75.4000015258789,0.0,75.98999786376953,74.7300033569336,75.73999786376953,0.0,3997500
2023-01-12,69.18287658691406,75.23999786376953,0.0,75.91000366210938,73.9800033569336,75.66999816894531,0.0,3370500
2023-01-13,68.88861846923828,74.91999816894531,0.0,75.06999969482422,73.91000366210938,74.7699966430664,0.0,4004200
2023-01-17,68.49324798583984,74.48999786376953,0.0,75.7699966430664,73.58000183105469,74.87000274658203,0.0,3030000
2023-01-18,67.95072937011719,73.9000015258789,0.0,76.08000183105469,73.83000183105469,75.37999725341797,0.0,4412700
2023-01-19,65.97383117675781,71.75,0.0,73.66999816894531,71.41000366210938,73.5199966430664,0.0,4882300
2023-01-20,67.6749038696289,73.5999984741211,0.0,73.75,71.47000122070312,72.52999877929688,0.0,3925400
2023-01-23,70.16673278808594,76.30999755859375,0.0,76.66000366210938,73.8499984741211,73.8499984741211,0.0,4608800
2023-01-24,69.62422943115234,75.72000122070312,0.0,76.63999938964844,75.26000213623047,75.43000030517578,0.0,3233500
2023-01-25,70.00120544433594,76.12999725341797,0.0,76.22000122070312,73.80000305175781,74.56999969482422,0.0,3697000
2023-01-26,71.95974731445312,78.26000213623047,0.0,78.36000061035156,76.23999786376953,77.30999755859375,0.0,4797600
2023-01-27,71.42644500732422,77.68000030517578,0.0,78.5999984741211,77.0999984741211,77.30999755859375,0.0,4450200
2023-01-30,69.58745574951172,75.68000030517578,0.0,77.41000366210938,75.48999786376953,76.80999755859375,0.0,4574100
2023-01-31,71.37127685546875,77.62000274658203,0.0,77.73999786376953,75.63999938964844,75.68000030517578,0.0,9737400
2023-02-01,74.62630462646484,81.16000366210938,0.0,82.08000183105469,77.87999725341797,77.9000015258789,0.0,7167000
2023-02-02,77.72498321533203,84.52999877929688,0.0,84.94999694824219,82.0,82.0199966430664,0.0,8886200
2023-02-03,78.46977233886719,85.33999633789062,0.0,87.76000213623047,83.51000213623047,83.72000122070312,0.0,8935100
2023-02-06,77.66983032226562,84.47000122070312,0.0,86.23999786376953,83.80000305175781,84.29000091552734,0.0,5810300
2023-02-07,79.5547866821289,86.5199966430664,0.0,87.0,84.16000366210938,84.62999725341797,0.0,6388600
2023-02-08,77.96406555175781,84.79000091552734,0.0,86.41999816894531,84.5999984741211,85.81999969482422,0.0,4189100
2023-02-09,78.05601501464844,84.88999938964844,0.0,86.81999969482422,84.2699966430664,86.19999694824219,0.0,4792300
2023-02-10,75.95035552978516,82.5999984741211,0.0,84.16999816894531,81.94999694824219,84.08999633789062,0.0,6291200
2023-02-13,77.54109191894531,84.33000183105469,0.0,84.47000122070312,82.80000305175781,82.87999725341797,0.0,4421600
2023-02-14,78.04681396484375,84.87999725341797,0.0,85.77999877929688,83.05999755859375,83.43000030517578,0.0,4553700
2023-02-15,78.99391174316406,85.91000366210938,0.0,86.0,84.1500015258789,84.29000091552734,0.0,4016600
2023-02-16,77.82613372802734,84.63999938964844,0.0,85.66000366210938,84.30000305175781,84.66000366210938,0.0,4760500
2023-02-17,76.89163970947266,83.2699966430664,0.358,84.11000061035156,82.5199966430664,84.0,0.0,4733500
2023-02-21,74.50003814697266,80.68000030517578,0.0,83.20999908447266,80.37000274658203,82.37000274658203,0.0,6795100
2023-02-22,73.66898345947266,79.77999877929688,0.0,81.19999694824219,79.16999816894531,81.12999725341797,0.0,3997500
2023-02-23,74.98019409179688,81.19999694824219,0.0,81.87999725341797,79.76000213623047,81.44999694824219,0.0,4841300
2023-02-24,73.57664489746094,79.68000030517578,0.0,80.4000015258789,79.44000244140625,80.08000183105469,0.0,4280200
2023-02-27,74.44464111328125,80.62000274658203,0.0,81.61000061035156,80.41999816894531,81.41000366210938,0.0,3175600
2023-02-28,74.82322692871094,81.02999877929688,0.0,82.08999633789062,80.26000213623047,80.44999694824219,0.0,3719400
2023-03-01,74.5923843383789,80.77999877929688,0.0,81.94999694824219,80.58000183105469,81.37000274658203,0.0,3383600
2023-03-02,74.8416976928711,81.05000305175781,0.0,81.55999755859375,78.95999908447266,79.55999755859375,0.0,3395100
2023-03-03,76.27296447753906,82.5999984741211,0.0,82.87000274658203,80.41999816894531,81.25,0.0,5001500
2023-03-06,75.69122314453125,81.97000122070312,0.0,83.62000274658203,81.58000183105469,83.1500015258789,0.0,3443100
2023-03-07,75.82051086425781,82.11000061035156,0.0,83.80999755859375,81.31999969482422,82.7699966430664,0.0,4364800
2023-03-08,78.04588317871094,84.5199966430664,0.0,84.6500015258789,82.12999725341797,82.12999725341797,0.0,5563200
2023-03-09,76.88241577148438,83.26000213623047,0.0,85.77999877929688,83.08000183105469,84.61000061035156,0.0,4814500
2023-03-10,75.32186889648438,81.56999969482422,0.0,84.06999969482422,81.30999755859375,83.8499984741211,0.0,4727100
2023-03-13,75.05408477783203,81.27999877929688,0.0,82.37000274658203,80.08000183105469,80.58000183105469,0.0,5788100
2023-03-14,76.86393737792969,83.23999786376953,0.0,83.70999908447266,81.83000183105469,82.76000213623047,0.0,5799200
2023-03-15,74.34305572509766,80.51000213623047,0.0,82.27999877929688,79.05000305175781,82.05000305175781,0.0,6068800
2023-03-16,75.94978332519531,82.25,0.0,82.80000305175781,79.4800033569336,80.0999984741211,0.0,6275800
2023-03-17,74.52775573730469,80.70999908447266,0.0,82.23999786376953,79.9000015258789,82.20999908447266,0.0,8782500
2023-03-20,75.9867172241211,82.29000091552734,0.0,82.83000183105469,80.56999969482422,81.04000091552734,0.0,3825800
2023-03-21,75.9867172241211,82.29000091552734,0.0,83.77999877929688,81.44999694824219,83.0,0.0,3771800
2023-03-22,74.3984603881836,80.56999969482422,0.0,83.72000122070312,80.47000122070312,82.25,0.0,5048100
2023-03-23,75.9959487915039,82.30000305175781,0.0,83.79000091552734,80.66999816894531,82.01000213623047,0.0,4942500
2023-03-24,73.34577941894531,79.43000030517578,0.0,81.79000091552734,78.91000366210938,81.37999725341797,0.0,5487600
2023-03-27,71.60979461669922,77.55000305175781,0.0,79.79000091552734,76.98999786376953,79.58000183105469,0.0,7203400
2023-03-28,71.89604187011719,77.86000061035156,0.0,77.91999816894531,76.16999816894531,77.41999816894531,0.0,4260200
2023-03-29,74.67549133300781,80.87000274658203,0.0,81.51000213623047,78.91999816894531,79.4000015258789,0.0,4717500
2023-03-30,76.43917083740234,82.77999877929688,0.0,83.08999633789062,81.63999938964844,82.05000305175781,0.0,3555900
2023-03-31,77.36257934570312,83.77999877929688,0.0,83.91999816894531,82.25,82.48999786376953,0.0,3115200
2023-04-03,76.37454223632812,82.70999908447266,0.0,84.33000183105469,81.87000274658203,83.55000305175781,0.0,3434900
2023-04-04,75.38650512695312,81.63999938964844,0.0,83.05999755859375,80.80999755859375,83.05000305175781,0.0,4198100
2023-04-05,73.42889404296875,79.5199966430664,0.0,80.98999786376953,78.18000030517578,80.98999786376953,0.0,6202200
2023-04-06,72.67170715332031,78.69999694824219,0.0,79.9000015258789,77.33999633789062,78.45999908447266,0.0,3417100
2023-04-10,74.37998962402344,80.55000305175781,0.0,80.76000213623047,77.91000366210938,78.18000030517578,0.0,3132100
2023-04-11,74.37998962402344,80.55000305175781,0.0,81.55000305175781,80.37999725341797,81.1500015258789,0.0,2837100
2023-04-12,73.16110229492188,79.2300033569336,0.0,81.58000183105469,79.05999755859375,81.29000091552734,0.0,2406800
2023-04-13,73.99217224121094,80.12999725341797,0.0,80.68000030517578,78.41999816894531,79.26000213623047,0.0,2885600
2023-04-14,73.43811798095703,79.52999877929688,0.0,81.4000015258789,78.79000091552734,80.33000183105469,0.0,2837900
2023-04-17,74.37077331542969,80.54000091552734,0.0,80.69999694824219,78.75,78.83000183105469,0.0,2849100
2023-04-18,74.5831527709961,80.7699966430664,0.0,82.26000213623047,80.0199966430664,81.4800033569336,0.0,3415700
2023-04-19,73.29961395263672,79.37999725341797,0.0,80.19000244140625,78.66999816894531,80.19000244140625,0.0,2947800
2023-04-20,71.56360626220703,77.5,0.0,78.70999908447266,76.94999694824219,77.73999786376953,0.0,6401600
2023-04-21,70.917236328125,76.80000305175781,0.0,77.13999938964844,76.16999816894531,77.0999984741211,0.0,3683300
2023-04-24,71.35122680664062,77.2699966430664,0.0,77.27999877929688,76.26000213623047,76.75,0.0,2893900
2023-04-25,68.67338562011719,74.37000274658203,0.0,76.93000030517578,74.3499984741211,76.93000030517578,0.0,5923000
2023-04-26,68.43329620361328,74.11000061035156,0.0,75.23999786376953,73.63999938964844,75.04000091552734,0.0,4232600
2023-04-27,66.30023956298828,71.80000305175781,0.0,72.79000091552734,70.30000305175781,72.69000244140625,0.0,7746600
2023-04-28,67.39910125732422,72.98999786376953,0.0,73.0999984741211,71.61000061035156,72.08999633789062,0.0,4460700
2023-05-01,69.60601043701172,75.37999725341797,0.0,76.01000213623047,73.4000015258789,73.4000015258789,0.0,5312300
2023-05-02,70.28932189941406,76.12000274658203,0.0,78.01000213623047,75.20999908447266,76.30000305175781,0.0,5503600
2023-05-03,70.40938568115234,76.25,0.0,77.9800033569336,75.8499984741211,76.1500015258789,0.0,5536700
2023-05-04,70.20621490478516,76.02999877929688,0.0,76.27999877929688,74.83000183105469,75.70999908447266,0.0,6144700
2023-05-05,69.42133331298828,75.18000030517578,0.0,76.55999755859375,70.75,71.0,0.0,9468200
2023-05-08,68.58103942871094,74.2699966430664,0.0,75.8499984741211,73.72000122070312,75.19000244140625,0.0,4222800
2023-05-09,67.14051818847656,72.70999908447266,0.0,73.5199966430664,71.52999877929688,73.44999694824219,0.0,5017400
2023-05-10,68.48868560791016,74.16999816894531,0.0,74.58999633789062,73.2699966430664,73.51000213623047,0.0,6898700
2023-05-11,67.54682922363281,73.1500015258789,0.0,73.9800033569336,71.83999633789062,73.8499984741211,0.0,4613200
2023-05-12,68.1562728881836,73.80999755859375,0.0,74.18000030517578,72.80000305175781,73.98999786376953,0.0,2907500
2023-05-15,69.60601043701172,75.37999725341797,0.0,75.41999816894531,73.23999786376953,73.66999816894531,0.0,3181500
2023-05-16,68.37789916992188,74.05000305175781,0.0,76.16999816894531,73.98999786376953,75.4000015258789,0.0,3354200
2023-05-17,70.7325668334961,76.5999984741211,0.0,76.87999725341797,74.44000244140625,75.06999969482422,0.0,4100700
2023-05-18,72.30235290527344,78.30000305175781,0.0,78.48999786376953,76.76000213623047,77.13999938964844,0.0,5384900
2023-05-19,72.25872039794922,77.87000274658203,0.383,78.36000061035156,77.47000122070312,78.0,0.0,3672600
2023-05-22,73.4836196899414,79.19000244140625,0.0,79.62999725341797,77.3499984741211,77.37999725341797,0.0,4828000
2023-05-23,72.0267562866211,77.62000274658203,0.0,78.83000183105469,77.47000122070312,78.31999969482422,0.0,4555800
2023-05-24,68.31499481201172,73.62000274658203,0.0,75.5,72.55999755859375,74.9000015258789,0.0,7827800
2023-05-25,68.79751586914062,74.13999938964844,0.0,74.43000030517578,71.3499984741211,73.12000274658203,0.0,7471600
2023-05-26,72.67631530761719,78.31999969482422,0.0,78.97000122070312,74.69999694824219,75.0,0.0,8215900
2023-05-30,71.31221771240234,76.8499984741211,0.0,80.12999725341797,76.23999786376953,80.0,0.0,4875800
2023-05-31,69.8368148803711,75.26000213623047,0.0,77.45999908447266,74.93000030517578,76.29000091552734,0.0,7860500
2023-06-01,71.13592529296875,76.66000366210938,0.0,77.44000244140625,74.16999816894531,75.8499984741211,0.0,5417800
2023-06-02,71.63700866699219,77.19999694824219,0.0,77.80000305175781,75.7300033569336,77.13999938964844,0.0,3400200
2023-06-05,69.8460922241211,75.2699966430664,0.0,77.62999725341797,74.73999786376953,77.5,0.0,4185200
2023-06-06,71.91537475585938,77.5,0.0,77.69999694824219,75.01000213623047,75.1500015258789,0.0,4750300
2023-06-07,75.15391540527344,80.98999786376953,0.0,81.83000183105469,77.9800033569336,77.98999786376953,0.0,8071400
2023-06-08,74.93119812011719,80.75,0.0,81.87999725341797,80.16000366210938,81.16999816894531,0.0,5026700
2023-06-09,74.30018615722656,80.06999969482422,0.0,82.11000061035156,79.37000274658203,81.9800033569336,0.0,3334100
2023-06-12,76.94483184814453,82.91999816894531,0.0,83.3499984741211,80.61000061035156,80.80000305175781,0.0,5703500
2023-06-13,79.53379821777344,85.70999908447266,0.0,85.86000061035156,83.73999786376953,83.73999786376953,0.0,8013300
2023-06-14,80.3967514038086,86.63999938964844,0.0,87.12999725341797,85.05000305175781,85.5999984741211,0.0,5908500
2023-06-15,79.2182846069336,85.37000274658203,0.0,86.37999725341797,85.2699966430664,85.76000213623047,0.0,5077000
2023-06-16,79.32964324951172,85.48999786376953,0.0,86.44000244140625,84.8499984741211,86.44000244140625,0.0,9205100
2023-06-20,78.30890655517578,84.38999938964844,0.0,85.26000213623047,83.13999938964844,84.7300033569336,0.0,4311200
2023-06-21,76.98194885253906,82.95999908447266,0.0,84.58000183105469,82.9000015258789,83.62999725341797,0.0,3856500
2023-06-22,77.13041687011719,83.12000274658203,0.0,83.55000305175781,81.93000030517578,82.58000183105469,0.0,3253800
2023-06-23,76.06328582763672,81.97000122070312,0.0,82.27999877929688,80.80000305175781,81.6500015258789,0.0,4591300
2023-06-26,76.87059020996094,82.83999633789062,0.0,83.83000183105469,82.2300033569336,82.38999938964844,0.0,3685900
2023-06-27,80.52667999267578,86.77999877929688,0.0,87.08000183105469,82.9000015258789,83.12000274658203,0.0,4904300
2023-06-28,79.6915283203125,85.87999725341797,0.0,86.95999908447266,85.58999633789062,85.80000305175781,0.0,4151400
2023-06-29,80.71226501464844,86.9800033569336,0.0,87.2699966430664,85.77999877929688,86.37999725341797,0.0,3455100
2023-06-30,83.13418579101562,89.58999633789062,0.0,90.05000305175781,87.95999908447266,88.2699966430664,0.0,5289600
2023-07-03,84.15492248535156,90.69000244140625,0.0,91.38999938964844,88.88999938964844,90.70999908447266,0.0,2488700
2023-07-05,82.05777740478516,88.43000030517578,0.0,89.76000213623047,88.22000122070312,89.56999969482422,0.0,5234000
2023-07-06,80.6287612915039,86.88999938964844,0.0,87.69999694824219,85.91000366210938,86.66999816894531,0.0,6116900
2023-07-07,80.37820434570312,86.62000274658203,0.0,87.83999633789062,86.55000305175781,87.08999633789062,0.0,4941900
2023-07-10,82.48463439941406,88.88999938964844,0.0,88.97000122070312,87.0199966430664,87.0199966430664,0.0,6679400
2023-07-11,82.02066040039062,88.38999938964844,0.0,89.81999969482422,87.11000061035156,89.4800033569336,0.0,4063000
2023-07-12,84.17347717285156,90.70999908447266,0.0,91.55000305175781,89.5199966430664,89.68000030517578,0.0,4331600
2023-07-13,85.70458221435547,92.36000061035156,0.0,92.75,90.83999633789062,91.38999938964844,0.0,5135100
2023-07-14,83.25482940673828,89.72000122070312,0.0,92.44999694824219,89.33999633789062,92.1500015258789,0.0,3838900
2023-07-17,85.53756713867188,92.18000030517578,0.0,92.79000091552734,89.0199966430664,89.29000091552734,0.0,4167500
2023-07-18,86.61396789550781,93.33999633789062,0.0,93.5199966430664,91.55999755859375,91.61000061035156,0.0,3483700
2023-07-19,85.11998748779297,91.7300033569336,0.0,93.58000183105469,91.5999984741211,93.37000274658203,0.0,2553200
2023-07-20,81.88146209716797,88.23999786376953,0.0,90.75,87.7699966430664,90.19000244140625,0.0,6041700
2023-07-21,83.25482940673828,89.72000122070312,0.0,90.58000183105469,89.04000091552734,89.44999694824219,0.0,9999400
2023-07-24,82.46607208251953,88.87000274658203,0.0,90.73999786376953,88.2300033569336,89.58000183105469,0.0,3361700
2023-07-25,84.29411315917969,90.83999633789062,0.0,91.44000244140625,89.4800033569336,89.56999969482422,0.0,4260800
2023-07-26,81.96499633789062,88.33000183105469,0.0,89.66000366210938,87.87000274658203,89.30999755859375,0.0,4524700
2023-07-27,83.91366577148438,90.43000030517578,0.0,92.51000213623047,89.66000366210938,90.80999755859375,0.0,8102400
2023-07-28,86.39127349853516,93.0999984741211,0.0,93.4000015258789,90.52999877929688,91.80999755859375,0.0,5664900
2023-07-31,87.17073822021484,93.94000244140625,0.0,94.30000305175781,93.29000091552734,93.48999786376953,0.0,4732300
2023-08-01,86.62324523925781,93.3499984741211,0.0,93.70999908447266,91.9000015258789,92.62000274658203,0.0,3512200
2023-08-02,83.76519775390625,90.2699966430664,0.0,92.5,89.94999694824219,92.5,0.0,5190400
2023-08-03,83.0692367553711,89.5199966430664,0.0,90.62999725341797,87.70999908447266,88.69999694824219,0.0,5966400
2023-08-04,77.44591522216797,83.45999908447266,0.0,87.12999725341797,82.0199966430664,86.0199966430664,0.0,11225300
2023-08-07,78.69863891601562,84.80999755859375,0.0,84.8499984741211,83.41000366210938,83.69000244140625,0.0,5594300
2023-08-08,78.43880462646484,84.52999877929688,0.0,84.69000244140625,82.33000183105469,83.19999694824219,0.0,4243500
2023-08-09,78.00267791748047,84.05999755859375,0.0,85.33999633789062,83.58999633789062,84.72000122070312,0.0,6357900
2023-08-10,77.30672454833984,83.30999755859375,0.0,85.12999725341797,82.5,85.05999755859375,0.0,4534500
2023-08-11,75.87769317626953,81.7699966430664,0.0,83.02999877929688,81.62000274658203,82.37000274658203,0.0,3753400
2023-08-14,77.05618286132812,83.04000091552734,0.0,83.05000305175781,81.3499984741211,81.55000305175781,0.0,4483400
2023-08-15,75.06111145019531,80.88999938964844,0.0,82.66999816894531,80.83000183105469,82.3499984741211,0.0,3871500
2023-08-16,74.02181243896484,79.7699966430664,0.0,80.95999908447266,79.62000274658203,80.4800033569336,0.0,3955600
2023-08-17,73.40010070800781,79.0999984741211,0.0,79.97000122070312,78.83999633789062,79.8499984741211,0.0,3993100
2023-08-18,73.68775939941406,79.41000366210938,0.0,79.77999877929688,77.58999633789062,78.38999938964844,0.0,4270900
2023-08-21,75.10555267333984,80.5199966430664,0.41,80.80999755859375,79.05999755859375,79.69999694824219,0.0,4479600
2023-08-22,74.8350601196289,80.2300033569336,0.0,81.8499984741211,79.70999908447266,81.56999969482422,0.0,2883900
2023-08-23,75.17082977294922,80.58999633789062,0.0,81.5,78.51000213623047,78.62999725341797,0.0,5586100
2023-08-24,72.5311508178711,77.76000213623047,0.0,81.44000244140625,77.5999984741211,81.16000366210938,0.0,6584700
2023-08-25,74.03287506103516,79.37000274658203,0.0,79.66999816894531,77.22000122070312,78.08000183105469,0.0,4553300
2023-08-28,74.89099884033203,80.29000091552734,0.0,80.75,79.63999938964844,80.05000305175781,0.0,3849800
2023-08-29,76.45805358886719,81.97000122070312,0.0,82.23999786376953,79.62000274658203,79.81999969482422,0.0,4071900
2023-08-30,76.4767074584961,81.98999786376953,0.0,82.36000061035156,80.33999633789062,81.58999633789062,0.0,4880400
2023-08-31,76.33677673339844,81.83999633789062,0.0,82.76000213623047,81.55000305175781,82.30999755859375,0.0,4640800
2023-09-01,76.75652313232422,82.29000091552734,0.0,82.87999725341797,81.62000274658203,82.83999633789062,0.0,2112900
2023-09-05,76.07561492919922,81.55999755859375,0.0,82.33999633789062,80.93000030517578,81.69000244140625,0.0,3258300
2023-09-06,75.60923767089844,81.05999755859375,0.0,82.58999633789062,80.19000244140625,81.72000122070312,0.0,3996400
2023-09-07,73.78103637695312,79.0999984741211,0.0,79.44999694824219,78.08999633789062,79.12000274658203,0.0,6248100
2023-09-08,73.48255157470703,78.77999877929688,0.0,79.70999908447266,78.44000244140625,79.0999984741211,0.0,4875400
2023-09-11,74.1168212890625,79.45999908447266,0.0,80.12999725341797,78.04000091552734,80.0,0.0,3695400
2023-09-12,73.10013580322266,78.37000274658203,0.0,79.94999694824219,78.19000244140625,78.80000305175781,0.0,3998300
2023-09-13,73.37995147705078,78.66999816894531,0.0,79.77999877929688,78.37999725341797,78.63999938964844,0.0,3315600
2023-09-14,74.64849090576172,80.02999877929688,0.0,80.62999725341797,78.41999816894531,79.77999877929688,0.0,3680500
2023-09-15,72.40987396240234,77.62999725341797,0.0,79.72000122070312,77.16999816894531,79.72000122070312,0.0,8587300
2023-09-18,72.7083511352539,77.94999694824219,0.0,78.16000366210938,76.80000305175781,77.31999969482422,0.0,3746800
2023-09-19,72.54978942871094,77.77999877929688,0.0,78.1500015258789,76.81999969482422,77.58000183105469,0.0,2232600
2023-09-20,71.56107330322266,76.72000122070312,0.0,78.69000244140625,76.66000366210938,78.38999938964844,0.0,2666800
2023-09-21,70.97342681884766,76.08999633789062,0.0,77.37000274658203,75.66999816894531,75.80000305175781,0.0,4733000
2023-09-22,71.8968734741211,77.08000183105469,0.0,77.80999755859375,76.41000366210938,76.61000061035156,0.0,3713300
2023-09-25,72.22333526611328,77.43000030517578,0.0,77.55000305175781,76.20999908447266,76.51000213623047,0.0,2182500
2023-09-26,70.93611907958984,76.05000305175781,0.0,77.06999969482422,75.62999725341797,77.06999969482422,0.0,3996400
2023-09-27,71.35587310791016,76.5,0.0,76.94000244140625,75.23999786376953,76.73999786376953,0.0,3596800
2023-09-28,73.3239974975586,78.61000061035156,0.0,79.30999755859375,76.33000183105469,76.62999725341797,0.0,4321600
2023-09-29,72.80165100097656,78.05000305175781,0.0,79.58000183105469,77.66000366210938,79.44999694824219,0.0,3311200
2023-10-02,73.10013580322266,78.37000274658203,0.0,79.02999877929688,77.12999725341797,78.27999877929688,0.0,3442600
2023-10-03,71.58905029296875,76.75,0.0,78.58999633789062,76.16000366210938,77.26000213623047,0.0,3740000
2023-10-04,72.54045867919922,77.7699966430664,0.0,78.06999969482422,76.47000122070312,76.79000091552734,0.0,3519300
2023-10-05,72.14869689941406,77.3499984741211,0.0,78.19000244140625,76.29000091552734,77.75,0.0,3338400
2023-10-06,74.19144439697266,79.54000091552734,0.0,80.0199966430664,76.29000091552734,76.91000366210938,0.0,5348300
2023-10-09,74.08885192871094,79.43000030517578,0.0,79.55000305175781,78.13999938964844,78.66999816894531,0.0,2884100
2023-10-10,75.34807586669922,80.77999877929688,0.0,81.61000061035156,79.54000091552734,79.88999938964844,0.0,4324400
2023-10-11,75.76780700683594,81.2300033569336,0.0,81.62000274658203,79.94999694824219,81.0199966430664,0.0,3122100
2023-10-12,75.0962142944336,80.51000213623047,0.0,81.66999816894531,79.79000091552734,81.36000061035156,0.0,4190000
2023-10-13,72.2513198852539,77.45999908447266,0.0,81.16000366210938,77.2300033569336,80.86000061035156,0.0,4758400
2023-10-16,73.64112091064453,78.94999694824219,0.0,79.23999786376953,77.61000061035156,77.79000091552734,0.0,4787200
2023-10-17,73.60380554199219,78.91000366210938,0.0,79.94999694824219,77.05999755859375,77.4000015258789,0.0,3667800
2023-10-18,72.74568176269531,77.98999786376953,0.0,78.66000366210938,76.5999984741211,77.41000366210938,0.0,4673700
2023-10-19,71.6263656616211,76.79000091552734,0.0,78.68000030517578,76.4800033569336,78.12000274658203,0.0,4081500
2023-10-20,70.29252624511719,75.36000061035156,0.0,77.0999984741211,75.18000030517578,76.83000183105469,0.0,3642700
2023-10-23,69.38775634765625,74.38999938964844,0.0,75.73999786376953,73.80000305175781,74.91999816894531,0.0,3587800
2023-10-24,70.91747283935547,76.02999877929688,0.0,76.41000366210938,74.58999633789062,75.08999633789062,0.0,4801600
2023-10-25,66.58016204833984,71.37999725341797,0.0,74.22000122070312,70.91000366210938,74.13999938964844,0.0,8532300
2023-10-26,67.86737060546875,72.76000213623047,0.0,74.08999633789062,72.06999969482422,72.5199966430664,0.0,4571700
2023-10-27,67.40097045898438,72.26000213623047,0.0,73.70999908447266,71.94000244140625,73.70999908447266,0.0,4197600
2023-10-30,65.90857696533203,70.66000366210938,0.0,71.33999633789062,69.20999908447266,70.87999725341797,0.0,6769600
2023-10-31,66.49620056152344,71.29000091552734,0.0,71.45999908447266,70.20999908447266,70.5,0.0,6721800
2023-11-01,66.26300048828125,71.04000091552734,0.0,71.13999938964844,68.75,70.51000213623047,0.0,8116400
2023-11-02,68.65087127685547,73.5999984741211,0.0,73.98999786376953,71.91999816894531,72.3499984741211,0.0,9691800
2023-11-03,71.29057312011719,76.43000030517578,0.0,77.0,74.19999694824219,75.11000061035156,0.0,9982100
2023-11-06,70.06867980957031,75.12000274658203,0.0,76.41999816894531,74.08000183105469,76.31999969482422,0.0,4998400
2023-11-07,70.24590301513672,75.30999755859375,0.0,76.08000183105469,74.62000274658203,75.27999877929688,0.0,5131800
2023-11-08,70.29252624511719,75.36000061035156,0.0,76.16999816894531,75.08999633789062,76.04000091552734,0.0,4393500
2023-11-09,68.74414825439453,73.69999694824219,0.0,76.1500015258789,73.58000183105469,75.7699966430664,0.0,5678100
2023-11-10,72.34459686279297,77.55999755859375,0.0,77.7699966430664,73.91999816894531,74.16999816894531,0.0,6186500
2023-11-13,71.46780395507812,76.62000274658203,0.0,76.91000366210938,75.69000244140625,76.6500015258789,0.0,3581900
2023-11-14,75.81444549560547,81.27999877929688,0.0,81.8499984741211,79.2300033569336,79.3499984741211,0.0,6996500
2023-11-15,76.95240783691406,82.5,0.0,84.16000366210938,81.58000183105469,82.01000213623047,0.0,6602200
2023-11-16,76.63525390625,82.16000366210938,0.0,82.66000366210938,81.16999816894531,82.3499984741211,0.0,5371800
2023-11-17,77.91314697265625,83.52999877929688,0.0,83.69000244140625,82.02999877929688,82.47000122070312,0.0,4887900
2023-11-20,79.01380157470703,84.70999908447266,0.0,85.12999725341797,83.20999908447266,83.2300033569336,0.0,4030300
2023-11-21,77.36266326904297,82.51000213623047,0.439,84.0,82.08000183105469,83.86000061035156,0.0,3899600
2023-11-22,77.3157730102539,82.45999908447266,0.0,84.18000030517578,82.3499984741211,83.44000244140625,0.0,3110300
2023-11-24,78.06587219238281,83.26000213623047,0.0,83.30999755859375,82.16000366210938,82.47000122070312,0.0,1608600
2023-11-27,76.6594467163086,81.76000213623047,0.0,82.62000274658203,81.51000213623047,82.38999938964844,0.0,3493700
2023-11-28,76.71570587158203,81.81999969482422,0.0,82.30000305175781,81.13999938964844,81.66999816894531,0.0,3290000
2023-11-29,77.80333709716797,82.9800033569336,0.0,84.69000244140625,82.80999755859375,83.30000305175781,0.0,3629600
2023-11-30,78.23463439941406,83.44000244140625,0.0,83.83999633789062,82.47000122070312,83.4800033569336,0.0,7440400
2023-12-01,79.3785400390625,84.66000366210938,0.0,84.80000305175781,82.83999633789062,83.11000061035156,0.0,3883600
2023-12-04,79.2191390991211,84.48999786376953,0.0,84.55000305175781,82.98999786376953,84.12000274658203,0.0,4680700
2023-12-05,78.33778381347656,83.55000305175781,0.0,83.94999694824219,82.88999938964844,83.88999938964844,0.0,3218800
2023-12-06,78.40340423583984,83.62000274658203,0.0,85.18000030517578,83.33000183105469,84.76000213623047,0.0,4104800
2023-12-07,80.45679473876953,85.80999755859375,0.0,86.33000183105469,83.7699966430664,84.30000305175781,0.0,5818600
2023-12-08,80.7099380493164,86.08000183105469,0.0,86.75,85.4000015258789,85.45999908447266,0.0,3838700
2023-12-11,83.36339569091797,88.91000366210938,0.0,89.47000122070312,86.91999816894531,87.18000030517578,0.0,5766000
2023-12-12,83.66343688964844,89.2300033569336,0.0,89.68000030517578,88.01000213623047,88.44999694824219,0.0,3941600
2023-12-13,84.25413513183594,89.86000061035156,0.0,90.86000061035156,87.97000122070312,89.36000061035156,0.0,4861000
2023-12-14,87.1607437133789,92.95999908447266,0.0,93.18000030517578,90.66000366210938,90.9000015258789,0.0,7914500
2023-12-15,86.44815063476562,92.19999694824219,0.0,94.13999938964844,92.05999755859375,93.41999816894531,0.0,10915500
2023-12-18,85.6136703491211,91.30999755859375,0.0,92.62999725341797,90.80000305175781,92.5999984741211,0.0,4291800
2023-12-19,85.68869018554688,91.38999938964844,0.0,92.05999755859375,91.08999633789062,91.63999938964844,0.0,3941500
2023-12-20,83.02586364746094,88.55000305175781,0.0,91.16000366210938,88.47000122070312,90.52999877929688,0.0,5762500
2023-12-21,84.27288818359375,89.87999725341797,0.0,90.36000061035156,88.88999938964844,89.94999694824219,0.0,5001900
2023-12-22,84.56355285644531,90.19000244140625,0.0,91.41000366210938,89.66000366210938,90.58000183105469,0.0,2388700
2023-12-26,85.6136703491211,91.30999755859375,0.0,91.77999877929688,90.5199966430664,90.52999877929688,0.0,2417800
2023-12-27,85.43553161621094,91.12000274658203,0.0,91.79000091552734,90.62999725341797,91.58000183105469,0.0,3411300
2023-12-28,85.1729965209961,90.83999633789062,0.0,91.7699966430664,90.7699966430664,91.4800033569336,0.0,2375300
2023-12-29,84.55416870117188,90.18000030517578,0.0,91.33000183105469,89.72000122070312,90.75,0.0,2488500
2024-01-02,81.15998840332031,86.55999755859375,0.0,89.5199966430664,85.83000183105469,89.13999938964844,0.0,6584900
2024-01-03,79.29414367675781,84.56999969482422,0.0,85.54000091552734,83.93000030517578,85.3499984741211,0.0,5271000
2024-01-04,78.19713592529297,83.4000015258789,0.0,84.2300033569336,81.80999755859375,82.06999969482422,0.0,7079300
2024-01-05,78.75032043457031,83.98999786376953,0.0,84.79000091552734,83.29000091552734,83.44000244140625,0.0,3968600
2024-01-08,80.29739379882812,85.63999938964844,0.0,85.80999755859375,84.37999725341797,84.37999725341797,0.0,4621200
2024-01-09,80.01609802246094,85.33999633789062,0.0,86.5999984741211,84.05999755859375,84.30999755859375,0.0,6725700
2024-01-10,80.10987091064453,85.44000244140625,0.0,85.9000015258789,84.16999816894531,85.3499984741211,0.0,5124000
2024-01-11,80.3536376953125,85.69999694824219,0.0,85.91999816894531,83.91999816894531,85.08000183105469,0.0,4206000
2024-01-12,80.08175659179688,85.41000366210938,0.0,86.3499984741211,84.80000305175781,86.08999633789062,0.0,3025700
2024-01-16,79.84735107421875,85.16000366210938,0.0,85.98999786376953,84.36000061035156,85.30999755859375,0.0,4335000
2024-01-17,78.14087677001953,83.33999633789062,0.0,84.0,81.72000122070312,84.0,0.0,6446500
2024-01-18,80.78495025634766,86.16000366210938,0.0,86.55999755859375,85.13999938964844,85.86000061035156,0.0,6735600
2024-01-19,83.86033630371094,89.44000244140625,0.0,89.94000244140625,86.63999938964844,87.4800033569336,0.0,6381300
2024-01-22,85.07923889160156,90.73999786376953,0.0,91.19999694824219,89.5999984741211,90.0,0.0,4977900
2024-01-23,86.25125122070312,91.98999786376953,0.0,92.16999816894531,90.33999633789062,91.25,0.0,5147300
2024-01-24,84.91045379638672,90.55999755859375,0.0,92.70999908447266,90.12999725341797,92.70999908447266,0.0,6640400
2024-01-25,84.05723571777344,89.6500015258789,0.0,92.19999694824219,89.4000015258789,92.08999633789062,0.0,6521500
2024-01-26,81.4975357055664,86.91999816894531,0.0,89.12999725341797,86.66999816894531,88.55999755859375,0.0,4710900
2024-01-29,81.78819274902344,87.2300033569336,0.0,87.25,85.45999908447266,86.91999816894531,0.0,6610400
2024-01-30,80.5974349975586,85.95999908447266,0.0,87.05999755859375,85.5199966430664,86.4000015258789,0.0,4283500
2024-01-31,79.86609649658203,85.18000030517578,0.0,86.88999938964844,84.44999694824219,84.69999694824219,0.0,6713800
2024-02-01,80.30677795410156,85.6500015258789,0.0,86.1500015258789,84.05999755859375,85.44999694824219,0.0,5489600
2024-02-02,79.0316162109375,84.29000091552734,0.0,85.29000091552734,82.4000015258789,82.83999633789062,0.0,9615300
2024-02-05,80.12861633300781,85.45999908447266,0.0,86.43000030517578,83.38999938964844,85.06999969482422,0.0,7174600
2024-02-06,78.05648803710938,83.25,0.0,85.66000366210938,83.01000213623047,85.58999633789062,0.0,6298400
2024-02-07,78.11274719238281,83.30999755859375,0.0,84.11000061035156,82.41999816894531,84.0999984741211,0.0,5765800
2024-02-08,79.08787536621094,84.3499984741211,0.0,85.29000091552734,82.95999908447266,83.4000015258789,0.0,6136900
2024-02-09,80.10987091064453,85.44000244140625,0.0,86.01000213623047,84.66999816894531,85.05999755859375,0.0,4905700
2024-02-12,78.71282196044922,83.94999694824219,0.0,86.04000091552734,83.88999938964844,85.5,0.0,5507100
2024-02-13,75.63743591308594,80.66999816894531,0.0,82.05999755859375,79.94999694824219,81.70999908447266,0.0,7910500
2024-02-14,75.55305480957031,80.58000183105469,0.0,81.62999725341797,79.94000244140625,81.13999938964844,0.0,8419500
2024-02-15,77.36266326904297,82.51000213623047,0.0,82.91000366210938,80.80999755859375,81.08000183105469,0.0,8322600
2024-02-16,76.51880645751953,81.61000061035156,0.0,83.0999984741211,81.08000183105469,82.41000366210938,0.0,4055600
2024-02-20,77.25951385498047,82.4000015258789,0.0,82.51000213623047,80.37999725341797,80.4000015258789,0.0,5653900
2024-02-21,78.27215576171875,83.4800033569336,0.0,83.5,81.4800033569336,82.0,0.0,5335500
2024-02-22,79.09229278564453,83.9000015258789,0.45,84.6500015258789,82.23999786376953,84.06999969482422,0.0,7121800
2024-02-23,78.09303283691406,82.83999633789062,0.0,83.9000015258789,82.36000061035156,83.80999755859375,0.0,3925500
2024-02-26,78.14958953857422,82.9000015258789,0.0,83.81999969482422,82.69999694824219,83.80999755859375,0.0,3011300
2024-02-27,78.18730163574219,82.94000244140625,0.0,84.2300033569336,82.93000030517578,83.05000305175781,0.0,4485800
2024-02-28,77.4708480834961,82.18000030517578,0.0,82.70999908447266,81.0,81.25,0.0,4955300
2024-02-29,79.31853485107422,84.13999938964844,0.0,84.25,83.0,83.36000061035156,0.0,6229100
2024-03-01,82.0146484375,87.0,0.0,87.8499984741211,84.56999969482422,84.69999694824219,0.0,5963100
2024-03-04,81.9392318725586,86.91999816894531,0.0,87.95999908447266,86.79000091552734,87.44000244140625,0.0,4730000
2024-03-05,80.73258209228516,85.63999938964844,0.0,87.22000122070312,84.91000366210938,85.83000183105469,0.0,4916200
2024-03-06,82.77822875976562,87.80999755859375,0.0,88.5999984741211,86.80999755859375,87.5,0.0,8080700
2024-03-07,87.9913558959961,93.33999633789062,0.0,94.19000244140625,89.0,89.0,0.0,8868400
2024-03-08,83.74921417236328,88.83999633789062,0.0,93.66000366210938,88.79000091552734,93.11000061035156,0.0,8088400
2024-03-11,85.38007354736328,90.56999969482422,0.0,90.87999725341797,88.19000244140625,88.62000274658203,0.0,6657200
2024-03-12,86.69986724853516,91.97000122070312,0.0,92.2300033569336,89.94999694824219,91.7699966430664,0.0,5954800
2024-03-13,85.351806640625,90.54000091552734,0.0,92.4800033569336,89.88999938964844,91.41000366210938,0.0,5223100
2024-03-14,83.88121032714844,88.9800033569336,0.0,91.25,88.12000274658203,90.48999786376953,0.0,5431000
2024-03-15,83.56068420410156,88.63999938964844,0.0,89.30999755859375,87.52999877929688,87.52999877929688,0.0,14460000
2024-03-18,83.03276824951172,88.08000183105469,0.0,90.41000366210938,87.97000122070312,90.23999786376953,0.0,4266600
2024-03-19,82.27860260009766,87.27999877929688,0.0,87.77999877929688,86.22000122070312,87.76000213623047,0.0,3859200
2024-03-20,83.27786254882812,88.33999633789062,0.0,88.58000183105469,85.80000305175781,86.8499984741211,0.0,4836000
2024-03-21,83.77750396728516,88.87000274658203,0.0,91.31999969482422,88.55000305175781,90.44999694824219,0.0,5317200
2024-03-22,82.99507141113281,88.04000091552734,0.0,89.30999755859375,87.76000213623047,88.5199966430664,0.0,3646600
2024-03-25,82.62740325927734,87.6500015258789,0.0,88.26000213623047,86.37999725341797,86.66999816894531,0.0,4331700
2024-03-26,81.29821014404297,86.23999786376953,0.0,88.5199966430664,86.0999984741211,88.36000061035156,0.0,4396400
2024-03-27,84.07916259765625,89.19000244140625,0.0,89.2699966430664,86.88999938964844,87.30000305175781,0.0,4036100
2024-03-28,84.5693588256836,89.70999908447266,0.0,89.87000274658203,88.95999908447266,89.5999984741211,0.0,3688600
2024-04-01,84.59764099121094,89.73999786376953,0.0,90.55000305175781,89.05000305175781,89.73999786376953,0.0,3015900
2024-04-02,82.93849182128906,87.9800033569336,0.0,88.69000244140625,86.80999755859375,88.25,0.0,4253200
2024-04-03,83.0893325805664,88.13999938964844,0.0,89.04000091552734,86.98999786376953,87.47000122070312,0.0,3186900
2024-04-04,81.31705474853516,86.26000213623047,0.0,90.22000122070312,86.05999755859375,89.76000213623047,0.0,5491400
2024-04-05,82.5519790649414,87.56999969482422,0.0,88.0999984741211,85.9000015258789,86.18000030517578,0.0,3585300
2024-04-08,84.04146575927734,89.1500015258789,0.0,89.37000274658203,87.56999969482422,87.86000061035156,0.0,5074800
2024-04-09,86.41704559326172,91.66999816894531,0.0,91.81999969482422,90.05000305175781,90.26000213623047,0.0,4985000
2024-04-10,83.04219055175781,88.08999633789062,0.0,89.62000274658203,87.94999694824219,89.4800033569336,0.0,4508200
2024-04-11,84.16400146484375,89.27999877929688,0.0,89.48999786376953,87.55000305175781,88.79000091552734,0.0,4074600
2024-04-12,80.73258209228516,85.63999938964844,0.0,88.61000061035156,85.55999755859375,88.11000061035156,0.0,5434500
2024-04-15,80.78914642333984,85.69999694824219,0.0,87.83999633789062,85.05000305175781,87.70999908447266,0.0,4389300
2024-04-16,81.00597381591797,85.93000030517578,0.0,86.87999725341797,85.45999908447266,86.13999938964844,0.0,3449000
2024-04-17,80.19525909423828,85.06999969482422,0.0,87.02999877929688,84.69999694824219,86.38999938964844,0.0,4820400
2024-04-18,79.38452911376953,84.20999908447266,0.0,85.91999816894531,83.77999877929688,84.66000366210938,0.0,5261200
2024-04-19,76.99950408935547,81.68000030517578,0.0,84.20999908447266,80.9000015258789,83.88999938964844,0.0,6912300
2024-04-22,78.74348449707031,83.52999877929688,0.0,84.4000015258789,81.68000030517578,82.31999969482422,0.0,4368100
2024-04-23,81.25108337402344,86.19000244140625,0.0,86.95999908447266,83.73999786376953,83.87000274658203,0.0,5325400
2024-04-24,85.48377990722656,90.68000030517578,0.0,91.69000244140625,89.4000015258789,90.79000091552734,0.0,7141000
2024-04-25,86.92610931396484,92.20999908447266,0.0,92.48999786376953,89.81999969482422,91.6500015258789,0.0,6241500
2024-04-26,88.2364501953125,93.5999984741211,0.0,94.62999725341797,91.45999908447266,91.45999908447266,0.0,5621100
2024-04-29,87.84052276611328,93.18000030517578,0.0,93.9800033569336,92.66000366210938,92.87999725341797,0.0,6106700
2024-04-30,86.70928955078125,91.9800033569336,0.0,93.9800033569336,91.94999694824219,92.86000061035156,0.0,6026400
2024-05-01,83.70208740234375,88.79000091552734,0.0,92.26000213623047,88.44999694824219,90.43000030517578,0.0,7284900
2024-05-02,84.33370208740234,89.45999908447266,0.0,90.2699966430664,87.48999786376953,90.04000091552734,0.0,5406700
2024-05-03,86.12482452392578,91.36000061035156,0.0,92.58000183105469,90.6500015258789,91.66999816894531,0.0,6983000
2024-05-06,88.38729095458984,93.76000213623047,0.0,93.91999816894531,91.58999633789062,91.66999816894531,0.0,7243500
2024-05-07,86.7846908569336,92.05999755859375,0.0,96.13999938964844,91.86000061035156,94.11000061035156,0.0,7414500
2024-05-08,86.71870422363281,91.98999786376953,0.0,92.19999694824219,89.81999969482422,91.06999969482422,0.0,4837300
2024-05-09,86.23794555664062,91.4800033569336,0.0,92.29000091552734,91.2300033569336,91.72000122070312,0.0,3906100
2024-05-10,86.25680541992188,91.5,0.0,92.4000015258789,90.8499984741211,92.13999938964844,0.0,3046700
2024-05-13,87.23719787597656,92.54000091552734,0.0,93.44999694824219,92.13999938964844,92.37999725341797,0.0,3387800
2024-05-14,88.48155975341797,93.86000061035156,0.0,94.06999969482422,92.72000122070312,92.72000122070312,0.0,3810300
2024-05-15,89.89559936523438,95.36000061035156,0.0,95.69999694824219,93.95999908447266,94.58999633789062,0.0,4954900
2024-05-16,88.83978271484375,94.23999786376953,0.0,95.69999694824219,94.13999938964844,94.95999908447266,0.0,5330900
2024-05-17,88.92462921142578,94.33000183105469,0.0,94.62000274658203,93.4800033569336,94.55999755859375,0.0,3609600
2024-05-20,90.93257141113281,96.45999908447266,0.0,97.58999633789062,94.30000305175781,94.47000122070312,0.0,6156800
2024-05-21,90.71662139892578,95.77999877929688,0.452,96.11000061035156,94.25,94.4000015258789,0.0,3681500
2024-05-22,94.2304916381836,99.48999786376953,0.0,99.69000244140625,97.18000030517578,98.05000305175781,0.0,9157400
2024-05-23,92.95185852050781,98.13999938964844,0.0,100.30000305175781,97.05000305175781,99.9800033569336,0.0,7344400
2024-05-24,93.03710174560547,98.2300033569336,0.0,100.56999969482422,98.16000366210938,100.02999877929688,0.0,5206100
2024-05-28,93.59590911865234,98.81999969482422,0.0,98.98999786376953,97.0999984741211,97.58000183105469,0.0,4616800
2024-05-29,90.50825500488281,95.55999755859375,0.0,97.48999786376953,95.44999694824219,96.05999755859375,0.0,7522200
2024-05-30,91.237548828125,96.33000183105469,0.0,96.87999725341797,95.48999786376953,95.5999984741211,0.0,7106000
2024-05-31,92.08997344970703,97.2300033569336,0.0,97.4000015258789,93.7699966430664,96.48999786376953,0.0,7410600
2024-06-03,90.56507110595703,95.62000274658203,0.0,98.0999984741211,94.19000244140625,97.88999938964844,0.0,4268400
2024-06-04,89.03072357177734,94.0,0.0,95.62000274658203,93.69999694824219,95.13999938964844,0.0,8083300
2024-06-05,89.31485748291016,94.30000305175781,0.0,94.98999786376953,93.72000122070312,94.5,0.0,16758300
2024-06-06,88.42455291748047,93.36000061035156,0.0,93.68000030517578,92.63999938964844,93.37999725341797,0.0,12712300
2024-06-07,87.94152069091797,92.8499984741211,0.0,93.79000091552734,92.33000183105469,93.06999969482422,0.0,4605300
2024-06-10,89.31485748291016,94.30000305175781,0.0,94.86000061035156,91.93000030517578,92.16000366210938,0.0,4989900
2024-06-11,88.58556365966797,93.52999877929688,0.0,93.93000030517578,92.56999969482422,93.54000091552734,0.0,3535700
2024-06-12,89.52323150634766,94.5199966430664,0.0,96.23999786376953,93.2300033569336,95.0,0.0,5878400
2024-06-13,87.90363311767578,92.80999755859375,0.0,93.5199966430664,91.76000213623047,91.87999725341797,0.0,3807900
2024-06-14,86.52080535888672,91.3499984741211,0.0,92.51000213623047,90.62000274658203,91.41999816894531,0.0,3857400
2024-06-17,86.20825958251953,91.0199966430664,0.0,91.4000015258789,89.88999938964844,91.4000015258789,0.0,5087300
2024-06-18,88.50979614257812,93.44999694824219,0.0,93.69000244140625,90.19999694824219,90.80000305175781,0.0,4951500
2024-06-20,84.31398010253906,89.0199966430664,0.0,92.7699966430664,88.36000061035156,92.5,0.0,8707100
2024-06-21,86.73865509033203,91.58000183105469,0.0,92.02999877929688,88.75,89.61000061035156,0.0,9783700
2024-06-24,84.46553039550781,89.18000030517578,0.0,91.45999908447266,89.0,90.83000183105469,0.0,4773800
2024-06-25,84.43712615966797,89.1500015258789,0.0,89.80000305175781,88.16999816894531,89.61000061035156,0.0,4614500
2024-06-26,85.28955078125,90.05000305175781,0.0,90.33000183105469,88.69999694824219,88.95999908447266,0.0,4596400
2024-06-27,84.70230865478516,89.43000030517578,0.0,90.05000305175781,88.30000305175781,89.6500015258789,0.0,5688100
2024-06-28,86.66288757324219,91.5,0.0,92.37999725341797,90.04000091552734,90.47000122070312,0.0,13568600
2024-07-01,86.74812316894531,91.58999633789062,0.0,91.69999694824219,90.16000366210938,91.5,0.0,8328400
2024-07-02,87.19326782226562,92.05999755859375,0.0,92.72000122070312,91.01000213623047,91.12000274658203,0.0,3377800
2024-07-03,88.63291931152344,93.58000183105469,0.0,93.83000183105469,91.7699966430664,92.27999877929688,0.0,2438200
2024-07-05,87.26905059814453,92.13999938964844,0.0,93.91999816894531,92.11000061035156,93.83999633789062,0.0,2740600
2024-07-08,88.32984924316406,93.26000213623047,0.0,93.72000122070312,92.1500015258789,92.27999877929688,0.0,4798200
2024-07-09,87.4584732055664,92.33999633789062,0.0,93.83999633789062,91.86000061035156,93.5,0.0,3226900
2024-07-10,90.90604400634766,95.9800033569336,0.0,96.20999908447266,92.79000091552734,93.27999877929688,0.0,6386800
2024-07-11,87.22168731689453,92.08999633789062,0.0,95.69999694824219,92.02999877929688,95.25,0.0,6609500
2024-07-12,87.71420288085938,92.61000061035156,0.0,94.44000244140625,92.27999877929688,92.93000030517578,0.0,4775000
2024-07-15,87.22168731689453,92.08999633789062,0.0,93.31999969482422,91.7300033569336,92.48999786376953,0.0,4251400
2024-07-16,89.79791259765625,94.80999755859375,0.0,94.87000274658203,92.12999725341797,92.70999908447266,0.0,3601900
2024-07-17,86.68183898925781,91.5199966430664,0.0,96.9800033569336,91.4000015258789,94.06999969482422,0.0,9193800
2024-07-18,86.68183898925781,91.5199966430664,0.0,93.30999755859375,90.27999877929688,92.61000061035156,0.0,5883000
2024-07-19,84.07719421386719,88.7699966430664,0.0,91.77999877929688,88.68000030517578,91.6500015258789,0.0,5818700
2024-07-22,88.19723510742188,93.12000274658203,0.0,93.2300033569336,89.81999969482422,91.16999816894531,0.0,6739900
2024-07-23,84.96751403808594,89.70999908447266,0.0,91.7699966430664,89.5999984741211,91.7699966430664,0.0,6748300
2024-07-24,81.9935073852539,86.56999969482422,0.0,89.9000015258789,86.44999694824219,89.72000122070312,0.0,7969600
2024-07-25,80.53491973876953,85.02999877929688,0.0,87.94000244140625,82.94000244140625,84.63999938964844,0.0,10269400
2024-07-26,82.23975372314453,86.83000183105469,0.0,87.70999908447266,85.37999725341797,86.97000122070312,0.0,5590300
2024-07-29,83.31002044677734,87.95999908447266,0.0,89.30000305175781,87.1500015258789,87.76000213623047,0.0,4556100
2024-07-30,81.96509552001953,86.54000091552734,0.0,89.13999938964844,86.30999755859375,88.58999633789062,0.0,6957300
2024-07-31,84.086669921875,88.77999877929688,0.0,89.11000061035156,87.1500015258789,87.95999908447266,0.0,10036100
2024-08-01,79.9098129272461,84.37000274658203,0.0,89.58999633789062,83.04000091552734,87.5,0.0,14053000
2024-08-02,71.44242858886719,75.43000030517578,0.0,79.63999938964844,74.5999984741211,79.44999694824219,0.0,17482800
2024-08-05,69.95540618896484,73.86000061035156,0.0,77.25,73.19000244140625,75.30000305175781,0.0,10756400
2024-08-06,70.72258758544922,74.66999816894531,0.0,76.88999938964844,73.7300033569336,74.68000030517578,0.0,9488600
2024-08-07,68.1937484741211,72.0,0.0,76.91000366210938,71.7699966430664,76.87000274658203,0.0,8311900
2024-08-08,73.19461822509766,77.27999877929688,0.0,77.43000030517578,73.52999877929688,74.3499984741211,0.0,8582200
2024-08-09,72.06752014160156,76.08999633789062,0.0,76.94999694824219,74.9800033569336,75.93000030517578,0.0,5374800
2024-08-12,72.38008117675781,76.41999816894531,0.0,76.9000015258789,74.95999908447266,76.33000183105469,0.0,5303900
2024-08-13,74.95628356933594,79.13999938964844,0.0,79.44000244140625,76.16000366210938,76.93000030517578,0.0,7585500
2024-08-14,73.97126770019531,78.0999984741211,0.0,79.22000122070312,76.72000122070312,79.12000274658203,0.0,5321200
2024-08-15,77.00210571289062,81.30000305175781,0.0,81.56999969482422,79.25,80.0,0.0,9511300
2024-08-16,76.57589721679688,80.8499984741211,0.0,81.83000183105469,80.5,81.23999786376953,0.0,4192000
2024-08-19,77.69351196289062,82.02999877929688,0.0,82.12999725341797,79.8499984741211,80.55000305175781,0.0,5535400
2024-08-20,76.03602600097656,80.27999877929688,0.0,81.56999969482422,79.75,81.12000274658203,0.0,4826100
2024-08-21,78.4322738647461,82.80999755859375,0.0,82.87000274658203,80.80000305175781,80.9000015258789,0.0,5765800
2024-08-22,75.97901916503906,79.77999877929688,0.454,82.2699966430664,79.48999786376953,82.2699966430664,0.0,8336700
2024-08-23,77.89324188232422,81.79000091552734,0.0,82.55999755859375,80.45999908447266,81.5,0.0,4242600
2024-08-26,76.4742431640625,80.30000305175781,0.0,81.86000061035156,79.9800033569336,81.4800033569336,0.0,5543200
2024-08-27,77.083740234375,80.94000244140625,0.0,80.98999786376953,79.02999877929688,80.12000274658203,0.0,3369800
2024-08-28,75.61711120605469,79.4000015258789,0.0,81.30000305175781,78.80000305175781,81.01000213623047,0.0,4785500
2024-08-29,77.12184143066406,80.9800033569336,0.0,82.6500015258789,80.0,80.20999908447266,0.0,4421900
2024-08-30,78.24562072753906,82.16000366210938,0.0,82.58999633789062,81.08999633789062,82.48999786376953,0.0,4872800
2024-09-03,72.76004028320312,76.4000015258789,0.0,80.41999816894531,76.13999938964844,80.2699966430664,0.0,9559100
2024-09-04,73.22669219970703,76.88999938964844,0.0,77.62000274658203,75.11000061035156,75.38999938964844,0.0,5875700
2024-09-05,73.09336853027344,76.75,0.0,77.44000244140625,75.43000030517578,75.80999755859375,0.0,4137200
2024-09-06,70.56009674072266,74.08999633789062,0.0,76.83000183105469,73.69000244140625,76.75,0.0,9621600
2024-09-09,71.81720733642578,75.41000366210938,0.0,75.69999694824219,74.20999908447266,74.94999694824219,0.0,5323600
2024-09-10,71.60770416259766,75.19000244140625,0.0,75.31999969482422,73.1500015258789,75.12000274658203,0.0,4748200
2024-09-11,73.76001739501953,77.44999694824219,0.0,77.63999938964844,73.5999984741211,75.19000244140625,0.0,6678900
2024-09-12,72.45529174804688,76.08000183105469,0.0,77.30000305175781,75.41999816894531,77.30000305175781,0.0,3351000
2024-09-13,73.92191314697266,77.62000274658203,0.0,78.0,76.75,76.88999938964844,0.0,3444700
2024-09-16,73.33145141601562,77.0,0.0,77.4800033569336,75.88999938964844,76.80999755859375,0.0,3831800
2024-09-17,73.33145141601562,77.0,0.0,78.8499984741211,76.31999969482422,78.25,0.0,4735800
2024-09-18,72.7219467163086,76.36000061035156,0.0,78.3499984741211,76.12000274658203,77.63999938964844,0.0,9378900
2024-09-19,75.07426452636719,78.83000183105469,0.0,80.6500015258789,77.88999938964844,79.4800033569336,0.0,12211800
2024-09-20,73.34098052978516,77.01000213623047,0.0,77.58000183105469,75.80999755859375,77.26000213623047,0.0,14159500
2024-09-23,73.38858795166016,77.05999755859375,0.0,77.33000183105469,76.31999969482422,76.5199966430664,0.0,4909200
2024-09-24,73.80763244628906,77.5,0.0,78.93000030517578,77.2699966430664,78.08999633789062,0.0,4434200
2024-09-25,72.48384857177734,76.11000061035156,0.0,77.16999816894531,75.87000274658203,76.66999816894531,0.0,6082300
2024-09-26,76.48375701904297,80.30999755859375,0.0,80.76000213623047,77.27999877929688,78.83999633789062,0.0,8061400
2024-09-27,76.75040435791016,80.58999633789062,0.0,81.63999938964844,80.25,80.86000061035156,0.0,6496100
2024-09-30,76.46470642089844,80.29000091552734,0.0,80.41999816894531,78.91000366210938,79.05000305175781,0.0,5612300
2024-10-01,73.79811096191406,77.48999786376953,0.0,80.33000183105469,76.77999877929688,79.98999786376953,0.0,6934400
2024-10-02,74.49333190917969,78.22000122070312,0.0,78.98999786376953,76.88999938964844,77.75,0.0,5632100
2024-10-03,73.64574432373047,77.33000183105469,0.0,78.02999877929688,76.5199966430664,77.37999725341797,0.0,4483700
2024-10-04,73.97907257080078,77.68000030517578,0.0,79.52999877929688,76.80999755859375,79.47000122070312,0.0,4228500
2024-10-07,72.80764770507812,76.44999694824219,0.0,77.20999908447266,75.69000244140625,76.83000183105469,0.0,5306300
2024-10-08,73.62667083740234,77.30999755859375,0.0,77.63999938964844,75.41000366210938,76.0999984741211,0.0,4913200
2024-10-09,74.46475982666016,78.19000244140625,0.0,78.33999633789062,76.83000183105469,77.0,0.0,4724800
2024-10-10,73.6552505493164,77.33999633789062,0.0,77.72000122070312,76.44000244140625,76.81999969482422,0.0,3832800
2024-10-11,74.2647705078125,77.9800033569336,0.0,78.69999694824219,77.0,77.11000061035156,0.0,3811900
2024-10-14,75.22664642333984,78.98999786376953,0.0,79.22000122070312,77.81999969482422,78.5999984741211,0.0,3852900
2024-10-15,71.64579010009766,75.2300033569336,0.0,79.18000030517578,74.66999816894531,78.63999938964844,0.0,7695200
2024-10-16,72.27433013916016,75.88999938964844,0.0,77.68000030517578,75.69999694824219,76.6500015258789,0.0,4499100
2024-10-17,72.93147277832031,76.58000183105469,0.0,77.9000015258789,76.44000244140625,77.62999725341797,0.0,4849000
2024-10-18,73.6552505493164,77.33999633789062,0.0,77.6500015258789,76.69999694824219,77.33000183105469,0.0,3542200
2024-10-21,71.59815979003906,75.18000030517578,0.0,77.06999969482422,74.55000305175781,76.66000366210938,0.0,4738100
2024-10-22,71.83627319335938,75.43000030517578,0.0,75.66000366210938,74.4000015258789,74.5999984741211,0.0,4573000
2024-10-23,71.68388366699219,75.2699966430664,0.0,76.75,74.06999969482422,75.79000091552734,0.0,4102700
2024-10-24,72.24577331542969,75.86000061035156,0.0,76.37999725341797,74.81999969482422,76.31999969482422,0.0,3920100
2024-10-25,72.65528869628906,76.29000091552734,0.0,77.55000305175781,76.25,76.6500015258789,0.0,3940100
2024-10-28,73.52191925048828,77.19999694824219,0.0,77.56999969482422,75.3499984741211,75.80000305175781,0.0,3654500
2024-10-29,75.2837905883789,79.05000305175781,0.0,79.44000244140625,76.69000244140625,76.97000122070312,0.0,5456200
2024-10-30,71.97911071777344,75.58000183105469,0.0,78.12999725341797,75.48999786376953,77.08999633789062,0.0,5706800
2024-10-31,69.87440490722656,73.37000274658203,0.0,75.68000030517578,72.66999816894531,75.6500015258789,0.0,9069500
2024-11-01,71.24578857421875,74.80999755859375,0.0,75.2699966430664,73.41000366210938,73.58999633789062,0.0,5472900
2024-11-04,70.92200469970703,74.47000122070312,0.0,75.61000061035156,73.80000305175781,74.0999984741211,0.0,4223400
2024-11-05,71.51245880126953,75.08999633789062,0.0,75.26000213623047,73.0,73.66000366210938,0.0,8185700
2024-11-06,70.23628997802734,73.75,0.0,77.19999694824219,72.26000213623047,76.30000305175781,0.0,11382200
2024-11-07,70.79817199707031,74.33999633789062,0.0,75.2300033569336,73.62000274658203,74.33999633789062,0.0,7232200
2024-11-08,69.39822387695312,72.87000274658203,0.0,73.52999877929688,72.08000183105469,73.2300033569336,0.0,6290300
2024-11-11,66.55068969726562,69.87999725341797,0.0,72.48999786376953,69.0,72.31999969482422,0.0,6591200
2024-11-12,64.09359741210938,67.30000305175781,0.0,69.62000274658203,66.08000183105469,68.94999694824219,0.0,9799800
2024-11-13,63.417423248291016,66.58999633789062,0.0,67.06999969482422,65.55999755859375,66.36000061035156,0.0,6997400
2024-11-14,62.474586486816406,65.5999984741211,0.0,67.48999786376953,65.4800033569336,67.02999877929688,0.0,6115200
2024-11-15,59.865135192871094,62.86000061035156,0.0,65.06999969482422,62.630001068115234,64.91000366210938,0.0,9280900
2024-11-18,62.14126205444336,65.25,0.0,65.31999969482422,62.959999084472656,63.18000030517578,0.0,7998400
2024-11-19,61.78889083862305,64.87999725341797,0.0,65.23999786376953,63.66999816894531,64.69000244140625,0.0,9720100
2024-11-20,62.01746368408203,65.12000274658203,0.0,65.1500015258789,63.66999816894531,64.11000061035156,0.0,8669500
2024-11-21,63.34123992919922,66.51000213623047,0.0,66.83000183105469,65.2300033569336,65.91000366210938,0.0,7146700
2024-11-22,63.95014953613281,66.69000244140625,0.455,66.88999938964844,65.26000213623047,65.68000030517578,0.0,5378100
2024-11-25,66.9803237915039,69.8499984741211,0.0,71.0999984741211,67.26000213623047,67.75,0.0,11092900
2024-11-26,65.5994873046875,68.41000366210938,0.0,70.91999816894531,67.7300033569336,70.75,0.0,8778200
2024-11-27,65.08167266845703,67.87000274658203,0.0,68.97000122070312,66.5999984741211,68.37999725341797,0.0,5523800
2024-11-29,65.36933898925781,68.16999816894531,0.0,69.55000305175781,68.08000183105469,68.63999938964844,0.0,5221100
2024-12-02,67.42142486572266,70.30999755859375,0.0,71.04000091552734,67.98999786376953,67.98999786376953,0.0,7030000
2024-12-03,62.70355987548828,65.38999938964844,0.0,69.70999908447266,65.23999786376953,69.26000213623047,0.0,10712800
2024-12-04,59.10761642456055,61.63999938964844,0.0,66.2300033569336,61.06999969482422,66.2300033569336,0.0,13749500
2024-12-05,55.85689163208008,58.25,0.0,61.70000076293945,57.959999084472656,61.4900016784668,0.0,14289400
2024-12-06,56.85416030883789,59.290000915527344,0.0,59.58000183105469,58.29999923706055,58.720001220703125,0.0,8677500
2024-12-09,59.32816696166992,61.869998931884766,0.0,62.70000076293945,59.099998474121094,59.5,0.0,8594500
2024-12-10,59.37610626220703,61.91999816894531,0.0,62.02000045776367,60.439998626708984,61.4900016784668,0.0,9191900
2024-12-11,58.99254608154297,61.52000045776367,0.0,62.70000076293945,61.0099983215332,62.5,0.0,5698100
2024-12-12,58.97336959838867,61.5,0.0,62.040000915527344,60.68000030517578,61.029998779296875,0.0,4738700
2024-12-13,57.46786880493164,59.93000030517578,0.0,61.34000015258789,59.75,61.0,0.0,9040000
2024-12-16,56.65279006958008,59.08000183105469,0.0,59.56999969482422,57.939998626708984,57.939998626708984,0.0,11748900
2024-12-17,55.89524459838867,58.290000915527344,0.0,59.75,58.040000915527344,58.93000030517578,0.0,9621900
2024-12-18,53.83357238769531,56.13999938964844,0.0,59.7599983215332,55.90999984741211,58.790000915527344,0.0,10205900
2024-12-19,53.68973922729492,55.9900016784668,0.0,57.709999084472656,55.900001525878906,56.2599983215332,0.0,7433000
2024-12-20,53.22945785522461,55.5099983215332,0.0,57.06999969482422,55.27000045776367,55.869998931884766,0.0,27171200
2024-12-23,55.49250411987305,57.869998931884766,0.0,58.0,55.79999923706055,55.93000030517578,0.0,8832400
2024-12-24,56.15415573120117,58.560001373291016,0.0,58.61000061035156,57.25,57.810001373291016,0.0,3201100
2024-12-26,56.0678596496582,58.470001220703125,0.0,59.040000915527344,57.79999923706055,57.849998474121094,0.0,4143200
2024-12-27,55.94319534301758,58.34000015258789,0.0,58.52000045776367,57.7400016784668,58.25,0.0,9024100
2024-12-30,54.773311614990234,57.119998931884766,0.0,57.709999084472656,56.7400016784668,57.619998931884766,0.0,7182000
2024-12-31,54.993865966796875,57.349998474121094,0.0,58.11000061035156,56.56999969482422,57.36000061035156,0.0,5711600
2025-01-02,54.543174743652344,56.880001068115234,0.0,58.459999084472656,56.40999984741211,58.029998779296875,0.0,10151800
2025-01-03,55.300716400146484,57.66999816894531,0.0,58.13999938964844,56.2400016784668,57.0,0.0,5452700
2025-01-06,55.89524459838867,58.290000915527344,0.0,59.86000061035156,57.79999923706055,57.849998474121094,0.0,6946000
2025-01-07,55.10894012451172,57.470001220703125,0.0,59.279998779296875,57.209999084472656,58.77000045776367,0.0,10217500
2025-01-08,54.063716888427734,56.380001068115234,0.0,57.5,56.0099983215332,57.369998931884766,0.0,6226800
2025-01-10,52.922603607177734,55.189998626708984,0.0,55.869998931884766,54.470001220703125,55.47999954223633,0.0,7634000
2025-01-13,53.6130256652832,55.90999984741211,0.0,56.029998779296875,54.81999969482422,54.83000183105469,0.0,6656100
2025-01-14,54.543174743652344,56.880001068115234,0.0,56.90999984741211,55.380001068115234,56.209999084472656,0.0,6015300
2025-01-15,54.65824890136719,57.0,0.0,58.43000030517578,56.959999084472656,58.04999923706055,0.0,8972300
2025-01-16,53.88151931762695,56.189998626708984,0.0,57.27000045776367,55.34000015258789,57.0,0.0,7925700
2025-01-17,55.5883903503418,57.970001220703125,0.0,58.470001220703125,57.18000030517578,57.4900016784668,0.0,8272700
2025-01-21,56.10620880126953,58.5099983215332,0.0,59.66999816894531,57.61000061035156,58.099998474121094,0.0,6996100
2025-01-22,56.07744216918945,58.47999954223633,0.0,59.36000061035156,58.029998779296875,58.220001220703125,0.0,6901700
2025-01-23,57.12266159057617,59.56999969482422,0.0,59.58000183105469,56.970001220703125,57.689998626708984,0.0,6335100
2025-01-24,54.073307037353516,56.38999938964844,0.0,59.16999816894531,55.75,58.88999938964844,0.0,10300600
2025-01-27,54.87879180908203,57.22999954223633,0.0,58.34000015258789,56.630001068115234,57.79999923706055,0.0,15094900
2025-01-28,53.96782684326172,56.279998779296875,0.0,56.79999923706055,55.369998931884766,56.52000045776367,0.0,9813500
2025-01-29,53.72809982299805,56.029998779296875,0.0,56.79999923706055,55.36000061035156,56.689998626708984,0.0,5233700
2025-01-30,52.89384078979492,55.15999984741211,0.0,55.849998474121094,54.18000030517578,55.70000076293945,0.0,8456100
2025-01-31,52.06917190551758,54.29999923706055,0.0,56.290000915527344,53.97999954223633,54.779998779296875,0.0,10275600
2025-02-03,50.112979888916016,52.2599983215332,0.0,53.220001220703125,51.369998931884766,53.0,0.0,11262700
2025-02-04,50.43901062011719,52.599998474121094,0.0,53.0,52.189998626708984,52.43000030517578,0.0,10980000
2025-02-05,51.30203628540039,53.5,0.0,53.540000915527344,51.439998626708984,51.79999923706055,0.0,11945700
2025-02-06,50.928062438964844,53.11000061035156,0.0,54.220001220703125,52.709999084472656,53.5099983215332,0.0,13342000
2025-02-07,49.75818634033203,51.88999938964844,0.0,53.25,50.209999084472656,52.2599983215332,0.0,17530500
2025-02-10,49.91160583496094,52.04999923706055,0.0,53.09000015258789,51.40999984741211,52.369998931884766,0.0,9449900
2025-02-11,50.41983413696289,52.58000183105469,0.0,53.150001525878906,51.41999816894531,51.41999816894531,0.0,7801900
2025-02-12,51.63766098022461,53.849998474121094,0.0,53.93000030517578,51.939998626708984,52.060001373291016,0.0,8082900
2025-02-13,52.03080749511719,54.2599983215332,0.0,54.65999984741211,53.45000076293945,53.630001068115234,0.0,6793400
2025-02-14,53.46918487548828,55.7599983215332,0.0,55.900001525878906,54.220001220703125,54.45000076293945,0.0,7123700
2025-02-18,55.48291778564453,57.86000061035156,0.0,58.279998779296875,56.15999984741211,56.15999984741211,0.0,11324600
2025-02-19,60.97750473022461,63.59000015258789,0.0,64.58000183105469,57.939998626708984,58.540000915527344,0.0,20924500
2025-02-20,61.6583366394043,64.30000305175781,0.0,65.33999633789062,63.25,64.80999755859375,0.0,14626400
2025-02-21,58.56103515625,61.06999969482422,0.0,64.41999816894531,60.65999984741211,64.4000015258789,0.0,13464000
2025-02-24,58.76874923706055,60.83000183105469,0.455,62.279998779296875,60.689998626708984,60.97999954223633,0.0,9836300
2025-02-25,58.13111114501953,60.16999816894531,0.0,62.02000045776367,59.459999084472656,60.880001068115234,0.0,9384100
2025-02-26,57.74467086791992,59.77000045776367,0.0,60.369998931884766,58.439998626708984,60.27000045776367,0.0,8482000
2025-02-27,55.1844596862793,57.119998931884766,0.0,59.77000045776367,56.70000076293945,59.529998779296875,0.0,11503700
2025-02-28,56.86550521850586,58.86000061035156,0.0,58.91999816894531,56.599998474121094,57.15999984741211,0.0,13308700
2025-03-03,55.9863395690918,57.95000076293945,0.0,62.63999938964844,57.36000061035156,62.52000045776367,0.0,19509000
2025-03-04,56.16990280151367,58.13999938964844,0.0,60.290000915527344,57.97999954223633,58.63999938964844,0.0,14039800
2025-03-05,57.619075775146484,59.63999938964844,0.0,59.83000183105469,56.900001525878906,58.70000076293945,0.0,8642700
2025-03-06,56.285831451416016,58.2599983215332,0.0,60.029998779296875,57.779998779296875,58.43000030517578,0.0,10643200
2025-03-07,57.74467086791992,59.77000045776367,0.0,60.029998779296875,57.83000183105469,58.13999938964844,0.0,8182600
2025-03-10,51.638824462890625,53.45000076293945,0.0,58.060001373291016,52.79999923706055,57.959999084472656,0.0,16124400
2025-03-11,50.46982192993164,52.2400016784668,0.0,54.400001525878906,51.06999969482422,54.189998626708984,0.0,9121700
2025-03-12,50.141353607177734,51.900001525878906,0.0,53.34000015258789,51.63999938964844,52.58000183105469,0.0,7250000
2025-03-13,50.13168716430664,51.88999938964844,0.0,53.5099983215332,51.31999969482422,51.540000915527344,0.0,6002800
2025-03-14,51.687129974365234,53.5,0.0,53.619998931884766,52.279998779296875,52.720001220703125,0.0,7349200
2025-03-17,53.387489318847656,55.2599983215332,0.0,55.709999084472656,53.619998931884766,53.63999938964844,0.0,6181800
2025-03-18,52.3634147644043,54.20000076293945,0.0,54.93000030517578,53.68000030517578,54.810001373291016,0.0,3810800
2025-03-19,52.72086715698242,54.56999969482422,0.0,55.369998931884766,53.90999984741211,53.970001220703125,0.0,6044700
2025-03-20,49.27184295654297,51.0,0.0,52.41999816894531,50.959999084472656,52.279998779296875,0.0,13866100
2025-03-21,49.96744918823242,51.720001220703125,0.0,52.369998931884766,49.91999816894531,50.619998931884766,0.0,29770200
2025-03-24,52.06391143798828,53.88999938964844,0.0,54.47999954223633,52.810001373291016,53.11000061035156,0.0,12894200
2025-03-25,50.58576202392578,52.36000061035156,0.0,54.08000183105469,52.279998779296875,53.5,0.0,8676300
2025-03-26,50.402198791503906,52.16999816894531,0.0,53.130001068115234,51.58000183105469,52.41999816894531,0.0,6084900
2025-03-27,49.06896209716797,50.790000915527344,0.0,51.88999938964844,50.189998626708984,51.77000045776367,0.0,5492800
2025-03-28,47.04977798461914,48.70000076293945,0.0,50.470001220703125,48.27000045776367,50.34000015258789,0.0,12054400
2025-03-31,46.76960754394531,48.40999984741211,0.0,48.84000015258789,47.439998626708984,48.18000030517578,0.0,14064900
2025-04-01,46.8565559387207,48.5,0.0,48.709999084472656,47.209999084472656,48.41999816894531,0.0,10219700
2025-04-02,47.27198791503906,48.93000030517578,0.0,49.470001220703125,47.47999954223633,47.63999938964844,0.0,6408300
2025-04-03,39.33052444458008,40.709999084472656,0.0,46.79999923706055,39.56999969482422,46.79999923706055,0.0,29179100
2025-04-04,34.992671966552734,36.220001220703125,0.0,40.18000030517578,36.099998474121094,38.93000030517578,0.0,26407700
2025-04-07,36.79930114746094,38.09000015258789,0.0,40.0,34.130001068115234,35.59000015258789,0.0,24856500
2025-04-08,34.14249038696289,35.34000015258789,0.0,39.970001220703125,34.13999938964844,39.7599983215332,0.0,17281700
2025-04-09,43.37854766845703,44.900001525878906,0.0,45.58000183105469,35.099998474121094,35.4900016784668,0.0,29897800
2025-04-10,37.49490737915039,38.810001373291016,0.0,41.599998474121094,37.400001525878906,41.369998931884766,0.0,24354400
2025-04-11,37.398292541503906,38.709999084472656,0.0,38.91999816894531,35.47999954223633,36.91999816894531,0.0,20662000
2025-04-14,37.56254196166992,38.880001068115234,0.0,40.310001373291016,38.25,39.91999816894531,0.0,9921400
2025-04-15,37.4176139831543,38.72999954223633,0.0,39.61000061035156,38.310001373291016,39.09000015258789,0.0,6704900
2025-04-16,36.66404724121094,37.95000076293945,0.0,38.400001525878906,36.31999969482422,37.25,0.0,14564700
2025-04-17,37.253379821777344,38.560001373291016,0.0,38.709999084472656,37.58000183105469,38.68000030517578,0.0,7777900
2025-04-21,38.09389877319336,39.43000030517578,0.0,39.529998779296875,37.40999984741211,37.599998474121094,0.0,16395600
2025-04-22,38.92475891113281,40.290000915527344,0.0,41.04999923706055,39.58000183105469,40.150001525878906,0.0,11719600
2025-04-23,40.50918197631836,41.93000030517578,0.0,43.369998931884766,41.630001068115234,42.77000045776367,0.0,10228300
2025-04-24,45.5233154296875,47.119998931884766,0.0,47.33000183105469,44.119998931884766,44.119998931884766,0.0,20418800
2025-04-25,45.301109313964844,46.88999938964844,0.0,47.5,46.06999969482422,46.27000045776367,0.0,7677600
2025-04-28,45.41704559326172,47.0099983215332,0.0,47.849998474121094,45.900001525878906,46.65999984741211,0.0,7084500
2025-04-29,44.363983154296875,45.91999816894531,0.0,46.720001220703125,45.5,45.810001373291016,0.0,8287200
2025-04-30,44.518558502197266,46.08000183105469,0.0,46.2400016784668,44.16999816894531,44.540000915527344,0.0,10848300
2025-05-01,44.42194747924805,45.97999954223633,0.0,47.20000076293945,45.599998474121094,47.029998779296875,0.0,8677200
2025-05-02,46.28654861450195,47.90999984741211,0.0,48.529998779296875,47.11000061035156,47.15999984741211,0.0,9444000
2025-05-05,46.160953521728516,47.779998779296875,0.0,48.33000183105469,46.84000015258789,47.22999954223633,0.0,8196300
2025-05-06,45.639259338378906,47.2400016784668,0.0,47.70000076293945,46.68000030517578,47.0,0.0,6499300
2025-05-07,46.4507942199707,48.08000183105469,0.0,48.400001525878906,46.91999816894531,47.65999984741211,0.0,9565800
2025-05-08,47.47486877441406,49.13999938964844,0.0,50.2599983215332,48.560001373291016,48.93000030517578,0.0,11279100
2025-05-09,53.45512008666992,55.33000183105469,0.0,58.060001373291016,53.83000183105469,55.75,0.0,21360900
2025-05-12,58.89434051513672,60.959999084472656,0.0,62.4900016784668,59.34000015258789,59.9900016784668,0.0,20947300
2025-05-13,60.18893814086914,62.29999923706055,0.0,63.119998931884766,60.599998474121094,60.95000076293945,0.0,10992800
2025-05-14,58.59485626220703,60.650001525878906,0.0,62.08000183105469,60.2599983215332,62.0,0.0,10608100
2025-05-15,58.73976135253906,60.79999923706055,0.0,61.36000061035156,59.29999923706055,60.31999969482422,0.0,8416400
2025-05-16,59.13587188720703,61.209999084472656,0.0,61.220001220703125,60.130001068115234,60.66999816894531,0.0,6589300
2025-05-19,58.517555236816406,60.56999969482422,0.0,61.04999923706055,59.38999938964844,59.630001068115234,0.0,8220200
2025-05-20,58.73976135253906,60.79999923706055,0.0,60.91999816894531,59.790000915527344,60.0,0.0,6145500
2025-05-21,57.242286682128906,59.25,0.0,61.40999984741211,58.880001068115234,59.81999969482422,0.0,7243900
2025-05-22,56.516963958740234,58.04999923706055,0.455,59.779998779296875,57.560001373291016,59.25,0.0,11530600
2025-05-23,54.706077575683594,56.189998626708984,0.0,56.31999969482422,54.540000915527344,55.9900016784668,0.0,10093500
2025-05-27,57.13032913208008,58.68000030517578,0.0,59.52000045776367,56.75,57.41999816894531,0.0,11214300
2025-05-28,55.94254684448242,57.459999084472656,0.0,59.09000015258789,57.400001525878906,58.86000061035156,0.0,8292900
2025-05-29,56.575382232666016,58.11000061035156,0.0,59.59000015258789,57.380001068115234,59.040000915527344,0.0,6573900
2025-05-30,56.50722885131836,58.040000915527344,0.0,58.630001068115234,56.619998931884766,58.2400016784668,0.0,10845600
2025-06-02,58.415470123291016,60.0,0.0,60.290000915527344,57.43000030517578,57.689998626708984,0.0,9310200
2025-06-03,62.154056549072266,63.84000015258789,0.0,64.08000183105469,59.88999938964844,60.41999816894531,0.0,16323000
2025-06-04,62.962135314941406,64.66999816894531,0.0,65.27999877929688,63.04999923706055,64.3499984741211,0.0,9193300
2025-06-05,62.67005920410156,64.37000274658203,0.0,66.37000274658203,63.630001068115234,65.0,0.0,11875600
2025-06-06,63.52681350708008,65.25,0.0,66.05999755859375,65.08999633789062,65.69000244140625,0.0,8884500
2025-06-09,66.25288391113281,68.05000305175781,0.0,68.61000061035156,65.91000366210938,66.02999877929688,0.0,11974600
2025-06-10,67.752197265625,69.58999633789062,0.0,70.56999969482422,67.66000366210938,68.45999908447266,0.0,12064800
2025-06-11,67.7619400024414,69.5999984741211,0.0,71.01000213623047,68.83999633789062,70.2300033569336,0.0,12731500
2025-06-12,66.13603973388672,67.93000030517578,0.0,69.19000244140625,67.69000244140625,68.69000244140625,0.0,7700300
2025-06-13,63.994140625,65.7300033569336,0.0,67.33000183105469,65.5,66.54000091552734,0.0,9841200
2025-06-16,66.3891830444336,68.19000244140625,0.0,68.36000061035156,66.4800033569336,66.75,0.0,9211800
2025-06-17,65.90238189697266,67.69000244140625,0.0,68.75,67.23999786376953,67.58000183105469,0.0,6922900
2025-06-18,66.22366333007812,68.0199966430664,0.0,69.30999755859375,67.54000091552734,68.0,0.0,5642500
2025-06-20,67.1485824584961,68.97000122070312,0.0,69.68000030517578,67.37999725341797,69.48999786376953,0.0,19067200
2025-06-23,66.76889038085938,68.58000183105469,0.0,70.62999725341797,67.97000122070312,69.06999969482422,0.0,7498000
2025-06-24,68.57002258300781,70.43000030517578,0.0,71.33000183105469,69.62999725341797,69.80000305175781,0.0,8422200
2025-06-25,69.7091293334961,71.5999984741211,0.0,71.68000030517578,69.33999633789062,70.30000305175781,0.0,7586600
2025-06-26,68.91078186035156,70.77999877929688,0.0,71.8499984741211,70.68000030517578,71.6500015258789,0.0,7060700
2025-06-27,68.62843322753906,70.48999786376953,0.0,71.52999877929688,69.77999877929688,71.05000305175781,0.0,6885600
2025-06-30,68.51161193847656,70.37000274658203,0.0,70.7699966430664,69.5,70.62999725341797,0.0,5861600
2025-07-01,69.7870101928711,71.68000030517578,0.0,72.5,69.31999969482422,69.45999908447266,0.0,8034500
2025-07-02,71.2279281616211,73.16000366210938,0.0,73.5199966430664,70.9800033569336,71.51000213623047,0.0,8245500
2025-07-03,71.13056182861328,73.05999755859375,0.0,74.4000015258789,72.94000244140625,73.83000183105469,0.0,3810800
2025-07-07,69.59229278564453,71.4800033569336,0.0,73.56999969482422,71.11000061035156,72.95999908447266,0.0,7790100
2025-07-08,72.59095001220703,74.55999755859375,0.0,75.75,72.29000091552734,72.69999694824219,0.0,11350500
2025-07-09,72.70779418945312,74.68000030517578,0.0,75.58000183105469,73.9000015258789,74.38999938964844,0.0,6484200
2025-07-10,73.09722900390625,75.08000183105469,0.0,77.19999694824219,74.98999786376953,75.5999984741211,0.0,7550400
2025-07-11,72.59095001220703,74.55999755859375,0.0,75.05999755859375,73.72000122070312,74.02999877929688,0.0,4885900
2025-07-14,72.09442901611328,74.05000305175781,0.0,74.47000122070312,72.77999877929688,73.58000183105469,0.0,5756200
2025-07-15,71.17924499511719,73.11000061035156,0.0,75.4000015258789,73.08000183105469,75.0199966430664,0.0,6016200
2025-07-16,72.4643783569336,74.43000030517578,0.0,74.44000244140625,72.05999755859375,72.9000015258789,0.0,7036500
2025-07-17,72.33782196044922,74.30000305175781,0.0,74.55000305175781,73.41999816894531,74.22000122070312,0.0,6255400
2025-07-18,72.80513763427734,74.77999877929688,0.0,75.62999725341797,74.05000305175781,75.18000030517578,0.0,5239400
2025-07-21,71.89970397949219,73.8499984741211,0.0,76.08999633789062,73.80000305175781,75.1500015258789,0.0,6153700
2025-07-22,73.27246856689453,75.26000213623047,0.0,75.55999755859375,73.08999633789062,73.41000366210938,0.0,8819400
2025-07-23,68.394775390625,70.25,0.0,71.75,68.19999694824219,70.69999694824219,0.0,19476800
2025-07-24,66.01921081542969,67.80999755859375,0.0,69.41999816894531,66.7300033569336,68.91999816894531,0.0,13363800
2025-07-25,67.38224029541016,69.20999908447266,0.0,69.2699966430664,67.68000030517578,67.7699966430664,0.0,8354600
2025-07-28,68.66737365722656,70.52999877929688,0.0,71.08000183105469,69.3499984741211,69.70999908447266,0.0,6765000
2025-07-29,68.81343078613281,70.68000030517578,0.0,71.54000091552734,69.83000183105469,71.02999877929688,0.0,5449100
2025-07-30,68.4337158203125,70.29000091552734,0.0,71.0999984741211,69.4800033569336,70.91999816894531,0.0,6430800
2025-07-31,65.80502319335938,67.58999633789062,0.0,70.05999755859375,66.80999755859375,69.69999694824219,0.0,15369600
2025-08-01,64.60751342773438,66.36000061035156,0.0,68.61000061035156,64.66999816894531,68.55000305175781,0.0,11544600
2025-08-04,64.8314208984375,66.58999633789062,0.0,67.5,66.44000244140625,66.83000183105469,0.0,8552300
2025-08-05,65.35717010498047,67.12999725341797,0.0,68.18000030517578,65.37999725341797,67.63999938964844,0.0,9872900
2025-08-06,64.42252349853516,66.16999816894531,0.0,67.44000244140625,65.6500015258789,66.9000015258789,0.0,6366100
2025-08-07,64.47119903564453,66.22000122070312,0.0,68.37999725341797,65.77999877929688,67.80999755859375,0.0,13767500
2025-08-08,60.236080169677734,61.869998931884766,0.0,63.95000076293945,60.880001068115234,61.58000183105469,0.0,20070400
2025-08-11,59.34038162231445,60.95000076293945,0.0,62.88999938964844,60.84000015258789,61.91999816894531,0.0,10238800
2025-08-12,62.796627044677734,64.5,0.0,66.5,61.68000030517578,61.939998626708984,0.0,12674600
2025-08-13,64.01361083984375,65.75,0.0,66.12000274658203,64.16999816894531,64.81999969482422,0.0,8379500
2025-08-14,64.24727630615234,65.98999786376953,0.0,66.33000183105469,63.40999984741211,64.55000305175781,0.0,6843000
2025-08-15,63.97467041015625,65.70999908447266,0.0,66.55000305175781,65.5999984741211,66.12999725341797,0.0,7744400
2025-08-18,63.8286247253418,65.55999755859375,0.0,66.01000213623047,65.04000091552734,65.63999938964844,0.0,4991700
2025-08-19,63.00107955932617,64.70999908447266,0.0,66.4000015258789,64.4000015258789,65.55999755859375,0.0,5069700
2025-08-20,64.99695587158203,66.76000213623047,0.0,66.91000366210938,63.68000030517578,65.0,0.0,10208900
2025-08-21,64.3543701171875,66.0999984741211,0.0,66.68000030517578,65.69999694824219,66.43000030517578,0.0,5932200
2025-08-22,67.7806625366211,69.13999938964844,0.455,70.69999694824219,66.13999938964844,66.25,0.0,12430300
2025-08-25,67.20225524902344,68.55000305175781,0.0,69.13999938964844,67.97000122070312,69.13999938964844,0.0,5326700
2025-08-26,66.29054260253906,67.62000274658203,0.0,69.30000305175781,67.26000213623047,68.27999877929688,0.0,8740400
2025-08-27,65.33961486816406,66.6500015258789,0.0,67.22000122070312,66.29000091552734,66.94000244140625,0.0,8212000
2025-08-28,63.967132568359375,65.25,0.0,67.56999969482422,65.08000183105469,66.5999984741211,0.0,13999200
2025-08-29,63.722049713134766,65.0,0.0,65.68000030517578,64.31999969482422,65.06999969482422,0.0,9209700
2025-09-02,62.349578857421875,63.599998474121094,0.0,63.849998474121094,62.279998779296875,63.27000045776367,0.0,6638800
2025-09-03,62.03586959838867,63.279998779296875,0.0,63.75,61.599998474121094,63.54999923706055,0.0,6963600
2025-09-04,63.16326141357422,64.43000030517578,0.0,64.70999908447266,61.099998474121094,64.0,0.0,11087900
2025-09-05,64.62396240234375,65.91999816894531,0.0,67.08999633789062,64.36000061035156,64.73999786376953,0.0,7765200
2025-09-08,64.01615905761719,65.30000305175781,0.0,66.87999725341797,64.83000183105469,66.3499984741211,0.0,7153000
2025-09-09,63.486778259277344,64.76000213623047,0.0,65.68000030517578,64.43000030517578,65.29000091552734,0.0,4192800
2025-09-10,63.4671630859375,64.73999786376953,0.0,65.69999694824219,64.16999816894531,64.91000366210938,0.0,5407500
2025-09-11,63.74165725708008,65.0199966430664,0.0,65.22000122070312,63.779998779296875,64.73999786376953,0.0,6455700
2025-09-12,63.42794418334961,64.69999694824219,0.0,65.6500015258789,64.41000366210938,65.12000274658203,0.0,4608200
2025-09-15,61.92803192138672,63.16999816894531,0.0,64.66999816894531,62.27000045776367,64.0,0.0,6803800
2025-09-16,63.182861328125,64.44999694824219,0.0,64.72000122070312,63.290000915527344,63.63999938964844,0.0,7680300
2025-09-17,64.4867172241211,65.77999877929688,0.0,67.62000274658203,63.9900016784668,64.38999938964844,0.0,7381600
2025-09-18,64.957275390625,66.26000213623047,0.0,67.87000274658203,65.95999908447266,67.02999877929688,0.0,9832000
2025-09-19,63.869110107421875,65.1500015258789,0.0,66.5,63.869998931884766,66.30999755859375,0.0,13348400
2025-09-22,64.11418914794922,65.4000015258789,0.0,66.19999694824219,65.01000213623047,65.5,0.0,6466500
2025-09-23,63.43775939941406,64.70999908447266,0.0,66.51000213623047,64.4800033569336,65.73999786376953,0.0,6218900
2025-09-24,64.55534362792969,65.8499984741211,0.0,66.25,64.66999816894531,64.8499984741211,0.0,5874100
2025-09-25,63.56519317626953,64.83999633789062,0.0,65.44999694824219,63.7400016784668,65.44999694824219,0.0,4621100
2025-09-26,63.15345764160156,64.41999816894531,0.0,65.0,63.7599983215332,64.66999816894531,0.0,4110800
2025-09-29,62.81033706665039,64.06999969482422,0.0,65.11000061035156,64.01000213623047,64.87999725341797,0.0,6499700
2025-09-30,62.95738983154297,64.22000122070312,0.0,64.87000274658203,63.029998779296875,64.2699966430664,0.0,7686700
2025-10-01,62.84954833984375,64.11000061035156,0.0,64.88999938964844,63.33000183105469,63.97999954223633,0.0,8399400
2025-10-02,64.829833984375,66.12999725341797,0.0,67.05999755859375,64.41999816894531,64.77999877929688,0.0,6221000
2025-10-03,65.23178100585938,66.54000091552734,0.0,69.0,66.3499984741211,66.38999938964844,0.0,6368300
2025-10-06,65.2807846069336,66.58999633789062,0.0,67.7699966430664,64.3499984741211,67.2300033569336,0.0,6410200
2025-10-07,63.682838439941406,64.95999908447266,0.0,67.41999816894531,64.73999786376953,67.02999877929688,0.0,6049300
2025-10-08,65.60430145263672,66.91999816894531,0.0,67.12999725341797,64.68000030517578,65.31999969482422,0.0,6149900
2025-10-09,64.56514739990234,65.86000061035156,0.0,66.75,65.08000183105469,66.69999694824219,0.0,3842600
2025-10-10,59.22229766845703,60.40999984741211,0.0,66.29000091552734,60.20000076293945,65.9800033569336,0.0,12554600
2025-10-13,63.12404251098633,64.38999938964844,0.0,64.91999816894531,62.18000030517578,62.79999923706055,0.0,8316300
2025-10-14,63.329917907714844,64.5999984741211,0.0,66.61000061035156,62.220001220703125,62.220001220703125,0.0,9058400
2025-10-15,63.927921295166016,65.20999908447266,0.0,65.75,63.65999984741211,65.5,0.0,10045600
2025-10-16,64.06517028808594,65.3499984741211,0.0,66.41000366210938,64.38999938964844,65.97000122070312,0.0,5193200
2025-10-17,63.85929489135742,65.13999938964844,0.0,65.62999725341797,64.26000213623047,64.80999755859375,0.0,4582800
2025-10-20,65.75135803222656,67.06999969482422,0.0,67.66999816894531,65.6500015258789,66.06999969482422,0.0,5562100
2025-10-21,66.1925048828125,67.5199966430664,0.0,68.0,66.30999755859375,66.95999908447266,0.0,5611900
2025-10-22,63.23188018798828,64.5,0.0,66.05999755859375,63.29999923706055,65.20999908447266,0.0,9989800
2025-10-23,63.81028366088867,65.08999633789062,0.0,65.29000091552734,62.93000030517578,62.93000030517578,0.0,7224600
2025-10-24,61.92803192138672,63.16999816894531,0.0,66.05000305175781,63.119998931884766,65.98999786376953,0.0,7533200
2025-10-27,63.28090286254883,64.55000305175781,0.0,65.16999816894531,63.4900016784668,63.959999084472656,0.0,7361900
2025-10-28,62.388790130615234,63.63999938964844,0.0,64.61000061035156,63.0,64.51000213623047,0.0,4808700
2025-10-29,61.310420989990234,62.540000915527344,0.0,64.30999755859375,62.13999938964844,63.68000030517578,0.0,9882000
2025-10-30,60.84965896606445,62.06999969482422,0.0,63.41999816894531,61.91999816894531,62.779998779296875,0.0,5752900
2025-10-31,61.19277572631836,62.41999816894531,0.0,63.130001068115234,61.59000015258789,62.06999969482422,0.0,7081600
2025-11-03,61.18297576904297,62.40999984741211,0.0,63.45000076293945,62.11000061035156,62.7400016784668,0.0,5769400
2025-11-04,58.33018493652344,59.5,0.0,62.279998779296875,59.290000915527344,61.38999938964844,0.0,8075600
2025-11-05,59.6046257019043,60.79999923706055,0.0,62.150001525878906,59.68000030517578,59.86000061035156,0.0,8254300
2025-11-06,58.183135986328125,59.349998474121094,0.0,61.279998779296875,59.130001068115234,60.58000183105469,0.0,10993500
2025-11-07,55.17349624633789,56.279998779296875,0.0,56.29999923706055,52.810001373291016,56.20000076293945,0.0,19099500
2025-11-10,54.32060241699219,55.40999984741211,0.0,57.58000183105469,55.04999923706055,57.33000183105469,0.0,9866700
2025-11-11,53.634361267089844,54.709999084472656,0.0,55.91999816894531,54.29999923706055,55.279998779296875,0.0,8502600
2025-11-12,54.536277770996094,55.630001068115234,0.0,56.68000030517578,55.529998779296875,55.529998779296875,0.0,6536100
2025-11-13,53.732398986816406,54.810001373291016,0.0,56.08000183105469,54.130001068115234,55.04999923706055,0.0,10618100
2025-11-14,52.42854690551758,53.47999954223633,0.0,54.68000030517578,53.0,54.150001525878906,0.0,8290000
2025-11-17,50.68354034423828,51.70000076293945,0.0,53.439998626708984,50.880001068115234,53.33000183105469,0.0,8118600
2025-11-18,49.86985778808594,50.869998931884766,0.0,51.56999969482422,50.61000061035156,51.25,0.0,9779900
2025-11-19,49.80123519897461,50.79999923706055,0.0,51.470001220703125,50.369998931884766,50.86000061035156,0.0,9005800
2025-11-20,48.05623245239258,49.02000045776367,0.0,51.709999084472656,48.56999969482422,51.119998931884766,0.0,10584000
2025-11-21,49.89927291870117,50.900001525878906,0.0,51.45000076293945,48.52000045776367,49.060001373291016,0.0,11767300
2025-11-24,50.695560455322266,51.25,0.455,51.5099983215332,50.099998474121094,50.540000915527344,0.0,12016400
2025-11-25,51.269287109375,51.83000183105469,0.0,52.31999969482422,49.79999923706055,50.33000183105469,0.0,9605200
2025-11-26,52.001277923583984,52.56999969482422,0.0,53.36000061035156,51.54999923706055,51.869998931884766,0.0,6266100
2025-11-28,53.0003547668457,53.58000183105469,0.0,53.7400016784668,52.369998931884766,52.689998626708984,0.0,3755000
2025-12-01,52.85197830200195,53.43000030517578,0.0,54.27000045776367,52.619998931884766,52.880001068115234,0.0,5580800
2025-12-02,56.096492767333984,56.709999084472656,0.0,57.349998474121094,53.40999984741211,53.79999923706055,0.0,11954000
2025-12-03,62.92184829711914,63.61000061035156,0.0,63.939998626708984,58.95000076293945,59.29999923706055,0.0,22906400
2025-12-04,64.01983642578125,64.72000122070312,0.0,65.48999786376953,63.220001220703125,63.970001220703125,0.0,12641900
2025-12-05,65.0980453491211,65.80999755859375,0.0,66.94999694824219,65.54000091552734,66.19000244140625,0.0,11350100
2025-12-08,66.62138366699219,67.3499984741211,0.0,67.41999816894531,66.2699966430664,66.30000305175781,0.0,8146600
2025-12-09,66.12679290771484,66.8499984741211,0.0,67.48999786376953,66.52999877929688,66.87000274658203,0.0,7488600
2025-12-10,67.16543579101562,67.9000015258789,0.0,68.19999694824219,66.2300033569336,66.79000091552734,0.0,8780400
2025-12-11,68.34255981445312,69.08999633789062,0.0,69.2699966430664,66.77999877929688,67.81999969482422,0.0,8243200
2025-12-12,66.4532241821289,67.18000030517578,0.0,69.55999755859375,66.62999725341797,69.36000061035156,0.0,13126900
2025-12-15,66.4532241821289,67.18000030517578,0.0,68.08999633789062,66.5199966430664,68.05999755859375,0.0,6768000
2025-12-16,65.18707275390625,65.9000015258789,0.0,69.33000183105469,64.91000366210938,68.98999786376953,0.0,7294200
2025-12-17,63.29773712158203,63.9900016784668,0.0,66.61000061035156,63.439998626708984,66.16999816894531,0.0,8750500
2025-12-18,63.366973876953125,64.05999755859375,0.0,65.68000030517578,63.75,65.31999969482422,0.0,6554800
2025-12-19,64.2077865600586,64.91000366210938,0.0,65.18000030517578,64.11000061035156,64.33000183105469,0.0,18662500
2025-12-22,65.52339172363281,66.23999786376953,0.0,67.01000213623047,65.66999816894531,66.05000305175781,0.0,5867700
2025-12-23,64.64302062988281,65.3499984741211,0.0,66.20999908447266,65.0999984741211,65.86000061035156,0.0,4874300
2025-12-24,64.65290832519531,65.36000061035156,0.0,65.9000015258789,65.18000030517578,65.62999725341797,0.0,2100900
2025-12-26,64.23745727539062,64.94000244140625,0.0,65.9000015258789,64.81999969482422,65.55999755859375,0.0,3853600
2025-12-29,63.95059585571289,64.6500015258789,0.0,65.47000122070312,63.970001220703125,65.01000213623047,0.0,4778500
2025-12-30,63.98026657104492,64.68000030517578,0.0,65.2300033569336,64.37000274658203,64.83999633789062,0.0,4346300
2025-12-31,63.03065872192383,63.720001220703125,0.0,64.6500015258789,63.63999938964844,64.58000183105469,0.0,4563500
2026-01-02,64.32647705078125,65.02999877929688,0.0,65.87000274658203,64.1500015258789,65.26000213623047,0.0,7789800
2026-01-05,66.33452606201172,67.05999755859375,0.0,68.83999633789062,65.30000305175781,65.3499984741211,0.0,9261200
2026-01-06,74.06002807617188,74.87000274658203,0.0,75.29000091552734,70.55999755859375,70.55999755859375,0.0,18540100
2026-01-07,73.14009094238281,73.94000244140625,0.0,74.0199966430664,71.88999938964844,73.05999755859375,0.0,9813500
2026-01-08,72.7345199584961,73.52999877929688,0.0,73.73999786376953,71.69999694824219,73.4000015258789,0.0,8440400
2026-01-09,74.40624237060547,75.22000122070312,0.0,76.05999755859375,73.51000213623047,74.02999877929688,0.0,9124300
2026-01-12,72.59603881835938,73.38999938964844,0.0,75.31999969482422,73.20999908447266,75.31999969482422,0.0,6982500
2026-01-13,73.26868438720703,74.06999969482422,0.0,75.13999938964844,73.41000366210938,73.51000213623047,0.0,5453700
2026-01-14,73.87208557128906,74.68000030517578,0.0,75.01000213623047,73.51000213623047,73.98999786376953,0.0,5298500
2026-01-15,73.64456939697266,74.44999694824219,0.0,76.0,74.41000366210938,75.2300033569336,0.0,6994200
2026-01-16,73.8918685913086,74.69999694824219,0.0,75.66000366210938,74.33000183105469,75.43000030517578,0.0,7005300
2026-01-20,72.37841796875,73.16999816894531,0.0,74.3499984741211,72.27999877929688,73.11000061035156,0.0,11046300
2026-01-21,75.37564086914062,76.19999694824219,0.0,76.73999786376953,73.7699966430664,74.16999816894531,0.0,11834300
2026-01-22,74.6535415649414,75.47000122070312,0.0,79.5,75.16000366210938,79.01000213623047,0.0,12631100
2026-01-23,73.90176391601562,74.70999908447266,0.0,75.94000244140625,73.41000366210938,75.77999877929688,0.0,7546300
2026-01-26,73.98090362548828,74.79000091552734,0.0,75.30000305175781,73.94999694824219,74.70999908447266,0.0,7783900
2026-01-27,74.34689331054688,75.16000366210938,0.0,76.27999877929688,75.02999877929688,75.12000274658203,0.0,6144100
2026-01-28,79.4114990234375,80.27999877929688,0.0,81.43000030517578,78.7300033569336,79.81999969482422,0.0,14809600
2026-01-29,78.50145721435547,79.36000061035156,0.0,80.87999725341797,76.06999969482422,79.88999938964844,0.0,7821700
2026-01-30,75.09867095947266,75.91999816894531,0.0,78.55999755859375,75.08000183105469,78.33000183105469,0.0,12510700
2026-02-02,77.23530578613281,78.08000183105469,0.0,79.08000183105469,74.4000015258789,74.79000091552734,0.0,8648500
2026-02-03,75.83067321777344,76.66000366210938,0.0,79.18000030517578,75.26000213623047,77.69999694824219,0.0,8541600
2026-02-04,77.38368225097656,78.2300033569336,0.0,79.81999969482422,76.6500015258789,77.5999984741211,0.0,14565400
2026-02-05,77.19573211669922,78.04000091552734,0.0,79.1500015258789,75.72000122070312,77.1500015258789,0.0,11358300
2026-02-06,75.18769836425781,76.01000213623047,0.0,76.69999694824219,73.37999725341797,74.41000366210938,0.0,20208200
2026-02-09,73.60501098632812,74.41000366210938,0.0,75.55000305175781,73.5,74.30999755859375,0.0,11656400
2026-02-10,76.02850341796875,76.86000061035156,0.0,77.70999908447266,74.48999786376953,74.55999755859375,0.0,12059000
2026-02-11,79.87641906738281,80.75,0.0,81.2699966430664,77.86000061035156,78.22000122070312,0.0,13622000
2026-02-12,78.06621551513672,78.91999816894531,0.0,83.3499984741211,78.2699966430664,81.80999755859375,0.0,12504000
2026-02-13,77.7101058959961,78.55999755859375,0.0,79.16999816894531,77.58999633789062,78.0199966430664,0.0,7888200
2026-02-17,78.08599853515625,78.94000244140625,0.0,79.62999725341797,77.11000061035156,78.5,0.0,6181700
2026-02-18,78.25416564941406,79.11000061035156,0.0,81.0,78.45999908447266,80.66999816894531,0.0,6953400
2026-02-19,76.32525634765625,77.16000366210938,0.0,78.7699966430664,76.02999877929688,78.44000244140625,0.0,6919300
2026-02-20,76.88909149169922,77.7300033569336,0.0,78.38999938964844,76.19000244140625,76.27999877929688,0.0,7042900
2026-02-23,76.21746063232422,76.5999984741211,0.455,77.75,74.5999984741211,77.13999938964844,0.0,5034200
2026-02-24,75.5508041381836,75.93000030517578,0.0,79.18000030517578,75.56999969482422,77.20999908447266,0.0,5592200
2026-02-25,75.09310913085938,75.47000122070312,0.0,77.0999984741211,75.37999725341797,77.05999755859375,0.0,7829400
2026-02-26,74.5956039428711,74.97000122070312,0.0,75.95999908447266,73.62999725341797,75.73999786376953,0.0,9959400
2026-02-27,74.26725006103516,74.63999938964844,0.0,74.73999786376953,72.31999969482422,73.26000213623047,0.0,10302500
2026-03-02,73.93889617919922,74.30999755859375,0.0,74.70999908447266,72.44000244140625,72.86000061035156,0.0,5288700
2026-03-03,71.03347778320312,71.38999938964844,0.0,72.72000122070312,70.70999908447266,72.0199966430664,0.0,9389000
2026-03-04,69.5509262084961,69.9000015258789,0.0,72.69999694824219,69.33999633789062,72.5199966430664,0.0,7452200
2026-03-05,67.47135925292969,67.80999755859375,0.0,70.48999786376953,66.91000366210938,69.0,0.0,9606300
2026-03-06,64.446533203125,64.7699966430664,0.0,66.37999725341797,64.19000244140625,65.72000122070312,0.0,11745000
2026-03-09,64.6753921508789,65.0,0.0,65.55000305175781,61.68000030517578,63.560001373291016,0.0,12951600
2026-03-10,65.00374603271484,65.33000183105469,0.0,67.0999984741211,64.58000183105469,65.0,0.0,11371100
2026-03-11,65.4614486694336,65.79000091552734,0.0,66.2699966430664,64.62000274658203,65.55000305175781,0.0,7308600
2026-03-12,62.41672897338867,62.72999954223633,0.0,65.12999725341797,62.349998474121094,64.5999984741211,0.0,10756100
2026-03-13,61.630672454833984,61.939998626708984,0.0,64.08000183105469,61.38999938964844,63.5,0.0,6899600
2026-03-16,63.51123809814453,63.83000183105469,0.0,64.9000015258789,63.20000076293945,63.400001525878906,0.0,7291100
2026-03-17,64.2674331665039,64.58999633789062,0.0,65.69000244140625,64.08999633789062,64.4000015258789,0.0,5801600
2026-03-18,64.3868408203125,64.70999908447266,0.0,65.79000091552734,64.0,64.0,0.0,10218600
2026-03-19,62.97393035888672,63.290000915527344,0.0,64.1500015258789,62.43000030517578,62.900001525878906,0.0,10227100
2026-03-20,62.6555290222168,62.970001220703125,0.0,64.33999633789062,62.119998931884766,62.9900016784668,0.0,12516300
2026-03-23,64.01868438720703,64.33999633789062,0.0,65.91999816894531,64.23999786376953,64.93000030517578,0.0,7972500
2026-03-24,65.30224609375,65.62999725341797,0.0,66.58000183105469,63.70000076293945,63.72999954223633,0.0,5553900
2026-03-25,64.8345947265625,65.16000366210938,0.0,68.0999984741211,64.83000183105469,66.25,0.0,6581000
2026-03-26,63.8793830871582,64.19999694824219,0.0,65.98999786376953,63.970001220703125,64.48999786376953,0.0,10554300
2026-03-27,61.690372467041016,62.0,0.0,63.790000915527344,61.58000183105469,63.529998779296875,0.0,8341800
2026-03-30,59.76006317138672,60.060001373291016,0.0,62.939998626708984,59.310001373291016,62.40999984741211,0.0,8534200
2026-03-31,64.28733825683594,64.61000061035156,0.0,64.9800033569336,61.18000030517578,61.349998474121094,0.0,12580900
2026-04-01,65.0534896850586,65.37999725341797,0.0,66.52999877929688,64.51000213623047,64.83000183105469,0.0,7926800
2026-04-02,65.27239227294922,65.5999984741211,0.0,65.80999755859375,62.619998931884766,63.220001220703125,0.0,6599900
2026-04-06,66.88430786132812,67.22000122070312,0.0,67.80999755859375,65.80999755859375,65.97000122070312,0.0,5480100
2026-04-07,67.17285919189453,67.51000213623047,0.0,67.79000091552734,65.75,67.01000213623047,0.0,6549400
2026-04-08,70.37677764892578,70.7300033569336,0.0,72.5,69.7300033569336,72.0199966430664,0.0,13559100
2026-04-09,70.86433410644531,71.22000122070312,0.0,71.55000305175781,69.52999877929688,70.5,0.0,8477400
2026-04-10,71.20262908935547,71.55999755859375,0.0,72.69999694824219,70.83000183105469,71.91000366210938,0.0,8065300
2026-04-13,73.18269348144531,73.55000305175781,0.0,73.70999908447266,71.12000274658203,71.45999908447266,0.0,6724900
2026-04-14,74.1279525756836,74.5,0.0,74.88999938964844,73.0199966430664,74.19999694824219,0.0,7446400
2026-04-15,74.11799621582031,74.48999786376953,0.0,74.86000061035156,72.9000015258789,74.12999725341797,0.0,6869400
2026-04-16,76.48611450195312,76.87000274658203,0.0,77.31999969482422,74.01000213623047,74.55999755859375,0.0,7221100
2026-04-17,78.3666763305664,78.76000213623047,0.0,79.9000015258789,77.76000213623047,78.77999877929688,0.0,10896300
2026-04-20,79.98853302001953,80.38999938964844,0.0,80.70999908447266,78.41999816894531,79.0,0.0,9660700
2026-04-21,80.52584075927734,80.93000030517578,0.0,81.86000061035156,80.23999786376953,80.48999786376953,0.0,8519100
2026-04-22,82.06809997558594,82.4800033569336,0.0,82.9000015258789,81.08999633789062,82.47000122070312,0.0,8901100
2026-04-23,90.18734741210938,90.63999938964844,0.0,92.23999786376953,85.45999908447266,85.77999877929688,0.0,18143200
2026-04-24,88.99333953857422,89.44000244140625,0.0,91.5,87.91000366210938,91.11000061035156,0.0,11341200
2026-04-27,86.40631866455078,86.83999633789062,0.0,89.29000091552734,85.27999877929688,88.95999908447266,0.0,10126700
2026-04-28,83.8392105102539,84.26000213623047,0.0,87.13999938964844,83.94999694824219,85.7300033569336,0.0,13219800
2026-04-29,89.71968841552734,90.16999816894531,0.0,90.7300033569336,87.11000061035156,89.0,0.0,12902700
2026-04-30,92.44601440429688,92.91000366210938,0.0,93.02999877929688,89.12000274658203,91.0,0.0,9342700
2026-05-01,93.4808120727539,93.94999694824219,0.0,94.55999755859375,91.91000366210938,92.80999755859375,0.0,8062800
2026-05-04,94.8240737915039,95.30000305175781,0.0,96.22000122070312,93.62000274658203,96.22000122070312,0.0,8362100
2026-05-05,97.98819732666016,98.4800033569336,0.0,99.08000183105469,94.16999816894531,95.2300033569336,0.0,11012100
2026-05-06,102.40602111816406,102.91999816894531,0.0,103.23999786376953,98.0,98.4800033569336,0.0,13764100
2026-05-07,101.07271575927734,101.58000183105469,0.0,102.27999877929688,99.58999633789062,102.1500015258789,0.0,15859600
2026-05-08,98.59514617919922,99.08999633789062,0.0,105.91000366210938,96.81999969482422,105.05000305175781,0.0,18857300
2026-05-11,98.53544616699219,99.02999877929688,0.0,101.18000030517578,96.56999969482422,98.0999984741211,0.0,19625200
2026-05-12,97.21208190917969,97.69999694824219,0.0,98.1500015258789,94.41999816894531,97.05999755859375,0.0,12828500
2026-05-13,96.22703552246094,96.70999908447266,0.0,99.87000274658203,96.05999755859375,99.6500015258789,0.0,12894100
2026-05-14,96.55538177490234,97.04000091552734,0.0,97.29000091552734,95.2699966430664,96.38999938964844,0.0,6977400
2026-05-15,93.38131713867188,93.8499984741211,0.0,95.58999633789062,93.72000122070312,94.0999984741211,0.0,9445400
2026-05-18,92.29676055908203,92.76000213623047,0.0,95.81999969482422,91.12999725341797,95.81999969482422,0.0,10149000
2026-05-19,91.35150146484375,91.80999755859375,0.0,93.58999633789062,90.0,90.44999694824219,0.0,7350400
2026-05-20,93.55046081542969,94.0199966430664,0.0,94.33999633789062,91.80999755859375,92.68000030517578,0.0,10871600
2026-05-21,90.65499877929688,91.11000061035156,0.0,93.27999877929688,89.16000366210938,93.0,0.0,8596100
2026-05-22,93.43000030517578,93.43000030517578,0.455,94.91000366210938,90.63999938964844,90.66999816894531,0.0,8837400
2026-05-26,98.05000305175781,98.05000305175781,0.0,99.97000122070312,95.22000122070312,95.83999633789062,0.0,13087000
2026-05-27,96.8499984741211,96.8499984741211,0.0,100.25,94.72000122070312,99.37999725341797,0.0,12755800
2026-05-28,96.04000091552734,96.04000091552734,0.0,97.98999786376953,93.63999938964844,96.86000061035156,0.0,7696100
2026-05-29,94.6500015258789,94.6500015258789,0.0,97.98999786376953,93.98999786376953,96.68000030517578,0.0,11366400
2026-06-01,91.5199966430664,91.5199966430664,0.0,94.19999694824219,90.2300033569336,92.87999725341797,0.0,11345100
2026-06-02,96.95999908447266,96.95999908447266,0.0,99.30000305175781,94.16000366210938,96.75,0.0,13414800
2026-06-03,96.55000305175781,96.55000305175781,0.0,97.38999938964844,94.36000061035156,96.63999938964844,0.0,10449400
2026-06-04,96.30000305175781,96.30000305175781,0.0,99.5999984741211,94.58000183105469,95.6500015258789,0.0,9557000
2026-06-05,88.33999633789062,88.33999633789062,0.0,93.94999694824219,87.55999755859375,93.56999969482422,0.0,19736600
2026-06-08,91.37000274658203,91.37000274658203,0.0,93.18000030517578,89.62000274658203,91.86000061035156,0.0,13900600
2026-06-09,91.47000122070312,91.47000122070312,0.0,94.5,85.27999877929688,92.98999786376953,0.0,15334200
2026-06-10,87.91000366210938,87.91000366210938,0.0,92.48999786376953,87.55000305175781,90.26000213623047,0.0,10497600
2026-06-11,92.94000244140625,92.94000244140625,0.0,93.33999633789062,88.7300033569336,90.47000122070312,0.0,15470300
2026-06-12,95.23999786376953,95.23999786376953,0.0,95.69999694824219,91.9000015258789,92.95999908447266,0.0,8384800
2026-06-15,100.31999969482422,100.31999969482422,0.0,100.95999908447266,98.0,98.79000091552734,0.0,11611700
2026-06-16,95.62999725341797,95.62999725341797,0.0,101.93000030517578,95.56999969482422,99.5,0.0,11664300
2026-06-17,94.11000061035156,94.11000061035156,0.0,97.88999938964844,93.91999816894531,97.66999816894531,0.0,10091600
2026-06-18,99.7699966430664,99.7699966430664,0.0,100.91999816894531,97.80999755859375,98.19999694824219,0.0,16353500
2026-06-22,102.70999908447266,102.70999908447266,0.0,104.02999877929688,101.0999984741211,101.5,0.0,11048100
2026-06-23,93.26000213623047,93.26000213623047,0.0,98.37999725341797,92.06999969482422,97.08999633789062,0.0,17126000
2026-06-24,92.4800033569336,92.4800033569336,0.0,93.51000213623047,89.77999877929688,92.86000061035156,0.0,10768500
2026-06-25,94.12000274658203,94.12000274658203,0.0,97.2300033569336,91.83999633789062,95.69999694824219,0.0,9765500
2026-06-26,87.93000030517578,87.93000030517578,0.0,91.23999786376953,86.83999633789062,91.08000183105469,0.0,31443100
2026-06-29,89.05999755859375,89.05999755859375,0.0,89.27999877929688,85.05999755859375,87.48999786376953,0.0,12608700
2026-06-30,91.19999694824219,91.19999694824219,0.0,92.0199966430664,88.0199966430664,89.12999725341797,0.0,16176400
