Date,Adj Close,Close,Dividends,High,Low,Open,Stock Splits,Volume
,MPWR,MPWR,MPWR,MPWR,MPWR,MPWR,MPWR,MPWR
2016-07-01,62.293121337890625,67.5999984741211,0.0,68.3499984741211,67.37000274658203,68.18000030517578,0.0,187000
2016-07-05,60.920101165771484,66.11000061035156,0.0,67.91000366210938,65.88999938964844,67.26000213623047,0.0,256600
2016-07-06,61.29789352416992,66.5199966430664,0.0,66.80000305175781,65.11000061035156,65.44999694824219,0.0,206200
2016-07-07,62.1364631652832,67.43000030517578,0.0,68.5,66.87000274658203,66.97000122070312,0.0,249400
2016-07-08,63.42656326293945,68.83000183105469,0.0,69.25,67.77999877929688,68.0999984741211,0.0,232500
2016-07-11,64.32959747314453,69.80999755859375,0.0,69.87999725341797,68.94000244140625,69.25,0.0,233500
2016-07-12,65.15899658203125,70.70999908447266,0.0,71.05000305175781,69.9800033569336,70.33999633789062,0.0,198400
2016-07-13,64.80882263183594,70.33000183105469,0.0,71.30999755859375,70.06999969482422,70.88999938964844,0.0,260700
2016-07-14,65.06684875488281,70.61000061035156,0.0,71.25,70.11000061035156,71.0999984741211,0.0,208200
2016-07-15,65.35245513916016,70.91999816894531,0.0,71.13999938964844,70.01000213623047,70.95999908447266,0.0,145800
2016-07-18,65.28799438476562,70.8499984741211,0.0,71.68000030517578,70.77999877929688,71.38999938964844,0.0,194100
2016-07-19,65.40777587890625,70.9800033569336,0.0,71.36000061035156,70.62999725341797,70.8499984741211,0.0,124600
2016-07-20,66.63338470458984,72.30999755859375,0.0,72.95999908447266,71.08000183105469,71.47000122070312,0.0,330700
2016-07-21,65.92383575439453,71.54000091552734,0.0,72.72000122070312,71.29000091552734,72.41999816894531,0.0,235600
2016-07-22,66.42141723632812,72.08000183105469,0.0,72.58999633789062,70.7699966430664,71.41999816894531,0.0,178000
2016-07-25,67.46269989013672,73.20999908447266,0.0,73.36000061035156,71.58999633789062,71.58999633789062,0.0,461200
2016-07-26,67.99718475341797,73.79000091552734,0.0,73.97000122070312,71.02999877929688,73.08000183105469,0.0,959100
2016-07-27,68.13539123535156,73.94000244140625,0.0,74.83999633789062,73.47000122070312,74.33000183105469,0.0,392200
2016-07-28,67.51798248291016,73.2699966430664,0.0,74.08000183105469,72.91000366210938,73.79000091552734,0.0,249700
2016-07-29,67.01116943359375,72.72000122070312,0.0,73.58000183105469,72.06999969482422,73.27999877929688,0.0,430000
2016-08-01,67.11254119873047,72.83000183105469,0.0,73.37999725341797,72.44000244140625,72.66999816894531,0.0,163800
2016-08-02,65.61050415039062,71.19999694824219,0.0,72.94999694824219,70.76000213623047,72.79000091552734,0.0,348900
2016-08-03,66.17262268066406,71.80999755859375,0.0,72.0,70.0,70.9000015258789,0.0,323600
2016-08-04,66.60572814941406,72.27999877929688,0.0,72.54000091552734,71.68000030517578,71.86000061035156,0.0,156600
2016-08-05,67.25076293945312,72.9800033569336,0.0,73.19999694824219,71.83999633789062,72.80999755859375,0.0,172200
2016-08-08,67.14019012451172,72.86000061035156,0.0,73.38999938964844,72.20999908447266,73.19999694824219,0.0,163600
2016-08-09,67.92346954345703,73.70999908447266,0.0,74.20999908447266,72.76000213623047,72.76000213623047,0.0,188800
2016-08-10,67.52722930908203,73.27999877929688,0.0,73.66000366210938,72.70999908447266,73.66000366210938,0.0,140500
2016-08-11,67.61016082763672,73.37000274658203,0.0,73.80000305175781,71.08999633789062,73.58000183105469,0.0,113700
2016-08-12,67.7760238647461,73.55000305175781,0.0,73.5999984741211,72.94999694824219,73.11000061035156,0.0,85200
2016-08-15,68.76200866699219,74.62000274658203,0.0,74.77999877929688,72.94000244140625,73.58000183105469,0.0,187100
2016-08-16,67.96951293945312,73.76000213623047,0.0,74.26000213623047,73.43000030517578,74.26000213623047,0.0,193000
2016-08-17,67.96951293945312,73.76000213623047,0.0,74.02999877929688,72.12999725341797,73.4800033569336,0.0,178000
2016-08-18,68.45791625976562,74.29000091552734,0.0,74.4000015258789,73.5199966430664,73.5199966430664,0.0,93100
2016-08-19,69.12140655517578,75.01000213623047,0.0,75.6500015258789,74.22000122070312,74.22000122070312,0.0,261400
2016-08-22,69.66509246826172,75.5999984741211,0.0,75.63999938964844,74.62000274658203,74.86000061035156,0.0,110400
2016-08-23,69.95076751708984,75.91000366210938,0.0,76.52999877929688,75.02999877929688,76.16000366210938,0.0,141800
2016-08-24,69.130615234375,75.0199966430664,0.0,76.02999877929688,74.83000183105469,75.8499984741211,0.0,278800
2016-08-25,69.37943267822266,75.29000091552734,0.0,75.87999725341797,74.79000091552734,75.05999755859375,0.0,103200
2016-08-26,70.66951751708984,76.69000244140625,0.0,76.7699966430664,75.5999984741211,75.80000305175781,0.0,320100
2016-08-29,70.1903305053711,76.16999816894531,0.0,77.0999984741211,76.08999633789062,76.62999725341797,0.0,239000
2016-08-30,70.37464141845703,76.37000274658203,0.0,77.68000030517578,76.18000030517578,76.2300033569336,0.0,335700
2016-08-31,70.69718170166016,76.72000122070312,0.0,76.83000183105469,75.80000305175781,76.3499984741211,0.0,342600
2016-09-01,71.56338500976562,77.66000366210938,0.0,77.73999786376953,76.12000274658203,76.6500015258789,0.0,238300
2016-09-02,71.296142578125,77.37000274658203,0.0,78.44999694824219,77.05000305175781,78.05000305175781,0.0,5209500
2016-09-06,70.63267517089844,76.6500015258789,0.0,77.98999786376953,76.16999816894531,77.83000183105469,0.0,374100
2016-09-07,70.6603012084961,76.68000030517578,0.0,76.68000030517578,75.61000061035156,76.5,0.0,268000
2016-09-08,69.62824249267578,75.55999755859375,0.0,76.41999816894531,75.4000015258789,76.33000183105469,0.0,297700
2016-09-09,67.6562271118164,73.41999816894531,0.0,75.54000091552734,73.37000274658203,74.93000030517578,0.0,470400
2016-09-12,69.4623794555664,75.37999725341797,0.0,75.4000015258789,71.5999984741211,73.41999816894531,0.0,407800
2016-09-13,68.82655334472656,74.69000244140625,0.0,76.12999725341797,74.37999725341797,75.02999877929688,0.0,444100
2016-09-14,68.79888153076172,74.66000366210938,0.0,75.20999908447266,74.4000015258789,74.80000305175781,0.0,260000
2016-09-15,69.30570220947266,75.20999908447266,0.0,75.4000015258789,74.06999969482422,74.79000091552734,0.0,645100
2016-09-16,69.68353271484375,75.62000274658203,0.0,75.94000244140625,74.61000061035156,75.77999877929688,0.0,466100
2016-09-19,69.996826171875,75.95999908447266,0.0,76.98999786376953,75.45999908447266,76.20999908447266,0.0,161400
2016-09-20,69.63746643066406,75.56999969482422,0.0,76.41999816894531,75.45999908447266,76.16999816894531,0.0,252500
2016-09-21,70.4483642578125,76.44999694824219,0.0,76.48999786376953,75.25,75.87999725341797,0.0,208300
2016-09-22,71.28690338134766,77.36000061035156,0.0,77.91999816894531,76.88999938964844,77.26000213623047,0.0,438800
2016-09-23,70.52210235595703,76.52999877929688,0.0,77.97000122070312,75.94000244140625,77.06999969482422,0.0,300900
2016-09-26,70.36542510986328,76.36000061035156,0.0,77.8499984741211,75.61000061035156,76.04000091552734,0.0,455900
2016-09-27,72.26370239257812,78.41999816894531,0.0,78.45999908447266,76.27999877929688,76.43000030517578,0.0,389000
2016-09-28,72.92887878417969,78.94000244140625,0.2,79.0,77.95999908447266,78.3499984741211,0.0,322800
2016-09-29,72.93812561035156,78.94999694824219,0.0,79.55000305175781,78.18000030517578,79.13999938964844,0.0,334400
2016-09-30,74.37008666992188,80.5,0.0,80.94000244140625,79.2699966430664,79.2699966430664,0.0,787400
2016-10-03,73.15985107421875,79.19000244140625,0.0,80.5,78.8499984741211,80.2300033569336,0.0,377300
2016-10-04,73.03975677490234,79.05999755859375,0.0,79.76000213623047,78.26000213623047,79.45999908447266,0.0,205300
2016-10-05,73.9266357421875,80.0199966430664,0.0,80.30000305175781,79.13999938964844,79.13999938964844,0.0,249900
2016-10-06,74.19454956054688,80.30999755859375,0.0,80.4000015258789,79.22000122070312,80.27999877929688,0.0,373600
2016-10-07,74.15760803222656,80.2699966430664,0.0,80.44999694824219,79.01000213623047,80.19999694824219,0.0,181200
2016-10-10,74.36085510253906,80.48999786376953,0.0,81.37000274658203,80.36000061035156,80.5999984741211,0.0,158200
2016-10-11,73.0951919555664,79.12000274658203,0.0,80.6500015258789,78.01000213623047,80.54000091552734,0.0,379000
2016-10-12,72.16209411621094,78.11000061035156,0.0,78.83999633789062,78.0,78.83999633789062,0.0,310200
2016-10-13,71.04421997070312,76.9000015258789,0.0,77.70999908447266,76.16000366210938,77.70999908447266,0.0,418000
2016-10-14,71.29367065429688,77.16999816894531,0.0,78.37999725341797,77.12000274658203,77.4800033569336,0.0,157900
2016-10-17,70.68392181396484,76.51000213623047,0.0,77.37999725341797,76.44000244140625,76.94999694824219,0.0,254400
2016-10-18,71.11813354492188,76.9800033569336,0.0,77.69999694824219,76.93000030517578,77.47000122070312,0.0,170400
2016-10-19,71.24746704101562,77.12000274658203,0.0,77.3499984741211,75.83999633789062,76.80000305175781,0.0,138500
2016-10-20,71.08119201660156,76.94000244140625,0.0,77.56999969482422,76.41999816894531,76.80000305175781,0.0,273500
2016-10-21,71.68169403076172,77.58999633789062,0.0,77.6500015258789,75.94000244140625,76.43000030517578,0.0,193800
2016-10-24,73.32612609863281,79.37000274658203,0.0,79.44000244140625,77.88999938964844,77.88999938964844,0.0,193100
2016-10-25,73.150634765625,79.18000030517578,0.0,79.70999908447266,78.56999969482422,79.30000305175781,0.0,133800
2016-10-26,73.22451782226562,79.26000213623047,0.0,79.58999633789062,78.7300033569336,78.80999755859375,0.0,108300
2016-10-27,72.99354553222656,79.01000213623047,0.0,80.77999877929688,78.55999755859375,79.95999908447266,0.0,265000
2016-10-28,72.0327377319336,77.97000122070312,0.0,79.62999725341797,77.58000183105469,79.1500015258789,0.0,355900
2016-10-31,72.80876159667969,78.80999755859375,0.0,79.47000122070312,77.91000366210938,77.97000122070312,0.0,532600
2016-11-01,70.66545867919922,76.48999786376953,0.0,82.58999633789062,75.04000091552734,79.2699966430664,0.0,922700
2016-11-02,70.68392181396484,76.51000213623047,0.0,77.30999755859375,75.93000030517578,76.66999816894531,0.0,386000
2016-11-03,70.6192398071289,76.44000244140625,0.0,77.23999786376953,75.87000274658203,76.83000183105469,0.0,244000
2016-11-04,70.85021209716797,76.69000244140625,0.0,77.26000213623047,75.55999755859375,76.19000244140625,0.0,330500
2016-11-07,72.57783508300781,78.55999755859375,0.0,78.62999725341797,77.26000213623047,77.7300033569336,0.0,466000
2016-11-08,72.68868255615234,78.68000030517578,0.0,79.30999755859375,77.80999755859375,79.20999908447266,0.0,207000
2016-11-09,73.68644714355469,79.76000213623047,0.0,80.11000061035156,76.5199966430664,77.2699966430664,0.0,351900
2016-11-10,71.86646270751953,77.79000091552734,0.0,81.44999694824219,77.58000183105469,80.63999938964844,0.0,428500
2016-11-11,73.25222778320312,79.29000091552734,0.0,80.16999816894531,78.13999938964844,78.13999938964844,0.0,503100
2016-11-14,73.7510986328125,79.83000183105469,0.0,80.11000061035156,79.04000091552734,79.70999908447266,0.0,383700
2016-11-15,74.0929183959961,80.19999694824219,0.0,80.80000305175781,79.23999786376953,79.83999633789062,0.0,203500
2016-11-16,74.81352996826172,80.9800033569336,0.0,81.33000183105469,79.7699966430664,79.7699966430664,0.0,188700
2016-11-17,75.42329406738281,81.63999938964844,0.0,81.81999969482422,80.76000213623047,81.2699966430664,0.0,240700
2016-11-18,75.59881591796875,81.83000183105469,0.0,82.16000366210938,81.25,81.66000366210938,0.0,174400
2016-11-21,76.55036926269531,82.86000061035156,0.0,84.83000183105469,82.5,84.0,0.0,461400
2016-11-22,77.5573959350586,83.94999694824219,0.0,84.11000061035156,82.9800033569336,83.41000366210938,0.0,424600
2016-11-23,77.60356903076172,84.0,0.0,84.19999694824219,83.30999755859375,84.1500015258789,0.0,260800
2016-11-25,77.91766357421875,84.33999633789062,0.0,84.41000366210938,83.2699966430664,83.88999938964844,0.0,103200
2016-11-28,77.34489440917969,83.72000122070312,0.0,84.68000030517578,83.30999755859375,84.30999755859375,0.0,307800
2016-11-29,76.7720947265625,83.0999984741211,0.0,84.0199966430664,82.94999694824219,83.77999877929688,0.0,291200
2016-11-30,75.79283142089844,82.04000091552734,0.0,83.43000030517578,81.91000366210938,83.12999725341797,0.0,253100
2016-12-01,70.6746826171875,76.5,0.0,81.9800033569336,75.91999816894531,81.69999694824219,0.0,671400
2016-12-02,70.81327819824219,76.6500015258789,0.0,77.55000305175781,75.08000183105469,76.38999938964844,0.0,668600
2016-12-05,72.0419921875,77.9800033569336,0.0,78.55000305175781,76.94000244140625,77.06999969482422,0.0,297300
2016-12-06,72.31912994384766,78.27999877929688,0.0,78.56999969482422,77.33999633789062,77.79000091552734,0.0,192900
2016-12-07,73.30768585205078,79.3499984741211,0.0,79.66999816894531,77.44999694824219,78.2300033569336,0.0,214800
2016-12-08,74.65650939941406,80.80999755859375,0.0,81.02999877929688,78.62000274658203,79.62000274658203,0.0,194500
2016-12-09,74.21307373046875,80.33000183105469,0.0,81.38999938964844,79.80999755859375,81.36000061035156,0.0,226700
2016-12-12,73.98210144042969,80.08000183105469,0.0,80.58999633789062,78.62000274658203,80.12999725341797,0.0,173400
2016-12-13,76.71666717529297,83.04000091552734,0.0,88.08999633789062,81.80000305175781,85.62000274658203,0.0,1062600
2016-12-14,76.53192138671875,82.83999633789062,0.0,83.62000274658203,82.19999694824219,82.88999938964844,0.0,442600
2016-12-15,77.7975845336914,84.20999908447266,0.0,85.58999633789062,82.5,83.20999908447266,0.0,540500
2016-12-16,76.92916107177734,83.2699966430664,0.0,85.2300033569336,83.19000244140625,84.58999633789062,0.0,628600
2016-12-19,77.7051773071289,84.11000061035156,0.0,85.80000305175781,83.47000122070312,83.6500015258789,0.0,265700
2016-12-20,78.9246826171875,85.43000030517578,0.0,85.69000244140625,84.12999725341797,84.61000061035156,0.0,303400
2016-12-21,78.13939666748047,84.58000183105469,0.0,86.0,84.51000213623047,85.69000244140625,0.0,262100
2016-12-22,77.88996887207031,84.30999755859375,0.0,84.94999694824219,83.87999725341797,84.91999816894531,0.0,180600
2016-12-23,78.12091064453125,84.55999755859375,0.0,85.19000244140625,83.33000183105469,84.55999755859375,0.0,190200
2016-12-27,78.5458984375,85.0199966430664,0.0,85.7300033569336,84.41000366210938,84.41000366210938,0.0,161800
2016-12-28,77.073486328125,83.2300033569336,0.2,85.55999755859375,83.05999755859375,85.55999755859375,0.0,197400
2016-12-29,77.06425476074219,83.22000122070312,0.0,84.29000091552734,82.37999725341797,83.48999786376953,0.0,236300
2016-12-30,75.86966705322266,81.93000030517578,0.0,83.30999755859375,81.36000061035156,83.30000305175781,0.0,250600
2017-01-03,77.42540740966797,83.61000061035156,0.0,84.04000091552734,81.83999633789062,82.88999938964844,0.0,433900
2017-01-04,76.88829803466797,83.02999877929688,0.0,84.05000305175781,82.48999786376953,83.94999694824219,0.0,363400
2017-01-05,76.63827514648438,82.76000213623047,0.0,83.76000213623047,82.19999694824219,82.70999908447266,0.0,231900
2017-01-06,77.73100280761719,83.94000244140625,0.0,84.23999786376953,82.27999877929688,82.66999816894531,0.0,269200
2017-01-09,79.08300018310547,85.4000015258789,0.0,85.80999755859375,83.75,84.12999725341797,0.0,481900
2017-01-10,79.24041748046875,85.56999969482422,0.0,85.75,84.63999938964844,85.08999633789062,0.0,300300
2017-01-11,79.9349594116211,86.31999969482422,0.0,86.3499984741211,85.05999755859375,86.0,0.0,261500
2017-01-12,79.59232330322266,85.94999694824219,0.0,86.22000122070312,84.80000305175781,86.12999725341797,0.0,142000
2017-01-13,80.69429016113281,87.13999938964844,0.0,87.61000061035156,86.05999755859375,86.2300033569336,0.0,160300
2017-01-17,78.87000274658203,85.16999816894531,0.0,86.94000244140625,84.9000015258789,86.80000305175781,0.0,220300
2017-01-18,80.05533599853516,86.44999694824219,0.0,86.93000030517578,85.62999725341797,85.7300033569336,0.0,259600
2017-01-19,79.27745819091797,85.61000061035156,0.0,86.95999908447266,85.4000015258789,86.26000213623047,0.0,211500
2017-01-20,81.0647201538086,87.54000091552734,0.0,87.80000305175781,85.62000274658203,85.62000274658203,0.0,452500
2017-01-23,81.79627227783203,88.33000183105469,0.0,88.62999725341797,87.36000061035156,87.36000061035156,0.0,651500
2017-01-24,83.8520736694336,90.55000305175781,0.0,91.12999725341797,88.72000122070312,88.7699966430664,0.0,364600
2017-01-25,83.39828491210938,90.05999755859375,0.0,91.76000213623047,89.94000244140625,91.04000091552734,0.0,455200
2017-01-26,81.76850128173828,88.30000305175781,0.0,90.73999786376953,87.75,90.2300033569336,0.0,507400
2017-01-27,83.13903045654297,89.77999877929688,0.0,90.1500015258789,88.16000366210938,88.76000213623047,0.0,196100
2017-01-30,82.4630126953125,89.05000305175781,0.0,89.61000061035156,87.5999984741211,89.0,0.0,228200
2017-01-31,80.78689575195312,87.23999786376953,0.0,89.05000305175781,87.13999938964844,89.05000305175781,0.0,437100
2017-02-01,82.34263610839844,88.91999816894531,0.0,89.18000030517578,87.1500015258789,88.23999786376953,0.0,398100
2017-02-02,81.7406997680664,88.2699966430664,0.0,88.80999755859375,87.7699966430664,88.5,0.0,238700
2017-02-03,82.4815444946289,89.06999969482422,0.0,89.75,88.55000305175781,89.19000244140625,0.0,345900
2017-02-06,81.99073028564453,88.54000091552734,0.0,88.88999938964844,87.9000015258789,88.81999969482422,0.0,286200
2017-02-07,82.75933837890625,89.37000274658203,0.0,89.80999755859375,88.33999633789062,88.66999816894531,0.0,214100
2017-02-08,83.2594223022461,89.91000366210938,0.0,90.44000244140625,88.75,89.05000305175781,0.0,448000
2017-02-09,82.42597198486328,89.01000213623047,0.0,90.4000015258789,88.88999938964844,89.9800033569336,0.0,649300
2017-02-10,81.86112213134766,88.4000015258789,0.0,89.33999633789062,85.25,87.75,0.0,977200
2017-02-13,79.55528259277344,85.91000366210938,0.0,89.1500015258789,84.94999694824219,88.52999877929688,0.0,768700
2017-02-14,78.83297729492188,85.12999725341797,0.0,85.7300033569336,84.76000213623047,85.58000183105469,0.0,353200
2017-02-15,79.6571273803711,86.0199966430664,0.0,86.27999877929688,84.44999694824219,85.06999969482422,0.0,461800
2017-02-16,79.78678894042969,86.16000366210938,0.0,86.72000122070312,85.51000213623047,86.20999908447266,0.0,252900
2017-02-17,80.12014770507812,86.5199966430664,0.0,86.61000061035156,85.0199966430664,86.01000213623047,0.0,239300
2017-02-21,81.69441986083984,88.22000122070312,0.0,88.2300033569336,86.44999694824219,86.5199966430664,0.0,327900
2017-02-22,82.23151397705078,88.80000305175781,0.0,89.08999633789062,87.9800033569336,88.16000366210938,0.0,272700
2017-02-23,81.65736389160156,88.18000030517578,0.0,89.05999755859375,86.83999633789062,89.05999755859375,0.0,462400
2017-02-24,82.25001525878906,88.81999969482422,0.0,88.83000183105469,87.04000091552734,87.4800033569336,0.0,266400
2017-02-27,82.50931549072266,89.0999984741211,0.0,89.11000061035156,88.19000244140625,88.94999694824219,0.0,413000
2017-02-28,81.46289825439453,87.97000122070312,0.0,89.0,87.70999908447266,89.0,0.0,509000
2017-03-01,82.82418823242188,89.44000244140625,0.0,89.5,87.97000122070312,88.75,0.0,312700
2017-03-02,82.34263610839844,88.91999816894531,0.0,89.75,88.83999633789062,89.3499984741211,0.0,229100
2017-03-03,82.01850128173828,88.56999969482422,0.0,89.02999877929688,88.19999694824219,89.0,0.0,267100
2017-03-06,81.63885498046875,88.16000366210938,0.0,88.47000122070312,87.0,87.95999908447266,0.0,178000
2017-03-07,81.81477355957031,88.3499984741211,0.0,89.37000274658203,87.70999908447266,88.13999938964844,0.0,258000
2017-03-08,81.83331298828125,88.37000274658203,0.0,89.44000244140625,88.08999633789062,88.63999938964844,0.0,153400
2017-03-09,81.79627227783203,88.33000183105469,0.0,88.6500015258789,87.83000183105469,88.37000274658203,0.0,160700
2017-03-10,82.64820098876953,89.25,0.0,89.31999969482422,88.5,88.87999725341797,0.0,205300
2017-03-13,84.23174285888672,90.95999908447266,0.0,91.0,89.0,89.23999786376953,0.0,222300
2017-03-14,84.62992858886719,91.38999938964844,0.0,91.5,90.33999633789062,90.87999725341797,0.0,303900
2017-03-15,85.8615493774414,92.72000122070312,0.0,92.88999938964844,90.41000366210938,91.5,0.0,259000
2017-03-16,85.49113464355469,92.31999969482422,0.0,93.58000183105469,92.23999786376953,93.05000305175781,0.0,188000
2017-03-17,86.08379364013672,92.95999908447266,0.0,93.30000305175781,92.0,92.5199966430664,0.0,503900
2017-03-20,86.7968521118164,93.7300033569336,0.0,94.48999786376953,92.80999755859375,93.29000091552734,0.0,252000
2017-03-21,84.89848327636719,91.68000030517578,0.0,94.37000274658203,91.5999984741211,94.37000274658203,0.0,288100
2017-03-22,85.27814483642578,92.08999633789062,0.0,92.19000244140625,91.0,91.58000183105469,0.0,234200
2017-03-23,84.37989044189453,91.12000274658203,0.0,92.62999725341797,90.91000366210938,91.93000030517578,0.0,204300
2017-03-24,84.66697692871094,91.43000030517578,0.0,92.94999694824219,91.06999969482422,91.87999725341797,0.0,222500
2017-03-27,84.3335952758789,91.06999969482422,0.0,91.3499984741211,89.08999633789062,90.83999633789062,0.0,286400
2017-03-28,85.81525421142578,92.66999816894531,0.0,92.80999755859375,91.0199966430664,91.06999969482422,0.0,272200
2017-03-29,85.25841522216797,91.87000274658203,0.2,92.98999786376953,91.43000030517578,92.29000091552734,0.0,173900
2017-03-30,85.3141098022461,91.93000030517578,0.0,92.48999786376953,90.08000183105469,91.9000015258789,0.0,260700
2017-03-31,85.47185516357422,92.0999984741211,0.0,92.6500015258789,90.91000366210938,91.75,0.0,226000
2017-04-03,84.90575408935547,91.48999786376953,0.0,92.54000091552734,91.06999969482422,92.2300033569336,0.0,339300
2017-04-04,85.87091064453125,92.52999877929688,0.0,92.94000244140625,91.16999816894531,91.16999816894531,0.0,329500
2017-04-05,84.43250274658203,90.9800033569336,0.0,92.9800033569336,90.80000305175781,92.66999816894531,0.0,295800
2017-04-06,84.49745178222656,91.05000305175781,0.0,91.44999694824219,89.80000305175781,91.0999984741211,0.0,301000
2017-04-07,85.12850952148438,91.7300033569336,0.0,92.05000305175781,90.4800033569336,90.86000061035156,0.0,180100
2017-04-10,84.66451263427734,91.2300033569336,0.0,92.23999786376953,90.73999786376953,91.97000122070312,0.0,256900
2017-04-11,84.0519790649414,90.56999969482422,0.0,92.11000061035156,89.41000366210938,90.94000244140625,0.0,439400
2017-04-12,82.96620178222656,89.4000015258789,0.0,90.76000213623047,89.2699966430664,90.56999969482422,0.0,288500
2017-04-13,82.567138671875,88.97000122070312,0.0,90.23999786376953,88.19000244140625,89.0,0.0,200800
2017-04-17,83.91278076171875,90.41999816894531,0.0,90.44000244140625,89.25,89.33999633789062,0.0,148600
2017-04-18,84.55313110351562,91.11000061035156,0.0,91.19999694824219,89.20999908447266,90.16999816894531,0.0,173300
2017-04-19,85.1934585571289,91.80000305175781,0.0,92.47000122070312,91.38999938964844,91.79000091552734,0.0,268400
2017-04-20,87.0588150024414,93.80999755859375,0.0,93.93000030517578,91.7300033569336,92.16000366210938,0.0,267700
2017-04-21,86.65046691894531,93.37000274658203,0.0,94.1500015258789,92.44000244140625,93.6500015258789,0.0,382400
2017-04-24,88.39518737792969,95.25,0.0,95.66000366210938,94.41999816894531,94.98999786376953,0.0,340500
2017-04-25,89.28610229492188,96.20999908447266,0.0,96.83999633789062,95.25,95.94999694824219,0.0,458500
2017-04-26,86.96602630615234,93.70999908447266,0.0,96.27999877929688,93.68000030517578,96.22000122070312,0.0,366900
2017-04-27,87.66204071044922,94.45999908447266,0.0,96.5999984741211,92.9800033569336,95.0,0.0,536700
2017-04-28,84.9150619506836,91.5,0.0,94.75,91.43000030517578,94.26000213623047,0.0,414500
2017-05-01,85.24913787841797,91.86000061035156,0.0,92.61000061035156,90.30000305175781,91.5,0.0,376300
2017-05-02,84.55313110351562,91.11000061035156,0.0,92.12999725341797,90.37999725341797,91.76000213623047,0.0,244100
2017-05-03,84.28398132324219,90.81999969482422,0.0,91.05000305175781,89.66999816894531,90.80999755859375,0.0,245800
2017-05-04,86.08439636230469,92.76000213623047,0.0,92.83999633789062,91.0,91.05000305175781,0.0,288100
2017-05-05,86.73399353027344,93.45999908447266,0.0,93.45999908447266,91.91000366210938,93.27999877929688,0.0,211500
2017-05-08,86.0101318359375,92.68000030517578,0.0,93.58000183105469,92.23999786376953,93.16000366210938,0.0,251900
2017-05-09,86.97531127929688,93.72000122070312,0.0,94.4800033569336,91.62999725341797,92.83999633789062,0.0,208800
2017-05-10,88.52511596679688,95.38999938964844,0.0,95.5999984741211,93.81999969482422,94.25,0.0,361200
2017-05-11,88.6643295288086,95.54000091552734,0.0,95.77999877929688,94.47000122070312,95.0999984741211,0.0,314900
2017-05-12,87.98685455322266,94.80999755859375,0.0,95.77999877929688,94.45999908447266,95.23999786376953,0.0,165800
2017-05-15,89.17473602294922,96.08999633789062,0.0,96.44999694824219,95.2699966430664,95.2699966430664,0.0,257800
2017-05-16,91.14214324951172,98.20999908447266,0.0,98.33000183105469,96.19000244140625,96.37999725341797,0.0,284800
2017-05-17,86.26998138427734,92.95999908447266,0.0,97.38999938964844,92.88999938964844,96.75,0.0,306000
2017-05-18,87.07734680175781,93.83000183105469,0.0,94.68000030517578,92.1500015258789,92.61000061035156,0.0,263000
2017-05-19,88.2559814453125,95.0999984741211,0.0,95.77999877929688,94.51000213623047,94.51000213623047,0.0,189600
2017-05-22,88.36732482910156,95.22000122070312,0.0,95.9000015258789,94.93000030517578,95.31999969482422,0.0,182800
2017-05-23,88.20030212402344,95.04000091552734,0.0,95.48999786376953,93.87999725341797,95.48999786376953,0.0,136300
2017-05-24,90.41828155517578,97.43000030517578,0.0,97.73999786376953,95.08999633789062,95.44000244140625,0.0,243800
2017-05-25,90.63174438476562,97.66000366210938,0.0,98.33999633789062,97.11000061035156,97.83999633789062,0.0,117000
2017-05-26,90.95655822753906,98.01000213623047,0.0,98.33999633789062,96.55999755859375,97.61000061035156,0.0,115800
2017-05-30,90.78023529052734,97.81999969482422,0.0,98.93000030517578,97.5199966430664,98.2300033569336,0.0,212600
2017-05-31,91.13288879394531,98.19999694824219,0.0,98.66000366210938,97.08000183105469,98.5,0.0,155800
2017-06-01,91.49481964111328,98.58999633789062,0.0,98.87000274658203,97.88999938964844,98.69999694824219,0.0,211400
2017-06-02,93.5457763671875,100.80000305175781,0.0,101.16000366210938,98.54000091552734,99.08999633789062,0.0,361300
2017-06-05,93.7406234741211,101.01000213623047,0.0,101.5,100.08000183105469,100.80000305175781,0.0,230800
2017-06-06,93.57360076904297,100.83000183105469,0.0,101.94999694824219,100.0199966430664,100.37000274658203,0.0,241500
2017-06-07,94.46452331542969,101.79000091552734,0.0,102.62999725341797,100.80999755859375,101.20999908447266,0.0,227300
2017-06-08,95.91222381591797,103.3499984741211,0.0,103.5199966430664,101.04000091552734,102.30000305175781,0.0,229800
2017-06-09,90.8823013305664,97.93000030517578,0.0,103.91999816894531,96.63999938964844,103.69000244140625,0.0,331900
2017-06-12,90.33474731445312,97.33999633789062,0.0,98.9000015258789,93.69000244140625,96.58000183105469,0.0,344600
2017-06-13,91.01224517822266,98.06999969482422,0.0,99.87999725341797,97.30000305175781,98.19000244140625,0.0,237100
2017-06-14,89.51811218261719,96.45999908447266,0.0,99.13999938964844,95.5,98.26000213623047,0.0,165000
2017-06-15,89.4717025756836,96.41000366210938,0.0,96.6500015258789,94.7300033569336,94.7300033569336,0.0,199800
2017-06-16,90.19554138183594,97.19000244140625,0.0,97.5999984741211,95.58999633789062,95.79000091552734,0.0,391600
2017-06-19,91.25350952148438,98.33000183105469,0.0,103.01000213623047,97.58999633789062,103.0,0.0,169500
2017-06-20,89.46243286132812,96.4000015258789,0.0,98.76000213623047,96.30000305175781,98.16999816894531,0.0,335800
2017-06-21,90.53892517089844,97.55999755859375,0.0,98.18000030517578,96.62999725341797,97.13999938964844,0.0,147000
2017-06-22,90.0749282836914,97.05999755859375,0.0,97.66000366210938,96.25,97.33999633789062,0.0,119800
2017-06-23,91.48554229736328,98.58000183105469,0.0,98.77999877929688,96.7699966430664,97.18000030517578,0.0,293900
2017-06-26,92.34860229492188,99.51000213623047,0.0,101.25,98.94000244140625,99.0,0.0,856100
2017-06-27,89.8707504272461,96.83999633789062,0.0,99.4000015258789,96.69000244140625,99.4000015258789,0.0,518400
2017-06-28,92.09333801269531,99.02999877929688,0.2,99.16999816894531,96.12000274658203,97.27999877929688,0.0,319600
2017-06-29,90.31712341308594,97.12000274658203,0.0,100.0,95.38999938964844,98.55000305175781,0.0,298700
2017-06-30,89.64757537841797,96.4000015258789,0.0,97.94999694824219,96.33999633789062,97.22000122070312,0.0,238700
2017-07-03,87.63887023925781,94.23999786376953,0.0,97.19000244140625,94.23999786376953,96.9000015258789,0.0,150900
2017-07-05,89.03377532958984,95.73999786376953,0.0,96.58000183105469,94.26000213623047,94.2699966430664,0.0,260300
2017-07-06,88.6246109008789,95.30000305175781,0.0,96.2699966430664,94.26000213623047,94.72000122070312,0.0,178200
2017-07-07,91.16338348388672,98.02999877929688,0.0,98.18000030517578,95.52999877929688,95.83000183105469,0.0,374400
2017-07-10,90.93089294433594,97.77999877929688,0.0,98.4800033569336,97.20999908447266,98.26000213623047,0.0,242600
2017-07-11,91.8050537109375,98.72000122070312,0.0,98.9800033569336,97.3499984741211,97.7699966430664,0.0,260800
2017-07-12,93.13490295410156,100.1500015258789,0.0,100.47000122070312,99.37999725341797,99.63999938964844,0.0,137800
2017-07-13,93.00469970703125,100.01000213623047,0.0,100.38999938964844,98.87999725341797,100.25,0.0,192800
2017-07-14,93.73004913330078,100.79000091552734,0.0,101.05000305175781,100.01000213623047,100.26000213623047,0.0,140300
2017-07-17,93.95326232910156,101.02999877929688,0.0,101.83999633789062,100.0199966430664,101.08000183105469,0.0,233900
2017-07-18,94.51122283935547,101.62999725341797,0.0,101.86000061035156,100.29000091552734,100.75,0.0,169300
2017-07-19,96.35252380371094,103.61000061035156,0.0,103.94999694824219,101.95999908447266,102.12000274658203,0.0,172700
2017-07-20,97.64517211914062,105.0,0.0,105.13999938964844,103.23999786376953,103.95999908447266,0.0,127500
2017-07-21,96.48272705078125,103.75,0.0,105.08999633789062,103.13999938964844,105.08999633789062,0.0,237200
2017-07-24,97.50567626953125,104.8499984741211,0.0,104.97000122070312,103.3499984741211,103.6500015258789,0.0,261200
2017-07-25,97.58007049560547,104.93000030517578,0.0,105.26000213623047,103.88999938964844,104.94000244140625,0.0,367900
2017-07-26,99.30978393554688,106.79000091552734,0.0,107.87000274658203,104.83000183105469,105.66000366210938,0.0,386800
2017-07-27,97.25459289550781,104.58000183105469,0.0,107.55999755859375,99.5,101.5999984741211,0.0,588000
2017-07-28,95.43187713623047,102.62000274658203,0.0,103.91000366210938,102.29000091552734,103.91000366210938,0.0,224300
2017-07-31,95.15289306640625,102.31999969482422,0.0,103.75,101.66000366210938,102.5999984741211,0.0,220400
2017-08-01,95.97122955322266,103.19999694824219,0.0,103.9800033569336,102.0,102.87000274658203,0.0,273400
2017-08-02,94.72512817382812,101.86000061035156,0.0,103.44999694824219,101.13999938964844,103.44000244140625,0.0,232500
2017-08-03,94.33454895019531,101.44000244140625,0.0,102.80000305175781,100.75,101.7300033569336,0.0,245900
2017-08-04,94.43682861328125,101.55000305175781,0.0,102.44999694824219,100.94999694824219,101.5999984741211,0.0,188100
2017-08-07,95.57136535644531,102.7699966430664,0.0,103.13999938964844,101.0,101.8499984741211,0.0,220900
2017-08-08,95.32957458496094,102.51000213623047,0.0,103.8499984741211,102.2699966430664,102.7699966430664,0.0,195000
2017-08-09,94.99479675292969,102.1500015258789,0.0,102.9000015258789,101.37999725341797,102.01000213623047,0.0,196000
2017-08-10,93.4324722290039,100.47000122070312,0.0,101.80000305175781,100.2300033569336,101.6500015258789,0.0,240500
2017-08-11,94.01834869384766,101.0999984741211,0.0,101.7300033569336,99.72000122070312,100.6500015258789,0.0,158700
2017-08-14,94.64141082763672,101.7699966430664,0.0,103.02999877929688,101.2699966430664,102.0,0.0,227100
2017-08-15,94.65068817138672,101.77999877929688,0.0,102.51000213623047,101.4000015258789,101.94000244140625,0.0,178700
2017-08-16,94.3624496459961,101.47000122070312,0.0,102.04000091552734,101.11000061035156,102.0,0.0,190800
2017-08-17,90.74490356445312,97.58000183105469,0.0,101.1500015258789,97.5199966430664,100.8499984741211,0.0,200100
2017-08-18,90.7728042602539,97.61000061035156,0.0,98.69000244140625,96.54000091552734,97.58999633789062,0.0,181700
2017-08-21,89.15470123291016,95.87000274658203,0.0,97.66999816894531,95.5,97.66000366210938,0.0,317900
2017-08-22,90.74490356445312,97.58000183105469,0.0,97.86000061035156,96.08999633789062,96.70999908447266,0.0,504100
2017-08-23,90.79141998291016,97.62999725341797,0.0,97.91000366210938,96.66000366210938,96.81999969482422,0.0,147200
2017-08-24,91.5074691772461,98.4000015258789,0.0,99.12999725341797,97.48999786376953,97.8499984741211,0.0,255800
2017-08-25,90.67054748535156,97.5,0.0,98.75,97.22000122070312,98.62000274658203,0.0,329800
2017-08-28,91.1727066040039,98.04000091552734,0.0,98.08999633789062,97.3499984741211,97.8499984741211,0.0,164400
2017-08-29,91.41447448730469,98.30000305175781,0.0,98.66999816894531,96.98999786376953,97.30000305175781,0.0,206500
2017-08-30,92.99539947509766,100.0,0.0,100.04000091552734,97.94999694824219,98.52999877929688,0.0,326900
2017-08-31,94.22296142578125,101.31999969482422,0.0,101.41000366210938,99.93000030517578,100.31999969482422,0.0,210100
2017-09-01,95.51557159423828,102.70999908447266,0.0,102.9800033569336,100.7699966430664,101.41999816894531,0.0,259100
2017-09-05,96.25953674316406,103.51000213623047,0.0,103.70999908447266,101.62999725341797,102.16999816894531,0.0,453200
2017-09-06,95.32957458496094,102.51000213623047,0.0,103.79000091552734,102.12000274658203,103.79000091552734,0.0,309200
2017-09-07,95.49696350097656,102.69000244140625,0.0,103.5199966430664,102.05999755859375,102.98999786376953,0.0,242400
2017-09-08,95.5248794555664,102.72000122070312,0.0,103.29000091552734,101.70999908447266,102.5,0.0,241500
2017-09-11,97.8032455444336,105.16999816894531,0.0,105.41999816894531,103.43000030517578,103.48999786376953,0.0,206400
2017-09-12,98.36123657226562,105.7699966430664,0.0,105.79000091552734,104.33999633789062,105.25,0.0,301900
2017-09-13,96.54782104492188,103.81999969482422,0.0,105.77999877929688,103.58999633789062,105.76000213623047,0.0,535200
2017-09-14,95.57136535644531,102.7699966430664,0.0,104.69999694824219,102.62000274658203,103.69000244140625,0.0,370100
2017-09-15,96.02706146240234,103.26000213623047,0.0,104.1500015258789,102.55999755859375,102.94999694824219,0.0,545500
2017-09-18,96.88258361816406,104.18000030517578,0.0,104.91000366210938,103.70999908447266,103.80000305175781,0.0,197900
2017-09-19,96.22233581542969,103.47000122070312,0.0,104.6500015258789,103.31999969482422,104.19000244140625,0.0,223600
2017-09-20,94.26944732666016,101.37000274658203,0.0,103.79000091552734,100.26000213623047,103.33000183105469,0.0,290500
2017-09-21,95.40397644042969,102.58999633789062,0.0,103.08999633789062,100.62000274658203,101.37000274658203,0.0,297500
2017-09-22,95.7573471069336,102.97000122070312,0.0,103.23999786376953,102.0,102.19000244140625,0.0,103500
2017-09-25,94.5577392578125,101.68000030517578,0.0,102.95999908447266,101.0199966430664,102.95999908447266,0.0,187400
2017-09-26,95.57136535644531,102.7699966430664,0.0,103.08000183105469,101.58000183105469,102.2699966430664,0.0,223600
2017-09-27,98.76109313964844,106.19999694824219,0.0,106.83999633789062,103.0,103.41999816894531,0.0,292700
2017-09-28,99.1617431640625,106.43000030517578,0.2,106.61000061035156,104.94000244140625,105.88999938964844,0.0,202500
2017-09-29,99.27357482910156,106.55000305175781,0.0,107.0,106.2699966430664,106.5199966430664,0.0,243600
2017-10-02,100.20526885986328,107.55000305175781,0.0,107.69000244140625,106.2699966430664,106.88999938964844,0.0,166100
2017-10-03,100.9878921508789,108.38999938964844,0.0,108.88999938964844,107.1500015258789,107.7699966430664,0.0,193400
2017-10-04,100.3636703491211,107.72000122070312,0.0,108.55999755859375,107.31999969482422,108.06999969482422,0.0,154100
2017-10-05,100.83882904052734,108.2300033569336,0.0,108.30999755859375,106.9000015258789,108.30000305175781,0.0,122300
2017-10-06,101.21150970458984,108.62999725341797,0.0,108.69999694824219,107.5999984741211,107.62999725341797,0.0,110800
2017-10-09,101.18357849121094,108.5999984741211,0.0,109.04000091552734,108.0199966430664,108.62999725341797,0.0,172600
2017-10-10,103.93208312988281,111.55000305175781,0.0,111.55000305175781,109.0199966430664,110.0,0.0,266700
2017-10-11,104.83585357666016,112.5199966430664,0.0,112.58999633789062,110.66999816894531,111.76000213623047,0.0,159400
2017-10-12,105.41352081298828,113.13999938964844,0.0,114.04000091552734,112.31999969482422,112.55000305175781,0.0,195300
2017-10-13,106.28931427001953,114.08000183105469,0.0,114.2699966430664,113.11000061035156,113.63999938964844,0.0,226700
2017-10-16,106.05641174316406,113.83000183105469,0.0,114.62999725341797,113.5,114.08999633789062,0.0,143000
2017-10-17,105.4041748046875,113.12999725341797,0.0,114.20999908447266,113.0999984741211,113.5199966430664,0.0,159200
2017-10-18,106.07502746582031,113.8499984741211,0.0,114.2699966430664,112.38999938964844,113.81999969482422,0.0,159400
2017-10-19,106.14958190917969,113.93000030517578,0.0,113.9800033569336,111.06999969482422,113.02999877929688,0.0,127500
2017-10-20,106.19613647460938,113.9800033569336,0.0,115.0999984741211,113.9000015258789,115.0199966430664,0.0,162500
2017-10-23,106.86697387695312,114.69999694824219,0.0,115.33999633789062,113.9000015258789,114.18000030517578,0.0,146700
2017-10-24,106.90423583984375,114.73999786376953,0.0,115.95999908447266,114.54000091552734,115.12999725341797,0.0,180100
2017-10-25,106.28931427001953,114.08000183105469,0.0,115.0199966430664,112.61000061035156,114.1500015258789,0.0,232600
2017-10-26,107.00674438476562,114.8499984741211,0.0,115.44000244140625,113.08999633789062,113.19999694824219,0.0,190300
2017-10-27,112.63424682617188,120.88999938964844,0.0,121.13999938964844,115.58999633789062,117.13999938964844,0.0,464700
2017-10-30,111.75843048095703,119.94999694824219,0.0,121.62000274658203,119.12999725341797,120.68000030517578,0.0,258000
2017-10-31,113.3609848022461,121.66999816894531,0.0,122.16999816894531,119.69999694824219,120.22000122070312,0.0,213800
2017-11-01,112.3826904296875,120.62000274658203,0.0,122.94000244140625,119.08000183105469,122.83000183105469,0.0,222700
2017-11-02,111.6932144165039,119.87999725341797,0.0,121.30000305175781,119.11000061035156,120.48999786376953,0.0,207100
2017-11-03,113.8082275390625,122.1500015258789,0.0,122.16000366210938,119.5,120.3499984741211,0.0,221300
2017-11-06,116.08160400390625,124.58999633789062,0.0,124.80999755859375,121.5999984741211,122.25,0.0,257400
2017-11-07,115.24302673339844,123.69000244140625,0.0,125.75,122.30000305175781,124.76000213623047,0.0,184100
2017-11-08,114.7492446899414,123.16000366210938,0.0,124.3499984741211,122.4000015258789,123.12999725341797,0.0,377600
2017-11-09,112.15907287597656,120.37999725341797,0.0,122.77999877929688,118.27999877929688,122.04000091552734,0.0,278700
2017-11-10,113.48210144042969,121.80000305175781,0.0,122.25,120.30000305175781,120.5199966430664,0.0,194700
2017-11-13,112.62493896484375,120.87999725341797,0.0,122.7699966430664,120.3499984741211,121.0,0.0,356600
2017-11-14,111.59074401855469,119.7699966430664,0.0,121.11000061035156,118.54000091552734,120.33000183105469,0.0,301300
2017-11-15,110.79878997802734,118.91999816894531,0.0,120.31999969482422,117.44999694824219,118.87999725341797,0.0,209000
2017-11-16,112.94173431396484,121.22000122070312,0.0,122.19000244140625,119.69999694824219,119.69999694824219,0.0,213500
2017-11-17,114.24609375,122.62000274658203,0.0,123.08999633789062,120.91000366210938,120.91000366210938,0.0,345200
2017-11-20,115.88591766357422,124.37999725341797,0.0,124.52999877929688,122.61000061035156,122.75,0.0,228500
2017-11-21,117.99158477783203,126.63999938964844,0.0,126.68000030517578,125.0,125.08999633789062,0.0,233800
2017-11-22,115.86727905273438,124.36000061035156,0.0,126.80000305175781,124.27999877929688,126.75,0.0,199000
2017-11-24,116.9666976928711,125.54000091552734,0.0,125.6500015258789,124.41999816894531,124.41999816894531,0.0,58200
2017-11-27,115.83932495117188,124.33000183105469,0.0,125.27999877929688,123.69999694824219,124.80999755859375,0.0,263400
2017-11-28,116.40767669677734,124.94000244140625,0.0,126.12999725341797,124.12000274658203,124.66999816894531,0.0,235200
2017-11-29,108.8980941772461,116.87999725341797,0.0,125.25,116.5,124.66999816894531,0.0,394500
2017-11-30,110.26770782470703,118.3499984741211,0.0,119.02999877929688,115.66000366210938,118.5999984741211,0.0,431000
2017-12-01,108.98196411132812,116.97000122070312,0.0,118.1500015258789,112.80000305175781,117.91000366210938,0.0,303000
2017-12-04,103.60598754882812,111.19999694824219,0.0,119.44000244140625,110.94000244140625,118.47000122070312,0.0,505400
2017-12-05,103.64324951171875,111.23999786376953,0.0,113.61000061035156,109.5199966430664,110.83000183105469,0.0,342400
2017-12-06,103.64324951171875,111.23999786376953,0.0,112.01000213623047,105.01000213623047,110.45999908447266,0.0,256600
2017-12-07,103.66190338134766,111.26000213623047,0.0,112.8499984741211,110.91000366210938,111.66999816894531,0.0,410000
2017-12-08,105.08741760253906,112.79000091552734,0.0,114.83000183105469,112.1500015258789,112.73999786376953,0.0,305700
2017-12-11,106.10298156738281,113.87999725341797,0.0,115.0,112.87999725341797,113.08999633789062,0.0,394400
2017-12-12,105.10604858398438,112.80999755859375,0.0,114.0,112.11000061035156,113.29000091552734,0.0,498200
2017-12-13,103.88550567626953,111.5,0.0,114.08999633789062,110.79000091552734,113.0199966430664,0.0,343100
2017-12-14,102.7302017211914,110.26000213623047,0.0,112.37000274658203,110.0,111.16000366210938,0.0,383300
2017-12-15,104.77066802978516,112.44999694824219,0.0,114.16000366210938,109.16999816894531,110.25,0.0,593600
2017-12-18,106.93219757080078,114.7699966430664,0.0,115.3499984741211,113.4000015258789,113.58000183105469,0.0,333800
2017-12-19,106.22406768798828,114.01000213623047,0.0,115.83999633789062,113.44999694824219,114.41999816894531,0.0,348200
2017-12-20,107.1185073852539,114.97000122070312,0.0,115.81999969482422,113.2699966430664,114.95999908447266,0.0,263800
2017-12-21,105.9446029663086,113.70999908447266,0.0,115.51000213623047,113.55999755859375,115.30000305175781,0.0,194800
2017-12-22,105.44147491455078,113.16999816894531,0.0,113.7300033569336,112.68000030517578,113.18000030517578,0.0,255500
2017-12-26,105.41352081298828,113.13999938964844,0.0,113.70999908447266,111.36000061035156,112.36000061035156,0.0,145600
2017-12-27,105.18060302734375,112.88999938964844,0.0,113.97000122070312,112.56999969482422,112.95999908447266,0.0,186500
2017-12-28,105.75926971435547,113.30999755859375,0.2,113.41999816894531,112.73999786376953,113.12000274658203,0.0,178300
2017-12-29,104.87255859375,112.36000061035156,0.0,114.36000061035156,112.30000305175781,113.43000030517578,0.0,196700
2018-01-02,108.55936431884766,116.30999755859375,0.0,116.3499984741211,112.66000366210938,113.0,0.0,285800
2018-01-03,110.60342407226562,118.5,0.0,118.93000030517578,116.0,116.5,0.0,268100
2018-01-04,111.63009643554688,119.5999984741211,0.0,120.0,118.08999633789062,119.2300033569336,0.0,183700
2018-01-05,112.06880950927734,120.06999969482422,0.0,121.29000091552734,119.13999938964844,120.20999908447266,0.0,227700
2018-01-08,113.4594955444336,121.55999755859375,0.0,122.26000213623047,119.52999877929688,120.16000366210938,0.0,206700
2018-01-09,113.26348876953125,121.3499984741211,0.0,122.05999755859375,120.5,121.70999908447266,0.0,157800
2018-01-10,112.02214050292969,120.0199966430664,0.0,121.05000305175781,119.56999969482422,119.97000122070312,0.0,212200
2018-01-11,113.60884094238281,121.72000122070312,0.0,121.9000015258789,118.87999725341797,120.13999938964844,0.0,213200
2018-01-12,114.70088958740234,122.88999938964844,0.0,123.7300033569336,120.72000122070312,121.94000244140625,0.0,120700
2018-01-16,111.91014099121094,119.9000015258789,0.0,124.44000244140625,119.7699966430664,123.75,0.0,283300
2018-01-17,112.47949981689453,120.51000213623047,0.0,121.23999786376953,119.62000274658203,121.23999786376953,0.0,542900
2018-01-18,111.70478820800781,119.68000030517578,0.0,122.37999725341797,119.47000122070312,120.48999786376953,0.0,315300
2018-01-19,111.99413299560547,119.98999786376953,0.0,120.62999725341797,118.5999984741211,120.0,0.0,304000
2018-01-22,112.1807861328125,120.19000244140625,0.0,121.19000244140625,119.08000183105469,119.73999786376953,0.0,384100
2018-01-23,113.0675048828125,121.13999938964844,0.0,121.9000015258789,119.20999908447266,120.16000366210938,0.0,379600
2018-01-24,111.97547149658203,119.97000122070312,0.0,121.69000244140625,119.22000122070312,119.47000122070312,0.0,377900
2018-01-25,109.7447738647461,117.58000183105469,0.0,121.81999969482422,117.25,121.52999877929688,0.0,322800
2018-01-26,114.26220703125,122.41999816894531,0.0,122.44999694824219,117.66999816894531,118.83999633789062,0.0,223900
2018-01-29,114.57954406738281,122.76000213623047,0.0,123.44999694824219,120.66999816894531,121.55000305175781,0.0,307200
2018-01-30,111.6114501953125,119.58000183105469,0.0,123.37999725341797,119.01000213623047,120.66000366210938,0.0,303700
2018-01-31,111.1821060180664,119.12000274658203,0.0,121.70999908447266,118.5199966430664,120.87999725341797,0.0,225300
2018-02-01,112.1807861328125,120.19000244140625,0.0,120.91000366210938,117.72000122070312,118.08999633789062,0.0,172500
2018-02-02,107.37397003173828,115.04000091552734,0.0,118.98999786376953,114.91999816894531,118.87000274658203,0.0,337300
2018-02-05,102.24049377441406,109.54000091552734,0.0,116.02999877929688,109.5,113.55000305175781,0.0,507400
2018-02-06,106.44061279296875,114.04000091552734,0.0,114.44000244140625,103.13999938964844,106.94999694824219,0.0,645600
2018-02-07,102.66985321044922,110.0,0.0,114.12999725341797,109.95999908447266,113.58000183105469,0.0,384200
2018-02-08,96.90165710449219,103.81999969482422,0.0,110.69999694824219,103.7699966430664,109.75,0.0,674700
2018-02-09,102.74449157714844,110.08000183105469,0.0,112.23999786376953,105.0,105.0,0.0,1038100
2018-02-12,102.58585357666016,109.91000366210938,0.0,110.80999755859375,107.80000305175781,110.80000305175781,0.0,667200
2018-02-13,102.6418685913086,109.97000122070312,0.0,110.04000091552734,107.0199966430664,108.83000183105469,0.0,409000
2018-02-14,105.46061706542969,112.98999786376953,0.0,113.16000366210938,108.05000305175781,108.70999908447266,0.0,389700
2018-02-15,108.4286880493164,116.16999816894531,0.0,116.41999816894531,112.20999908447266,114.37999725341797,0.0,329000
2018-02-16,109.20337677001953,117.0,0.0,117.98999786376953,115.87000274658203,115.87000274658203,0.0,411600
2018-02-20,111.70478820800781,119.68000030517578,0.0,120.23999786376953,116.0,116.44000244140625,0.0,417100
2018-02-21,109.35270690917969,117.16000366210938,0.0,120.62000274658203,117.08000183105469,120.33000183105469,0.0,283300
2018-02-22,109.3807144165039,117.19000244140625,0.0,118.22000122070312,116.19999694824219,117.69000244140625,0.0,258900
2018-02-23,110.18341827392578,118.05000305175781,0.0,118.75,116.4000015258789,117.83000183105469,0.0,223400
2018-02-26,111.83546447753906,119.81999969482422,0.0,119.95999908447266,118.2699966430664,118.66000366210938,0.0,156400
2018-02-27,110.67808532714844,118.58000183105469,0.0,121.11000061035156,118.37000274658203,119.83000183105469,0.0,455600
2018-02-28,109.25939178466797,117.05999755859375,0.0,119.81999969482422,117.01000213623047,119.12000274658203,0.0,197400
2018-03-01,108.05535888671875,115.7699966430664,0.0,117.7300033569336,114.6500015258789,117.18000030517578,0.0,214800
2018-03-02,110.27674865722656,118.1500015258789,0.0,118.55999755859375,113.63999938964844,114.33999633789062,0.0,194400
2018-03-05,110.52874755859375,118.41999816894531,0.0,119.19999694824219,116.41999816894531,117.13999938964844,0.0,223100
2018-03-06,111.09809875488281,119.02999877929688,0.0,119.7699966430664,117.72000122070312,119.27999877929688,0.0,380800
2018-03-07,111.41545104980469,119.37000274658203,0.0,120.30000305175781,118.04000091552734,118.12999725341797,0.0,223400
2018-03-08,111.88211822509766,119.87000274658203,0.0,120.33000183105469,118.7699966430664,120.04000091552734,0.0,232000
2018-03-09,116.54896545410156,124.87000274658203,0.0,125.0,120.83999633789062,121.0,0.0,268400
2018-03-12,117.14627838134766,125.51000213623047,0.0,126.54000091552734,124.2699966430664,125.0,0.0,214600
2018-03-13,115.4568862915039,123.69999694824219,0.0,127.61000061035156,123.19999694824219,126.25,0.0,249100
2018-03-14,114.99020385742188,123.19999694824219,0.0,124.5199966430664,122.45999908447266,124.5199966430664,0.0,165000
2018-03-15,115.1769027709961,123.4000015258789,0.0,125.0,122.2699966430664,123.7300033569336,0.0,245000
2018-03-16,116.40892791748047,124.72000122070312,0.0,125.11000061035156,122.97000122070312,123.73999786376953,0.0,488600
2018-03-19,114.85955047607422,123.05999755859375,0.0,124.29000091552734,119.80000305175781,123.83000183105469,0.0,338300
2018-03-20,116.77294921875,125.11000061035156,0.0,125.44999694824219,121.87000274658203,123.01000213623047,0.0,339100
2018-03-21,117.03427124023438,125.38999938964844,0.0,127.4000015258789,124.01000213623047,124.87999725341797,0.0,307100
2018-03-22,112.03146362304688,120.02999877929688,0.0,124.18000030517578,119.81999969482422,123.69999694824219,0.0,238500
2018-03-23,107.2339859008789,114.88999938964844,0.0,120.08000183105469,114.81999969482422,120.08000183105469,0.0,352900
2018-03-26,111.86344909667969,119.8499984741211,0.0,120.69999694824219,116.2300033569336,117.5,0.0,336000
2018-03-27,108.00868225097656,115.72000122070312,0.0,121.55999755859375,114.98999786376953,120.66999816894531,0.0,419000
2018-03-28,105.94058227539062,113.20999908447266,0.3,115.91999816894531,112.27999877929688,115.48999786376953,0.0,252800
2018-03-29,108.33621215820312,115.7699966430664,0.0,117.36000061035156,111.8499984741211,113.51000213623047,0.0,298900
2018-04-02,103.68531036376953,110.80000305175781,0.0,115.58999633789062,110.20999908447266,114.98999786376953,0.0,301400
2018-04-03,105.14514923095703,112.36000061035156,0.0,113.33999633789062,110.23999786376953,112.12000274658203,0.0,415900
2018-04-04,107.02609252929688,114.37000274658203,0.0,114.8499984741211,109.2300033569336,109.76000213623047,0.0,200100
2018-04-05,106.78279113769531,114.11000061035156,0.0,115.94000244140625,113.20999908447266,115.48999786376953,0.0,193900
2018-04-06,103.81632232666016,110.94000244140625,0.0,114.1500015258789,109.98999786376953,112.51000213623047,0.0,173300
2018-04-09,104.39653778076172,111.55999755859375,0.0,114.47000122070312,111.1500015258789,112.30000305175781,0.0,234300
2018-04-10,108.40169525146484,115.83999633789062,0.0,117.11000061035156,112.6500015258789,114.08999633789062,0.0,206400
2018-04-11,109.468505859375,116.9800033569336,0.0,117.45999908447266,114.63999938964844,114.83999633789062,0.0,179700
2018-04-12,113.24906921386719,121.0199966430664,0.0,121.66999816894531,117.9800033569336,118.80999755859375,0.0,357700
2018-04-13,113.0712890625,120.83000183105469,0.0,122.93000030517578,120.55999755859375,122.27999877929688,0.0,318700
2018-04-16,114.17549896240234,122.01000213623047,0.0,122.7699966430664,120.26000213623047,121.51000213623047,0.0,228700
2018-04-17,116.37461853027344,124.36000061035156,0.0,125.08000183105469,122.30999755859375,122.80000305175781,0.0,239800
2018-04-18,115.83184051513672,123.77999877929688,0.0,125.25,122.77999877929688,124.29000091552734,0.0,182300
2018-04-19,112.51918029785156,120.23999786376953,0.0,122.66999816894531,119.66000366210938,122.43000030517578,0.0,379300
2018-04-20,111.8360595703125,119.51000213623047,0.0,121.29000091552734,118.80000305175781,120.0,0.0,309600
2018-04-23,111.35881042480469,119.0,0.0,121.16999816894531,118.13999938964844,119.63999938964844,0.0,356000
2018-04-24,111.36815643310547,119.01000213623047,0.0,120.83999633789062,117.2300033569336,119.55999755859375,0.0,342500
2018-04-25,111.71440887451172,119.37999725341797,0.0,120.31999969482422,115.97000122070312,119.08000183105469,0.0,275300
2018-04-26,113.46434020996094,121.25,0.0,121.72000122070312,119.02999877929688,120.62999725341797,0.0,189000
2018-04-27,112.55660247802734,120.27999877929688,0.0,122.63999938964844,119.23999786376953,122.58999633789062,0.0,316800
2018-04-30,109.58078002929688,117.0999984741211,0.0,122.52999877929688,116.55000305175781,120.55000305175781,0.0,412800
2018-05-01,111.47108459472656,119.12000274658203,0.0,119.69999694824219,115.02999877929688,119.69999694824219,0.0,511500
2018-05-02,110.75053405761719,118.3499984741211,0.0,119.72000122070312,118.1500015258789,119.44999694824219,0.0,259100
2018-05-03,112.54721069335938,120.2699966430664,0.0,120.51000213623047,116.43000030517578,117.4000015258789,0.0,400200
2018-05-04,115.91609191894531,123.87000274658203,0.0,124.2699966430664,118.87000274658203,119.5,0.0,243300
2018-05-07,115.88800811767578,123.83999633789062,0.0,125.52999877929688,123.54000091552734,124.19000244140625,0.0,219200
2018-05-08,116.14068603515625,124.11000061035156,0.0,125.30000305175781,123.23999786376953,124.18000030517578,0.0,355900
2018-05-09,118.06838989257812,126.16999816894531,0.0,126.54000091552734,123.76000213623047,124.33999633789062,0.0,271800
2018-05-10,120.40785217285156,128.6699981689453,0.0,128.86000061035156,125.95999908447266,126.44000244140625,0.0,311800
2018-05-11,118.43334197998047,126.55999755859375,0.0,128.7899932861328,126.51000213623047,128.44000244140625,0.0,157300
2018-05-14,118.06838989257812,126.16999816894531,0.0,128.8699951171875,126.01000213623047,127.05000305175781,0.0,292000
2018-05-15,118.12455749511719,126.2300033569336,0.0,126.38999938964844,124.81999969482422,125.55999755859375,0.0,309000
2018-05-16,119.565673828125,127.7699966430664,0.0,128.27999877929688,125.98999786376953,126.0999984741211,0.0,296600
2018-05-17,120.49209594726562,128.75999450683594,0.0,129.14999389648438,126.54000091552734,127.37000274658203,0.0,189900
2018-05-18,120.66053009033203,128.94000244140625,0.0,130.32000732421875,128.4199981689453,128.9600067138672,0.0,313500
2018-05-21,121.43724060058594,129.77000427246094,0.0,131.89999389648438,128.33999633789062,130.36000061035156,0.0,217500
2018-05-22,121.22199249267578,129.5399932861328,0.0,131.39999389648438,129.4199981689453,130.4600067138672,0.0,205100
2018-05-23,122.32622528076172,130.72000122070312,0.0,130.8000030517578,125.5,128.49000549316406,0.0,184000
2018-05-24,122.20458221435547,130.58999633789062,0.0,131.1300048828125,129.50999450683594,130.6999969482422,0.0,133000
2018-05-25,123.252685546875,131.7100067138672,0.0,132.8300018310547,130.58999633789062,130.82000732421875,0.0,152800
2018-05-29,123.09356689453125,131.5399932861328,0.0,132.30999755859375,129.7100067138672,131.27000427246094,0.0,272800
2018-05-30,125.24589538574219,133.83999633789062,0.0,134.69000244140625,132.02999877929688,132.25999450683594,0.0,445600
2018-05-31,123.34625244140625,131.80999755859375,0.0,134.74000549316406,131.6999969482422,133.58999633789062,0.0,223300
2018-06-01,124.7405776977539,133.3000030517578,0.0,133.8800048828125,132.16000366210938,133.02000427246094,0.0,335500
2018-06-04,126.03196716308594,134.67999267578125,0.0,134.83999633789062,133.07000732421875,133.9199981689453,0.0,231100
2018-06-05,127.04257202148438,135.75999450683594,0.0,136.49000549316406,134.0800018310547,135.0,0.0,197700
2018-06-06,128.38082885742188,137.19000244140625,0.0,137.19000244140625,135.14999389648438,136.0800018310547,0.0,212100
2018-06-07,124.80609893798828,133.3699951171875,0.0,137.8000030517578,133.1999969482422,137.22999572753906,0.0,292500
2018-06-08,125.6389389038086,134.25999450683594,0.0,136.9499969482422,132.58999633789062,133.61000061035156,0.0,491100
2018-06-11,128.52113342285156,137.33999633789062,0.0,137.6999969482422,134.88999938964844,135.1300048828125,0.0,227700
2018-06-12,130.75765991210938,139.72999572753906,0.0,140.1999969482422,136.52000427246094,137.6699981689453,0.0,326000
2018-06-13,128.8206329345703,137.66000366210938,0.0,141.57000732421875,137.5,140.13999938964844,0.0,380900
2018-06-14,130.7389678955078,139.7100067138672,0.0,139.75,137.38999938964844,139.05999755859375,0.0,433500
2018-06-15,132.53567504882812,141.6300048828125,0.0,141.82000732421875,138.08999633789062,138.5800018310547,0.0,467500
2018-06-18,132.05841064453125,141.1199951171875,0.0,141.33999633789062,139.33999633789062,140.27999877929688,0.0,262700
2018-06-19,130.14002990722656,139.07000732421875,0.0,140.02000427246094,136.94000244140625,138.9199981689453,0.0,292500
2018-06-20,132.2268524169922,141.3000030517578,0.0,141.44000244140625,139.17999267578125,139.9199981689453,0.0,278400
2018-06-21,132.0677947998047,141.1300048828125,0.0,141.72000122070312,138.47999572753906,141.72000122070312,0.0,495700
2018-06-22,129.6440887451172,138.5399932861328,0.0,142.55999755859375,138.49000549316406,142.0,0.0,4484100
2018-06-25,125.6389389038086,134.25999450683594,0.0,138.39999389648438,131.64999389648438,138.19000244140625,0.0,585600
2018-06-26,128.12814331054688,136.9199981689453,0.0,137.99000549316406,134.0,134.82000732421875,0.0,484300
2018-06-27,124.81544494628906,133.3800048828125,0.0,138.17999267578125,133.35000610351562,137.61000061035156,0.0,419000
2018-06-28,126.21289825439453,134.57000732421875,0.3,136.16000366210938,131.82000732421875,133.3300018310547,0.0,355300
2018-06-29,125.36881256103516,133.6699981689453,0.0,136.67999267578125,133.57000732421875,135.6699981689453,0.0,434400
2018-07-02,126.34418487548828,134.7100067138672,0.0,135.52999877929688,131.94000244140625,132.5,0.0,345800
2018-07-03,124.45903015136719,132.6999969482422,0.0,135.89999389648438,132.38999938964844,135.89999389648438,0.0,219700
2018-07-05,127.87295532226562,136.33999633789062,0.0,136.8300018310547,132.77999877929688,133.47000122070312,0.0,623500
2018-07-06,129.72061157226562,138.30999755859375,0.0,138.5399932861328,135.3800048828125,136.5,0.0,309400
2018-07-09,129.63623046875,138.22000122070312,0.0,139.3000030517578,136.5,139.3000030517578,0.0,293600
2018-07-10,131.94345092773438,140.67999267578125,0.0,140.94000244140625,138.33999633789062,138.61000061035156,0.0,258800
2018-07-11,128.68896484375,137.2100067138672,0.0,140.02000427246094,136.9499969482422,138.8300018310547,0.0,273700
2018-07-12,131.5214080810547,140.22999572753906,0.0,140.3000030517578,137.2100067138672,138.2100067138672,0.0,212000
2018-07-13,131.22129821777344,139.91000366210938,0.0,141.0399932861328,139.0500030517578,140.02000427246094,0.0,273300
2018-07-16,131.0149383544922,139.69000244140625,0.0,141.0,139.38999938964844,140.25,0.0,138100
2018-07-17,132.57186889648438,141.35000610351562,0.0,142.3800048828125,138.2100067138672,139.02000427246094,0.0,266700
2018-07-18,132.6656036376953,141.4499969482422,0.0,141.92999267578125,140.0500030517578,141.86000061035156,0.0,161500
2018-07-19,132.993896484375,141.8000030517578,0.0,142.14999389648438,140.47000122070312,141.41000366210938,0.0,179900
2018-07-20,131.98095703125,140.72000122070312,0.0,142.39999389648438,140.05999755859375,142.39999389648438,0.0,236200
2018-07-23,132.72193908691406,141.50999450683594,0.0,142.0,138.9199981689453,140.5500030517578,0.0,337300
2018-07-24,128.93280029296875,137.47000122070312,0.0,142.91000366210938,136.72000122070312,142.02999877929688,0.0,299300
2018-07-25,127.07575988769531,135.49000549316406,0.0,138.83999633789062,133.38999938964844,137.8000030517578,0.0,594900
2018-07-26,127.70410919189453,136.16000366210938,0.0,140.85000610351562,130.33999633789062,138.3699951171875,0.0,700100
2018-07-27,124.29024505615234,132.52000427246094,0.0,137.32000732421875,130.77999877929688,136.88999938964844,0.0,299400
2018-07-30,122.9114990234375,131.0500030517578,0.0,132.64999389648438,128.75,132.17999267578125,0.0,358500
2018-07-31,124.44024658203125,132.67999267578125,0.0,133.8300018310547,131.47000122070312,131.55999755859375,0.0,331100
2018-08-01,123.76500701904297,131.9600067138672,0.0,134.6699981689453,131.6300048828125,132.44000244140625,0.0,301800
2018-08-02,127.20706176757812,135.6300048828125,0.0,135.89999389648438,129.64999389648438,132.8699951171875,0.0,323900
2018-08-03,127.27275085449219,135.6999969482422,0.0,136.3000030517578,134.50999450683594,135.3300018310547,0.0,370400
2018-08-06,128.74526977539062,137.27000427246094,0.0,137.3800048828125,134.0,135.19000244140625,0.0,208700
2018-08-07,132.6656036376953,141.4499969482422,0.0,142.00999450683594,137.6699981689453,138.25999450683594,0.0,514400
2018-08-08,132.993896484375,141.8000030517578,0.0,142.3800048828125,139.5,140.97999572753906,0.0,240300
2018-08-09,131.0149383544922,139.69000244140625,0.0,142.32000732421875,139.57000732421875,142.0,0.0,289300
2018-08-10,130.76173400878906,139.4199981689453,0.0,139.86000061035156,137.00999450683594,138.0,0.0,494000
2018-08-13,131.10873413085938,139.7899932861328,0.0,142.47999572753906,139.30999755859375,139.30999755859375,0.0,380500
2018-08-14,132.48741149902344,141.25999450683594,0.0,142.4199981689453,139.3800048828125,140.02000427246094,0.0,360900
2018-08-15,131.2306671142578,139.9199981689453,0.0,141.1300048828125,138.0,140.08999633789062,0.0,308200
2018-08-16,131.6057891845703,140.32000732421875,0.0,140.8800048828125,139.33999633789062,140.66000366210938,0.0,224900
2018-08-17,131.98095703125,140.72000122070312,0.0,141.0,138.1999969482422,139.55999755859375,0.0,248900
2018-08-20,133.15338134765625,141.97000122070312,0.0,142.4499969482422,139.47999572753906,141.0,0.0,229100
2018-08-21,135.75135803222656,144.74000549316406,0.0,145.1699981689453,142.19000244140625,142.19000244140625,0.0,316300
2018-08-22,136.52040100097656,145.55999755859375,0.0,146.72000122070312,143.4600067138672,145.10000610351562,0.0,288600
2018-08-23,136.51104736328125,145.5500030517578,0.0,147.0800018310547,144.0,145.1999969482422,0.0,238500
2018-08-24,138.09605407714844,147.24000549316406,0.0,147.60000610351562,146.0800018310547,146.38999938964844,0.0,190300
2018-08-27,140.00938415527344,149.27999877929688,0.0,151.0800018310547,148.32000732421875,148.4199981689453,0.0,399000
2018-08-28,139.88743591308594,149.14999389648438,0.0,150.24000549316406,147.6300048828125,150.1199951171875,0.0,174700
2018-08-29,140.17823791503906,149.4600067138672,0.0,150.8000030517578,148.57000732421875,150.0,0.0,165500
2018-08-30,139.31533813476562,148.5399932861328,0.0,150.0800018310547,148.16000366210938,148.9499969482422,0.0,141300
2018-08-31,140.56272888183594,149.8699951171875,0.0,150.36000061035156,147.83999633789062,148.8000030517578,0.0,257100
2018-09-04,141.97894287109375,151.3800048828125,0.0,151.74000549316406,148.25999450683594,149.42999267578125,0.0,251300
2018-09-05,140.0281524658203,149.3000030517578,0.0,151.8000030517578,147.72999572753906,151.8000030517578,0.0,306200
2018-09-06,140.04690551757812,149.32000732421875,0.0,150.16000366210938,147.05999755859375,149.22999572753906,0.0,257600
2018-09-07,138.7994842529297,147.99000549316406,0.0,152.2100067138672,147.47999572753906,148.0800018310547,0.0,304300
2018-09-10,137.43016052246094,146.52999877929688,0.0,149.30999755859375,145.02000427246094,149.05999755859375,0.0,318700
2018-09-11,136.94241333007812,146.00999450683594,0.0,147.25,144.02999877929688,146.05999755859375,0.0,374000
2018-09-12,132.590576171875,141.3699951171875,0.0,145.5,139.2100067138672,145.2100067138672,0.0,485200
2018-09-13,128.28565979003906,136.77999877929688,0.0,141.25,129.22999572753906,140.8000030517578,0.0,1206800
2018-09-14,129.62684631347656,138.2100067138672,0.0,139.36000061035156,136.91000366210938,137.17999267578125,0.0,686100
2018-09-17,124.3183364868164,132.5500030517578,0.0,138.3000030517578,132.3699951171875,137.97000122070312,0.0,399200
2018-09-18,124.7685317993164,133.02999877929688,0.0,134.9499969482422,131.91000366210938,132.07000732421875,0.0,498700
2018-09-19,125.34062957763672,133.63999938964844,0.0,134.77999877929688,131.8000030517578,133.6699981689453,0.0,359300
2018-09-20,126.86005401611328,135.25999450683594,0.0,136.30999755859375,133.25,134.74000549316406,0.0,329100
2018-09-21,124.64659118652344,132.89999389648438,0.0,135.72000122070312,132.69000244140625,135.36000061035156,0.0,585500
2018-09-24,124.56219482421875,132.80999755859375,0.0,133.02999877929688,130.58999633789062,132.4199981689453,0.0,382500
2018-09-25,121.1200942993164,129.13999938964844,0.0,131.22000122070312,128.22999572753906,129.6999969482422,0.0,883000
2018-09-26,119.05672454833984,126.94000244140625,0.0,130.0,126.7300033569336,129.14999389648438,0.0,503100
2018-09-27,118.74649047851562,126.30999755859375,0.3,127.58999633789062,125.81999969482422,127.19999694824219,0.0,452400
2018-09-28,118.01319122314453,125.52999877929688,0.0,126.56999969482422,124.55000305175781,126.08999633789062,0.0,579100
2018-10-01,116.97908020019531,124.43000030517578,0.0,126.9800033569336,124.12000274658203,126.54000091552734,0.0,452600
2018-10-02,117.3269271850586,124.80000305175781,0.0,125.95999908447266,123.97000122070312,124.0,0.0,378500
2018-10-03,120.3071060180664,127.97000122070312,0.0,128.57000732421875,125.19000244140625,125.58000183105469,0.0,851300
2018-10-04,116.73464965820312,124.16999816894531,0.0,127.12000274658203,122.5199966430664,126.7699966430664,0.0,720200
2018-10-05,112.30667877197266,119.45999908447266,0.0,124.44000244140625,118.47000122070312,123.94000244140625,0.0,748200
2018-10-08,109.73075866699219,116.72000122070312,0.0,118.36000061035156,114.98999786376953,118.04000091552734,0.0,690500
2018-10-09,109.72135162353516,116.70999908447266,0.0,117.73999786376953,114.9800033569336,116.16000366210938,0.0,495800
2018-10-10,103.78921508789062,110.4000015258789,0.0,115.7300033569336,110.13999938964844,115.7300033569336,0.0,759600
2018-10-11,104.24983215332031,110.88999938964844,0.0,113.83999633789062,109.31999969482422,109.8499984741211,0.0,632000
2018-10-12,107.13603210449219,113.95999908447266,0.0,115.37000274658203,112.51000213623047,114.16999816894531,0.0,626400
2018-10-15,107.16421508789062,113.98999786376953,0.0,115.41999816894531,111.93000030517578,113.22000122070312,0.0,346600
2018-10-16,111.21615600585938,118.30000305175781,0.0,118.58999633789062,114.01000213623047,114.25,0.0,547200
2018-10-17,111.75201416015625,118.87000274658203,0.0,119.68000030517578,116.97000122070312,118.30000305175781,0.0,523600
2018-10-18,108.81884002685547,115.75,0.0,117.94000244140625,114.79000091552734,117.91999816894531,0.0,404400
2018-10-19,107.50267028808594,114.3499984741211,0.0,116.98999786376953,113.26000213623047,116.16999816894531,0.0,378000
2018-10-22,107.57787322998047,114.43000030517578,0.0,115.08000183105469,112.91999816894531,114.61000061035156,0.0,346200
2018-10-23,108.06674194335938,114.94999694824219,0.0,115.94999694824219,110.12999725341797,111.5199966430664,0.0,489300
2018-10-24,97.9322509765625,104.16999816894531,0.0,112.93000030517578,104.0,112.62000274658203,0.0,880900
2018-10-25,101.93714141845703,108.43000030517578,0.0,108.77999877929688,103.02999877929688,105.04000091552734,0.0,1023300
2018-10-26,105.86686706542969,112.61000061035156,0.0,117.33000183105469,101.98999786376953,109.5199966430664,0.0,1416900
2018-10-29,104.68231201171875,111.3499984741211,0.0,116.52999877929688,109.2699966430664,115.02999877929688,0.0,791400
2018-10-30,108.39579010009766,115.30000305175781,0.0,115.41999816894531,111.05999755859375,111.12000274658203,0.0,465900
2018-10-31,111.04692077636719,118.12000274658203,0.0,119.98999786376953,116.08000183105469,116.93000030517578,0.0,568600
2018-11-01,116.87567138671875,124.31999969482422,0.0,125.37999725341797,118.4000015258789,118.94999694824219,0.0,719300
2018-11-02,116.83806610107422,124.27999877929688,0.0,125.58999633789062,122.91999816894531,124.58999633789062,0.0,528000
2018-11-05,115.1928482055664,122.52999877929688,0.0,124.63999938964844,120.13999938964844,124.63999938964844,0.0,415400
2018-11-06,116.7816390991211,124.22000122070312,0.0,124.5999984741211,121.41000366210938,122.2300033569336,0.0,236000
2018-11-07,118.17301940917969,125.69999694824219,0.0,127.05000305175781,123.16000366210938,124.30999755859375,0.0,322100
2018-11-08,121.48224639892578,129.22000122070312,0.0,130.8800048828125,123.91000366210938,125.0199966430664,0.0,594100
2018-11-09,117.251708984375,124.72000122070312,0.0,127.52999877929688,123.66999816894531,127.20999908447266,0.0,335100
2018-11-12,112.175048828125,119.31999969482422,0.0,123.52999877929688,118.06999969482422,123.27999877929688,0.0,504700
2018-11-13,113.74507904052734,120.98999786376953,0.0,123.69999694824219,120.3499984741211,121.0,0.0,262800
2018-11-14,114.8261947631836,122.13999938964844,0.0,123.66000366210938,120.91000366210938,122.5199966430664,0.0,391600
2018-11-15,119.3481674194336,126.94999694824219,0.0,127.88999938964844,119.9800033569336,120.5199966430664,0.0,378200
2018-11-16,120.17549133300781,127.83000183105469,0.0,127.98999786376953,123.98999786376953,124.1500015258789,0.0,395600
2018-11-19,113.4066162109375,120.62999725341797,0.0,127.41999816894531,120.48999786376953,127.16999816894531,0.0,417500
2018-11-20,113.11518096923828,120.31999969482422,0.0,121.94999694824219,116.5999984741211,116.88999938964844,0.0,398000
2018-11-21,116.17996215820312,123.58000183105469,0.0,124.0999984741211,120.83999633789062,122.31999969482422,0.0,192000
2018-11-23,116.88506317138672,124.33000183105469,0.0,125.58999633789062,121.63999938964844,121.63999938964844,0.0,89000
2018-11-26,119.36698913574219,126.97000122070312,0.0,127.0,124.19999694824219,126.44000244140625,0.0,319400
2018-11-27,116.21756744384766,123.62000274658203,0.0,126.83000183105469,123.2300033569336,125.69999694824219,0.0,255300
2018-11-28,121.26599884033203,128.99000549316406,0.0,129.1300048828125,123.19000244140625,124.77999877929688,0.0,366900
2018-11-29,121.64204406738281,129.38999938964844,0.0,131.2899932861328,127.94999694824219,127.94999694824219,0.0,434400
2018-11-30,124.16156005859375,132.07000732421875,0.0,132.6199951171875,127.97000122070312,129.52999877929688,0.0,311100
2018-12-03,126.66231536865234,134.72999572753906,0.0,137.86000061035156,133.25999450683594,135.08999633789062,0.0,423400
2018-12-04,119.2447738647461,126.83999633789062,0.0,135.99000549316406,126.63999938964844,134.0800018310547,0.0,373200
2018-12-06,118.02261352539062,125.54000091552734,0.0,125.5999984741211,122.2699966430664,123.83999633789062,0.0,425900
2018-12-07,114.53475952148438,121.83000183105469,0.0,127.0,120.88999938964844,124.98999786376953,0.0,274100
2018-12-10,112.95536041259766,120.1500015258789,0.0,123.56999969482422,118.38999938964844,121.44000244140625,0.0,510000
2018-12-11,113.4442367553711,120.66999816894531,0.0,125.69999694824219,119.02999877929688,122.68000030517578,0.0,288900
2018-12-12,116.24578094482422,123.6500015258789,0.0,125.16999816894531,122.4800033569336,123.48999786376953,0.0,206400
2018-12-13,113.989501953125,121.25,0.0,124.75,120.91000366210938,124.75,0.0,152600
2018-12-14,111.5169906616211,118.62000274658203,0.0,122.13999938964844,118.37999725341797,120.16999816894531,0.0,223600
2018-12-17,106.9385986328125,113.75,0.0,118.76000213623047,113.37999725341797,118.23999786376953,0.0,577200
2018-12-18,110.82128143310547,117.87999725341797,0.0,120.16999816894531,114.94000244140625,115.55000305175781,0.0,416600
2018-12-19,106.07368469238281,112.83000183105469,0.0,119.87000274658203,112.08000183105469,117.83000183105469,0.0,428900
2018-12-20,105.98909759521484,112.73999786376953,0.0,115.22000122070312,109.7699966430664,112.72000122070312,0.0,426600
2018-12-21,103.79859924316406,110.41000366210938,0.0,114.75,110.19999694824219,114.23999786376953,0.0,533500
2018-12-24,100.23555755615234,106.62000274658203,0.0,111.8499984741211,106.5,108.95999908447266,0.0,183200
2018-12-26,107.20182037353516,114.02999877929688,0.0,114.0999984741211,107.12000274658203,108.2699966430664,0.0,307200
2018-12-27,107.25823974609375,114.08999633789062,0.0,114.13999938964844,109.94999694824219,111.61000061035156,0.0,370500
2018-12-28,108.3988037109375,115.0,0.3,117.37000274658203,113.55999755859375,114.94000244140625,0.0,390500
2018-12-31,109.57701110839844,116.25,0.0,116.51000213623047,114.25,116.12999725341797,0.0,256000
2019-01-02,108.81352996826172,115.44000244140625,0.0,116.66000366210938,112.75,113.22000122070312,0.0,247300
2019-01-03,102.37557983398438,108.61000061035156,0.0,113.69000244140625,107.44999694824219,113.69000244140625,0.0,494200
2019-01-04,106.58899688720703,113.08000183105469,0.0,113.9800033569336,109.31999969482422,110.58000183105469,0.0,398000
2019-01-07,109.3885269165039,116.05000305175781,0.0,117.33000183105469,112.87999725341797,113.05999755859375,0.0,392700
2019-01-08,111.25484466552734,118.02999877929688,0.0,118.31999969482422,115.37000274658203,117.31999969482422,0.0,304100
2019-01-09,114.95928955078125,121.95999908447266,0.0,122.68000030517578,119.19999694824219,119.19999694824219,0.0,298800
2019-01-10,115.74161529541016,122.79000091552734,0.0,123.38999938964844,119.86000061035156,120.83999633789062,0.0,227300
2019-01-11,117.04241180419922,124.16999816894531,0.0,126.26000213623047,121.62000274658203,122.8499984741211,0.0,312300
2019-01-14,113.52653503417969,120.44000244140625,0.0,123.0,119.1500015258789,122.3499984741211,0.0,350800
2019-01-15,115.60023498535156,122.63999938964844,0.0,123.38999938964844,120.7300033569336,120.7300033569336,0.0,233400
2019-01-16,114.41256713867188,121.37999725341797,0.0,125.29000091552734,121.23999786376953,123.19999694824219,0.0,233200
2019-01-17,115.56253814697266,122.5999984741211,0.0,123.66000366210938,119.91999816894531,120.7699966430664,0.0,247600
2019-01-18,117.60796356201172,124.7699966430664,0.0,126.41000366210938,122.43000030517578,123.7699966430664,0.0,265700
2019-01-22,114.0355224609375,120.9800033569336,0.0,124.2300033569336,119.94000244140625,123.5,0.0,264000
2019-01-23,112.77243041992188,119.63999938964844,0.0,123.19000244140625,118.12999725341797,121.5199966430664,0.0,179600
2019-01-24,119.52145385742188,126.80000305175781,0.0,127.31999969482422,120.5199966430664,120.5199966430664,0.0,322500
2019-01-25,123.20697784423828,130.7100067138672,0.0,131.4600067138672,127.5,129.5399932861328,0.0,326300
2019-01-28,120.89765167236328,128.25999450683594,0.0,130.6300048828125,126.54000091552734,128.10000610351562,0.0,247700
2019-01-29,119.19152069091797,126.44999694824219,0.0,129.39999389648438,126.2300033569336,128.02999877929688,0.0,201800
2019-01-30,119.48374938964844,126.76000213623047,0.0,129.52000427246094,124.08999633789062,128.00999450683594,0.0,406000
2019-01-31,119.29521179199219,126.55999755859375,0.0,128.0,125.43000030517578,126.54000091552734,0.0,355000
2019-02-01,122.10417175292969,129.5399932861328,0.0,129.85000610351562,125.91999816894531,126.55000305175781,0.0,335100
2019-02-04,123.85738372802734,131.39999389648438,0.0,131.4499969482422,127.86000061035156,129.4199981689453,0.0,277900
2019-02-05,124.8565444946289,132.4600067138672,0.0,132.58999633789062,130.77999877929688,130.77999877929688,0.0,283900
2019-02-06,127.17537689208984,134.9199981689453,0.0,136.72999572753906,133.47000122070312,133.47000122070312,0.0,355800
2019-02-07,123.55577850341797,131.0800018310547,0.0,133.77999877929688,129.89999389648438,133.5,0.0,328700
2019-02-08,123.75369262695312,131.2899932861328,0.0,132.0,129.19000244140625,129.5500030517578,0.0,312600
2019-02-11,123.16928100585938,130.6699981689453,0.0,132.9499969482422,129.7100067138672,132.0500030517578,0.0,520600
2019-02-12,124.42292022705078,132.0,0.0,132.82000732421875,129.55999755859375,131.36000061035156,0.0,943800
2019-02-13,126.5720443725586,134.27999877929688,0.0,135.50999450683594,129.05999755859375,129.2100067138672,0.0,813700
2019-02-14,128.19337463378906,136.0,0.0,136.5399932861328,132.88999938964844,133.77999877929688,0.0,414500
2019-02-15,130.531005859375,138.47999572753906,0.0,138.5800018310547,135.30999755859375,136.64999389648438,0.0,340800
2019-02-19,128.58926391601562,136.4199981689453,0.0,138.10000610351562,136.32000732421875,137.42999267578125,0.0,233100
2019-02-20,128.8060302734375,136.64999389648438,0.0,137.47000122070312,135.83999633789062,136.6300048828125,0.0,355900
2019-02-21,127.52410125732422,135.2899932861328,0.0,137.08999633789062,134.4600067138672,136.89999389648438,0.0,309400
2019-02-22,128.72117614746094,136.55999755859375,0.0,137.0500030517578,135.17999267578125,136.24000549316406,0.0,333100
2019-02-25,129.6449432373047,137.5399932861328,0.0,139.17999267578125,137.1999969482422,138.0,0.0,272700
2019-02-26,128.8060302734375,136.64999389648438,0.0,137.77999877929688,136.41000366210938,137.3000030517578,0.0,236200
2019-02-27,127.18476104736328,134.92999267578125,0.0,136.02999877929688,133.0,135.9600067138672,0.0,471500
2019-02-28,126.41182708740234,134.11000061035156,0.0,135.57000732421875,133.5500030517578,133.94000244140625,0.0,223600
2019-03-01,128.36302185058594,136.17999267578125,0.0,136.5800018310547,134.22000122070312,135.49000549316406,0.0,201200
2019-03-04,128.6646728515625,136.5,0.0,137.77000427246094,134.80999755859375,137.1999969482422,0.0,233600
2019-03-05,129.23019409179688,137.10000610351562,0.0,138.17999267578125,135.5800018310547,136.74000549316406,0.0,250800
2019-03-06,127.18476104736328,134.92999267578125,0.0,137.25,134.47000122070312,137.25,0.0,168800
2019-03-07,126.40242004394531,134.10000610351562,0.0,135.1199951171875,132.19000244140625,134.32000732421875,0.0,219400
2019-03-08,126.59095001220703,134.3000030517578,0.0,134.50999450683594,132.17999267578125,132.22000122070312,0.0,120900
2019-03-11,129.6072235107422,137.5,0.0,138.16000366210938,127.66999816894531,134.6699981689453,0.0,188400
2019-03-12,129.786376953125,137.69000244140625,0.0,138.64999389648438,135.80999755859375,137.72999572753906,0.0,161800
2019-03-13,130.7289276123047,138.69000244140625,0.0,140.3699951171875,137.1300048828125,138.6699981689453,0.0,290200
2019-03-14,130.03147888183594,137.9499969482422,0.0,139.2899932861328,137.6300048828125,138.47999572753906,0.0,195700
2019-03-15,133.0006103515625,141.10000610351562,0.0,142.0,138.88999938964844,138.88999938964844,0.0,392900
2019-03-18,132.83091735839844,140.9199981689453,0.0,141.8699951171875,139.2899932861328,141.11000061035156,0.0,220800
2019-03-19,133.39646911621094,141.52000427246094,0.0,142.27000427246094,140.6999969482422,141.6300048828125,0.0,200100
2019-03-20,132.46331787109375,140.52999877929688,0.0,142.4499969482422,139.72000122070312,142.07000732421875,0.0,147400
2019-03-21,136.68609619140625,145.00999450683594,0.0,145.69000244140625,140.11000061035156,140.1300048828125,0.0,228300
2019-03-22,131.65269470214844,139.6699981689453,0.0,144.0,139.61000061035156,143.8699951171875,0.0,267400
2019-03-25,130.66290283203125,138.6199951171875,0.0,139.7899932861328,136.50999450683594,139.5500030517578,0.0,176900
2019-03-26,132.20884704589844,140.25999450683594,0.0,141.22999572753906,138.83999633789062,140.4199981689453,0.0,161600
2019-03-27,127.63719940185547,135.41000366210938,0.0,141.0800018310547,134.16000366210938,139.61000061035156,0.0,375600
2019-03-28,126.95648956298828,134.2899932861328,0.4,136.64999389648438,133.5399932861328,135.42999267578125,0.0,317100
2019-03-29,128.09103393554688,135.49000549316406,0.0,136.6999969482422,134.61000061035156,135.85000610351562,0.0,285900
2019-04-01,132.67613220214844,140.33999633789062,0.0,140.42999267578125,136.32000732421875,136.9499969482422,0.0,224400
2019-04-02,130.87991333007812,138.44000244140625,0.0,140.75,137.97000122070312,140.30999755859375,0.0,381500
2019-04-03,136.87368774414062,144.77999877929688,0.0,145.49000549316406,139.4600067138672,139.72000122070312,0.0,419100
2019-04-04,135.8904571533203,143.74000549316406,0.0,145.3699951171875,142.8800048828125,144.50999450683594,0.0,229400
2019-04-05,136.72238159179688,144.6199951171875,0.0,145.8000030517578,143.9600067138672,144.47999572753906,0.0,363100
2019-04-08,137.8663330078125,145.8300018310547,0.0,145.91000366210938,142.9499969482422,144.38999938964844,0.0,235500
2019-04-09,138.08380126953125,146.05999755859375,0.0,147.52000427246094,144.75,145.6999969482422,0.0,325600
2019-04-10,140.72142028808594,148.85000610351562,0.0,149.25,145.7100067138672,146.10000610351562,0.0,252400
2019-04-11,140.7308349609375,148.86000061035156,0.0,150.3699951171875,147.5399932861328,148.72999572753906,0.0,293900
2019-04-12,143.9263458251953,152.24000549316406,0.0,152.36000061035156,149.8699951171875,150.3800048828125,0.0,282300
2019-04-15,143.2929229736328,151.57000732421875,0.0,153.5399932861328,150.25999450683594,152.13999938964844,0.0,198100
2019-04-16,146.3465118408203,154.8000030517578,0.0,156.39999389648438,151.80999755859375,152.02000427246094,0.0,345700
2019-04-17,146.6206817626953,155.08999633789062,0.0,161.22000122070312,153.1999969482422,155.7899932861328,0.0,253700
2019-04-18,145.50509643554688,153.91000366210938,0.0,156.60000610351562,153.75,155.25,0.0,223900
2019-04-22,144.97567749023438,153.35000610351562,0.0,154.33999633789062,151.35000610351562,152.88999938964844,0.0,147200
2019-04-23,146.25189208984375,154.6999969482422,0.0,155.72000122070312,153.36000061035156,153.36000061035156,0.0,192500
2019-04-24,148.9274139404297,157.52999877929688,0.0,158.52000427246094,155.02000427246094,155.14999389648438,0.0,203900
2019-04-25,147.23516845703125,155.74000549316406,0.0,156.92999267578125,152.85000610351562,156.92999267578125,0.0,209600
2019-04-26,146.5166778564453,154.97999572753906,0.0,155.24000549316406,150.41000366210938,154.4600067138672,0.0,385800
2019-04-29,145.77928161621094,154.1999969482422,0.0,156.52999877929688,152.5500030517578,154.25,0.0,204800
2019-04-30,147.20680236816406,155.7100067138672,0.0,155.92999267578125,153.58999633789062,154.30999755859375,0.0,379500
2019-05-01,145.9683380126953,154.39999389648438,0.0,157.52000427246094,154.2100067138672,156.9600067138672,0.0,227300
2019-05-02,147.64169311523438,156.1699981689453,0.0,157.0,152.75,154.3300018310547,0.0,389000
2019-05-03,137.05328369140625,144.97000122070312,0.0,148.36000061035156,140.0,145.32000732421875,0.0,957600
2019-05-06,133.49864196777344,141.2100067138672,0.0,142.6199951171875,135.8699951171875,135.88999938964844,0.0,473200
2019-05-07,130.8610076904297,138.4199981689453,0.0,140.6300048828125,136.97000122070312,139.47999572753906,0.0,296400
2019-05-08,129.7548828125,137.25,0.0,139.50999450683594,135.8800048828125,137.13999938964844,0.0,271800
2019-05-09,129.26329040527344,136.72999572753906,0.0,137.35000610351562,132.58999633789062,135.11000061035156,0.0,331900
2019-05-10,128.71493530273438,136.14999389648438,0.0,136.9600067138672,132.82000732421875,135.39999389648438,0.0,344100
2019-05-13,119.61085510253906,126.5199966430664,0.0,133.7899932861328,125.68000030517578,131.39999389648438,0.0,493000
2019-05-14,121.32199096679688,128.3300018310547,0.0,130.4199981689453,127.0,128.3800048828125,0.0,305300
2019-05-15,122.11612701416016,129.1699981689453,0.0,130.1199951171875,125.91000366210938,127.04000091552734,0.0,182200
2019-05-16,121.71908569335938,128.75,0.0,130.47999572753906,126.56999969482422,129.14999389648438,0.0,382600
2019-05-17,117.89024353027344,124.69999694824219,0.0,128.8300018310547,123.94999694824219,126.97000122070312,0.0,303700
2019-05-20,114.62863159179688,121.25,0.0,123.7300033569336,120.31999969482422,121.80000305175781,0.0,360100
2019-05-21,116.26414489746094,122.9800033569336,0.0,124.37999725341797,122.22000122070312,122.56999969482422,0.0,358600
2019-05-22,114.68537139892578,121.30999755859375,0.0,123.72000122070312,121.30999755859375,121.93000030517578,0.0,175400
2019-05-23,112.2746353149414,118.76000213623047,0.0,119.54000091552734,117.0199966430664,119.31999969482422,0.0,306900
2019-05-24,112.82292938232422,119.33999633789062,0.0,120.91999816894531,119.05000305175781,119.7300033569336,0.0,161500
2019-05-28,110.38383483886719,116.76000213623047,0.0,120.05000305175781,116.69999694824219,119.44000244140625,0.0,294600
2019-05-29,111.0928726196289,117.51000213623047,0.0,118.19000244140625,114.83999633789062,116.04000091552734,0.0,279700
2019-05-30,111.95317840576172,118.41999816894531,0.0,119.93000030517578,116.26000213623047,116.26000213623047,0.0,298500
2019-05-31,110.09077453613281,116.44999694824219,0.0,119.05000305175781,116.22000122070312,116.5199966430664,0.0,210700
2019-06-03,112.65277099609375,119.16000366210938,0.0,120.41999816894531,117.11000061035156,117.25,0.0,483800
2019-06-04,118.29676818847656,125.12999725341797,0.0,125.16999816894531,120.16000366210938,123.97000122070312,0.0,419600
2019-06-05,118.86398315429688,125.7300033569336,0.0,126.69000244140625,123.3499984741211,126.37999725341797,0.0,275000
2019-06-06,116.88809967041016,123.63999938964844,0.0,125.55000305175781,122.38999938964844,125.44000244140625,0.0,205100
2019-06-07,118.25894165039062,125.08999633789062,0.0,125.2300033569336,123.11000061035156,124.36000061035156,0.0,229600
2019-06-10,123.44911193847656,130.5800018310547,0.0,131.99000549316406,125.94999694824219,126.23999786376953,0.0,412000
2019-06-11,124.00691223144531,131.1699981689453,0.0,133.30999755859375,129.72000122070312,132.4499969482422,0.0,272300
2019-06-12,120.5845947265625,127.55000305175781,0.0,130.2899932861328,127.43000030517578,130.2899932861328,0.0,203600
2019-06-13,122.8535385131836,129.9499969482422,0.0,130.08999633789062,128.27000427246094,128.3000030517578,0.0,208500
2019-06-14,119.50685119628906,126.41000366210938,0.0,128.22999572753906,125.81999969482422,125.81999969482422,0.0,358500
2019-06-17,119.20433807373047,126.08999633789062,0.0,127.56999969482422,126.05000305175781,126.75,0.0,200900
2019-06-18,123.34513854980469,130.47000122070312,0.0,132.07000732421875,126.45999908447266,127.38999938964844,0.0,368100
2019-06-19,121.33147430419922,128.33999633789062,0.0,131.44000244140625,127.91000366210938,131.44000244140625,0.0,283700
2019-06-20,123.20330810546875,130.32000732421875,0.0,131.85000610351562,129.38999938964844,131.30999755859375,0.0,186800
2019-06-21,121.794677734375,128.8300018310547,0.0,130.4499969482422,128.49000549316406,129.88999938964844,0.0,410800
2019-06-24,120.5373306274414,127.5,0.0,129.64999389648438,127.2300033569336,129.4600067138672,0.0,256700
2019-06-25,117.46479797363281,124.25,0.0,128.6300048828125,124.18000030517578,127.51000213623047,0.0,352300
2019-06-26,121.72852325439453,128.75999450683594,0.0,130.0399932861328,126.08000183105469,126.75,0.0,535600
2019-06-27,125.95812225341797,132.82000732421875,0.4,133.4199981689453,129.3000030517578,129.39999389648438,0.0,459000
2019-06-28,128.76519775390625,135.77999877929688,0.0,137.58999633789062,132.61000061035156,133.60000610351562,0.0,757400
2019-07-01,131.55331420898438,138.72000122070312,0.0,143.9600067138672,137.2899932861328,139.69000244140625,0.0,506100
2019-07-02,129.3910675048828,136.44000244140625,0.0,138.55999755859375,135.5500030517578,138.55999755859375,0.0,317900
2019-07-03,129.22036743164062,136.25999450683594,0.0,137.4600067138672,134.25999450683594,136.6699981689453,0.0,635800
2019-07-05,130.0359344482422,137.1199951171875,0.0,137.27999877929688,134.97999572753906,135.3000030517578,0.0,202300
2019-07-08,128.98330688476562,136.00999450683594,0.0,136.97000122070312,135.19000244140625,135.77000427246094,0.0,206900
2019-07-09,131.57228088378906,138.74000549316406,0.0,138.85000610351562,135.38999938964844,135.52000427246094,0.0,216600
2019-07-10,133.51634216308594,140.7899932861328,0.0,142.22000122070312,139.7899932861328,140.1300048828125,0.0,276300
2019-07-11,133.4025421142578,140.6699981689453,0.0,141.97999572753906,139.61000061035156,141.36000061035156,0.0,321900
2019-07-12,135.9156036376953,143.32000732421875,0.0,143.52999877929688,140.6199951171875,141.67999267578125,0.0,241000
2019-07-15,136.38037109375,143.80999755859375,0.0,144.41000366210938,142.33999633789062,143.72000122070312,0.0,181700
2019-07-16,135.72598266601562,143.1199951171875,0.0,144.7100067138672,141.6199951171875,143.7100067138672,0.0,242300
2019-07-17,135.3845977783203,142.75999450683594,0.0,144.77999877929688,142.16000366210938,143.69000244140625,0.0,216200
2019-07-18,138.39080810546875,145.92999267578125,0.0,146.5,142.91000366210938,142.91000366210938,0.0,205500
2019-07-19,137.46142578125,144.9499969482422,0.0,146.7899932861328,144.8800048828125,146.5,0.0,272900
2019-07-22,137.80279541015625,145.30999755859375,0.0,147.41000366210938,143.02999877929688,145.75999450683594,0.0,244100
2019-07-23,139.1115264892578,146.69000244140625,0.0,146.92999267578125,145.13999938964844,146.60000610351562,0.0,254900
2019-07-24,145.38954162597656,153.30999755859375,0.0,153.7899932861328,147.0800018310547,147.08999633789062,0.0,377900
2019-07-25,142.17466735839844,149.9199981689453,0.0,152.83999633789062,143.1199951171875,152.07000732421875,0.0,211300
2019-07-26,143.179931640625,150.97999572753906,0.0,152.88999938964844,150.0500030517578,151.35000610351562,0.0,174900
2019-07-29,142.7910919189453,150.57000732421875,0.0,151.1199951171875,149.69000244140625,150.97999572753906,0.0,159300
2019-07-30,143.11354064941406,150.91000366210938,0.0,151.8000030517578,148.49000549316406,149.1999969482422,0.0,193100
2019-07-31,140.50563049316406,148.16000366210938,0.0,152.36000061035156,146.77000427246094,151.10000610351562,0.0,517900
2019-08-01,142.013427734375,149.75,0.0,161.5,147.72999572753906,156.99000549316406,0.0,584800
2019-08-02,139.03567504882812,146.61000061035156,0.0,151.16000366210938,146.07000732421875,148.9600067138672,0.0,274900
2019-08-05,134.89141845703125,142.24000549316406,0.0,142.3800048828125,139.0,141.47999572753906,0.0,478200
2019-08-06,137.74591064453125,145.25,0.0,146.88999938964844,143.8800048828125,144.5500030517578,0.0,234000
2019-08-07,138.732177734375,146.2899932861328,0.0,146.9499969482422,142.75,142.75,0.0,227100
2019-08-08,144.56448364257812,152.44000244140625,0.0,152.64999389648438,146.07000732421875,147.52000427246094,0.0,329700
2019-08-09,141.48243713378906,149.19000244140625,0.0,151.27000427246094,147.8300018310547,150.97999572753906,0.0,178400
2019-08-12,137.8692169189453,145.3800048828125,0.0,148.80999755859375,145.3800048828125,147.63999938964844,0.0,215500
2019-08-13,143.35057067871094,151.16000366210938,0.0,152.27000427246094,144.49000549316406,144.49000549316406,0.0,264800
2019-08-14,136.55101013183594,143.99000549316406,0.0,148.99000549316406,143.82000732421875,147.08999633789062,0.0,316900
2019-08-15,137.64161682128906,145.13999938964844,0.0,146.07000732421875,143.99000549316406,145.02999877929688,0.0,215600
2019-08-16,143.54974365234375,151.3699951171875,0.0,151.97000122070312,145.7899932861328,145.7899932861328,0.0,287800
2019-08-19,145.5791778564453,153.50999450683594,0.0,156.0,153.1699981689453,154.0,0.0,272000
2019-08-20,144.59295654296875,152.47000122070312,0.0,154.17999267578125,151.24000549316406,152.77000427246094,0.0,212500
2019-08-21,146.44215393066406,154.4199981689453,0.0,154.92999267578125,151.9499969482422,153.39999389648438,0.0,214200
2019-08-22,147.34310913085938,155.3699951171875,0.0,156.1300048828125,151.52999877929688,154.6300048828125,0.0,170500
2019-08-23,140.44874572753906,148.10000610351562,0.0,153.89999389648438,147.60000610351562,153.32000732421875,0.0,241400
2019-08-26,140.89439392089844,148.57000732421875,0.0,150.5399932861328,147.7899932861328,150.5399932861328,0.0,160500
2019-08-27,138.96925354003906,146.5399932861328,0.0,150.66000366210938,146.3800048828125,150.0,0.0,178700
2019-08-28,139.4245147705078,147.02000427246094,0.0,147.4199981689453,144.17999267578125,145.69000244140625,0.0,303000
2019-08-29,142.64883422851562,150.4199981689453,0.0,152.27000427246094,149.72999572753906,149.72999572753906,0.0,167300
2019-08-30,142.7815399169922,150.55999755859375,0.0,152.14999389648438,149.4199981689453,151.61000061035156,0.0,155900
2019-09-03,138.71324157714844,146.27000427246094,0.0,150.63999938964844,146.0500030517578,149.57000732421875,0.0,334300
2019-09-04,141.98497009277344,149.72000122070312,0.0,149.80999755859375,147.6199951171875,148.5,0.0,164200
2019-09-05,148.00697326660156,156.07000732421875,0.0,157.1300048828125,152.60000610351562,152.60000610351562,0.0,205800
2019-09-06,147.94061279296875,156.0,0.0,157.13999938964844,154.99000549316406,155.60000610351562,0.0,207400
2019-09-09,145.8731689453125,153.82000732421875,0.0,157.8000030517578,153.52000427246094,156.5800018310547,0.0,296900
2019-09-10,145.0101776123047,152.91000366210938,0.0,154.0399932861328,151.27999877929688,153.69000244140625,0.0,283800
2019-09-11,149.38204956054688,157.52000427246094,0.0,157.63999938964844,152.9600067138672,153.67999267578125,0.0,202100
2019-09-12,152.9857177734375,161.32000732421875,0.0,161.83999633789062,156.52000427246094,158.89999389648438,0.0,263200
2019-09-13,153.2037811279297,161.5500030517578,0.0,163.2100067138672,159.9499969482422,162.0,0.0,194200
2019-09-16,152.01841735839844,160.3000030517578,0.0,161.5399932861328,158.75999450683594,161.5399932861328,0.0,179200
2019-09-17,149.74241638183594,157.89999389648438,0.0,160.52000427246094,157.63999938964844,159.89999389648438,0.0,239700
2019-09-18,150.15965270996094,158.33999633789062,0.0,159.17999267578125,156.25999450683594,158.17999267578125,0.0,322300
2019-09-19,148.27249145507812,156.35000610351562,0.0,159.89999389648438,156.0800018310547,159.67999267578125,0.0,295700
2019-09-20,146.29994201660156,154.27000427246094,0.0,156.1699981689453,152.42999267578125,155.05999755859375,0.0,539700
2019-09-23,149.0595703125,157.17999267578125,0.0,158.08999633789062,153.57000732421875,154.69000244140625,0.0,221400
2019-09-24,149.1544189453125,157.27999877929688,0.0,160.63999938964844,155.1300048828125,159.00999450683594,0.0,288200
2019-09-25,151.6959686279297,159.9600067138672,0.0,161.02000427246094,154.72000122070312,156.9600067138672,0.0,306400
2019-09-26,151.9425506591797,160.22000122070312,0.0,161.5399932861328,158.69000244140625,159.97000122070312,0.0,216700
2019-09-27,148.9002685546875,156.6199951171875,0.4,160.6699981689453,155.14999389648438,160.6699981689453,0.0,350300
2019-09-30,147.95907592773438,155.6300048828125,0.0,157.49000549316406,154.1300048828125,157.49000549316406,0.0,599600
2019-10-01,145.7914581298828,153.35000610351562,0.0,159.25,153.1699981689453,157.0,0.0,378500
2019-10-02,142.54002380371094,149.92999267578125,0.0,151.6999969482422,148.02999877929688,151.5399932861328,0.0,459300
2019-10-03,144.25128173828125,151.72999572753906,0.0,153.1999969482422,146.9499969482422,149.61000061035156,0.0,666100
2019-10-04,145.39212036132812,152.92999267578125,0.0,153.30999755859375,151.25,152.4199981689453,0.0,360300
2019-10-07,141.85546875,149.2100067138672,0.0,153.0,148.83999633789062,152.25,0.0,478300
2019-10-08,134.82017517089844,141.80999755859375,0.0,147.8699951171875,141.61000061035156,147.69000244140625,0.0,518600
2019-10-09,128.48849487304688,135.14999389648438,0.0,138.4499969482422,131.1300048828125,132.94000244140625,0.0,2067100
2019-10-10,130.2663116455078,137.02000427246094,0.0,139.55999755859375,133.89999389648438,133.89999389648438,0.0,745300
2019-10-11,131.32164001464844,138.1300048828125,0.0,140.88999938964844,136.36000061035156,139.0800018310547,0.0,925600
2019-10-14,135.4952850341797,142.52000427246094,0.0,142.72999572753906,137.8699951171875,138.30999755859375,0.0,530700
2019-10-15,137.48223876953125,144.61000061035156,0.0,144.69000244140625,141.74000549316406,142.77999877929688,0.0,368400
2019-10-16,134.86778259277344,141.86000061035156,0.0,145.05999755859375,141.75999450683594,143.72999572753906,0.0,528400
2019-10-17,135.68539428710938,142.72000122070312,0.0,143.88999938964844,142.24000549316406,142.8800048828125,0.0,382700
2019-10-18,135.10545349121094,142.11000061035156,0.0,143.0500030517578,139.92999267578125,141.99000549316406,0.0,299100
2019-10-21,138.23326110839844,145.39999389648438,0.0,145.88999938964844,143.27000427246094,143.27000427246094,0.0,355900
2019-10-22,137.10195922851562,144.2100067138672,0.0,146.00999450683594,142.9499969482422,145.32000732421875,0.0,569600
2019-10-23,143.26251220703125,150.69000244140625,0.0,152.4600067138672,143.00999450683594,146.0,0.0,928000
2019-10-24,142.834716796875,150.24000549316406,0.0,152.4600067138672,148.63999938964844,151.5500030517578,0.0,456000
2019-10-25,144.82174682617188,152.3300018310547,0.0,153.4199981689453,149.6699981689453,149.6699981689453,0.0,403500
2019-10-28,146.3142852783203,153.89999389648438,0.0,154.52999877929688,153.24000549316406,154.0500030517578,0.0,271500
2019-10-29,144.77418518066406,152.27999877929688,0.0,155.19000244140625,152.02999877929688,153.8699951171875,0.0,331600
2019-10-30,144.20375061035156,151.67999267578125,0.0,154.55999755859375,150.02000427246094,153.3800048828125,0.0,293600
2019-10-31,142.53048706054688,149.9199981689453,0.0,151.80999755859375,149.27999877929688,151.50999450683594,0.0,236100
2019-11-01,147.91151428222656,155.5800018310547,0.0,155.60000610351562,150.2899932861328,151.10000610351562,0.0,266700
2019-11-04,153.15940856933594,161.10000610351562,0.0,161.52000427246094,156.5399932861328,157.2899932861328,0.0,466100
2019-11-05,154.56646728515625,162.5800018310547,0.0,164.82000732421875,160.47999572753906,161.2100067138672,0.0,395500
2019-11-06,152.25625610351562,160.14999389648438,0.0,161.91000366210938,159.50999450683594,161.91000366210938,0.0,455100
2019-11-07,155.30804443359375,163.36000061035156,0.0,164.13999938964844,161.02999877929688,162.61000061035156,0.0,282200
2019-11-08,156.90524291992188,165.0399932861328,0.0,165.0800018310547,161.22999572753906,162.2899932861328,0.0,310800
2019-11-11,155.82142639160156,163.89999389648438,0.0,164.94000244140625,162.4199981689453,163.41000366210938,0.0,228700
2019-11-12,154.53794860839844,162.5500030517578,0.0,166.24000549316406,161.92999267578125,164.80999755859375,0.0,263800
2019-11-13,152.37037658691406,160.27000427246094,0.0,162.67999267578125,159.64999389648438,160.6199951171875,0.0,302800
2019-11-14,152.23728942871094,160.1300048828125,0.0,160.41000366210938,158.25,159.17999267578125,0.0,262300
2019-11-15,154.4904022216797,162.5,0.0,163.89999389648438,160.77999877929688,161.89999389648438,0.0,221600
2019-11-18,153.18797302246094,161.1300048828125,0.0,162.9199981689453,160.63999938964844,161.74000549316406,0.0,317800
2019-11-19,153.7869110107422,161.75999450683594,0.0,162.75999450683594,160.22000122070312,161.83999633789062,0.0,218100
2019-11-20,151.30552673339844,159.14999389648438,0.0,162.35000610351562,158.6300048828125,160.58999633789062,0.0,292400
2019-11-21,150.64956665039062,158.4600067138672,0.0,158.99000549316406,157.1199951171875,158.6699981689453,0.0,250800
2019-11-22,150.19320678710938,157.97999572753906,0.0,159.99000549316406,157.75999450683594,159.4499969482422,0.0,183100
2019-11-25,156.02108764648438,164.11000061035156,0.0,164.2899932861328,158.8300018310547,158.8300018310547,0.0,239000
2019-11-26,154.7566375732422,162.77999877929688,0.0,164.58999633789062,162.42999267578125,164.0500030517578,0.0,167300
2019-11-27,155.14639282226562,163.19000244140625,0.0,164.17999267578125,162.4199981689453,163.49000549316406,0.0,164400
2019-11-29,152.76010131835938,160.67999267578125,0.0,164.0,160.60000610351562,162.8699951171875,0.0,90900
2019-12-02,150.21224975585938,158.0,0.0,161.64999389648438,157.64999389648438,161.64999389648438,0.0,239500
2019-12-03,149.6798553466797,157.44000244140625,0.0,157.63999938964844,153.97999572753906,154.72999572753906,0.0,291400
2019-12-04,153.84396362304688,161.82000732421875,0.0,162.47999572753906,159.07000732421875,159.07000732421875,0.0,220800
2019-12-05,154.30984497070312,162.30999755859375,0.0,163.97000122070312,161.6699981689453,163.00999450683594,0.0,183100
2019-12-06,157.8083953857422,165.99000549316406,0.0,166.74000549316406,161.7100067138672,164.72000122070312,0.0,219500
2019-12-09,156.21124267578125,164.30999755859375,0.0,166.36000061035156,164.27999877929688,165.6699981689453,0.0,278200
2019-12-10,156.9812774658203,165.1199951171875,0.0,165.92999267578125,164.41000366210938,164.41000366210938,0.0,192200
2019-12-11,160.71759033203125,169.0500030517578,0.0,169.25,165.39999389648438,165.39999389648438,0.0,216400
2019-12-12,165.1859130859375,173.75,0.0,174.02000427246094,168.8699951171875,169.74000549316406,0.0,317400
2019-12-13,165.99404907226562,174.60000610351562,0.0,176.1300048828125,172.97000122070312,173.94000244140625,0.0,196200
2019-12-16,168.4944305419922,177.22999572753906,0.0,178.72999572753906,175.41000366210938,176.14999389648438,0.0,295700
2019-12-17,169.8444061279297,178.64999389648438,0.0,178.74000549316406,177.22999572753906,178.02000427246094,0.0,227000
2019-12-18,170.0250244140625,178.83999633789062,0.0,179.9600067138672,177.08999633789062,178.2899932861328,0.0,339400
2019-12-19,171.06129455566406,179.92999267578125,0.0,180.22999572753906,177.19000244140625,178.94000244140625,0.0,277800
2019-12-20,173.8753662109375,182.88999938964844,0.0,183.0399932861328,179.6199951171875,180.85000610351562,0.0,448000
2019-12-23,170.2437286376953,179.07000732421875,0.0,183.4600067138672,178.75,183.4600067138672,0.0,466600
2019-12-24,169.54969787597656,178.33999633789062,0.0,179.9499969482422,177.6300048828125,179.80999755859375,0.0,227100
2019-12-26,170.3292694091797,179.16000366210938,0.0,179.17999267578125,177.60000610351562,178.3699951171875,0.0,259700
2019-12-27,169.61627197265625,178.41000366210938,0.0,180.0,177.2100067138672,178.85000610351562,0.0,152200
2019-12-30,169.97828674316406,178.38999938964844,0.4,178.85000610351562,175.0800018310547,177.5800018310547,0.0,165400
2019-12-31,169.62576293945312,178.02000427246094,0.0,179.52999877929688,177.05999755859375,178.05999755859375,0.0,272000
2020-01-02,171.5218963623047,180.00999450683594,0.0,180.8699951171875,176.08999633789062,180.1199951171875,0.0,333700
2020-01-03,168.41563415527344,176.75,0.0,178.5,176.1199951171875,176.74000549316406,0.0,233300
2020-01-06,166.69100952148438,174.94000244140625,0.0,175.7899932861328,172.97999572753906,174.1300048828125,0.0,339900
2020-01-07,168.24411010742188,176.57000732421875,0.0,177.91000366210938,174.6199951171875,176.02999877929688,0.0,645300
2020-01-08,168.0250244140625,176.33999633789062,0.0,177.58999633789062,175.0800018310547,176.6999969482422,0.0,297500
2020-01-09,170.2927703857422,178.72000122070312,0.0,179.10000610351562,176.8699951171875,177.4499969482422,0.0,180600
2020-01-10,168.5299835205078,176.8699951171875,0.0,179.4600067138672,176.39999389648438,178.64999389648438,0.0,275000
2020-01-13,170.8549346923828,179.30999755859375,0.0,179.9499969482422,177.16000366210938,178.17999267578125,0.0,272400
2020-01-14,170.49282836914062,178.92999267578125,0.0,181.0,178.00999450683594,179.3000030517578,0.0,212200
2020-01-15,169.72105407714844,178.1199951171875,0.0,179.8300018310547,176.67999267578125,179.10000610351562,0.0,324300
2020-01-16,171.83631896972656,180.33999633789062,0.0,180.60000610351562,178.52999877929688,179.55999755859375,0.0,388200
2020-01-17,173.0465087890625,181.61000061035156,0.0,182.08999633789062,179.52000427246094,181.57000732421875,0.0,356100
2020-01-21,173.58961486816406,182.17999267578125,0.0,184.02999877929688,181.10000610351562,181.1199951171875,0.0,322100
2020-01-22,173.1227264404297,181.69000244140625,0.0,184.9199981689453,181.22000122070312,183.97999572753906,0.0,330800
2020-01-23,174.39952087402344,183.02999877929688,0.0,183.47000122070312,180.35000610351562,181.99000549316406,0.0,393400
2020-01-24,174.6472930908203,183.2899932861328,0.0,184.9499969482422,182.4499969482422,184.0,0.0,413900
2020-01-27,167.74867248535156,176.0500030517578,0.0,178.4600067138672,175.85000610351562,178.0,0.0,302600
2020-01-28,171.77919006347656,180.27999877929688,0.0,181.22000122070312,176.77999877929688,178.05999755859375,0.0,229800
2020-01-29,169.1302947998047,177.5,0.0,180.9499969482422,177.38999938964844,180.27999877929688,0.0,229100
2020-01-30,170.08319091796875,178.5,0.0,179.32000732421875,175.30999755859375,176.52999877929688,0.0,299700
2020-01-31,163.0987548828125,171.1699981689453,0.0,177.74000549316406,170.92999267578125,176.9499969482422,0.0,460500
2020-02-03,166.9482421875,175.2100067138672,0.0,175.64999389648438,171.2100067138672,172.4199981689453,0.0,340900
2020-02-04,174.00885009765625,182.6199951171875,0.0,182.97000122070312,177.91000366210938,179.83999633789062,0.0,284900
2020-02-05,178.17274475097656,186.99000549316406,0.0,186.99000549316406,182.27000427246094,185.27999877929688,0.0,425000
2020-02-06,173.28466796875,181.86000061035156,0.0,190.8800048828125,179.60000610351562,187.14999389648438,0.0,765700
2020-02-07,171.71253967285156,180.2100067138672,0.0,182.49000549316406,178.80999755859375,180.4600067138672,0.0,527000
2020-02-10,175.50479125976562,184.19000244140625,0.0,184.4199981689453,175.8300018310547,176.72999572753906,0.0,247300
2020-02-11,180.58348083496094,189.52000427246094,0.0,190.69000244140625,184.0500030517578,185.0,0.0,258900
2020-02-12,181.7364044189453,190.72999572753906,0.0,191.97999572753906,188.72000122070312,190.4499969482422,0.0,335700
2020-02-13,182.40342712402344,191.42999267578125,0.0,192.77999877929688,188.2100067138672,188.42999267578125,0.0,327200
2020-02-14,182.1747283935547,191.19000244140625,0.0,193.10000610351562,189.61000061035156,192.58999633789062,0.0,321600
2020-02-18,176.5911102294922,185.3300018310547,0.0,188.69000244140625,183.47000122070312,187.80999755859375,0.0,331300
2020-02-19,178.6206512451172,187.4600067138672,0.0,188.94000244140625,184.3000030517578,184.3000030517578,0.0,285300
2020-02-20,175.3809356689453,184.05999755859375,0.0,187.10000610351562,181.77999877929688,186.94000244140625,0.0,263900
2020-02-21,168.30130004882812,176.6300048828125,0.0,182.67999267578125,175.5500030517578,182.67999267578125,0.0,318900
2020-02-24,158.04867553710938,165.8699951171875,0.0,169.72999572753906,165.72000122070312,168.47000122070312,0.0,543200
2020-02-25,156.78135681152344,164.5399932861328,0.0,168.3000030517578,162.32000732421875,167.9499969482422,0.0,423300
2020-02-26,156.4764862060547,164.22000122070312,0.0,169.6199951171875,162.64999389648438,165.07000732421875,0.0,329800
2020-02-27,149.80653381347656,157.22000122070312,0.0,161.8800048828125,155.27000427246094,159.19000244140625,0.0,364000
2020-02-28,151.1595916748047,158.63999938964844,0.0,160.60000610351562,150.3699951171875,150.97000122070312,0.0,448100
2020-03-02,156.38119506835938,164.1199951171875,0.0,164.57000732421875,156.35000610351562,160.86000061035156,0.0,370600
2020-03-03,154.56126403808594,162.2100067138672,0.0,168.25999450683594,159.1199951171875,165.19000244140625,0.0,429700
2020-03-04,163.45126342773438,171.5399932861328,0.0,171.7899932861328,162.7899932861328,165.47999572753906,0.0,277500
2020-03-05,164.2041015625,172.3300018310547,0.0,177.1999969482422,166.75,169.3699951171875,0.0,447500
2020-03-06,158.22972106933594,166.05999755859375,0.0,169.88999938964844,161.11000061035156,167.10000610351562,0.0,391700
2020-03-09,141.50723266601562,148.50999450683594,0.0,159.05999755859375,148.22000122070312,151.36000061035156,0.0,432400
2020-03-10,155.90476989746094,163.6199951171875,0.0,163.75,152.6300048828125,154.19000244140625,0.0,582200
2020-03-11,148.45347595214844,155.8000030517578,0.0,163.00999450683594,152.8699951171875,159.86000061035156,0.0,475800
2020-03-12,139.10614013671875,145.99000549316406,0.0,156.80999755859375,139.58999633789062,145.3000030517578,0.0,612600
2020-03-13,162.51756286621094,170.55999755859375,0.0,170.77999877929688,142.44000244140625,155.19000244140625,0.0,660800
2020-03-16,129.55857849121094,135.97000122070312,0.0,159.9600067138672,135.97000122070312,151.5,0.0,703500
2020-03-17,151.59796142578125,159.10000610351562,0.0,160.80999755859375,136.3800048828125,139.25,0.0,577100
2020-03-18,134.95167541503906,141.6300048828125,0.0,155.08999633789062,136.64999389648438,145.77999877929688,0.0,508700
2020-03-19,143.34628295898438,150.44000244140625,0.0,154.35000610351562,138.44000244140625,141.5500030517578,0.0,504300
2020-03-20,128.8439483642578,135.22000122070312,0.0,156.8800048828125,135.22000122070312,151.60000610351562,0.0,636600
2020-03-23,133.25563049316406,139.85000610351562,0.0,142.41000366210938,130.1199951171875,138.39999389648438,0.0,480800
2020-03-24,154.82806396484375,162.49000549316406,0.0,163.1699981689453,146.89999389648438,150.6999969482422,0.0,485200
2020-03-25,150.84519958496094,158.30999755859375,0.0,169.36000061035156,157.0500030517578,162.3300018310547,0.0,550900
2020-03-26,166.5385284423828,174.77999877929688,0.0,174.8300018310547,159.17999267578125,159.52999877929688,0.0,541000
2020-03-27,154.07530212402344,161.6999969482422,0.0,169.99000549316406,161.25,168.10000610351562,0.0,471400
2020-03-30,157.88893127441406,165.19000244140625,0.5,168.50999450683594,160.0,163.88999938964844,0.0,279000
2020-03-31,160.0586395263672,167.4600067138672,0.0,170.0,162.13999938964844,163.97999572753906,0.0,467000
2020-04-01,152.37399291992188,159.4199981689453,0.0,168.5500030517578,154.7899932861328,160.55999755859375,0.0,454300
2020-04-02,150.55795288085938,157.52000427246094,0.0,159.55999755859375,152.1699981689453,158.86000061035156,0.0,399800
2020-04-03,146.63912963867188,153.4199981689453,0.0,158.5399932861328,151.02000427246094,156.49000549316406,0.0,212800
2020-04-06,162.48634338378906,170.0,0.0,170.0,160.27999877929688,160.6300048828125,0.0,391600
2020-04-07,159.4755859375,166.85000610351562,0.0,176.6199951171875,164.75999450683594,170.0,0.0,580400
2020-04-08,165.81256103515625,173.47999572753906,0.0,176.66000366210938,168.7899932861328,170.4600067138672,0.0,487800
2020-04-09,160.50784301757812,167.92999267578125,0.0,176.82000732421875,165.02999877929688,175.75,0.0,416900
2020-04-13,164.30238342285156,171.89999389648438,0.0,173.08999633789062,164.25,167.5800018310547,0.0,228600
2020-04-14,175.75296020507812,183.8800048828125,0.0,184.75999450683594,174.36000061035156,176.19000244140625,0.0,311400
2020-04-15,170.62020874023438,178.50999450683594,0.0,180.82000732421875,177.08999633789062,178.97000122070312,0.0,346500
2020-04-16,175.67645263671875,183.8000030517578,0.0,184.94000244140625,179.1999969482422,180.58999633789062,0.0,325000
2020-04-17,177.5593719482422,185.77000427246094,0.0,189.0,182.6999969482422,185.0,0.0,292800
2020-04-20,176.08737182617188,184.22999572753906,0.0,186.39999389648438,181.24000549316406,182.4499969482422,0.0,191500
2020-04-21,169.30128479003906,177.1300048828125,0.0,183.25,173.5800018310547,181.49000549316406,0.0,296700
2020-04-22,176.6131591796875,184.77999877929688,0.0,186.94000244140625,182.24000549316406,183.0399932861328,0.0,384100
2020-04-23,173.2582550048828,181.27000427246094,0.0,188.6699981689453,180.64999389648438,184.8300018310547,0.0,285300
2020-04-24,177.8174285888672,186.0399932861328,0.0,186.47000122070312,178.80999755859375,183.60000610351562,0.0,254500
2020-04-27,185.30140686035156,193.8699951171875,0.0,194.4199981689453,187.52999877929688,189.25,0.0,274500
2020-04-28,182.85450744628906,191.30999755859375,0.0,198.86000061035156,190.8800048828125,196.0,0.0,390900
2020-04-29,194.55357360839844,203.5500030517578,0.0,208.80999755859375,196.5,198.97999572753906,0.0,850300
2020-04-30,191.07440185546875,199.91000366210938,0.0,203.91000366210938,198.3000030517578,202.2100067138672,0.0,320900
2020-05-01,180.64659118652344,189.0,0.0,198.47000122070312,187.58999633789062,195.39999389648438,0.0,457800
2020-05-04,181.38255310058594,189.77000427246094,0.0,190.47999572753906,180.9600067138672,186.61000061035156,0.0,324000
2020-05-05,188.2357177734375,196.94000244140625,0.0,200.4499969482422,194.0,194.72999572753906,0.0,329400
2020-05-06,191.8772430419922,200.75,0.0,203.30999755859375,196.9600067138672,200.61000061035156,0.0,303800
2020-05-07,194.09475708007812,203.07000732421875,0.0,207.97999572753906,200.85000610351562,204.1999969482422,0.0,358500
2020-05-08,201.93231201171875,211.27000427246094,0.0,211.80999755859375,204.6699981689453,204.72000122070312,0.0,384700
2020-05-11,201.19638061523438,210.5,0.0,213.5,207.3699951171875,209.74000549316406,0.0,587900
2020-05-12,200.24057006835938,209.5,0.0,219.5800018310547,209.0800018310547,211.0500030517578,0.0,429500
2020-05-13,190.95016479492188,199.77999877929688,0.0,210.92999267578125,197.0500030517578,209.5399932861328,0.0,478900
2020-05-14,192.07798767089844,200.9600067138672,0.0,200.99000549316406,192.02000427246094,198.07000732421875,0.0,379500
2020-05-15,184.47935485839844,193.00999450683594,0.0,196.85000610351562,189.44000244140625,196.0,0.0,486300
2020-05-18,195.7674102783203,204.82000732421875,0.0,206.88999938964844,197.5,197.6999969482422,0.0,398900
2020-05-19,192.89044189453125,201.80999755859375,0.0,209.3300018310547,201.80999755859375,204.3000030517578,0.0,309900
2020-05-20,200.25010681152344,209.50999450683594,0.0,209.72000122070312,203.97999572753906,205.83999633789062,0.0,312900
2020-05-21,193.49256896972656,202.44000244140625,0.0,209.86000061035156,201.5500030517578,207.13999938964844,0.0,262900
2020-05-22,193.24403381347656,202.17999267578125,0.0,203.75,198.9499969482422,203.10000610351562,0.0,263200
2020-05-26,195.83428955078125,204.88999938964844,0.0,209.75999450683594,204.0,208.2899932861328,0.0,337600
2020-05-27,200.48904418945312,209.75999450683594,0.0,210.5399932861328,202.00999450683594,206.77000427246094,0.0,317800
2020-05-28,196.08277893066406,205.14999389648438,0.0,214.75999450683594,203.72999572753906,210.86000061035156,0.0,297100
2020-05-29,200.47950744628906,209.75,0.0,210.94000244140625,204.36000061035156,207.4199981689453,0.0,286000
2020-06-01,203.95858764648438,213.38999938964844,0.0,214.91000366210938,207.83999633789062,208.44000244140625,0.0,271800
2020-06-02,209.76992797851562,219.47000122070312,0.0,219.74000549316406,211.0,213.6300048828125,0.0,267100
2020-06-03,217.35899353027344,227.41000366210938,0.0,229.30999755859375,221.6199951171875,221.64999389648438,0.0,396800
2020-06-04,218.95516967773438,229.0800018310547,0.0,229.60000610351562,224.8800048828125,224.8800048828125,0.0,338600
2020-06-05,224.75685119628906,235.14999389648438,0.0,238.94000244140625,232.52999877929688,232.52999877929688,0.0,564900
2020-06-08,219.4904327392578,229.63999938964844,0.0,237.02999877929688,228.0800018310547,237.02999877929688,0.0,319400
2020-06-09,216.50828552246094,226.52000427246094,0.0,228.4199981689453,224.1699981689453,226.60000610351562,0.0,286200
2020-06-10,219.69113159179688,229.85000610351562,0.0,232.9600067138672,227.1199951171875,227.72000122070312,0.0,250300
2020-06-11,201.6742401123047,211.0,0.0,223.91000366210938,210.89999389648438,223.2100067138672,0.0,438500
2020-06-12,204.5416717529297,214.0,0.0,219.0,208.5399932861328,216.25999450683594,0.0,383700
2020-06-15,210.10443115234375,219.82000732421875,0.0,220.75,208.57000732421875,209.8300018310547,0.0,413600
2020-06-16,213.52615356445312,223.39999389648438,0.0,229.47999572753906,221.14999389648438,225.4199981689453,0.0,349600
2020-06-17,215.35179138183594,225.30999755859375,0.0,227.99000549316406,222.57000732421875,226.08999633789062,0.0,379600
2020-06-18,213.14389038085938,223.0,0.0,226.97000122070312,222.83999633789062,225.69000244140625,0.0,232800
2020-06-19,212.03514099121094,221.83999633789062,0.0,225.97999572753906,219.0399932861328,225.9499969482422,0.0,595000
2020-06-22,216.6421356201172,226.66000366210938,0.0,226.82000732421875,220.8000030517578,224.4600067138672,0.0,315600
2020-06-23,216.431884765625,226.44000244140625,0.0,233.77999877929688,225.63999938964844,228.97999572753906,0.0,296900
2020-06-24,210.2095184326172,219.92999267578125,0.0,227.35000610351562,217.9199981689453,225.86000061035156,0.0,289000
2020-06-25,218.47726440429688,228.5800018310547,0.0,228.77999877929688,215.92999267578125,221.32000732421875,0.0,335800
2020-06-26,216.250244140625,226.25,0.0,231.77000427246094,222.55999755859375,229.41000366210938,0.0,657600
2020-06-29,220.2734832763672,229.9499969482422,0.5,230.2100067138672,223.75,224.58999633789062,0.0,406400
2020-06-30,227.02682495117188,237.0,0.0,237.4600067138672,230.0,230.6199951171875,0.0,367500
2020-07-01,225.6378173828125,235.5500030517578,0.0,238.5,232.49000549316406,236.2100067138672,0.0,519900
2020-07-02,227.15135192871094,237.1300048828125,0.0,240.36000061035156,235.33999633789062,237.57000732421875,0.0,265900
2020-07-06,231.95053100585938,242.13999938964844,0.0,243.41000366210938,239.8000030517578,241.99000549316406,0.0,292600
2020-07-07,233.73228454589844,244.0,0.0,247.8800048828125,241.39999389648438,242.42999267578125,0.0,306400
2020-07-08,237.1136932373047,247.52999877929688,0.0,248.7899932861328,243.72999572753906,246.86000061035156,0.0,227500
2020-07-09,238.98165893554688,249.47999572753906,0.0,251.27999877929688,244.1699981689453,250.08999633789062,0.0,432000
2020-07-10,237.47769165039062,247.91000366210938,0.0,251.67999267578125,245.1699981689453,251.4600067138672,0.0,219400
2020-07-13,232.21876525878906,242.4199981689453,0.0,255.69000244140625,241.92999267578125,251.22999572753906,0.0,223600
2020-07-14,239.01998901367188,249.52000427246094,0.0,250.10000610351562,236.74000549316406,241.5800018310547,0.0,328000
2020-07-15,236.3378448486328,246.72000122070312,0.0,251.2100067138672,241.6199951171875,250.27000427246094,0.0,290100
2020-07-16,235.2074432373047,245.5399932861328,0.0,247.0399932861328,242.10000610351562,245.07000732421875,0.0,138300
2020-07-17,238.92420959472656,249.4199981689453,0.0,251.27999877929688,245.60000610351562,247.41000366210938,0.0,181400
2020-07-20,241.93203735351562,252.55999755859375,0.0,253.77000427246094,248.72999572753906,249.33999633789062,0.0,243500
2020-07-21,238.2440643310547,248.7100067138672,0.0,254.97999572753906,247.52999877929688,254.00999450683594,0.0,275200
2020-07-22,238.7709197998047,249.25999450683594,0.0,251.52000427246094,246.0399932861328,249.52999877929688,0.0,265300
2020-07-23,234.8817901611328,245.1999969482422,0.0,252.3000030517578,243.1199951171875,249.92999267578125,0.0,347000
2020-07-24,234.81472778320312,245.1300048828125,0.0,249.63999938964844,239.0800018310547,243.22000122070312,0.0,412900
2020-07-27,243.20606994628906,253.88999938964844,0.0,254.9199981689453,248.4600067138672,248.5399932861328,0.0,304200
2020-07-28,237.06588745117188,247.47999572753906,0.0,253.66000366210938,247.13999938964844,253.5399932861328,0.0,294500
2020-07-29,252.7757110595703,263.8800048828125,0.0,264.2900085449219,250.0,252.77999877929688,0.0,688100
2020-07-30,258.39874267578125,269.75,0.0,271.7900085449219,261.3900146484375,261.3900146484375,0.0,337200
2020-07-31,253.8580780029297,265.010009765625,0.0,271.94000244140625,260.489990234375,271.6199951171875,0.0,352700
2020-08-03,257.143798828125,268.44000244140625,0.0,272.92999267578125,267.2699890136719,268.67999267578125,0.0,315700
2020-08-04,264.0216979980469,275.6199951171875,0.0,275.8399963378906,267.760009765625,267.760009765625,0.0,285300
2020-08-05,266.3398132324219,278.0400085449219,0.0,278.2300109863281,270.75,277.1099853515625,0.0,367200
2020-08-06,270.6122131347656,282.5,0.0,282.6000061035156,277.0,277.2900085449219,0.0,273300
2020-08-07,267.00079345703125,278.7300109863281,0.0,283.4800109863281,273.9599914550781,281.92999267578125,0.0,225500
2020-08-10,260.6881103515625,272.1400146484375,0.0,279.17999267578125,271.0,278.1099853515625,0.0,301600
2020-08-11,258.8105773925781,270.17999267578125,0.0,275.3900146484375,266.7900085449219,269.6199951171875,0.0,298100
2020-08-12,268.2173767089844,280.0,0.0,280.32000732421875,271.489990234375,273.2699890136719,0.0,221700
2020-08-13,267.37432861328125,279.1199951171875,0.0,282.44000244140625,277.2900085449219,280.0,0.0,189300
2020-08-14,264.2515563964844,275.8599853515625,0.0,281.82000732421875,274.6199951171875,280.19000244140625,0.0,164300
2020-08-17,269.5392761230469,281.3800048828125,0.0,282.6499938964844,278.3299865722656,279.2200012207031,0.0,206500
2020-08-18,263.8109436035156,275.3999938964844,0.0,282.3900146484375,275.0199890136719,281.3800048828125,0.0,253200
2020-08-19,262.9391784667969,274.489990234375,0.0,278.8699951171875,273.5299987792969,276.2099914550781,0.0,232300
2020-08-20,259.4140319824219,270.80999755859375,0.0,274.8699951171875,269.30999755859375,271.8599853515625,0.0,272700
2020-08-21,261.2724304199219,272.75,0.0,273.5400085449219,268.29998779296875,270.80999755859375,0.0,157100
2020-08-24,256.82769775390625,268.1099853515625,0.0,275.94000244140625,266.010009765625,275.7900085449219,0.0,268700
2020-08-25,260.1421203613281,271.57000732421875,0.0,271.8399963378906,268.6700134277344,268.6700134277344,0.0,230400
2020-08-26,258.2070617675781,269.54998779296875,0.0,272.7200012207031,266.8500061035156,272.1099853515625,0.0,226000
2020-08-27,252.9001922607422,264.010009765625,0.0,270.25,262.5799865722656,270.25,0.0,312100
2020-08-28,258.1208801269531,269.4599914550781,0.0,269.79998779296875,264.1199951171875,264.1199951171875,0.0,172900
2020-08-31,255.88888549804688,267.1300048828125,0.0,273.2799987792969,266.04998779296875,269.7200012207031,0.0,322600
2020-09-01,261.1479187011719,272.6199951171875,0.0,272.8399963378906,262.5899963378906,268.0,0.0,464200
2020-09-02,270.94744873046875,282.8500061035156,0.0,284.5,273.0400085449219,276.32000732421875,0.0,291000
2020-09-03,252.01893615722656,263.0899963378906,0.0,278.3500061035156,261.04998779296875,278.3500061035156,0.0,382400
2020-09-04,245.04527282714844,255.80999755859375,0.0,265.6400146484375,246.0399932861328,263.2200012207031,0.0,381600
2020-09-08,232.419921875,242.6300048828125,0.0,252.9600067138672,241.94000244140625,246.02000427246094,0.0,344300
2020-09-09,236.18450927734375,246.55999755859375,0.0,249.3300018310547,243.97000122070312,248.1199951171875,0.0,444700
2020-09-10,232.95635986328125,243.19000244140625,0.0,249.86000061035156,241.9199981689453,248.5,0.0,295500
2020-09-11,227.0555877685547,237.02999877929688,0.0,245.47999572753906,235.6199951171875,242.4600067138672,0.0,396400
2020-09-14,237.1807861328125,247.60000610351562,0.0,248.42999267578125,242.3800048828125,242.77999877929688,0.0,253500
2020-09-15,247.78497314453125,258.6700134277344,0.0,269.1300048828125,252.0,257.17999267578125,0.0,536300
2020-09-16,239.70965576171875,250.24000549316406,0.0,261.7699890136719,249.2899932861328,260.8299865722656,0.0,302000
2020-09-17,241.5009765625,252.11000061035156,0.0,253.14999389648438,244.02999877929688,244.02999877929688,0.0,258200
2020-09-18,243.2539520263672,253.94000244140625,0.0,255.22999572753906,245.77000427246094,254.1300048828125,0.0,635800
2020-09-21,245.19854736328125,255.97000122070312,0.0,257.1499938964844,247.8699951171875,248.77999877929688,0.0,373700
2020-09-22,248.5608673095703,259.4800109863281,0.0,259.7300109863281,251.50999450683594,257.989990234375,0.0,407300
2020-09-23,241.45310974121094,252.05999755859375,0.0,258.760009765625,250.74000549316406,258.42999267578125,0.0,196100
2020-09-24,248.66619873046875,259.5899963378906,0.0,261.4100036621094,250.00999450683594,250.00999450683594,0.0,276300
2020-09-25,254.0210418701172,265.17999267578125,0.0,265.9100036621094,255.10000610351562,259.5799865722656,0.0,242900
2020-09-28,263.31280517578125,274.8800048828125,0.0,275.3399963378906,269.2900085449219,272.0899963378906,0.0,344600
2020-09-29,265.4528503417969,276.6099853515625,0.5,279.2200012207031,273.2799987792969,273.2799987792969,0.0,189300
2020-09-30,268.33184814453125,279.6099853515625,0.0,282.8800048828125,275.4599914550781,275.4599914550781,0.0,263300
2020-10-01,269.0323486328125,280.3399963378906,0.0,285.3299865722656,278.1700134277344,280.8500061035156,0.0,348900
2020-10-02,261.3838806152344,272.3699951171875,0.0,277.45001220703125,271.7300109863281,274.7300109863281,0.0,254100
2020-10-05,271.10528564453125,282.5,0.0,282.760009765625,273.69000244140625,274.8399963378906,0.0,372400
2020-10-06,274.95361328125,286.510009765625,0.0,292.1000061035156,281.5899963378906,281.5899963378906,0.0,357300
2020-10-07,286.28717041015625,298.32000732421875,0.0,298.8299865722656,289.4800109863281,292.82000732421875,0.0,347300
2020-10-08,290.7784118652344,303.0,0.0,303.69000244140625,297.3299865722656,299.0,0.0,204100
2020-10-09,302.73577880859375,315.4599914550781,0.0,317.9700012207031,305.70001220703125,305.70001220703125,0.0,397400
2020-10-12,303.4459533691406,316.20001220703125,0.0,322.739990234375,314.19000244140625,319.6400146484375,0.0,311400
2020-10-13,302.75506591796875,315.4800109863281,0.0,320.07000732421875,314.42999267578125,315.8699951171875,0.0,265700
2020-10-14,301.70904541015625,314.3900146484375,0.0,317.8399963378906,312.79998779296875,315.4800109863281,0.0,333500
2020-10-15,307.9851989746094,320.92999267578125,0.0,322.8699951171875,306.1000061035156,309.17999267578125,0.0,272100
2020-10-16,302.4958801269531,315.2099914550781,0.0,325.17999267578125,314.010009765625,324.1400146484375,0.0,259800
2020-10-19,299.8088073730469,312.4100036621094,0.0,322.75,310.9800109863281,317.739990234375,0.0,384700
2020-10-20,303.1773376464844,315.9200134277344,0.0,318.5299987792969,313.1199951171875,313.5299987792969,0.0,237800
2020-10-21,298.6284484863281,311.17999267578125,0.0,318.7300109863281,310.8299865722656,317.2300109863281,0.0,255700
2020-10-22,302.1311950683594,314.8299865722656,0.0,318.2699890136719,309.7799987792969,311.8800048828125,0.0,252300
2020-10-23,308.4842224121094,321.45001220703125,0.0,321.75,314.1600036621094,316.3699951171875,0.0,233800
2020-10-26,304.16571044921875,316.95001220703125,0.0,324.44000244140625,310.55999755859375,317.8999938964844,0.0,241600
2020-10-27,306.9775390625,319.8800048828125,0.0,321.67999267578125,316.239990234375,319.3399963378906,0.0,260600
2020-10-28,291.50775146484375,303.760009765625,0.0,319.5,303.54998779296875,313.5400085449219,0.0,298000
2020-10-29,305.7779541015625,318.6300048828125,0.0,324.3800048828125,304.70001220703125,304.70001220703125,0.0,450700
2020-10-30,306.7088928222656,319.6000061035156,0.0,320.2900085449219,302.8800048828125,307.6199951171875,0.0,561900
2020-11-02,302.54388427734375,315.260009765625,0.0,326.9100036621094,313.04998779296875,325.8399963378906,0.0,342800
2020-11-03,301.70904541015625,314.3900146484375,0.0,322.4800109863281,313.3299865722656,319.79998779296875,0.0,391200
2020-11-04,322.31298828125,335.8599853515625,0.0,338.9200134277344,318.2699890136719,319.489990234375,0.0,667200
2020-11-05,342.2164306640625,356.6000061035156,0.0,357.4700012207031,338.260009765625,342.25,0.0,729100
2020-11-06,342.77301025390625,357.17999267578125,0.0,358.69000244140625,347.19000244140625,356.29998779296875,0.0,285500
2020-11-09,304.06011962890625,316.8399963378906,0.0,358.2900085449219,316.010009765625,356.79998779296875,0.0,826700
2020-11-10,297.2657470703125,309.760009765625,0.0,319.94000244140625,302.489990234375,314.55999755859375,0.0,567700
2020-11-11,304.6360168457031,317.44000244140625,0.0,322.0,313.3500061035156,313.5299987792969,0.0,599700
2020-11-12,298.2158508300781,310.75,0.0,319.5799865722656,309.45001220703125,318.7799987792969,0.0,309600
2020-11-13,294.56915283203125,306.95001220703125,0.0,317.6000061035156,303.239990234375,314.9200134277344,0.0,368100
2020-11-16,293.6573486328125,306.0,0.0,307.3399963378906,296.2099914550781,304.8599853515625,0.0,489600
2020-11-17,290.6345520019531,302.8500061035156,0.0,306.6499938964844,300.0,306.1300048828125,0.0,298400
2020-11-18,288.00494384765625,300.1099853515625,0.0,307.1300048828125,299.8299865722656,302.69000244140625,0.0,230800
2020-11-19,299.7225036621094,312.32000732421875,0.0,313.92999267578125,300.45001220703125,301.1000061035156,0.0,416500
2020-11-20,302.99493408203125,315.7300109863281,0.0,320.2099914550781,309.69000244140625,313.2099914550781,0.0,292100
2020-11-23,306.0370788574219,318.8999938964844,0.0,322.20001220703125,309.80999755859375,317.3599853515625,0.0,382100
2020-11-24,292.40020751953125,304.69000244140625,0.0,319.3999938964844,301.3900146484375,318.4200134277344,0.0,763400
2020-11-25,294.06048583984375,306.4200134277344,0.0,310.79998779296875,300.54998779296875,309.8800048828125,0.0,696100
2020-11-27,314.9044189453125,328.1400146484375,0.0,329.5199890136719,309.8699951171875,313.2099914550781,0.0,468000
2020-11-30,307.0543212890625,319.9599914550781,0.0,330.8699951171875,309.0,330.8699951171875,0.0,2944700
2020-12-01,306.9007568359375,319.79998779296875,0.0,327.7799987792969,317.8999938964844,322.19000244140625,0.0,391800
2020-12-02,307.88916015625,320.8299865722656,0.0,326.94000244140625,313.9599914550781,319.0799865722656,0.0,377500
2020-12-03,311.06573486328125,324.1400146484375,0.0,327.3800048828125,315.0199890136719,319.2300109863281,0.0,242900
2020-12-04,308.41705322265625,321.3800048828125,0.0,333.5899963378906,320.44000244140625,323.3999938964844,0.0,664500
2020-12-07,309.43426513671875,322.44000244140625,0.0,324.6000061035156,319.54998779296875,321.6000061035156,0.0,487400
2020-12-08,310.44195556640625,323.489990234375,0.0,325.3399963378906,317.9599914550781,321.8800048828125,0.0,371700
2020-12-09,296.1621398925781,308.6099853515625,0.0,322.6600036621094,305.8500061035156,321.45001220703125,0.0,467200
2020-12-10,294.8761291503906,307.2699890136719,0.0,313.4599914550781,305.8599853515625,307.3900146484375,0.0,615700
2020-12-11,294.20440673828125,306.57000732421875,0.0,313.75,303.6000061035156,306.3599853515625,0.0,656800
2020-12-14,306.574462890625,319.4599914550781,0.0,320.9100036621094,310.5,310.9599914550781,0.0,685100
2020-12-15,318.1864318847656,331.55999755859375,0.0,332.5799865722656,320.010009765625,322.4599914550781,0.0,918700
2020-12-16,318.63739013671875,332.0299987792969,0.0,334.0400085449219,325.07000732421875,333.6000061035156,0.0,686600
2020-12-17,327.6966857910156,341.4700012207031,0.0,345.6499938964844,334.20001220703125,334.44000244140625,0.0,431500
2020-12-18,334.1839599609375,348.2300109863281,0.0,351.1700134277344,340.4700012207031,345.07000732421875,0.0,912200
2020-12-21,332.59100341796875,346.57000732421875,0.0,349.6099853515625,343.0899963378906,343.44000244140625,0.0,514700
2020-12-22,339.7789001464844,354.05999755859375,0.0,355.57000732421875,347.1300048828125,347.4700012207031,0.0,570600
2020-12-23,339.61572265625,353.8900146484375,0.0,361.8800048828125,351.2699890136719,355.9700012207031,0.0,431200
2020-12-24,342.6674499511719,357.07000732421875,0.0,358.6099853515625,351.3699951171875,356.8299865722656,0.0,124100
2020-12-28,345.9207458496094,360.4599914550781,0.0,365.0299987792969,355.8800048828125,362.7799987792969,0.0,272700
2020-12-29,337.98431396484375,352.19000244140625,0.0,364.5199890136719,348.3999938964844,361.55999755859375,0.0,305700
2020-12-30,346.6719970703125,360.7300109863281,0.5,362.6400146484375,355.19000244140625,355.19000244140625,0.0,225600
2020-12-31,351.95770263671875,366.2300109863281,0.0,367.04998779296875,358.9599914550781,363.3800048828125,0.0,277200
2021-01-04,350.60260009765625,364.82000732421875,0.0,381.7799987792969,361.2300109863281,371.8999938964844,0.0,514000
2021-01-05,356.1188659667969,370.55999755859375,0.0,371.4100036621094,361.5400085449219,361.5400085449219,0.0,355800
2021-01-06,344.6250305175781,358.6000061035156,0.0,377.989990234375,356.8999938964844,363.20001220703125,0.0,632700
2021-01-07,366.39227294921875,381.25,0.0,382.2200012207031,364.20001220703125,365.4100036621094,0.0,348100
2021-01-08,372.312255859375,387.4100036621094,0.0,392.739990234375,382.5400085449219,386.9700012207031,0.0,413100
2021-01-11,377.16546630859375,392.4599914550781,0.0,396.0899963378906,382.5,384.42999267578125,0.0,523500
2021-01-12,376.2620544433594,391.5199890136719,0.0,397.3900146484375,386.0899963378906,397.3900146484375,0.0,330900
2021-01-13,373.0906982421875,388.2200012207031,0.0,396.19000244140625,387.80999755859375,391.239990234375,0.0,216200
2021-01-14,371.1494140625,386.20001220703125,0.0,393.69000244140625,385.1199951171875,389.92999267578125,0.0,278000
2021-01-15,364.4510192871094,379.2300109863281,0.0,387.0799865722656,375.3299865722656,386.79998779296875,0.0,477000
2021-01-19,376.06988525390625,391.32000732421875,0.0,395.25,383.2699890136719,386.2799987792969,0.0,416200
2021-01-20,380.97113037109375,396.4200134277344,0.0,401.1700134277344,394.2699890136719,396.3299865722656,0.0,282100
2021-01-21,387.4676208496094,403.17999267578125,0.0,404.30999755859375,395.0199890136719,401.0,0.0,208000
2021-01-22,381.4420471191406,396.9100036621094,0.0,406.3299865722656,393.5799865722656,398.79998779296875,0.0,164400
2021-01-25,376.06988525390625,391.32000732421875,0.0,406.75,383.489990234375,405.30999755859375,0.0,195600
2021-01-26,368.31439208984375,383.25,0.0,391.7200012207031,380.989990234375,391.25,0.0,266100
2021-01-27,338.0419616699219,351.75,0.0,377.2900085449219,351.0,375.0199890136719,0.0,524000
2021-01-28,353.63946533203125,367.9800109863281,0.0,372.25,354.7799987792969,361.239990234375,0.0,373600
2021-01-29,341.4440002441406,355.2900085449219,0.0,376.6700134277344,354.9800109863281,376.6700134277344,0.0,435000
2021-02-01,353.5913391113281,367.92999267578125,0.0,368.70001220703125,358.739990234375,363.4800109863281,0.0,283100
2021-02-02,359.97265625,374.57000732421875,0.0,378.260009765625,368.0,374.4800109863281,0.0,289900
2021-02-03,351.75579833984375,366.0199890136719,0.0,379.5,363.92999267578125,375.5400085449219,0.0,356100
2021-02-04,353.27435302734375,367.6000061035156,0.0,372.7699890136719,360.6700134277344,369.2099914550781,0.0,510200
2021-02-05,345.49957275390625,359.510009765625,0.0,392.489990234375,357.0,388.1000061035156,0.0,775500
2021-02-08,354.2545471191406,368.6199951171875,0.0,370.3900146484375,358.8999938964844,364.0,0.0,549900
2021-02-09,364.3837585449219,379.1600036621094,0.0,382.8399963378906,365.010009765625,367.07000732421875,0.0,1092200
2021-02-10,359.1749572753906,373.739990234375,0.0,383.7099914550781,370.57000732421875,379.9700012207031,0.0,657100
2021-02-11,369.6790466308594,384.6700134277344,0.0,386.0,371.0199890136719,379.8299865722656,0.0,10003300
2021-02-12,370.88031005859375,385.9200134277344,0.0,388.8500061035156,377.30999755859375,384.489990234375,0.0,421900
2021-02-16,372.8407897949219,387.9599914550781,0.0,398.8900146484375,386.3500061035156,387.739990234375,0.0,492500
2021-02-17,365.4601135253906,380.2799987792969,0.0,384.9599914550781,371.8500061035156,384.9599914550781,0.0,385400
2021-02-18,361.2315673828125,375.8800048828125,0.0,377.739990234375,367.45001220703125,375.739990234375,0.0,317000
2021-02-19,378.4051818847656,393.75,0.0,394.5,378.1600036621094,379.92999267578125,0.0,470600
2021-02-22,358.13714599609375,372.6600036621094,0.0,388.9700012207031,370.6499938964844,384.1400146484375,0.0,506400
2021-02-23,357.1760559082031,371.6600036621094,0.0,376.0,351.6499938964844,359.1000061035156,0.0,531200
2021-02-24,372.74468994140625,387.8599853515625,0.0,388.4200134277344,363.989990234375,370.30999755859375,0.0,438900
2021-02-25,348.45953369140625,362.5899963378906,0.0,386.239990234375,360.67999267578125,381.7099914550781,0.0,377600
2021-02-26,359.9245910644531,374.5199890136719,0.0,377.239990234375,364.1400146484375,368.4100036621094,0.0,448300
2021-03-01,373.8883972167969,389.04998779296875,0.0,391.7699890136719,379.0299987792969,380.95001220703125,0.0,444900
2021-03-02,356.1380615234375,370.5799865722656,0.0,390.44000244140625,369.2900085449219,390.44000244140625,0.0,354700
2021-03-03,340.98272705078125,354.80999755859375,0.0,373.3800048828125,354.4100036621094,370.2900085449219,0.0,367500
2021-03-04,315.1886291503906,327.9700012207031,0.0,352.1400146484375,325.9599914550781,350.54998779296875,0.0,808800
2021-03-05,319.9361267089844,332.9100036621094,0.0,338.4700012207031,309.1199951171875,334.3599853515625,0.0,659100
2021-03-08,290.2788391113281,302.04998779296875,0.0,333.6499938964844,301.510009765625,330.04998779296875,0.0,723000
2021-03-09,311.2389221191406,323.8599853515625,0.0,334.0199890136719,313.1300048828125,314.8299865722656,0.0,1054600
2021-03-10,310.8063659667969,323.4100036621094,0.0,334.3599853515625,322.739990234375,330.6400146484375,0.0,572200
2021-03-11,324.4433898925781,337.6000061035156,0.0,344.7300109863281,336.1700134277344,339.6400146484375,0.0,571100
2021-03-12,318.10064697265625,331.0,0.0,333.2900085449219,325.0400085449219,330.5799865722656,0.0,426800
2021-03-15,328.3259582519531,341.6400146484375,0.0,342.2799987792969,330.489990234375,332.489990234375,0.0,340700
2021-03-16,329.2966003417969,342.6499938964844,0.0,351.9100036621094,340.3699951171875,347.44000244140625,0.0,262400
2021-03-17,338.47442626953125,352.20001220703125,0.0,356.739990234375,330.79998779296875,335.4700012207031,0.0,694000
2021-03-18,322.6750793457031,335.760009765625,0.0,350.4599914550781,335.5899963378906,345.20001220703125,0.0,506700
2021-03-19,329.8058776855469,343.17999267578125,0.0,349.7900085449219,336.8399963378906,342.510009765625,0.0,1149900
2021-03-22,334.668701171875,348.239990234375,0.0,355.9200134277344,343.7699890136719,347.6499938964844,0.0,410200
2021-03-23,323.5785217285156,336.70001220703125,0.0,349.8999938964844,333.5,348.3399963378906,0.0,446900
2021-03-24,318.0910339355469,330.989990234375,0.0,338.95001220703125,330.8699951171875,338.7300109863281,0.0,255000
2021-03-25,318.657958984375,331.5799865722656,0.0,332.8999938964844,317.9599914550781,326.6600036621094,0.0,271300
2021-03-26,337.2923583984375,350.9700012207031,0.0,351.19000244140625,317.3399963378906,317.3399963378906,0.0,386900
2021-03-29,327.268798828125,340.5400085449219,0.0,350.8399963378906,336.0,350.3399963378906,0.0,536800
2021-03-30,329.82000732421875,342.5899963378906,0.6,344.8299865722656,333.9200134277344,338.0,0.0,360500
2021-03-31,340.0442199707031,353.2099914550781,0.0,357.1099853515625,345.45001220703125,345.45001220703125,0.0,428000
2021-04-01,353.82080078125,367.5199890136719,0.0,368.0400085449219,357.6300048828125,358.7900085449219,0.0,507600
2021-04-05,363.98724365234375,378.0799865722656,0.0,378.95001220703125,367.8500061035156,373.8699951171875,0.0,378000
2021-04-06,360.5791931152344,374.5400085449219,0.0,383.1400146484375,372.4599914550781,376.6000061035156,0.0,486500
2021-04-07,359.2121276855469,373.1199951171875,0.0,378.67999267578125,370.5899963378906,371.45001220703125,0.0,314900
2021-04-08,364.266357421875,378.3699951171875,0.0,383.19000244140625,374.19000244140625,379.2099914550781,0.0,352800
2021-04-09,362.8223571777344,376.8699951171875,0.0,377.9800109863281,368.2900085449219,374.5299987792969,0.0,293500
2021-04-12,359.9822082519531,373.9200134277344,0.0,377.5,367.5899963378906,375.4100036621094,0.0,283100
2021-04-13,362.48529052734375,376.5199890136719,0.0,379.2300109863281,371.29998779296875,374.9700012207031,0.0,192700
2021-04-14,356.1313171386719,369.9200134277344,0.0,383.0,369.1000061035156,375.0,0.0,251900
2021-04-15,367.3470764160156,381.57000732421875,0.0,383.6400146484375,374.32000732421875,374.6400146484375,0.0,237000
2021-04-16,364.50714111328125,378.6199951171875,0.0,386.5199890136719,375.3800048828125,382.1199951171875,0.0,322000
2021-04-19,355.8232421875,369.6000061035156,0.0,379.2099914550781,362.760009765625,377.0299987792969,0.0,238900
2021-04-20,350.7016296386719,364.2799987792969,0.0,371.3999938964844,361.94000244140625,370.5899963378906,0.0,266600
2021-04-21,363.4961853027344,377.57000732421875,0.0,377.8699951171875,362.1199951171875,362.8500061035156,0.0,234900
2021-04-22,358.30712890625,372.17999267578125,0.0,379.8999938964844,369.6700134277344,376.8399963378906,0.0,237200
2021-04-23,366.5961608886719,380.7900085449219,0.0,387.1300048828125,377.25,379.1300048828125,0.0,416200
2021-04-26,375.0103759765625,389.5299987792969,0.0,391.1000061035156,379.3399963378906,380.2900085449219,0.0,277900
2021-04-27,370.6492614746094,385.0,0.0,395.8900146484375,383.3500061035156,393.8999938964844,0.0,195100
2021-04-28,363.447998046875,377.5199890136719,0.0,382.19000244140625,375.42999267578125,382.19000244140625,0.0,257600
2021-04-29,357.2769470214844,371.1099853515625,0.0,384.8399963378906,368.1600036621094,381.5799865722656,0.0,290600
2021-04-30,347.90966796875,361.3800048828125,0.0,372.239990234375,358.82000732421875,365.32000732421875,0.0,327700
2021-05-03,337.2234802246094,350.2799987792969,0.0,365.3900146484375,349.3399963378906,362.25,0.0,541400
2021-05-04,321.6658020019531,334.1199951171875,0.0,345.4599914550781,330.2799987792969,343.5799865722656,0.0,494900
2021-05-05,325.2278747558594,337.82000732421875,0.0,349.2900085449219,336.6199951171875,345.0,0.0,510000
2021-05-06,320.953369140625,333.3800048828125,0.0,335.3599853515625,326.30999755859375,333.0400085449219,0.0,355800
2021-05-07,330.0126647949219,342.7900085449219,0.0,344.3800048828125,336.1499938964844,339.7900085449219,0.0,295500
2021-05-10,309.8627624511719,321.8599853515625,0.0,340.8599853515625,319.6199951171875,337.1600036621094,0.0,486300
2021-05-11,308.466796875,320.4100036621094,0.0,325.2300109863281,310.010009765625,314.1000061035156,0.0,611400
2021-05-12,294.69024658203125,306.1000061035156,0.0,316.75,305.5199890136719,314.4599914550781,0.0,429900
2021-05-13,294.91162109375,306.3299865722656,0.0,320.3500061035156,303.94000244140625,312.6000061035156,0.0,518000
2021-05-14,304.7218017578125,316.5199890136719,0.0,319.489990234375,309.32000732421875,310.6099853515625,0.0,462200
2021-05-17,300.6591796875,312.29998779296875,0.0,314.80999755859375,305.7900085449219,311.9100036621094,0.0,382100
2021-05-18,297.8672790527344,309.3999938964844,0.0,318.7699890136719,309.2300109863281,315.2799987792969,0.0,326800
2021-05-19,307.8795166015625,319.79998779296875,0.0,321.17999267578125,301.5299987792969,303.0,0.0,428200
2021-05-20,319.5959167480469,331.9700012207031,0.0,334.17999267578125,320.010009765625,323.6000061035156,0.0,398000
2021-05-21,312.3465881347656,324.44000244140625,0.0,334.2699890136719,322.3500061035156,332.6600036621094,0.0,425500
2021-05-24,317.60302734375,329.8999938964844,0.0,332.0,326.3900146484375,326.3900146484375,0.0,261300
2021-05-25,318.9989929199219,331.3500061035156,0.0,334.7900085449219,329.3500061035156,332.0,0.0,255100
2021-05-26,326.3926696777344,339.0299987792969,0.0,339.6499938964844,331.69000244140625,333.67999267578125,0.0,420200
2021-05-27,329.80078125,342.57000732421875,0.0,346.20001220703125,334.2099914550781,336.1099853515625,0.0,478900
2021-05-28,330.33026123046875,343.1199951171875,0.0,346.8699951171875,341.9700012207031,345.2200012207031,0.0,251700
2021-06-01,329.6756591796875,342.44000244140625,0.0,350.9100036621094,339.29998779296875,345.45001220703125,0.0,278800
2021-06-02,330.8213195800781,343.6300048828125,0.0,345.6600036621094,339.4100036621094,342.55999755859375,0.0,365100
2021-06-03,323.4179382324219,335.94000244140625,0.0,342.1199951171875,333.44000244140625,339.3800048828125,0.0,335700
2021-06-04,334.0945129394531,347.0299987792969,0.0,347.510009765625,339.0,339.0,0.0,267700
2021-06-07,329.86822509765625,342.6400146484375,0.0,344.8500061035156,339.760009765625,343.04998779296875,0.0,225700
2021-06-08,326.03662109375,338.6600036621094,0.0,347.6099853515625,336.0299987792969,347.2799987792969,0.0,222100
2021-06-09,327.8175964355469,340.510009765625,0.0,344.9800109863281,337.1199951171875,340.95001220703125,0.0,184800
2021-06-10,330.599853515625,343.3999938964844,0.0,345.5299987792969,339.2300109863281,341.29998779296875,0.0,233500
2021-06-11,334.2197265625,347.1600036621094,0.0,347.6600036621094,340.92999267578125,344.8699951171875,0.0,220700
2021-06-14,338.6771240234375,351.7900085449219,0.0,353.0400085449219,345.5299987792969,348.17999267578125,0.0,254500
2021-06-15,332.5349426269531,345.4100036621094,0.0,352.07000732421875,344.6000061035156,350.1400146484375,0.0,197400
2021-06-16,330.8694763183594,343.67999267578125,0.0,348.8900146484375,340.4700012207031,345.3999938964844,0.0,280400
2021-06-17,342.8071594238281,356.0799865722656,0.0,358.92999267578125,342.8999938964844,342.8999938964844,0.0,367900
2021-06-18,340.7662048339844,353.9599914550781,0.0,357.1300048828125,350.07000732421875,352.7699890136719,0.0,625900
2021-06-21,340.91058349609375,354.1099853515625,0.0,355.30999755859375,349.42999267578125,353.1700134277344,0.0,236800
2021-06-22,340.5351867675781,353.7200012207031,0.0,355.239990234375,349.54998779296875,353.7200012207031,0.0,213500
2021-06-23,337.0308532714844,350.0799865722656,0.0,355.0299987792969,349.7799987792969,353.7300109863281,0.0,490700
2021-06-24,345.9552917480469,359.3500061035156,0.0,360.2099914550781,352.30999755859375,353.57000732421875,0.0,198400
2021-06-25,352.0493469238281,365.67999267578125,0.0,367.6199951171875,358.8599853515625,362.1600036621094,0.0,518800
2021-06-28,360.5213928222656,374.4800109863281,0.0,377.6000061035156,367.6499938964844,367.6499938964844,0.0,298700
2021-06-29,363.9156188964844,377.3999938964844,0.6,378.70001220703125,369.7099914550781,373.8500061035156,0.0,239400
2021-06-30,360.106689453125,373.45001220703125,0.0,378.6000061035156,371.739990234375,377.1300048828125,0.0,234100
2021-07-01,356.95355224609375,370.17999267578125,0.0,376.2200012207031,368.1300048828125,376.2200012207031,0.0,376600
2021-07-02,362.864501953125,376.30999755859375,0.0,376.6600036621094,371.7300109863281,374.0400085449219,0.0,223400
2021-07-06,369.75909423828125,383.4599914550781,0.0,384.1499938964844,375.0799865722656,376.42999267578125,0.0,541300
2021-07-07,363.4527282714844,376.9200134277344,0.0,387.2699890136719,371.5,387.2699890136719,0.0,440300
2021-07-08,359.6728210449219,373.0,0.0,373.44000244140625,363.45001220703125,370.4100036621094,0.0,354000
2021-07-09,368.9298095703125,382.6000061035156,0.0,383.3599853515625,370.2099914550781,373.9599914550781,0.0,272100
2021-07-12,373.1243591308594,386.95001220703125,0.0,387.3299865722656,381.1499938964844,385.6499938964844,0.0,340300
2021-07-13,373.6065673828125,387.45001220703125,0.0,388.75,381.94000244140625,384.6700134277344,0.0,328700
2021-07-14,369.19024658203125,382.8699951171875,0.0,396.32000732421875,381.3299865722656,390.32000732421875,0.0,572600
2021-07-15,365.9501953125,379.510009765625,0.0,382.75,373.55999755859375,382.6700134277344,0.0,529500
2021-07-16,365.9020690917969,379.4599914550781,0.0,384.1199951171875,378.6400146484375,381.1099853515625,0.0,852200
2021-07-19,367.1363220214844,380.739990234375,0.0,381.3399963378906,370.0899963378906,374.2799987792969,0.0,383600
2021-07-20,378.3411865234375,392.3599853515625,0.0,394.3500061035156,379.8999938964844,382.7699890136719,0.0,368500
2021-07-21,390.8186950683594,405.29998779296875,0.0,405.54998779296875,392.3999938964844,392.55999755859375,0.0,319300
2021-07-22,390.5294494628906,405.0,0.0,407.2699890136719,399.6600036621094,403.8399963378906,0.0,311800
2021-07-23,399.4586486816406,414.260009765625,0.0,415.8500061035156,404.489990234375,407.1300048828125,0.0,292400
2021-07-26,398.1856994628906,412.94000244140625,0.0,417.30999755859375,409.4200134277344,411.2699890136719,0.0,335100
2021-07-27,392.708740234375,407.260009765625,0.0,411.3900146484375,395.489990234375,411.3900146484375,0.0,515600
2021-07-28,415.6005554199219,431.0,0.0,432.010009765625,405.1300048828125,410.0,0.0,581500
2021-07-29,424.33685302734375,440.05999755859375,0.0,440.9800109863281,427.9800109863281,429.2200012207031,0.0,798500
2021-07-30,433.2080383300781,449.260009765625,0.0,450.9800109863281,434.0,435.6199951171875,0.0,462200
2021-08-02,438.2222595214844,454.4599914550781,0.0,457.6000061035156,450.4599914550781,451.8399963378906,0.0,497900
2021-08-03,440.22796630859375,456.5400085449219,0.0,460.0,446.8900146484375,456.82000732421875,0.0,286900
2021-08-04,449.7646179199219,466.42999267578125,0.0,470.3399963378906,457.8500061035156,457.8500061035156,0.0,231300
2021-08-05,446.9200744628906,463.4800109863281,0.0,470.739990234375,459.6199951171875,467.3699951171875,0.0,362400
2021-08-06,445.2903747558594,461.7900085449219,0.0,462.7799987792969,455.5299987792969,458.3800048828125,0.0,218500
2021-08-09,443.34246826171875,459.7699890136719,0.0,464.3599853515625,454.3800048828125,461.7900085449219,0.0,203500
2021-08-10,442.00213623046875,458.3800048828125,0.0,462.94000244140625,452.989990234375,462.94000244140625,0.0,255600
2021-08-11,442.8218994140625,459.2300109863281,0.0,460.7699890136719,450.8299865722656,459.45001220703125,0.0,187500
2021-08-12,445.8207092285156,462.3399963378906,0.0,463.3299865722656,450.4100036621094,456.0799865722656,0.0,270100
2021-08-13,448.24102783203125,464.8500061035156,0.0,468.0899963378906,460.4100036621094,460.79998779296875,0.0,168600
2021-08-16,442.1468505859375,458.5299987792969,0.0,465.010009765625,454.1499938964844,462.1000061035156,0.0,263900
2021-08-17,436.4961853027344,452.6700134277344,0.0,455.3500061035156,443.30999755859375,453.8399963378906,0.0,332400
2021-08-18,441.5489807128906,457.9100036621094,0.0,462.9599914550781,449.0,452.82000732421875,0.0,336400
2021-08-19,450.5263671875,467.2200012207031,0.0,472.3399963378906,452.510009765625,453.1600036621094,0.0,274800
2021-08-20,459.1566162109375,476.1700134277344,0.0,477.6300048828125,467.57000732421875,469.239990234375,0.0,356500
2021-08-23,467.84466552734375,485.17999267578125,0.0,486.6700134277344,478.1499938964844,478.3699951171875,0.0,388300
2021-08-24,467.9892578125,485.3299865722656,0.0,491.3299865722656,484.5199890136719,487.1600036621094,0.0,240200
2021-08-25,466.0028076171875,483.2699890136719,0.0,490.9800109863281,476.6600036621094,485.1099853515625,0.0,353700
2021-08-26,469.8117370605469,487.2200012207031,0.0,490.7900085449219,481.1400146484375,482.6000061035156,0.0,394700
2021-08-27,477.27520751953125,494.9599914550781,0.0,496.80999755859375,484.92999267578125,486.9100036621094,0.0,280100
2021-08-30,484.97015380859375,502.94000244140625,0.0,504.54998779296875,492.5799865722656,498.4599914550781,0.0,233900
2021-08-31,477.2462463378906,494.92999267578125,0.0,504.1099853515625,492.8900146484375,504.1099853515625,0.0,390200
2021-09-01,478.3648376464844,496.0899963378906,0.0,501.54998779296875,494.1700134277344,498.510009765625,0.0,256200
2021-09-02,480.225830078125,498.0199890136719,0.0,504.0299987792969,496.989990234375,499.8999938964844,0.0,297200
2021-09-03,484.1890563964844,502.1300048828125,0.0,503.7799987792969,496.54998779296875,497.82000732421875,0.0,244000
2021-09-07,479.5894775390625,497.3599853515625,0.0,505.82000732421875,495.67999267578125,501.1300048828125,0.0,308900
2021-09-08,474.47882080078125,492.05999755859375,0.0,496.510009765625,488.95001220703125,495.4599914550781,0.0,279400
2021-09-09,470.88201904296875,488.3299865722656,0.0,495.2799987792969,487.67999267578125,492.75,0.0,438500
2021-09-10,476.3688049316406,494.0199890136719,0.0,505.1400146484375,490.19000244140625,493.989990234375,0.0,304700
2021-09-13,471.8945617675781,489.3800048828125,0.0,497.54998779296875,482.4700012207031,497.1300048828125,0.0,300400
2021-09-14,477.7573547363281,495.4599914550781,0.0,497.1300048828125,486.82000732421875,491.8800048828125,0.0,283800
2021-09-15,478.2682800292969,495.989990234375,0.0,497.44000244140625,489.92999267578125,495.6300048828125,0.0,392900
2021-09-16,481.00689697265625,498.8299865722656,0.0,500.760009765625,490.6199951171875,491.0799865722656,0.0,411800
2021-09-17,479.74371337890625,497.5199890136719,0.0,503.4599914550781,488.6400146484375,496.0899963378906,0.0,811300
2021-09-20,471.1617431640625,488.6199951171875,0.0,489.95001220703125,480.1700134277344,487.0400085449219,0.0,500200
2021-09-21,475.06707763671875,492.6700134277344,0.0,495.95001220703125,485.57000732421875,492.2099914550781,0.0,328300
2021-09-22,489.78179931640625,507.92999267578125,0.0,508.4800109863281,493.2300109863281,495.7900085449219,0.0,339300
2021-09-23,499.2509765625,517.75,0.0,521.6699829101562,504.2099914550781,507.92999267578125,0.0,374400
2021-09-24,499.4147644042969,517.9199829101562,0.0,521.4000244140625,512.2100219726562,518.5999755859375,0.0,201300
2021-09-27,490.94854736328125,509.1400146484375,0.0,516.1300048828125,505.4200134277344,513.0999755859375,0.0,181000
2021-09-28,472.6756896972656,490.19000244140625,0.0,500.54998779296875,487.4700012207031,498.70001220703125,0.0,374900
2021-09-29,467.8677062988281,484.6099853515625,0.6,497.010009765625,482.6099853515625,492.510009765625,0.0,340300
2021-09-30,467.9352722167969,484.67999267578125,0.0,494.0799865722656,483.95001220703125,491.3599853515625,0.0,365500
2021-10-01,466.3905944824219,483.0799865722656,0.0,490.1199951171875,467.69000244140625,487.2300109863281,0.0,383800
2021-10-04,447.9793701171875,464.010009765625,0.0,482.7900085449219,461.2200012207031,480.0,0.0,397700
2021-10-05,453.2893981933594,469.510009765625,0.0,470.989990234375,461.5400085449219,468.5400085449219,0.0,586700
2021-10-06,450.69232177734375,466.82000732421875,0.0,469.70001220703125,460.239990234375,463.8500061035156,0.0,249500
2021-10-07,455.8864440917969,472.20001220703125,0.0,479.0199890136719,471.8500061035156,472.8699951171875,0.0,221900
2021-10-08,452.5266418457031,468.7200012207031,0.0,476.04998779296875,467.29998779296875,473.17999267578125,0.0,260200
2021-10-11,444.9092102050781,460.8299865722656,0.0,472.9599914550781,460.17999267578125,465.2699890136719,0.0,186800
2021-10-12,445.7395935058594,461.69000244140625,0.0,466.2300109863281,459.1099853515625,464.8599853515625,0.0,243600
2021-10-13,449.8717041015625,465.9700012207031,0.0,469.4700012207031,461.70001220703125,467.32000732421875,0.0,248700
2021-10-14,463.4749755859375,480.05999755859375,0.0,480.1300048828125,472.8599853515625,472.8599853515625,0.0,222800
2021-10-15,464.4210510253906,481.0400085449219,0.0,487.739990234375,480.3599853515625,483.04998779296875,0.0,231500
2021-10-18,473.38043212890625,490.32000732421875,0.0,493.44000244140625,478.1000061035156,479.1499938964844,0.0,274700
2021-10-19,478.93182373046875,496.07000732421875,0.0,497.2099914550781,490.7799987792969,492.1000061035156,0.0,172300
2021-10-20,483.6624450683594,500.9700012207031,0.0,501.6499938964844,494.510009765625,494.989990234375,0.0,212500
2021-10-21,499.6214294433594,517.5,0.0,517.780029296875,500.4599914550781,501.1199951171875,0.0,265500
2021-10-22,493.2977294921875,510.95001220703125,0.0,526.0900268554688,510.80999755859375,519.469970703125,0.0,316900
2021-10-25,504.7480773925781,522.8099975585938,0.0,525.9299926757812,509.2300109863281,512.6300048828125,0.0,227700
2021-10-26,505.2403564453125,523.3200073242188,0.0,529.47998046875,520.260009765625,523.7000122070312,0.0,182000
2021-10-27,506.86248779296875,525.0,0.0,532.4099731445312,520.489990234375,521.5,0.0,301000
2021-10-28,530.7185668945312,549.7100219726562,0.0,551.5,521.0999755859375,528.9299926757812,0.0,432100
2021-10-29,507.30645751953125,525.4600219726562,0.0,527.1500244140625,500.05999755859375,512.3599853515625,0.0,626700
2021-11-01,510.9945983886719,529.280029296875,0.0,534.989990234375,518.6599731445312,527.2999877929688,0.0,394500
2021-11-02,517.4630126953125,535.97998046875,0.0,536.5999755859375,521.0800170898438,529.27001953125,0.0,318300
2021-11-03,520.4366455078125,539.0599975585938,0.0,541.25,530.780029296875,539.0,0.0,266200
2021-11-04,516.5845947265625,535.0700073242188,0.0,547.530029296875,529.52001953125,542.5499877929688,0.0,700900
2021-11-05,527.4071044921875,546.280029296875,0.0,549.3599853515625,535.0,540.0,0.0,373900
2021-11-08,529.4057006835938,548.3499755859375,0.0,556.6799926757812,544.3900146484375,550.8599853515625,0.0,244900
2021-11-09,534.3486938476562,553.469970703125,0.0,554.6599731445312,540.030029296875,549.9199829101562,0.0,297000
2021-11-10,519.0269165039062,537.5999755859375,0.0,552.3800048828125,533.0,547.3599853515625,0.0,209800
2021-11-11,535.4300537109375,554.5900268554688,0.0,555.7999877929688,540.3300170898438,543.72998046875,0.0,193300
2021-11-12,542.3619995117188,561.77001953125,0.0,563.2899780273438,546.6699829101562,556.0,0.0,248300
2021-11-15,543.510986328125,562.9600219726562,0.0,565.0,556.1400146484375,565.0,0.0,197500
2021-11-16,556.0713500976562,575.969970703125,0.0,576.7000122070312,560.25,561.3200073242188,0.0,222600
2021-11-17,544.08056640625,563.5499877929688,0.0,576.1900024414062,561.1599731445312,576.1900024414062,0.0,244000
2021-11-18,541.5701904296875,560.9500122070312,0.0,569.0700073242188,557.02001953125,568.4500122070312,0.0,223400
2021-11-19,550.8772583007812,570.5900268554688,0.0,572.9199829101562,559.8300170898438,560.489990234375,0.0,267900
2021-11-22,538.5870361328125,557.8599853515625,0.0,580.0,557.2899780273438,572.3099975585938,0.0,239500
2021-11-23,526.982421875,545.8400268554688,0.0,564.030029296875,539.239990234375,564.030029296875,0.0,303700
2021-11-24,533.4894409179688,552.5800170898438,0.0,552.9199829101562,531.3599853515625,538.3499755859375,0.0,269800
2021-11-26,516.5361328125,535.02001953125,0.0,556.3400268554688,530.75,545.5599975585938,0.0,195100
2021-11-29,544.8240356445312,564.3200073242188,0.0,566.2999877929688,542.3099975585938,544.8099975585938,0.0,294000
2021-11-30,534.3392333984375,553.4600219726562,0.0,562.489990234375,542.9299926757812,562.4000244140625,0.0,397400
2021-12-01,536.0189819335938,555.2000122070312,0.0,573.5999755859375,554.0,563.3499755859375,0.0,303200
2021-12-02,535.3046264648438,554.4600219726562,0.0,562.0399780273438,546.989990234375,552.77001953125,0.0,264800
2021-12-03,525.8043823242188,544.6199951171875,0.0,564.8400268554688,534.280029296875,559.1799926757812,0.0,200900
2021-12-06,492.5928649902344,510.2200012207031,0.0,544.969970703125,497.42999267578125,544.969970703125,0.0,591000
2021-12-07,520.1663208007812,538.780029296875,0.0,541.6799926757812,522.8800048828125,523.3400268554688,0.0,392500
2021-12-08,520.3881225585938,539.010009765625,0.0,544.2000122070312,528.27001953125,535.7000122070312,0.0,227000
2021-12-09,497.77740478515625,515.5900268554688,0.0,548.489990234375,513.27001953125,536.8300170898438,0.0,452000
2021-12-10,486.0181884765625,503.4100036621094,0.0,530.6900024414062,498.75,523.02001953125,0.0,505400
2021-12-13,463.4266662597656,480.010009765625,0.0,513.0999755859375,479.739990234375,508.2099914550781,0.0,695500
2021-12-14,461.4088439941406,477.9200134277344,0.0,482.32000732421875,468.2099914550781,478.05999755859375,0.0,514700
2021-12-15,473.4576721191406,490.3999938964844,0.0,491.2900085449219,466.2300109863281,480.3999938964844,0.0,525300
2021-12-16,459.07244873046875,475.5,0.0,495.30999755859375,470.6499938964844,491.55999755859375,0.0,432900
2021-12-17,466.3036193847656,482.989990234375,0.0,490.3500061035156,470.80999755859375,478.2799987792969,0.0,736000
2021-12-20,460.9840087890625,477.4800109863281,0.0,483.82000732421875,471.6400146484375,474.3500061035156,0.0,398500
2021-12-21,468.6787414550781,485.45001220703125,0.0,487.95001220703125,474.6600036621094,484.70001220703125,0.0,260300
2021-12-22,475.77471923828125,492.79998779296875,0.0,494.2799987792969,483.54998779296875,484.6600036621094,0.0,208000
2021-12-23,478.47802734375,495.6000061035156,0.0,495.8299865722656,491.6099853515625,492.0,0.0,236000
2021-12-27,493.4328308105469,511.0899963378906,0.0,513.47998046875,499.3599853515625,499.9599914550781,0.0,194500
2021-12-28,480.872314453125,498.0799865722656,0.0,513.6500244140625,497.54998779296875,513.6500244140625,0.0,157800
2021-12-29,481.10406494140625,498.32000732421875,0.0,503.1300048828125,496.2300109863281,498.82000732421875,0.0,147600
2021-12-30,475.0916748046875,491.5,0.6,500.9100036621094,490.4599914550781,500.489990234375,0.0,175100
2021-12-31,476.860595703125,493.3299865722656,0.0,498.0299987792969,490.6099853515625,491.8500061035156,0.0,166300
2022-01-03,478.32989501953125,494.8500061035156,0.0,497.0,486.0,491.7900085449219,0.0,300800
2022-01-04,474.8499755859375,491.25,0.0,504.1700134277344,475.19000244140625,499.25,0.0,328400
2022-01-05,445.1555480957031,460.5299987792969,0.0,488.8399963378906,460.4100036621094,487.44000244140625,0.0,473700
2022-01-06,450.0660705566406,465.6099853515625,0.0,468.6700134277344,449.4100036621094,460.42999267578125,0.0,387700
2022-01-07,429.8443298339844,444.69000244140625,0.0,469.80999755859375,444.19000244140625,464.45001220703125,0.0,411200
2022-01-10,434.3294982910156,449.3299865722656,0.0,450.2900085449219,426.17999267578125,438.0,0.0,441300
2022-01-11,437.4033508300781,452.510009765625,0.0,454.7099914550781,437.9800109863281,452.44000244140625,0.0,448100
2022-01-12,433.92352294921875,448.9100036621094,0.0,463.7300109863281,444.9700012207031,457.9599914550781,0.0,359600
2022-01-13,419.1342468261719,433.6099853515625,0.0,455.739990234375,433.0199890136719,453.2300109863281,0.0,309600
2022-01-14,423.5517883300781,438.17999267578125,0.0,440.0,427.2200012207031,428.04998779296875,0.0,462500
2022-01-18,402.4505310058594,416.3500061035156,0.0,430.8999938964844,415.8999938964844,428.69000244140625,0.0,363700
2022-01-19,400.1500244140625,413.9700012207031,0.0,427.95001220703125,411.20001220703125,420.30999755859375,0.0,547200
2022-01-20,390.66754150390625,404.1600036621094,0.0,425.04998779296875,404.04998779296875,419.1600036621094,0.0,454800
2022-01-21,384.16217041015625,397.42999267578125,0.0,419.5199890136719,396.29998779296875,399.4599914550781,0.0,610500
2022-01-24,388.598876953125,402.0199890136719,0.0,402.42999267578125,372.8999938964844,391.2799987792969,0.0,752600
2022-01-25,362.355224609375,374.8699951171875,0.0,395.239990234375,372.4700012207031,389.7699890136719,0.0,583900
2022-01-26,365.58380126953125,378.2099914550781,0.0,394.75,370.6099853515625,385.8500061035156,0.0,742000
2022-01-27,349.0643615722656,361.1199951171875,0.0,387.3999938964844,359.6700134277344,384.20001220703125,0.0,495000
2022-01-28,358.5081787109375,370.8900146484375,0.0,371.04998779296875,351.2099914550781,362.8500061035156,0.0,623100
2022-01-31,389.4784851074219,402.92999267578125,0.0,404.17999267578125,375.80999755859375,375.80999755859375,0.0,538000
2022-02-01,392.77471923828125,406.3399963378906,0.0,409.3599853515625,391.3699951171875,406.55999755859375,0.0,385800
2022-02-02,400.6622619628906,414.5,0.0,416.69000244140625,408.7300109863281,411.0,0.0,498600
2022-02-03,380.03472900390625,393.1600036621094,0.0,410.3299865722656,391.69000244140625,398.739990234375,0.0,502500
2022-02-04,386.7623596191406,400.1199951171875,0.0,404.1600036621094,386.92999267578125,390.6600036621094,0.0,289700
2022-02-07,383.6982116699219,396.95001220703125,0.0,410.489990234375,392.7099914550781,401.1300048828125,0.0,317200
2022-02-08,392.0594787597656,405.6000061035156,0.0,406.8800048828125,392.989990234375,397.1000061035156,0.0,420900
2022-02-09,408.69488525390625,422.80999755859375,0.0,424.6000061035156,407.8599853515625,410.95001220703125,0.0,363800
2022-02-10,393.6929931640625,407.2900085449219,0.0,426.42999267578125,404.8399963378906,411.0799865722656,0.0,534900
2022-02-11,410.1254577636719,424.2900085449219,0.0,467.17999267578125,420.5199890136719,440.67999267578125,0.0,1541200
2022-02-14,418.8539733886719,433.32000732421875,0.0,439.1700134277344,410.8699951171875,420.69000244140625,0.0,747200
2022-02-15,463.2699279785156,479.2699890136719,0.0,482.45001220703125,441.6700134277344,441.6700134277344,0.0,978300
2022-02-16,471.29296875,487.57000732421875,0.0,489.29998779296875,463.0199890136719,471.7799987792969,0.0,507300
2022-02-17,446.4605712890625,461.8800048828125,0.0,490.79998779296875,460.54998779296875,476.07000732421875,0.0,457000
2022-02-18,442.081787109375,457.3500061035156,0.0,466.75,448.55999755859375,463.2699890136719,0.0,525900
2022-02-22,435.0835266113281,450.1099853515625,0.0,464.6700134277344,444.4200134277344,451.6300048828125,0.0,284900
2022-02-23,417.0077209472656,431.4100036621094,0.0,459.5199890136719,429.1499938964844,455.1600036621094,0.0,438500
2022-02-24,439.945556640625,455.1400146484375,0.0,455.6300048828125,412.42999267578125,415.6400146484375,0.0,549700
2022-02-25,446.0352478027344,461.44000244140625,0.0,462.739990234375,444.95001220703125,453.25,0.0,351300
2022-02-28,443.3866882324219,458.70001220703125,0.0,460.5400085449219,446.4800109863281,457.45001220703125,0.0,394300
2022-03-01,422.0245666503906,436.6000061035156,0.0,460.6400146484375,432.1700134277344,455.17999267578125,0.0,553500
2022-03-02,438.3119812011719,453.45001220703125,0.0,459.2300109863281,441.25,441.25,0.0,375800
2022-03-03,415.64483642578125,430.0,0.0,455.6300048828125,429.7799987792969,455.6300048828125,0.0,511500
2022-03-04,399.9663391113281,413.7799987792969,0.0,427.8800048828125,407.3500061035156,425.8699951171875,0.0,453500
2022-03-07,368.7639465332031,381.5,0.0,419.6300048828125,381.4200134277344,416.510009765625,0.0,696700
2022-03-08,381.2720031738281,394.44000244140625,0.0,406.8699951171875,373.5899963378906,385.1400146484375,0.0,492600
2022-03-09,404.2000732421875,418.1600036621094,0.0,422.82000732421875,403.75,408.17999267578125,0.0,433800
2022-03-10,395.4039611816406,409.05999755859375,0.0,411.82000732421875,399.6099853515625,406.19000244140625,0.0,260400
2022-03-11,382.528564453125,395.739990234375,0.0,423.510009765625,395.1199951171875,418.989990234375,0.0,235300
2022-03-14,372.15673828125,385.010009765625,0.0,405.6600036621094,383.260009765625,398.17999267578125,0.0,546000
2022-03-15,407.73797607421875,421.82000732421875,0.0,423.6499938964844,384.1000061035156,385.2900085449219,0.0,805000
2022-03-16,425.9683532714844,440.67999267578125,0.0,444.07000732421875,418.20001220703125,428.69000244140625,0.0,544800
2022-03-17,436.17578125,451.239990234375,0.0,453.6499938964844,432.6400146484375,435.0899963378906,0.0,434200
2022-03-18,454.1934814453125,469.8800048828125,0.0,472.20001220703125,443.2900085449219,450.19000244140625,0.0,1154600
2022-03-21,448.9254455566406,464.42999267578125,0.0,470.82000732421875,452.9100036621094,461.82000732421875,0.0,589200
2022-03-22,454.4544677734375,470.1499938964844,0.0,481.0799865722656,461.7200012207031,466.3399963378906,0.0,496400
2022-03-23,448.2391357421875,463.7200012207031,0.0,483.69000244140625,459.3500061035156,464.7200012207031,0.0,424800
2022-03-24,478.1076354980469,494.6199951171875,0.0,495.79998779296875,464.45001220703125,467.0199890136719,0.0,499400
2022-03-25,475.1109924316406,491.5199890136719,0.0,496.510009765625,480.1300048828125,493.57000732421875,0.0,347600
2022-03-28,482.747314453125,499.4200134277344,0.0,499.4599914550781,481.010009765625,486.9100036621094,0.0,269900
2022-03-29,495.1103210449219,512.2100219726562,0.0,514.7000122070312,496.8900146484375,505.2300109863281,0.0,395200
2022-03-30,472.7874450683594,488.3999938964844,0.75,512.0,486.0299987792969,510.32000732421875,0.0,482300
2022-03-31,470.1544189453125,485.67999267578125,0.0,499.0,484.8800048828125,495.82000732421875,0.0,463700
2022-04-01,448.78021240234375,463.6000061035156,0.0,489.8599853515625,455.94000244140625,485.25,0.0,635400
2022-04-04,459.3608703613281,474.5299987792969,0.0,479.3999938964844,464.010009765625,467.3399963378906,0.0,383300
2022-04-05,425.33447265625,439.3800048828125,0.0,471.5799865722656,438.1499938964844,468.6199951171875,0.0,693600
2022-04-06,417.4644470214844,431.25,0.0,439.1300048828125,421.4800109863281,432.9599914550781,0.0,716700
2022-04-07,422.3627014160156,436.30999755859375,0.0,440.82000732421875,421.8500061035156,429.82000732421875,0.0,437200
2022-04-08,398.4328918457031,411.5899963378906,0.0,430.3599853515625,410.6400146484375,430.0899963378906,0.0,494600
2022-04-11,383.4476623535156,396.1099853515625,0.0,407.0199890136719,392.8500061035156,406.989990234375,0.0,552500
2022-04-12,388.2200927734375,401.0400085449219,0.0,410.69000244140625,397.6400146484375,406.92999267578125,0.0,414400
2022-04-13,407.193603515625,420.6400146484375,0.0,422.95001220703125,400.30999755859375,402.94000244140625,0.0,492700
2022-04-14,396.29351806640625,409.3800048828125,0.0,421.7200012207031,409.3599853515625,419.260009765625,0.0,390400
2022-04-18,412.3048095703125,425.9200134277344,0.0,429.45001220703125,407.7200012207031,407.7200012207031,0.0,441500
2022-04-19,423.46624755859375,437.45001220703125,0.0,438.5299987792969,419.95001220703125,423.4700012207031,0.0,366500
2022-04-20,418.374267578125,432.19000244140625,0.0,447.29998779296875,428.8699951171875,442.94000244140625,0.0,246400
2022-04-21,402.2760009765625,415.55999755859375,0.0,444.0,412.5299987792969,437.17999267578125,0.0,322800
2022-04-22,391.288818359375,404.2099914550781,0.0,419.20001220703125,403.2099914550781,415.1000061035156,0.0,281800
2022-04-25,406.7385559082031,420.1700134277344,0.0,421.29998779296875,398.1499938964844,400.0,0.0,405000
2022-04-26,381.76336669921875,394.3699951171875,0.0,413.0,393.82000732421875,410.6199951171875,0.0,434900
2022-04-27,379.8369140625,392.3800048828125,0.0,405.260009765625,389.6000061035156,391.4599914550781,0.0,379000
2022-04-28,399.3041076660156,412.489990234375,0.0,417.9700012207031,390.3800048828125,400.9800109863281,0.0,586400
2022-04-29,379.7012634277344,392.239990234375,0.0,414.9200134277344,390.1000061035156,403.5400085449219,0.0,594900
2022-05-02,397.73583984375,410.8699951171875,0.0,415.6300048828125,390.3900146484375,392.8299865722656,0.0,652100
2022-05-03,442.8558349609375,457.4800109863281,0.0,462.1499938964844,426.7300109863281,445.0,0.0,1231100
2022-05-04,463.87188720703125,479.19000244140625,0.0,482.2900085449219,436.04998779296875,453.1600036621094,0.0,659700
2022-05-05,437.53167724609375,451.9800109863281,0.0,472.9700012207031,443.5400085449219,471.3500061035156,0.0,593100
2022-05-06,430.71673583984375,444.94000244140625,0.0,454.79998779296875,426.0899963378906,446.5,0.0,367800
2022-05-09,393.7378234863281,406.739990234375,0.0,437.32000732421875,403.1499938964844,435.0,0.0,600000
2022-05-10,399.594482421875,412.7900085449219,0.0,422.739990234375,398.54998779296875,419.8599853515625,0.0,673600
2022-05-11,374.3481140136719,386.7099914550781,0.0,422.5799865722656,385.7099914550781,408.07000732421875,0.0,593900
2022-05-12,376.0035400390625,388.4200134277344,0.0,395.6000061035156,376.1199951171875,382.5299987792969,0.0,666100
2022-05-13,417.8709411621094,431.6700134277344,0.0,434.6300048828125,398.0,400.760009765625,0.0,494300
2022-05-16,403.6698913574219,417.0,0.0,432.4100036621094,416.0299987792969,425.45001220703125,0.0,355600
2022-05-17,428.9356384277344,443.1000061035156,0.0,443.3500061035156,428.2699890136719,428.2799987792969,0.0,524100
2022-05-18,398.2102355957031,411.3599853515625,0.0,447.4800109863281,407.2200012207031,434.04998779296875,0.0,605900
2022-05-19,403.36981201171875,416.69000244140625,0.0,430.0400085449219,403.69000244140625,410.2799987792969,0.0,411800
2022-05-20,404.7540588378906,418.1199951171875,0.0,429.9100036621094,395.5400085449219,428.6499938964844,0.0,567900
2022-05-23,405.3640441894531,418.75,0.0,420.0,410.8900146484375,414.5,0.0,297500
2022-05-24,376.0228576660156,388.44000244140625,0.0,410.760009765625,387.3599853515625,410.760009765625,0.0,588300
2022-05-25,388.7718811035156,401.6099853515625,0.0,408.19000244140625,384.5299987792969,384.5299987792969,0.0,370600
2022-05-26,408.1906433105469,421.6700134277344,0.0,425.239990234375,397.2799987792969,401.30999755859375,0.0,404800
2022-05-27,441.2780456542969,455.8500061035156,0.0,458.739990234375,429.3800048828125,429.3800048828125,0.0,545300
2022-05-31,435.9925537109375,450.3900146484375,0.0,458.0,440.1199951171875,455.55999755859375,0.0,685700
2022-06-01,433.9209289550781,448.25,0.0,457.0,441.5899963378906,455.5199890136719,0.0,462800
2022-06-02,457.2021789550781,472.29998779296875,0.0,473.0400085449219,440.8500061035156,443.3299865722656,0.0,353500
2022-06-03,442.8365478515625,457.4599914550781,0.0,460.3500061035156,449.2900085449219,456.3900146484375,0.0,485700
2022-06-06,451.2003479003906,466.1000061035156,0.0,475.0,456.2300109863281,470.4800109863281,0.0,234400
2022-06-07,458.3056335449219,473.44000244140625,0.0,476.1700134277344,458.3399963378906,458.6600036621094,0.0,262600
2022-06-08,443.262451171875,457.8999938964844,0.0,473.6199951171875,451.2799987792969,465.7799987792969,0.0,313800
2022-06-09,429.88421630859375,444.0799865722656,0.0,462.30999755859375,443.9599914550781,452.69000244140625,0.0,242900
2022-06-10,410.0782775878906,423.6199951171875,0.0,439.0799865722656,422.57000732421875,436.7099914550781,0.0,381100
2022-06-13,377.1845397949219,389.6400146484375,0.0,412.19000244140625,388.3299865722656,407.8500061035156,0.0,651000
2022-06-14,394.1444396972656,407.1600036621094,0.0,411.239990234375,394.6000061035156,396.3699951171875,0.0,577900
2022-06-15,402.8857727050781,416.19000244140625,0.0,425.95001220703125,403.0899963378906,411.9599914550781,0.0,386100
2022-06-16,374.74505615234375,387.1199951171875,0.0,403.0199890136719,381.2099914550781,403.0199890136719,0.0,550600
2022-06-17,385.8193359375,398.55999755859375,0.0,401.0,381.5799865722656,388.8399963378906,0.0,847400
2022-06-21,399.6429138183594,412.8399963378906,0.0,417.07000732421875,405.8399963378906,407.1499938964844,0.0,385600
2022-06-22,387.6585998535156,400.4599914550781,0.0,413.1400146484375,399.44000244140625,402.4800109863281,0.0,427000
2022-06-23,386.8745422363281,399.6499938964844,0.0,410.6099853515625,393.3399963378906,404.42999267578125,0.0,289000
2022-06-24,406.0028991699219,419.4100036621094,0.0,420.7799987792969,406.739990234375,409.260009765625,0.0,682900
2022-06-27,403.53436279296875,416.8599853515625,0.0,428.3999938964844,412.19000244140625,428.3999938964844,0.0,418300
2022-06-28,384.4350891113281,397.1300048828125,0.0,428.5899963378906,395.8399963378906,418.5899963378906,0.0,494300
2022-06-29,380.5846862792969,392.4100036621094,0.75,394.19000244140625,383.6499938964844,389.1499938964844,0.0,388400
2022-06-30,372.4669189453125,384.0400085449219,0.0,394.8500061035156,376.0,385.8999938964844,0.0,545800
2022-07-01,353.9522705078125,364.95001220703125,0.0,382.54998779296875,356.3500061035156,379.6300048828125,0.0,772900
2022-07-05,357.6474304199219,368.760009765625,0.0,369.3500061035156,348.0199890136719,355.69000244140625,0.0,679200
2022-07-06,357.9771728515625,369.1000061035156,0.0,374.6000061035156,364.7900085449219,372.19000244140625,0.0,382300
2022-07-07,375.0370788574219,386.69000244140625,0.0,390.30999755859375,378.4100036621094,378.4100036621094,0.0,333400
2022-07-08,383.56219482421875,395.4800109863281,0.0,395.5799865722656,378.20001220703125,380.2300109863281,0.0,352400
2022-07-11,377.9078369140625,389.6499938964844,0.0,395.239990234375,386.6499938964844,390.6400146484375,0.0,349700
2022-07-12,373.7568359375,385.3699951171875,0.0,394.95001220703125,380.239990234375,393.17999267578125,0.0,290000
2022-07-13,375.774169921875,387.45001220703125,0.0,390.760009765625,372.0,374.8299865722656,0.0,388000
2022-07-14,384.047119140625,395.9800109863281,0.0,397.9700012207031,379.5199890136719,387.0400085449219,0.0,300200
2022-07-15,397.8870849609375,410.25,0.0,412.5199890136719,398.2200012207031,403.80999755859375,0.0,403800
2022-07-18,396.7136535644531,409.0400085449219,0.0,424.67999267578125,406.30999755859375,417.7900085449219,0.0,378000
2022-07-19,413.3952331542969,426.239990234375,0.0,428.20001220703125,414.4200134277344,414.4800109863281,0.0,435500
2022-07-20,428.7676696777344,442.0899963378906,0.0,445.25,424.1700134277344,425.6000061035156,0.0,444700
2022-07-21,442.28753662109375,456.0299987792969,0.0,457.9800109863281,438.42999267578125,445.44000244140625,0.0,463000
2022-07-22,423.28790283203125,436.44000244140625,0.0,454.239990234375,431.7799987792969,447.70001220703125,0.0,450600
2022-07-25,417.3135070800781,430.2799987792969,0.0,431.8999938964844,414.2699890136719,431.8999938964844,0.0,460700
2022-07-26,409.3896789550781,422.1099853515625,0.0,428.94000244140625,419.6099853515625,427.3999938964844,0.0,357100
2022-07-27,437.4188537597656,451.010009765625,0.0,456.3999938964844,431.7799987792969,433.1099853515625,0.0,515000
2022-07-28,446.2445373535156,460.1099853515625,0.0,461.7900085449219,440.44000244140625,452.6000061035156,0.0,363600
2022-07-29,450.7156066894531,464.7200012207031,0.0,469.6600036621094,455.6400146484375,455.6400146484375,0.0,465900
2022-08-01,448.3685302734375,462.29998779296875,0.0,465.5,447.3800048828125,461.3900146484375,0.0,801600
2022-08-02,490.48016357421875,505.7200012207031,0.0,512.0,481.5799865722656,494.3500061035156,0.0,1288500
2022-08-03,510.26531982421875,526.1199951171875,0.0,529.0900268554688,499.2300109863281,511.05999755859375,0.0,720600
2022-08-04,514.9595947265625,530.9600219726562,0.0,537.989990234375,521.3900146484375,522.3800048828125,0.0,591800
2022-08-05,516.2882690429688,532.3300170898438,0.0,535.9400024414062,522.0700073242188,524.7899780273438,0.0,428400
2022-08-08,519.382080078125,535.52001953125,0.0,536.5499877929688,521.9199829101562,530.6300048828125,0.0,587500
2022-08-09,495.6592102050781,511.05999755859375,0.0,523.719970703125,502.69000244140625,522.4199829101562,0.0,860200
2022-08-10,515.9777221679688,532.010009765625,0.0,534.1300048828125,512.510009765625,527.2899780273438,0.0,559700
2022-08-11,502.3608703613281,517.969970703125,0.0,541.3900146484375,517.260009765625,535.1799926757812,0.0,419400
2022-08-12,511.8461608886719,527.75,0.0,530.97998046875,518.5700073242188,521.4299926757812,0.0,444000
2022-08-15,520.7011108398438,536.8800048828125,0.0,538.7100219726562,523.3200073242188,527.5,0.0,331800
2022-08-16,515.3958740234375,531.4099731445312,0.0,537.989990234375,522.3200073242188,534.1599731445312,0.0,350500
2022-08-17,504.8147277832031,520.5,0.0,527.5,510.9200134277344,524.1500244140625,0.0,424200
2022-08-18,511.3516540527344,527.239990234375,0.0,534.77001953125,521.0599975585938,524.989990234375,0.0,361300
2022-08-19,496.2313537597656,511.6499938964844,0.0,520.780029296875,510.1000061035156,518.8400268554688,0.0,309700
2022-08-22,476.8244323730469,491.6400146484375,0.0,504.8599853515625,490.3599853515625,500.0,0.0,439800
2022-08-23,482.517578125,497.510009765625,0.0,502.3500061035156,491.8699951171875,495.5,0.0,246100
2022-08-24,482.12957763671875,497.1099853515625,0.0,500.5400085449219,492.3699951171875,500.5400085449219,0.0,262100
2022-08-25,498.9275817871094,514.4299926757812,0.0,514.6400146484375,498.0,498.0,0.0,552600
2022-08-26,462.2570495605469,476.6199951171875,0.0,513.0,475.70001220703125,509.42999267578125,0.0,709200
2022-08-29,447.8448791503906,461.760009765625,0.0,476.8399963378906,460.3299865722656,471.8900146484375,0.0,523300
2022-08-30,449.2124328613281,463.1700134277344,0.0,470.07000732421875,453.6199951171875,467.9800109863281,0.0,547900
2022-08-31,439.52337646484375,453.17999267578125,0.0,468.19000244140625,446.79998779296875,463.6099853515625,0.0,545000
2022-09-01,412.6484680175781,425.4700012207031,0.0,441.7699890136719,403.4100036621094,440.0,0.0,1403100
2022-09-02,411.630126953125,424.4200134277344,0.0,436.0899963378906,419.25,432.19000244140625,0.0,705600
2022-09-06,406.2667541503906,418.8900146484375,0.0,426.9100036621094,415.8999938964844,424.7200012207031,0.0,408800
2022-09-07,414.3166198730469,427.19000244140625,0.0,431.489990234375,415.54998779296875,422.75,0.0,386900
2022-09-08,425.5574035644531,438.7799987792969,0.0,438.7799987792969,417.6400146484375,420.9599914550781,0.0,433700
2022-09-09,433.72369384765625,447.20001220703125,0.0,454.29998779296875,444.4800109863281,444.4800109863281,0.0,473700
2022-09-12,433.45208740234375,446.9200134277344,0.0,451.8399963378906,439.3599853515625,449.0,0.0,322700
2022-09-13,409.60308837890625,422.3299865722656,0.0,433.82000732421875,420.9100036621094,426.8999938964844,0.0,616200
2022-09-14,416.7606506347656,429.7099914550781,0.0,431.80999755859375,418.8999938964844,430.8299865722656,0.0,502100
2022-09-15,406.257080078125,418.8800048828125,0.0,431.3999938964844,416.45001220703125,426.6600036621094,0.0,504400
2022-09-16,405.3647766113281,417.9599914550781,0.0,419.3900146484375,407.0899963378906,416.80999755859375,0.0,804400
2022-09-19,405.0737609863281,417.6600036621094,0.0,422.30999755859375,410.0,410.3900146484375,0.0,514900
2022-09-20,398.45928955078125,410.8399963378906,0.0,416.30999755859375,409.0299987792969,413.2699890136719,0.0,360900
2022-09-21,391.68963623046875,403.8599853515625,0.0,422.1499938964844,403.6400146484375,412.6499938964844,0.0,541400
2022-09-22,370.2071838378906,381.7099914550781,0.0,403.1600036621094,380.3999938964844,401.239990234375,0.0,872800
2022-09-23,360.0526428222656,371.239990234375,0.0,378.6199951171875,360.54998779296875,376.55999755859375,0.0,1465500
2022-09-26,356.2799377441406,367.3500061035156,0.0,378.79998779296875,364.2300109863281,370.7699890136719,0.0,887700
2022-09-27,361.4299011230469,372.6600036621094,0.0,381.2200012207031,364.2900085449219,381.2200012207031,0.0,831500
2022-09-28,367.89886474609375,379.3299865722656,0.0,381.8800048828125,366.57000732421875,368.6199951171875,0.0,527900
2022-09-29,355.0906982421875,365.3999938964844,0.75,372.9700012207031,360.2699890136719,372.9700012207031,0.0,882500
2022-09-30,353.1471252441406,363.3999938964844,0.0,376.7799987792969,360.1099853515625,362.17999267578125,0.0,1288000
2022-10-03,366.36346435546875,377.0,0.0,380.6300048828125,362.67999267578125,366.54998779296875,0.0,1026300
2022-10-04,382.89349365234375,394.010009765625,0.0,397.5899963378906,388.82000732421875,388.989990234375,0.0,640400
2022-10-05,388.5590515136719,399.8399963378906,0.0,404.2099914550781,380.9599914550781,385.7099914550781,0.0,680300
2022-10-06,384.1956787109375,395.3500061035156,0.0,410.7900085449219,393.1000061035156,397.4800109863281,0.0,530900
2022-10-07,352.3697814941406,362.6000061035156,0.0,383.8900146484375,357.7099914550781,383.8900146484375,0.0,1384700
2022-10-10,334.6248779296875,344.3399963378906,0.0,361.9700012207031,339.2099914550781,360.1300048828125,0.0,1190000
2022-10-11,318.755615234375,328.010009765625,0.0,339.95001220703125,323.3699951171875,337.55999755859375,0.0,1588500
2022-10-12,313.8675537109375,322.9800109863281,0.0,329.6499938964844,320.55999755859375,327.82000732421875,0.0,756300
2022-10-13,322.5941162109375,331.9599914550781,0.0,343.2900085449219,301.69000244140625,308.739990234375,0.0,1406500
2022-10-14,300.476318359375,309.20001220703125,0.0,338.239990234375,308.6000061035156,338.239990234375,0.0,901900
2022-10-17,307.2497253417969,316.1700134277344,0.0,322.0,313.9200134277344,317.9599914550781,0.0,763800
2022-10-18,306.69580078125,315.6000061035156,0.0,334.3299865722656,310.9200134277344,329.3399963378906,0.0,638300
2022-10-19,305.94744873046875,314.8299865722656,0.0,322.739990234375,307.8699951171875,311.0299987792969,0.0,576200
2022-10-20,308.48382568359375,317.44000244140625,0.0,325.75,313.42999267578125,314.9100036621094,0.0,536200
2022-10-21,323.4396667480469,332.8299865722656,0.0,334.0799865722656,313.7799987792969,315.17999267578125,0.0,797900
2022-10-24,321.6515808105469,330.989990234375,0.0,335.489990234375,321.1499938964844,332.20001220703125,0.0,649600
2022-10-25,332.5064392089844,342.1600036621094,0.0,344.7200012207031,333.0299987792969,333.3800048828125,0.0,798200
2022-10-26,323.925537109375,333.3299865722656,0.0,347.17999267578125,329.010009765625,333.4700012207031,0.0,851400
2022-10-27,320.1841735839844,329.4800109863281,0.0,344.1499938964844,323.739990234375,339.7900085449219,0.0,1160300
2022-10-28,337.0155029296875,346.79998779296875,0.0,348.7099914550781,320.010009765625,325.2699890136719,0.0,2143900
2022-10-31,329.8728942871094,339.45001220703125,0.0,344.6300048828125,333.1199951171875,341.1300048828125,0.0,1048600
2022-11-01,339.03680419921875,348.8800048828125,0.0,353.80999755859375,343.4700012207031,349.6600036621094,0.0,1177300
2022-11-02,325.10137939453125,334.5400085449219,0.0,355.5199890136719,334.3500061035156,347.44000244140625,0.0,996000
2022-11-03,324.7710266113281,334.20001220703125,0.0,341.6700134277344,328.20001220703125,328.94000244140625,0.0,780400
2022-11-04,341.81610107421875,351.739990234375,0.0,353.1700134277344,339.260009765625,343.9800109863281,0.0,896500
2022-11-07,343.001708984375,352.9599914550781,0.0,356.2799987792969,345.45001220703125,355.3599853515625,0.0,690300
2022-11-08,346.1017761230469,356.1499938964844,0.0,363.7699890136719,349.6700134277344,359.9100036621094,0.0,587600
2022-11-09,334.13897705078125,343.8399963378906,0.0,352.7799987792969,342.3500061035156,348.82000732421875,0.0,675500
2022-11-10,375.9549865722656,386.8699951171875,0.0,388.8500061035156,363.82000732421875,364.010009765625,0.0,900600
2022-11-11,382.2716369628906,393.3699951171875,0.0,402.5400085449219,382.010009765625,386.8800048828125,0.0,751600
2022-11-14,377.0239562988281,387.9700012207031,0.0,396.2099914550781,386.17999267578125,388.9800109863281,0.0,619200
2022-11-15,393.6026306152344,405.0299987792969,0.0,409.7300109863281,400.4599914550781,405.44000244140625,0.0,611200
2022-11-16,364.7891540527344,375.3800048828125,0.0,399.3399963378906,373.7300109863281,396.6300048828125,0.0,734100
2022-11-17,365.4305419921875,376.0400085449219,0.0,379.5899963378906,361.20001220703125,363.79998779296875,0.0,500800
2022-11-18,366.6646728515625,377.30999755859375,0.0,384.30999755859375,372.1400146484375,384.1600036621094,0.0,364900
2022-11-21,357.88946533203125,368.2799987792969,0.0,376.3299865722656,368.1400146484375,370.05999755859375,0.0,413300
2022-11-22,363.467529296875,374.0199890136719,0.0,374.2799987792969,366.1199951171875,372.0799865722656,0.0,460700
2022-11-23,365.09039306640625,375.69000244140625,0.0,382.45001220703125,370.80999755859375,371.1199951171875,0.0,359500
2022-11-25,358.8612060546875,369.2799987792969,0.0,372.5400085449219,369.1499938964844,370.42999267578125,0.0,213400
2022-11-28,345.4603576660156,355.489990234375,0.0,367.6300048828125,353.1099853515625,362.3599853515625,0.0,574400
2022-11-29,344.935546875,354.95001220703125,0.0,359.7900085449219,351.8299865722656,358.2900085449219,0.0,396200
2022-11-30,371.1835632324219,381.9599914550781,0.0,382.9700012207031,350.8800048828125,356.739990234375,0.0,781000
2022-12-01,371.2904357910156,382.07000732421875,0.0,384.9700012207031,369.95001220703125,381.010009765625,0.0,669100
2022-12-02,372.3982238769531,383.2099914550781,0.0,386.1700134277344,368.9200134277344,371.44000244140625,0.0,585800
2022-12-05,364.4781494140625,375.05999755859375,0.0,383.6000061035156,371.6400146484375,378.55999755859375,0.0,471300
2022-12-06,353.5942077636719,363.8599853515625,0.0,374.9100036621094,360.0,374.20001220703125,0.0,546500
2022-12-07,357.39385986328125,367.7699890136719,0.0,369.010009765625,358.6400146484375,360.0400085449219,0.0,369600
2022-12-08,374.4779052734375,385.3500061035156,0.0,388.9100036621094,365.1499938964844,370.2900085449219,0.0,622400
2022-12-09,375.20672607421875,386.1000061035156,0.0,391.510009765625,378.0899963378906,380.0,0.0,673600
2022-12-12,381.94122314453125,393.0299987792969,0.0,393.2300109863281,382.7799987792969,385.8500061035156,0.0,534800
2022-12-13,390.1916198730469,401.5199890136719,0.0,416.1400146484375,389.9700012207031,412.8800048828125,0.0,736300
2022-12-14,384.234619140625,395.3900146484375,0.0,406.489990234375,390.42999267578125,401.510009765625,0.0,596200
2022-12-15,362.7678527832031,373.29998779296875,0.0,384.489990234375,373.010009765625,383.760009765625,0.0,662800
2022-12-16,356.6747131347656,367.0299987792969,0.0,375.7200012207031,360.7099914550781,371.9599914550781,0.0,1631300
2022-12-19,348.8809814453125,359.010009765625,0.0,367.489990234375,348.4700012207031,367.489990234375,0.0,730200
2022-12-20,347.7731628417969,357.8699951171875,0.0,363.4800109863281,352.32000732421875,352.32000732421875,0.0,370200
2022-12-21,356.64556884765625,367.0,0.0,369.5400085449219,359.6099853515625,361.489990234375,0.0,454900
2022-12-22,337.7929382324219,347.6000061035156,0.0,360.239990234375,339.45001220703125,357.3399963378906,0.0,982800
2022-12-23,340.7179870605469,350.6099853515625,0.0,350.8900146484375,337.2099914550781,343.7200012207031,0.0,421300
2022-12-27,332.6230163574219,342.2799987792969,0.0,352.9700012207031,338.0899963378906,348.2099914550781,0.0,441400
2022-12-28,330.67950439453125,340.2799987792969,0.0,348.4700012207031,336.6300048828125,339.6700134277344,0.0,343600
2022-12-29,344.2074279785156,353.4200134277344,0.75,355.8599853515625,345.9599914550781,347.6199951171875,0.0,506600
2022-12-30,344.392333984375,353.6099853515625,0.0,354.0799865722656,343.8500061035156,346.010009765625,0.0,346200
2023-01-03,334.0102844238281,342.95001220703125,0.0,361.0299987792969,339.2799987792969,359.6499938964844,0.0,588700
2023-01-04,348.5024108886719,357.8299865722656,0.0,361.1000061035156,348.5199890136719,348.67999267578125,0.0,591800
2023-01-05,338.0132141113281,347.05999755859375,0.0,357.42999267578125,346.3299865722656,352.17999267578125,0.0,627100
2023-01-06,357.8717041015625,367.45001220703125,0.0,370.6199951171875,345.70001220703125,350.9599914550781,0.0,549800
2023-01-09,373.4643249511719,383.4599914550781,0.0,391.5,372.4800109863281,377.0,0.0,615000
2023-01-10,378.051513671875,388.1700134277344,0.0,391.4200134277344,381.3399963378906,383.4200134277344,0.0,391700
2023-01-11,387.0117492675781,397.3699951171875,0.0,397.8999938964844,388.5199890136719,390.3699951171875,0.0,486200
2023-01-12,389.2225646972656,399.6400146484375,0.0,404.5299987792969,387.1099853515625,398.0,0.0,457600
2023-01-13,388.0733337402344,398.4599914550781,0.0,398.739990234375,391.3399963378906,392.75,0.0,208900
2023-01-17,391.2093811035156,401.67999267578125,0.0,403.7799987792969,395.9200134277344,395.9200134277344,0.0,478500
2023-01-18,387.4792175292969,397.8500061035156,0.0,409.5799865722656,397.2200012207031,405.7900085449219,0.0,307400
2023-01-19,373.2987976074219,383.2900085449219,0.0,393.239990234375,379.1000061035156,391.5899963378906,0.0,650500
2023-01-20,387.4110412597656,397.7799987792969,0.0,397.94000244140625,383.2799987792969,390.3800048828125,0.0,358900
2023-01-23,417.3399963378906,428.510009765625,0.0,429.6000061035156,399.05999755859375,403.989990234375,0.0,792500
2023-01-24,408.20452880859375,419.1300048828125,0.0,434.79998779296875,415.5199890136719,425.9200134277344,0.0,445800
2023-01-25,413.6195983886719,424.69000244140625,0.0,426.20001220703125,402.1400146484375,407.7900085449219,0.0,350700
2023-01-26,421.479248046875,432.760009765625,0.0,436.4200134277344,420.7699890136719,431.4599914550781,0.0,295700
2023-01-27,413.9897155761719,425.07000732421875,0.0,432.7799987792969,422.1300048828125,428.6400146484375,0.0,484200
2023-01-30,396.9945373535156,407.6199951171875,0.0,418.2900085449219,406.1499938964844,416.45001220703125,0.0,635000
2023-01-31,415.4408264160156,426.55999755859375,0.0,426.7900085449219,405.70001220703125,407.7900085449219,0.0,466500
2023-02-01,445.83734130859375,457.7699890136719,0.0,464.7200012207031,426.44000244140625,426.54998779296875,0.0,1083100
2023-02-02,461.605224609375,473.9599914550781,0.0,479.5899963378906,461.3900146484375,461.3900146484375,0.0,608400
2023-02-03,444.40557861328125,456.29998779296875,0.0,473.30999755859375,453.6099853515625,460.3900146484375,0.0,693500
2023-02-06,437.9581604003906,449.67999267578125,0.0,463.20001220703125,445.010009765625,446.8399963378906,0.0,473200
2023-02-07,455.4305419921875,467.6199951171875,0.0,471.0400085449219,449.4700012207031,451.6499938964844,0.0,598600
2023-02-08,450.9309387207031,463.0,0.0,471.44000244140625,457.3999938964844,460.0,0.0,726900
2023-02-09,497.1246032714844,510.42999267578125,0.0,529.9500122070312,489.67999267578125,489.67999267578125,0.0,1785000
2023-02-10,479.1944580078125,492.0199890136719,0.0,508.7799987792969,488.92999267578125,508.6000061035156,0.0,580300
2023-02-13,488.3495178222656,501.4200134277344,0.0,503.3800048828125,486.05999755859375,492.760009765625,0.0,621000
2023-02-14,506.990478515625,520.5599975585938,0.0,522.8599853515625,491.1499938964844,493.489990234375,0.0,660900
2023-02-15,516.2721557617188,530.0900268554688,0.0,530.6500244140625,514.0700073242188,516.1199951171875,0.0,453800
2023-02-16,499.988037109375,513.3699951171875,0.0,524.8699951171875,510.5,518.3099975585938,0.0,484100
2023-02-17,489.0020446777344,502.0899963378906,0.0,514.0499877929688,498.510009765625,512.1300048828125,0.0,488900
2023-02-21,469.3576965332031,481.9200134277344,0.0,501.0299987792969,480.05999755859375,492.44000244140625,0.0,645700
2023-02-22,470.127197265625,482.7099914550781,0.0,489.3699951171875,474.739990234375,485.0,0.0,383800
2023-02-23,481.99945068359375,494.8999938964844,0.0,506.1600036621094,477.79998779296875,502.8900146484375,0.0,661100
2023-02-24,470.4681091308594,483.05999755859375,0.0,488.94000244140625,479.8800048828125,485.9700012207031,0.0,372500
2023-02-27,473.5846862792969,486.260009765625,0.0,492.0400085449219,484.989990234375,489.57000732421875,0.0,342800
2023-02-28,471.6659851074219,484.2900085449219,0.0,493.9200134277344,481.3299865722656,483.25,0.0,379300
2023-03-01,473.8476257324219,486.5299987792969,0.0,493.8900146484375,482.67999267578125,486.42999267578125,0.0,281500
2023-03-02,480.86968994140625,493.739990234375,0.0,495.5899963378906,472.489990234375,479.0299987792969,0.0,262400
2023-03-03,492.83929443359375,506.0299987792969,0.0,508.3500061035156,492.79998779296875,494.5899963378906,0.0,326800
2023-03-06,484.24920654296875,497.2099914550781,0.0,515.8900146484375,495.5899963378906,507.9100036621094,0.0,347500
2023-03-07,479.9541015625,492.79998779296875,0.0,503.29998779296875,490.3900146484375,495.9800109863281,0.0,205200
2023-03-08,491.6121520996094,504.7699890136719,0.0,507.2300109863281,493.80999755859375,495.3900146484375,0.0,303700
2023-03-09,479.82757568359375,492.6700134277344,0.0,516.6900024414062,491.92999267578125,505.20001220703125,0.0,472300
2023-03-10,466.4651794433594,478.95001220703125,0.0,497.5199890136719,475.7200012207031,497.5199890136719,0.0,360600
2023-03-13,473.62359619140625,486.29998779296875,0.0,494.3399963378906,463.8900146484375,469.5199890136719,0.0,588300
2023-03-14,480.85028076171875,493.7200012207031,0.0,503.5,484.0799865722656,497.94000244140625,0.0,624900
2023-03-15,464.1861877441406,476.6099853515625,0.0,490.17999267578125,465.9200134277344,485.9800109863281,0.0,620300
2023-03-16,484.9893798828125,497.9700012207031,0.0,500.989990234375,471.30999755859375,477.95001220703125,0.0,706400
2023-03-17,475.58123779296875,488.30999755859375,0.0,503.82000732421875,484.1199951171875,500.739990234375,0.0,688900
2023-03-20,481.45404052734375,494.3399963378906,0.0,498.07000732421875,482.2699890136719,489.8500061035156,0.0,379300
2023-03-21,485.4471130371094,498.44000244140625,0.0,505.6300048828125,492.44000244140625,501.2300109863281,0.0,495900
2023-03-22,477.04205322265625,489.80999755859375,0.0,510.7099914550781,488.7200012207031,499.7200012207031,0.0,647100
2023-03-23,497.1927490234375,510.5,0.0,517.8300170898438,496.9800109863281,500.510009765625,0.0,466200
2023-03-24,472.7471008300781,485.3999938964844,0.0,506.25,479.1000061035156,505.5299987792969,0.0,661300
2023-03-27,470.24407958984375,482.8299865722656,0.0,491.79998779296875,475.32000732421875,490.5899963378906,0.0,369700
2023-03-28,462.65716552734375,475.0400085449219,0.0,485.260009765625,462.6199951171875,482.1000061035156,0.0,562800
2023-03-29,478.1134948730469,490.9100036621094,0.0,495.6300048828125,479.510009765625,485.5899963378906,0.0,386400
2023-03-30,485.80364990234375,497.7900085449219,1.0,504.57000732421875,490.94000244140625,499.04998779296875,0.0,393800
2023-03-31,488.487548828125,500.5400085449219,0.0,502.82000732421875,492.20001220703125,494.489990234375,0.0,464100
2023-04-03,481.0997619628906,492.9700012207031,0.0,500.80999755859375,482.510009765625,496.4700012207031,0.0,342800
2023-04-04,471.3796081542969,483.010009765625,0.0,496.7300109863281,478.7099914550781,493.5799865722656,0.0,296200
2023-04-05,461.9229431152344,473.32000732421875,0.0,479.239990234375,466.6000061035156,478.739990234375,0.0,547500
2023-04-06,462.2059326171875,473.6099853515625,0.0,477.75,460.5400085449219,466.5299987792969,0.0,299000
2023-04-10,476.99114990234375,488.760009765625,0.0,489.0799865722656,466.30999755859375,467.6400146484375,0.0,404400
2023-04-11,472.9703369140625,484.6400146484375,0.0,494.6300048828125,482.4100036621094,492.0,0.0,315800
2023-04-12,454.6718444824219,465.8900146484375,0.0,493.3500061035156,465.3599853515625,492.70001220703125,0.0,373300
2023-04-13,465.358154296875,476.8399963378906,0.0,477.8800048828125,463.1400146484375,466.1600036621094,0.0,338200
2023-04-14,465.77783203125,477.2699890136719,0.0,485.9800109863281,471.0400085449219,476.3299865722656,0.0,190600
2023-04-17,470.74530029296875,482.3599853515625,0.0,482.6400146484375,470.8399963378906,470.8399963378906,0.0,302600
2023-04-18,464.1675109863281,475.6199951171875,0.0,490.0,471.9100036621094,488.2699890136719,0.0,349800
2023-04-19,452.33935546875,463.5,0.0,470.9100036621094,461.82000732421875,470.9100036621094,0.0,290800
2023-04-20,455.1890563964844,466.4200134277344,0.0,473.6700134277344,454.3900146484375,455.0299987792969,0.0,294700
2023-04-21,451.85137939453125,463.0,0.0,465.0799865722656,457.32000732421875,463.29998779296875,0.0,221800
2023-04-24,461.54229736328125,472.92999267578125,0.0,474.989990234375,464.2900085449219,465.760009765625,0.0,389400
2023-04-25,439.96466064453125,450.82000732421875,0.0,470.45001220703125,450.2799987792969,466.1300048828125,0.0,430700
2023-04-26,443.107177734375,454.0400085449219,0.0,462.3599853515625,448.9700012207031,456.489990234375,0.0,510200
2023-04-27,437.807861328125,448.6099853515625,0.0,452.3999938964844,433.4200134277344,452.3999938964844,0.0,568000
2023-04-28,450.84619140625,461.9700012207031,0.0,463.94000244140625,448.1700134277344,449.94000244140625,0.0,425000
2023-05-01,460.38092041015625,471.739990234375,0.0,473.82000732421875,461.6199951171875,461.6199951171875,0.0,432900
2023-05-02,456.8578796386719,468.1300048828125,0.0,482.1700134277344,462.57000732421875,472.45001220703125,0.0,501900
2023-05-03,454.886474609375,466.1099853515625,0.0,476.54998779296875,457.8299865722656,467.3900146484375,0.0,489200
2023-05-04,447.8794250488281,458.92999267578125,0.0,464.8599853515625,454.75,459.5899963378906,0.0,741400
2023-05-05,401.36700439453125,411.2699890136719,0.0,418.9599914550781,383.19000244140625,405.04998779296875,0.0,2187500
2023-05-08,408.5400695800781,418.6199951171875,0.0,423.5299987792969,406.0799865722656,406.0799865722656,0.0,744900
2023-05-09,391.7151794433594,401.3800048828125,0.0,413.2300109863281,398.010009765625,409.7799987792969,0.0,744000
2023-05-10,405.96368408203125,415.9800109863281,0.0,418.95001220703125,407.2900085449219,407.2900085449219,0.0,782400
2023-05-11,389.0118713378906,398.6099853515625,0.0,416.0,396.3299865722656,414.4700012207031,0.0,597500
2023-05-12,389.5779113769531,399.19000244140625,0.0,403.6099853515625,393.1000061035156,400.739990234375,0.0,373500
2023-05-15,402.6259765625,412.55999755859375,0.0,413.3399963378906,396.8999938964844,399.55999755859375,0.0,416500
2023-05-16,392.8472595214844,402.5400085449219,0.0,414.44000244140625,402.05999755859375,409.6499938964844,0.0,350600
2023-05-17,405.7001037597656,415.7099914550781,0.0,420.82000732421875,399.4800109863281,405.7900085449219,0.0,638000
2023-05-18,421.08062744140625,431.4700012207031,0.0,431.989990234375,415.7300109863281,420.1000061035156,0.0,1017600
2023-05-19,421.61737060546875,432.0199890136719,0.0,435.0799865722656,427.25,431.3999938964844,0.0,532300
2023-05-22,437.6028747558594,448.3999938964844,0.0,450.45001220703125,428.4800109863281,428.4800109863281,0.0,554000
2023-05-23,413.4976806640625,423.70001220703125,0.0,443.69000244140625,422.04998779296875,441.94000244140625,0.0,566400
2023-05-24,405.7196350097656,415.7300109863281,0.0,417.3699951171875,406.6600036621094,411.7900085449219,0.0,571400
2023-05-25,476.56170654296875,488.32000732421875,0.0,495.0,447.0,454.1199951171875,0.0,2121600
2023-05-26,508.37664794921875,520.9199829101562,0.0,532.0,490.239990234375,495.5799865722656,0.0,2053700
2023-05-30,502.5699768066406,514.969970703125,0.0,553.6400146484375,512.3300170898438,540.3200073242188,0.0,1179700
2023-05-31,478.11346435546875,489.9100036621094,0.0,513.9299926757812,488.3900146484375,504.8599853515625,0.0,900800
2023-06-01,487.2676086425781,499.2900085449219,0.0,504.3800048828125,487.6600036621094,495.0,0.0,734200
2023-06-02,485.2767028808594,497.25,0.0,505.5899963378906,478.1300048828125,505.5899963378906,0.0,778200
2023-06-05,475.419921875,487.1499938964844,0.0,496.2699890136719,477.3599853515625,495.25,0.0,637800
2023-06-06,485.4328308105469,497.4100036621094,0.0,507.6400146484375,483.4800109863281,486.3900146484375,0.0,486900
2023-06-07,482.6709289550781,494.5799865722656,0.0,511.3800048828125,490.3800048828125,501.6000061035156,0.0,456000
2023-06-08,485.7158203125,497.70001220703125,0.0,501.260009765625,489.6199951171875,498.3999938964844,0.0,389000
2023-06-09,489.78546142578125,501.8699951171875,0.0,512.5399780273438,495.9100036621094,506.510009765625,0.0,536400
2023-06-12,513.5491333007812,526.219970703125,0.0,528.6099853515625,506.69000244140625,506.75,0.0,612100
2023-06-13,522.7911376953125,535.6900024414062,0.0,548.5900268554688,531.010009765625,540.780029296875,0.0,669600
2023-06-14,524.2745361328125,537.2100219726562,0.0,538.3900146484375,520.1199951171875,528.4400024414062,0.0,493000
2023-06-15,506.7763366699219,519.280029296875,0.0,533.510009765625,518.5700073242188,529.0,0.0,729100
2023-06-16,505.14642333984375,517.6099853515625,0.0,529.9000244140625,516.1799926757812,529.9000244140625,0.0,1110500
2023-06-20,497.9441833496094,510.2300109863281,0.0,518.8900146484375,506.6099853515625,510.7699890136719,0.0,494900
2023-06-21,492.91815185546875,505.0799865722656,0.0,514.5700073242188,503.54998779296875,506.17999267578125,0.0,381800
2023-06-22,499.9057312011719,512.239990234375,0.0,516.3800048828125,499.9200134277344,500.54998779296875,0.0,289300
2023-06-23,493.81597900390625,506.0,0.0,508.0,500.5,500.79998779296875,0.0,568600
2023-06-26,498.6077880859375,510.9100036621094,0.0,520.1099853515625,509.1499938964844,509.1499938964844,0.0,364600
2023-06-27,519.9804077148438,532.8099975585938,0.0,533.1099853515625,509.3800048828125,509.6600036621094,0.0,466400
2023-06-28,514.5738525390625,527.27001953125,0.0,538.5700073242188,520.1099853515625,522.1500244140625,0.0,541100
2023-06-29,523.8920288085938,535.7999877929688,1.0,536.77001953125,524.219970703125,532.25,0.0,399100
2023-06-30,528.2236328125,540.22998046875,0.0,547.7100219726562,533.1799926757812,541.6099853515625,0.0,434200
2023-07-03,530.5115356445312,542.5700073242188,0.0,547.6599731445312,532.0700073242188,545.22998046875,0.0,256700
2023-07-05,511.63067626953125,523.260009765625,0.0,538.0399780273438,522.5399780273438,535.260009765625,0.0,539300
2023-07-06,503.0556335449219,514.489990234375,0.0,515.4400024414062,502.75,509.3599853515625,0.0,506200
2023-07-07,502.478759765625,513.9000244140625,0.0,524.9000244140625,512.0,514.8599853515625,0.0,350300
2023-07-10,522.4546508789062,534.3300170898438,0.0,539.5,519.4199829101562,519.4199829101562,0.0,551900
2023-07-11,530.472412109375,542.530029296875,0.0,543.510009765625,531.3599853515625,541.760009765625,0.0,421000
2023-07-12,548.571044921875,561.0399780273438,0.0,562.9400024414062,548.6799926757812,550.75,0.0,658500
2023-07-13,563.8048095703125,576.6199951171875,0.0,581.5599975585938,565.030029296875,567.3900146484375,0.0,619500
2023-07-14,552.4529418945312,565.010009765625,0.0,581.0800170898438,561.5999755859375,573.4099731445312,0.0,335500
2023-07-17,575.6359252929688,588.719970703125,0.0,595.97998046875,566.5800170898438,568.0,0.0,402300
2023-07-18,575.0394897460938,588.1099853515625,0.0,591.3300170898438,577.5,584.030029296875,0.0,405700
2023-07-19,561.74169921875,574.510009765625,0.0,589.4500122070312,571.1400146484375,584.3800048828125,0.0,508100
2023-07-20,517.2920532226562,529.0499877929688,0.0,549.97998046875,524.9299926757812,545.0,0.0,1144000
2023-07-21,521.8092041015625,533.6699829101562,0.0,539.0,528.1199951171875,535.1799926757812,0.0,592800
2023-07-24,521.3693237304688,533.219970703125,0.0,535.9600219726562,521.1300048828125,530.3599853515625,0.0,385200
2023-07-25,539.2724609375,551.530029296875,0.0,558.5399780273438,538.8800048828125,538.9500122070312,0.0,536600
2023-07-26,517.047607421875,528.7999877929688,0.0,542.5900268554688,515.1099853515625,542.5900268554688,0.0,1070900
2023-07-27,525.2510986328125,537.1900024414062,0.0,555.1199951171875,530.0,549.27001953125,0.0,787900
2023-07-28,533.4253540039062,545.5499877929688,0.0,555.030029296875,541.4199829101562,554.3900146484375,0.0,550300
2023-07-31,547.0555419921875,559.489990234375,0.0,563.7999877929688,546.1799926757812,546.72998046875,0.0,796900
2023-08-01,538.0599975585938,550.2899780273438,0.0,555.1699829101562,500.0,512.010009765625,0.0,1557100
2023-08-02,518.6414794921875,530.4299926757812,0.0,546.530029296875,522.739990234375,538.8200073242188,0.0,717000
2023-08-03,520.8414306640625,532.6799926757812,0.0,536.3200073242188,519.030029296875,525.2000122070312,0.0,455600
2023-08-04,525.1045532226562,537.0399780273438,0.0,543.510009765625,518.7100219726562,526.510009765625,0.0,517800
2023-08-07,529.6804809570312,541.719970703125,0.0,542.72998046875,529.1199951171875,542.72998046875,0.0,338200
2023-08-08,517.9276733398438,529.7000122070312,0.0,531.489990234375,520.489990234375,530.2999877929688,0.0,343000
2023-08-09,509.4600524902344,521.0399780273438,0.0,528.969970703125,515.5700073242188,527.8900146484375,0.0,451700
2023-08-10,506.9569396972656,518.47998046875,0.0,533.6300048828125,513.5399780273438,527.9400024414062,0.0,413600
2023-08-11,491.0094909667969,502.1700134277344,0.0,516.4199829101562,501.989990234375,508.510009765625,0.0,468700
2023-08-14,512.9995727539062,524.6599731445312,0.0,524.989990234375,496.92999267578125,497.8500061035156,0.0,452000
2023-08-15,507.35784912109375,518.8900146484375,0.0,522.6699829101562,511.6700134277344,517.8599853515625,0.0,505700
2023-08-16,482.9330139160156,493.9100036621094,0.0,516.7000122070312,492.4800109863281,516.7000122070312,0.0,543200
2023-08-17,474.56329345703125,485.3500061035156,0.0,495.3500061035156,483.8699951171875,495.3500061035156,0.0,522900
2023-08-18,471.5712890625,482.2900085449219,0.0,485.75,475.05999755859375,477.5,0.0,501200
2023-08-21,487.8023681640625,498.8900146484375,0.0,501.55999755859375,482.8599853515625,483.7799987792969,0.0,505300
2023-08-22,489.5036926269531,500.6300048828125,0.0,513.4000244140625,493.260009765625,509.30999755859375,0.0,455100
2023-08-23,507.9054260253906,519.4500122070312,0.0,525.969970703125,492.1600036621094,496.1600036621094,0.0,737500
2023-08-24,477.1641540527344,488.010009765625,0.0,530.030029296875,486.7099914550781,526.97998046875,0.0,908900
2023-08-25,478.2103271484375,489.0799865722656,0.0,491.95001220703125,474.4700012207031,488.010009765625,0.0,692200
2023-08-28,482.89385986328125,493.8699951171875,0.0,499.0899963378906,486.5400085449219,496.54998779296875,0.0,421700
2023-08-29,501.42279052734375,512.8200073242188,0.0,514.9500122070312,488.42999267578125,488.80999755859375,0.0,496200
2023-08-30,503.69122314453125,515.1400146484375,0.0,519.239990234375,507.1199951171875,509.25,0.0,256200
2023-08-31,509.6263427734375,521.2100219726562,0.0,526.2100219726562,513.3200073242188,513.3200073242188,0.0,423000
2023-09-01,513.25390625,524.9199829101562,0.0,528.5499877929688,518.6099853515625,525.530029296875,0.0,252200
2023-09-05,516.969482421875,528.719970703125,0.0,535.239990234375,520.3499755859375,524.0800170898438,0.0,331500
2023-09-06,511.5525207519531,523.1799926757812,0.0,536.3900146484375,516.52001953125,526.0,0.0,344100
2023-09-07,494.8912353515625,506.1400146484375,0.0,509.07000732421875,494.1099853515625,507.8399963378906,0.0,487200
2023-09-08,489.73834228515625,500.8699951171875,0.0,508.989990234375,498.6300048828125,506.25,0.0,369300
2023-09-11,475.3552551269531,486.1600036621094,0.0,509.4599914550781,478.30999755859375,509.4599914550781,0.0,554700
2023-09-12,463.4068298339844,473.94000244140625,0.0,490.0,473.25,480.8900146484375,0.0,516200
2023-09-13,459.9064025878906,470.3599853515625,0.0,480.95001220703125,468.57000732421875,471.70001220703125,0.0,594500
2023-09-14,468.5206298828125,479.1700134277344,0.0,481.7699890136719,468.0,476.3800048828125,0.0,500200
2023-09-15,453.9126892089844,464.2300109863281,0.0,476.489990234375,462.45001220703125,476.489990234375,0.0,992700
2023-09-18,452.89581298828125,463.19000244140625,0.0,472.489990234375,459.4599914550781,460.0,0.0,533000
2023-09-19,447.6059875488281,457.7799987792969,0.0,463.1700134277344,454.1600036621094,462.92999267578125,0.0,448300
2023-09-20,442.7953186035156,452.8599853515625,0.0,467.3299865722656,452.6499938964844,461.9800109863281,0.0,394900
2023-09-21,430.5927429199219,440.3800048828125,0.0,453.25,439.5899963378906,448.3999938964844,0.0,597600
2023-09-22,439.3046875,449.2900085449219,0.0,452.30999755859375,441.8800048828125,445.79998779296875,0.0,428400
2023-09-25,443.07891845703125,453.1499938964844,0.0,455.5,444.82000732421875,448.1000061035156,0.0,328600
2023-09-26,434.6603088378906,444.5400085449219,0.0,453.94000244140625,442.0400085449219,448.6000061035156,0.0,405300
2023-09-27,431.3749084472656,441.17999267578125,0.0,453.57000732421875,438.739990234375,451.2300109863281,0.0,711800
2023-09-28,442.8801574707031,451.9200134277344,1.0,458.92999267578125,437.4599914550781,440.739990234375,0.0,553500
2023-09-29,452.7584533691406,462.0,0.0,466.4100036621094,459.5899963378906,460.04998779296875,0.0,519700
2023-10-02,450.1517333984375,459.3399963378906,0.0,464.8599853515625,452.45001220703125,461.3699951171875,0.0,283700
2023-10-03,439.9499206542969,448.92999267578125,0.0,464.9700012207031,445.9800109863281,455.0199890136719,0.0,367100
2023-10-04,448.0251159667969,457.1700134277344,0.0,459.1600036621094,448.1099853515625,452.5299987792969,0.0,550000
2023-10-05,442.72332763671875,451.760009765625,0.0,457.5199890136719,442.2300109863281,454.79998779296875,0.0,454400
2023-10-06,464.20489501953125,473.67999267578125,0.0,476.9700012207031,446.7799987792969,446.7799987792969,0.0,598200
2023-10-09,466.4980163574219,476.0199890136719,0.0,478.0,463.0,467.3299865722656,0.0,364500
2023-10-10,480.1983642578125,490.0,0.0,496.04998779296875,478.57000732421875,479.4599914550781,0.0,440700
2023-10-11,491.99749755859375,502.0400085449219,0.0,503.1099853515625,490.3900146484375,490.3900146484375,0.0,463800
2023-10-12,483.1775817871094,493.0400085449219,0.0,513.0999755859375,490.5,504.57000732421875,0.0,469200
2023-10-13,466.23345947265625,475.75,0.0,496.20001220703125,473.6499938964844,495.8800048828125,0.0,356800
2023-10-16,473.4560241699219,483.1199951171875,0.0,486.7799987792969,475.8800048828125,475.8800048828125,0.0,407700
2023-10-17,467.0272216796875,476.55999755859375,0.0,483.5199890136719,467.260009765625,470.9100036621094,0.0,312000
2023-10-18,451.8372802734375,461.05999755859375,0.0,473.8999938964844,460.1400146484375,466.5799865722656,0.0,547500
2023-10-19,425.07354736328125,433.75,0.0,462.7099914550781,431.5299987792969,460.8699951171875,0.0,961300
2023-10-20,411.63775634765625,420.0400085449219,0.0,440.5299987792969,418.69000244140625,432.3599853515625,0.0,646000
2023-10-23,405.21881103515625,413.489990234375,0.0,422.4599914550781,408.17999267578125,416.0799865722656,0.0,624200
2023-10-24,409.63861083984375,418.0,0.0,424.44000244140625,411.760009765625,417.3900146484375,0.0,585000
2023-10-25,391.73406982421875,399.7300109863281,0.0,411.2799987792969,395.2300109863281,411.2799987792969,0.0,628600
2023-10-26,395.9774169921875,404.05999755859375,0.0,414.1400146484375,398.8699951171875,401.2099914550781,0.0,590600
2023-10-27,397.8100280761719,405.92999267578125,0.0,410.55999755859375,399.5299987792969,406.32000732421875,0.0,521600
2023-10-30,395.9186706542969,404.0,0.0,410.2699890136719,392.1000061035156,400.0,0.0,1174400
2023-10-31,432.90374755859375,441.739990234375,0.0,445.0199890136719,409.04998779296875,425.6000061035156,0.0,1734400
2023-11-01,447.42724609375,456.55999755859375,0.0,458.3500061035156,432.6400146484375,440.0299987792969,0.0,1024700
2023-11-02,462.2840270996094,471.7200012207031,0.0,478.0,459.69000244140625,467.7900085449219,0.0,970500
2023-11-03,483.0697326660156,492.92999267578125,0.0,502.44000244140625,480.2699890136719,481.2200012207031,0.0,842600
2023-11-06,483.6675720214844,493.5400085449219,0.0,495.95001220703125,486.6499938964844,492.9200134277344,0.0,522100
2023-11-07,482.7071838378906,492.55999755859375,0.0,499.25,489.5899963378906,493.0199890136719,0.0,360300
2023-11-08,483.0795593261719,492.94000244140625,0.0,498.42999267578125,485.1099853515625,490.3900146484375,0.0,371800
2023-11-09,472.41717529296875,482.05999755859375,0.0,507.0,480.42999267578125,500.1199951171875,0.0,553500
2023-11-10,494.4866943359375,504.5799865722656,0.0,507.19000244140625,485.3800048828125,491.6199951171875,0.0,478300
2023-11-13,496.97589111328125,507.1199951171875,0.0,511.9800109863281,500.5400085449219,503.8599853515625,0.0,469200
2023-11-14,524.7588500976562,535.469970703125,0.0,539.0,523.6400146484375,523.6400146484375,0.0,702400
2023-11-15,536.6461791992188,547.5999755859375,0.0,556.4299926757812,538.5900268554688,541.5999755859375,0.0,742000
2023-11-16,526.2385864257812,536.97998046875,0.0,545.1199951171875,532.8599853515625,541.469970703125,0.0,585100
2023-11-17,529.2178344726562,540.02001953125,0.0,543.5,535.3699951171875,538.1799926757812,0.0,304300
2023-11-20,540.1741333007812,551.2000122070312,0.0,553.1699829101562,539.7899780273438,540.0,0.0,354500
2023-11-21,527.3263549804688,538.0900268554688,0.0,545.989990234375,535.3900146484375,545.02001953125,0.0,394800
2023-11-22,535.1469116210938,546.0700073242188,0.0,554.1699829101562,543.260009765625,543.5700073242188,0.0,288700
2023-11-24,538.4493408203125,549.4400024414062,0.0,550.030029296875,544.3699951171875,544.3699951171875,0.0,134800
2023-11-27,535.5877685546875,546.52001953125,0.0,554.0,539.7000122070312,546.0700073242188,0.0,195400
2023-11-28,532.5693969726562,543.4400024414062,0.0,551.97998046875,538.0,543.5599975585938,0.0,247800
2023-11-29,541.4090576171875,552.4600219726562,0.0,560.6400146484375,550.3599853515625,553.3800048828125,0.0,392400
2023-11-30,537.7437744140625,548.719970703125,0.0,554.8499755859375,543.030029296875,554.8499755859375,0.0,489100
2023-12-01,548.416015625,559.6099853515625,0.0,560.3400268554688,542.72998046875,547.4099731445312,0.0,359500
2023-12-04,548.3472900390625,559.5399780273438,0.0,560.5399780273438,545.9199829101562,552.2999877929688,0.0,399700
2023-12-05,542.3203735351562,553.3900146484375,0.0,560.0499877929688,549.3800048828125,553.1599731445312,0.0,259500
2023-12-06,543.1533813476562,554.239990234375,0.0,571.9099731445312,553.27001953125,564.9500122070312,0.0,265700
2023-12-07,557.1281127929688,568.5,0.0,571.1400146484375,556.6300048828125,557.97998046875,0.0,303300
2023-12-08,564.2134399414062,575.72998046875,0.0,580.7000122070312,566.1599731445312,566.1599731445312,0.0,297800
2023-12-11,580.5501708984375,592.4000244140625,0.0,593.5900268554688,577.9500122070312,579.1799926757812,0.0,427100
2023-12-12,583.9016723632812,595.8200073242188,0.0,598.989990234375,587.5499877929688,593.0,0.0,339800
2023-12-13,596.5436401367188,608.719970703125,0.0,617.1099853515625,594.0700073242188,596.0,0.0,463100
2023-12-14,624.6400756835938,637.3900146484375,0.0,639.780029296875,614.760009765625,615.2999877929688,0.0,920400
2023-12-15,620.6417846679688,633.3099975585938,0.0,647.1199951171875,630.760009765625,634.3499755859375,0.0,857100
2023-12-18,621.6412963867188,634.3300170898438,0.0,638.6400146484375,622.4099731445312,634.9299926757812,0.0,320600
2023-12-19,622.5526733398438,635.260009765625,0.0,643.77001953125,630.3699951171875,639.0399780273438,0.0,293200
2023-12-20,598.8073120117188,611.030029296875,0.0,635.47998046875,609.969970703125,632.3800048828125,0.0,584600
2023-12-21,609.2933959960938,621.72998046875,0.0,626.9500122070312,615.0499877929688,625.0900268554688,0.0,799500
2023-12-22,605.2852172851562,617.6400146484375,0.0,625.3699951171875,613.3599853515625,623.8400268554688,0.0,484500
2023-12-26,624.297119140625,637.0399780273438,0.0,641.7899780273438,626.1699829101562,626.1699829101562,0.0,462900
2023-12-27,623.8267822265625,636.5599975585938,0.0,642.260009765625,631.2999877929688,638.52001953125,0.0,522100
2023-12-28,620.54833984375,632.219970703125,1.0,637.7000122070312,631.0499877929688,637.3800048828125,0.0,251800
2023-12-29,619.1349487304688,630.780029296875,0.0,635.6199951171875,620.8499755859375,631.77001953125,0.0,276900
2024-01-02,592.8494262695312,604.0,0.0,620.5,596.739990234375,620.5,0.0,611500
2024-01-03,567.623779296875,578.2999877929688,0.0,594.97998046875,576.3900146484375,590.8200073242188,0.0,613600
2024-01-04,560.5173950195312,571.0599975585938,0.0,575.2899780273438,561.0800170898438,561.280029296875,0.0,858400
2024-01-05,563.3932495117188,573.989990234375,0.0,581.4199829101562,568.0800170898438,569.9199829101562,0.0,419500
2024-01-08,579.8047485351562,590.7100219726562,0.0,593.4600219726562,576.8200073242188,578.989990234375,0.0,456500
2024-01-09,582.7886352539062,593.75,0.0,601.6900024414062,578.5999755859375,578.5999755859375,0.0,261400
2024-01-10,578.3126831054688,589.1900024414062,0.0,598.0,582.3400268554688,594.1300048828125,0.0,401700
2024-01-11,577.5667114257812,588.4299926757812,0.0,595.3599853515625,576.9299926757812,589.1900024414062,0.0,366400
2024-01-12,568.0752563476562,578.760009765625,0.0,589.989990234375,575.9099731445312,588.8599853515625,0.0,280700
2024-01-16,585.3993530273438,596.4099731445312,0.0,596.9299926757812,570.0,573.2100219726562,0.0,577300
2024-01-17,573.5621337890625,584.3499755859375,0.0,591.8900146484375,576.9099731445312,588.1599731445312,0.0,399500
2024-01-18,599.6218872070312,610.9000244140625,0.0,612.5399780273438,596.0599975585938,598.6699829101562,0.0,696700
2024-01-19,619.6748046875,631.3300170898438,0.0,632.9099731445312,612.47998046875,621.0,0.0,674100
2024-01-22,625.9860229492188,637.760009765625,0.0,647.6199951171875,624.8400268554688,636.2100219726562,0.0,390700
2024-01-23,630.147705078125,642.0,0.0,643.8200073242188,629.0599975585938,640.5499877929688,0.0,277700
2024-01-24,620.3323364257812,632.0,0.0,648.0,622.760009765625,643.4099731445312,0.0,538500
2024-01-25,604.313720703125,615.6799926757812,0.0,642.9099731445312,612.9400024414062,641.6099853515625,0.0,519900
2024-01-26,590.0421142578125,601.1400146484375,0.0,610.0,598.8099975585938,609.0800170898438,0.0,376000
2024-01-29,608.3379516601562,619.780029296875,0.0,619.969970703125,599.1699829101562,607.3099975585938,0.0,462500
2024-01-30,602.0953979492188,613.4199829101562,0.0,625.9299926757812,606.6799926757812,619.5599975585938,0.0,307200
2024-01-31,591.5928955078125,602.719970703125,0.0,617.6699829101562,599.6400146484375,605.0,0.0,439200
2024-02-01,602.7923583984375,614.1300048828125,0.0,617.1699829101562,594.3599853515625,607.0,0.0,429200
2024-02-02,624.12109375,635.8599853515625,0.0,637.5999755859375,611.8800048828125,614.719970703125,0.0,481100
2024-02-05,634.280029296875,646.2100219726562,0.0,652.8599853515625,632.3099975585938,641.0,0.0,516900
2024-02-06,621.2942504882812,632.97998046875,0.0,650.6300048828125,622.9600219726562,650.6300048828125,0.0,556200
2024-02-07,633.4946899414062,645.4099731445312,0.0,655.8800048828125,630.1900024414062,641.469970703125,0.0,860500
2024-02-08,723.4627075195312,737.0700073242188,0.0,760.0,679.469970703125,680.0,0.0,1658500
2024-02-09,738.4213256835938,752.3099975585938,0.0,761.5,737.219970703125,747.0,0.0,661900
2024-02-12,716.3956298828125,729.8699951171875,0.0,758.27001953125,728.0399780273438,752.3900146484375,0.0,645400
2024-02-13,698.9732666015625,712.1199951171875,0.0,724.3599853515625,690.0999755859375,703.0,0.0,759500
2024-02-14,731.4229125976562,745.1799926757812,0.0,746.25,718.6300048828125,724.2000122070312,0.0,602700
2024-02-15,720.763427734375,734.3200073242188,0.0,749.989990234375,724.0,748.6099853515625,0.0,600100
2024-02-16,717.0139770507812,730.5,0.0,748.1799926757812,720.8699951171875,735.6599731445312,0.0,373000
2024-02-20,699.1695556640625,712.3200073242188,0.0,720.0,698.4500122070312,720.0,0.0,466700
2024-02-21,700.7400512695312,713.9199829101562,0.0,714.0499877929688,695.77001953125,696.5999755859375,0.0,477100
2024-02-22,727.6146240234375,741.2999877929688,0.0,750.0,737.8200073242188,746.22998046875,0.0,660200
2024-02-23,707.8169555664062,721.1300048828125,0.0,741.719970703125,712.969970703125,736.5599975585938,0.0,564300
2024-02-26,711.5076293945312,724.8900146484375,0.0,732.0800170898438,723.6199951171875,729.4500122070312,0.0,302200
2024-02-27,696.1954956054688,709.2899780273438,0.0,728.52001953125,707.1599731445312,725.5599975585938,0.0,301900
2024-02-28,697.4519653320312,710.5700073242188,0.0,714.4400024414062,700.1900024414062,702.0,0.0,266600
2024-02-29,706.7470092773438,720.0399780273438,0.0,722.5900268554688,696.1400146484375,706.3400268554688,0.0,859400
2024-03-01,730.019287109375,743.75,0.0,751.989990234375,716.5900268554688,726.9500122070312,0.0,634200
2024-03-04,722.0984497070312,735.6799926757812,0.0,749.510009765625,726.0900268554688,743.75,0.0,802000
2024-03-05,704.3914184570312,717.6400146484375,0.0,734.3599853515625,707.1699829101562,722.3599853515625,0.0,480600
2024-03-06,717.867919921875,731.3699951171875,0.0,743.5800170898438,723.8200073242188,723.8200073242188,0.0,473600
2024-03-07,753.4290771484375,767.5999755859375,0.0,777.0,743.280029296875,743.280029296875,0.0,770300
2024-03-08,718.6924438476562,732.2100219726562,0.0,778.1500244140625,731.6699829101562,770.4199829101562,0.0,537700
2024-03-11,705.8931274414062,719.1699829101562,0.0,727.969970703125,712.0,720.9099731445312,0.0,494900
2024-03-12,722.9522094726562,736.5499877929688,0.0,739.1400146484375,716.1599731445312,727.1799926757812,0.0,417400
2024-03-13,695.1060791015625,708.1799926757812,0.0,737.9199829101562,705.5800170898438,723.4299926757812,0.0,537300
2024-03-14,680.2061767578125,693.0,0.0,718.2000122070312,685.9000244140625,708.5,0.0,517300
2024-03-15,674.3071899414062,686.989990234375,0.0,699.27001953125,682.0499877929688,686.0700073242188,0.0,960900
2024-03-18,661.8514404296875,674.2999877929688,0.0,705.0,671.8599853515625,699.989990234375,0.0,624400
2024-03-19,638.27490234375,650.280029296875,0.0,669.1699829101562,640.6099853515625,663.0,0.0,955600
2024-03-20,654.6959838867188,667.010009765625,0.0,668.780029296875,646.47998046875,653.9199829101562,0.0,581400
2024-03-21,662.774169921875,675.239990234375,0.0,689.0399780273438,669.1400146484375,683.5,0.0,635200
2024-03-22,659.8982543945312,672.3099975585938,0.0,679.3900146484375,663.0599975585938,667.969970703125,0.0,490300
2024-03-25,657.0123291015625,669.3699951171875,0.0,672.1400146484375,659.2100219726562,662.9500122070312,0.0,299400
2024-03-26,654.1856689453125,666.489990234375,0.0,678.2000122070312,665.5999755859375,677.5,0.0,375500
2024-03-27,661.954345703125,673.1400146484375,1.25,676.6199951171875,657.4099731445312,670.2100219726562,0.0,503100
2024-03-28,666.163330078125,677.4199829101562,0.0,683.760009765625,671.72998046875,674.969970703125,0.0,353400
2024-04-01,657.3717651367188,668.47998046875,0.0,688.1599731445312,664.969970703125,677.4199829101562,0.0,435500
2024-04-02,638.1859741210938,648.969970703125,0.0,658.3900146484375,644.739990234375,658.1199951171875,0.0,564000
2024-04-03,639.0415649414062,649.8400268554688,0.0,661.0900268554688,643.75,643.9000244140625,0.0,443900
2024-04-04,632.4528198242188,643.1400146484375,0.0,666.97998046875,640.4099731445312,659.97998046875,0.0,655600
2024-04-05,643.4373168945312,654.3099975585938,0.0,659.0599975585938,643.6599731445312,643.6599731445312,0.0,406800
2024-04-08,669.9984741210938,681.3200073242188,0.0,690.8800048828125,668.760009765625,668.760009765625,0.0,574600
2024-04-09,670.814697265625,682.1500244140625,0.0,700.8499755859375,672.5,691.219970703125,0.0,370400
2024-04-10,655.4149169921875,666.489990234375,0.0,679.27001953125,657.3300170898438,662.9000244140625,0.0,417500
2024-04-11,672.9683837890625,684.3400268554688,0.0,685.1400146484375,665.6199951171875,671.8900146484375,0.0,301500
2024-04-12,647.2921752929688,658.22998046875,0.0,672.7000122070312,658.1900024414062,665.8800048828125,0.0,422500
2024-04-15,635.8850708007812,646.6300048828125,0.0,673.02001953125,640.4400024414062,671.260009765625,0.0,485900
2024-04-16,644.6370849609375,655.530029296875,0.0,659.2999877929688,644.010009765625,645.0,0.0,380600
2024-04-17,627.1229248046875,637.719970703125,0.0,663.4299926757812,633.5999755859375,655.9199829101562,0.0,530100
2024-04-18,610.0023803710938,620.3099975585938,0.0,634.1699829101562,617.8400268554688,632.0900268554688,0.0,652900
2024-04-19,581.6907958984375,591.52001953125,0.0,619.1599731445312,587.530029296875,619.1599731445312,0.0,734000
2024-04-22,590.6493530273438,600.6300048828125,0.0,603.27001953125,584.9500122070312,596.77001953125,0.0,467800
2024-04-23,601.2108764648438,611.3699951171875,0.0,617.8099975585938,601.3400268554688,603.6400146484375,0.0,508600
2024-04-24,631.538330078125,642.2100219726562,0.0,655.22998046875,628.260009765625,636.510009765625,0.0,768900
2024-04-25,649.3670654296875,660.3400268554688,0.0,667.0599975585938,636.4000244140625,638.3300170898438,0.0,435500
2024-04-26,665.9764404296875,677.22998046875,0.0,680.9500122070312,661.3200073242188,662.4000244140625,0.0,402800
2024-04-29,668.4054565429688,679.7000122070312,0.0,689.0900268554688,672.469970703125,675.0,0.0,428300
2024-04-30,658.2077026367188,669.3300170898438,0.0,690.0499877929688,669.0800170898438,680.3300170898438,0.0,502800
2024-05-01,641.7459106445312,652.5900268554688,0.0,686.760009765625,647.5,658.9000244140625,0.0,906900
2024-05-02,701.0438842773438,712.8900146484375,0.0,721.2000122070312,671.3499755859375,681.0999755859375,0.0,1200600
2024-05-03,695.4680786132812,707.219970703125,0.0,727.9500122070312,701.2100219726562,726.989990234375,0.0,585700
2024-05-06,720.8689575195312,733.0499877929688,0.0,733.3099975585938,714.0,719.1199951171875,0.0,399900
2024-05-07,690.5511474609375,702.219970703125,0.0,725.0,702.0,725.0,0.0,625700
2024-05-08,701.5158081054688,713.3699951171875,0.0,715.1300048828125,687.5599975585938,690.0,0.0,337000
2024-05-09,696.2548217773438,708.02001953125,0.0,714.5,706.6400146484375,713.4299926757812,0.0,352500
2024-05-10,690.8658447265625,702.5399780273438,0.0,719.3200073242188,697.8599853515625,719.3200073242188,0.0,432000
2024-05-13,691.3673706054688,703.0499877929688,0.0,710.0499877929688,697.5800170898438,710.0399780273438,0.0,346500
2024-05-14,701.8502807617188,713.7100219726562,0.0,716.7000122070312,702.739990234375,702.739990234375,0.0,320700
2024-05-15,729.0211181640625,741.3400268554688,0.0,742.489990234375,717.2999877929688,725.280029296875,0.0,589800
2024-05-16,716.0011596679688,728.0999755859375,0.0,740.9400024414062,727.9000244140625,738.3400268554688,0.0,398500
2024-05-17,717.918701171875,730.0499877929688,0.0,738.8099975585938,721.8300170898438,735.0800170898438,0.0,258900
2024-05-20,743.319580078125,755.8800048828125,0.0,761.8699951171875,725.4600219726562,725.4600219726562,0.0,419400
2024-05-21,744.165283203125,756.739990234375,0.0,759.989990234375,740.0399780273438,740.2899780273438,0.0,322300
2024-05-22,747.9807739257812,760.6199951171875,0.0,773.8800048828125,751.5900268554688,765.0,0.0,432800
2024-05-23,733.9872436523438,746.3900146484375,0.0,776.010009765625,736.3900146484375,776.010009765625,0.0,767200
2024-05-24,740.8611450195312,753.3800048828125,0.0,758.8599853515625,746.9500122070312,755.0,0.0,287900
2024-05-28,746.9580078125,759.5800170898438,0.0,765.780029296875,749.4099731445312,761.02001953125,0.0,465400
2024-05-29,733.9970703125,746.4000244140625,0.0,757.1300048828125,744.9299926757812,744.9500122070312,0.0,478600
2024-05-30,731.53857421875,743.9000244140625,0.0,753.8300170898438,740.4299926757812,750.0999755859375,0.0,441600
2024-05-31,723.4059448242188,735.6300048828125,0.0,754.6199951171875,706.9400024414062,743.530029296875,0.0,762300
2024-06-03,719.6298828125,731.7899780273438,0.0,746.52001953125,709.02001953125,746.3499755859375,0.0,345000
2024-06-04,714.4866943359375,726.5599975585938,0.0,735.2000122070312,719.989990234375,732.6099853515625,0.0,256000
2024-06-05,745.020751953125,757.6099853515625,0.0,758.469970703125,732.97998046875,741.27001953125,0.0,498100
2024-06-06,746.0040893554688,758.6099853515625,0.0,762.75,745.3099975585938,757.1699829101562,0.0,463600
2024-06-07,739.1500244140625,751.6400146484375,0.0,760.239990234375,743.5599975585938,748.6099853515625,0.0,324700
2024-06-10,766.625732421875,779.5800170898438,0.0,783.6500244140625,745.030029296875,745.030029296875,0.0,466300
2024-06-11,770.9525756835938,783.97998046875,0.0,787.530029296875,770.1699829101562,778.4000244140625,0.0,299000
2024-06-12,802.07666015625,815.6300048828125,0.0,822.47998046875,789.8800048828125,796.4000244140625,0.0,630100
2024-06-13,803.4238891601562,817.0,0.0,822.0,796.2999877929688,808.3200073242188,0.0,529000
2024-06-14,793.1671752929688,806.5700073242188,0.0,813.2899780273438,796.6699829101562,806.6599731445312,0.0,299800
2024-06-17,813.641357421875,827.3900146484375,0.0,830.3099975585938,798.3099975585938,810.47998046875,0.0,445200
2024-06-18,838.3930053710938,852.5599975585938,0.0,856.2999877929688,821.0399780273438,824.5700073242188,0.0,531200
2024-06-20,811.615478515625,825.3300170898438,0.0,848.4500122070312,819.6300048828125,846.0,0.0,673000
2024-06-21,812.4415283203125,826.1699829101562,0.0,828.6900024414062,806.8699951171875,823.4000244140625,0.0,988000
2024-06-24,784.8773193359375,798.1400146484375,0.0,834.6199951171875,795.030029296875,819.8400268554688,0.0,752000
2024-06-25,806.2461547851562,819.8699951171875,0.0,823.75,799.6400146484375,810.4500122070312,0.0,454200
2024-06-26,802.8829345703125,816.4500122070312,0.0,825.8400268554688,803.9000244140625,816.5499877929688,0.0,295600
2024-06-27,797.2285766601562,810.7000122070312,0.0,820.9600219726562,807.5,810.6099853515625,0.0,361100
2024-06-28,809.2738647460938,821.6799926757812,1.25,837.3400268554688,813.6400146484375,820.4600219726562,0.0,721800
2024-07-01,807.0283203125,819.4000244140625,0.0,822.3300170898438,794.1099853515625,807.8800048828125,0.0,548900
2024-07-02,816.2371826171875,828.75,0.0,835.0,815.719970703125,818.97998046875,0.0,257100
2024-07-03,826.5489501953125,839.219970703125,0.0,848.239990234375,827.9199829101562,833.6400146484375,0.0,312500
2024-07-05,828.9423828125,841.6500244140625,0.0,847.3599853515625,829.4299926757812,847.3599853515625,0.0,181700
2024-07-08,838.9588623046875,851.8200073242188,0.0,853.27001953125,839.3900146484375,843.9099731445312,0.0,313600
2024-07-09,833.4237670898438,846.2000122070312,0.0,868.969970703125,837.9600219726562,864.5900268554688,0.0,259800
2024-07-10,847.8131713867188,860.8099975585938,0.0,862.8400268554688,844.25,852.219970703125,0.0,439100
2024-07-11,818.4039916992188,830.9500122070312,0.0,876.6500244140625,830.030029296875,876.6500244140625,0.0,629300
2024-07-12,842.7506713867188,855.6699829101562,0.0,875.8300170898438,816.0599975585938,833.0800170898438,0.0,513200
2024-07-15,857.7606201171875,870.9099731445312,0.0,883.5499877929688,856.3699951171875,861.4400024414062,0.0,335900
2024-07-16,876.0501708984375,889.47998046875,0.0,891.6699829101562,864.6699829101562,879.719970703125,0.0,314400
2024-07-17,805.0388793945312,817.3800048828125,0.0,861.3800048828125,815.3599853515625,861.3800048828125,0.0,1156200
2024-07-18,830.7349243164062,843.469970703125,0.0,849.6400146484375,812.5,839.1500244140625,0.0,704100
2024-07-19,796.6179809570312,808.8300170898438,0.0,852.469970703125,805.1400146484375,852.469970703125,0.0,624400
2024-07-22,844.4547119140625,857.4000244140625,0.0,859.9500122070312,815.9199829101562,829.9500122070312,0.0,625700
2024-07-23,833.6304931640625,846.4099731445312,0.0,855.0,839.9299926757812,839.9299926757812,0.0,310800
2024-07-24,775.9843139648438,787.8800048828125,0.0,839.22998046875,786.0900268554688,832.8300170898438,0.0,787900
2024-07-25,777.9737548828125,789.9000244140625,0.0,825.4299926757812,761.3499755859375,787.8900146484375,0.0,876400
2024-07-26,809.3723754882812,821.780029296875,0.0,832.1500244140625,804.47998046875,812.2000122070312,0.0,627400
2024-07-29,814.7695922851562,827.260009765625,0.0,849.1699829101562,822.0999755859375,838.719970703125,0.0,429500
2024-07-30,770.0452880859375,781.8499755859375,0.0,835.9299926757812,780.0,831.8800048828125,0.0,677900
2024-07-31,850.0586547851562,863.0900268554688,0.0,863.4199829101562,817.239990234375,824.5599975585938,0.0,861000
2024-08-01,773.0985107421875,784.9500122070312,0.0,861.4299926757812,778.3200073242188,842.25,0.0,1133000
2024-08-02,783.7452392578125,795.760009765625,0.0,836.780029296875,769.719970703125,788.5499877929688,0.0,1366800
2024-08-05,758.8075561523438,770.4400024414062,0.0,793.4000244140625,729.5900268554688,748.280029296875,0.0,843300
2024-08-06,778.2298583984375,790.1599731445312,0.0,813.9400024414062,767.1300048828125,784.760009765625,0.0,532400
2024-08-07,745.60986328125,757.0399780273438,0.0,828.469970703125,751.7899780273438,818.52001953125,0.0,689700
2024-08-08,830.7842407226562,843.52001953125,0.0,846.3099975585938,765.1300048828125,778.3900146484375,0.0,860900
2024-08-09,810.573974609375,823.0,0.0,842.6300048828125,809.5399780273438,838.22998046875,0.0,441700
2024-08-12,811.5097045898438,823.9500122070312,0.0,839.8400268554688,816.8599853515625,823.77001953125,0.0,318700
2024-08-13,854.7073364257812,867.8099975585938,0.0,871.010009765625,840.1099853515625,840.1099853515625,0.0,525400
2024-08-14,849.5957641601562,862.6199951171875,0.0,877.5999755859375,843.5399780273438,865.2999877929688,0.0,416100
2024-08-15,906.7890014648438,920.6900024414062,0.0,925.9000244140625,877.280029296875,888.8800048828125,0.0,816300
2024-08-16,900.85009765625,914.6599731445312,0.0,924.1400146484375,900.1599731445312,902.3699951171875,0.0,448600
2024-08-19,903.3616333007812,917.2100219726562,0.0,919.2000122070312,895.4000244140625,908.8400268554688,0.0,359200
2024-08-20,891.0305786132812,904.6900024414062,0.0,928.3699951171875,902.2100219726562,913.0599975585938,0.0,398200
2024-08-21,932.8592529296875,947.1599731445312,0.0,952.010009765625,915.5499877929688,924.75,0.0,506000
2024-08-22,894.8126220703125,908.530029296875,0.0,956.6300048828125,902.260009765625,948.6300048828125,0.0,565700
2024-08-23,922.1534423828125,936.2899780273438,0.0,941.7999877929688,914.489990234375,926.3900146484375,0.0,413300
2024-08-26,898.4763793945312,912.25,0.0,929.2100219726562,910.2100219726562,925.52001953125,0.0,499000
2024-08-27,931.1849365234375,945.4600219726562,0.0,951.510009765625,895.0,903.6400146484375,0.0,482800
2024-08-28,915.26904296875,929.2999877929688,0.0,955.1500244140625,914.5800170898438,943.510009765625,0.0,462200
2024-08-29,916.5592041015625,930.6099853515625,0.0,959.6400146484375,920.9000244140625,936.8200073242188,0.0,449300
2024-08-30,920.5677490234375,934.6799926757812,0.0,952.1699829101562,913.1599731445312,948.1500244140625,0.0,520100
2024-09-03,825.9679565429688,838.6300048828125,0.0,923.1500244140625,833.260009765625,919.72998046875,0.0,960900
2024-09-04,837.668701171875,850.510009765625,0.0,867.4000244140625,826.4400024414062,830.489990234375,0.0,446400
2024-09-05,828.7847900390625,841.489990234375,0.0,858.3800048828125,827.530029296875,835.7000122070312,0.0,493600
2024-09-06,794.1360473632812,806.3099975585938,0.0,843.2899780273438,795.9500122070312,841.489990234375,0.0,804000
2024-09-09,823.3875732421875,836.010009765625,0.0,838.3900146484375,818.8699951171875,819.6799926757812,0.0,630000
2024-09-10,834.9009399414062,847.7000122070312,0.0,848.9199829101562,814.2000122070312,833.7000122070312,0.0,388500
2024-09-11,881.6444702148438,895.1599731445312,0.0,897.0700073242188,828.7999877929688,851.219970703125,0.0,770100
2024-09-12,882.3831787109375,895.9099731445312,0.0,905.280029296875,877.1599731445312,885.9199829101562,0.0,411500
2024-09-13,900.2985229492188,914.0999755859375,0.0,918.8200073242188,900.760009765625,906.4099731445312,0.0,311000
2024-09-16,871.8643798828125,885.22998046875,0.0,900.3699951171875,876.010009765625,895.6500244140625,0.0,483000
2024-09-17,854.21484375,867.3099975585938,0.0,903.8099975585938,864.0,893.219970703125,0.0,546100
2024-09-18,847.6653442382812,860.6599731445312,0.0,890.469970703125,856.47998046875,876.489990234375,0.0,446900
2024-09-19,897.3634643554688,911.1199951171875,0.0,921.6300048828125,885.7999877929688,895.47998046875,0.0,733600
2024-09-20,877.8624877929688,891.3200073242188,0.0,901.6900024414062,870.8800048828125,899.3400268554688,0.0,1267600
2024-09-23,879.8026733398438,893.2899780273438,0.0,900.1199951171875,886.5599975585938,897.4299926757812,0.0,300700
2024-09-24,897.2452392578125,911.0,0.0,917.0599975585938,893.1199951171875,907.2000122070312,0.0,275300
2024-09-25,900.9288940429688,914.739990234375,0.0,923.47998046875,902.0999755859375,902.3499755859375,0.0,312200
2024-09-26,930.1311645507812,944.3900146484375,0.0,950.2899780273438,904.75,940.0,0.0,545000
2024-09-27,911.0241088867188,924.989990234375,0.0,949.7999877929688,920.6400146484375,949.7999877929688,0.0,571700
2024-09-30,911.7735595703125,924.5,1.25,930.0999755859375,907.9500122070312,919.9400024414062,0.0,392100
2024-10-01,879.5335693359375,891.8099975585938,0.0,926.47998046875,885.0900268554688,921.3400268554688,0.0,589100
2024-10-02,906.250732421875,918.9000244140625,0.0,930.3699951171875,887.2899780273438,901.780029296875,0.0,362500
2024-10-03,910.0477294921875,922.75,0.0,934.1900024414062,905.3900146484375,905.3900146484375,0.0,347400
2024-10-04,922.730712890625,935.6099853515625,0.0,950.989990234375,926.7000122070312,949.4199829101562,0.0,435400
2024-10-07,917.4345092773438,930.239990234375,0.0,937.9000244140625,919.239990234375,922.719970703125,0.0,322100
2024-10-08,910.432373046875,923.1400146484375,0.0,932.0,912.3599853515625,930.0,0.0,446200
2024-10-09,923.1251831054688,936.010009765625,0.0,947.030029296875,915.3200073242188,919.4199829101562,0.0,434100
2024-10-10,917.2670288085938,930.0700073242188,0.0,932.22998046875,916.75,918.510009765625,0.0,231800
2024-10-11,925.5513305664062,938.469970703125,0.0,953.7100219726562,918.0999755859375,923.0800170898438,0.0,284000
2024-10-14,930.22607421875,943.2100219726562,0.0,954.0,935.010009765625,947.1199951171875,0.0,422000
2024-10-15,882.3739624023438,894.6900024414062,0.0,943.47998046875,888.2899780273438,938.3200073242188,0.0,854100
2024-10-16,892.48291015625,904.9400024414062,0.0,915.0,893.0,915.0,0.0,520400
2024-10-17,905.4913330078125,918.1300048828125,0.0,943.1199951171875,917.1599731445312,938.3699951171875,0.0,482500
2024-10-18,903.6765747070312,916.2899780273438,0.0,937.8499755859375,910.2000122070312,937.7899780273438,0.0,260700
2024-10-21,871.1012573242188,883.260009765625,0.0,910.5,858.97998046875,908.0,0.0,735700
2024-10-22,864.739990234375,876.8099975585938,0.0,882.530029296875,869.9500122070312,878.4600219726562,0.0,391000
2024-10-23,871.47607421875,883.6400146484375,0.0,894.989990234375,866.6799926757812,871.8099975585938,0.0,439800
2024-10-24,887.6405029296875,900.030029296875,0.0,903.0,890.4600219726562,890.6599731445312,0.0,400600
2024-10-25,888.8831176757812,901.2899780273438,0.0,925.27001953125,901.2100219726562,904.5999755859375,0.0,566800
2024-10-28,878.2022705078125,890.4600219726562,0.0,911.3800048828125,885.9199829101562,901.2899780273438,0.0,631200
2024-10-29,920.383544921875,933.22998046875,0.0,937.1799926757812,891.1900024414062,894.9000244140625,0.0,693100
2024-10-30,907.148193359375,919.8099975585938,0.0,931.6500244140625,909.5599975585938,912.7100219726562,0.0,977600
2024-10-31,748.84765625,759.2999877929688,0.0,829.5,733.8800048828125,826.3200073242188,0.0,3055200
2024-11-01,748.916748046875,759.3699951171875,0.0,788.72998046875,755.739990234375,766.219970703125,0.0,1018100
2024-11-04,756.0176391601562,766.5700073242188,0.0,784.760009765625,746.5900268554688,758.8099975585938,0.0,959000
2024-11-05,752.4671020507812,762.969970703125,0.0,775.8499755859375,750.9500122070312,769.1599731445312,0.0,626600
2024-11-06,774.4799194335938,785.2899780273438,0.0,786.510009765625,762.77001953125,773.969970703125,0.0,820500
2024-11-07,764.5386962890625,775.2100219726562,0.0,796.5800170898438,762.6599731445312,793.6400146484375,0.0,947900
2024-11-08,750.8201293945312,761.2999877929688,0.0,781.02001953125,749.8499755859375,765.0599975585938,0.0,822300
2024-11-11,638.3993530273438,647.3099975585938,0.0,650.9299926757812,572.0,629.2999877929688,0.0,4011000
2024-11-12,635.2335205078125,644.0999755859375,0.0,689.77001953125,631.510009765625,665.0,0.0,2652000
2024-11-13,593.1903686523438,601.469970703125,0.0,640.7899780273438,599.0499877929688,633.0,0.0,1607900
2024-11-14,568.85009765625,576.7899780273438,0.0,604.6699829101562,572.0399780273438,603.0499877929688,0.0,2087600
2024-11-15,565.4869995117188,573.3800048828125,0.0,590.489990234375,561.7899780273438,565.5700073242188,0.0,1615200
2024-11-18,579.7479858398438,587.8400268554688,0.0,588.9099731445312,561.5800170898438,573.4000244140625,0.0,1203100
2024-11-19,577.8049926757812,585.8699951171875,0.0,593.9099731445312,576.3699951171875,588.0,0.0,998700
2024-11-20,552.3504028320312,560.0599975585938,0.0,587.0,546.7100219726562,581.2999877929688,0.0,1662800
2024-11-21,564.589599609375,572.469970703125,0.0,574.010009765625,551.7899780273438,570.0700073242188,0.0,1021900
2024-11-22,572.8147583007812,580.8099975585938,0.0,591.5999755859375,565.7000122070312,566.25,0.0,1031800
2024-11-25,592.5886840820312,600.8599853515625,0.0,610.8300170898438,587.6900024414062,592.1599731445312,0.0,1267800
2024-11-26,564.2049560546875,572.0800170898438,0.0,602.2999877929688,568.0999755859375,598.77001953125,0.0,1287100
2024-11-27,552.5278930664062,560.239990234375,0.0,575.8300170898438,548.25,575.8300170898438,0.0,1237800
2024-11-29,559.8261108398438,567.6400146484375,0.0,575.1599731445312,563.010009765625,568.0,0.0,595300
2024-12-02,572.3610229492188,580.3499755859375,0.0,588.9400024414062,566.010009765625,567.0499877929688,0.0,808600
2024-12-03,574.82666015625,582.8499755859375,0.0,585.7899780273438,570.739990234375,570.739990234375,0.0,609200
2024-12-04,573.6234741210938,581.6300048828125,0.0,592.7999877929688,579.989990234375,589.1500244140625,0.0,698200
2024-12-05,564.441650390625,572.3200073242188,0.0,587.3300170898438,566.6099853515625,587.3300170898438,0.0,696500
2024-12-06,581.562744140625,589.6799926757812,0.0,593.3099975585938,576.0,578.219970703125,0.0,734400
2024-12-09,601.27734375,609.6699829101562,0.0,613.2999877929688,591.0,591.8499755859375,0.0,1015400
2024-12-10,587.1249389648438,595.3200073242188,0.0,614.4099731445312,591.1400146484375,610.8800048828125,0.0,941700
2024-12-11,615.2327270507812,623.8200073242188,0.0,628.77001953125,604.3400268554688,613.6300048828125,0.0,948100
2024-12-12,597.1156005859375,605.4500122070312,0.0,623.7999877929688,593.0999755859375,611.3099975585938,0.0,862100
2024-12-13,600.0643920898438,608.4400024414062,0.0,625.3499755859375,602.0700073242188,621.0,0.0,896900
2024-12-16,619.966552734375,628.6199951171875,0.0,637.7100219726562,599.8900146484375,607.0,0.0,1143000
2024-12-17,619.5720825195312,628.219970703125,0.0,640.0700073242188,622.0800170898438,622.0900268554688,0.0,796200
2024-12-18,589.837158203125,598.0700073242188,0.0,644.8099975585938,593.1099853515625,632.0,0.0,958400
2024-12-19,581.0399780273438,589.1500244140625,0.0,613.0,586.6199951171875,611.77001953125,0.0,782400
2024-12-20,585.0538940429688,593.219970703125,0.0,603.1900024414062,582.2899780273438,586.9199829101562,0.0,2364800
2024-12-23,608.7826538085938,617.280029296875,0.0,618.8499755859375,590.47998046875,591.72998046875,0.0,687900
2024-12-24,611.0510864257812,619.5800170898438,0.0,623.0599975585938,613.0399780273438,616.8699951171875,0.0,252500
2024-12-26,611.297607421875,619.8300170898438,0.0,625.3099975585938,613.5599975585938,613.5599975585938,0.0,320300
2024-12-27,604.265869140625,612.7000122070312,0.0,621.9299926757812,604.1500244140625,616.6199951171875,0.0,354600
2024-12-30,595.3403930664062,603.6500244140625,0.0,609.0700073242188,593.8499755859375,606.9299926757812,0.0,689200
2024-12-31,584.7657470703125,591.7000122070312,1.25,608.969970703125,589.2999877929688,602.5599975585938,0.0,492000
2025-01-02,587.2562255859375,594.219970703125,0.0,609.7000122070312,589.4000244140625,604.0900268554688,0.0,548100
2025-01-03,612.6055908203125,619.8699951171875,0.0,625.5,599.0900268554688,600.3200073242188,0.0,654500
2025-01-06,623.7039794921875,631.0999755859375,0.0,645.25,628.030029296875,632.3699951171875,0.0,785900
2025-01-07,617.5470581054688,624.8699951171875,0.0,644.8099975585938,622.1199951171875,643.0700073242188,0.0,599200
2025-01-08,613.682861328125,620.9600219726562,0.0,633.1400146484375,610.2999877929688,617.4500122070312,0.0,346000
2025-01-10,584.3011474609375,591.22998046875,0.0,614.530029296875,582.0599975585938,611.4600219726562,0.0,1076900
2025-01-13,580.4666137695312,587.3499755859375,0.0,591.3900146484375,576.4199829101562,578.469970703125,0.0,854100
2025-01-14,582.947265625,589.8599853515625,0.0,598.0800170898438,579.1699829101562,591.27001953125,0.0,472800
2025-01-15,595.3502197265625,602.4099731445312,0.0,611.3800048828125,601.47998046875,607.5900268554688,0.0,570300
2025-01-16,589.6675415039062,596.6599731445312,0.0,614.510009765625,596.010009765625,614.1699829101562,0.0,494900
2025-01-17,618.4859008789062,625.8200073242188,0.0,628.6900024414062,605.8200073242188,606.530029296875,0.0,1066100
2025-01-21,631.0072631835938,638.489990234375,0.0,655.0,632.8099975585938,637.0900268554688,0.0,1257500
2025-01-22,681.3405151367188,689.4199829101562,0.0,699.3300170898438,652.0399780273438,655.1300048828125,0.0,1558100
2025-01-23,690.6007690429688,698.7899780273438,0.0,699.3800048828125,673.3499755859375,673.9400024414062,0.0,757500
2025-01-24,670.4793090820312,678.4299926757812,0.0,700.0,670.0,700.0,0.0,1063300
2025-01-27,593.7491455078125,600.7899780273438,0.0,656.5800170898438,597.719970703125,652.4500122070312,0.0,2095600
2025-01-28,610.3324584960938,617.5700073242188,0.0,622.4000244140625,590.5399780273438,606.3599853515625,0.0,1015800
2025-01-29,611.5086059570312,618.760009765625,0.0,619.989990234375,607.4199829101562,615.6400146484375,0.0,435800
2025-01-30,629.3174438476562,636.780029296875,0.0,641.75,622.4299926757812,624.0,0.0,593600
2025-01-31,629.9005126953125,637.3699951171875,0.0,657.1799926757812,632.1099853515625,640.0,0.0,753400
2025-02-03,621.4111938476562,628.780029296875,0.0,644.280029296875,615.260009765625,615.27001953125,0.0,774300
2025-02-04,648.5988159179688,656.2899780273438,0.0,657.8800048828125,627.7999877929688,628.3400268554688,0.0,981800
2025-02-05,646.2071533203125,653.8699951171875,0.0,664.989990234375,647.8699951171875,652.010009765625,0.0,883000
2025-02-06,653.15478515625,660.9000244140625,0.0,666.3800048828125,639.0599975585938,650.530029296875,0.0,1611200
2025-02-07,711.8092041015625,720.25,0.0,723.989990234375,677.0,686.7000122070312,0.0,2551700
2025-02-10,697.0936279296875,705.3599853515625,0.0,720.25,699.27001953125,717.0999755859375,0.0,1009100
2025-02-11,690.8379516601562,699.030029296875,0.0,712.97998046875,686.1199951171875,692.1500244140625,0.0,708300
2025-02-12,691.2628784179688,699.4600219726562,0.0,700.780029296875,682.77001953125,689.510009765625,0.0,487300
2025-02-13,691.7866821289062,699.989990234375,0.0,707.489990234375,694.0800170898438,699.4600219726562,0.0,478200
2025-02-14,676.9031372070312,684.9299926757812,0.0,698.3699951171875,681.1400146484375,692.9500122070312,0.0,625300
2025-02-18,682.6747436523438,690.77001953125,0.0,704.77001953125,685.0999755859375,692.3400268554688,0.0,611800
2025-02-19,684.394287109375,692.510009765625,0.0,708.3599853515625,682.6500244140625,688.780029296875,0.0,710800
2025-02-20,681.7258911132812,689.8099975585938,0.0,707.4199829101562,682.1400146484375,697.8400268554688,0.0,679300
2025-02-21,653.3327026367188,661.0800170898438,0.0,689.780029296875,659.489990234375,684.8599853515625,0.0,847300
2025-02-24,645.0902709960938,652.739990234375,0.0,665.0,637.02001953125,660.6900024414062,0.0,1327500
2025-02-25,643.68701171875,651.3200073242188,0.0,659.6699829101562,643.8499755859375,658.25,0.0,897500
2025-02-26,663.7095947265625,671.5800170898438,0.0,681.0,660.47998046875,666.6900024414062,0.0,692500
2025-02-27,602.2384643554688,609.3800048828125,0.0,672.0399780273438,608.0599975585938,671.219970703125,0.0,1202100
2025-02-28,603.8494262695312,611.010009765625,0.0,624.3300170898438,596.5999755859375,607.6199951171875,0.0,961700
2025-03-03,572.135498046875,578.9199829101562,0.0,621.719970703125,576.0800170898438,619.3400268554688,0.0,1054600
2025-03-04,581.2572631835938,588.1500244140625,0.0,605.760009765625,557.7899780273438,578.1300048828125,0.0,936100
2025-03-05,605.0155639648438,612.1900024414062,0.0,613.1199951171875,583.4099731445312,591.989990234375,0.0,636700
2025-03-06,559.0704956054688,565.7000122070312,0.0,608.8300170898438,559.510009765625,591.7000122070312,0.0,1283100
2025-03-07,589.7960815429688,596.7899780273438,0.0,600.3200073242188,564.8400268554688,570.0,0.0,782400
2025-03-10,574.774169921875,581.5900268554688,0.0,597.3499755859375,571.9099731445312,582.280029296875,0.0,1152500
2025-03-11,563.6658935546875,570.3499755859375,0.0,586.7899780273438,558.5999755859375,586.7899780273438,0.0,674200
2025-03-12,576.1578979492188,582.989990234375,0.0,593.0700073242188,575.239990234375,580.9000244140625,0.0,695900
2025-03-13,564.5159301757812,571.2100219726562,0.0,586.72998046875,562.7000122070312,576.1099853515625,0.0,485700
2025-03-14,598.9574584960938,606.0599975585938,0.0,607.3499755859375,582.6300048828125,585.3800048828125,0.0,916000
2025-03-17,633.1322021484375,640.6400146484375,0.0,644.77001953125,609.6599731445312,610.010009765625,0.0,1109700
2025-03-18,614.9971313476562,622.2899780273438,0.0,638.0399780273438,614.6799926757812,631.7999877929688,0.0,690500
2025-03-19,622.4588012695312,629.8400268554688,0.0,644.219970703125,616.8499755859375,621.8200073242188,0.0,706300
2025-03-20,601.8827514648438,609.02001953125,0.0,652.8900146484375,603.75,620.8900146484375,0.0,998100
2025-03-21,584.0540771484375,590.97998046875,0.0,598.010009765625,575.0,590.77001953125,0.0,1713600
2025-03-24,620.5711059570312,627.9299926757812,0.0,636.3499755859375,600.8499755859375,609.0800170898438,0.0,1170800
2025-03-25,625.5520629882812,632.969970703125,0.0,638.7100219726562,623.9199829101562,628.3599853515625,0.0,702400
2025-03-26,593.4329223632812,600.469970703125,0.0,630.0,593.3300170898438,628.9000244140625,0.0,907100
2025-03-27,594.3915405273438,601.4400024414062,0.0,611.1099853515625,583.1400146484375,593.25,0.0,707000
2025-03-28,573.0941162109375,579.8900146484375,0.0,612.8800048828125,573.030029296875,599.47998046875,0.0,810800
2025-03-31,574.7291259765625,579.97998046875,1.56,581.5,554.02001953125,567.8300170898438,0.0,1141400
2025-04-01,576.215576171875,581.47998046875,0.0,588.1900024414062,566.5399780273438,575.1300048828125,0.0,676900
2025-04-02,585.3025512695312,590.6500244140625,0.0,597.4099731445312,564.239990234375,567.1900024414062,0.0,506100
2025-04-03,494.1652526855469,498.67999267578125,0.0,561.7899780273438,494.19000244140625,552.9500122070312,0.0,1927700
2025-04-04,473.0680236816406,477.3900146484375,0.0,492.3800048828125,451.2900085449219,476.6000061035156,0.0,1734100
2025-04-07,484.1962890625,488.6199951171875,0.0,525.0399780273438,442.69000244140625,465.1000061035156,0.0,1814700
2025-04-08,451.0689392089844,455.19000244140625,0.0,515.9199829101562,438.8599853515625,508.6099853515625,0.0,1587900
2025-04-09,556.7534790039062,561.8400268554688,0.0,567.7100219726562,449.5299987792969,459.010009765625,0.0,2335400
2025-04-10,480.3216857910156,484.7099914550781,0.0,530.6400146484375,470.2200012207031,525.97998046875,0.0,2145600
2025-04-11,528.3033447265625,533.1300048828125,0.0,538.4400024414062,476.0,489.69000244140625,0.0,2218600
2025-04-14,533.9219360351562,538.7999877929688,0.0,560.75,532.1199951171875,560.75,0.0,1291300
2025-04-15,539.3226318359375,544.25,0.0,554.77001953125,537.3499755859375,545.2100219726562,0.0,634400
2025-04-16,520.1082153320312,524.8599853515625,0.0,531.0800170898438,499.69000244140625,518.0700073242188,0.0,1275000
2025-04-17,518.8399047851562,523.5800170898438,0.0,539.8200073242188,514.2899780273438,538.0,0.0,864600
2025-04-21,503.5891418457031,508.19000244140625,0.0,514.8300170898438,496.3999938964844,512.719970703125,0.0,798700
2025-04-22,507.186279296875,511.82000732421875,0.0,526.5700073242188,506.30999755859375,512.3599853515625,0.0,859100
2025-04-23,532.1085205078125,536.969970703125,0.0,553.97998046875,532.7100219726562,545.9099731445312,0.0,828700
2025-04-24,575.4921875,580.75,0.0,582.5700073242188,546.760009765625,548.4099731445312,0.0,1046700
2025-04-25,578.435302734375,583.719970703125,0.0,588.25,568.9600219726562,577.2100219726562,0.0,508700
2025-04-28,579.911865234375,585.2100219726562,0.0,591.3900146484375,564.219970703125,580.0700073242188,0.0,552300
2025-04-29,581.427978515625,586.739990234375,0.0,593.760009765625,574.8699951171875,584.1400146484375,0.0,783800
2025-04-30,587.7302856445312,593.0999755859375,0.0,595.9199829101562,562.3800048828125,565.2100219726562,0.0,784700
2025-05-01,596.1831665039062,601.6300048828125,0.0,614.0,594.8400268554688,600.0,0.0,990100
2025-05-02,631.1239624023438,636.8900146484375,0.0,649.4000244140625,608.9600219726562,614.6799926757812,0.0,1651600
2025-05-05,621.7199096679688,627.4000244140625,0.0,642.5999755859375,626.0,634.6599731445312,0.0,629000
2025-05-06,617.3497924804688,622.989990234375,0.0,631.4199829101562,612.9500122070312,620.2899780273438,0.0,567200
2025-05-07,630.945556640625,636.7100219726562,0.0,640.52001953125,613.0,621.6699829101562,0.0,569400
2025-05-08,634.1364135742188,639.9299926757812,0.0,656.4099731445312,630.0,648.7899780273438,0.0,638300
2025-05-09,631.9960327148438,637.77001953125,0.0,656.0,630.6199951171875,647.47998046875,0.0,639200
2025-05-12,702.8089599609375,709.22998046875,0.0,721.0,680.0,693.97998046875,0.0,1506800
2025-05-13,731.0509033203125,737.72998046875,0.0,742.2000122070312,705.75,705.75,0.0,909300
2025-05-14,727.63232421875,734.280029296875,0.0,755.0,725.8499755859375,737.0,0.0,589500
2025-05-15,703.8890991210938,710.3200073242188,0.0,730.3599853515625,703.3499755859375,725.6199951171875,0.0,981400
2025-05-16,708.9232177734375,715.4000244140625,0.0,716.7899780273438,696.4500122070312,712.75,0.0,362000
2025-05-19,696.0309448242188,702.3900146484375,0.0,706.7000122070312,688.0999755859375,692.780029296875,0.0,512400
2025-05-20,693.8309936523438,700.1699829101562,0.0,702.22998046875,692.77001953125,695.5,0.0,420900
2025-05-21,672.4761352539062,678.6199951171875,0.0,703.969970703125,674.469970703125,691.0,0.0,487500
2025-05-22,666.1142578125,672.2000122070312,0.0,694.8200073242188,671.0700073242188,680.02001953125,0.0,461300
2025-05-23,656.1849365234375,662.1799926757812,0.0,668.1099853515625,648.6799926757812,649.989990234375,0.0,508500
2025-05-27,679.313720703125,685.52001953125,0.0,689.52001953125,671.6599731445312,683.3300170898438,0.0,787300
2025-05-28,671.346435546875,677.47998046875,0.0,689.4000244140625,675.469970703125,686.0599975585938,0.0,517800
2025-05-29,674.5571899414062,680.719970703125,0.0,699.510009765625,677.1099853515625,699.510009765625,0.0,419800
2025-05-30,655.9075317382812,661.9000244140625,0.0,679.969970703125,643.3599853515625,671.530029296875,0.0,950300
2025-06-02,662.6062622070312,668.6599731445312,0.0,671.1500244140625,655.5,661.3099975585938,0.0,422700
2025-06-03,679.551513671875,685.760009765625,0.0,688.7999877929688,662.7899780273438,669.7899780273438,0.0,521300
2025-06-04,688.4600830078125,694.75,0.0,721.27001953125,689.1900024414062,693.3900146484375,0.0,534600
2025-06-05,674.89404296875,681.0599975585938,0.0,705.9000244140625,674.8200073242188,701.760009765625,0.0,568800
2025-06-06,680.8595581054688,687.0800170898438,0.0,698.760009765625,685.52001953125,698.27001953125,0.0,293500
2025-06-09,699.8857421875,706.280029296875,0.0,711.0,689.9000244140625,693.5399780273438,0.0,550300
2025-06-10,725.2142944335938,731.8400268554688,0.0,738.8099975585938,708.7999877929688,712.719970703125,0.0,901100
2025-06-11,714.3040161132812,720.8300170898438,0.0,740.9000244140625,709.2100219726562,736.6099853515625,0.0,564900
2025-06-12,712.0643920898438,718.5700073242188,0.0,730.0,713.4099731445312,713.4400024414062,0.0,322600
2025-06-13,666.9169921875,673.010009765625,0.0,702.9400024414062,670.0,699.8499755859375,0.0,1027900
2025-06-16,700.1929321289062,706.5900268554688,0.0,712.72998046875,681.219970703125,684.4600219726562,0.0,613800
2025-06-17,684.615234375,690.8699951171875,0.0,710.72998046875,689.8200073242188,700.0,0.0,430100
2025-06-18,686.9637451171875,693.239990234375,0.0,706.4000244140625,686.0599975585938,693.8499755859375,0.0,455200
2025-06-20,679.690185546875,685.9000244140625,0.0,704.969970703125,676.6599731445312,704.969970703125,0.0,1074600
2025-06-23,686.349365234375,692.6199951171875,0.0,695.0,671.1799926757812,685.9000244140625,0.0,480600
2025-06-24,710.0924072265625,716.5800170898438,0.0,719.1500244140625,700.6500244140625,705.8499755859375,0.0,709700
2025-06-25,716.2760009765625,722.8200073242188,0.0,724.989990234375,708.8300170898438,717.3200073242188,0.0,337400
2025-06-26,728.51416015625,735.1699829101562,0.0,744.010009765625,718.989990234375,728.0,0.0,494500
2025-06-27,729.366455078125,736.030029296875,0.0,745.47998046875,724.97998046875,736.0900268554688,0.0,562300
2025-06-30,726.2978515625,731.3800048828125,1.56,741.489990234375,723.2000122070312,737.47998046875,0.0,396500
2025-07-01,741.779541015625,746.969970703125,0.0,756.739990234375,722.25,729.22998046875,0.0,587100
2025-07-02,759.0885009765625,764.4000244140625,0.0,770.0,735.760009765625,743.0900268554688,0.0,578700
2025-07-03,753.3684692382812,758.6400146484375,0.0,776.8800048828125,754.4099731445312,770.0,0.0,400100
2025-07-07,736.019775390625,741.1699829101562,0.0,755.3099975585938,736.6300048828125,748.22998046875,0.0,450600
2025-07-08,756.0198974609375,761.3099975585938,0.0,770.1500244140625,750.1599731445312,753.1599731445312,0.0,504200
2025-07-09,745.9205932617188,751.1400146484375,0.0,778.8599853515625,730.0,762.010009765625,0.0,584700
2025-07-10,735.3048706054688,740.4500122070312,0.0,756.4099731445312,735.4000244140625,756.4099731445312,0.0,386900
2025-07-11,730.9453735351562,736.0599975585938,0.0,747.5999755859375,725.0,739.1400146484375,0.0,383100
2025-07-14,716.1289672851562,721.1400146484375,0.0,729.5800170898438,703.0599975585938,729.4299926757812,0.0,561100
2025-07-15,712.6334838867188,717.6199951171875,0.0,754.989990234375,716.9500122070312,742.75,0.0,585700
2025-07-16,709.0684814453125,714.030029296875,0.0,722.22998046875,686.8699951171875,716.5399780273438,0.0,779700
2025-07-17,708.6116333007812,713.5700073242188,0.0,717.719970703125,703.4299926757812,709.8900146484375,0.0,431700
2025-07-18,720.2005615234375,725.239990234375,0.0,725.8300170898438,705.8400268554688,719.8900146484375,0.0,432700
2025-07-21,719.7337646484375,724.77001953125,0.0,737.760009765625,723.9099731445312,728.5900268554688,0.0,409700
2025-07-22,714.97705078125,719.97998046875,0.0,729.9500122070312,702.3200073242188,723.489990234375,0.0,554200
2025-07-23,715.0069580078125,720.010009765625,0.0,721.4600219726562,708.0,717.8800048828125,0.0,401900
2025-07-24,708.0455932617188,713.0,0.0,720.8200073242188,702.5599975585938,717.4600219726562,0.0,343500
2025-07-25,709.7139282226562,714.6799926757812,0.0,718.25,704.02001953125,711.6099853515625,0.0,275900
2025-07-28,733.4180297851562,738.5499877929688,0.0,741.0700073242188,721.719970703125,722.5599975585938,0.0,545500
2025-07-29,719.3365478515625,724.3699951171875,0.0,751.489990234375,715.0,745.52001953125,0.0,488700
2025-07-30,725.463623046875,730.5399780273438,0.0,747.5,726.0499877929688,734.4600219726562,0.0,629600
2025-07-31,706.2977905273438,711.239990234375,0.0,740.0,706.0,731.239990234375,0.0,1344500
2025-08-01,780.1609497070312,785.6199951171875,0.0,803.0,711.4600219726562,740.0,0.0,1524100
2025-08-04,824.858154296875,830.6300048828125,0.0,831.969970703125,778.9000244140625,791.4199829101562,0.0,1360400
2025-08-05,797.2017822265625,802.780029296875,0.0,834.4400024414062,774.1400146484375,830.0,0.0,988800
2025-08-06,800.2503662109375,805.8499755859375,0.0,807.4000244140625,790.0700073242188,802.0,0.0,416400
2025-08-07,792.3953857421875,797.9400024414062,0.0,819.5,785.0,816.2999877929688,0.0,640200
2025-08-08,798.701171875,804.2899780273438,0.0,815.0,794.5,798.52001953125,0.0,399400
2025-08-11,791.9683837890625,797.510009765625,0.0,815.4000244140625,795.8200073242188,806.22998046875,0.0,540400
2025-08-12,834.7191772460938,840.5599975585938,0.0,844.0,803.0,807.7999877929688,0.0,713900
2025-08-13,855.8115844726562,861.7999877929688,0.0,865.1300048828125,840.0,845.5999755859375,0.0,543900
2025-08-14,842.9118041992188,848.8099975585938,0.0,854.989990234375,836.510009765625,845.530029296875,0.0,582300
2025-08-15,820.72705078125,826.469970703125,0.0,851.9199829101562,823.8499755859375,851.9199829101562,0.0,575600
2025-08-18,844.4014282226562,850.3099975585938,0.0,853.239990234375,823.010009765625,823.5900268554688,0.0,563800
2025-08-19,838.9297485351562,844.7999877929688,0.0,868.0,839.9600219726562,854.4000244140625,0.0,557900
2025-08-20,820.528564453125,826.27001953125,0.0,847.5700073242188,805.9400024414062,840.8300170898438,0.0,673100
2025-08-21,815.0369262695312,820.739990234375,0.0,831.3099975585938,812.0,814.219970703125,0.0,413000
2025-08-22,838.1353149414062,844.0,0.0,859.7899780273438,820.6400146484375,822.239990234375,0.0,548800
2025-08-25,832.0379028320312,837.8599853515625,0.0,850.4400024414062,832.2000122070312,841.4099731445312,0.0,348000
2025-08-26,844.7291870117188,850.6400146484375,0.0,857.989990234375,839.8599853515625,839.8599853515625,0.0,404000
2025-08-27,860.3002319335938,866.3200073242188,0.0,870.0,843.530029296875,847.9000244140625,0.0,326600
2025-08-28,852.4948120117188,858.4600219726562,0.0,875.0499877929688,857.4000244140625,866.97998046875,0.0,468100
2025-08-29,829.9525146484375,835.760009765625,0.0,853.489990234375,825.1599731445312,849.4099731445312,0.0,568900
2025-09-02,817.9266967773438,823.6500244140625,0.0,824.969970703125,800.969970703125,811.1099853515625,0.0,517400
2025-09-03,821.8095703125,827.5599975585938,0.0,830.260009765625,809.5399780273438,830.260009765625,0.0,432600
2025-09-04,842.2167358398438,848.1099853515625,0.0,850.1400146484375,817.5700073242188,827.5599975585938,0.0,424500
2025-09-05,859.8434448242188,865.8599853515625,0.0,867.219970703125,846.3400268554688,853.6500244140625,0.0,491500
2025-09-08,858.3140869140625,864.3200073242188,0.0,879.5,850.6599731445312,869.3099975585938,0.0,495400
2025-09-09,851.9088745117188,857.8699951171875,0.0,869.3200073242188,848.1300048828125,865.7100219726562,0.0,281900
2025-09-10,849.237548828125,855.1799926757812,0.0,869.7000122070312,846.0,868.8800048828125,0.0,751800
2025-09-11,834.5404663085938,840.3800048828125,0.0,860.5999755859375,830.3699951171875,855.1599731445312,0.0,576000
2025-09-12,828.3438110351562,834.1400146484375,0.0,844.9600219726562,830.0,844.9600219726562,0.0,329700
2025-09-15,843.8057250976562,849.7100219726562,0.0,852.5399780273438,831.0,838.0,0.0,393100
2025-09-16,851.0648193359375,857.02001953125,0.0,860.2000122070312,844.6300048828125,847.5700073242188,0.0,401200
2025-09-17,871.5614013671875,877.6599731445312,0.0,884.4600219726562,850.0,856.4199829101562,0.0,408400
2025-09-18,911.4026489257812,917.780029296875,0.0,924.4000244140625,890.0900268554688,895.3499755859375,0.0,853300
2025-09-19,909.992431640625,916.3599853515625,0.0,923.3699951171875,893.0700073242188,923.3699951171875,0.0,1232000
2025-09-22,916.3976440429688,922.8099975585938,0.0,938.0399780273438,917.7899780273438,920.4000244140625,0.0,416300
2025-09-23,907.9170532226562,914.27001953125,0.0,932.25,907.02001953125,917.6400146484375,0.0,425500
2025-09-24,902.137451171875,908.4500122070312,0.0,920.3300170898438,899.9000244140625,920.3300170898438,0.0,349400
2025-09-25,885.1959838867188,891.3900146484375,0.0,898.1900024414062,872.2899780273438,897.6500244140625,0.0,336500
2025-09-26,881.3826904296875,887.5499877929688,0.0,892.5399780273438,877.0,888.5499877929688,0.0,304300
2025-09-29,880.4293212890625,886.5900268554688,0.0,915.6500244140625,885.9199829101562,908.52001953125,0.0,333100
2025-09-30,915.854248046875,920.6400146484375,1.56,929.5,894.3800048828125,898.1599731445312,0.0,505700
2025-10-01,911.1089477539062,915.8699951171875,0.0,923.3400268554688,894.8900146484375,907.3699951171875,0.0,444000
2025-10-02,925.6729125976562,930.510009765625,0.0,940.1099853515625,925.0499877929688,927.25,0.0,389300
2025-10-03,914.0536499023438,918.8300170898438,0.0,954.8099975585938,916.7999877929688,940.4400024414062,0.0,420400
2025-10-06,963.0674438476562,968.0999755859375,0.0,986.6300048828125,930.6099853515625,932.5800170898438,0.0,652000
2025-10-07,940.5750732421875,945.489990234375,0.0,972.739990234375,940.8800048828125,969.7000122070312,0.0,423000
2025-10-08,975.8009643554688,980.9000244140625,0.0,983.47998046875,945.989990234375,947.1900024414062,0.0,570100
2025-10-09,974.1595458984375,979.25,0.0,980.0999755859375,961.9400024414062,973.8300170898438,0.0,361400
2025-10-10,899.7384643554688,904.4400024414062,0.0,990.25,901.3900146484375,985.4500122070312,0.0,872600
2025-10-13,976.5669555664062,981.6699829101562,0.0,990.6699829101562,953.6599731445312,967.5999755859375,0.0,774000
2025-10-14,963.2167358398438,968.25,0.0,994.8300170898438,960.0,967.5399780273438,0.0,754100
2025-10-15,1002.6904907226562,1007.9299926757812,0.0,1016.9600219726562,987.3099975585938,1000.0,0.0,631900
2025-10-16,1021.4921875,1026.8299560546875,0.0,1041.5,1007.9299926757812,1011.52001953125,0.0,517700
2025-10-17,999.427490234375,1004.6500244140625,0.0,1024.3399658203125,994.8599853515625,1002.9000244140625,0.0,502800
2025-10-20,1026.2274169921875,1031.5899658203125,0.0,1037.8900146484375,1018.5800170898438,1018.5800170898438,0.0,442600
2025-10-21,1023.3226318359375,1028.6700439453125,0.0,1035.699951171875,1012.3499755859375,1027.3199462890625,0.0,255000
2025-10-22,996.1943969726562,1001.4000244140625,0.0,1022.760009765625,980.780029296875,1013.5499877929688,0.0,713000
2025-10-23,1065.2337646484375,1070.800048828125,0.0,1076.0,1038.5999755859375,1045.0,0.0,727500
2025-10-24,1069.3223876953125,1074.9100341796875,0.0,1091.9100341796875,1073.530029296875,1086.0999755859375,0.0,378600
2025-10-27,1099.3056640625,1105.050048828125,0.0,1112.06005859375,1093.699951171875,1097.280029296875,0.0,555000
2025-10-28,1080.7127685546875,1086.3599853515625,0.0,1111.030029296875,1085.989990234375,1097.8499755859375,0.0,475700
2025-10-29,1088.3927001953125,1094.0799560546875,0.0,1123.3800048828125,1090.5,1095.969970703125,0.0,817300
2025-10-30,1081.9066162109375,1087.56005859375,0.0,1100.510009765625,1070.760009765625,1070.760009765625,0.0,1262700
2025-10-31,999.7757568359375,1005.0,0.0,1038.3299560546875,935.9299926757812,1020.1599731445312,0.0,1646500
2025-11-03,998.7112426757812,1003.9299926757812,0.0,1040.3900146484375,984.75,1030.0,0.0,828000
2025-11-04,952.8906860351562,957.8699951171875,0.0,976.9099731445312,953.0900268554688,966.1199951171875,0.0,866100
2025-11-05,994.950927734375,1000.1500244140625,0.0,1014.989990234375,956.6799926757812,961.0399780273438,0.0,697100
2025-11-06,953.0896606445312,958.0700073242188,0.0,1006.0,954.0900268554688,995.1500244140625,0.0,676700
2025-11-07,953.2786865234375,958.260009765625,0.0,959.010009765625,904.0599975585938,944.0,0.0,739900
2025-11-10,971.2348022460938,976.3099975585938,0.0,989.719970703125,947.8699951171875,986.6500244140625,0.0,608300
2025-11-11,949.7471313476562,954.7100219726562,0.0,978.760009765625,951.1199951171875,967.1900024414062,0.0,580500
2025-11-12,953.3681640625,958.3499755859375,0.0,980.9500122070312,957.0,973.989990234375,0.0,543900
2025-11-13,919.4852294921875,924.2899780273438,0.0,959.1699829101562,912.9500122070312,950.6699829101562,0.0,675800
2025-11-14,915.4065551757812,920.1900024414062,0.0,938.5399780273438,866.3800048828125,879.1099853515625,0.0,486200
2025-11-17,892.3470458984375,897.010009765625,0.0,924.0,879.4199829101562,914.2899780273438,0.0,483900
2025-11-18,852.5052490234375,856.9600219726562,0.0,894.510009765625,852.0399780273438,887.219970703125,0.0,878600
2025-11-19,880.0513305664062,884.6500244140625,0.0,890.8400268554688,859.969970703125,866.1599731445312,0.0,843200
2025-11-20,852.7340698242188,857.1900024414062,0.0,917.4400024414062,852.6900024414062,908.6199951171875,0.0,1053100
2025-11-21,867.815185546875,872.3499755859375,0.0,883.7899780273438,833.1799926757812,864.1599731445312,0.0,763000
2025-11-24,888.3280639648438,892.969970703125,0.0,903.6300048828125,881.8900146484375,887.6900024414062,0.0,1145200
2025-11-25,903.88671875,908.6099853515625,0.0,913.260009765625,864.4500122070312,883.6900024414062,0.0,559700
2025-11-26,920.1417846679688,924.9500122070312,0.0,931.780029296875,914.3400268554688,920.1900024414062,0.0,603700
2025-11-28,923.3450317382812,928.1699829101562,0.0,930.4000244140625,910.030029296875,919.0599975585938,0.0,357500
2025-12-01,923.5241088867188,928.3499755859375,0.0,937.6900024414062,894.3900146484375,908.719970703125,0.0,545000
2025-12-02,947.230224609375,952.1799926757812,0.0,963.9099731445312,931.5999755859375,938.6500244140625,0.0,603000
2025-12-03,953.0399169921875,958.02001953125,0.0,962.219970703125,933.8200073242188,954.3099975585938,0.0,464100
2025-12-04,947.7872924804688,952.739990234375,0.0,959.3800048828125,931.97998046875,950.0999755859375,0.0,478800
2025-12-05,958.2725830078125,963.280029296875,0.0,971.1199951171875,954.3900146484375,964.25,0.0,348100
2025-12-08,978.467041015625,983.5800170898438,0.0,1002.5,974.4600219726562,976.030029296875,0.0,444800
2025-12-09,957.9442749023438,962.9500122070312,0.0,988.0499877929688,957.3900146484375,978.5399780273438,0.0,440200
2025-12-10,973.9307861328125,979.02001953125,0.0,989.25,962.9500122070312,968.5399780273438,0.0,446700
2025-12-11,976.3779296875,981.47998046875,0.0,987.5900268554688,950.5499877929688,967.6199951171875,0.0,590900
2025-12-12,941.5897827148438,946.510009765625,0.0,988.0999755859375,941.3699951171875,980.0,0.0,781600
2025-12-15,944.4647216796875,949.4000244140625,0.0,975.0,946.4500122070312,960.7999877929688,0.0,690800
2025-12-16,946.41455078125,951.3599853515625,0.0,968.8400268554688,942.0,947.8099975585938,0.0,577000
2025-12-17,907.5078125,912.25,0.0,966.1400146484375,909.0,959.6099853515625,0.0,855800
2025-12-18,924.6482543945312,929.47998046875,0.0,951.6300048828125,922.8800048828125,936.4099731445312,0.0,731400
2025-12-19,932.2385864257812,937.1099853515625,0.0,966.3300170898438,937.1099853515625,941.8900146484375,0.0,5577200
2025-12-22,940.2467651367188,945.1599731445312,0.0,976.0499877929688,937.0999755859375,976.0499877929688,0.0,569200
2025-12-23,938.6451416015625,943.5499877929688,0.0,946.510009765625,935.8300170898438,939.8800048828125,0.0,355300
2025-12-24,948.2947387695312,953.25,0.0,958.0800170898438,947.0499877929688,954.75,0.0,191700
2025-12-26,941.4007568359375,946.3200073242188,0.0,960.4400024414062,944.6199951171875,960.4400024414062,0.0,221600
2025-12-29,925.205322265625,930.0399780273438,0.0,949.2899780273438,928.9000244140625,938.0,0.0,446300
2025-12-30,919.107177734375,923.9099731445312,0.0,935.1599731445312,923.1199951171875,929.3900146484375,0.0,287900
2025-12-31,903.1734619140625,906.3599853515625,1.56,928.0700073242188,906.3300170898438,926.3599853515625,0.0,381900
2026-01-02,933.0181274414062,936.3099975585938,0.0,957.0999755859375,926.1799926757812,927.6099853515625,0.0,618800
2026-01-05,951.67236328125,955.030029296875,0.0,966.0599975585938,938.239990234375,946.1599731445312,0.0,649100
2026-01-06,1001.8453369140625,1005.3800048828125,0.0,1009.5900268554688,967.3599853515625,969.7899780273438,0.0,658900
2026-01-07,955.7080688476562,959.0800170898438,0.0,998.5900268554688,936.739990234375,990.280029296875,0.0,727100
2026-01-08,955.7180786132812,959.0900268554688,0.0,960.3699951171875,941.0999755859375,947.6699829101562,0.0,457300
2026-01-09,955.5984497070312,958.969970703125,0.0,975.6300048828125,950.4099731445312,965.0,0.0,529500
2026-01-12,963.7596435546875,967.1599731445312,0.0,970.989990234375,944.0,946.4600219726562,0.0,350200
2026-01-13,979.822998046875,983.280029296875,0.0,1004.739990234375,970.739990234375,976.5399780273438,0.0,341900
2026-01-14,980.141845703125,983.5999755859375,0.0,998.6500244140625,964.1099853515625,980.5499877929688,0.0,420900
2026-01-15,1005.9906616210938,1009.5399780273438,0.0,1041.949951171875,1008.0499877929688,1014.0599975585938,0.0,537200
2026-01-16,1029.53759765625,1033.1700439453125,0.0,1047.989990234375,1019.489990234375,1030.0,0.0,547700
2026-01-20,1030.85302734375,1034.489990234375,0.0,1055.0,1008.5,1009.510009765625,0.0,661900
2026-01-21,1071.15087890625,1074.9300537109375,0.0,1087.81005859375,1043.8900146484375,1046.8399658203125,0.0,601200
2026-01-22,1072.8846435546875,1076.6700439453125,0.0,1098.9300537109375,1071.93994140625,1092.6400146484375,0.0,409400
2026-01-23,1060.0001220703125,1063.739990234375,0.0,1087.43994140625,1050.8800048828125,1077.6099853515625,0.0,402500
2026-01-26,1064.384765625,1068.1400146484375,0.0,1077.25,1051.9599609375,1062.260009765625,0.0,683700
2026-01-27,1091.638427734375,1095.489990234375,0.0,1110.1800537109375,1088.010009765625,1094.1400146484375,0.0,578700
2026-01-28,1157.6954345703125,1161.780029296875,0.0,1171.5699462890625,1109.5,1110.47998046875,0.0,667700
2026-01-29,1178.9903564453125,1183.1500244140625,0.0,1185.050048828125,1120.989990234375,1165.9300537109375,0.0,642900
2026-01-30,1120.19775390625,1124.1500244140625,0.0,1188.6600341796875,1113.8399658203125,1153.72998046875,0.0,1046100
2026-02-02,1169.09521484375,1173.219970703125,0.0,1182.4100341796875,1100.0,1110.6800537109375,0.0,729300
2026-02-03,1160.734619140625,1164.8299560546875,0.0,1199.760009765625,1142.7099609375,1185.010009765625,0.0,840300
2026-02-04,1132.8331298828125,1136.8299560546875,0.0,1226.300048828125,1109.0,1167.5,0.0,1263300
2026-02-05,1151.92578125,1155.989990234375,0.0,1179.0,1100.0,1125.5999755859375,0.0,820400
2026-02-06,1225.4962158203125,1229.8199462890625,0.0,1250.0,1169.6199951171875,1250.0,0.0,1556700
2026-02-09,1201.9393310546875,1206.1800537109375,0.0,1240.9000244140625,1180.219970703125,1216.0,0.0,660900
2026-02-10,1138.0048828125,1142.02001953125,0.0,1197.260009765625,1127.3399658203125,1197.260009765625,0.0,779600
2026-02-11,1192.5225830078125,1196.72998046875,0.0,1204.0,1154.4000244140625,1165.0,0.0,768900
2026-02-12,1151.8660888671875,1155.9300537109375,0.0,1225.1700439453125,1151.22998046875,1206.25,0.0,726100
2026-02-13,1167.351318359375,1171.469970703125,0.0,1173.3800048828125,1136.0899658203125,1149.06005859375,0.0,434200
2026-02-17,1169.055419921875,1173.1800537109375,0.0,1191.3499755859375,1139.6300048828125,1150.1500244140625,0.0,446700
2026-02-18,1184.14208984375,1188.3199462890625,0.0,1202.9200439453125,1172.3499755859375,1177.72998046875,0.0,357100
2026-02-19,1171.088134765625,1175.219970703125,0.0,1175.6199951171875,1152.8499755859375,1170.280029296875,0.0,301900
2026-02-20,1199.8665771484375,1204.0999755859375,0.0,1205.75,1160.31005859375,1160.31005859375,0.0,375900
2026-02-23,1185.8760986328125,1190.06005859375,0.0,1220.0,1171.4200439453125,1204.43994140625,0.0,463200
2026-02-24,1209.403076171875,1213.6700439453125,0.0,1240.25,1161.81005859375,1200.010009765625,0.0,610500
2026-02-25,1227.61865234375,1231.949951171875,0.0,1256.219970703125,1220.239990234375,1226.81005859375,0.0,435400
2026-02-26,1175.98095703125,1180.1300048828125,0.0,1239.699951171875,1152.780029296875,1237.199951171875,0.0,644500
2026-02-27,1138.722412109375,1142.739990234375,0.0,1163.3800048828125,1128.5999755859375,1156.0699462890625,0.0,805300
2026-03-02,1138.56298828125,1142.5799560546875,0.0,1144.5999755859375,1102.4599609375,1108.0799560546875,0.0,540200
2026-03-03,1070.5927734375,1074.3699951171875,0.0,1130.1800537109375,1068.81005859375,1108.3299560546875,0.0,820500
2026-03-04,1095.1561279296875,1099.02001953125,0.0,1102.199951171875,1080.0,1082.6400146484375,0.0,433700
2026-03-05,1074.6483154296875,1078.43994140625,0.0,1093.06005859375,1051.7900390625,1071.489990234375,0.0,588100
2026-03-06,1019.562744140625,1023.1599731445312,0.0,1062.4100341796875,1012.4600219726562,1039.3699951171875,0.0,756900
2026-03-09,1058.2662353515625,1062.0,0.0,1066.02001953125,988.0,1013.0499877929688,0.0,913300
2026-03-10,1052.10791015625,1055.8199462890625,0.0,1091.3800048828125,1040.0,1051.780029296875,0.0,448000
2026-03-11,1067.32421875,1071.0899658203125,0.0,1078.2900390625,1053.8199462890625,1059.06005859375,0.0,332400
2026-03-12,1030.2451171875,1033.8800048828125,0.0,1049.4300537109375,1021.780029296875,1045.93994140625,0.0,485600
2026-03-13,1048.8892822265625,1052.5899658203125,0.0,1083.9300537109375,1042.8499755859375,1054.1700439453125,0.0,406100
2026-03-16,1073.612060546875,1077.4000244140625,0.0,1097.0699462890625,1073.77001953125,1078.8399658203125,0.0,484200
2026-03-17,1062.909912109375,1066.6600341796875,0.0,1085.0,1060.010009765625,1069.8499755859375,0.0,336300
2026-03-18,1071.5096435546875,1075.2900390625,0.0,1094.5,1070.6099853515625,1080.5799560546875,0.0,581500
2026-03-19,1088.8482666015625,1092.68994140625,0.0,1104.0999755859375,1033.93994140625,1041.4599609375,0.0,364800
2026-03-20,1065.0921630859375,1068.8499755859375,0.0,1103.27001953125,1050.9000244140625,1094.43994140625,0.0,1035300
2026-03-23,1072.565673828125,1076.3499755859375,0.0,1108.8800048828125,1074.8499755859375,1100.0,0.0,472800
2026-03-24,1097.717041015625,1101.5899658203125,0.0,1109.989990234375,1060.0,1068.75,0.0,429500
2026-03-25,1114.72705078125,1118.6600341796875,0.0,1127.739990234375,1101.8599853515625,1116.3199462890625,0.0,308700
2026-03-26,1054.5594482421875,1058.280029296875,0.0,1112.43994140625,1057.02001953125,1101.47998046875,0.0,547000
2026-03-27,1049.307861328125,1053.010009765625,0.0,1073.3599853515625,1039.0400390625,1049.260009765625,0.0,537300
2026-03-30,998.8160400390625,1002.3400268554688,0.0,1057.9100341796875,996.010009765625,1057.9100341796875,0.0,590200
2026-03-31,1091.6842041015625,1093.3499755859375,2.0,1096.1600341796875,1008.3800048828125,1008.3800048828125,0.0,815400
2026-04-01,1117.804443359375,1119.510009765625,0.0,1138.4200439453125,1095.010009765625,1100.75,0.0,668200
2026-04-02,1116.7860107421875,1118.489990234375,0.0,1125.72998046875,1071.8900146484375,1071.8900146484375,0.0,344000
2026-04-06,1178.2322998046875,1180.030029296875,0.0,1182.5699462890625,1128.030029296875,1128.3499755859375,0.0,499400
2026-04-07,1189.4051513671875,1191.219970703125,0.0,1194.72998046875,1153.1700439453125,1179.2099609375,0.0,438900
2026-04-08,1310.939697265625,1312.93994140625,0.0,1322.6199951171875,1251.97998046875,1255.260009765625,0.0,1012900
2026-04-09,1332.17724609375,1334.2099609375,0.0,1340.1099853515625,1303.93994140625,1312.93994140625,0.0,554800
2026-04-10,1351.787353515625,1353.8499755859375,0.0,1370.0,1339.010009765625,1339.010009765625,0.0,522400
2026-04-13,1370.139404296875,1372.22998046875,0.0,1377.25,1332.0400390625,1336.4100341796875,0.0,393500
2026-04-14,1361.3428955078125,1363.4200439453125,0.0,1378.550048828125,1349.010009765625,1372.489990234375,0.0,557500
2026-04-15,1350.938720703125,1353.0,0.0,1362.25,1329.4599609375,1345.719970703125,0.0,466100
2026-04-16,1400.6728515625,1402.81005859375,0.0,1405.1400146484375,1353.550048828125,1365.6199951171875,0.0,467900
2026-04-17,1466.1129150390625,1468.3499755859375,0.0,1479.22998046875,1420.3399658203125,1437.6199951171875,0.0,635600
2026-04-20,1488.588623046875,1490.8599853515625,0.0,1492.75,1453.6700439453125,1471.449951171875,0.0,384500
2026-04-21,1525.6220703125,1527.949951171875,0.0,1548.1700439453125,1499.5999755859375,1502.260009765625,0.0,551900
2026-04-22,1519.72119140625,1522.0400390625,0.0,1560.0899658203125,1519.2099609375,1545.06005859375,0.0,538600
2026-04-23,1589.744384765625,1592.1700439453125,0.0,1597.760009765625,1533.0,1550.4000244140625,0.0,638700
2026-04-24,1629.5736083984375,1632.06005859375,0.0,1661.7900390625,1595.9000244140625,1626.3299560546875,0.0,692300
2026-04-27,1585.1512451171875,1587.5699462890625,0.0,1621.030029296875,1550.9200439453125,1610.4300537109375,0.0,608100
2026-04-28,1501.7884521484375,1504.0799560546875,0.0,1537.739990234375,1488.030029296875,1527.3199462890625,0.0,637600
2026-04-29,1524.5137939453125,1526.8399658203125,0.0,1554.4100341796875,1507.3399658203125,1550.9599609375,0.0,690200
2026-04-30,1611.950439453125,1614.4100341796875,0.0,1621.9100341796875,1541.6099853515625,1550.0,0.0,1077600
2026-05-01,1581.0675048828125,1583.47998046875,0.0,1589.7099609375,1521.0,1564.56005859375,0.0,898700
2026-05-04,1570.903076171875,1573.300048828125,0.0,1603.699951171875,1552.8399658203125,1590.469970703125,0.0,515400
2026-05-05,1585.7005615234375,1588.1199951171875,0.0,1607.8699951171875,1557.050048828125,1588.93994140625,0.0,682200
2026-05-06,1649.8326416015625,1652.3499755859375,0.0,1662.0,1556.31005859375,1581.0,0.0,854100
2026-05-07,1573.5589599609375,1575.9599609375,0.0,1636.3299560546875,1559.0,1636.3299560546875,0.0,600100
2026-05-08,1598.401123046875,1600.8399658203125,0.0,1617.050048828125,1581.93994140625,1608.6400146484375,0.0,686600
2026-05-11,1658.5693359375,1661.0999755859375,0.0,1663.989990234375,1585.0,1594.489990234375,0.0,526600
2026-05-12,1597.0831298828125,1599.52001953125,0.0,1622.010009765625,1538.25,1619.5400390625,0.0,731800
2026-05-13,1647.835693359375,1650.3499755859375,0.0,1675.4200439453125,1614.0,1631.199951171875,0.0,626900
2026-05-14,1611.5111083984375,1613.969970703125,0.0,1644.9000244140625,1601.0,1639.8499755859375,0.0,373600
2026-05-15,1547.6585693359375,1550.02001953125,0.0,1587.739990234375,1548.6099853515625,1562.550048828125,0.0,685000
2026-05-18,1484.0655517578125,1486.3299560546875,0.0,1579.989990234375,1458.43994140625,1563.280029296875,0.0,806900
2026-05-19,1465.873291015625,1468.1099853515625,0.0,1493.1400146484375,1412.8900146484375,1434.9100341796875,0.0,639400
2026-05-20,1550.903564453125,1553.27001953125,0.0,1555.550048828125,1481.0699462890625,1492.3699951171875,0.0,753100
2026-05-21,1558.8714599609375,1561.25,0.0,1562.489990234375,1516.010009765625,1535.800048828125,0.0,449800
2026-05-22,1587.387939453125,1589.81005859375,0.0,1596.75,1560.0,1579.6199951171875,0.0,476600
2026-05-26,1660.4464111328125,1662.97998046875,0.0,1714.0899658203125,1622.0999755859375,1650.489990234375,0.0,821400
2026-05-27,1617.7017822265625,1620.1700439453125,0.0,1707.6199951171875,1592.760009765625,1707.6199951171875,0.0,858600
2026-05-28,1630.681884765625,1633.1700439453125,0.0,1656.780029296875,1575.0,1616.9300537109375,0.0,501000
2026-05-29,1563.8238525390625,1566.2099609375,0.0,1657.0,1556.77001953125,1645.0,0.0,1164100
2026-06-01,1540.0401611328125,1542.3900146484375,0.0,1569.989990234375,1508.239990234375,1536.0799560546875,0.0,593200
2026-06-02,1622.5142822265625,1624.989990234375,0.0,1627.8499755859375,1558.1099853515625,1572.0,0.0,692900
2026-06-03,1687.3154296875,1689.8900146484375,0.0,1697.3499755859375,1617.8299560546875,1647.510009765625,0.0,443700
2026-06-04,1650.082275390625,1652.5999755859375,0.0,1666.68994140625,1591.6400146484375,1630.0400390625,0.0,679000
2026-06-05,1478.793701171875,1481.050048828125,0.0,1599.989990234375,1473.949951171875,1591.25,0.0,1369000
2026-06-08,1556.8046875,1559.1800537109375,0.0,1584.3599853515625,1518.3399658203125,1559.6700439453125,0.0,870700
2026-06-09,1529.64599609375,1531.97998046875,0.0,1627.6400146484375,1405.0,1597.510009765625,0.0,985900
2026-06-10,1470.7958984375,1473.0400390625,0.0,1563.3699951171875,1468.5,1510.760009765625,0.0,737300
2026-06-11,1587.12841796875,1589.550048828125,0.0,1593.77001953125,1506.8199462890625,1523.43994140625,0.0,896700
2026-06-12,1574.9168701171875,1577.3199462890625,0.0,1598.4200439453125,1558.18994140625,1592.2099609375,0.0,567500
2026-06-15,1649.7728271484375,1652.2900390625,0.0,1666.6400146484375,1605.010009765625,1652.56005859375,0.0,761200
2026-06-16,1496.4866943359375,1498.77001953125,0.0,1656.219970703125,1496.52001953125,1650.8800048828125,0.0,1039700
2026-06-17,1446.003662109375,1448.2099609375,0.0,1548.0,1435.8299560546875,1545.56005859375,0.0,1111900
2026-06-18,1561.317626953125,1563.699951171875,0.0,1581.0400390625,1515.6199951171875,1529.239990234375,0.0,1935600
2026-06-22,1535.537109375,1537.8800048828125,0.0,1594.81005859375,1506.3699951171875,1592.68994140625,0.0,1108900
2026-06-23,1421.5909423828125,1423.760009765625,0.0,1486.9200439453125,1403.3599853515625,1443.0400390625,0.0,1636600
2026-06-24,1432.7637939453125,1434.949951171875,0.0,1446.9599609375,1392.5,1423.02001953125,0.0,865600
2026-06-25,1436.1087646484375,1438.300048828125,0.0,1510.760009765625,1373.8199462890625,1495.1800537109375,0.0,1002100
2026-06-26,1311.319091796875,1313.3199462890625,0.0,1373.9100341796875,1301.43994140625,1357.449951171875,0.0,3481700
2026-06-29,1310.77001953125,1312.77001953125,0.0,1342.1300048828125,1276.219970703125,1328.3900146484375,0.0,1050900
2026-06-30,1382.3599853515625,1382.3599853515625,2.0,1388.530029296875,1322.4000244140625,1325.9100341796875,0.0,1708700
