Date,Adj Close,Close,Dividends,High,Low,Open,Stock Splits,Volume
,MRVL,MRVL,MRVL,MRVL,MRVL,MRVL,MRVL,MRVL
2016-07-01,8.85714054107666,9.529999732971191,0.0,9.619999885559082,9.489999771118164,9.5,0.0,2512500
2016-07-05,8.708440780639648,9.369999885559082,0.0,9.539999961853027,9.3100004196167,9.539999961853027,0.0,2037600
2016-07-06,8.773499488830566,9.4399995803833,0.0,9.460000038146973,9.130000114440918,9.329999923706055,0.0,2573700
2016-07-07,9.08019733428955,9.770000457763672,0.0,9.779999732971191,9.5600004196167,9.630000114440918,0.0,4868100
2016-07-08,9.293960571289062,10.0,0.0,10.0,9.800000190734863,9.819999694824219,0.0,3384500
2016-07-11,9.293960571289062,10.0,0.0,10.199999809265137,9.989999771118164,10.079999923706055,0.0,2556600
2016-07-12,9.340434074401855,10.050000190734863,0.0,10.319999694824219,10.039999961853027,10.25,0.0,4392900
2016-07-13,9.303254127502441,10.010000228881836,0.0,10.170000076293945,10.0,10.069999694824219,0.0,3237100
2016-07-14,9.377609252929688,10.09000015258789,0.0,10.149999618530273,10.020000457763672,10.100000381469727,0.0,1845500
2016-07-15,9.293960571289062,10.0,0.0,10.180000305175781,9.989999771118164,10.100000381469727,0.0,1946300
2016-07-18,9.368309020996094,10.079999923706055,0.0,10.239999771118164,9.90999984741211,10.100000381469727,0.0,5289000
2016-07-19,9.154549598693848,9.850000381469727,0.0,10.079999923706055,9.680000305175781,10.010000228881836,0.0,6764400
2016-07-20,10.446413040161133,11.239999771118164,0.0,11.399999618530273,10.369999885559082,10.399999618530273,0.0,26370400
2016-07-21,10.483588218688965,11.279999732971191,0.0,11.289999961853027,11.020000457763672,11.180000305175781,0.0,12722400
2016-07-22,10.883224487304688,11.710000038146973,0.0,11.710000038146973,11.239999771118164,11.369999885559082,0.0,13958800
2016-07-25,10.725226402282715,11.539999961853027,0.0,11.720000267028809,11.489999771118164,11.670000076293945,0.0,9962300
2016-07-26,10.818169593811035,11.640000343322754,0.0,11.720000267028809,11.489999771118164,11.600000381469727,0.0,12087100
2016-07-27,10.846049308776855,11.670000076293945,0.0,11.899999618530273,11.470000267028809,11.75,0.0,9173100
2016-07-28,11.050521850585938,11.890000343322754,0.0,12.050000190734863,11.510000228881836,12.0,0.0,17393700
2016-07-29,10.920398712158203,11.75,0.0,12.0,11.640000343322754,11.880000114440918,0.0,9856500
2016-08-01,11.013344764709473,11.850000381469727,0.0,11.949999809265137,11.720000267028809,11.800000190734863,0.0,8221900
2016-08-02,10.557938575744629,11.359999656677246,0.0,11.880000114440918,11.359999656677246,11.84000015258789,0.0,5784300
2016-08-03,10.50217342376709,11.300000190734863,0.0,11.40999984741211,11.270000457763672,11.3100004196167,0.0,5348600
2016-08-04,10.604405403137207,11.40999984741211,0.0,11.489999771118164,11.270000457763672,11.300000190734863,0.0,3882800
2016-08-05,10.604405403137207,11.40999984741211,0.0,11.510000228881836,11.399999618530273,11.460000038146973,0.0,2374700
2016-08-08,10.604405403137207,11.40999984741211,0.0,11.550000190734863,11.369999885559082,11.460000038146973,0.0,3892700
2016-08-09,10.771699905395508,11.59000015258789,0.0,11.619999885559082,11.420000076293945,11.420000076293945,0.0,4307200
2016-08-10,10.660172462463379,11.470000267028809,0.0,11.59000015258789,11.40999984741211,11.59000015258789,0.0,2495900
2016-08-11,10.613700866699219,11.420000076293945,0.0,11.539999961853027,11.34000015258789,11.5,0.0,2969300
2016-08-12,10.595112800598145,11.399999618530273,0.0,11.510000228881836,11.380000114440918,11.4399995803833,0.0,2273300
2016-08-15,10.87393569946289,11.699999809265137,0.0,11.739999771118164,11.300000190734863,11.390000343322754,0.0,6660700
2016-08-16,10.725226402282715,11.539999961853027,0.0,11.729999542236328,11.520000457763672,11.6899995803833,0.0,2254100
2016-08-17,10.790288925170898,11.609999656677246,0.0,11.640000343322754,11.420000076293945,11.470000267028809,0.0,3775800
2016-08-18,10.827466011047363,11.649999618530273,0.0,11.699999809265137,11.380000114440918,11.640000343322754,0.0,2948000
2016-08-19,11.29216194152832,12.149999618530273,0.0,12.229999542236328,11.680000305175781,11.720000267028809,0.0,8795300
2016-08-22,11.552391052246094,12.430000305175781,0.0,12.460000038146973,12.039999961853027,12.180000305175781,0.0,8211600
2016-08-23,11.357219696044922,12.220000267028809,0.0,12.579999923706055,12.170000076293945,12.5600004196167,0.0,3464900
2016-08-24,11.254987716674805,12.109999656677246,0.0,12.390000343322754,12.050000190734863,12.220000267028809,0.0,2806300
2016-08-25,11.32004165649414,12.180000305175781,0.0,12.270000457763672,12.09000015258789,12.130000114440918,0.0,2614200
2016-08-26,11.403688430786133,12.270000457763672,0.0,12.460000038146973,12.140000343322754,12.140000343322754,0.0,4581500
2016-08-29,11.431570053100586,12.300000190734863,0.0,12.600000381469727,12.279999732971191,12.399999618530273,0.0,2659700
2016-08-30,11.431570053100586,12.300000190734863,0.0,12.479999542236328,12.170000076293945,12.270000457763672,0.0,3011600
2016-08-31,11.524511337280273,12.399999618530273,0.0,12.59000015258789,12.289999961853027,12.420000076293945,0.0,4895700
2016-09-01,11.96132755279541,12.869999885559082,0.0,12.880000114440918,12.399999618530273,12.449999809265137,0.0,8178900
2016-09-02,12.091443061828613,13.010000228881836,0.0,13.0600004196167,12.699999809265137,12.960000038146973,0.0,7731500
2016-09-06,12.026383399963379,12.9399995803833,0.0,12.9399995803833,12.130000114440918,12.510000228881836,0.0,21742600
2016-09-07,11.738274574279785,12.630000114440918,0.0,12.819999694824219,12.550000190734863,12.569999694824219,0.0,7478100
2016-09-08,11.663921356201172,12.550000190734863,0.0,12.829999923706055,12.520000457763672,12.59000015258789,0.0,6410300
2016-09-09,11.440864562988281,12.3100004196167,0.0,12.6899995803833,12.09000015258789,12.539999961853027,0.0,6891500
2016-09-12,11.654622077941895,12.539999961853027,0.0,12.539999961853027,12.029999732971191,12.069999694824219,0.0,6237200
2016-09-13,11.570979118347168,12.449999809265137,0.0,12.640000343322754,12.260000228881836,12.420000076293945,0.0,4178500
2016-09-14,11.58027458190918,12.460000038146973,0.0,12.550000190734863,12.25,12.479999542236328,0.0,2831900
2016-09-15,11.682506561279297,12.569999694824219,0.0,12.699999809265137,12.449999809265137,12.489999771118164,0.0,4361900
2016-09-16,11.840505599975586,12.739999771118164,0.0,12.989999771118164,12.600000381469727,12.949999809265137,0.0,9954100
2016-09-19,11.989206314086914,12.899999618530273,0.0,13.039999961853027,12.770000457763672,12.770000457763672,0.0,9254000
2016-09-20,11.70109748840332,12.59000015258789,0.0,12.9399995803833,12.550000190734863,12.899999618530273,0.0,4774700
2016-09-21,12.007797241210938,12.920000076293945,0.0,12.9399995803833,12.649999618530273,12.699999809265137,0.0,5813900
2016-09-22,12.04497241973877,12.960000038146973,0.0,13.039999961853027,12.84000015258789,12.949999809265137,0.0,3400700
2016-09-23,12.091443061828613,13.010000228881836,0.0,13.119999885559082,12.729999542236328,12.90999984741211,0.0,5332000
2016-09-26,12.01674747467041,12.869999885559082,0.06,13.020000457763672,12.829999923706055,12.899999618530273,0.0,6302100
2016-09-27,12.222160339355469,13.09000015258789,0.0,13.100000381469727,12.770000457763672,12.829999923706055,0.0,5479200
2016-09-28,12.296854972839355,13.170000076293945,0.0,13.449999809265137,13.039999961853027,13.149999618530273,0.0,7100700
2016-09-29,12.36221694946289,13.239999771118164,0.0,13.460000038146973,13.050000190734863,13.180000305175781,0.0,6707500
2016-09-30,12.390225410461426,13.270000457763672,0.0,13.5600004196167,13.25,13.25,0.0,7375600
2016-10-03,12.156801223754883,13.020000457763672,0.0,13.329999923706055,13.0,13.199999809265137,0.0,4013100
2016-10-04,12.156801223754883,13.020000457763672,0.0,13.229999542236328,12.949999809265137,13.069999694824219,0.0,3315100
2016-10-05,12.296854972839355,13.170000076293945,0.0,13.239999771118164,13.09000015258789,13.100000381469727,0.0,2248900
2016-10-06,12.306192398071289,13.180000305175781,0.0,13.199999809265137,12.979999542236328,13.130000114440918,0.0,1914400
2016-10-07,12.240833282470703,13.109999656677246,0.0,13.180000305175781,13.029999732971191,13.15999984741211,0.0,2538500
2016-10-10,12.296854972839355,13.170000076293945,0.0,13.260000228881836,13.079999923706055,13.15999984741211,0.0,1666600
2016-10-11,11.979397773742676,12.829999923706055,0.0,13.199999809265137,12.729999542236328,13.140000343322754,0.0,5039800
2016-10-12,12.082106590270996,12.9399995803833,0.0,13.199999809265137,12.789999961853027,13.15999984741211,0.0,4371900
2016-10-13,12.138127326965332,13.0,0.0,13.050000190734863,12.579999923706055,12.800000190734863,0.0,4670200
2016-10-14,12.138127326965332,13.0,0.0,13.199999809265137,12.979999542236328,13.100000381469727,0.0,3459100
2016-10-17,12.01674747467041,12.869999885559082,0.0,13.020000457763672,12.779999732971191,12.920000076293945,0.0,3287300
2016-10-18,12.147465705871582,13.010000228881836,0.0,13.039999961853027,12.9399995803833,13.0,0.0,2187700
2016-10-19,12.05409049987793,12.90999984741211,0.0,13.020000457763672,12.760000228881836,12.84000015258789,0.0,3772700
2016-10-20,12.184812545776367,13.050000190734863,0.0,13.130000114440918,12.850000381469727,12.90999984741211,0.0,3425900
2016-10-21,12.044755935668945,12.899999618530273,0.0,13.069999694824219,12.84000015258789,12.989999771118164,0.0,2681100
2016-10-24,12.203487396240234,13.069999694824219,0.0,13.079999923706055,12.90999984741211,12.949999809265137,0.0,1943300
2016-10-25,12.287520408630371,13.15999984741211,0.0,13.319999694824219,12.970000267028809,13.100000381469727,0.0,3577600
2016-10-26,12.51160717010498,13.399999618530273,0.0,13.510000228881836,13.050000190734863,13.050000190734863,0.0,5967700
2016-10-27,12.25017261505127,13.119999885559082,0.0,13.609999656677246,13.100000381469727,13.420000076293945,0.0,3973300
2016-10-28,12.231497764587402,13.100000381469727,0.0,13.539999961853027,13.050000190734863,13.539999961853027,0.0,7224900
2016-10-31,12.166135787963867,13.029999732971191,0.0,13.199999809265137,12.960000038146973,13.140000343322754,0.0,2958600
2016-11-01,12.091443061828613,12.949999809265137,0.0,13.229999542236328,12.789999961853027,13.180000305175781,0.0,4219200
2016-11-02,12.082106590270996,12.9399995803833,0.0,13.100000381469727,12.850000381469727,12.949999809265137,0.0,3856200
2016-11-03,11.792656898498535,12.630000114440918,0.0,12.890000343322754,12.40999984741211,12.850000381469727,0.0,4594300
2016-11-04,11.689949989318848,12.520000457763672,0.0,12.680000305175781,12.4399995803833,12.569999694824219,0.0,3844000
2016-11-07,11.99807357788086,12.850000381469727,0.0,12.869999885559082,12.600000381469727,12.6899995803833,0.0,4462100
2016-11-08,11.858015060424805,12.699999809265137,0.0,12.869999885559082,12.680000305175781,12.8100004196167,0.0,3028200
2016-11-09,11.858015060424805,12.699999809265137,0.0,12.779999732971191,12.300000190734863,12.390000343322754,0.0,4299400
2016-11-10,11.66193962097168,12.489999771118164,0.0,12.960000038146973,12.3100004196167,12.829999923706055,0.0,4804000
2016-11-11,12.119454383850098,12.979999542236328,0.0,12.989999771118164,12.479999542236328,12.479999542236328,0.0,6270500
2016-11-14,12.315526962280273,13.1899995803833,0.0,13.239999771118164,12.880000114440918,12.979999542236328,0.0,6260900
2016-11-15,12.539619445800781,13.430000305175781,0.0,13.520000457763672,13.149999618530273,13.3100004196167,0.0,4803400
2016-11-16,12.539619445800781,13.430000305175781,0.0,13.520000457763672,13.359999656677246,13.40999984741211,0.0,3933000
2016-11-17,12.474258422851562,13.359999656677246,0.0,13.579999923706055,13.229999542236328,13.449999809265137,0.0,7846000
2016-11-18,13.818791389465332,14.800000190734863,0.0,14.800000190734863,14.149999618530273,14.630000114440918,0.0,25437300
2016-11-21,13.772106170654297,14.75,0.0,15.0,14.670000076293945,14.729999542236328,0.0,9770000
2016-11-22,13.82812786102295,14.8100004196167,0.0,14.880000114440918,14.729999542236328,14.819999694824219,0.0,5527500
2016-11-23,13.716084480285645,14.6899995803833,0.0,14.819999694824219,14.609999656677246,14.75,0.0,3734200
2016-11-25,13.688071250915527,14.65999984741211,0.0,14.789999961853027,14.609999656677246,14.640000343322754,0.0,1412700
2016-11-28,13.52000617980957,14.479999542236328,0.0,14.699999809265137,14.460000038146973,14.529999732971191,0.0,4930400
2016-11-29,13.426636695861816,14.380000114440918,0.0,14.5,14.300000190734863,14.4399995803833,0.0,3883500
2016-11-30,13.389287948608398,14.34000015258789,0.0,14.539999961853027,14.300000190734863,14.350000381469727,0.0,5543100
2016-12-01,13.053153991699219,13.979999542236328,0.0,14.460000038146973,13.850000381469727,14.329999923706055,0.0,7527900
2016-12-02,13.146927833557129,14.020000457763672,0.06,14.0600004196167,13.800000190734863,13.859999656677246,0.0,4081600
2016-12-05,13.156307220458984,14.029999732971191,0.0,14.210000038146973,13.59000015258789,13.59000015258789,0.0,7528400
2016-12-06,13.184436798095703,14.0600004196167,0.0,14.1899995803833,14.029999732971191,14.130000114440918,0.0,3405100
2016-12-07,13.475133895874023,14.369999885559082,0.0,14.430000305175781,14.029999732971191,14.079999923706055,0.0,6401000
2016-12-08,13.362605094909668,14.25,0.0,14.420000076293945,14.220000267028809,14.329999923706055,0.0,4509400
2016-12-09,13.456377983093262,14.350000381469727,0.0,14.449999809265137,14.260000228881836,14.399999618530273,0.0,6258800
2016-12-12,13.28758430480957,14.170000076293945,0.0,14.3100004196167,14.010000228881836,14.3100004196167,0.0,3747200
2016-12-13,13.418869018554688,14.3100004196167,0.0,14.369999885559082,14.149999618530273,14.180000305175781,0.0,4530200
2016-12-14,13.371981620788574,14.260000228881836,0.0,14.40999984741211,14.239999771118164,14.3100004196167,0.0,2833900
2016-12-15,13.58765983581543,14.489999771118164,0.0,14.539999961853027,14.300000190734863,14.329999923706055,0.0,3305900
2016-12-16,13.428245544433594,14.319999694824219,0.0,14.670000076293945,14.319999694824219,14.539999961853027,0.0,5331700
2016-12-19,13.31572151184082,14.199999809265137,0.0,14.399999618530273,14.1899995803833,14.210000038146973,0.0,3685000
2016-12-20,13.446999549865723,14.34000015258789,0.0,14.399999618530273,14.180000305175781,14.239999771118164,0.0,3476000
2016-12-21,13.48451042175293,14.380000114440918,0.0,14.5,14.350000381469727,14.350000381469727,0.0,2912500
2016-12-22,13.400114059448242,14.289999961853027,0.0,14.460000038146973,14.15999984741211,14.460000038146973,0.0,2924800
2016-12-23,13.428245544433594,14.319999694824219,0.0,14.359999656677246,14.229999542236328,14.229999542236328,0.0,1395700
2016-12-27,13.446999549865723,14.34000015258789,0.0,14.449999809265137,14.279999732971191,14.329999923706055,0.0,1659900
2016-12-28,13.259452819824219,14.140000343322754,0.0,14.350000381469727,14.09000015258789,14.34000015258789,0.0,2445700
2016-12-29,13.231321334838867,14.109999656677246,0.0,14.229999542236328,14.010000228881836,14.100000381469727,0.0,3334200
2016-12-30,13.006269454956055,13.869999885559082,0.0,14.1899995803833,13.84000015258789,14.100000381469727,0.0,3147300
2017-01-03,13.175060272216797,14.050000190734863,0.0,14.119999885559082,13.850000381469727,13.930000305175781,0.0,5121500
2017-01-04,13.353225708007812,14.239999771118164,0.0,14.260000228881836,14.039999961853027,14.039999961853027,0.0,4478800
2017-01-05,13.165684700012207,14.039999961853027,0.0,14.40999984741211,14.029999732971191,14.260000228881836,0.0,3006400
2017-01-06,13.29696273803711,14.180000305175781,0.0,14.229999542236328,13.9399995803833,14.079999923706055,0.0,2695800
2017-01-09,13.475133895874023,14.369999885559082,0.0,14.390000343322754,14.149999618530273,14.180000305175781,0.0,4363700
2017-01-10,13.653299331665039,14.5600004196167,0.0,14.59000015258789,14.369999885559082,14.369999885559082,0.0,4929300
2017-01-11,13.634543418884277,14.539999961853027,0.0,14.600000381469727,14.380000114440918,14.510000228881836,0.0,4407600
2017-01-12,13.522017478942871,14.420000076293945,0.0,14.529999732971191,14.069999694824219,14.4399995803833,0.0,3201700
2017-01-13,13.568903923034668,14.470000267028809,0.0,14.600000381469727,14.449999809265137,14.479999542236328,0.0,2149300
2017-01-17,13.334473609924316,14.220000267028809,0.0,14.510000228881836,14.1899995803833,14.390000343322754,0.0,1978400
2017-01-18,13.325098037719727,14.210000038146973,0.0,14.3100004196167,14.109999656677246,14.300000190734863,0.0,1959600
2017-01-19,13.221943855285645,14.100000381469727,0.0,14.260000228881836,14.100000381469727,14.180000305175781,0.0,2185500
2017-01-20,13.231321334838867,14.109999656677246,0.0,14.260000228881836,14.079999923706055,14.149999618530273,0.0,3401900
2017-01-23,13.08128833770752,13.949999809265137,0.0,14.149999618530273,13.829999923706055,14.039999961853027,0.0,4831700
2017-01-24,13.606413841247559,14.510000228881836,0.0,14.520000457763672,13.970000267028809,14.010000228881836,0.0,8416800
2017-01-25,14.309708595275879,15.260000228881836,0.0,15.279999732971191,14.649999618530273,14.65999984741211,0.0,13833500
2017-01-26,14.178425788879395,15.119999885559082,0.0,15.449999809265137,15.079999923706055,15.359999656677246,0.0,7608600
2017-01-27,14.150294303894043,15.09000015258789,0.0,15.25,15.050000190734863,15.109999656677246,0.0,2596500
2017-01-30,13.981505393981934,14.90999984741211,0.0,15.079999923706055,14.800000190734863,14.970000267028809,0.0,3847300
2017-01-31,13.94399356842041,14.869999885559082,0.0,14.970000267028809,14.6899995803833,14.729999542236328,0.0,3233200
2017-02-01,14.375349044799805,15.329999923706055,0.0,15.59000015258789,15.130000114440918,15.489999771118164,0.0,8472100
2017-02-02,14.431614875793457,15.390000343322754,0.0,15.420000076293945,15.170000076293945,15.25,0.0,6223500
2017-02-03,14.741063117980957,15.720000267028809,0.0,15.760000228881836,15.380000114440918,15.449999809265137,0.0,7291600
2017-02-06,14.778570175170898,15.760000228881836,0.0,15.880000114440918,15.649999618530273,15.789999961853027,0.0,5165300
2017-02-07,14.741063117980957,15.720000267028809,0.0,15.890000343322754,15.5600004196167,15.859999656677246,0.0,4592300
2017-02-08,14.7035551071167,15.680000305175781,0.0,15.829999923706055,15.630000114440918,15.75,0.0,2793300
2017-02-09,14.684800148010254,15.65999984741211,0.0,15.710000038146973,15.489999771118164,15.649999618530273,0.0,4081600
2017-02-10,14.516007423400879,15.479999542236328,0.0,15.729999542236328,15.460000038146973,15.680000305175781,0.0,2230000
2017-02-13,14.7035551071167,15.680000305175781,0.0,15.729999542236328,15.529999732971191,15.600000381469727,0.0,2620500
2017-02-14,14.609781265258789,15.579999923706055,0.0,15.760000228881836,15.479999542236328,15.75,0.0,2469100
2017-02-15,14.825459480285645,15.8100004196167,0.0,15.819999694824219,15.539999961853027,15.59000015258789,0.0,5892500
2017-02-16,14.806703567504883,15.789999961853027,0.0,15.880000114440918,15.670000076293945,15.8100004196167,0.0,2906900
2017-02-17,14.825459480285645,15.8100004196167,0.0,15.819999694824219,15.5600004196167,15.699999809265137,0.0,2536900
2017-02-21,15.20054817199707,16.209999084472656,0.0,16.260000228881836,15.819999694824219,15.859999656677246,0.0,6043800
2017-02-22,15.266193389892578,16.280000686645508,0.0,16.299999237060547,16.110000610351562,16.229999542236328,0.0,3537000
2017-02-23,15.013004302978516,16.010000228881836,0.0,16.299999237060547,15.859999656677246,16.299999237060547,0.0,4809800
2017-02-24,15.013004302978516,16.010000228881836,0.0,16.040000915527344,15.550000190734863,15.800000190734863,0.0,3785700
2017-02-27,15.022379875183105,16.020000457763672,0.0,16.040000915527344,15.800000190734863,16.020000457763672,0.0,5708000
2017-02-28,14.628538131713867,15.600000381469727,0.0,16.079999923706055,15.569999694824219,16.06999969482422,0.0,6865200
2017-03-01,14.93798828125,15.930000305175781,0.0,16.0,15.770000457763672,15.949999809265137,0.0,11465400
2017-03-02,14.862969398498535,15.850000381469727,0.0,16.010000228881836,15.739999771118164,15.9399995803833,0.0,9179100
2017-03-03,15.088020324707031,16.09000015258789,0.0,16.3700008392334,15.930000305175781,16.25,0.0,13944700
2017-03-06,15.031759262084961,16.030000686645508,0.0,16.09000015258789,15.670000076293945,16.010000228881836,0.0,7754400
2017-03-07,14.947362899780273,15.9399995803833,0.0,16.1299991607666,15.84000015258789,16.0,0.0,4147500
2017-03-08,14.85359001159668,15.84000015258789,0.0,16.110000610351562,15.829999923706055,15.989999771118164,0.0,4115900
2017-03-09,14.84421157836914,15.829999923706055,0.0,15.930000305175781,15.760000228881836,15.800000190734863,0.0,3347300
2017-03-10,15.369338989257812,16.389999389648438,0.0,16.559999465942383,15.930000305175781,15.960000038146973,0.0,11111800
2017-03-13,15.256814002990723,16.270000457763672,0.0,16.719999313354492,16.149999618530273,16.700000762939453,0.0,10474600
2017-03-14,15.022379875183105,16.020000457763672,0.0,16.200000762939453,15.960000038146973,16.190000534057617,0.0,5895600
2017-03-15,15.00362491607666,16.0,0.0,16.1299991607666,15.970000267028809,16.049999237060547,0.0,3809200
2017-03-16,15.069269180297852,16.06999969482422,0.0,16.229999542236328,16.0,16.010000228881836,0.0,3892200
2017-03-17,15.116151809692383,16.1200008392334,0.0,16.15999984741211,15.989999771118164,16.059999465942383,0.0,5021300
2017-03-20,15.238059997558594,16.25,0.0,16.329999923706055,16.079999923706055,16.100000381469727,0.0,5733400
2017-03-21,14.722309112548828,15.699999809265137,0.0,16.34000015258789,15.65999984741211,16.299999237060547,0.0,9768800
2017-03-22,14.862969398498535,15.850000381469727,0.0,16.010000228881836,15.520000457763672,15.640000343322754,0.0,8221300
2017-03-23,14.919230461120605,15.90999984741211,0.0,16.1200008392334,15.720000267028809,15.770000457763672,0.0,4919600
2017-03-24,14.909854888916016,15.899999618530273,0.0,16.110000610351562,15.850000381469727,16.059999465942383,0.0,6088300
2017-03-27,14.750438690185547,15.729999542236328,0.0,15.8100004196167,15.449999809265137,15.699999809265137,0.0,5613200
2017-03-28,14.722309112548828,15.699999809265137,0.0,15.819999694824219,15.579999923706055,15.720000267028809,0.0,6630300
2017-03-29,14.759817123413086,15.739999771118164,0.0,15.8100004196167,15.619999885559082,15.649999618530273,0.0,4339000
2017-03-30,14.63791275024414,15.609999656677246,0.0,15.75,15.59000015258789,15.6899995803833,0.0,6500200
2017-03-31,14.3649263381958,15.260000228881836,0.06,15.579999923706055,15.260000228881836,15.489999771118164,0.0,7280800
2017-04-03,14.120170593261719,15.0,0.0,15.25,14.869999885559082,15.140000343322754,0.0,10896700
2017-04-04,14.082520484924316,14.960000038146973,0.0,15.0600004196167,14.869999885559082,14.90999984741211,0.0,5285300
2017-04-05,14.110757827758789,14.989999771118164,0.0,15.1899995803833,14.9399995803833,15.020000457763672,0.0,8699400
2017-04-06,14.21430778503418,15.100000381469727,0.0,15.210000038146973,14.899999618530273,15.15999984741211,0.0,8914200
2017-04-07,14.251958847045898,15.140000343322754,0.0,15.210000038146973,15.039999961853027,15.100000381469727,0.0,4793900
2017-04-10,14.195481300354004,15.079999923706055,0.0,15.25,15.010000228881836,15.170000076293945,0.0,3401700
2017-04-11,13.978972434997559,14.850000381469727,0.0,15.069999694824219,14.649999618530273,15.0,0.0,9600700
2017-04-12,13.941317558288574,14.8100004196167,0.0,14.859999656677246,14.579999923706055,14.800000190734863,0.0,9673200
2017-04-13,13.818940162658691,14.680000305175781,0.0,14.890000343322754,14.65999984741211,14.779999732971191,0.0,7408600
2017-04-17,13.960147857666016,14.829999923706055,0.0,14.880000114440918,14.65999984741211,14.729999542236328,0.0,3886400
2017-04-18,14.016629219055176,14.890000343322754,0.0,14.920000076293945,14.729999542236328,14.75,0.0,3497800
2017-04-19,14.026039123535156,14.899999618530273,0.0,15.229999542236328,14.829999923706055,14.970000267028809,0.0,5760600
2017-04-20,14.063691139221191,14.9399995803833,0.0,15.010000228881836,14.739999771118164,14.960000038146973,0.0,4632600
2017-04-21,14.026039123535156,14.899999618530273,0.0,15.039999961853027,14.720000267028809,14.880000114440918,0.0,3125900
2017-04-24,14.176651000976562,15.0600004196167,0.0,15.140000343322754,14.899999618530273,15.09000015258789,0.0,3394300
2017-04-25,14.58143138885498,15.489999771118164,0.0,15.5600004196167,15.119999885559082,15.119999885559082,0.0,9710200
2017-04-26,13.856595993041992,14.720000267028809,0.0,15.170000076293945,14.6899995803833,14.819999694824219,0.0,8307000
2017-04-27,14.204893112182617,15.09000015258789,0.0,15.15999984741211,14.899999618530273,14.979999542236328,0.0,5845600
2017-04-28,14.138997077941895,15.020000457763672,0.0,15.1899995803833,14.949999809265137,15.1899995803833,0.0,8507100
2017-05-01,14.110757827758789,14.989999771118164,0.0,15.119999885559082,14.9399995803833,15.029999732971191,0.0,3186000
2017-05-02,13.875421524047852,14.739999771118164,0.0,15.029999732971191,14.680000305175781,14.970000267028809,0.0,5444400
2017-05-03,14.223722457885742,15.109999656677246,0.0,15.15999984741211,14.640000343322754,14.6899995803833,0.0,6747400
2017-05-04,14.195481300354004,15.079999923706055,0.0,15.279999732971191,14.970000267028809,15.130000114440918,0.0,5547900
2017-05-05,14.270788192749023,15.15999984741211,0.0,15.180000305175781,15.020000457763672,15.079999923706055,0.0,4013600
2017-05-08,14.251958847045898,15.140000343322754,0.0,15.220000267028809,15.020000457763672,15.180000305175781,0.0,4449600
2017-05-09,14.628499031066895,15.539999961853027,0.0,15.550000190734863,15.100000381469727,15.15999984741211,0.0,4809200
2017-05-10,14.826183319091797,15.75,0.0,15.760000228881836,15.59000015258789,15.649999618530273,0.0,5772400
2017-05-11,14.788530349731445,15.710000038146973,0.0,15.819999694824219,15.569999694824219,15.699999809265137,0.0,3963300
2017-05-12,14.619087219238281,15.529999732971191,0.0,15.779999732971191,15.510000228881836,15.729999542236328,0.0,1950500
2017-05-15,15.16506576538086,16.110000610351562,0.0,16.1200008392334,15.5,15.619999885559082,0.0,7786900
2017-05-16,15.296854972839355,16.25,0.0,16.260000228881836,15.930000305175781,16.190000534057617,0.0,7247400
2017-05-17,14.3649263381958,15.260000228881836,0.0,16.1299991607666,15.25,16.040000915527344,0.0,10225800
2017-05-18,14.600258827209473,15.510000228881836,0.0,15.6899995803833,15.270000457763672,15.270000457763672,0.0,6230300
2017-05-19,15.070932388305664,16.010000228881836,0.0,16.100000381469727,15.600000381469727,15.600000381469727,0.0,8602600
2017-05-22,15.240375518798828,16.190000534057617,0.0,16.65999984741211,15.970000267028809,16.1200008392334,0.0,5693400
2017-05-23,15.400404930114746,16.360000610351562,0.0,16.389999389648438,16.079999923706055,16.25,0.0,9650600
2017-05-24,15.795767784118652,16.780000686645508,0.0,16.850000381469727,16.329999923706055,16.450000762939453,0.0,10953000
2017-05-25,15.946383476257324,16.940000534057617,0.0,17.139999389648438,16.780000686645508,16.84000015258789,0.0,17021000
2017-05-26,16.633567810058594,17.670000076293945,0.0,17.760000228881836,17.09000015258789,17.389999389648438,0.0,20182000
2017-05-30,16.35116195678711,17.3700008392334,0.0,17.799999237060547,17.200000762939453,17.739999771118164,0.0,10606200
2017-05-31,16.22878074645996,17.239999771118164,0.0,17.549999237060547,17.170000076293945,17.549999237060547,0.0,12083700
2017-06-01,16.737112045288086,17.780000686645508,0.0,17.790000915527344,17.280000686645508,17.290000915527344,0.0,11255200
2017-06-02,16.558258056640625,17.59000015258789,0.0,17.780000686645508,17.420000076293945,17.770000457763672,0.0,8213000
2017-06-05,16.501779556274414,17.530000686645508,0.0,17.68000030517578,17.510000228881836,17.59000015258789,0.0,5833800
2017-06-06,16.765350341796875,17.809999465942383,0.0,17.93000030517578,17.360000610351562,17.360000610351562,0.0,6680700
2017-06-07,16.680633544921875,17.719999313354492,0.0,17.860000610351562,17.559999465942383,17.809999465942383,0.0,6955600
2017-06-08,16.793594360351562,17.84000015258789,0.0,17.8700008392334,17.600000381469727,17.68000030517578,0.0,7665600
2017-06-09,16.247604370117188,17.260000228881836,0.0,17.860000610351562,16.899999618530273,17.860000610351562,0.0,8521800
2017-06-12,16.426469802856445,17.450000762939453,0.0,17.479999542236328,16.56999969482422,16.8700008392334,0.0,11370100
2017-06-13,16.699459075927734,17.739999771118164,0.0,17.84000015258789,17.450000762939453,17.68000030517578,0.0,6717000
2017-06-14,16.511192321777344,17.540000915527344,0.0,17.770000457763672,17.3799991607666,17.760000228881836,0.0,4715600
2017-06-15,16.388811111450195,17.40999984741211,0.0,17.59000015258789,17.059999465942383,17.170000076293945,0.0,6505900
2017-06-16,16.313507080078125,17.329999923706055,0.0,17.65999984741211,17.280000686645508,17.479999542236328,0.0,5705300
2017-06-19,16.426469802856445,17.450000762939453,0.0,17.6299991607666,17.350000381469727,17.489999771118164,0.0,4927700
2017-06-20,16.49236488342285,17.520000457763672,0.0,18.18000030517578,17.459999084472656,17.950000762939453,0.0,8652200
2017-06-21,16.511192321777344,17.540000915527344,0.0,17.729999542236328,17.450000762939453,17.639999389648438,0.0,4393700
2017-06-22,16.539430618286133,17.56999969482422,0.0,17.770000457763672,17.399999618530273,17.530000686645508,0.0,4926200
2017-06-23,16.633567810058594,17.670000076293945,0.0,17.780000686645508,17.40999984741211,17.549999237060547,0.0,4689500
2017-06-26,16.614736557006836,17.649999618530273,0.0,17.889999389648438,17.549999237060547,17.68000030517578,0.0,5830400
2017-06-27,15.80517578125,16.790000915527344,0.0,17.540000915527344,16.790000915527344,17.540000915527344,0.0,7754800
2017-06-28,16.125234603881836,17.1299991607666,0.0,17.18000030517578,16.600000381469727,16.93000030517578,0.0,8498900
2017-06-29,15.8428316116333,16.829999923706055,0.0,17.190000534057617,16.610000610351562,17.030000686645508,0.0,7926200
2017-06-30,15.606660842895508,16.520000457763672,0.06,16.84000015258789,16.3700008392334,16.81999969482422,0.0,13271300
2017-07-03,15.200428009033203,16.09000015258789,0.0,16.709999084472656,16.06999969482422,16.670000076293945,0.0,3186300
2017-07-05,15.42715835571289,16.329999923706055,0.0,16.3700008392334,15.920000076293945,16.190000534057617,0.0,12620800
2017-07-06,15.181532859802246,16.06999969482422,0.0,16.260000228881836,16.020000457763672,16.09000015258789,0.0,9577100
2017-07-07,15.238216400146484,16.1299991607666,0.0,16.18000030517578,15.920000076293945,16.079999923706055,0.0,11131700
2017-07-10,15.228774070739746,16.1200008392334,0.0,16.209999084472656,15.90999984741211,16.09000015258789,0.0,8775100
2017-07-11,15.172086715698242,16.059999465942383,0.0,16.200000762939453,15.9399995803833,16.100000381469727,0.0,7173000
2017-07-12,15.464950561523438,16.3700008392334,0.0,16.540000915527344,16.229999542236328,16.239999771118164,0.0,7505500
2017-07-13,15.549970626831055,16.459999084472656,0.0,16.579999923706055,16.1200008392334,16.440000534057617,0.0,7629200
2017-07-14,15.663336753845215,16.579999923706055,0.0,16.610000610351562,16.43000030517578,16.489999771118164,0.0,3852700
2017-07-17,15.361034393310547,16.260000228881836,0.0,16.649999618530273,16.190000534057617,16.639999389648438,0.0,6464300
2017-07-18,15.313794136047363,16.209999084472656,0.0,16.31999969482422,16.0,16.18000030517578,0.0,9509900
2017-07-19,15.568867683410645,16.479999542236328,0.0,16.520000457763672,16.1299991607666,16.270000457763672,0.0,4766900
2017-07-20,15.568867683410645,16.479999542236328,0.0,16.520000457763672,16.200000762939453,16.5,0.0,3879600
2017-07-21,15.351581573486328,16.25,0.0,16.40999984741211,16.010000228881836,16.40999984741211,0.0,7426200
2017-07-24,15.332688331604004,16.229999542236328,0.0,16.3700008392334,16.1299991607666,16.260000228881836,0.0,3100200
2017-07-25,15.115407943725586,16.0,0.0,16.219999313354492,15.65999984741211,15.819999694824219,0.0,8446300
2017-07-26,15.162641525268555,16.049999237060547,0.0,16.200000762939453,15.960000038146973,16.06999969482422,0.0,4013600
2017-07-27,14.992591857910156,15.869999885559082,0.0,16.18000030517578,15.649999618530273,16.1200008392334,0.0,4017900
2017-07-28,14.728073120117188,15.59000015258789,0.0,15.869999885559082,15.5,15.8100004196167,0.0,6167000
2017-07-31,14.699732780456543,15.5600004196167,0.0,15.670000076293945,15.40999984741211,15.600000381469727,0.0,4665700
2017-08-01,14.898120880126953,15.770000457763672,0.0,15.800000190734863,15.40999984741211,15.59000015258789,0.0,9152700
2017-08-02,14.81309700012207,15.680000305175781,0.0,15.880000114440918,15.529999732971191,15.819999694824219,0.0,6916000
2017-08-03,14.643049240112305,15.5,0.0,15.770000457763672,15.420000076293945,15.729999542236328,0.0,4499400
2017-08-04,14.69028377532959,15.550000190734863,0.0,15.699999809265137,15.4399995803833,15.5,0.0,4100100
2017-08-07,14.81309700012207,15.680000305175781,0.0,15.699999809265137,15.520000457763672,15.600000381469727,0.0,3261600
2017-08-08,14.737519264221191,15.600000381469727,0.0,15.8100004196167,15.579999923706055,15.6899995803833,0.0,3337700
2017-08-09,14.643049240112305,15.5,0.0,15.609999656677246,15.40999984741211,15.510000228881836,0.0,2765800
2017-08-10,14.217928886413574,15.050000190734863,0.0,15.479999542236328,15.029999732971191,15.420000076293945,0.0,3962300
2017-08-11,14.539132118225098,15.390000343322754,0.0,15.420000076293945,14.869999885559082,15.050000190734863,0.0,3849600
2017-08-14,14.69028377532959,15.550000190734863,0.0,15.739999771118164,15.510000228881836,15.59000015258789,0.0,6831100
2017-08-15,14.945355415344238,15.819999694824219,0.0,15.869999885559082,15.489999771118164,15.569999694824219,0.0,4906700
2017-08-16,15.068167686462402,15.949999809265137,0.0,15.989999771118164,15.829999923706055,15.84000015258789,0.0,2892200
2017-08-17,14.69028377532959,15.550000190734863,0.0,15.970000267028809,15.470000267028809,15.890000343322754,0.0,4037900
2017-08-18,14.78475570678711,15.649999618530273,0.0,15.75,15.5,15.539999961853027,0.0,4615600
2017-08-21,14.756413459777832,15.619999885559082,0.0,15.649999618530273,15.5,15.649999618530273,0.0,5083100
2017-08-22,15.03982925415039,15.920000076293945,0.0,15.960000038146973,15.670000076293945,15.6899995803833,0.0,4792900
2017-08-23,15.011486053466797,15.890000343322754,0.0,15.970000267028809,15.6899995803833,15.779999732971191,0.0,7899000
2017-08-24,14.983144760131836,15.859999656677246,0.0,16.100000381469727,15.710000038146973,16.010000228881836,0.0,6878700
2017-08-25,16.107351303100586,17.049999237060547,0.0,17.479999542236328,16.600000381469727,16.6299991607666,0.0,14618800
2017-08-28,16.1923770904541,17.139999389648438,0.0,17.25,16.969999313354492,17.06999969482422,0.0,7281600
2017-08-29,16.30573844909668,17.260000228881836,0.0,17.329999923706055,16.84000015258789,16.93000030517578,0.0,5064800
2017-08-30,16.778100967407227,17.760000228881836,0.0,17.799999237060547,17.270000457763672,17.270000457763672,0.0,7770600
2017-08-31,16.91980743408203,17.90999984741211,0.0,17.969999313354492,17.739999771118164,17.790000915527344,0.0,6620000
2017-09-01,16.863126754760742,17.850000381469727,0.0,18.0,17.809999465942383,17.899999618530273,0.0,3165000
2017-09-05,16.853681564331055,17.84000015258789,0.0,17.959999084472656,17.579999923706055,17.6200008392334,0.0,6323700
2017-09-06,16.636388778686523,17.610000610351562,0.0,17.950000762939453,17.600000381469727,17.93000030517578,0.0,3588200
2017-09-07,16.504138946533203,17.469999313354492,0.0,17.700000762939453,17.469999313354492,17.670000076293945,0.0,3584400
2017-09-08,16.296295166015625,17.25,0.0,17.479999542236328,17.200000762939453,17.450000762939453,0.0,3442900
2017-09-11,16.4096622467041,17.3700008392334,0.0,17.450000762939453,17.219999313354492,17.440000534057617,0.0,6602200
2017-09-12,16.62694549560547,17.600000381469727,0.0,17.610000610351562,17.329999923706055,17.510000228881836,0.0,4092000
2017-09-13,16.834789276123047,17.81999969482422,0.0,17.8700008392334,17.559999465942383,17.6200008392334,0.0,6073500
2017-09-14,17.269350051879883,18.280000686645508,0.0,18.3799991607666,17.559999465942383,17.690000534057617,0.0,10066600
2017-09-15,17.326040267944336,18.34000015258789,0.0,18.559999465942383,18.200000762939453,18.389999389648438,0.0,7434800
2017-09-18,17.411054611206055,18.43000030517578,0.0,18.670000076293945,18.350000381469727,18.420000076293945,0.0,6963000
2017-09-19,17.14653968811035,18.149999618530273,0.0,18.600000381469727,18.1299991607666,18.459999084472656,0.0,6409800
2017-09-20,17.03317642211914,18.030000686645508,0.0,18.229999542236328,17.790000915527344,18.190000534057617,0.0,7037100
2017-09-21,17.03317642211914,18.030000686645508,0.0,18.200000762939453,17.8799991607666,18.030000686645508,0.0,5270400
2017-09-22,16.882022857666016,17.8700008392334,0.0,18.09000015258789,17.850000381469727,17.899999618530273,0.0,4497300
2017-09-25,16.636388778686523,17.610000610351562,0.0,17.8700008392334,17.489999771118164,17.780000686645508,0.0,6198900
2017-09-26,16.674179077148438,17.649999618530273,0.0,17.829999923706055,17.6299991607666,17.75,0.0,3192700
2017-09-27,16.92925453186035,17.920000076293945,0.0,18.149999618530273,17.760000228881836,17.809999465942383,0.0,4260900
2017-09-28,16.976491928100586,17.969999313354492,0.0,18.06999969482422,17.770000457763672,17.850000381469727,0.0,3711300
2017-09-29,16.910356521606445,17.899999618530273,0.0,18.229999542236328,17.889999389648438,18.030000686645508,0.0,4659300
2017-10-02,17.382707595825195,18.399999618530273,0.0,18.719999313354492,18.15999984741211,18.209999084472656,0.0,10239400
2017-10-03,17.411054611206055,18.43000030517578,0.0,18.59000015258789,18.299999237060547,18.399999618530273,0.0,2935800
2017-10-04,17.486635208129883,18.510000228881836,0.0,18.540000915527344,18.299999237060547,18.350000381469727,0.0,5757200
2017-10-05,17.35437774658203,18.3700008392334,0.0,18.510000228881836,18.309999465942383,18.510000228881836,0.0,3755600
2017-10-06,17.25011444091797,18.200000762939453,0.06,18.31999969482422,18.139999389648438,18.149999618530273,0.0,3496100
2017-10-09,17.487071990966797,18.450000762939453,0.0,18.540000915527344,18.309999465942383,18.309999465942383,0.0,4695600
2017-10-10,17.543935775756836,18.510000228881836,0.0,18.549999237060547,18.40999984741211,18.489999771118164,0.0,6872200
2017-10-11,17.543935775756836,18.510000228881836,0.0,18.549999237060547,18.420000076293945,18.450000762939453,0.0,4284500
2017-10-12,17.335418701171875,18.290000915527344,0.0,18.489999771118164,18.25,18.479999542236328,0.0,3503400
2017-10-13,17.325942993164062,18.280000686645508,0.0,18.399999618530273,18.229999542236328,18.399999618530273,0.0,3585700
2017-10-16,17.316463470458984,18.270000457763672,0.0,18.31999969482422,18.110000610351562,18.299999237060547,0.0,4711800
2017-10-17,17.401762008666992,18.360000610351562,0.0,18.420000076293945,18.190000534057617,18.239999771118164,0.0,2638000
2017-10-18,17.487071990966797,18.450000762939453,0.0,18.520000457763672,18.18000030517578,18.43000030517578,0.0,4107200
2017-10-19,17.449155807495117,18.40999984741211,0.0,18.450000762939453,18.1299991607666,18.34000015258789,0.0,1864700
2017-10-20,17.449155807495117,18.40999984741211,0.0,18.5,18.3799991607666,18.469999313354492,0.0,1609400
2017-10-23,17.50602912902832,18.469999313354492,0.0,18.8799991607666,18.450000762939453,18.700000762939453,0.0,5799800
2017-10-24,17.610280990600586,18.579999923706055,0.0,18.59000015258789,18.489999771118164,18.5,0.0,18445300
2017-10-25,17.430200576782227,18.389999389648438,0.0,18.56999969482422,18.3700008392334,18.489999771118164,0.0,8466000
2017-10-26,17.43967056274414,18.399999618530273,0.0,18.450000762939453,18.260000228881836,18.40999984741211,0.0,3913800
2017-10-27,17.477588653564453,18.440000534057617,0.0,18.59000015258789,18.239999771118164,18.59000015258789,0.0,4527000
2017-10-30,17.278553009033203,18.229999542236328,0.0,18.43000030517578,17.979999542236328,18.350000381469727,0.0,6057400
2017-10-31,17.50602912902832,18.469999313354492,0.0,18.5,18.280000686645508,18.31999969482422,0.0,3739100
2017-11-01,17.335418701171875,18.290000915527344,0.0,18.56999969482422,18.139999389648438,18.56999969482422,0.0,3327800
2017-11-02,17.325942993164062,18.280000686645508,0.0,18.3799991607666,17.850000381469727,18.270000457763672,0.0,3118100
2017-11-03,17.543935775756836,18.510000228881836,0.0,18.549999237060547,18.229999542236328,18.329999923706055,0.0,7349100
2017-11-06,19.145736694335938,20.200000762939453,0.0,21.079999923706055,19.959999084472656,20.110000610351562,0.0,19713400
2017-11-07,19.079383850097656,20.1299991607666,0.0,20.610000610351562,20.0,20.3799991607666,0.0,10689000
2017-11-08,19.098342895507812,20.149999618530273,0.0,20.229999542236328,20.079999923706055,20.149999618530273,0.0,6884100
2017-11-09,19.079383850097656,20.1299991607666,0.0,20.190000534057617,19.850000381469727,20.1299991607666,0.0,8638200
2017-11-10,19.079383850097656,20.1299991607666,0.0,20.190000534057617,20.059999465942383,20.190000534057617,0.0,6943700
2017-11-13,19.079383850097656,20.1299991607666,0.0,20.139999389648438,20.010000228881836,20.010000228881836,0.0,4383100
2017-11-14,19.069915771484375,20.1200008392334,0.0,20.15999984741211,20.040000915527344,20.06999969482422,0.0,3513800
2017-11-15,19.02252197265625,20.06999969482422,0.0,20.110000610351562,19.75,19.950000762939453,0.0,2887400
2017-11-16,19.202598571777344,20.260000228881836,0.0,20.329999923706055,20.09000015258789,20.110000610351562,0.0,6779400
2017-11-17,19.23103141784668,20.290000915527344,0.0,20.450000762939453,20.239999771118164,20.309999465942383,0.0,5145200
2017-11-20,20.46318817138672,21.59000015258789,0.0,21.809999465942383,20.1200008392334,20.799999237060547,0.0,67009800
2017-11-21,22.06498908996582,23.280000686645508,0.0,23.40999984741211,21.940000534057617,22.149999618530273,0.0,35752100
2017-11-22,22.586273193359375,23.829999923706055,0.0,24.219999313354492,23.43000030517578,23.780000686645508,0.0,27234900
2017-11-24,22.557846069335938,23.799999237060547,0.0,23.899999618530273,23.510000228881836,23.84000015258789,0.0,7191700
2017-11-27,22.159765243530273,23.3799991607666,0.0,23.700000762939453,23.190000534057617,23.610000610351562,0.0,14996600
2017-11-28,22.055503845214844,23.270000457763672,0.0,23.8799991607666,23.219999313354492,23.8700008392334,0.0,12527700
2017-11-29,21.050830841064453,22.209999084472656,0.0,23.860000610351562,22.020000457763672,23.530000686645508,0.0,19878600
2017-11-30,21.174047470092773,22.34000015258789,0.0,22.90999984741211,22.190000534057617,22.299999237060547,0.0,12993300
2017-12-01,21.02239418029785,22.18000030517578,0.0,22.290000915527344,21.68000030517578,22.1299991607666,0.0,13143300
2017-12-04,21.136131286621094,22.299999237060547,0.0,22.6200008392334,21.8799991607666,22.43000030517578,0.0,11231300
2017-12-05,20.823352813720703,21.969999313354492,0.0,22.649999618530273,21.780000686645508,22.209999084472656,0.0,7287900
2017-12-06,20.68117904663086,21.81999969482422,0.0,21.959999084472656,21.600000381469727,21.799999237060547,0.0,6346600
2017-12-07,20.85178565979004,22.0,0.0,22.280000686645508,21.809999465942383,22.100000381469727,0.0,6482300
2017-12-08,20.889699935913086,22.040000915527344,0.0,22.190000534057617,21.850000381469727,22.040000915527344,0.0,7064400
2017-12-11,20.8991756439209,22.049999237060547,0.0,22.329999923706055,21.979999542236328,22.020000457763672,0.0,5280500
2017-12-12,21.03187370300293,22.190000534057617,0.0,22.25,21.940000534057617,22.0,0.0,4662200
2017-12-13,20.690654754638672,21.829999923706055,0.0,22.520000457763672,21.770000457763672,22.309999465942383,0.0,6337400
2017-12-14,20.520055770874023,21.649999618530273,0.0,22.040000915527344,21.56999969482422,21.8700008392334,0.0,8099900
2017-12-15,20.491619110107422,21.6200008392334,0.0,21.829999923706055,21.420000076293945,21.709999084472656,0.0,8084300
2017-12-18,21.003437042236328,22.15999984741211,0.0,22.360000610351562,21.600000381469727,21.719999313354492,0.0,7887500
2017-12-19,21.202472686767578,22.3700008392334,0.0,22.420000076293945,22.020000457763672,22.31999969482422,0.0,5598800
2017-12-20,21.145610809326172,22.309999465942383,0.0,22.56999969482422,22.09000015258789,22.549999237060547,0.0,4402200
2017-12-21,20.8991756439209,22.049999237060547,0.0,22.389999389648438,21.969999313354492,22.389999389648438,0.0,5575000
2017-12-22,20.861265182495117,22.010000228881836,0.0,22.209999084472656,21.90999984741211,22.0,0.0,5235200
2017-12-26,20.756725311279297,21.84000015258789,0.06,21.979999542236328,21.65999984741211,21.809999465942383,0.0,3675100
2017-12-27,20.956302642822266,22.049999237060547,0.0,22.1200008392334,21.719999313354492,21.799999237060547,0.0,4091800
2017-12-28,20.804244995117188,21.889999389648438,0.0,22.149999618530273,21.809999465942383,22.049999237060547,0.0,3606500
2017-12-29,20.40507698059082,21.469999313354492,0.0,21.989999771118164,21.469999313354492,21.989999771118164,0.0,4256400
2018-01-02,21.098867416381836,22.200000762939453,0.0,22.350000381469727,21.40999984741211,21.65999984741211,0.0,5619900
2018-01-03,21.754640579223633,22.889999389648438,0.0,22.950000762939453,22.229999542236328,22.290000915527344,0.0,9014000
2018-01-04,22.248849868774414,23.40999984741211,0.0,23.469999313354492,22.829999923706055,22.969999313354492,0.0,9221200
2018-01-05,21.85918426513672,23.0,0.0,23.639999389648438,23.0,23.5,0.0,5855400
2018-01-08,22.02075958251953,23.170000076293945,0.0,23.239999771118164,22.889999389648438,22.969999313354492,0.0,5529500
2018-01-09,22.001750946044922,23.149999618530273,0.0,23.309999465942383,22.989999771118164,23.280000686645508,0.0,9580000
2018-01-10,21.992238998413086,23.139999389648438,0.0,23.219999313354492,22.600000381469727,22.829999923706055,0.0,9401900
2018-01-11,22.001750946044922,23.149999618530273,0.0,23.25,22.850000381469727,23.25,0.0,5198600
2018-01-12,22.657520294189453,23.84000015258789,0.0,24.209999084472656,23.1299991607666,23.139999389648438,0.0,18423600
2018-01-16,22.410419464111328,23.579999923706055,0.0,24.06999969482422,23.469999313354492,24.06999969482422,0.0,11257200
2018-01-17,22.419923782348633,23.59000015258789,0.0,23.860000610351562,23.479999542236328,23.649999618530273,0.0,7143400
2018-01-18,22.51496696472168,23.690000534057617,0.0,23.899999618530273,23.600000381469727,23.6299991607666,0.0,8558500
2018-01-19,22.50545883178711,23.68000030517578,0.0,23.899999618530273,23.639999389648438,23.84000015258789,0.0,7587400
2018-01-22,22.44843292236328,23.6200008392334,0.0,23.809999465942383,23.520000457763672,23.760000228881836,0.0,3620000
2018-01-23,22.362899780273438,23.530000686645508,0.0,23.809999465942383,23.280000686645508,23.68000030517578,0.0,10855700
2018-01-24,22.134801864624023,23.290000915527344,0.0,23.549999237060547,22.75,23.360000610351562,0.0,9443600
2018-01-25,21.86869239807129,23.010000228881836,0.0,23.610000610351562,22.969999313354492,23.59000015258789,0.0,9009500
2018-01-26,22.229843139648438,23.389999389648438,0.0,23.459999084472656,23.15999984741211,23.229999542236328,0.0,6143000
2018-01-29,22.286861419677734,23.450000762939453,0.0,23.489999771118164,23.239999771118164,23.3700008392334,0.0,6760200
2018-01-30,21.973237991333008,23.1200008392334,0.0,23.3700008392334,22.93000030517578,23.049999237060547,0.0,4374000
2018-01-31,22.172813415527344,23.329999923706055,0.0,23.540000915527344,23.260000228881836,23.34000015258789,0.0,11191500
2018-02-01,21.479026794433594,22.600000381469727,0.0,23.450000762939453,22.530000686645508,23.110000610351562,0.0,7988300
2018-02-02,21.317459106445312,22.43000030517578,0.0,22.59000015258789,21.8700008392334,22.3799991607666,0.0,9945300
2018-02-05,20.29102897644043,21.350000381469727,0.0,22.559999465942383,21.309999465942383,22.139999389648438,0.0,9355000
2018-02-06,20.623666763305664,21.700000762939453,0.0,21.829999923706055,20.510000228881836,20.8700008392334,0.0,13422400
2018-02-07,20.272018432617188,21.329999923706055,0.0,21.950000762939453,21.209999084472656,21.579999923706055,0.0,8684400
2018-02-08,19.711286544799805,20.739999771118164,0.0,21.530000686645508,20.3700008392334,21.440000534057617,0.0,11758100
2018-02-09,20.24350357055664,21.299999237060547,0.0,21.450000762939453,20.540000915527344,21.049999237060547,0.0,9943700
2018-02-12,20.83275604248047,21.920000076293945,0.0,22.040000915527344,21.389999389648438,21.479999542236328,0.0,6651400
2018-02-13,21.212909698486328,22.31999969482422,0.0,22.360000610351562,21.639999389648438,21.850000381469727,0.0,10983200
2018-02-14,21.15589141845703,22.260000228881836,0.0,22.440000534057617,22.0,22.149999618530273,0.0,6607300
2018-02-15,21.61208152770996,22.739999771118164,0.0,22.93000030517578,22.43000030517578,22.549999237060547,0.0,6664200
2018-02-16,21.5550594329834,22.68000030517578,0.0,22.90999984741211,22.43000030517578,22.649999618530273,0.0,5159300
2018-02-20,22.04926872253418,23.200000762939453,0.0,23.399999618530273,22.530000686645508,22.719999313354492,0.0,6183700
2018-02-21,22.039758682250977,23.190000534057617,0.0,23.56999969482422,22.959999084472656,23.270000457763672,0.0,7041700
2018-02-22,21.982736587524414,23.1299991607666,0.0,23.84000015258789,22.989999771118164,23.229999542236328,0.0,6857200
2018-02-23,22.096784591674805,23.25,0.0,23.360000610351562,23.010000228881836,23.299999237060547,0.0,4075100
2018-02-26,22.296369552612305,23.459999084472656,0.0,23.530000686645508,23.209999084472656,23.31999969482422,0.0,3700700
2018-02-27,22.220338821411133,23.3799991607666,0.0,23.950000762939453,23.3799991607666,23.540000915527344,0.0,7094100
2018-02-28,22.324880599975586,23.489999771118164,0.0,23.81999969482422,23.25,23.469999313354492,0.0,6577600
2018-03-01,22.153810501098633,23.309999465942383,0.0,23.75,23.010000228881836,23.56999969482422,0.0,4287400
2018-03-02,22.258359909057617,23.420000076293945,0.0,23.520000457763672,22.770000457763672,23.0,0.0,5972100
2018-03-05,22.324880599975586,23.489999771118164,0.0,23.600000381469727,23.010000228881836,23.219999313354492,0.0,6061300
2018-03-06,22.40091896057129,23.56999969482422,0.0,23.68000030517578,23.270000457763672,23.549999237060547,0.0,7222900
2018-03-07,22.51496696472168,23.690000534057617,0.0,23.850000381469727,23.329999923706055,23.5,0.0,14781100
2018-03-08,23.113710403442383,24.31999969482422,0.0,24.420000076293945,23.6200008392334,23.899999618530273,0.0,17008200
2018-03-09,23.132719039916992,24.34000015258789,0.0,25.18000030517578,23.850000381469727,24.209999084472656,0.0,17310000
2018-03-12,23.16123390197754,24.3700008392334,0.0,24.6299991607666,23.670000076293945,24.559999465942383,0.0,17785100
2018-03-13,21.802160263061523,22.940000534057617,0.0,24.540000915527344,22.799999237060547,24.100000381469727,0.0,22302700
2018-03-14,22.239343643188477,23.399999618530273,0.0,23.459999084472656,22.469999313354492,23.0,0.0,19368200
2018-03-15,22.039758682250977,23.190000534057617,0.0,23.770000457763672,23.020000457763672,23.520000457763672,0.0,10865800
2018-03-16,22.030258178710938,23.18000030517578,0.0,23.450000762939453,23.049999237060547,23.350000381469727,0.0,6957900
2018-03-19,21.6881103515625,22.81999969482422,0.0,23.280000686645508,22.549999237060547,22.93000030517578,0.0,11467700
2018-03-20,21.973237991333008,23.1200008392334,0.0,23.270000457763672,22.799999237060547,22.899999618530273,0.0,7531100
2018-03-21,21.85918426513672,23.0,0.0,23.3799991607666,22.920000076293945,23.040000915527344,0.0,5938400
2018-03-22,20.965810775756836,22.059999465942383,0.0,22.950000762939453,22.049999237060547,22.639999389648438,0.0,6817200
2018-03-23,20.414583206176758,21.479999542236328,0.0,22.360000610351562,21.469999313354492,22.15999984741211,0.0,6876500
2018-03-26,21.108373641967773,22.209999084472656,0.0,22.3700008392334,21.75,21.969999313354492,0.0,6215800
2018-03-27,20.329044342041016,21.389999389648438,0.0,22.3700008392334,21.239999771118164,22.31999969482422,0.0,7224900
2018-03-28,19.557050704956055,20.520000457763672,0.06,21.389999389648438,20.399999618530273,21.18000030517578,0.0,10366000
2018-03-29,20.014528274536133,21.0,0.0,21.100000381469727,20.5,20.639999389648438,0.0,8751900
2018-04-02,19.2520751953125,20.200000762939453,0.0,20.8799991607666,20.049999237060547,20.84000015258789,0.0,7141200
2018-04-03,19.46174430847168,20.420000076293945,0.0,20.65999984741211,20.1299991607666,20.540000915527344,0.0,8575200
2018-04-04,19.82391357421875,20.799999237060547,0.0,20.850000381469727,19.790000915527344,19.899999618530273,0.0,7086500
2018-04-05,20.138429641723633,21.1299991607666,0.0,21.59000015258789,21.040000915527344,21.549999237060547,0.0,11740800
2018-04-06,19.547521591186523,20.510000228881836,0.0,21.1299991607666,20.459999084472656,20.829999923706055,0.0,8925100
2018-04-09,19.633302688598633,20.600000381469727,0.0,21.18000030517578,20.56999969482422,20.700000762939453,0.0,5721200
2018-04-10,20.472003936767578,21.479999542236328,0.0,21.639999389648438,21.049999237060547,21.299999237060547,0.0,8781800
2018-04-11,21.034313201904297,22.06999969482422,0.0,22.399999618530273,21.399999618530273,21.399999618530273,0.0,10306700
2018-04-12,21.36789321899414,22.420000076293945,0.0,22.43000030517578,22.1200008392334,22.309999465942383,0.0,7179700
2018-04-13,20.97713279724121,22.010000228881836,0.0,22.65999984741211,21.729999542236328,22.6299991607666,0.0,8148100
2018-04-16,20.73887062072754,21.760000228881836,0.0,22.219999313354492,21.6299991607666,22.190000534057617,0.0,5774000
2018-04-17,21.205867767333984,22.25,0.0,22.25,21.899999618530273,21.950000762939453,0.0,4744000
2018-04-18,20.986661911010742,22.020000457763672,0.0,22.5,21.989999771118164,22.399999618530273,0.0,4904000
2018-04-19,20.05265235900879,21.040000915527344,0.0,21.84000015258789,20.979999542236328,21.549999237060547,0.0,10528000
2018-04-20,19.57611846923828,20.540000915527344,0.0,21.3700008392334,20.489999771118164,21.149999618530273,0.0,8796100
2018-04-23,19.404560089111328,20.360000610351562,0.0,20.780000686645508,20.350000381469727,20.610000610351562,0.0,5940300
2018-04-24,19.680952072143555,20.649999618530273,0.0,21.34000015258789,20.520000457763672,20.649999618530273,0.0,10595000
2018-04-25,19.42362403869629,20.3799991607666,0.0,20.68000030517578,20.18000030517578,20.579999923706055,0.0,5170800
2018-04-26,19.90968894958496,20.889999389648438,0.0,20.90999984741211,20.5,20.639999389648438,0.0,5420900
2018-04-27,19.39503288269043,20.350000381469727,0.0,21.059999465942383,20.329999923706055,21.059999465942383,0.0,5506800
2018-04-30,19.11863899230957,20.059999465942383,0.0,20.530000686645508,19.969999313354492,20.40999984741211,0.0,5808800
2018-05-01,19.366436004638672,20.31999969482422,0.0,20.350000381469727,19.799999237060547,19.8799991607666,0.0,4686700
2018-05-02,19.595176696777344,20.559999465942383,0.0,20.6299991607666,20.219999313354492,20.309999465942383,0.0,4952400
2018-05-03,19.82391357421875,20.799999237060547,0.0,20.889999389648438,19.43000030517578,20.200000762939453,0.0,19888800
2018-05-04,20.25279998779297,21.25,0.0,21.309999465942383,20.540000915527344,20.700000762939453,0.0,7676200
2018-05-07,19.82391357421875,20.799999237060547,0.0,21.489999771118164,20.739999771118164,21.299999237060547,0.0,7353400
2018-05-08,20.090774536132812,21.079999923706055,0.0,21.149999618530273,20.739999771118164,20.780000686645508,0.0,6513700
2018-05-09,20.29092025756836,21.290000915527344,0.0,21.420000076293945,21.0,21.079999923706055,0.0,4133000
2018-05-10,20.43388557434082,21.440000534057617,0.0,21.479999542236328,21.209999084472656,21.43000030517578,0.0,3870600
2018-05-11,20.03359031677246,21.020000457763672,0.0,21.389999389648438,20.81999969482422,21.309999465942383,0.0,6122500
2018-05-14,20.90089225769043,21.93000030517578,0.0,22.709999084472656,21.700000762939453,21.850000381469727,0.0,13913800
2018-05-15,20.681682586669922,21.700000762939453,0.0,21.8700008392334,21.40999984741211,21.799999237060547,0.0,6289400
2018-05-16,20.843704223632812,21.8700008392334,0.0,21.889999389648438,21.469999313354492,21.790000915527344,0.0,5405000
2018-05-17,20.61496353149414,21.6299991607666,0.0,22.1299991607666,21.559999465942383,21.799999237060547,0.0,7937100
2018-05-18,20.414819717407227,21.420000076293945,0.0,21.690000534057617,21.290000915527344,21.489999771118164,0.0,8304100
2018-05-21,20.43388557434082,21.440000534057617,0.0,22.020000457763672,21.360000610351562,21.899999618530273,0.0,7312000
2018-05-22,20.891355514526367,21.920000076293945,0.0,22.09000015258789,21.5,21.6200008392334,0.0,6113300
2018-05-23,21.015247344970703,22.049999237060547,0.0,22.09000015258789,21.719999313354492,21.829999923706055,0.0,5253300
2018-05-24,20.919950485229492,21.950000762939453,0.0,22.149999618530273,21.760000228881836,22.0,0.0,7478300
2018-05-25,21.434606552124023,22.489999771118164,0.0,22.75,22.149999618530273,22.540000915527344,0.0,24162000
2018-05-29,20.91042137145996,21.940000534057617,0.0,22.549999237060547,21.790000915527344,22.260000228881836,0.0,8735800
2018-05-30,20.95807456970215,21.989999771118164,0.0,22.18000030517578,21.56999969482422,22.170000076293945,0.0,9435200
2018-05-31,20.529193878173828,21.540000915527344,0.0,22.06999969482422,21.31999969482422,21.90999984741211,0.0,12753400
2018-06-01,21.129623413085938,22.170000076293945,0.0,22.68000030517578,21.540000915527344,21.899999618530273,0.0,10533700
2018-06-04,21.05337905883789,22.09000015258789,0.0,22.459999084472656,21.809999465942383,22.290000915527344,0.0,7150300
2018-06-05,20.996192932128906,22.030000686645508,0.0,22.200000762939453,21.809999465942383,22.200000762939453,0.0,5686900
2018-06-06,21.07244110107422,22.110000610351562,0.0,22.139999389648438,21.729999542236328,22.059999465942383,0.0,4966600
2018-06-07,21.158214569091797,22.200000762939453,0.0,22.950000762939453,22.15999984741211,22.420000076293945,0.0,13699900
2018-06-08,20.729333877563477,21.75,0.0,22.0,21.350000381469727,21.860000610351562,0.0,9299700
2018-06-11,20.367164611816406,21.3700008392334,0.0,21.90999984741211,21.270000457763672,21.65999984741211,0.0,10988600
2018-06-12,20.595903396606445,21.610000610351562,0.0,21.639999389648438,21.31999969482422,21.31999969482422,0.0,5356100
2018-06-13,20.96759605407715,22.0,0.0,22.100000381469727,21.610000610351562,21.709999084472656,0.0,10431100
2018-06-14,20.73887062072754,21.760000228881836,0.0,22.100000381469727,21.479999542236328,22.040000915527344,0.0,6318400
2018-06-15,20.88182830810547,21.90999984741211,0.0,22.0,21.56999969482422,21.899999618530273,0.0,7032400
2018-06-18,20.748397827148438,21.770000457763672,0.0,21.81999969482422,21.450000762939453,21.729999542236328,0.0,5471900
2018-06-19,20.319509506225586,21.31999969482422,0.0,21.6299991607666,20.780000686645508,21.530000686645508,0.0,10732400
2018-06-20,20.729333877563477,21.75,0.0,21.969999313354492,21.350000381469727,21.440000534057617,0.0,5308800
2018-06-21,20.243267059326172,21.239999771118164,0.0,22.09000015258789,21.219999313354492,21.940000534057617,0.0,4887300
2018-06-22,20.309982299804688,21.309999465942383,0.0,21.450000762939453,20.93000030517578,21.389999389648438,0.0,6890800
2018-06-25,19.23300552368164,20.18000030517578,0.0,21.020000457763672,19.979999542236328,20.979999542236328,0.0,9398300
2018-06-26,18.975677490234375,19.90999984741211,0.0,20.290000915527344,19.809999465942383,20.290000915527344,0.0,10091600
2018-06-27,19.175827026367188,20.1200008392334,0.0,20.8700008392334,20.1200008392334,20.850000381469727,0.0,11348300
2018-06-28,20.748397827148438,21.770000457763672,0.0,22.09000015258789,21.15999984741211,21.68000030517578,0.0,34399200
2018-06-29,20.43388557434082,21.440000534057617,0.0,22.059999465942383,21.3700008392334,21.729999542236328,0.0,19429300
2018-07-02,20.462474822998047,21.469999313354492,0.0,21.5,20.760000228881836,21.079999923706055,0.0,10320100
2018-07-03,20.03359031677246,21.020000457763672,0.0,21.59000015258789,20.920000076293945,21.450000762939453,0.0,7859400
2018-07-05,20.33857536315918,21.34000015258789,0.0,21.34000015258789,20.93000030517578,21.190000534057617,0.0,10280200
2018-07-06,20.6730899810791,21.6299991607666,0.06,21.75,21.100000381469727,21.209999084472656,0.0,7913200
2018-07-09,21.036277770996094,22.010000228881836,0.0,22.030000686645508,21.549999237060547,21.8700008392334,0.0,11541600
2018-07-10,21.657520294189453,22.65999984741211,0.0,22.920000076293945,22.200000762939453,22.209999084472656,0.0,29134500
2018-07-11,20.778223037719727,21.739999771118164,0.0,22.399999618530273,21.719999313354492,22.149999618530273,0.0,12153300
2018-07-12,21.1605281829834,22.139999389648438,0.0,22.260000228881836,21.75,21.979999542236328,0.0,10914000
2018-07-13,20.892921447753906,21.860000610351562,0.0,22.18000030517578,21.729999542236328,22.040000915527344,0.0,7650500
2018-07-16,20.214324951171875,21.149999618530273,0.0,21.969999313354492,21.139999389648438,21.860000610351562,0.0,10783200
2018-07-17,20.739994049072266,21.700000762939453,0.0,21.780000686645508,20.93000030517578,21.020000457763672,0.0,11203400
2018-07-18,20.625303268432617,21.579999923706055,0.0,21.899999618530273,21.3700008392334,21.700000762939453,0.0,7015400
2018-07-19,20.74954605102539,21.709999084472656,0.0,21.739999771118164,21.290000915527344,21.56999969482422,0.0,8743300
2018-07-20,20.892921447753906,21.860000610351562,0.0,22.1200008392334,21.459999084472656,21.649999618530273,0.0,7805900
2018-07-23,20.778223037719727,21.739999771118164,0.0,21.899999618530273,21.350000381469727,21.709999084472656,0.0,8083300
2018-07-24,20.596628189086914,21.549999237060547,0.0,22.200000762939453,21.450000762939453,21.979999542236328,0.0,7560400
2018-07-25,20.739994049072266,21.700000762939453,0.0,21.790000915527344,21.200000762939453,21.520000457763672,0.0,7759900
2018-07-26,21.084068298339844,22.059999465942383,0.0,22.1200008392334,21.649999618530273,21.649999618530273,0.0,9199600
2018-07-27,20.711320877075195,21.670000076293945,0.0,22.360000610351562,21.540000915527344,22.049999237060547,0.0,9672500
2018-07-30,20.300342559814453,21.239999771118164,0.0,21.889999389648438,20.989999771118164,21.790000915527344,0.0,5388500
2018-07-31,20.367246627807617,21.309999465942383,0.0,21.6299991607666,21.049999237060547,21.399999618530273,0.0,6984500
2018-08-01,20.262113571166992,21.200000762939453,0.0,21.6200008392334,21.09000015258789,21.299999237060547,0.0,8826700
2018-08-02,20.615747451782227,21.56999969482422,0.0,21.56999969482422,20.969999313354492,21.0,0.0,4599700
2018-08-03,20.424592971801758,21.3700008392334,0.0,21.639999389648438,21.18000030517578,21.5,0.0,6762800
2018-08-06,20.88335609436035,21.850000381469727,0.0,21.8799991607666,21.239999771118164,21.270000457763672,0.0,4740400
2018-08-07,21.189199447631836,22.170000076293945,0.0,22.190000534057617,21.84000015258789,21.950000762939453,0.0,5093700
2018-08-08,21.122297286987305,22.100000381469727,0.0,22.25,21.989999771118164,22.1200008392334,0.0,4789000
2018-08-09,20.730432510375977,21.690000534057617,0.0,22.049999237060547,21.670000076293945,22.020000457763672,0.0,3210600
2018-08-10,19.984939575195312,20.90999984741211,0.0,21.34000015258789,20.809999465942383,21.149999618530273,0.0,6190000
2018-08-13,19.870250701904297,20.790000915527344,0.0,21.079999923706055,20.770000457763672,20.90999984741211,0.0,5690300
2018-08-14,19.583528518676758,20.489999771118164,0.0,20.90999984741211,20.469999313354492,20.860000610351562,0.0,7805400
2018-08-15,19.20121955871582,20.09000015258789,0.0,20.440000534057617,19.889999389648438,20.280000686645508,0.0,9423000
2018-08-16,19.373252868652344,20.270000457763672,0.0,20.399999618530273,20.059999465942383,20.200000762939453,0.0,8183900
2018-08-17,18.904935836791992,19.780000686645508,0.0,20.389999389648438,19.719999313354492,20.389999389648438,0.0,12338400
2018-08-20,18.9622802734375,19.84000015258789,0.0,20.09000015258789,19.479999542236328,19.899999618530273,0.0,9106200
2018-08-21,19.40192222595215,20.299999237060547,0.0,20.389999389648438,19.850000381469727,19.959999084472656,0.0,7358400
2018-08-22,19.535736083984375,20.440000534057617,0.0,20.549999237060547,20.1200008392334,20.209999084472656,0.0,3587300
2018-08-23,19.344587326049805,20.239999771118164,0.0,20.649999618530273,20.209999084472656,20.459999084472656,0.0,4981300
2018-08-24,19.583528518676758,20.489999771118164,0.0,20.540000915527344,20.329999923706055,20.43000030517578,0.0,3692300
2018-08-27,19.583528518676758,20.489999771118164,0.0,20.920000076293945,20.479999542236328,20.639999389648438,0.0,7724100
2018-08-28,19.679101943969727,20.59000015258789,0.0,20.670000076293945,20.350000381469727,20.520000457763672,0.0,9077700
2018-08-29,20.137866973876953,21.06999969482422,0.0,21.239999771118164,20.549999237060547,20.610000610351562,0.0,8211500
2018-08-30,19.927595138549805,20.850000381469727,0.0,21.15999984741211,20.760000228881836,21.09000015258789,0.0,5522200
2018-08-31,19.76512336730957,20.68000030517578,0.0,21.079999923706055,20.6200008392334,20.8799991607666,0.0,8589200
2018-09-04,19.784229278564453,20.700000762939453,0.0,20.889999389648438,20.440000534057617,20.579999923706055,0.0,9769900
2018-09-05,19.57396697998047,20.479999542236328,0.0,20.75,20.399999618530273,20.700000762939453,0.0,9087300
2018-09-06,18.599090576171875,19.459999084472656,0.0,20.6200008392334,19.450000762939453,20.450000762939453,0.0,18985300
2018-09-07,18.58953094482422,19.450000762939453,0.0,20.899999618530273,19.280000686645508,20.899999618530273,0.0,36018300
2018-09-10,18.1881160736084,19.030000686645508,0.0,19.6200008392334,18.829999923706055,19.56999969482422,0.0,19795700
2018-09-11,17.96828842163086,18.799999237060547,0.0,19.1299991607666,18.549999237060547,18.690000534057617,0.0,15130100
2018-09-12,17.519079208374023,18.329999923706055,0.0,18.690000534057617,18.15999984741211,18.559999465942383,0.0,11965400
2018-09-13,17.719799041748047,18.540000915527344,0.0,18.670000076293945,18.139999389648438,18.5,0.0,14662200
2018-09-14,18.130769729614258,18.969999313354492,0.0,19.079999923706055,18.469999313354492,18.559999465942383,0.0,14161500
2018-09-17,17.62421226501465,18.440000534057617,0.0,18.8700008392334,18.360000610351562,18.719999313354492,0.0,8619200
2018-09-18,17.834484100341797,18.65999984741211,0.0,18.700000762939453,18.350000381469727,18.670000076293945,0.0,11315000
2018-09-19,17.633777618408203,18.450000762939453,0.0,18.93000030517578,18.309999465942383,18.739999771118164,0.0,11315600
2018-09-20,18.016075134277344,18.850000381469727,0.0,18.989999771118164,18.520000457763672,18.520000457763672,0.0,13849900
2018-09-21,18.016075134277344,18.850000381469727,0.0,18.920000076293945,18.559999465942383,18.75,0.0,15210400
2018-09-24,18.044750213623047,18.8799991607666,0.0,18.889999389648438,18.520000457763672,18.65999984741211,0.0,8833700
2018-09-25,17.767578125,18.59000015258789,0.0,18.979999542236328,18.489999771118164,18.959999084472656,0.0,9255700
2018-09-26,17.6720027923584,18.489999771118164,0.0,18.719999313354492,18.350000381469727,18.520000457763672,0.0,9113700
2018-09-27,17.882272720336914,18.709999084472656,0.0,18.979999542236328,18.420000076293945,18.559999465942383,0.0,11470500
2018-09-28,18.446168899536133,19.299999237060547,0.0,19.309999465942383,18.639999389648438,18.65999984741211,0.0,14835100
2018-10-01,18.47492790222168,19.270000457763672,0.06,19.489999771118164,19.110000610351562,19.389999389648438,0.0,10931900
2018-10-02,18.599571228027344,19.399999618530273,0.0,19.639999389648438,19.18000030517578,19.209999084472656,0.0,12588300
2018-10-03,18.762554168701172,19.56999969482422,0.0,19.6200008392334,19.139999389648438,19.5,0.0,11297200
2018-10-04,18.48451805114746,19.280000686645508,0.0,19.649999618530273,19.149999618530273,19.450000762939453,0.0,9869100
2018-10-05,17.83257293701172,18.600000381469727,0.0,19.420000076293945,18.329999923706055,19.219999313354492,0.0,10235000
2018-10-08,17.5928897857666,18.350000381469727,0.0,18.6299991607666,18.079999923706055,18.5,0.0,11235100
2018-10-09,17.707937240600586,18.469999313354492,0.0,18.65999984741211,18.0,18.25,0.0,16556300
2018-10-10,16.662912368774414,17.3799991607666,0.0,18.200000762939453,17.3700008392334,18.149999618530273,0.0,15497700
2018-10-11,16.988880157470703,17.719999313354492,0.0,18.559999465942383,17.18000030517578,17.40999984741211,0.0,18097800
2018-10-12,17.26692008972168,18.010000228881836,0.0,18.459999084472656,17.829999923706055,18.389999389648438,0.0,13115700
2018-10-15,17.372379302978516,18.1200008392334,0.0,18.479999542236328,17.969999313354492,18.1299991607666,0.0,11876900
2018-10-16,18.0914363861084,18.8700008392334,0.0,19.1200008392334,18.290000915527344,18.34000015258789,0.0,20762500
2018-10-17,18.17771339416504,18.959999084472656,0.0,19.100000381469727,18.3799991607666,19.06999969482422,0.0,17449300
2018-10-18,17.34362030029297,18.09000015258789,0.0,18.8799991607666,17.969999313354492,18.770000457763672,0.0,10601000
2018-10-19,17.0272274017334,17.760000228881836,0.0,18.450000762939453,17.56999969482422,18.200000762939453,0.0,8421400
2018-10-22,17.257328033447266,18.0,0.0,18.079999923706055,17.40999984741211,17.90999984741211,0.0,11774400
2018-10-23,16.816312789916992,17.540000915527344,0.0,17.90999984741211,17.100000381469727,17.420000076293945,0.0,14312900
2018-10-24,15.857568740844727,16.540000915527344,0.0,17.290000915527344,16.530000686645508,17.200000762939453,0.0,12471900
2018-10-25,16.14518928527832,16.84000015258789,0.0,17.15999984741211,16.75,16.899999618530273,0.0,16522600
2018-10-26,15.033052444458008,15.680000305175781,0.0,16.15999984741211,15.34000015258789,16.149999618530273,0.0,19423700
2018-10-29,14.956352233886719,15.600000381469727,0.0,16.200000762939453,15.3100004196167,15.8100004196167,0.0,12271800
2018-10-30,15.464485168457031,16.1299991607666,0.0,16.139999389648438,15.479999542236328,15.5,0.0,13097200
2018-10-31,15.732933044433594,16.40999984741211,0.0,16.6299991607666,16.18000030517578,16.40999984741211,0.0,9367300
2018-11-01,16.854658126831055,17.579999923706055,0.0,17.65999984741211,16.440000534057617,16.440000534057617,0.0,14167300
2018-11-02,16.86424446105957,17.59000015258789,0.0,17.6299991607666,16.8700008392334,17.40999984741211,0.0,10297800
2018-11-05,16.432811737060547,17.139999389648438,0.0,17.549999237060547,16.969999313354492,17.440000534057617,0.0,6203900
2018-11-06,16.164369583129883,16.860000610351562,0.0,17.270000457763672,16.739999771118164,17.09000015258789,0.0,9408800
2018-11-07,16.183544158935547,16.8799991607666,0.0,17.049999237060547,16.559999465942383,17.020000457763672,0.0,8988000
2018-11-08,16.020553588867188,16.709999084472656,0.0,16.93000030517578,16.610000610351562,16.760000228881836,0.0,7662200
2018-11-09,15.713760375976562,16.389999389648438,0.0,16.520000457763672,16.18000030517578,16.5,0.0,8858400
2018-11-12,15.13851261138916,15.789999961853027,0.0,16.1299991607666,15.5600004196167,16.100000381469727,0.0,8908000
2018-11-13,15.071402549743652,15.720000267028809,0.0,16.149999618530273,15.619999885559082,15.8100004196167,0.0,12521400
2018-11-14,15.080988883972168,15.729999542236328,0.0,16.09000015258789,15.59000015258789,15.930000305175781,0.0,7704500
2018-11-15,15.435723304748535,16.100000381469727,0.0,16.3700008392334,15.569999694824219,15.569999694824219,0.0,12062400
2018-11-16,15.243974685668945,15.899999618530273,0.0,16.100000381469727,15.600000381469727,15.729999542236328,0.0,14017600
2018-11-19,14.56326675415039,15.1899995803833,0.0,15.899999618530273,15.140000343322754,15.869999885559082,0.0,9245100
2018-11-20,14.592035293579102,15.220000267028809,0.0,15.4399995803833,14.6899995803833,14.729999542236328,0.0,9055400
2018-11-21,15.023462295532227,15.670000076293945,0.0,15.789999961853027,15.390000343322754,15.520000457763672,0.0,5389300
2018-11-23,15.004289627075195,15.649999618530273,0.0,15.779999732971191,15.430000305175781,15.460000038146973,0.0,2519800
2018-11-26,15.320674896240234,15.979999542236328,0.0,16.0,15.630000114440918,15.829999923706055,0.0,11318000
2018-11-27,15.359025955200195,16.020000457763672,0.0,16.170000076293945,15.600000381469727,15.899999618530273,0.0,9742500
2018-11-28,15.435723304748535,16.100000381469727,0.0,16.190000534057617,15.699999809265137,16.09000015258789,0.0,8329300
2018-11-29,15.406959533691406,16.06999969482422,0.0,16.309999465942383,15.880000114440918,15.970000267028809,0.0,6814100
2018-11-30,15.4453125,16.110000610351562,0.0,16.15999984741211,15.800000190734863,15.989999771118164,0.0,10689500
2018-12-03,15.704169273376465,16.3799991607666,0.0,16.719999313354492,16.31999969482422,16.530000686645508,0.0,9410400
2018-12-04,14.860480308532715,15.5,0.0,16.360000610351562,15.470000267028809,16.280000686645508,0.0,16395600
2018-12-06,15.426133155822754,16.09000015258789,0.0,16.25,15.260000228881836,15.970000267028809,0.0,28043000
2018-12-07,14.80295467376709,15.4399995803833,0.0,16.079999923706055,15.319999694824219,15.930000305175781,0.0,10758100
2018-12-10,14.716669082641602,15.350000381469727,0.0,15.699999809265137,15.1899995803833,15.399999618530273,0.0,11796000
2018-12-11,14.668728828430176,15.300000190734863,0.0,15.75,15.25,15.640000343322754,0.0,7947700
2018-12-12,14.716669082641602,15.350000381469727,0.0,15.90999984741211,15.34000015258789,15.579999923706055,0.0,12820700
2018-12-13,15.004289627075195,15.649999618530273,0.0,16.0,15.380000114440918,15.920000076293945,0.0,20932200
2018-12-14,14.745429992675781,15.380000114440918,0.0,15.649999618530273,15.300000190734863,15.489999771118164,0.0,9006600
2018-12-17,14.620796203613281,15.25,0.0,15.5,15.100000381469727,15.289999961853027,0.0,8722800
2018-12-18,14.80295467376709,15.4399995803833,0.0,15.989999771118164,15.359999656677246,15.359999656677246,0.0,12562500
2018-12-19,14.151008605957031,14.760000228881836,0.0,15.760000228881836,14.720000267028809,15.359999656677246,0.0,13503300
2018-12-20,14.237297058105469,14.850000381469727,0.0,15.329999923706055,14.630000114440918,14.760000228881836,0.0,12849000
2018-12-21,14.275647163391113,14.890000343322754,0.0,15.180000305175781,14.710000038146973,14.989999771118164,0.0,13027300
2018-12-24,13.871347427368164,14.40999984741211,0.06,14.84000015258789,14.399999618530273,14.770000457763672,0.0,4340100
2018-12-26,14.891722679138184,15.470000267028809,0.0,15.479999542236328,14.34000015258789,14.579999923706055,0.0,9799900
2018-12-27,15.11312484741211,15.699999809265137,0.0,15.710000038146973,15.180000305175781,15.260000228881836,0.0,8725300
2018-12-28,15.064995765686035,15.649999618530273,0.0,15.9399995803833,15.59000015258789,15.789999961853027,0.0,6691700
2018-12-31,15.584811210632324,16.190000534057617,0.0,16.219999313354492,15.829999923706055,15.880000114440918,0.0,12795700
2019-01-02,15.883220672607422,16.5,0.0,16.760000228881836,15.8100004196167,15.899999618530273,0.0,18511500
2019-01-03,15.180509567260742,15.770000457763672,0.0,16.389999389648438,15.699999809265137,16.139999389648438,0.0,13107600
2019-01-04,15.63294506072998,16.239999771118164,0.0,16.3799991607666,15.989999771118164,16.1299991607666,0.0,13825100
2019-01-07,15.989105224609375,16.610000610351562,0.0,16.700000762939453,16.25,16.270000457763672,0.0,8462900
2019-01-08,16.066116333007812,16.690000534057617,0.0,16.889999389648438,16.43000030517578,16.809999465942383,0.0,10637000
2019-01-09,16.4511661529541,17.09000015258789,0.0,17.110000610351562,16.739999771118164,16.809999465942383,0.0,7767500
2019-01-10,16.470413208007812,17.110000610351562,0.0,17.200000762939453,16.790000915527344,16.979999542236328,0.0,10672900
2019-01-11,16.682191848754883,17.329999923706055,0.0,17.479999542236328,16.950000762939453,17.010000228881836,0.0,15121300
2019-01-14,16.40304183959961,17.040000915527344,0.0,17.25,16.969999313354492,17.1299991607666,0.0,6910700
2019-01-15,16.210512161254883,16.84000015258789,0.0,17.270000457763672,16.790000915527344,17.049999237060547,0.0,10151300
2019-01-16,16.01799201965332,16.639999389648438,0.0,16.989999771118164,16.6299991607666,16.84000015258789,0.0,8583200
2019-01-17,15.902474403381348,16.520000457763672,0.0,16.600000381469727,16.329999923706055,16.520000457763672,0.0,12741300
2019-01-18,16.249021530151367,16.8799991607666,0.0,17.25,16.530000686645508,16.68000030517578,0.0,18502300
2019-01-22,16.037240982055664,16.65999984741211,0.0,16.81999969482422,16.399999618530273,16.760000228881836,0.0,10433100
2019-01-23,16.056495666503906,16.68000030517578,0.0,16.950000762939453,16.540000915527344,16.729999542236328,0.0,10392100
2019-01-24,16.845840454101562,17.5,0.0,17.860000610351562,16.969999313354492,17.0,0.0,20010200
2019-01-25,17.875844955444336,18.56999969482422,0.0,18.860000610351562,17.770000457763672,17.81999969482422,0.0,29605000
2019-01-28,17.673694610595703,18.360000610351562,0.0,18.56999969482422,17.799999237060547,17.940000534057617,0.0,12975800
2019-01-29,17.452287673950195,18.1299991607666,0.0,18.479999542236328,17.899999618530273,18.420000076293945,0.0,10201200
2019-01-30,17.683320999145508,18.3700008392334,0.0,18.479999542236328,18.15999984741211,18.440000534057617,0.0,9679400
2019-01-31,17.837339401245117,18.530000686645508,0.0,18.709999084472656,18.15999984741211,18.299999237060547,0.0,11476900
2019-02-01,17.72182273864746,18.40999984741211,0.0,18.670000076293945,18.290000915527344,18.549999237060547,0.0,7979800
2019-02-04,17.875844955444336,18.56999969482422,0.0,18.6299991607666,18.25,18.459999084472656,0.0,5047700
2019-02-05,17.962478637695312,18.65999984741211,0.0,18.719999313354492,18.290000915527344,18.389999389648438,0.0,7971900
2019-02-06,18.328277587890625,19.040000915527344,0.0,19.170000076293945,18.850000381469727,18.899999618530273,0.0,18243700
2019-02-07,17.64481544494629,18.329999923706055,0.0,18.489999771118164,17.950000762939453,17.979999542236328,0.0,21169900
2019-02-08,17.70256805419922,18.389999389648438,0.0,18.450000762939453,17.979999542236328,18.030000686645508,0.0,7981400
2019-02-11,18.337902069091797,19.049999237060547,0.0,19.059999465942383,18.360000610351562,18.479999542236328,0.0,9159200
2019-02-12,18.674821853637695,19.399999618530273,0.0,19.559999465942383,19.229999542236328,19.299999237060547,0.0,16531300
2019-02-13,18.568933486938477,19.290000915527344,0.0,19.709999084472656,19.239999771118164,19.530000686645508,0.0,11681900
2019-02-14,18.472671508789062,19.190000534057617,0.0,19.420000076293945,19.139999389648438,19.200000762939453,0.0,9543200
2019-02-15,18.126131057739258,18.829999923706055,0.0,19.3700008392334,18.760000228881836,19.3700008392334,0.0,12616000
2019-02-19,18.58818244934082,19.309999465942383,0.0,19.440000534057617,18.920000076293945,19.049999237060547,0.0,12043700
2019-02-20,19.059864044189453,19.799999237060547,0.0,19.93000030517578,19.270000457763672,19.31999969482422,0.0,12252200
2019-02-21,18.876968383789062,19.610000610351562,0.0,19.799999237060547,19.510000228881836,19.719999313354492,0.0,6174200
2019-02-22,18.91546630859375,19.649999618530273,0.0,19.889999389648438,19.559999465942383,19.75,0.0,7373500
2019-02-25,18.96360206604004,19.700000762939453,0.0,20.049999237060547,19.68000030517578,20.0,0.0,10597700
2019-02-26,19.136873245239258,19.8799991607666,0.0,19.950000762939453,19.56999969482422,19.639999389648438,0.0,11545200
2019-02-27,18.973230361938477,19.709999084472656,0.0,19.860000610351562,19.56999969482422,19.770000457763672,0.0,6274200
2019-02-28,19.204256057739258,19.950000762939453,0.0,20.280000686645508,19.56999969482422,19.579999923706055,0.0,12913900
2019-03-01,19.281269073486328,20.030000686645508,0.0,20.18000030517578,19.610000610351562,20.09000015258789,0.0,10151900
2019-03-04,19.387157440185547,20.139999389648438,0.0,20.3700008392334,19.84000015258789,20.18000030517578,0.0,11137000
2019-03-05,19.300521850585938,20.049999237060547,0.0,20.219999313354492,19.950000762939453,20.059999465942383,0.0,7351500
2019-03-06,18.86734390258789,19.600000381469727,0.0,20.110000610351562,19.600000381469727,20.049999237060547,0.0,10403300
2019-03-07,18.453420639038086,19.170000076293945,0.0,19.559999465942383,19.06999969482422,19.540000915527344,0.0,22402700
2019-03-08,17.981733322143555,18.68000030517578,0.0,18.81999969482422,18.079999923706055,18.649999618530273,0.0,21587800
2019-03-11,18.655563354492188,19.3799991607666,0.0,19.479999542236328,18.799999237060547,18.799999237060547,0.0,12695200
2019-03-12,19.050241470336914,19.790000915527344,0.0,19.979999542236328,19.329999923706055,19.440000534057617,0.0,13464300
2019-03-13,18.953977584838867,19.690000534057617,0.0,19.979999542236328,19.6299991607666,19.8799991607666,0.0,7603800
2019-03-14,18.684450149536133,19.40999984741211,0.0,19.809999465942383,19.360000610351562,19.65999984741211,0.0,5413100
2019-03-15,19.387157440185547,20.139999389648438,0.0,20.170000076293945,19.549999237060547,19.6299991607666,0.0,17341700
2019-03-18,19.204256057739258,19.950000762939453,0.0,20.149999618530273,19.670000076293945,20.09000015258789,0.0,7853100
2019-03-19,19.473791122436523,20.229999542236328,0.0,20.43000030517578,20.010000228881836,20.040000915527344,0.0,9277900
2019-03-20,19.26201629638672,20.010000228881836,0.0,20.350000381469727,19.969999313354492,20.209999084472656,0.0,8250300
2019-03-21,20.01286506652832,20.790000915527344,0.0,20.979999542236328,20.0,20.059999465942383,0.0,12587900
2019-03-22,18.973230361938477,19.709999084472656,0.0,20.690000534057617,19.649999618530273,20.600000381469727,0.0,11485100
2019-03-25,18.992477416992188,19.729999542236328,0.0,19.8799991607666,19.40999984741211,19.6200008392334,0.0,6611100
2019-03-26,18.953977584838867,19.690000534057617,0.0,20.110000610351562,19.510000228881836,19.920000076293945,0.0,6956900
2019-03-27,19.079118728637695,19.81999969482422,0.0,20.09000015258789,19.649999618530273,19.979999542236328,0.0,11039200
2019-03-28,18.69406509399414,19.420000076293945,0.0,20.06999969482422,19.389999389648438,19.920000076293945,0.0,12323400
2019-03-29,19.146503448486328,19.889999389648438,0.0,19.989999771118164,19.579999923706055,19.59000015258789,0.0,16222400
2019-04-01,19.4930477142334,20.25,0.0,20.309999465942383,20.010000228881836,20.1200008392334,0.0,10548700
2019-04-02,19.4833927154541,20.18000030517578,0.06,20.290000915527344,19.950000762939453,20.139999389648438,0.0,10597700
2019-04-03,19.9178524017334,20.6299991607666,0.0,20.8799991607666,20.389999389648438,20.479999542236328,0.0,18321300
2019-04-04,20.246122360229492,20.969999313354492,0.0,21.09000015258789,20.549999237060547,20.59000015258789,0.0,18746700
2019-04-05,20.564727783203125,21.299999237060547,0.0,21.360000610351562,20.809999465942383,20.989999771118164,0.0,15739600
2019-04-08,20.69989585876465,21.440000534057617,0.0,21.510000228881836,21.100000381469727,21.139999389648438,0.0,12445200
2019-04-09,20.960569381713867,21.709999084472656,0.0,21.719999313354492,21.270000457763672,21.31999969482422,0.0,14212700
2019-04-10,21.568828582763672,22.34000015258789,0.0,22.3799991607666,21.600000381469727,21.719999313354492,0.0,23482000
2019-04-11,21.85847282409668,22.639999389648438,0.0,22.639999389648438,22.09000015258789,22.350000381469727,0.0,13546000
2019-04-12,22.920494079589844,23.739999771118164,0.0,23.93000030517578,22.899999618530273,22.969999313354492,0.0,27099500
2019-04-15,22.891529083251953,23.709999084472656,0.0,24.110000610351562,23.540000915527344,23.84000015258789,0.0,22394000
2019-04-16,23.181177139282227,24.010000228881836,0.0,24.190000534057617,23.68000030517578,23.829999923706055,0.0,19847800
2019-04-17,24.011493682861328,24.8700008392334,0.0,25.40999984741211,24.350000381469727,24.450000762939453,0.0,25140300
2019-04-18,23.992177963256836,24.850000381469727,0.0,25.239999771118164,24.770000457763672,24.90999984741211,0.0,14936700
2019-04-22,23.98252296447754,24.84000015258789,0.0,24.979999542236328,24.520000457763672,24.700000762939453,0.0,9349400
2019-04-23,24.252859115600586,25.1200008392334,0.0,25.200000762939453,24.75,24.850000381469727,0.0,11051200
2019-04-24,24.590776443481445,25.469999313354492,0.0,25.739999771118164,25.25,25.31999969482422,0.0,15549900
2019-04-25,24.523195266723633,25.399999618530273,0.0,25.530000686645508,25.020000457763672,25.420000076293945,0.0,13981700
2019-04-26,24.19493293762207,25.059999465942383,0.0,25.1299991607666,24.75,24.889999389648438,0.0,18043000
2019-04-29,24.272171020507812,25.139999389648438,0.0,25.350000381469727,24.799999237060547,25.049999237060547,0.0,9213800
2019-04-30,24.156320571899414,25.020000457763672,0.0,25.329999923706055,24.860000610351562,25.020000457763672,0.0,16850200
2019-05-01,23.828054428100586,24.68000030517578,0.0,25.329999923706055,24.65999984741211,25.15999984741211,0.0,9213600
2019-05-02,23.85701560974121,24.709999084472656,0.0,24.989999771118164,24.450000762939453,24.639999389648438,0.0,8839100
2019-05-03,23.837709426879883,24.690000534057617,0.0,24.920000076293945,24.40999984741211,24.809999465942383,0.0,8489100
2019-05-06,23.58668327331543,24.43000030517578,0.0,24.489999771118164,23.549999237060547,23.6299991607666,0.0,8585500
2019-05-07,23.026702880859375,23.850000381469727,0.0,24.3799991607666,23.479999542236328,24.200000762939453,0.0,14175000
2019-05-08,23.036357879638672,23.860000610351562,0.0,24.1299991607666,23.670000076293945,23.709999084472656,0.0,7784400
2019-05-09,22.592235565185547,23.399999618530273,0.0,23.559999465942383,22.84000015258789,23.559999465942383,0.0,9471000
2019-05-10,22.698442459106445,23.510000228881836,0.0,23.700000762939453,22.920000076293945,23.360000610351562,0.0,7448600
2019-05-13,21.375732421875,22.139999389648438,0.0,22.979999542236328,22.030000686645508,22.920000076293945,0.0,14438800
2019-05-14,22.09984016418457,22.889999389648438,0.0,22.959999084472656,22.31999969482422,22.489999771118164,0.0,10021200
2019-05-15,22.30259132385254,23.100000381469727,0.0,23.260000228881836,22.450000762939453,22.5,0.0,7282300
2019-05-16,22.30259132385254,23.100000381469727,0.0,23.280000686645508,22.350000381469727,22.610000610351562,0.0,9764700
2019-05-17,21.839162826538086,22.6200008392334,0.0,23.459999084472656,22.520000457763672,22.610000610351562,0.0,11575700
2019-05-20,20.98953628540039,21.739999771118164,0.0,22.329999923706055,21.56999969482422,22.059999465942383,0.0,17319300
2019-05-21,21.626754760742188,22.399999618530273,0.0,22.6200008392334,21.93000030517578,22.31999969482422,0.0,15333800
2019-05-22,21.819847106933594,22.600000381469727,0.0,22.6299991607666,22.020000457763672,22.1200008392334,0.0,10739400
2019-05-23,21.356420516967773,22.1200008392334,0.0,22.329999923706055,21.770000457763672,22.280000686645508,0.0,9991500
2019-05-24,21.163328170776367,21.920000076293945,0.0,22.40999984741211,21.90999984741211,22.200000762939453,0.0,4942700
2019-05-28,20.60334587097168,21.34000015258789,0.0,22.079999923706055,21.299999237060547,21.950000762939453,0.0,12785400
2019-05-29,21.25987434387207,22.020000457763672,0.0,22.209999084472656,21.530000686645508,22.020000457763672,0.0,14232200
2019-05-30,21.42400550842285,22.190000534057617,0.0,22.68000030517578,22.06999969482422,22.100000381469727,0.0,12816600
2019-05-31,21.530208587646484,22.299999237060547,0.0,22.639999389648438,21.790000915527344,22.260000228881836,0.0,19941300
2019-06-03,21.578481674194336,22.350000381469727,0.0,22.850000381469727,22.219999313354492,22.290000915527344,0.0,10711000
2019-06-04,22.611553192138672,23.420000076293945,0.0,23.459999084472656,22.489999771118164,22.700000762939453,0.0,15107700
2019-06-05,22.370176315307617,23.170000076293945,0.0,23.899999618530273,22.850000381469727,23.579999923706055,0.0,10973900
2019-06-06,22.872222900390625,23.690000534057617,0.0,23.739999771118164,23.06999969482422,23.290000915527344,0.0,8467200
2019-06-07,23.219797134399414,24.049999237060547,0.0,24.18000030517578,23.559999465942383,23.850000381469727,0.0,12180400
2019-06-10,23.605998992919922,24.450000762939453,0.0,24.850000381469727,24.139999389648438,24.170000076293945,0.0,14926700
2019-06-11,23.81839942932129,24.670000076293945,0.0,25.06999969482422,24.329999923706055,24.90999984741211,0.0,11312700
2019-06-12,23.229455947875977,24.059999465942383,0.0,24.559999465942383,23.899999618530273,24.479999542236328,0.0,7899700
2019-06-13,23.422550201416016,24.260000228881836,0.0,24.469999313354492,24.18000030517578,24.389999389648438,0.0,8078600
2019-06-14,23.007389068603516,23.829999923706055,0.0,24.0,23.43000030517578,23.6200008392334,0.0,5691300
2019-06-17,22.901187896728516,23.719999313354492,0.0,24.020000457763672,23.6299991607666,23.770000457763672,0.0,5066400
2019-06-18,23.702537536621094,24.549999237060547,0.0,24.600000381469727,23.920000076293945,23.969999313354492,0.0,8869000
2019-06-19,23.470823287963867,24.309999465942383,0.0,24.690000534057617,24.239999771118164,24.549999237060547,0.0,5964200
2019-06-20,23.28738021850586,24.1200008392334,0.0,24.920000076293945,24.040000915527344,24.8700008392334,0.0,8621500
2019-06-21,23.142562866210938,23.969999313354492,0.0,24.139999389648438,23.729999542236328,24.0,0.0,11021400
2019-06-24,22.959117889404297,23.780000686645508,0.0,24.139999389648438,23.75,23.920000076293945,0.0,6229800
2019-06-25,22.60188865661621,23.40999984741211,0.0,23.989999771118164,23.399999618530273,23.780000686645508,0.0,6013700
2019-06-26,22.891529083251953,23.709999084472656,0.0,24.200000762939453,23.670000076293945,23.81999969482422,0.0,10674000
2019-06-27,23.06531524658203,23.889999389648438,0.0,24.350000381469727,23.81999969482422,23.979999542236328,0.0,6706200
2019-06-28,23.046005249023438,23.8700008392334,0.0,24.239999771118164,23.75,24.1299991607666,0.0,14472400
2019-07-01,23.432207107543945,24.270000457763672,0.0,24.979999542236328,24.0,24.940000534057617,0.0,14277800
2019-07-02,23.200485229492188,24.030000686645508,0.0,24.239999771118164,23.940000534057617,24.229999542236328,0.0,6300500
2019-07-03,23.72184944152832,24.56999969482422,0.0,24.649999618530273,24.1200008392334,24.450000762939453,0.0,7971000
2019-07-05,23.46116828918457,24.299999237060547,0.0,24.530000686645508,24.049999237060547,24.459999084472656,0.0,5074000
2019-07-08,23.306692123413086,24.139999389648438,0.0,24.25,23.889999389648438,24.049999237060547,0.0,4879600
2019-07-09,23.71219253540039,24.559999465942383,0.0,24.670000076293945,24.0,24.010000228881836,0.0,6013300
2019-07-10,24.233549118041992,25.100000381469727,0.0,25.290000915527344,24.75,24.8700008392334,0.0,7479500
2019-07-11,24.088382720947266,24.889999389648438,0.06,25.149999618530273,24.709999084472656,25.110000610351562,0.0,6004300
2019-07-12,24.58196258544922,25.399999618530273,0.0,25.40999984741211,24.920000076293945,24.989999771118164,0.0,5473500
2019-07-15,25.17231559753418,26.010000228881836,0.0,26.18000030517578,25.549999237060547,25.549999237060547,0.0,9393100
2019-07-16,24.901330947875977,25.729999542236328,0.0,26.139999389648438,25.59000015258789,25.989999771118164,0.0,6720000
2019-07-17,25.259414672851562,26.100000381469727,0.0,26.280000686645508,25.690000534057617,26.010000228881836,0.0,10488500
2019-07-18,25.540071487426758,26.389999389648438,0.0,26.649999618530273,26.049999237060547,26.09000015258789,0.0,9968900
2019-07-19,25.085214614868164,25.920000076293945,0.0,26.610000610351562,25.850000381469727,26.600000381469727,0.0,7402000
2019-07-22,25.01746940612793,25.850000381469727,0.0,26.030000686645508,25.540000915527344,25.600000381469727,0.0,7107900
2019-07-23,25.646530151367188,26.5,0.0,26.520000457763672,25.979999542236328,26.09000015258789,0.0,6782400
2019-07-24,26.294944763183594,27.170000076293945,0.0,27.280000686645508,26.40999984741211,26.5,0.0,15198100
2019-07-25,26.333662033081055,27.209999084472656,0.0,27.389999389648438,26.799999237060547,26.950000762939453,0.0,15639200
2019-07-26,26.449798583984375,27.329999923706055,0.0,27.639999389648438,27.260000228881836,27.450000762939453,0.0,7531500
2019-07-29,26.401409149169922,27.280000686645508,0.0,27.40999984741211,27.010000228881836,27.329999923706055,0.0,4842600
2019-07-30,26.004619598388672,26.8700008392334,0.0,27.079999923706055,26.68000030517578,27.0,0.0,7175400
2019-07-31,25.414257049560547,26.260000228881836,0.0,27.010000228881836,26.010000228881836,26.899999618530273,0.0,9769100
2019-08-01,24.823904037475586,25.649999618530273,0.0,26.790000915527344,25.290000915527344,26.360000610351562,0.0,11023000
2019-08-02,24.223878860473633,25.030000686645508,0.0,25.450000762939453,24.889999389648438,25.18000030517578,0.0,8322000
2019-08-05,23.178661346435547,23.950000762939453,0.0,24.5,23.690000534057617,24.440000534057617,0.0,10797900
2019-08-06,23.48835563659668,24.270000457763672,0.0,24.729999542236328,24.059999465942383,24.450000762939453,0.0,10110300
2019-08-07,23.90450668334961,24.700000762939453,0.0,24.809999465942383,23.959999084472656,24.020000457763672,0.0,10635900
2019-08-08,24.543249130249023,25.360000610351562,0.0,25.3700008392334,24.690000534057617,25.020000457763672,0.0,9301900
2019-08-09,23.92385482788086,24.719999313354492,0.0,25.280000686645508,24.709999084472656,25.06999969482422,0.0,7308600
2019-08-12,23.149627685546875,23.920000076293945,0.0,24.84000015258789,23.809999465942383,24.59000015258789,0.0,10196000
2019-08-13,24.330331802368164,25.139999389648438,0.0,25.350000381469727,23.790000915527344,23.8799991607666,0.0,11852600
2019-08-14,23.90450668334961,24.700000762939453,0.0,24.850000381469727,24.280000686645508,24.479999542236328,0.0,5921800
2019-08-15,23.30447006225586,24.079999923706055,0.0,25.030000686645508,24.020000457763672,24.950000762939453,0.0,8571000
2019-08-16,24.136775970458984,24.940000534057617,0.0,25.1299991607666,24.420000076293945,24.450000762939453,0.0,5817500
2019-08-19,24.359365463256836,25.170000076293945,0.0,25.690000534057617,25.1299991607666,25.579999923706055,0.0,4654800
2019-08-20,24.117416381835938,24.920000076293945,0.0,25.209999084472656,24.889999389648438,25.170000076293945,0.0,3621400
2019-08-21,24.0206356048584,24.81999969482422,0.0,25.25,24.700000762939453,25.200000762939453,0.0,9520100
2019-08-22,24.001279830932617,24.799999237060547,0.0,25.110000610351562,24.610000610351562,25.059999465942383,0.0,6231600
2019-08-23,23.014131546020508,23.780000686645508,0.0,24.950000762939453,23.6299991607666,24.549999237060547,0.0,8097000
2019-08-26,22.83992576599121,23.600000381469727,0.0,24.170000076293945,23.520000457763672,23.989999771118164,0.0,7864800
2019-08-27,22.75282859802246,23.510000228881836,0.0,23.940000534057617,23.18000030517578,23.940000534057617,0.0,9612200
2019-08-28,22.820573806762695,23.579999923706055,0.0,23.6299991607666,23.219999313354492,23.459999084472656,0.0,7777800
2019-08-29,23.420608520507812,24.200000762939453,0.0,24.530000686645508,23.920000076293945,24.030000686645508,0.0,9722300
2019-08-30,23.19801139831543,23.969999313354492,0.0,24.8700008392334,23.549999237060547,24.100000381469727,0.0,16596400
2019-09-03,22.539915084838867,23.290000915527344,0.0,23.84000015258789,23.219999313354492,23.670000076293945,0.0,10935700
2019-09-04,23.256080627441406,24.030000686645508,0.0,24.1299991607666,23.530000686645508,23.530000686645508,0.0,9810400
2019-09-05,24.06903076171875,24.8700008392334,0.0,25.059999465942383,24.520000457763672,24.520000457763672,0.0,9064300
2019-09-06,24.059345245361328,24.860000610351562,0.0,25.059999465942383,24.639999389648438,24.979999542236328,0.0,7003900
2019-09-09,24.194835662841797,25.0,0.0,25.18000030517578,24.760000228881836,24.989999771118164,0.0,6396700
2019-09-10,24.010961532592773,24.809999465942383,0.0,25.010000228881836,24.520000457763672,25.010000228881836,0.0,6631100
2019-09-11,25.152956008911133,25.989999771118164,0.0,26.100000381469727,24.860000610351562,24.940000534057617,0.0,8264000
2019-09-12,25.13360023498535,25.969999313354492,0.0,26.530000686645508,25.8799991607666,26.15999984741211,0.0,8367300
2019-09-13,25.02714729309082,25.860000610351562,0.0,26.100000381469727,25.829999923706055,26.010000228881836,0.0,4544200
2019-09-16,24.58196258544922,25.399999618530273,0.0,25.75,25.31999969482422,25.739999771118164,0.0,7503800
2019-09-17,25.01746940612793,25.850000381469727,0.0,25.889999389648438,25.190000534057617,25.25,0.0,6973200
2019-09-18,24.794876098632812,25.6200008392334,0.0,25.950000762939453,25.280000686645508,25.93000030517578,0.0,6205300
2019-09-19,24.785194396972656,25.610000610351562,0.0,25.979999542236328,25.549999237060547,25.709999084472656,0.0,5126800
2019-09-20,24.039995193481445,24.84000015258789,0.0,25.709999084472656,24.719999313354492,25.639999389648438,0.0,11175500
2019-09-23,24.233552932739258,25.040000915527344,0.0,25.25,24.790000915527344,24.809999465942383,0.0,5793300
2019-09-24,23.527061462402344,24.309999465942383,0.0,25.260000228881836,24.139999389648438,25.200000762939453,0.0,8556500
2019-09-25,24.117416381835938,24.920000076293945,0.0,24.989999771118164,24.18000030517578,24.3700008392334,0.0,8411400
2019-09-26,24.18515968322754,24.989999771118164,0.0,25.1299991607666,24.549999237060547,24.93000030517578,0.0,5347900
2019-09-27,23.96257209777832,24.760000228881836,0.0,25.209999084472656,24.520000457763672,24.8799991607666,0.0,4192100
2019-09-30,24.165809631347656,24.969999313354492,0.0,25.010000228881836,24.59000015258789,24.979999542236328,0.0,5087700
2019-10-01,23.22704315185547,24.0,0.0,25.270000457763672,23.81999969482422,25.149999618530273,0.0,10818000
2019-10-02,23.217370986938477,23.989999771118164,0.0,24.110000610351562,23.510000228881836,23.75,0.0,8551600
2019-10-03,23.13994789123535,23.90999984741211,0.0,24.25,23.690000534057617,24.030000686645508,0.0,11445800
2019-10-04,23.652875900268555,24.440000534057617,0.0,24.5,24.170000076293945,24.459999084472656,0.0,7506900
2019-10-07,23.730300903320312,24.520000457763672,0.0,24.75,24.399999618530273,24.399999618530273,0.0,6130700
2019-10-08,22.210861206054688,22.950000762939453,0.0,24.290000915527344,22.940000534057617,24.190000534057617,0.0,11466400
2019-10-09,22.60869598388672,23.299999237060547,0.06,23.6200008392334,23.059999465942383,23.229999542236328,0.0,5273400
2019-10-10,22.5989990234375,23.290000915527344,0.0,23.709999084472656,23.1200008392334,23.3799991607666,0.0,6683100
2019-10-11,23.32674217224121,24.040000915527344,0.0,24.299999237060547,23.739999771118164,23.760000228881836,0.0,6753000
2019-10-14,23.336448669433594,24.049999237060547,0.0,24.09000015258789,23.770000457763672,24.0,0.0,3563000
2019-10-15,23.676063537597656,24.399999618530273,0.0,24.579999923706055,24.06999969482422,24.219999313354492,0.0,3711200
2019-10-16,23.074453353881836,23.780000686645508,0.0,24.440000534057617,23.760000228881836,24.299999237060547,0.0,4189500
2019-10-17,22.928909301757812,23.6299991607666,0.0,24.190000534057617,23.56999969482422,24.100000381469727,0.0,6905700
2019-10-18,22.9774227142334,23.68000030517578,0.0,23.729999542236328,23.209999084472656,23.579999923706055,0.0,5877200
2019-10-21,23.307334899902344,24.020000457763672,0.0,24.079999923706055,23.709999084472656,24.0,0.0,3657000
2019-10-22,23.384967803955078,24.100000381469727,0.0,24.18000030517578,23.799999237060547,24.1299991607666,0.0,7211500
2019-10-23,22.647510528564453,23.34000015258789,0.0,23.93000030517578,23.299999237060547,23.81999969482422,0.0,5883000
2019-10-24,23.676063537597656,24.399999618530273,0.0,24.440000534057617,23.729999542236328,23.760000228881836,0.0,8473700
2019-10-25,24.015682220458984,24.75,0.0,24.959999084472656,24.329999923706055,24.5,0.0,5645600
2019-10-28,24.40380859375,25.149999618530273,0.0,25.290000915527344,25.020000457763672,25.190000534057617,0.0,4754800
2019-10-29,23.97686195373535,24.709999084472656,0.0,25.34000015258789,24.65999984741211,25.1200008392334,0.0,4758700
2019-10-30,23.676063537597656,24.399999618530273,0.0,24.8799991607666,24.25,24.729999542236328,0.0,4731100
2019-10-31,23.66636085510254,24.389999389648438,0.0,24.5,23.90999984741211,24.399999618530273,0.0,4440300
2019-11-01,24.39410972595215,25.139999389648438,0.0,25.350000381469727,24.3799991607666,24.549999237060547,0.0,6331800
2019-11-04,26.004859924316406,26.799999237060547,0.0,26.81999969482422,25.920000076293945,26.329999923706055,0.0,10065600
2019-11-05,26.237741470336914,27.040000915527344,0.0,27.469999313354492,26.809999465942383,26.989999771118164,0.0,8704800
2019-11-06,25.86900520324707,26.65999984741211,0.0,27.049999237060547,26.450000762939453,26.959999084472656,0.0,4833900
2019-11-07,26.082483291625977,26.8799991607666,0.0,27.18000030517578,26.729999542236328,27.079999923706055,0.0,4166400
2019-11-08,26.266843795776367,27.06999969482422,0.0,27.149999618530273,26.549999237060547,27.100000381469727,0.0,6350800
2019-11-11,26.150405883789062,26.950000762939453,0.0,27.100000381469727,26.729999542236328,27.0,0.0,3843400
2019-11-12,27.237173080444336,28.06999969482422,0.0,28.3799991607666,27.25,27.270000457763672,0.0,15682300
2019-11-13,27.275989532470703,28.110000610351562,0.0,28.3700008392334,27.6299991607666,27.780000686645508,0.0,8647400
2019-11-14,26.18921661376953,26.989999771118164,0.0,27.68000030517578,26.690000534057617,27.68000030517578,0.0,13231600
2019-11-15,26.06307029724121,26.860000610351562,0.0,27.440000534057617,26.81999969482422,27.360000610351562,0.0,7504200
2019-11-18,25.345027923583984,26.1200008392334,0.0,26.969999313354492,26.09000015258789,26.899999618530273,0.0,10848000
2019-11-19,25.577911376953125,26.360000610351562,0.0,26.489999771118164,25.760000228881836,26.149999618530273,0.0,7040200
2019-11-20,25.60701560974121,26.389999389648438,0.0,26.700000762939453,25.920000076293945,26.190000534057617,0.0,5500700
2019-11-21,25.36444091796875,26.139999389648438,0.0,26.530000686645508,25.989999771118164,26.229999542236328,0.0,4586800
2019-11-22,25.218891143798828,25.989999771118164,0.0,26.399999618530273,25.920000076293945,26.299999237060547,0.0,3543800
2019-11-25,25.888418197631836,26.68000030517578,0.0,26.8799991607666,26.18000030517578,26.280000686645508,0.0,6137900
2019-11-26,25.723461151123047,26.510000228881836,0.0,26.65999984741211,26.170000076293945,26.56999969482422,0.0,9175100
2019-11-27,25.888418197631836,26.68000030517578,0.0,26.8799991607666,26.6200008392334,26.68000030517578,0.0,3655500
2019-11-29,25.587615966796875,26.3700008392334,0.0,26.670000076293945,26.329999923706055,26.670000076293945,0.0,3318800
2019-12-02,25.044225692749023,25.809999465942383,0.0,26.450000762939453,25.780000686645508,26.440000534057617,0.0,7099500
2019-12-03,24.413515090942383,25.15999984741211,0.0,25.3799991607666,24.520000457763672,24.940000534057617,0.0,11868000
2019-12-04,23.210308074951172,23.920000076293945,0.0,24.889999389648438,23.700000762939453,24.649999618530273,0.0,26761300
2019-12-05,22.754247665405273,23.450000762939453,0.0,24.200000762939453,23.389999389648438,24.030000686645508,0.0,11018900
2019-12-06,23.452884674072266,24.170000076293945,0.0,24.3700008392334,23.700000762939453,23.90999984741211,0.0,10506200
2019-12-09,22.822172164916992,23.520000457763672,0.0,24.110000610351562,23.459999084472656,24.040000915527344,0.0,8961900
2019-12-10,22.9774227142334,23.68000030517578,0.0,24.09000015258789,23.56999969482422,23.729999542236328,0.0,8198700
2019-12-11,24.044788360595703,24.780000686645508,0.0,24.850000381469727,23.8799991607666,24.0,0.0,11807400
2019-12-12,24.869565963745117,25.6299991607666,0.0,25.75,24.84000015258789,24.84000015258789,0.0,12093800
2019-12-13,24.956899642944336,25.719999313354492,0.0,26.389999389648438,25.56999969482422,25.719999313354492,0.0,11553900
2019-12-16,25.16067123413086,25.93000030517578,0.0,26.239999771118164,25.75,26.1299991607666,0.0,7850500
2019-12-17,25.005416870117188,25.770000457763672,0.0,26.1299991607666,25.610000610351562,26.1299991607666,0.0,7206500
2019-12-18,24.82105255126953,25.579999923706055,0.0,25.950000762939453,25.489999771118164,25.8700008392334,0.0,7694000
2019-12-19,25.27710723876953,26.049999237060547,0.0,26.100000381469727,25.649999618530273,25.700000762939453,0.0,7764600
2019-12-20,25.189775466918945,25.959999084472656,0.0,26.25,25.75,26.219999313354492,0.0,8702700
2019-12-23,25.71375846862793,26.5,0.0,26.690000534057617,26.079999923706055,26.079999923706055,0.0,6327500
2019-12-24,25.82073402404785,26.549999237060547,0.06,26.610000610351562,26.260000228881836,26.600000381469727,0.0,3475700
2019-12-26,26.19029998779297,26.93000030517578,0.0,26.950000762939453,26.510000228881836,26.600000381469727,0.0,4382900
2019-12-27,25.956893920898438,26.690000534057617,0.0,27.100000381469727,26.6299991607666,27.030000686645508,0.0,5141400
2019-12-30,25.684581756591797,26.40999984741211,0.0,26.68000030517578,26.149999618530273,26.600000381469727,0.0,5835100
2019-12-31,25.83045768737793,26.559999465942383,0.0,26.6200008392334,26.239999771118164,26.290000915527344,0.0,3870700
2020-01-02,26.627933502197266,27.3799991607666,0.0,27.389999389648438,26.81999969482422,27.0,0.0,6503200
2020-01-03,25.93743324279785,26.670000076293945,0.0,27.059999465942383,26.469999313354492,26.610000610351562,0.0,9732300
2020-01-06,24.97463035583496,25.68000030517578,0.0,26.299999237060547,25.59000015258789,26.290000915527344,0.0,10432100
2020-01-07,25.52897834777832,26.25,0.0,26.389999389648438,25.790000915527344,25.8700008392334,0.0,7493800
2020-01-08,25.334463119506836,26.049999237060547,0.0,26.43000030517578,25.90999984741211,26.239999771118164,0.0,7860800
2020-01-09,25.38309669494629,26.100000381469727,0.0,26.469999313354492,25.8700008392334,26.469999313354492,0.0,8521300
2020-01-10,25.772106170654297,26.5,0.0,26.600000381469727,26.040000915527344,26.200000762939453,0.0,7200900
2020-01-13,26.764089584350586,27.520000457763672,0.0,27.540000915527344,26.649999618530273,26.729999542236328,0.0,11619100
2020-01-14,26.75436782836914,27.510000228881836,0.0,27.920000076293945,27.309999465942383,27.610000610351562,0.0,11438200
2020-01-15,25.986068725585938,26.719999313354492,0.0,27.389999389648438,26.6200008392334,27.350000381469727,0.0,11387900
2020-01-16,27.47403907775879,28.25,0.0,28.360000610351562,27.079999923706055,27.1200008392334,0.0,23666400
2020-01-17,27.707447052001953,28.489999771118164,0.0,28.860000610351562,28.239999771118164,28.5,0.0,11551200
2020-01-21,26.75436782836914,27.510000228881836,0.0,28.299999237060547,27.229999542236328,28.190000534057617,0.0,16252500
2020-01-22,27.016948699951172,27.780000686645508,0.0,28.139999389648438,27.610000610351562,27.68000030517578,0.0,7084300
2020-01-23,27.2503604888916,28.020000457763672,0.0,28.040000915527344,27.389999389648438,27.809999465942383,0.0,6735100
2020-01-24,26.559860229492188,27.309999465942383,0.0,28.34000015258789,26.959999084472656,28.309999465942383,0.0,7317200
2020-01-27,25.159414291381836,25.8700008392334,0.0,26.40999984741211,25.84000015258789,26.260000228881836,0.0,8398100
2020-01-28,25.606775283813477,26.329999923706055,0.0,26.600000381469727,26.059999465942383,26.190000534057617,0.0,6130600
2020-01-29,24.40083885192871,25.09000015258789,0.0,26.190000534057617,25.040000915527344,26.110000610351562,0.0,17658200
2020-01-30,24.118804931640625,24.799999237060547,0.0,25.219999313354492,24.170000076293945,24.920000076293945,0.0,17019000
2020-01-31,23.37967872619629,24.040000915527344,0.0,24.790000915527344,23.90999984741211,24.790000915527344,0.0,10871000
2020-02-03,23.545011520385742,24.209999084472656,0.0,24.5,24.110000610351562,24.309999465942383,0.0,9256100
2020-02-04,24.079898834228516,24.760000228881836,0.0,25.18000030517578,24.510000228881836,24.850000381469727,0.0,10544100
2020-02-05,25.13023567199707,25.84000015258789,0.0,26.049999237060547,25.020000457763672,25.329999923706055,0.0,10777700
2020-02-06,25.042709350585938,25.75,0.0,26.0,25.469999313354492,25.899999618530273,0.0,4263900
2020-02-07,23.360227584838867,24.020000457763672,0.0,24.459999084472656,23.860000610351562,24.229999542236328,0.0,20910400
2020-02-10,23.486656188964844,24.149999618530273,0.0,24.149999618530273,23.459999084472656,23.780000686645508,0.0,13403400
2020-02-11,24.799579620361328,25.5,0.0,25.780000686645508,24.59000015258789,24.610000610351562,0.0,19616800
2020-02-12,24.780126571655273,25.479999542236328,0.0,25.790000915527344,25.25,25.639999389648438,0.0,9362400
2020-02-13,24.527263641357422,25.219999313354492,0.0,25.520000457763672,24.780000686645508,25.1200008392334,0.0,6782600
2020-02-14,24.43001365661621,25.1200008392334,0.0,25.489999771118164,24.75,25.350000381469727,0.0,5264500
2020-02-18,24.109081268310547,24.790000915527344,0.0,24.969999313354492,24.559999465942383,24.709999084472656,0.0,6081400
2020-02-19,24.517536163330078,25.209999084472656,0.0,25.520000457763672,25.030000686645508,25.139999389648438,0.0,6274800
2020-02-20,24.439743041992188,25.1299991607666,0.0,25.489999771118164,24.739999771118164,25.15999984741211,0.0,5778000
2020-02-21,23.75896644592285,24.43000030517578,0.0,24.979999542236328,24.229999542236328,24.969999313354492,0.0,6709900
2020-02-24,22.3293399810791,22.959999084472656,0.0,23.420000076293945,22.469999313354492,22.93000030517578,0.0,13623000
2020-02-25,22.027860641479492,22.649999618530273,0.0,23.450000762939453,22.549999237060547,23.360000610351562,0.0,12658300
2020-02-26,21.745826721191406,22.360000610351562,0.0,23.350000381469727,22.18000030517578,22.81999969482422,0.0,11222100
2020-02-27,19.985538482666016,20.549999237060547,0.0,21.709999084472656,20.540000915527344,21.610000610351562,0.0,20046800
2020-02-28,20.71493911743164,21.299999237060547,0.0,21.34000015258789,19.5,19.59000015258789,0.0,23321800
2020-03-02,21.356807708740234,21.959999084472656,0.0,22.0,20.790000915527344,21.600000381469727,0.0,13312400
2020-03-03,20.71493911743164,21.299999237060547,0.0,22.719999313354492,21.260000228881836,22.1200008392334,0.0,12016700
2020-03-04,21.96950340270996,22.59000015258789,0.0,22.600000381469727,21.719999313354492,21.780000686645508,0.0,10687000
2020-03-05,24.24523162841797,24.93000030517578,0.0,25.799999237060547,24.329999923706055,24.450000762939453,0.0,30864700
2020-03-06,23.42830467224121,24.09000015258789,0.0,24.670000076293945,23.280000686645508,24.510000228881836,0.0,14684700
2020-03-09,21.609668731689453,22.219999313354492,0.0,23.520000457763672,22.0,22.149999618530273,0.0,13199100
2020-03-10,22.572477340698242,23.209999084472656,0.0,23.219999313354492,22.25,23.1200008392334,0.0,14173500
2020-03-11,21.405439376831055,22.010000228881836,0.0,22.90999984741211,21.84000015258789,22.690000534057617,0.0,10320600
2020-03-12,19.022737503051758,19.559999465942383,0.0,21.290000915527344,19.530000686645508,20.5,0.0,13800400
2020-03-13,20.2092227935791,20.780000686645508,0.0,21.0,18.950000762939453,20.84000015258789,0.0,12543800
2020-03-16,17.252723693847656,17.739999771118164,0.0,19.209999084472656,17.719999313354492,18.6200008392334,0.0,9805500
2020-03-17,18.30306053161621,18.81999969482422,0.0,19.149999618530273,17.18000030517578,18.1299991607666,0.0,11453700
2020-03-18,16.776187896728516,17.25,0.0,18.520000457763672,16.450000762939453,17.309999465942383,0.0,10930700
2020-03-19,18.322511672973633,18.84000015258789,0.0,19.520000457763672,16.889999389648438,17.329999923706055,0.0,10526400
2020-03-20,18.157180786132812,18.670000076293945,0.0,19.829999923706055,18.43000030517578,19.059999465942383,0.0,12976100
2020-03-23,18.4392147064209,18.959999084472656,0.0,19.110000610351562,17.81999969482422,18.700000762939453,0.0,9422000
2020-03-24,21.259559631347656,21.860000610351562,0.0,22.059999465942383,20.1299991607666,20.200000762939453,0.0,13566500
2020-03-25,21.00670623779297,21.600000381469727,0.0,23.100000381469727,21.450000762939453,22.010000228881836,0.0,11585600
2020-03-26,22.543298721313477,23.18000030517578,0.0,23.239999771118164,21.520000457763672,22.030000686645508,0.0,9346200
2020-03-27,21.736099243164062,22.350000381469727,0.0,23.15999984741211,21.889999389648438,22.450000762939453,0.0,10962300
2020-03-30,22.07648468017578,22.700000762939453,0.0,23.049999237060547,22.200000762939453,22.670000076293945,0.0,7438200
2020-03-31,22.008413314819336,22.6299991607666,0.0,23.579999923706055,22.229999542236328,22.649999618530273,0.0,14404300
2020-04-01,21.04560089111328,21.639999389648438,0.0,22.65999984741211,21.3799991607666,21.799999237060547,0.0,8253400
2020-04-02,22.08910369873047,22.649999618530273,0.06,22.829999923706055,21.290000915527344,21.290000915527344,0.0,9597300
2020-04-03,21.874555587768555,22.43000030517578,0.0,22.8799991607666,22.149999618530273,22.450000762939453,0.0,7963400
2020-04-06,23.249635696411133,23.84000015258789,0.0,23.989999771118164,22.950000762939453,23.43000030517578,0.0,10362600
2020-04-07,23.278892517089844,23.8700008392334,0.0,24.690000534057617,23.540000915527344,24.5,0.0,8847000
2020-04-08,24.12734603881836,24.739999771118164,0.0,24.81999969482422,23.860000610351562,24.200000762939453,0.0,6998100
2020-04-09,23.67873764038086,24.280000686645508,0.0,25.290000915527344,23.8799991607666,25.09000015258789,0.0,9993500
2020-04-13,23.90304183959961,24.510000228881836,0.0,24.510000228881836,24.049999237060547,24.3799991607666,0.0,6679400
2020-04-14,24.897781372070312,25.530000686645508,0.0,25.700000762939453,24.850000381469727,25.100000381469727,0.0,9367900
2020-04-15,24.527193069458008,25.149999618530273,0.0,25.34000015258789,24.809999465942383,25.309999465942383,0.0,8106700
2020-04-16,25.151350021362305,25.790000915527344,0.0,25.8700008392334,24.860000610351562,25.25,0.0,12789200
2020-04-17,25.317138671875,25.959999084472656,0.0,26.600000381469727,25.700000762939453,26.329999923706055,0.0,4888400
2020-04-20,25.580446243286133,26.229999542236328,0.0,26.6200008392334,25.440000534057617,25.649999618530273,0.0,9800600
2020-04-21,24.653974533081055,25.280000686645508,0.0,26.1299991607666,24.860000610351562,25.90999984741211,0.0,10118700
2020-04-22,25.990047454833984,26.649999618530273,0.0,26.670000076293945,25.850000381469727,26.25,0.0,9736700
2020-04-23,25.765737533569336,26.420000076293945,0.0,26.989999771118164,26.219999313354492,26.5,0.0,9032300
2020-04-24,26.458160400390625,27.1299991607666,0.0,27.200000762939453,26.1299991607666,26.469999313354492,0.0,8053800
2020-04-27,26.750732421875,27.43000030517578,0.0,28.059999465942383,27.170000076293945,27.549999237060547,0.0,10696000
2020-04-28,26.214353561401367,26.8799991607666,0.0,27.950000762939453,26.81999969482422,27.93000030517578,0.0,10343200
2020-04-29,27.062807083129883,27.75,0.0,27.959999084472656,27.209999084472656,27.299999237060547,0.0,9784600
2020-04-30,26.07781982421875,26.739999771118164,0.0,27.639999389648438,26.729999542236328,27.6299991607666,0.0,7945800
2020-05-01,24.800262451171875,25.43000030517578,0.0,26.3700008392334,25.139999389648438,26.059999465942383,0.0,11143200
2020-05-04,25.063573837280273,25.700000762939453,0.0,25.719999313354492,25.030000686645508,25.06999969482422,0.0,6958500
2020-05-05,25.61945915222168,26.270000457763672,0.0,26.549999237060547,25.989999771118164,26.239999771118164,0.0,7724900
2020-05-06,25.941287994384766,26.600000381469727,0.0,27.18000030517578,26.56999969482422,26.690000534057617,0.0,7844100
2020-05-07,25.78525161743164,26.440000534057617,0.0,27.010000228881836,26.239999771118164,26.899999618530273,0.0,7495900
2020-05-08,26.185094833374023,26.850000381469727,0.0,27.0,26.40999984741211,26.40999984741211,0.0,9201400
2020-05-11,25.687726974487305,26.34000015258789,0.0,26.739999771118164,26.170000076293945,26.540000915527344,0.0,9062000
2020-05-12,25.404903411865234,26.049999237060547,0.0,26.84000015258789,26.010000228881836,26.649999618530273,0.0,9157700
2020-05-13,25.14159393310547,25.780000686645508,0.0,26.420000076293945,25.40999984741211,26.25,0.0,8089500
2020-05-14,25.629209518432617,26.280000686645508,0.0,26.34000015258789,24.979999542236328,25.479999542236328,0.0,7684800
2020-05-15,25.687726974487305,26.34000015258789,0.0,26.420000076293945,25.440000534057617,25.6299991607666,0.0,5851900
2020-05-18,26.897016525268555,27.579999923706055,0.0,27.760000228881836,26.799999237060547,26.799999237060547,0.0,8690000
2020-05-19,26.69222068786621,27.3700008392334,0.0,28.329999923706055,27.350000381469727,27.75,0.0,7419500
2020-05-20,28.24284553527832,28.959999084472656,0.0,29.170000076293945,27.93000030517578,28.020000457763672,0.0,12493300
2020-05-21,28.37938117980957,29.100000381469727,0.0,29.520000457763672,28.81999969482422,28.81999969482422,0.0,11254900
2020-05-22,29.383867263793945,30.1299991607666,0.0,30.190000534057617,28.889999389648438,29.229999542236328,0.0,9105500
2020-05-26,29.647186279296875,30.399999618530273,0.0,32.0,30.290000915527344,31.920000076293945,0.0,14322700
2020-05-27,29.939756393432617,30.700000762939453,0.0,30.93000030517578,29.25,30.530000686645508,0.0,13027900
2020-05-28,29.227832794189453,29.969999313354492,0.0,31.079999923706055,29.690000534057617,30.530000686645508,0.0,16462000
2020-05-29,31.812211990356445,32.619998931884766,0.0,32.959999084472656,31.469999313354492,32.56999969482422,0.0,22872100
2020-06-01,32.163291931152344,32.97999954223633,0.0,33.15999984741211,31.950000762939453,32.349998474121094,0.0,12065200
2020-06-02,33.7529296875,34.61000061035156,0.0,34.66999816894531,32.90999984741211,33.0099983215332,0.0,16181400
2020-06-03,35.069496154785156,35.959999084472656,0.0,36.880001068115234,35.22999954223633,35.25,0.0,21611600
2020-06-04,35.001224517822266,35.88999938964844,0.0,36.91999816894531,35.33000183105469,35.70000076293945,0.0,10832300
2020-06-05,35.001224517822266,35.88999938964844,0.0,36.7400016784668,35.7599983215332,36.34000015258789,0.0,9852800
2020-06-08,34.08450698852539,34.95000076293945,0.0,35.790000915527344,34.83000183105469,35.34000015258789,0.0,12326500
2020-06-09,34.2990608215332,35.16999816894531,0.0,35.619998931884766,34.25,34.36000061035156,0.0,9777100
2020-06-10,34.19178771972656,35.060001373291016,0.0,35.689998626708984,35.02000045776367,35.47999954223633,0.0,7960700
2020-06-11,32.494873046875,33.31999969482422,0.0,34.5099983215332,33.2400016784668,33.97999954223633,0.0,9151500
2020-06-12,32.89472961425781,33.72999954223633,0.0,34.599998474121094,33.11000061035156,34.47999954223633,0.0,7836200
2020-06-15,33.53837585449219,34.38999938964844,0.0,34.47999954223633,32.66999816894531,33.0,0.0,7885300
2020-06-16,33.87971496582031,34.7400016784668,0.0,35.790000915527344,34.02000045776367,35.7599983215332,0.0,8473400
2020-06-17,34.11377716064453,34.97999954223633,0.0,35.470001220703125,34.81999969482422,34.91999816894531,0.0,5785200
2020-06-18,33.63591003417969,34.4900016784668,0.0,35.20000076293945,34.310001373291016,35.20000076293945,0.0,6677300
2020-06-19,33.138526916503906,33.97999954223633,0.0,34.95000076293945,33.91999816894531,34.93000030517578,0.0,11803400
2020-06-22,33.85044860839844,34.709999084472656,0.0,34.88999938964844,33.77000045776367,34.130001068115234,0.0,8879700
2020-06-23,33.50912094116211,34.36000061035156,0.0,35.220001220703125,34.34000015258789,35.220001220703125,0.0,5971000
2020-06-24,32.79719543457031,33.630001068115234,0.0,34.529998779296875,33.560001373291016,34.09000015258789,0.0,5454200
2020-06-25,33.03125,33.869998931884766,0.0,33.88999938964844,32.959999084472656,33.560001373291016,0.0,4459800
2020-06-26,32.4071044921875,33.22999954223633,0.0,34.11000061035156,33.04999923706055,33.95000076293945,0.0,8854000
2020-06-29,32.72893524169922,33.560001373291016,0.0,33.790000915527344,32.63999938964844,33.189998626708984,0.0,8120000
2020-06-30,34.19178771972656,35.060001373291016,0.0,35.13999938964844,33.619998931884766,33.619998931884766,0.0,8157600
2020-07-01,33.51886749267578,34.369998931884766,0.0,35.02000045776367,34.290000915527344,35.0,0.0,6006200
2020-07-02,34.15277099609375,35.02000045776367,0.0,35.38999938964844,34.68000030517578,34.83000183105469,0.0,6105300
2020-07-06,35.264549255371094,36.15999984741211,0.0,36.470001220703125,35.630001068115234,35.81999969482422,0.0,9304900
2020-07-07,34.5623779296875,35.439998626708984,0.0,36.33000183105469,35.40999984741211,36.15999984741211,0.0,6335300
2020-07-08,36.649375915527344,37.58000183105469,0.0,37.599998474121094,35.689998626708984,35.91999816894531,0.0,14213500
2020-07-09,37.17600631713867,38.119998931884766,0.0,38.25,36.970001220703125,37.88999938964844,0.0,12380300
2020-07-10,37.42019271850586,38.310001373291016,0.06,38.47999954223633,37.709999084472656,38.43000030517578,0.0,6042900
2020-07-13,35.818302154541016,36.66999816894531,0.0,39.400001525878906,36.619998931884766,39.04999923706055,0.0,10083200
2020-07-14,36.36528778076172,37.22999954223633,0.0,37.349998474121094,35.58000183105469,36.09000015258789,0.0,6579900
2020-07-15,36.18947219848633,37.04999923706055,0.0,37.5,36.130001068115234,36.79999923706055,0.0,5919000
2020-07-16,35.74014663696289,36.59000015258789,0.0,36.630001068115234,35.86000061035156,36.38999938964844,0.0,5983300
2020-07-17,35.67176818847656,36.52000045776367,0.0,36.9900016784668,36.45000076293945,36.650001525878906,0.0,4676000
2020-07-20,36.02341079711914,36.880001068115234,0.0,36.9900016784668,36.2400016784668,36.54999923706055,0.0,5860900
2020-07-21,35.47642517089844,36.31999969482422,0.0,37.279998779296875,35.93000030517578,37.209999084472656,0.0,8055500
2020-07-22,35.17361831665039,36.0099983215332,0.0,36.47999954223633,35.66999816894531,36.40999984741211,0.0,6401600
2020-07-23,34.50940704345703,35.33000183105469,0.0,36.290000915527344,34.97999954223633,36.130001068115234,0.0,5533000
2020-07-24,34.177310943603516,34.9900016784668,0.0,35.52000045776367,34.279998779296875,34.779998779296875,0.0,8198900
2020-07-27,34.75360870361328,35.58000183105469,0.0,35.86000061035156,35.16999816894531,35.279998779296875,0.0,5437200
2020-07-28,34.16755294799805,34.97999954223633,0.0,35.5099983215332,34.880001068115234,35.470001220703125,0.0,4902500
2020-07-29,34.29452896118164,35.11000061035156,0.0,35.41999816894531,34.7599983215332,35.41999816894531,0.0,4415400
2020-07-30,35.10525131225586,35.939998626708984,0.0,36.04999923706055,34.41999816894531,34.59000015258789,0.0,7244100
2020-07-31,35.62294006347656,36.470001220703125,0.0,36.63999938964844,35.88999938964844,36.470001220703125,0.0,7346500
2020-08-03,36.50203323364258,37.369998931884766,0.0,37.59000015258789,36.90999984741211,37.0099983215332,0.0,9005400
2020-08-04,36.62901306152344,37.5,0.0,37.58000183105469,36.88999938964844,37.439998626708984,0.0,5930900
2020-08-05,36.89275360107422,37.77000045776367,0.0,37.81999969482422,36.88999938964844,37.599998474121094,0.0,5850300
2020-08-06,35.77922821044922,36.630001068115234,0.0,37.36000061035156,36.220001220703125,37.36000061035156,0.0,8897400
2020-08-07,35.242000579833984,36.08000183105469,0.0,36.75,35.34000015258789,36.68000030517578,0.0,10194800
2020-08-10,34.528961181640625,35.349998474121094,0.0,36.25,35.22999954223633,36.099998474121094,0.0,7321800
2020-08-11,33.88427734375,34.689998626708984,0.0,35.470001220703125,34.599998474121094,35.40999984741211,0.0,6101900
2020-08-12,34.4605712890625,35.279998779296875,0.0,35.709999084472656,34.869998931884766,34.869998931884766,0.0,4920100
2020-08-13,33.89405059814453,34.70000076293945,0.0,35.25,34.41999816894531,35.25,0.0,10355600
2020-08-14,32.790306091308594,33.56999969482422,0.0,34.77000045776367,33.34000015258789,34.66999816894531,0.0,12303300
2020-08-17,32.99541473388672,33.779998779296875,0.0,33.95000076293945,33.31999969482422,33.689998626708984,0.0,6544400
2020-08-18,32.60470199584961,33.380001068115234,0.0,34.150001525878906,33.310001373291016,33.9900016784668,0.0,4501500
2020-08-19,32.34097671508789,33.11000061035156,0.0,33.689998626708984,33.02000045776367,33.470001220703125,0.0,4597900
2020-08-20,32.028411865234375,32.790000915527344,0.0,32.97999954223633,32.529998779296875,32.880001068115234,0.0,5098200
2020-08-21,32.68284606933594,33.459999084472656,0.0,33.459999084472656,32.68000030517578,32.91999816894531,0.0,7007800
2020-08-24,33.9135856628418,34.720001220703125,0.0,34.72999954223633,33.88999938964844,34.36000061035156,0.0,10632100
2020-08-25,34.39219665527344,35.209999084472656,0.0,35.279998779296875,34.560001373291016,34.720001220703125,0.0,9390200
2020-08-26,34.78291320800781,35.61000061035156,0.0,35.83000183105469,35.130001068115234,35.470001220703125,0.0,6609600
2020-08-27,35.075950622558594,35.90999984741211,0.0,36.599998474121094,35.34000015258789,35.95000076293945,0.0,13501600
2020-08-28,37.36159896850586,38.25,0.0,38.380001068115234,36.0,36.75,0.0,17859800
2020-08-31,37.879276275634766,38.779998779296875,0.0,39.25,37.790000915527344,37.9900016784668,0.0,9145400
2020-09-01,38.27976608276367,39.189998626708984,0.0,40.209999084472656,38.869998931884766,38.939998626708984,0.0,10634500
2020-09-02,40.23331069946289,41.189998626708984,0.0,41.34000015258789,39.11000061035156,39.97999954223633,0.0,9767600
2020-09-03,37.42997360229492,38.31999969482422,0.0,39.9900016784668,37.86000061035156,39.79999923706055,0.0,11711000
2020-09-04,36.49226760864258,37.36000061035156,0.0,38.470001220703125,35.939998626708984,37.65999984741211,0.0,10050600
2020-09-08,36.677860260009766,37.54999923706055,0.0,38.560001373291016,36.5,36.7599983215332,0.0,9850000
2020-09-09,38.53372573852539,39.45000076293945,0.0,39.619998931884766,37.810001373291016,38.22999954223633,0.0,8619000
2020-09-10,37.61555480957031,38.5099983215332,0.0,40.5,38.34000015258789,39.970001220703125,0.0,5710900
2020-09-11,37.85975646972656,38.7599983215332,0.0,39.36000061035156,38.13999938964844,39.04999923706055,0.0,5417900
2020-09-14,38.3090705871582,39.220001220703125,0.0,39.83000183105469,39.11000061035156,39.4900016784668,0.0,6870600
2020-09-15,38.103939056396484,39.0099983215332,0.0,39.7400016784668,38.810001373291016,39.7400016784668,0.0,5907500
2020-09-16,37.19554901123047,38.08000183105469,0.0,39.290000915527344,38.02000045776367,39.0099983215332,0.0,8228500
2020-09-17,37.810909271240234,38.709999084472656,0.0,38.900001525878906,36.779998779296875,37.2599983215332,0.0,7074400
2020-09-18,37.596031188964844,38.4900016784668,0.0,39.119998931884766,37.95000076293945,39.029998779296875,0.0,8079400
2020-09-21,37.48858642578125,38.380001068115234,0.0,38.439998626708984,37.310001373291016,37.90999984741211,0.0,6343300
2020-09-22,37.95742416381836,38.86000061035156,0.0,38.869998931884766,37.689998626708984,38.689998626708984,0.0,6949100
2020-09-23,36.697383880615234,37.56999969482422,0.0,38.939998626708984,37.52000045776367,38.81999969482422,0.0,5164200
2020-09-24,37.019737243652344,37.900001525878906,0.0,38.58000183105469,37.0,37.060001373291016,0.0,5654900
2020-09-25,37.16624450683594,38.04999923706055,0.0,38.16999816894531,37.15999984741211,37.93000030517578,0.0,5833100
2020-09-28,38.96350860595703,39.88999938964844,0.0,40.040000915527344,38.5,38.5099983215332,0.0,7190600
2020-09-29,38.48488235473633,39.400001525878906,0.0,40.560001373291016,39.369998931884766,39.959999084472656,0.0,6715100
2020-09-30,38.77791976928711,39.70000076293945,0.0,39.97999954223633,38.779998779296875,39.150001525878906,0.0,6217600
2020-10-01,39.373748779296875,40.310001373291016,0.0,40.72999954223633,39.84000015258789,40.40999984741211,0.0,5971100
2020-10-02,38.84629440307617,39.77000045776367,0.0,40.439998626708984,39.29999923706055,39.4900016784668,0.0,6073200
2020-10-05,40.55564498901367,41.52000045776367,0.0,41.83000183105469,40.029998779296875,40.4900016784668,0.0,9814800
2020-10-06,41.10264587402344,42.08000183105469,0.0,43.119998931884766,41.689998626708984,42.0,0.0,9376500
2020-10-07,41.63010025024414,42.619998931884766,0.0,43.66999816894531,42.349998474121094,43.08000183105469,0.0,11121700
2020-10-08,41.81596374511719,42.75,0.06,43.720001220703125,42.5,43.18000030517578,0.0,10606500
2020-10-09,43.72333526611328,44.70000076293945,0.0,44.939998626708984,43.38999938964844,43.83000183105469,0.0,10662100
2020-10-12,42.63759231567383,43.59000015258789,0.0,45.040000915527344,42.97999954223633,44.900001525878906,0.0,10054000
2020-10-13,42.82344055175781,43.779998779296875,0.0,44.2400016784668,43.29999923706055,43.880001068115234,0.0,5534100
2020-10-14,42.39305114746094,43.34000015258789,0.0,44.09000015258789,43.040000915527344,43.97999954223633,0.0,4878200
2020-10-15,42.01158142089844,42.95000076293945,0.0,43.150001525878906,42.540000915527344,42.66999816894531,0.0,5283200
2020-10-16,42.0213508605957,42.959999084472656,0.0,43.709999084472656,42.91999816894531,43.599998474121094,0.0,4421900
2020-10-19,40.93561553955078,41.849998474121094,0.0,43.619998931884766,41.779998779296875,43.40999984741211,0.0,7106200
2020-10-20,40.71063232421875,41.619998931884766,0.0,42.33000183105469,41.369998931884766,42.22999954223633,0.0,5165700
2020-10-21,39.517303466796875,40.400001525878906,0.0,41.77000045776367,40.34000015258789,41.560001373291016,0.0,7429900
2020-10-22,40.143306732177734,41.040000915527344,0.0,41.25,39.84000015258789,40.5099983215332,0.0,5874900
2020-10-23,40.524784088134766,41.43000030517578,0.0,41.470001220703125,40.47999954223633,41.209999084472656,0.0,5584400
2020-10-26,39.996585845947266,40.88999938964844,0.0,41.88999938964844,40.40999984741211,41.0,0.0,4549200
2020-10-27,40.56391906738281,41.470001220703125,0.0,41.79999923706055,40.84000015258789,41.189998626708984,0.0,5167500
2020-10-28,38.66630172729492,39.529998779296875,0.0,40.7599983215332,39.52000045776367,40.560001373291016,0.0,6818100
2020-10-29,37.37514114379883,38.209999084472656,0.0,39.70000076293945,35.29999923706055,36.08000183105469,0.0,41594500
2020-10-30,36.69043731689453,37.5099983215332,0.0,38.68000030517578,37.0099983215332,38.29999923706055,0.0,16166200
2020-11-02,36.08396911621094,36.88999938964844,0.0,37.90999984741211,36.5099983215332,37.900001525878906,0.0,11677500
2020-11-03,36.37742233276367,37.189998626708984,0.0,37.65999984741211,37.02000045776367,37.209999084472656,0.0,8469500
2020-11-04,38.304378509521484,39.15999984741211,0.0,39.4900016784668,37.369998931884766,37.79999923706055,0.0,12970200
2020-11-05,40.573692321777344,41.47999954223633,0.0,41.540000915527344,39.869998931884766,40.13999938964844,0.0,14071600
2020-11-06,44.14394760131836,45.130001068115234,0.0,45.81999969482422,40.9900016784668,41.41999816894531,0.0,23484600
2020-11-09,41.28774642944336,42.209999084472656,0.0,45.61000061035156,42.130001068115234,45.61000061035156,0.0,15189300
2020-11-10,39.439048767089844,40.31999969482422,0.0,42.06999969482422,39.40999984741211,41.880001068115234,0.0,13783500
2020-11-11,41.34644317626953,42.27000045776367,0.0,42.91999816894531,41.04999923706055,41.04999923706055,0.0,10999600
2020-11-12,40.691070556640625,41.599998474121094,0.0,42.45000076293945,41.290000915527344,42.16999816894531,0.0,7138300
2020-11-13,42.3148078918457,43.2599983215332,0.0,43.95000076293945,42.689998626708984,42.88999938964844,0.0,8808300
2020-11-16,42.36371612548828,43.310001373291016,0.0,43.81999969482422,42.68000030517578,43.5,0.0,7093100
2020-11-17,42.03113555908203,42.970001220703125,0.0,43.45000076293945,42.529998779296875,43.150001525878906,0.0,5166700
2020-11-18,42.14851760864258,43.09000015258789,0.0,43.619998931884766,42.72999954223633,42.810001373291016,0.0,5156800
2020-11-19,43.21470260620117,44.18000030517578,0.0,44.40999984741211,42.779998779296875,43.029998779296875,0.0,5294200
2020-11-20,42.99951934814453,43.959999084472656,0.0,44.81999969482422,43.939998626708984,44.290000915527344,0.0,5455200
2020-11-23,43.625518798828125,44.599998474121094,0.0,44.779998779296875,43.52000045776367,44.16999816894531,0.0,7397700
2020-11-24,43.86028289794922,44.84000015258789,0.0,45.0099983215332,43.779998779296875,44.95000076293945,0.0,5351700
2020-11-25,43.625518798828125,44.599998474121094,0.0,45.20000076293945,44.36000061035156,44.939998626708984,0.0,4790900
2020-11-27,44.1243782043457,45.11000061035156,0.0,45.58000183105469,44.81999969482422,44.869998931884766,0.0,2858700
2020-11-30,45.278594970703125,46.290000915527344,0.0,46.380001068115234,44.52000045776367,45.63999938964844,0.0,8465600
2020-12-01,45.62095260620117,46.63999938964844,0.0,47.209999084472656,46.209999084472656,46.900001525878906,0.0,8097300
2020-12-02,44.62323760986328,45.619998931884766,0.0,46.66999816894531,45.45000076293945,46.400001525878906,0.0,7879600
2020-12-03,44.525421142578125,45.52000045776367,0.0,45.97999954223633,45.0099983215332,45.810001373291016,0.0,13101400
2020-12-04,42.432186126708984,43.380001068115234,0.0,44.810001373291016,42.83000183105469,44.31999969482422,0.0,22513600
2020-12-07,43.17557907104492,44.13999938964844,0.0,44.209999084472656,43.13999938964844,43.43000030517578,0.0,8869700
2020-12-08,42.72563934326172,43.68000030517578,0.0,44.13999938964844,43.31999969482422,43.88999938964844,0.0,7294100
2020-12-09,41.63010025024414,42.560001373291016,0.0,44.33000183105469,42.41999816894531,43.79999923706055,0.0,7073700
2020-12-10,41.97245407104492,42.90999984741211,0.0,43.349998474121094,42.18000030517578,42.29999923706055,0.0,5680100
2020-12-11,42.001792907714844,42.939998626708984,0.0,43.33000183105469,42.099998474121094,42.959999084472656,0.0,6769000
2020-12-14,43.361419677734375,44.33000183105469,0.0,45.02000045776367,43.66999816894531,44.0,0.0,11486400
2020-12-15,44.17329025268555,45.15999984741211,0.0,45.43000030517578,44.52000045776367,45.0,0.0,7999600
2020-12-16,44.32001495361328,45.310001373291016,0.0,45.369998931884766,44.47999954223633,45.119998931884766,0.0,8355500
2020-12-17,46.070899963378906,47.099998474121094,0.0,47.2400016784668,45.790000915527344,45.959999084472656,0.0,10196000
2020-12-18,46.47193908691406,47.5099983215332,0.0,48.41999816894531,47.11000061035156,47.15999984741211,0.0,31269000
2020-12-21,46.217620849609375,47.25,0.0,47.689998626708984,46.43000030517578,46.9900016784668,0.0,8689800
2020-12-22,46.1784553527832,47.150001525878906,0.06,47.68000030517578,46.47999954223633,47.5099983215332,0.0,4369900
2020-12-23,45.453697204589844,46.40999984741211,0.0,47.4900016784668,46.36000061035156,47.18000030517578,0.0,5697000
2020-12-24,46.080501556396484,47.04999923706055,0.0,47.099998474121094,46.2599983215332,46.72999954223633,0.0,3715900
2020-12-28,46.01194763183594,46.97999954223633,0.0,48.099998474121094,46.7599983215332,47.79999923706055,0.0,5321800
2020-12-29,45.27741622924805,46.22999954223633,0.0,47.40999984741211,45.63999938964844,47.34000015258789,0.0,5427000
2020-12-30,46.52123260498047,47.5,0.0,47.63999938964844,46.540000915527344,46.68000030517578,0.0,4277500
2020-12-31,46.56040573120117,47.540000915527344,0.0,47.790000915527344,47.060001373291016,47.45000076293945,0.0,4049500
2021-01-04,45.35575866699219,46.310001373291016,0.0,48.560001373291016,45.84000015258789,47.810001373291016,0.0,11418600
2021-01-05,46.62896728515625,47.61000061035156,0.0,47.61000061035156,46.0099983215332,46.04999923706055,0.0,5710100
2021-01-06,45.551631927490234,46.5099983215332,0.0,47.599998474121094,46.36000061035156,46.779998779296875,0.0,6516400
2021-01-07,48.009918212890625,49.02000045776367,0.0,49.130001068115234,47.25,47.45000076293945,0.0,9090400
2021-01-08,48.06868362426758,49.08000183105469,0.0,50.63999938964844,48.40999984741211,49.88999938964844,0.0,11093200
2021-01-11,49.204776763916016,50.2400016784668,0.0,50.54999923706055,48.43000030517578,48.75,0.0,9070700
2021-01-12,49.596534729003906,50.63999938964844,0.0,51.22999954223633,50.029998779296875,51.150001525878906,0.0,6391000
2021-01-13,49.204776763916016,50.2400016784668,0.0,50.709999084472656,49.43000030517578,50.61000061035156,0.0,5606800
2021-01-14,50.25272750854492,51.310001373291016,0.0,51.939998626708984,49.939998626708984,50.349998474121094,0.0,9325000
2021-01-15,49.7238655090332,50.77000045776367,0.0,51.70000076293945,50.27000045776367,51.470001220703125,0.0,7994500
2021-01-19,52.70121765136719,53.810001373291016,0.0,54.349998474121094,51.65999984741211,51.70000076293945,0.0,16424000
2021-01-20,52.96565246582031,54.08000183105469,0.0,55.70000076293945,53.97999954223633,55.189998626708984,0.0,11638400
2021-01-21,52.3878173828125,53.4900016784668,0.0,54.619998931884766,52.81999969482422,54.47999954223633,0.0,9322300
2021-01-22,51.53573226928711,52.619998931884766,0.0,53.369998931884766,52.58000183105469,52.95000076293945,0.0,6410500
2021-01-25,53.308448791503906,54.43000030517578,0.0,54.880001068115234,52.459999084472656,53.34000015258789,0.0,10775900
2021-01-26,52.88730239868164,54.0,0.0,54.939998626708984,53.20000076293945,54.900001525878906,0.0,8299300
2021-01-27,50.086238861083984,51.13999938964844,0.0,53.59000015258789,50.939998626708984,53.0099983215332,0.0,14169100
2021-01-28,51.10481262207031,52.18000030517578,0.0,53.060001373291016,51.40999984741211,51.56999969482422,0.0,9398000
2021-01-29,50.39963912963867,51.459999084472656,0.0,52.5,51.029998779296875,52.5,0.0,7818500
2021-02-01,51.78059005737305,52.869998931884766,0.0,53.060001373291016,51.61000061035156,52.060001373291016,0.0,6356500
2021-02-02,51.770790100097656,52.86000061035156,0.0,54.0099983215332,51.849998474121094,53.72999954223633,0.0,8708500
2021-02-03,50.05685806274414,51.11000061035156,0.0,52.9900016784668,50.72999954223633,52.869998931884766,0.0,10115100
2021-02-04,49.26354217529297,50.29999923706055,0.0,51.349998474121094,49.939998626708984,51.25,0.0,11072100
2021-02-05,49.01869201660156,50.04999923706055,0.0,50.689998626708984,49.58000183105469,50.689998626708984,0.0,9309000
2021-02-08,50.536746978759766,51.599998474121094,0.0,51.619998931884766,50.400001525878906,50.58000183105469,0.0,7499700
2021-02-09,50.19397735595703,51.25,0.0,51.790000915527344,51.0099983215332,51.2400016784668,0.0,6605700
2021-02-10,49.54757308959961,50.59000015258789,0.0,51.380001068115234,49.84000015258789,51.2599983215332,0.0,7117900
2021-02-11,51.0362548828125,52.11000061035156,0.0,52.2400016784668,50.83000183105469,51.20000076293945,0.0,8797900
2021-02-12,52.71101379394531,53.81999969482422,0.0,54.18000030517578,51.529998779296875,52.08000183105469,0.0,11378400
2021-02-16,51.849143981933594,52.939998626708984,0.0,54.560001373291016,52.58000183105469,54.5,0.0,7841800
2021-02-17,49.36147689819336,50.400001525878906,0.0,52.310001373291016,50.06999969482422,52.060001373291016,0.0,10323800
2021-02-18,49.43003845214844,50.470001220703125,0.0,50.9900016784668,49.25,49.97999954223633,0.0,11009500
2021-02-19,50.820777893066406,51.88999938964844,0.0,52.220001220703125,50.79999923706055,51.279998779296875,0.0,9959600
2021-02-22,48.666114807128906,49.689998626708984,0.0,51.400001525878906,49.47999954223633,51.15999984741211,0.0,13798700
2021-02-23,47.833621978759766,48.84000015258789,0.0,49.400001525878906,46.68000030517578,48.20000076293945,0.0,13210700
2021-02-24,48.24496841430664,49.2599983215332,0.0,49.279998779296875,47.45000076293945,48.59000015258789,0.0,12785300
2021-02-25,45.60061264038086,46.560001373291016,0.0,49.41999816894531,46.13999938964844,48.900001525878906,0.0,11476400
2021-02-26,47.28516387939453,48.279998779296875,0.0,48.59000015258789,46.619998931884766,47.349998474121094,0.0,11501100
2021-03-01,48.49961471557617,49.52000045776367,0.0,49.560001373291016,48.189998626708984,49.09000015258789,0.0,9344400
2021-03-02,46.84444046020508,47.83000183105469,0.0,49.880001068115234,47.779998779296875,49.810001373291016,0.0,9718200
2021-03-03,44.62120819091797,45.560001373291016,0.0,47.56999969482422,45.310001373291016,47.09000015258789,0.0,16898400
2021-03-04,39.27371597290039,40.099998474121094,0.0,43.59000015258789,39.88999938964844,43.060001373291016,0.0,33121300
2021-03-05,40.6546630859375,41.5099983215332,0.0,41.630001068115234,37.91999816894531,40.599998474121094,0.0,21673000
2021-03-08,39.23454284667969,40.060001373291016,0.0,42.91999816894531,39.970001220703125,42.36000061035156,0.0,18059900
2021-03-09,42.956241607666016,43.86000061035156,0.0,44.4900016784668,41.619998931884766,42.2599983215332,0.0,20324000
2021-03-10,41.957271575927734,42.84000015258789,0.0,44.88999938964844,42.72999954223633,44.63999938964844,0.0,21969000
2021-03-11,45.3459587097168,46.29999923706055,0.0,46.650001525878906,44.279998779296875,44.5,0.0,18895300
2021-03-12,46.18824768066406,47.15999984741211,0.0,47.470001220703125,44.90999984741211,44.90999984741211,0.0,16216900
2021-03-15,47.36351776123047,48.36000061035156,0.0,48.380001068115234,47.150001525878906,47.38999938964844,0.0,8371900
2021-03-16,46.971763610839844,47.959999084472656,0.0,49.189998626708984,47.58000183105469,48.72999954223633,0.0,9320700
2021-03-17,47.108863830566406,48.099998474121094,0.0,48.5,46.310001373291016,46.83000183105469,0.0,11421300
2021-03-18,44.611419677734375,45.54999923706055,0.0,47.43000030517578,45.47999954223633,47.400001525878906,0.0,9720000
2021-03-19,46.03154754638672,47.0,0.0,47.25,45.52000045776367,46.09000015258789,0.0,10172000
2021-03-22,46.6877326965332,47.66999816894531,0.0,48.560001373291016,47.310001373291016,47.810001373291016,0.0,7974100
2021-03-23,45.19905471801758,46.150001525878906,0.0,47.81999969482422,45.939998626708984,47.7400016784668,0.0,8492200
2021-03-24,44.317604064941406,45.25,0.0,47.439998626708984,45.18000030517578,46.93000030517578,0.0,18802100
2021-03-25,43.827903747558594,44.75,0.0,45.11000061035156,43.650001525878906,44.119998931884766,0.0,11073800
2021-03-26,46.002159118652344,46.970001220703125,0.0,47.06999969482422,44.41999816894531,44.54999923706055,0.0,10575400
2021-03-29,45.551631927490234,46.5099983215332,0.0,47.13999938964844,45.90999984741211,46.849998474121094,0.0,9303300
2021-03-30,46.3547477722168,47.33000183105469,0.0,47.529998779296875,45.91999816894531,46.34000015258789,0.0,8375500
2021-03-31,47.97073745727539,48.97999954223633,0.0,49.599998474121094,47.869998931884766,48.099998474121094,0.0,10221300
2021-04-01,48.63673400878906,49.65999984741211,0.0,50.0,48.779998779296875,49.70000076293945,0.0,11084700
2021-04-05,50.01767349243164,51.06999969482422,0.0,51.209999084472656,50.119998931884766,50.540000915527344,0.0,9557300
2021-04-06,49.80220413208008,50.849998474121094,0.0,51.220001220703125,50.11000061035156,50.59000015258789,0.0,9666300
2021-04-07,49.32230758666992,50.36000061035156,0.0,50.93000030517578,50.09000015258789,50.70000076293945,0.0,8130400
2021-04-08,49.40074157714844,50.380001068115234,0.06,51.4900016784668,49.90999984741211,51.0,0.0,7607500
2021-04-09,48.63591003417969,49.599998474121094,0.0,50.15999984741211,49.29999923706055,49.63999938964844,0.0,7054400
2021-04-12,48.6849365234375,49.650001525878906,0.0,50.06999969482422,48.709999084472656,49.29999923706055,0.0,12191400
2021-04-13,47.80243682861328,48.75,0.0,49.97999954223633,48.13999938964844,49.72999954223633,0.0,7682400
2021-04-14,47.135658264160156,48.06999969482422,0.0,49.31999969482422,47.81999969482422,48.81999969482422,0.0,6456600
2021-04-15,47.83184814453125,48.779998779296875,0.0,49.0099983215332,48.15999984741211,48.599998474121094,0.0,6630100
2021-04-16,46.978763580322266,47.90999984741211,0.0,48.880001068115234,47.40999984741211,48.68000030517578,0.0,12939800
2021-04-19,45.74325180053711,46.650001525878906,0.0,47.81999969482422,46.09000015258789,47.439998626708984,0.0,9722500
2021-04-20,44.94898986816406,45.84000015258789,0.0,47.130001068115234,45.65999984741211,46.220001220703125,0.0,21600700
2021-04-21,46.5571174621582,47.47999954223633,0.0,47.5099983215332,45.22999954223633,45.619998931884766,0.0,9507500
2021-04-22,44.233192443847656,45.11000061035156,0.0,47.77000045776367,45.040000915527344,47.77000045776367,0.0,11112400
2021-04-23,45.203941345214844,46.099998474121094,0.0,46.470001220703125,45.2599983215332,45.400001525878906,0.0,10248300
2021-04-26,46.40022659301758,47.31999969482422,0.0,47.400001525878906,46.27000045776367,46.47999954223633,0.0,9994900
2021-04-27,45.03725051879883,45.93000030517578,0.0,47.7400016784668,45.83000183105469,47.459999084472656,0.0,9981500
2021-04-28,45.89033889770508,46.79999923706055,0.0,47.02000045776367,45.5,45.849998474121094,0.0,9650600
2021-04-29,46.34138870239258,47.2599983215332,0.0,47.470001220703125,46.18000030517578,47.29999923706055,0.0,5626100
2021-04-30,44.331241607666016,45.209999084472656,0.0,46.709999084472656,45.04999923706055,46.38999938964844,0.0,8806500
2021-05-03,43.44873809814453,44.310001373291016,0.0,45.540000915527344,44.119998931884766,45.47999954223633,0.0,7360100
2021-05-04,43.62523651123047,44.4900016784668,0.0,44.5,42.689998626708984,43.689998626708984,0.0,9914800
2021-05-05,43.91939926147461,44.790000915527344,0.0,45.630001068115234,44.38999938964844,44.86000061035156,0.0,6351600
2021-05-06,44.65483474731445,45.540000915527344,0.0,45.66999816894531,44.04999923706055,44.45000076293945,0.0,6760300
2021-05-07,45.0666618347168,45.959999084472656,0.0,46.58000183105469,45.5099983215332,45.900001525878906,0.0,5898000
2021-05-10,43.45854187011719,44.31999969482422,0.0,45.869998931884766,44.290000915527344,45.560001373291016,0.0,9008000
2021-05-11,43.360477447509766,44.220001220703125,0.0,44.58000183105469,42.06999969482422,42.68000030517578,0.0,8225500
2021-05-12,40.703155517578125,41.5099983215332,0.0,43.09000015258789,41.15999984741211,42.900001525878906,0.0,13437700
2021-05-13,40.79140853881836,41.599998474121094,0.0,42.84000015258789,40.790000915527344,42.029998779296875,0.0,9171800
2021-05-14,42.5172004699707,43.36000061035156,0.0,43.810001373291016,41.880001068115234,42.47999954223633,0.0,7757600
2021-05-17,41.97789001464844,42.810001373291016,0.0,43.310001373291016,42.220001220703125,42.91999816894531,0.0,8721100
2021-05-18,41.6248779296875,42.45000076293945,0.0,43.22999954223633,42.34000015258789,43.08000183105469,0.0,6353500
2021-05-19,43.64485168457031,44.5099983215332,0.0,44.83000183105469,41.25,41.459999084472656,0.0,13074100
2021-05-20,45.36083221435547,46.2599983215332,0.0,46.43000030517578,44.75,44.81999969482422,0.0,14275600
2021-05-21,45.32160568237305,46.220001220703125,0.0,46.779998779296875,45.90999984741211,46.779998779296875,0.0,7602600
2021-05-24,46.694393157958984,47.619998931884766,0.0,47.86000061035156,46.5099983215332,46.66999816894531,0.0,7961300
2021-05-25,47.0964241027832,48.029998779296875,0.0,48.43000030517578,47.52000045776367,47.970001220703125,0.0,8518100
2021-05-26,47.67496109008789,48.619998931884766,0.0,48.790000915527344,47.849998474121094,48.31999969482422,0.0,6634200
2021-05-27,47.420013427734375,48.36000061035156,0.0,48.66999816894531,47.86000061035156,48.29999923706055,0.0,6909800
2021-05-28,47.361175537109375,48.29999923706055,0.0,49.209999084472656,48.20000076293945,48.650001525878906,0.0,4168600
2021-06-01,46.821876525878906,47.75,0.0,48.95000076293945,47.56999969482422,48.7400016784668,0.0,5225100
2021-06-02,46.59634780883789,47.52000045776367,0.0,48.029998779296875,47.2599983215332,47.709999084472656,0.0,4922100
2021-06-03,46.26294708251953,47.18000030517578,0.0,47.900001525878906,46.77000045776367,47.0,0.0,6664500
2021-06-04,47.7534065246582,48.70000076293945,0.0,48.790000915527344,47.619998931884766,47.630001068115234,0.0,7265900
2021-06-07,47.33176803588867,48.27000045776367,0.0,48.91999816894531,48.130001068115234,48.90999984741211,0.0,10989200
2021-06-08,49.743953704833984,50.72999954223633,0.0,52.650001525878906,49.400001525878906,51.18000030517578,0.0,20539100
2021-06-09,49.3713264465332,50.349998474121094,0.0,51.29999923706055,50.119998931884766,50.54999923706055,0.0,8731600
2021-06-10,50.79314041137695,51.79999923706055,0.0,51.91999816894531,50.27000045776367,50.31999969482422,0.0,9481800
2021-06-11,51.087318420410156,52.099998474121094,0.0,52.11000061035156,51.220001220703125,51.650001525878906,0.0,7416200
2021-06-14,52.754276275634766,53.79999923706055,0.0,54.0,52.150001525878906,52.29999923706055,0.0,9430600
2021-06-15,52.5483512878418,53.59000015258789,0.0,53.880001068115234,53.099998474121094,53.689998626708984,0.0,7409000
2021-06-16,53.05824661254883,54.11000061035156,0.0,54.529998779296875,53.209999084472656,53.869998931884766,0.0,7507000
2021-06-17,54.04862594604492,55.119998931884766,0.0,55.40999984741211,53.810001373291016,53.849998474121094,0.0,8071500
2021-06-18,53.21514892578125,54.27000045776367,0.0,55.33000183105469,53.959999084472656,54.58000183105469,0.0,18784100
2021-06-21,53.75444412231445,54.81999969482422,0.0,55.34000015258789,53.70000076293945,54.29999923706055,0.0,6748800
2021-06-22,53.30340576171875,54.36000061035156,0.0,55.099998474121094,53.939998626708984,55.099998474121094,0.0,6423700
2021-06-23,53.4700813293457,54.529998779296875,0.0,54.84000015258789,54.22999954223633,54.22999954223633,0.0,3685700
2021-06-24,55.048789978027344,56.13999938964844,0.0,56.29999923706055,54.77000045776367,55.029998779296875,0.0,6387300
2021-06-25,55.20567321777344,56.29999923706055,0.0,56.540000915527344,55.86000061035156,56.29999923706055,0.0,9023000
2021-06-28,57.46097183227539,58.599998474121094,0.0,58.880001068115234,57.119998931884766,57.29999923706055,0.0,9568100
2021-06-29,57.617862701416016,58.7599983215332,0.0,58.95000076293945,57.84000015258789,58.54999923706055,0.0,5512000
2021-06-30,57.19623565673828,58.33000183105469,0.0,58.880001068115234,58.06999969482422,58.7599983215332,0.0,5265000
2021-07-01,56.27449417114258,57.38999938964844,0.0,57.97999954223633,56.790000915527344,57.970001220703125,0.0,6112900
2021-07-02,56.30391311645508,57.41999816894531,0.0,57.709999084472656,56.650001525878906,57.400001525878906,0.0,5436800
2021-07-06,56.382354736328125,57.5,0.0,57.9900016784668,56.810001373291016,57.959999084472656,0.0,5932200
2021-07-07,55.57829666137695,56.68000030517578,0.0,58.20000076293945,56.09000015258789,58.119998931884766,0.0,5527900
2021-07-08,55.2347412109375,56.27000045776367,0.06,56.63999938964844,55.0,55.25,0.0,6320300
2021-07-09,55.951316833496094,57.0,0.0,57.31999969482422,55.84000015258789,56.380001068115234,0.0,4665200
2021-07-12,56.275238037109375,57.33000183105469,0.0,57.41999816894531,56.52000045776367,56.63999938964844,0.0,4069400
2021-07-13,55.72553253173828,56.77000045776367,0.0,57.4900016784668,56.5099983215332,57.09000015258789,0.0,4304700
2021-07-14,54.97951889038086,56.0099983215332,0.0,57.58000183105469,55.90999984741211,57.58000183105469,0.0,4629400
2021-07-15,54.675228118896484,55.70000076293945,0.0,57.060001373291016,55.349998474121094,56.4900016784668,0.0,6740100
2021-07-16,52.977054595947266,53.970001220703125,0.0,56.189998626708984,53.77000045776367,55.900001525878906,0.0,6684900
2021-07-19,53.79179000854492,54.79999923706055,0.0,54.959999084472656,52.790000915527344,53.349998474121094,0.0,7771900
2021-07-20,55.5194091796875,56.560001373291016,0.0,57.029998779296875,54.45000076293945,54.849998474121094,0.0,7876100
2021-07-21,57.25684356689453,58.33000183105469,0.0,58.380001068115234,56.2400016784668,56.61000061035156,0.0,5839600
2021-07-22,56.913265228271484,57.97999954223633,0.0,58.06999969482422,57.38999938964844,57.56999969482422,0.0,3278100
2021-07-23,57.835975646972656,58.91999816894531,0.0,59.27000045776367,57.810001373291016,58.45000076293945,0.0,4406500
2021-07-26,57.86543273925781,58.95000076293945,0.0,59.2400016784668,58.45000076293945,58.630001068115234,0.0,3516100
2021-07-27,56.913265228271484,57.97999954223633,0.0,58.959999084472656,56.47999954223633,58.959999084472656,0.0,6082400
2021-07-28,57.90469741821289,58.9900016784668,0.0,59.130001068115234,57.970001220703125,58.06999969482422,0.0,5229400
2021-07-29,59.200408935546875,60.310001373291016,0.0,60.38999938964844,59.099998474121094,59.150001525878906,0.0,5502200
2021-07-30,59.39672088623047,60.5099983215332,0.0,60.599998474121094,59.5099983215332,59.790000915527344,0.0,4456500
2021-08-02,59.455623626708984,60.56999969482422,0.0,61.47999954223633,60.400001525878906,61.0,0.0,4456100
2021-08-03,60.21146011352539,61.34000015258789,0.0,61.43000030517578,59.349998474121094,60.209999084472656,0.0,6253300
2021-08-04,60.751338958740234,61.88999938964844,0.0,62.619998931884766,61.349998474121094,61.54999923706055,0.0,8185200
2021-08-05,59.926788330078125,61.04999923706055,0.0,62.709999084472656,60.81999969482422,62.13999938964844,0.0,5947900
2021-08-06,59.42617416381836,60.540000915527344,0.0,61.060001373291016,60.380001068115234,60.4900016784668,0.0,3808500
2021-08-09,59.367286682128906,60.47999954223633,0.0,61.09000015258789,60.060001373291016,61.060001373291016,0.0,2497600
2021-08-10,58.65071105957031,59.75,0.0,60.869998931884766,58.540000915527344,60.689998626708984,0.0,3981600
2021-08-11,58.68998336791992,59.790000915527344,0.0,60.400001525878906,59.11000061035156,60.02000045776367,0.0,4029500
2021-08-12,58.758689880371094,59.86000061035156,0.0,60.9900016784668,58.61000061035156,59.0,0.0,6491400
2021-08-13,59.278926849365234,60.38999938964844,0.0,60.47999954223633,59.5099983215332,59.83000183105469,0.0,3155000
2021-08-16,58.071571350097656,59.15999984741211,0.0,60.25,58.70000076293945,60.130001068115234,0.0,5560900
2021-08-17,57.44334030151367,58.52000045776367,0.0,58.779998779296875,57.599998474121094,58.5,0.0,6497100
2021-08-18,56.77584457397461,57.84000015258789,0.0,59.099998474121094,57.77000045776367,58.130001068115234,0.0,3977400
2021-08-19,57.89487838745117,58.97999954223633,0.0,59.43000030517578,57.099998474121094,57.36000061035156,0.0,4973500
2021-08-20,58.748863220214844,59.849998474121094,0.0,59.90999984741211,58.7599983215332,58.84000015258789,0.0,4617700
2021-08-23,60.859317779541016,62.0,0.0,62.189998626708984,60.34000015258789,60.70000076293945,0.0,7325500
2021-08-24,61.399200439453125,62.54999923706055,0.0,62.83000183105469,61.93000030517578,62.290000915527344,0.0,5710800
2021-08-25,62.037235260009766,63.20000076293945,0.0,63.439998626708984,62.459999084472656,62.779998779296875,0.0,6336300
2021-08-26,62.076499938964844,63.2400016784668,0.0,64.06999969482422,62.83000183105469,63.5,0.0,6685700
2021-08-27,60.21146011352539,61.34000015258789,0.0,62.2400016784668,60.08000183105469,61.970001220703125,0.0,14782000
2021-08-30,60.82005310058594,61.959999084472656,0.0,63.06999969482422,61.47999954223633,61.56999969482422,0.0,6938200
2021-08-31,60.06421661376953,61.189998626708984,0.0,62.04999923706055,61.11000061035156,62.0,0.0,5267900
2021-09-01,59.60286331176758,60.720001220703125,0.0,61.70000076293945,60.599998474121094,61.619998931884766,0.0,4968300
2021-09-02,60.19182205200195,61.31999969482422,0.0,61.5,60.779998779296875,61.27000045776367,0.0,2777300
2021-09-03,60.37833023071289,61.5099983215332,0.0,62.20000076293945,61.099998474121094,61.27000045776367,0.0,2518000
2021-09-07,60.113304138183594,61.2400016784668,0.0,62.040000915527344,61.209999084472656,61.7599983215332,0.0,3020100
2021-09-08,59.259300231933594,60.369998931884766,0.0,61.34000015258789,59.900001525878906,60.869998931884766,0.0,3292600
2021-09-09,60.123111724853516,61.25,0.0,61.849998474121094,60.5,60.52000045776367,0.0,3304900
2021-09-10,60.04458236694336,61.16999816894531,0.0,62.599998474121094,61.119998931884766,61.91999816894531,0.0,4430200
2021-09-13,61.23232650756836,62.380001068115234,0.0,62.459999084472656,61.04999923706055,61.93000030517578,0.0,5246900
2021-09-14,61.15378952026367,62.29999923706055,0.0,63.029998779296875,61.86000061035156,62.599998474121094,0.0,3323700
2021-09-15,61.310855865478516,62.459999084472656,0.0,62.939998626708984,61.83000183105469,62.31999969482422,0.0,4436900
2021-09-16,62.08631896972656,63.25,0.0,63.33000183105469,61.630001068115234,61.91999816894531,0.0,4391500
2021-09-17,60.95747375488281,62.099998474121094,0.0,63.13999938964844,61.7400016784668,63.13999938964844,0.0,11428300
2021-09-20,59.563594818115234,60.68000030517578,0.0,61.2400016784668,59.38999938964844,60.79999923706055,0.0,7158700
2021-09-21,59.907161712646484,61.029998779296875,0.0,61.4900016784668,60.16999816894531,61.04999923706055,0.0,3468500
2021-09-22,61.51698303222656,62.66999816894531,0.0,62.86000061035156,61.27000045776367,61.5,0.0,3595700
2021-09-23,62.2728271484375,63.439998626708984,0.0,63.97999954223633,62.81999969482422,62.86000061035156,0.0,4530000
2021-09-24,62.439693450927734,63.61000061035156,0.0,63.95000076293945,62.630001068115234,63.0,0.0,2912400
2021-09-27,61.90963363647461,63.06999969482422,0.0,63.58000183105469,62.060001373291016,62.7599983215332,0.0,4097500
2021-09-28,59.63231658935547,60.75,0.0,61.88999938964844,60.66999816894531,61.41999816894531,0.0,6982100
2021-09-29,59.04335403442383,60.150001525878906,0.0,61.81999969482422,60.08000183105469,61.08000183105469,0.0,4583700
2021-09-30,59.200408935546875,60.310001373291016,0.0,61.63999938964844,60.2400016784668,60.459999084472656,0.0,4970000
2021-10-01,58.72924041748047,59.83000183105469,0.0,60.869998931884766,58.349998474121094,60.79999923706055,0.0,6822700
2021-10-04,56.53045654296875,57.59000015258789,0.0,59.470001220703125,56.86000061035156,59.45000076293945,0.0,6955500
2021-10-05,58.29733657836914,59.38999938964844,0.0,60.060001373291016,58.2599983215332,58.380001068115234,0.0,7195800
2021-10-06,62.57712936401367,63.75,0.0,64.2699966430664,58.52000045776367,58.68000030517578,0.0,16659300
2021-10-07,64.01160430908203,65.1500015258789,0.06,67.19000244140625,64.51000213623047,65.0,0.0,15222500
2021-10-08,63.49087142944336,64.62000274658203,0.0,65.5999984741211,64.31999969482422,65.44000244140625,0.0,5665700
2021-10-11,62.33148193359375,63.439998626708984,0.0,64.87000274658203,63.38999938964844,64.26000213623047,0.0,4063400
2021-10-12,62.47886657714844,63.59000015258789,0.0,64.52999877929688,62.5,64.44000244140625,0.0,6357800
2021-10-13,62.31183624267578,63.41999816894531,0.0,64.69999694824219,63.20000076293945,64.33999633789062,0.0,6696100
2021-10-14,64.14915466308594,65.29000091552734,0.0,66.13999938964844,64.5199966430664,64.91000366210938,0.0,8489200
2021-10-15,64.50288391113281,65.6500015258789,0.0,66.27999877929688,65.26000213623047,65.9000015258789,0.0,5971300
2021-10-18,65.9963150024414,67.16999816894531,0.0,67.22000122070312,65.0199966430664,65.31999969482422,0.0,5342300
2021-10-19,66.6644058227539,67.8499984741211,0.0,68.12000274658203,66.62000274658203,67.3499984741211,0.0,7367500
2021-10-20,66.01596069335938,67.19000244140625,0.0,68.0,66.6500015258789,67.68000030517578,0.0,3979700
2021-10-21,65.89805603027344,67.06999969482422,0.0,67.11000061035156,65.94000244140625,66.58000183105469,0.0,5297600
2021-10-22,65.15133666992188,66.30999755859375,0.0,67.69999694824219,65.87000274658203,67.5,0.0,5228000
2021-10-25,66.48756408691406,67.66999816894531,0.0,67.9800033569336,66.37999725341797,66.69999694824219,0.0,4999700
2021-10-26,66.5465316772461,67.7300033569336,0.0,69.08999633789062,67.66999816894531,68.68000030517578,0.0,6211600
2021-10-27,66.51704406738281,67.69999694824219,0.0,68.55000305175781,67.1500015258789,67.5,0.0,4912000
2021-10-28,67.2834243774414,68.4800033569336,0.0,68.58999633789062,67.63999938964844,68.1500015258789,0.0,3526800
2021-10-29,67.30309295654297,68.5,0.0,68.87999725341797,67.75,67.87999725341797,0.0,5436700
2021-11-01,67.7550277709961,68.95999908447266,0.0,68.97000122070312,67.7699966430664,68.66999816894531,0.0,6106600
2021-11-02,68.6884536743164,69.91000366210938,0.0,71.4000015258789,68.91000366210938,69.0,0.0,7087800
2021-11-03,68.03997039794922,69.25,0.0,69.70999908447266,68.80999755859375,69.66000366210938,0.0,4134800
2021-11-04,70.28994750976562,71.54000091552734,0.0,71.62999725341797,68.83999633789062,69.80999755859375,0.0,8692300
2021-11-05,70.60436248779297,71.86000061035156,0.0,72.91999816894531,71.30000305175781,72.0,0.0,6343900
2021-11-08,71.72441864013672,73.0,0.0,73.76000213623047,71.79000091552734,72.1500015258789,0.0,6823700
2021-11-09,71.66548919677734,72.94000244140625,0.0,74.05999755859375,72.18000030517578,73.73999786376953,0.0,4937900
2021-11-10,69.72993469238281,70.97000122070312,0.0,73.25,70.62999725341797,71.95999908447266,0.0,6471400
2021-11-11,72.1371078491211,73.41999816894531,0.0,73.5199966430664,71.55999755859375,71.58000183105469,0.0,5485300
2021-11-12,72.196044921875,73.4800033569336,0.0,74.48999786376953,72.58999633789062,73.81999969482422,0.0,5454900
2021-11-15,71.64583587646484,72.91999816894531,0.0,73.66000366210938,71.52999877929688,73.55999755859375,0.0,4021200
2021-11-16,72.53010559082031,73.81999969482422,0.0,74.0999984741211,71.94000244140625,72.68000030517578,0.0,5087200
2021-11-17,72.35324096679688,73.63999938964844,0.0,74.33000183105469,73.13999938964844,73.87999725341797,0.0,4145700
2021-11-18,73.83687591552734,75.1500015258789,0.0,75.25,74.19999694824219,74.69999694824219,0.0,5796100
2021-11-19,73.27684020996094,74.58000183105469,0.0,75.79000091552734,74.3499984741211,75.12999725341797,0.0,5458300
2021-11-22,71.47881317138672,72.75,0.0,76.12000274658203,72.44000244140625,75.0999984741211,0.0,8644300
2021-11-23,71.94059753417969,73.22000122070312,0.0,74.0,71.2699966430664,73.02999877929688,0.0,5790300
2021-11-24,72.56939697265625,73.86000061035156,0.0,74.0,71.80000305175781,72.47000122070312,0.0,4826000
2021-11-26,70.73209381103516,71.98999786376953,0.0,74.13999938964844,71.52999877929688,72.69999694824219,0.0,4596000
2021-11-29,73.70914459228516,75.0199966430664,0.0,75.29000091552734,73.0,73.36000061035156,0.0,9161400
2021-11-30,69.92639923095703,71.16999816894531,0.0,75.13999938964844,70.80000305175781,74.83999633789062,0.0,13173200
2021-12-01,69.71026611328125,70.94999694824219,0.0,75.0199966430664,70.83000183105469,72.75,0.0,8805800
2021-12-02,69.78886413574219,71.02999877929688,0.0,72.16000366210938,69.30000305175781,70.33999633789062,0.0,10772600
2021-12-03,82.12940979003906,83.58999633789062,0.0,88.48999786376953,80.47000122070312,85.88999938964844,0.0,51023700
2021-12-06,83.9372329711914,85.43000030517578,0.0,86.37000274658203,80.37000274658203,83.51000213623047,0.0,15634400
2021-12-07,89.91101837158203,91.51000213623047,0.0,92.4000015258789,86.88999938964844,87.45999908447266,0.0,21126700
2021-12-08,89.6948471069336,91.29000091552734,0.0,93.8499984741211,89.4000015258789,90.7699966430664,0.0,14554700
2021-12-09,88.45685577392578,90.02999877929688,0.0,92.79000091552734,89.66999816894531,90.66000366210938,0.0,11836000
2021-12-10,87.46450805664062,89.0199966430664,0.0,92.27999877929688,88.22000122070312,91.33000183105469,0.0,9660000
2021-12-13,85.07696533203125,86.58999633789062,0.0,89.81999969482422,86.48999786376953,89.44000244140625,0.0,7371500
2021-12-14,83.79969024658203,85.29000091552734,0.0,86.62999725341797,84.36000061035156,84.88999938964844,0.0,8596000
2021-12-15,86.82588958740234,88.37000274658203,0.0,88.83999633789062,84.0,85.43000030517578,0.0,14422000
2021-12-16,82.12940979003906,83.58999633789062,0.0,89.87999725341797,82.62999725341797,89.58999633789062,0.0,17014800
2021-12-17,82.56170654296875,84.02999877929688,0.0,85.37000274658203,81.58000183105469,82.0,0.0,16185600
2021-12-20,82.69926452636719,84.16999816894531,0.0,84.54000091552734,82.5,82.7300033569336,0.0,9546800
2021-12-21,84.79206085205078,86.30000305175781,0.0,87.29000091552734,84.45999908447266,86.63999938964844,0.0,10103700
2021-12-22,86.74726867675781,88.29000091552734,0.0,88.4000015258789,85.47000122070312,86.19000244140625,0.0,9516400
2021-12-23,86.14793395996094,87.68000030517578,0.0,89.5199966430664,87.44999694824219,88.23999786376953,0.0,8016500
2021-12-27,89.2232437133789,90.80999755859375,0.0,91.18000030517578,87.80000305175781,88.0,0.0,7116000
2021-12-28,86.45250701904297,87.98999786376953,0.0,91.05999755859375,87.76000213623047,90.9800033569336,0.0,5798700
2021-12-29,86.99291229248047,88.54000091552734,0.0,88.97000122070312,87.70999908447266,88.06999969482422,0.0,3583000
2021-12-30,85.9121322631836,87.44000244140625,0.0,88.98999786376953,87.2300033569336,88.54000091552734,0.0,4303100
2021-12-31,85.96125030517578,87.48999786376953,0.0,88.54000091552734,87.44999694824219,87.58999633789062,0.0,3611600
2022-01-03,87.86736297607422,89.43000030517578,0.0,90.05000305175781,87.81999969482422,87.94999694824219,0.0,6813000
2022-01-04,86.82588958740234,88.37000274658203,0.0,91.77999877929688,86.41000366210938,90.27999877929688,0.0,11874900
2022-01-05,82.65013885498047,84.12000274658203,0.0,89.69000244140625,83.98999786376953,87.04000091552734,0.0,11010500
2022-01-06,84.09547424316406,85.52999877929688,0.06,86.2699966430664,82.0,82.70999908447266,0.0,9697100
2022-01-07,81.716064453125,83.11000061035156,0.0,85.87000274658203,82.58999633789062,85.47000122070312,0.0,10289300
2022-01-10,80.83116149902344,82.20999908447266,0.0,82.33000183105469,77.38999938964844,81.11000061035156,0.0,16685000
2022-01-11,84.78373718261719,86.2300033569336,0.0,86.41999816894531,80.80000305175781,81.18000030517578,0.0,15358700
2022-01-12,83.515380859375,84.94000244140625,0.0,87.41999816894531,84.4000015258789,86.69000244140625,0.0,9308700
2022-01-13,77.33087158203125,78.6500015258789,0.0,86.6500015258789,78.5,85.91000366210938,0.0,13860600
2022-01-14,81.60791015625,83.0,0.0,83.12999725341797,77.81999969482422,77.81999969482422,0.0,14780100
2022-01-18,76.36730194091797,77.66999816894531,0.0,81.54000091552734,77.41999816894531,80.30000305175781,0.0,12375000
2022-01-19,75.60039520263672,76.88999938964844,0.0,79.33000183105469,75.7699966430664,78.33999633789062,0.0,12153300
2022-01-20,72.56221771240234,73.80000305175781,0.0,78.6500015258789,73.7300033569336,77.33999633789062,0.0,10401200
2022-01-21,71.33316802978516,72.55000305175781,0.0,76.12999725341797,72.19999694824219,72.91000366210938,0.0,14820400
2022-01-24,70.88088989257812,72.08999633789062,0.0,72.22000122070312,66.97000122070312,71.05999755859375,0.0,22085000
2022-01-25,65.89591979980469,67.0199966430664,0.0,70.26000213623047,66.94999694824219,69.58999633789062,0.0,17846800
2022-01-26,66.52520751953125,67.66000366210938,0.0,72.19999694824219,66.93000030517578,70.01000213623047,0.0,19451800
2022-01-27,63.80165481567383,64.88999938964844,0.0,70.25,64.72000122070312,69.36000061035156,0.0,13587900
2022-01-28,65.20767211914062,66.31999969482422,0.0,66.33999633789062,62.54999923706055,64.88999938964844,0.0,11456300
2022-01-31,70.20247650146484,71.4000015258789,0.0,71.44000244140625,66.87999725341797,66.88999938964844,0.0,12501700
2022-02-01,71.20536041259766,72.41999816894531,0.0,72.62000274658203,69.29000091552734,72.2300033569336,0.0,10089300
2022-02-02,72.83753204345703,74.08000183105469,0.0,75.12999725341797,71.86000061035156,74.11000061035156,0.0,11005500
2022-02-03,67.47891998291016,68.62999725341797,0.0,72.54000091552734,68.33999633789062,71.0199966430664,0.0,11944300
2022-02-04,69.90748596191406,71.0999984741211,0.0,71.94000244140625,68.66000366210938,68.7699966430664,0.0,7967100
2022-02-07,70.36961364746094,71.56999969482422,0.0,73.20999908447266,71.08999633789062,71.27999877929688,0.0,6969200
2022-02-08,75.21693420410156,76.5,0.0,76.76000213623047,71.11000061035156,71.12000274658203,0.0,13362600
2022-02-09,76.43614196777344,77.73999786376953,0.0,77.95999908447266,75.27999877929688,77.6500015258789,0.0,10748200
2022-02-10,72.60153198242188,73.83999633789062,0.0,78.19000244140625,73.18000030517578,74.88999938964844,0.0,12088800
2022-02-11,66.84967041015625,67.98999786376953,0.0,74.83999633789062,67.48999786376953,73.5,0.0,13642800
2022-02-14,66.61369323730469,67.75,0.0,69.88999938964844,66.62000274658203,68.08000183105469,0.0,12249900
2022-02-15,72.92601776123047,74.16999816894531,0.0,74.26000213623047,69.83000183105469,70.18000030517578,0.0,12663300
2022-02-16,70.89073181152344,72.0999984741211,0.0,72.83000183105469,70.56999969482422,72.58000183105469,0.0,7442300
2022-02-17,66.41705322265625,67.55000305175781,0.0,71.0,67.16999816894531,70.4000015258789,0.0,12107800
2022-02-18,66.2105712890625,67.33999633789062,0.0,69.05000305175781,66.26000213623047,68.19000244140625,0.0,9049100
2022-02-22,65.58130645751953,66.69999694824219,0.0,68.87000274658203,65.66999816894531,66.4800033569336,0.0,7596000
2022-02-23,63.73283767700195,64.81999969482422,0.0,68.7699966430664,64.66999816894531,67.52999877929688,0.0,9648200
2022-02-24,66.65300750732422,67.79000091552734,0.0,68.08000183105469,60.959999084472656,61.400001525878906,0.0,13272100
2022-02-25,67.59690856933594,68.75,0.0,69.31999969482422,66.30000305175781,67.86000061035156,0.0,8691700
2022-02-28,67.1839599609375,68.33000183105469,0.0,69.43000030517578,66.2300033569336,68.0,0.0,12495100
2022-03-01,63.860660552978516,64.94999694824219,0.0,68.54000091552734,64.13999938964844,68.47000122070312,0.0,12371200
2022-03-02,66.53502655029297,67.66999816894531,0.0,68.5,65.29000091552734,66.37000274658203,0.0,10682300
2022-03-03,64.10646057128906,65.19999694824219,0.0,68.9000015258789,64.69000244140625,68.33000183105469,0.0,18563500
2022-03-04,62.34648132324219,63.40999984741211,0.0,68.4800033569336,62.349998474121094,63.68000030517578,0.0,25845200
2022-03-07,60.14405059814453,61.16999816894531,0.0,66.58999633789062,60.970001220703125,64.95999908447266,0.0,17201600
2022-03-08,63.428035736083984,64.51000213623047,0.0,68.13999938964844,60.790000915527344,61.16999816894531,0.0,14892100
2022-03-09,65.4338150024414,66.55000305175781,0.0,67.27999877929688,65.0,66.31999969482422,0.0,10367600
2022-03-10,64.15562438964844,65.25,0.0,66.66999816894531,64.37000274658203,65.25,0.0,7693800
2022-03-11,62.0318489074707,63.09000015258789,0.0,66.5199966430664,62.939998626708984,65.97000122070312,0.0,6972000
2022-03-14,59.239471435546875,60.25,0.0,63.34000015258789,58.84000015258789,62.880001068115234,0.0,12496100
2022-03-15,64.67674255371094,65.77999877929688,0.0,65.97000122070312,60.93000030517578,61.29999923706055,0.0,12611200
2022-03-16,67.75422668457031,68.91000366210938,0.0,69.37000274658203,65.04000091552734,67.0,0.0,13280500
2022-03-17,68.24584197998047,69.41000366210938,0.0,69.4800033569336,66.91000366210938,67.91999816894531,0.0,7304200
2022-03-18,70.13365173339844,71.33000183105469,0.0,71.7699966430664,68.05000305175781,69.11000061035156,0.0,13982500
2022-03-21,69.52404022216797,70.70999908447266,0.0,71.72000122070312,69.0999984741211,70.66000366210938,0.0,7338200
2022-03-22,70.18280792236328,71.37999725341797,0.0,72.83999633789062,70.33000183105469,70.41999816894531,0.0,6645500
2022-03-23,67.78373718261719,68.94000244140625,0.0,72.0199966430664,68.8499984741211,70.43000030517578,0.0,6950300
2022-03-24,72.52289581298828,73.76000213623047,0.0,73.86000061035156,69.22000122070312,69.9800033569336,0.0,9556500
2022-03-25,73.1226577758789,74.37000274658203,0.0,74.86000061035156,73.01000213623047,73.72000122070312,0.0,10992600
2022-03-28,73.06365966796875,74.30999755859375,0.0,74.44000244140625,71.94999694824219,73.8499984741211,0.0,6988200
2022-03-29,74.88263702392578,76.16000366210938,0.0,76.58999633789062,74.30000305175781,75.91999816894531,0.0,7427200
2022-03-30,71.78547668457031,73.01000213623047,0.0,75.51000213623047,72.26000213623047,74.83000183105469,0.0,8727600
2022-03-31,70.50726318359375,71.70999908447266,0.0,73.80000305175781,71.5999984741211,73.30999755859375,0.0,8046700
2022-04-01,69.87800598144531,71.06999969482422,0.0,72.7300033569336,69.41999816894531,72.0,0.0,8033300
2022-04-04,71.7363052368164,72.95999908447266,0.0,73.0,70.7300033569336,71.55999755859375,0.0,9622300
2022-04-05,67.16431427001953,68.30999755859375,0.0,72.31999969482422,68.19999694824219,72.29000091552734,0.0,11140000
2022-04-06,65.3846664428711,66.5,0.0,67.7300033569336,64.94000244140625,66.7699966430664,0.0,14416500
2022-04-07,64.61705017089844,65.66000366210938,0.06,67.18000030517578,63.529998779296875,65.80000305175781,0.0,11019100
2022-04-08,62.146907806396484,63.150001525878906,0.0,65.73999786376953,62.9900016784668,65.61000061035156,0.0,10191000
2022-04-11,59.76536178588867,60.72999954223633,0.0,62.369998931884766,60.470001220703125,61.810001373291016,0.0,12152000
2022-04-12,59.17488479614258,60.130001068115234,0.0,63.34000015258789,59.75,62.810001373291016,0.0,10070200
2022-04-13,62.294532775878906,63.29999923706055,0.0,63.75,60.09000015258789,60.779998779296875,0.0,9497400
2022-04-14,60.00154113769531,60.970001220703125,0.0,63.619998931884766,60.869998931884766,63.61000061035156,0.0,7542200
2022-04-18,60.74946594238281,61.72999954223633,0.0,62.470001220703125,60.150001525878906,60.61000061035156,0.0,5830700
2022-04-19,62.75706100463867,63.77000045776367,0.0,63.91999816894531,60.52000045776367,60.959999084472656,0.0,8055100
2022-04-20,61.94024658203125,62.939998626708984,0.0,65.12999725341797,62.47999954223633,64.5,0.0,6847500
2022-04-21,58.997745513916016,59.95000076293945,0.0,65.16999816894531,59.5,64.12000274658203,0.0,8136800
2022-04-22,57.511722564697266,58.439998626708984,0.0,60.52000045776367,58.31999969482422,59.79999923706055,0.0,8638100
2022-04-25,59.72599411010742,60.689998626708984,0.0,60.7599983215332,58.150001525878906,58.4900016784668,0.0,10497800
2022-04-26,57.029502868652344,57.95000076293945,0.0,60.43000030517578,57.849998474121094,59.900001525878906,0.0,10787300
2022-04-27,55.81904602050781,56.720001220703125,0.0,59.58000183105469,56.56999969482422,57.11000061035156,0.0,9750000
2022-04-28,60.090110778808594,61.060001373291016,0.0,61.880001068115234,57.15999984741211,58.34000015258789,0.0,11584600
2022-04-29,57.157440185546875,58.08000183105469,0.0,62.72999954223633,58.0099983215332,59.75,0.0,9138100
2022-05-02,59.11583709716797,60.06999969482422,0.0,60.09000015258789,57.380001068115234,58.11000061035156,0.0,8337300
2022-05-03,59.450439453125,60.40999984741211,0.0,60.720001220703125,59.060001373291016,60.119998931884766,0.0,6329400
2022-05-04,61.910728454589844,62.90999984741211,0.0,63.11000061035156,57.779998779296875,60.7599983215332,0.0,11676300
2022-05-05,57.364105224609375,58.290000915527344,0.0,61.9900016784668,57.33000183105469,61.90999984741211,0.0,11948900
2022-05-06,56.83269119262695,57.75,0.0,60.5099983215332,55.61000061035156,58.029998779296875,0.0,11582300
2022-05-09,52.87653350830078,53.72999954223633,0.0,57.689998626708984,53.540000915527344,56.70000076293945,0.0,12399900
2022-05-10,54.25431442260742,55.130001068115234,0.0,56.54999923706055,52.810001373291016,55.41999816894531,0.0,11114200
2022-05-11,51.7054443359375,52.540000915527344,0.0,55.689998626708984,52.33000183105469,54.439998626708984,0.0,9426400
2022-05-12,51.55781936645508,52.38999938964844,0.0,53.65999984741211,50.40999984741211,51.380001068115234,0.0,12005800
2022-05-13,56.65554428100586,57.56999969482422,0.0,58.029998779296875,53.43000030517578,53.83000183105469,0.0,13265900
2022-05-16,54.35271453857422,55.22999954223633,0.0,57.349998474121094,55.0,57.150001525878906,0.0,9417900
2022-05-17,57.35426712036133,58.279998779296875,0.0,59.0099983215332,56.689998626708984,57.18000030517578,0.0,8401100
2022-05-18,54.13621520996094,55.0099983215332,0.0,59.099998474121094,54.689998626708984,57.369998931884766,0.0,10843400
2022-05-19,53.41780471801758,54.279998779296875,0.0,56.33000183105469,53.540000915527344,54.290000915527344,0.0,9730100
2022-05-20,53.211143493652344,54.06999969482422,0.0,55.90999984741211,51.04999923706055,55.86000061035156,0.0,13790100
2022-05-23,53.98859405517578,54.86000061035156,0.0,54.959999084472656,52.56999969482422,52.56999969482422,0.0,7554400
2022-05-24,51.56767272949219,52.400001525878906,0.0,53.58000183105469,51.560001373291016,53.349998474121094,0.0,10004900
2022-05-25,53.102882385253906,53.959999084472656,0.0,54.47999954223633,51.65999984741211,51.81999969482422,0.0,10589800
2022-05-26,56.08475875854492,56.9900016784668,0.0,57.22999954223633,53.150001525878906,53.25,0.0,16074500
2022-05-27,59.85392379760742,60.81999969482422,0.0,61.400001525878906,58.529998779296875,60.0,0.0,22143000
2022-05-31,58.210445404052734,59.150001525878906,0.0,61.0,58.470001220703125,60.58000183105469,0.0,14203200
2022-06-01,57.118080139160156,58.040000915527344,0.0,60.15999984741211,56.630001068115234,59.34000015258789,0.0,9731600
2022-06-02,60.45423889160156,61.43000030517578,0.0,61.5,57.16999816894531,57.16999816894531,0.0,10128900
2022-06-03,58.02347183227539,58.959999084472656,0.0,61.060001373291016,58.790000915527344,59.90999984741211,0.0,7900300
2022-06-06,58.791080474853516,59.7400016784668,0.0,61.18000030517578,59.369998931884766,60.61000061035156,0.0,5894900
2022-06-07,60.050750732421875,61.02000045776367,0.0,61.2400016784668,58.56999969482422,59.0,0.0,7182100
2022-06-08,58.407264709472656,59.349998474121094,0.0,61.06999969482422,58.7400016784668,60.209999084472656,0.0,6343700
2022-06-09,55.58287048339844,56.47999954223633,0.0,59.84000015258789,56.43000030517578,58.81999969482422,0.0,8386600
2022-06-10,52.227027893066406,53.06999969482422,0.0,55.560001373291016,52.91999816894531,55.220001220703125,0.0,12026100
2022-06-13,48.034690856933594,48.810001373291016,0.0,51.2599983215332,48.65999984741211,50.81999969482422,0.0,14442000
2022-06-14,47.74930191040039,48.52000045776367,0.0,49.84000015258789,47.619998931884766,49.5,0.0,9614100
2022-06-15,48.41849899291992,49.20000076293945,0.0,50.4900016784668,47.689998626708984,48.70000076293945,0.0,11363700
2022-06-16,44.32457733154297,45.040000915527344,0.0,47.630001068115234,44.33000183105469,47.38999938964844,0.0,14987600
2022-06-17,45.308692932128906,46.040000915527344,0.0,46.20000076293945,43.68000030517578,45.150001525878906,0.0,16001800
2022-06-21,46.282962799072266,47.029998779296875,0.0,48.380001068115234,46.7599983215332,46.900001525878906,0.0,8834600
2022-06-22,45.653133392333984,46.38999938964844,0.0,47.43000030517578,45.75,45.88999938964844,0.0,7504600
2022-06-23,45.52519607543945,46.2599983215332,0.0,47.13999938964844,45.189998626708984,47.11000061035156,0.0,7252400
2022-06-24,47.45406723022461,48.220001220703125,0.0,49.04999923706055,46.880001068115234,47.209999084472656,0.0,20042300
2022-06-27,46.89311599731445,47.650001525878906,0.0,49.16999816894531,47.369998931884766,49.029998779296875,0.0,6915200
2022-06-28,44.60012435913086,45.31999969482422,0.0,48.61000061035156,45.2599983215332,47.650001525878906,0.0,10323300
2022-06-29,43.61601257324219,44.31999969482422,0.0,44.630001068115234,43.27000045776367,44.599998474121094,0.0,8065300
2022-06-30,42.838558197021484,43.529998779296875,0.0,45.02000045776367,42.54999923706055,43.810001373291016,0.0,10010100
2022-07-01,41.87413024902344,42.54999923706055,0.0,43.54999923706055,41.75,42.77000045776367,0.0,8790100
2022-07-05,42.29728698730469,42.97999954223633,0.0,42.9900016784668,41.06999969482422,41.38999938964844,0.0,9794500
2022-07-06,43.12395477294922,43.81999969482422,0.0,44.45000076293945,42.5,42.779998779296875,0.0,8859000
2022-07-07,45.92266845703125,46.599998474121094,0.06,47.02000045776367,45.060001373291016,45.08000183105469,0.0,10838200
2022-07-08,46.3070182800293,46.9900016784668,0.0,47.40999984741211,45.13999938964844,45.43000030517578,0.0,9130800
2022-07-11,44.54301834106445,45.20000076293945,0.0,46.380001068115234,45.0099983215332,45.880001068115234,0.0,5744500
2022-07-12,44.86822509765625,45.529998779296875,0.0,46.439998626708984,45.18000030517578,45.70000076293945,0.0,6897600
2022-07-13,45.4693603515625,46.13999938964844,0.0,46.630001068115234,44.150001525878906,44.59000015258789,0.0,6411700
2022-07-14,46.42525863647461,47.11000061035156,0.0,47.22999954223633,44.790000915527344,45.709999084472656,0.0,8595700
2022-07-15,47.519134521484375,48.220001220703125,0.0,48.33000183105469,46.97999954223633,47.779998779296875,0.0,7314800
2022-07-18,47.913307189941406,48.619998931884766,0.0,50.91999816894531,48.45000076293945,49.369998931884766,0.0,12622000
2022-07-19,51.32302474975586,52.08000183105469,0.0,52.34000015258789,49.52000045776367,49.61000061035156,0.0,14093900
2022-07-20,52.8997688293457,53.68000030517578,0.0,54.040000915527344,51.63999938964844,52.189998626708984,0.0,13315500
2022-07-21,53.77682876586914,54.56999969482422,0.0,54.720001220703125,52.65999984741211,53.7599983215332,0.0,7900200
2022-07-22,51.26389694213867,52.02000045776367,0.0,54.56999969482422,51.349998474121094,54.56999969482422,0.0,10205600
2022-07-25,49.97294235229492,50.709999084472656,0.0,51.779998779296875,49.75,51.599998474121094,0.0,7416600
2022-07-26,48.76081085205078,49.47999954223633,0.0,50.970001220703125,48.970001220703125,50.5,0.0,7512300
2022-07-27,52.21980285644531,52.9900016784668,0.0,53.58000183105469,50.709999084472656,51.25,0.0,11212300
2022-07-28,52.98845672607422,53.77000045776367,0.0,54.09000015258789,52.220001220703125,53.5,0.0,6719900
2022-07-29,54.87069320678711,55.68000030517578,0.0,55.7599983215332,53.220001220703125,53.630001068115234,0.0,9048700
2022-08-01,54.525787353515625,55.33000183105469,0.0,55.869998931884766,53.970001220703125,54.97999954223633,0.0,6959700
2022-08-02,54.9002571105957,55.709999084472656,0.0,56.900001525878906,54.5099983215332,54.56999969482422,0.0,5241600
2022-08-03,57.373775482177734,58.220001220703125,0.0,58.43000030517578,55.54999923706055,55.56999969482422,0.0,9974500
2022-08-04,56.51641845703125,57.349998474121094,0.0,58.43000030517578,56.59000015258789,58.09000015258789,0.0,9768800
2022-08-05,56.112388610839844,56.939998626708984,0.0,57.599998474121094,56.0099983215332,56.06999969482422,0.0,7832700
2022-08-08,54.78200149536133,55.59000015258789,0.0,56.5,53.29999923706055,55.61000061035156,0.0,13949000
2022-08-09,50.51493835449219,51.2599983215332,0.0,54.18000030517578,50.41999816894531,54.13999938964844,0.0,16556800
2022-08-10,54.19072723388672,54.9900016784668,0.0,55.34000015258789,52.380001068115234,53.400001525878906,0.0,13944900
2022-08-11,52.9293327331543,53.709999084472656,0.0,56.63999938964844,53.58000183105469,55.79999923706055,0.0,8965000
2022-08-12,54.55535125732422,55.36000061035156,0.0,55.59000015258789,54.18000030517578,54.63999938964844,0.0,7408400
2022-08-15,54.67361068725586,55.47999954223633,0.0,55.869998931884766,54.41999816894531,54.880001068115234,0.0,5062800
2022-08-16,53.56002426147461,54.349998474121094,0.0,55.36000061035156,53.70000076293945,55.220001220703125,0.0,5557100
2022-08-17,51.88473892211914,52.650001525878906,0.0,53.630001068115234,51.63999938964844,53.5,0.0,9196300
2022-08-18,53.757118225097656,54.54999923706055,0.0,55.77000045776367,52.66999816894531,52.90999984741211,0.0,8759200
2022-08-19,52.367618560791016,53.13999938964844,0.0,54.029998779296875,52.58000183105469,53.41999816894531,0.0,7419000
2022-08-22,50.18974685668945,50.93000030517578,0.0,52.25,50.54999923706055,51.380001068115234,0.0,7438900
2022-08-23,50.83029556274414,51.58000183105469,0.0,52.52000045776367,51.060001373291016,51.189998626708984,0.0,6093600
2022-08-24,51.48070526123047,52.2400016784668,0.0,52.540000915527344,51.22999954223633,51.5099983215332,0.0,6280800
2022-08-25,54.28927230834961,55.09000015258789,0.0,55.220001220703125,51.16999816894531,51.5,0.0,13229300
2022-08-26,49.4407844543457,50.16999816894531,0.0,54.290000915527344,49.97999954223633,54.220001220703125,0.0,23821800
2022-08-29,48.2779426574707,48.9900016784668,0.0,50.900001525878906,48.90999984741211,49.599998474121094,0.0,10153300
2022-08-30,47.30233383178711,48.0,0.0,49.790000915527344,47.20000076293945,49.58000183105469,0.0,9703500
2022-08-31,46.13947677612305,46.81999969482422,0.0,48.08000183105469,46.349998474121094,47.560001373291016,0.0,12090000
2022-09-01,45.30183410644531,45.970001220703125,0.0,46.099998474121094,43.630001068115234,45.40999984741211,0.0,16790800
2022-09-02,45.094886779785156,45.7599983215332,0.0,47.220001220703125,45.38999938964844,46.72999954223633,0.0,10358100
2022-09-06,44.43462371826172,45.09000015258789,0.0,46.11000061035156,44.81999969482422,45.900001525878906,0.0,7277200
2022-09-07,46.080345153808594,46.7599983215332,0.0,47.099998474121094,45.0,45.599998474121094,0.0,11024000
2022-09-08,47.45015335083008,48.150001525878906,0.0,48.5099983215332,45.68000030517578,46.29999923706055,0.0,9918700
2022-09-09,49.01704406738281,49.7400016784668,0.0,50.099998474121094,48.81999969482422,48.81999969482422,0.0,10922400
2022-09-12,49.51962661743164,50.25,0.0,50.599998474121094,49.38999938964844,50.029998779296875,0.0,9479800
2022-09-13,47.32204055786133,48.02000045776367,0.0,48.970001220703125,47.349998474121094,47.84000015258789,0.0,15732400
2022-09-14,47.70635986328125,48.40999984741211,0.0,49.45000076293945,47.58000183105469,48.04999923706055,0.0,7407200
2022-09-15,45.99165344238281,46.66999816894531,0.0,48.70000076293945,46.18000030517578,47.900001525878906,0.0,8870300
2022-09-16,45.676307678222656,46.349998474121094,0.0,46.4900016784668,44.95000076293945,45.65999984741211,0.0,12443800
2022-09-19,45.47922134399414,46.150001525878906,0.0,46.72999954223633,45.45000076293945,45.790000915527344,0.0,7830200
2022-09-20,44.631717681884766,45.290000915527344,0.0,46.189998626708984,45.06999969482422,45.65999984741211,0.0,5558600
2022-09-21,44.79925537109375,45.459999084472656,0.0,48.2400016784668,45.349998474121094,45.52000045776367,0.0,11894600
2022-09-22,42.8874397277832,43.52000045776367,0.0,45.52000045776367,43.369998931884766,45.43000030517578,0.0,12084400
2022-09-23,42.66078567504883,43.290000915527344,0.0,43.43000030517578,42.310001373291016,42.880001068115234,0.0,11335200
2022-09-26,41.990665435791016,42.61000061035156,0.0,44.33000183105469,42.52000045776367,43.27000045776367,0.0,8920800
2022-09-27,42.76918411254883,43.400001525878906,0.0,44.09000015258789,42.56999969482422,43.470001220703125,0.0,10397000
2022-09-28,43.902469635009766,44.54999923706055,0.0,44.849998474121094,42.63999938964844,42.66999816894531,0.0,9736100
2022-09-29,42.24688720703125,42.869998931884766,0.0,43.91999816894531,42.11000061035156,43.56999969482422,0.0,9648900
2022-09-30,42.28630828857422,42.90999984741211,0.0,44.849998474121094,42.279998779296875,42.369998931884766,0.0,11123300
2022-10-03,43.85320281982422,44.5,0.0,45.06999969482422,43.47999954223633,43.61000061035156,0.0,9859700
2022-10-04,46.35627746582031,47.040000915527344,0.0,47.209999084472656,46.08000183105469,46.15999984741211,0.0,9763200
2022-10-05,47.65709686279297,48.36000061035156,0.0,49.08000183105469,45.56999969482422,45.90999984741211,0.0,15167900
2022-10-06,47.321617126464844,47.959999084472656,0.06,49.29999923706055,47.63999938964844,48.310001373291016,0.0,12586400
2022-10-07,41.786285400390625,42.349998474121094,0.0,46.38999938964844,42.22999954223633,46.15999984741211,0.0,18033800
2022-10-10,39.76357650756836,40.29999923706055,0.0,42.150001525878906,39.20000076293945,41.93000030517578,0.0,12942600
2022-10-11,38.145408630371094,38.65999984741211,0.0,40.11000061035156,38.0,40.0,0.0,17731600
2022-10-12,37.474464416503906,37.97999954223633,0.0,38.560001373291016,37.40999984741211,38.29999923706055,0.0,12698400
2022-10-13,38.60914993286133,39.130001068115234,0.0,40.060001373291016,35.29999923706055,35.9900016784668,0.0,18383900
2022-10-14,36.51736831665039,37.0099983215332,0.0,40.09000015258789,36.939998626708984,39.939998626708984,0.0,13050400
2022-10-17,37.36592102050781,37.869998931884766,0.0,39.2400016784668,37.599998474121094,38.36000061035156,0.0,11932600
2022-10-18,37.237648010253906,37.7400016784668,0.0,39.779998779296875,36.97999954223633,39.279998779296875,0.0,11895700
2022-10-19,37.592864990234375,38.099998474121094,0.0,38.619998931884766,37.099998474121094,37.369998931884766,0.0,8271300
2022-10-20,37.563255310058594,38.06999969482422,0.0,39.91999816894531,37.869998931884766,38.38999938964844,0.0,10037600
2022-10-21,39.013694763183594,39.540000915527344,0.0,39.619998931884766,37.56999969482422,37.65999984741211,0.0,9788400
2022-10-24,37.87900161743164,38.38999938964844,0.0,39.75,36.900001525878906,39.72999954223633,0.0,13403300
2022-10-25,40.0694580078125,40.61000061035156,0.0,41.38999938964844,38.529998779296875,38.619998931884766,0.0,12620300
2022-10-26,38.23420333862305,38.75,0.0,40.599998474121094,38.5099983215332,39.849998474121094,0.0,12260700
2022-10-27,39.52677536010742,40.060001373291016,0.0,42.619998931884766,40.029998779296875,40.5,0.0,18838100
2022-10-28,40.46412658691406,41.0099983215332,0.0,41.119998931884766,39.08000183105469,39.7599983215332,0.0,11454800
2022-10-31,39.151832580566406,39.68000030517578,0.0,40.779998779296875,39.22999954223633,40.400001525878906,0.0,10413800
2022-11-01,39.21104049682617,39.7400016784668,0.0,41.04999923706055,39.369998931884766,40.81999969482422,0.0,7646900
2022-11-02,38.53022003173828,39.04999923706055,0.0,41.9900016784668,39.0,40.36000061035156,0.0,13712400
2022-11-03,36.72458267211914,37.220001220703125,0.0,39.5,37.20000076293945,38.33000183105469,0.0,16890300
2022-11-04,38.45128631591797,38.970001220703125,0.0,39.970001220703125,37.97999954223633,38.439998626708984,0.0,16070300
2022-11-07,38.98408889770508,39.5099983215332,0.0,39.720001220703125,38.470001220703125,39.560001373291016,0.0,15185600
2022-11-08,39.26036071777344,39.790000915527344,0.0,40.959999084472656,38.95000076293945,40.86000061035156,0.0,12220700
2022-11-09,36.22135925292969,36.709999084472656,0.0,38.84000015258789,36.709999084472656,38.619998931884766,0.0,14401500
2022-11-10,42.082305908203125,42.650001525878906,0.0,42.720001220703125,39.0,39.0099983215332,0.0,17081100
2022-11-11,42.772979736328125,43.349998474121094,0.0,43.810001373291016,41.90999984741211,42.22999954223633,0.0,12133800
2022-11-14,42.58551025390625,43.15999984741211,0.0,43.45000076293945,41.83000183105469,42.959999084472656,0.0,11645500
2022-11-15,44.105010986328125,44.70000076293945,0.0,46.220001220703125,43.91999816894531,45.619998931884766,0.0,11831300
2022-11-16,41.68762969970703,42.25,0.0,43.83000183105469,41.900001525878906,43.529998779296875,0.0,12062700
2022-11-17,43.345252990722656,43.93000030517578,0.0,43.97999954223633,40.849998474121094,41.0,0.0,9368600
2022-11-18,43.414329528808594,44.0,0.0,45.08000183105469,43.77000045776367,44.849998474121094,0.0,8687600
2022-11-21,40.996944427490234,41.54999923706055,0.0,43.310001373291016,41.439998626708984,43.09000015258789,0.0,11008900
2022-11-22,42.34870529174805,42.91999816894531,0.0,42.93000030517578,41.25,41.75,0.0,11645600
2022-11-23,43.09858703613281,43.68000030517578,0.0,44.150001525878906,42.849998474121094,43.15999984741211,0.0,6078700
2022-11-25,42.40790557861328,42.97999954223633,0.0,43.790000915527344,42.880001068115234,43.16999816894531,0.0,4078200
2022-11-28,42.10203552246094,42.66999816894531,0.0,44.08000183105469,42.25,42.33000183105469,0.0,10948100
2022-11-29,42.33883285522461,42.90999984741211,0.0,43.560001373291016,42.209999084472656,42.95000076293945,0.0,6747200
2022-11-30,45.900787353515625,46.52000045776367,0.0,46.61000061035156,42.63999938964844,43.16999816894531,0.0,15933900
2022-12-01,44.79569625854492,45.400001525878906,0.0,47.34000015258789,44.83000183105469,47.119998931884766,0.0,15710100
2022-12-02,44.12473678588867,44.720001220703125,0.0,44.88999938964844,41.0099983215332,42.0,0.0,25050200
2022-12-05,42.39803695678711,42.970001220703125,0.0,45.08000183105469,42.33000183105469,44.09000015258789,0.0,11345800
2022-12-06,40.543067932128906,41.09000015258789,0.0,43.27000045776367,40.75,43.02000045776367,0.0,8779900
2022-12-07,39.87211990356445,40.40999984741211,0.0,41.25,39.880001068115234,40.47999954223633,0.0,8219800
2022-12-08,41.14494323730469,41.70000076293945,0.0,42.02000045776367,40.13999938964844,40.540000915527344,0.0,9106100
2022-12-09,40.947608947753906,41.5,0.0,42.77000045776367,41.11000061035156,41.689998626708984,0.0,7312000
2022-12-12,42.01323318481445,42.58000183105469,0.0,42.880001068115234,41.040000915527344,41.5,0.0,9327200
2022-12-13,42.93085479736328,43.5099983215332,0.0,45.9900016784668,42.33000183105469,45.31999969482422,0.0,12390300
2022-12-14,42.082305908203125,42.650001525878906,0.0,44.27000045776367,42.0099983215332,43.2400016784668,0.0,13428200
2022-12-15,39.487308502197266,40.02000045776367,0.0,41.68000030517578,39.970001220703125,41.630001068115234,0.0,12079200
2022-12-16,38.47101974487305,38.9900016784668,0.0,40.0,38.290000915527344,39.61000061035156,0.0,20177700
2022-12-19,37.88887405395508,38.400001525878906,0.0,39.04999923706055,38.0,38.939998626708984,0.0,10651200
2022-12-20,37.306724548339844,37.810001373291016,0.0,38.099998474121094,36.900001525878906,37.95000076293945,0.0,11441900
2022-12-21,38.35261917114258,38.869998931884766,0.0,38.970001220703125,38.119998931884766,38.119998931884766,0.0,9160000
2022-12-22,36.576560974121094,37.06999969482422,0.0,38.040000915527344,36.36000061035156,37.869998931884766,0.0,14074200
2022-12-23,36.694969177246094,37.189998626708984,0.0,37.58000183105469,36.290000915527344,36.7400016784668,0.0,6097600
2022-12-27,35.57014846801758,36.04999923706055,0.0,36.7400016784668,35.849998474121094,36.720001220703125,0.0,8452600
2022-12-28,34.90907287597656,35.380001068115234,0.0,36.22999954223633,35.09000015258789,35.779998779296875,0.0,8096200
2022-12-29,36.270687103271484,36.7599983215332,0.0,37.22999954223633,35.79999923706055,36.09000015258789,0.0,7724300
2022-12-30,36.54697799682617,37.040000915527344,0.0,37.099998474121094,35.58000183105469,35.880001068115234,0.0,8107100
2023-01-03,35.51094436645508,35.9900016784668,0.0,38.20000076293945,35.779998779296875,37.90999984741211,0.0,10336700
2023-01-04,36.12269973754883,36.61000061035156,0.0,36.939998626708984,35.63999938964844,36.79999923706055,0.0,10226300
2023-01-05,34.27455139160156,34.68000030517578,0.06,35.9900016784668,34.66999816894531,35.7400016784668,0.0,13007300
2023-01-06,35.67795944213867,36.099998474121094,0.0,36.439998626708984,33.75,35.150001525878906,0.0,21224900
2023-01-09,36.488365173339844,36.91999816894531,0.0,38.029998779296875,36.7599983215332,37.099998474121094,0.0,10529800
2023-01-10,36.57730484008789,37.0099983215332,0.0,37.34000015258789,36.02000045776367,36.54999923706055,0.0,9699600
2023-01-11,37.970821380615234,38.41999816894531,0.0,38.5099983215332,36.95000076293945,37.310001373291016,0.0,10319200
2023-01-12,38.850425720214844,39.310001373291016,0.0,40.13999938964844,37.41999816894531,38.36000061035156,0.0,14713100
2023-01-13,40.19452667236328,40.66999816894531,0.0,40.7599983215332,38.52000045776367,38.650001525878906,0.0,11871700
2023-01-17,40.55031204223633,41.029998779296875,0.0,41.15999984741211,40.029998779296875,40.619998931884766,0.0,13030300
2023-01-18,40.016639709472656,40.4900016784668,0.0,41.90999984741211,40.029998779296875,41.4900016784668,0.0,7445100
2023-01-19,38.11907958984375,38.56999969482422,0.0,40.22999954223633,38.540000915527344,39.97999954223633,0.0,10528300
2023-01-20,39.01844024658203,39.47999954223633,0.0,39.560001373291016,38.060001373291016,38.95000076293945,0.0,15860800
2023-01-23,42.25021743774414,42.75,0.0,42.849998474121094,40.099998474121094,40.20000076293945,0.0,13619500
2023-01-24,42.01301574707031,42.5099983215332,0.0,43.279998779296875,41.959999084472656,42.11000061035156,0.0,8960300
2023-01-25,42.24032974243164,42.7400016784668,0.0,42.79999923706055,40.77000045776367,41.720001220703125,0.0,9600000
2023-01-26,43.871036529541016,44.38999938964844,0.0,44.47999954223633,42.79999923706055,43.599998474121094,0.0,10503900
2023-01-27,43.732669830322266,44.25,0.0,44.79999923706055,43.47999954223633,43.47999954223633,0.0,7953000
2023-01-30,41.49909591674805,41.9900016784668,0.0,43.54999923706055,41.959999084472656,43.47999954223633,0.0,10071400
2023-01-31,42.645538330078125,43.150001525878906,0.0,43.189998626708984,41.81999969482422,42.08000183105469,0.0,9438400
2023-02-01,45.580814361572266,46.119998931884766,0.0,46.4900016784668,43.25,43.31999969482422,0.0,14963200
2023-02-02,48.189945220947266,48.7599983215332,0.0,49.4900016784668,46.7400016784668,46.9900016784668,0.0,17101400
2023-02-03,46.03543472290039,46.58000183105469,0.0,48.31999969482422,46.5099983215332,46.779998779296875,0.0,11962100
2023-02-06,44.50355529785156,45.029998779296875,0.0,46.70000076293945,44.849998474121094,45.630001068115234,0.0,7777300
2023-02-07,46.23310089111328,46.779998779296875,0.0,47.06999969482422,44.66999816894531,45.400001525878906,0.0,10537600
2023-02-08,44.572731018066406,45.099998474121094,0.0,46.86000061035156,45.04999923706055,46.459999084472656,0.0,9069300
2023-02-09,44.582618713378906,45.11000061035156,0.0,46.470001220703125,44.61000061035156,45.959999084472656,0.0,7770300
2023-02-10,44.02916717529297,44.54999923706055,0.0,44.77000045776367,43.540000915527344,44.619998931884766,0.0,7650200
2023-02-13,45.066890716552734,45.599998474121094,0.0,45.88999938964844,44.20000076293945,44.88999938964844,0.0,7045500
2023-02-14,46.65806198120117,47.209999084472656,0.0,47.5,44.779998779296875,45.0099983215332,0.0,9264500
2023-02-15,46.19356918334961,46.7400016784668,0.0,47.060001373291016,45.470001220703125,46.400001525878906,0.0,8585000
2023-02-16,45.15584182739258,45.689998626708984,0.0,47.130001068115234,45.63999938964844,46.029998779296875,0.0,11002700
2023-02-17,43.62395477294922,44.13999938964844,0.0,45.290000915527344,43.61000061035156,45.13999938964844,0.0,8651900
2023-02-21,42.10196304321289,42.599998474121094,0.0,44.04999923706055,42.36000061035156,43.560001373291016,0.0,9607300
2023-02-22,42.4676399230957,42.970001220703125,0.0,43.47999954223633,42.13999938964844,42.849998474121094,0.0,7643200
2023-02-23,44.720977783203125,45.25,0.0,45.369998931884766,43.619998931884766,45.04999923706055,0.0,12550700
2023-02-24,43.33734893798828,43.849998474121094,0.0,44.81999969482422,43.58000183105469,44.4900016784668,0.0,9142100
2023-02-27,43.791969299316406,44.310001373291016,0.0,44.95000076293945,44.22999954223633,44.869998931884766,0.0,7026500
2023-02-28,44.622154235839844,45.150001525878906,0.0,45.70000076293945,44.0099983215332,44.119998931884766,0.0,9587000
2023-03-01,44.829708099365234,45.36000061035156,0.0,46.349998474121094,45.099998474121094,45.36000061035156,0.0,7761400
2023-03-02,45.689517974853516,46.22999954223633,0.0,46.599998474121094,44.04999923706055,44.810001373291016,0.0,13617100
2023-03-03,43.52513122558594,44.040000915527344,0.0,44.279998779296875,41.099998474121094,41.380001068115234,0.0,38293200
2023-03-06,41.77582931518555,42.27000045776367,0.0,44.59000015258789,41.790000915527344,44.34000015258789,0.0,19056500
2023-03-07,40.62938690185547,41.11000061035156,0.0,42.22999954223633,40.869998931884766,42.040000915527344,0.0,13917100
2023-03-08,42.645538330078125,43.150001525878906,0.0,43.18000030517578,41.09000015258789,41.15999984741211,0.0,14765400
2023-03-09,40.43172073364258,40.90999984741211,0.0,43.689998626708984,40.84000015258789,42.95000076293945,0.0,12030400
2023-03-10,38.2277946472168,38.68000030517578,0.0,40.939998626708984,38.13999938964844,40.90999984741211,0.0,21552700
2023-03-13,37.54585266113281,37.9900016784668,0.0,38.849998474121094,36.63999938964844,38.0,0.0,26159500
2023-03-14,38.15861892700195,38.61000061035156,0.0,39.41999816894531,37.939998626708984,38.91999816894531,0.0,16990300
2023-03-15,37.180179595947266,37.619998931884766,0.0,38.15999984741211,36.75,37.93000030517578,0.0,18999200
2023-03-16,39.888160705566406,40.36000061035156,0.0,40.529998779296875,37.400001525878906,37.59000015258789,0.0,16172700
2023-03-17,39.502716064453125,39.970001220703125,0.0,40.40999984741211,39.5,40.22999954223633,0.0,15184000
2023-03-20,39.878265380859375,40.349998474121094,0.0,40.41999816894531,39.5099983215332,39.880001068115234,0.0,8976300
2023-03-21,40.64915466308594,41.130001068115234,0.0,41.77000045776367,40.560001373291016,40.97999954223633,0.0,8798600
2023-03-22,39.69049072265625,40.15999984741211,0.0,42.06999969482422,40.060001373291016,41.0099983215332,0.0,9901600
2023-03-23,41.785709381103516,42.279998779296875,0.0,43.310001373291016,41.0099983215332,41.02000045776367,0.0,13344800
2023-03-24,40.58985137939453,41.06999969482422,0.0,41.83000183105469,40.38999938964844,41.54999923706055,0.0,10616000
2023-03-27,40.728214263916016,41.209999084472656,0.0,41.709999084472656,40.90999984741211,41.4900016784668,0.0,8763000
2023-03-28,39.97709655761719,40.45000076293945,0.0,41.15999984741211,39.56999969482422,41.11000061035156,0.0,9832100
2023-03-29,42.20079803466797,42.70000076293945,0.0,43.060001373291016,41.33000183105469,41.36000061035156,0.0,11803500
2023-03-30,42.74436950683594,43.25,0.0,43.869998931884766,42.84000015258789,43.58000183105469,0.0,9842000
2023-03-31,42.79378128051758,43.29999923706055,0.0,43.38999938964844,42.70000076293945,43.02000045776367,0.0,8714000
2023-04-03,41.459571838378906,41.95000076293945,0.0,43.290000915527344,41.66999816894531,42.91999816894531,0.0,9312300
2023-04-04,40.006752014160156,40.47999954223633,0.0,42.130001068115234,40.20000076293945,42.09000015258789,0.0,10341000
2023-04-05,39.680118560791016,40.09000015258789,0.06,40.16999816894531,39.20000076293945,40.08000183105469,0.0,10814400
2023-04-06,38.858604431152344,39.2599983215332,0.0,39.939998626708984,38.86000061035156,39.52000045776367,0.0,8402500
2023-04-10,39.92757034301758,40.34000015258789,0.0,40.38999938964844,38.43000030517578,38.72999954223633,0.0,8696800
2023-04-11,39.680118560791016,40.09000015258789,0.0,40.599998474121094,39.84000015258789,40.36000061035156,0.0,7298500
2023-04-12,39.1258430480957,39.529998779296875,0.0,40.93000030517578,39.459999084472656,40.709999084472656,0.0,8471400
2023-04-13,39.97705078125,40.38999938964844,0.0,40.70000076293945,39.709999084472656,39.900001525878906,0.0,8232900
2023-04-14,39.878074645996094,40.290000915527344,0.0,41.16999816894531,39.88999938964844,40.38999938964844,0.0,8209200
2023-04-17,40.04633712768555,40.459999084472656,0.0,40.619998931884766,39.40999984741211,39.65999984741211,0.0,7449200
2023-04-18,41.80815124511719,42.2400016784668,0.0,42.599998474121094,40.88999938964844,40.9900016784668,0.0,16610900
2023-04-19,40.610504150390625,41.029998779296875,0.0,41.91999816894531,41.0,41.52000045776367,0.0,11253300
2023-04-20,39.066463470458984,39.470001220703125,0.0,40.7400016784668,39.15999984741211,40.02000045776367,0.0,9846100
2023-04-21,38.621063232421875,39.02000045776367,0.0,39.25,37.970001220703125,39.20000076293945,0.0,13950700
2023-04-24,38.36372375488281,38.7599983215332,0.0,39.45000076293945,38.41999816894531,38.97999954223633,0.0,6290500
2023-04-25,36.53264236450195,36.90999984741211,0.0,38.220001220703125,36.900001525878906,38.20000076293945,0.0,11514900
2023-04-26,37.69066619873047,38.08000183105469,0.0,38.15999984741211,37.41999816894531,37.70000076293945,0.0,11898700
2023-04-27,38.235050201416016,38.630001068115234,0.0,38.869998931884766,37.709999084472656,38.09000015258789,0.0,15976200
2023-04-28,39.07636260986328,39.47999954223633,0.0,39.52000045776367,38.560001373291016,38.7599983215332,0.0,9647400
2023-05-01,39.60093688964844,40.0099983215332,0.0,40.25,39.470001220703125,39.68000030517578,0.0,11314800
2023-05-02,39.08625411987305,39.4900016784668,0.0,40.0099983215332,38.88999938964844,39.61000061035156,0.0,14932300
2023-05-03,39.115943908691406,39.52000045776367,0.0,40.31999969482422,38.90999984741211,39.099998474121094,0.0,10699100
2023-05-04,38.93778610229492,39.34000015258789,0.0,39.63999938964844,38.630001068115234,39.130001068115234,0.0,11618100
2023-05-05,40.55112075805664,40.970001220703125,0.0,41.290000915527344,39.4900016784668,39.880001068115234,0.0,14043000
2023-05-08,40.59071731567383,41.0099983215332,0.0,41.189998626708984,40.470001220703125,40.849998474121094,0.0,7515700
2023-05-09,39.58115005493164,39.9900016784668,0.0,40.369998931884766,39.7599983215332,40.189998626708984,0.0,10792000
2023-05-10,40.01664733886719,40.43000030517578,0.0,40.900001525878906,39.970001220703125,40.599998474121094,0.0,11554500
2023-05-11,39.323795318603516,39.72999954223633,0.0,40.52000045776367,39.29999923706055,40.2599983215332,0.0,12547900
2023-05-12,39.709808349609375,40.119998931884766,0.0,40.130001068115234,39.22999954223633,39.959999084472656,0.0,8538600
2023-05-15,41.63988494873047,42.06999969482422,0.0,42.08000183105469,40.189998626708984,40.33000183105469,0.0,8838100
2023-05-16,41.24396896362305,41.66999816894531,0.0,42.31999969482422,41.56999969482422,41.810001373291016,0.0,10651500
2023-05-17,43.14434051513672,43.59000015258789,0.0,43.90999984741211,42.040000915527344,42.29999923706055,0.0,12472100
2023-05-18,44.282588958740234,44.7400016784668,0.0,45.06999969482422,43.5099983215332,43.52000045776367,0.0,17331500
2023-05-19,44.995216369628906,45.459999084472656,0.0,45.5099983215332,44.70000076293945,44.93000030517578,0.0,11055500
2023-05-22,45.96520233154297,46.439998626708984,0.0,46.63999938964844,45.0099983215332,45.040000915527344,0.0,9368300
2023-05-23,46.11366653442383,46.59000015258789,0.0,47.29999923706055,45.72999954223633,45.72999954223633,0.0,12710600
2023-05-24,45.50990676879883,45.97999954223633,0.0,46.08000183105469,45.0,45.5,0.0,13802400
2023-05-25,48.9642219543457,49.470001220703125,0.0,49.72999954223633,46.70000076293945,49.0,0.0,37900300
2023-05-26,64.84024047851562,65.51000213623047,0.0,65.75,58.58000183105469,58.66999816894531,0.0,94307300
2023-05-30,62.751808166503906,63.400001525878906,0.0,67.98999786376953,61.310001373291016,67.48999786376953,0.0,51926500
2023-05-31,57.89200210571289,58.4900016784668,0.0,63.099998474121094,58.33000183105469,61.79999923706055,0.0,37896700
2023-06-01,60.475318908691406,61.099998474121094,0.0,62.099998474121094,58.61000061035156,59.38999938964844,0.0,24980300
2023-06-02,59.56472396850586,60.18000030517578,0.0,62.47999954223633,59.130001068115234,62.220001220703125,0.0,18030100
2023-06-05,57.436702728271484,58.029998779296875,0.0,59.599998474121094,57.2599983215332,59.58000183105469,0.0,15900500
2023-06-06,58.53535842895508,59.13999938964844,0.0,60.310001373291016,58.040000915527344,58.099998474121094,0.0,16472000
2023-06-07,58.723411560058594,59.33000183105469,0.0,63.63999938964844,59.11000061035156,62.2599983215332,0.0,23824500
2023-06-08,59.10942459106445,59.720001220703125,0.0,60.36000061035156,58.36000061035156,59.209999084472656,0.0,12172600
2023-06-09,59.39645767211914,60.0099983215332,0.0,62.029998779296875,59.56999969482422,60.86000061035156,0.0,14404400
2023-06-12,61.41560363769531,62.04999923706055,0.0,62.290000915527344,60.86000061035156,60.880001068115234,0.0,15907700
2023-06-13,62.40538024902344,63.04999923706055,0.0,63.43000030517578,61.810001373291016,63.31999969482422,0.0,12424300
2023-06-14,62.31629943847656,62.959999084472656,0.0,63.029998779296875,60.88999938964844,62.779998779296875,0.0,13383900
2023-06-15,61.39580535888672,62.029998779296875,0.0,62.81999969482422,61.54999923706055,62.18000030517578,0.0,11443900
2023-06-16,60.4951171875,61.119998931884766,0.0,63.06999969482422,60.810001373291016,62.810001373291016,0.0,17825600
2023-06-20,60.208072662353516,60.83000183105469,0.0,62.0,60.34000015258789,60.709999084472656,0.0,10631700
2023-06-21,58.248321533203125,58.849998474121094,0.0,60.93000030517578,58.720001220703125,60.619998931884766,0.0,10386300
2023-06-22,58.515560150146484,59.119998931884766,0.0,59.75,58.029998779296875,58.18000030517578,0.0,9138100
2023-06-23,57.22885513305664,57.81999969482422,0.0,58.2599983215332,56.59000015258789,57.810001373291016,0.0,24355900
2023-06-26,57.159568786621094,57.75,0.0,59.13999938964844,57.68000030517578,58.08000183105469,0.0,10316000
2023-06-27,59.97053527832031,60.59000015258789,0.0,60.77000045776367,57.77000045776367,57.90999984741211,0.0,12291600
2023-06-28,59.45584487915039,60.06999969482422,0.0,61.459999084472656,58.56999969482422,58.56999969482422,0.0,10114600
2023-06-29,57.77322769165039,58.369998931884766,0.0,60.43000030517578,58.119998931884766,60.43000030517578,0.0,14868400
2023-06-30,59.16881561279297,59.779998779296875,0.0,60.11000061035156,59.15999984741211,59.29999923706055,0.0,9065900
2023-07-03,60.72276306152344,61.349998474121094,0.0,61.380001068115234,60.31999969482422,60.31999969482422,0.0,5699800
2023-07-05,59.19850540161133,59.810001373291016,0.0,61.20000076293945,59.779998779296875,60.7599983215332,0.0,7279700
2023-07-06,58.277095794677734,58.81999969482422,0.06,58.970001220703125,57.43000030517578,58.61000061035156,0.0,10174700
2023-07-07,58.60404586791992,59.150001525878906,0.0,60.2599983215332,58.97999954223633,59.90999984741211,0.0,9505900
2023-07-10,59.733524322509766,60.290000915527344,0.0,60.5,58.83000183105469,58.869998931884766,0.0,10124900
2023-07-11,61.57635498046875,62.150001525878906,0.0,62.209999084472656,60.45000076293945,61.72999954223633,0.0,12004500
2023-07-12,62.29962158203125,62.880001068115234,0.0,63.689998626708984,61.939998626708984,63.119998931884766,0.0,11423600
2023-07-13,64.76663208007812,65.37000274658203,0.0,65.48999786376953,63.060001373291016,63.849998474121094,0.0,12938400
2023-07-14,62.864356994628906,63.45000076293945,0.0,65.12000274658203,63.18000030517578,64.5,0.0,11408700
2023-07-17,63.96411895751953,64.55999755859375,0.0,64.94000244140625,63.0,63.560001373291016,0.0,8586100
2023-07-18,65.15304565429688,65.76000213623047,0.0,66.05000305175781,64.19999694824219,65.4000015258789,0.0,9876900
2023-07-19,65.02423858642578,65.62999725341797,0.0,66.80999755859375,64.86000061035156,66.0,0.0,10606800
2023-07-20,62.636474609375,63.220001220703125,0.0,65.02999877929688,62.79999923706055,64.66000366210938,0.0,12700300
2023-07-21,62.824729919433594,63.40999984741211,0.0,64.66999816894531,63.189998626708984,64.12999725341797,0.0,19046300
2023-07-24,62.527496337890625,63.11000061035156,0.0,63.779998779296875,62.459999084472656,63.689998626708984,0.0,5605300
2023-07-25,63.31021499633789,63.900001525878906,0.0,64.69999694824219,63.22999954223633,63.34000015258789,0.0,6994900
2023-07-26,63.121952056884766,63.709999084472656,0.0,64.13999938964844,62.279998779296875,63.119998931884766,0.0,9094000
2023-07-27,63.30029296875,63.88999938964844,0.0,66.23999786376953,63.29999923706055,65.3499984741211,0.0,10780200
2023-07-28,64.31088256835938,64.91000366210938,0.0,65.41000366210938,64.25,65.4000015258789,0.0,7097900
2023-07-31,64.52885437011719,65.12999725341797,0.0,66.26000213623047,64.69000244140625,65.23999786376953,0.0,7391800
2023-08-01,65.32146453857422,65.93000030517578,0.0,66.29000091552734,64.2300033569336,64.87000274658203,0.0,6941300
2023-08-02,61.536720275878906,62.11000061035156,0.0,65.0,60.97999954223633,64.9000015258789,0.0,13743500
2023-08-03,61.77450942993164,62.349998474121094,0.0,63.0,61.189998626708984,61.439998626708984,0.0,9047400
2023-08-04,62.111366271972656,62.689998626708984,0.0,63.79999923706055,61.63999938964844,62.2400016784668,0.0,7627000
2023-08-07,62.96342849731445,63.54999923706055,0.0,63.599998474121094,62.439998626708984,63.220001220703125,0.0,4769000
2023-08-08,61.38810729980469,61.959999084472656,0.0,62.43000030517578,60.790000915527344,62.40999984741211,0.0,9182600
2023-08-09,59.38675308227539,59.939998626708984,0.0,62.099998474121094,59.66999816894531,61.81999969482422,0.0,9272600
2023-08-10,58.38607406616211,58.93000030517578,0.0,61.04999923706055,58.189998626708984,60.119998931884766,0.0,9706500
2023-08-11,56.56306076049805,57.09000015258789,0.0,58.189998626708984,56.70000076293945,58.099998474121094,0.0,9950800
2023-08-14,59.020172119140625,59.56999969482422,0.0,59.72999954223633,56.38999938964844,56.61000061035156,0.0,14179000
2023-08-15,58.57432174682617,59.119998931884766,0.0,59.97999954223633,58.75,59.36000061035156,0.0,8371700
2023-08-16,56.84047317504883,57.369998931884766,0.0,59.0099983215332,57.25,59.0099983215332,0.0,11453300
2023-08-17,57.028724670410156,57.560001373291016,0.0,58.11000061035156,56.93000030517578,57.869998931884766,0.0,10816700
2023-08-18,57.058448791503906,57.59000015258789,0.0,57.869998931884766,56.619998931884766,57.599998474121094,0.0,12328600
2023-08-21,59.47592544555664,60.029998779296875,0.0,60.150001525878906,57.779998779296875,57.849998474121094,0.0,12100000
2023-08-22,59.039981842041016,59.59000015258789,0.0,61.70000076293945,59.36000061035156,60.849998474121094,0.0,13603600
2023-08-23,60.9323616027832,61.5,0.0,61.77000045776367,59.150001525878906,59.400001525878906,0.0,13460600
2023-08-24,56.76121520996094,57.290000915527344,0.0,64.2300033569336,56.939998626708984,63.970001220703125,0.0,27361400
2023-08-25,53.00619888305664,53.5,0.0,55.09000015258789,52.25,54.470001220703125,0.0,32505500
2023-08-28,54.66078186035156,55.16999816894531,0.0,55.2599983215332,53.560001373291016,53.790000915527344,0.0,13560400
2023-08-29,55.602012634277344,56.119998931884766,0.0,56.45000076293945,54.630001068115234,54.869998931884766,0.0,10356500
2023-08-30,56.810752868652344,57.34000015258789,0.0,57.939998626708984,55.849998474121094,56.119998931884766,0.0,11605600
2023-08-31,57.71235275268555,58.25,0.0,58.650001525878906,57.34000015258789,57.34000015258789,0.0,10331900
2023-09-01,57.41512680053711,57.95000076293945,0.0,59.290000915527344,57.43000030517578,58.939998626708984,0.0,7638700
2023-09-05,57.355674743652344,57.88999938964844,0.0,58.41999816894531,57.279998779296875,57.75,0.0,5623600
2023-09-06,56.186561584472656,56.709999084472656,0.0,58.22999954223633,56.560001373291016,57.70000076293945,0.0,10960400
2023-09-07,56.05777359008789,56.58000183105469,0.0,57.040000915527344,54.58000183105469,55.2400016784668,0.0,10635000
2023-09-08,55.22552490234375,55.7400016784668,0.0,56.75,55.400001525878906,56.29999923706055,0.0,9415900
2023-09-11,55.80016326904297,56.31999969482422,0.0,56.81999969482422,54.77000045776367,56.81999969482422,0.0,8430000
2023-09-12,55.13636016845703,55.650001525878906,0.0,57.029998779296875,55.599998474121094,55.83000183105469,0.0,5571400
2023-09-13,55.08681106567383,55.599998474121094,0.0,56.470001220703125,55.34000015258789,55.709999084472656,0.0,6328200
2023-09-14,55.32459259033203,55.84000015258789,0.0,56.459999084472656,55.36000061035156,56.45000076293945,0.0,7864800
2023-09-15,53.987060546875,54.4900016784668,0.0,55.709999084472656,54.15999984741211,55.52000045776367,0.0,14009900
2023-09-18,54.27437973022461,54.779998779296875,0.0,55.06999969482422,53.72999954223633,53.869998931884766,0.0,7076900
2023-09-19,53.59074783325195,54.09000015258789,0.0,54.59000015258789,53.369998931884766,54.56999969482422,0.0,6518400
2023-09-20,52.45136642456055,52.939998626708984,0.0,54.7400016784668,52.91999816894531,54.27000045776367,0.0,5934600
2023-09-21,51.36151885986328,51.84000015258789,0.0,55.459999084472656,51.790000915527344,54.310001373291016,0.0,18074600
2023-09-22,51.81726837158203,52.29999923706055,0.0,53.380001068115234,52.040000915527344,52.29999923706055,0.0,8548500
2023-09-25,52.14423370361328,52.630001068115234,0.0,52.810001373291016,51.66999816894531,52.02000045776367,0.0,6441700
2023-09-26,51.232723236083984,51.709999084472656,0.0,52.459999084472656,51.439998626708984,51.939998626708984,0.0,7038300
2023-09-27,52.06496047973633,52.54999923706055,0.0,53.08000183105469,51.560001373291016,52.11000061035156,0.0,7647900
2023-09-28,53.50157928466797,54.0,0.0,54.72999954223633,52.189998626708984,52.2599983215332,0.0,10187800
2023-09-29,53.63037872314453,54.130001068115234,0.0,55.43000030517578,54.0099983215332,55.0,0.0,7998800
2023-10-02,54.08613586425781,54.59000015258789,0.0,55.2400016784668,53.83000183105469,53.93000030517578,0.0,7042600
2023-10-03,52.07487869262695,52.560001373291016,0.0,54.52000045776367,52.060001373291016,53.720001220703125,0.0,7325800
2023-10-04,52.81794738769531,53.310001373291016,0.0,53.41999816894531,52.349998474121094,52.93000030517578,0.0,6516800
2023-10-05,52.669158935546875,53.099998474121094,0.06,53.540000915527344,52.29999923706055,53.029998779296875,0.0,6948400
2023-10-06,54.087562561035156,54.529998779296875,0.0,54.95000076293945,52.25,52.279998779296875,0.0,7855600
2023-10-09,53.82966995239258,54.27000045776367,0.0,54.63999938964844,53.31999969482422,53.849998474121094,0.0,5252700
2023-10-10,54.60334396362305,55.04999923706055,0.0,55.880001068115234,54.25,54.58000183105469,0.0,6941200
2023-10-11,54.69261169433594,55.13999938964844,0.0,55.959999084472656,54.209999084472656,55.290000915527344,0.0,6620600
2023-10-12,54.176841735839844,54.619998931884766,0.0,55.709999084472656,54.09000015258789,55.209999084472656,0.0,9195100
2023-10-13,52.19306182861328,52.619998931884766,0.0,54.720001220703125,52.349998474121094,54.59000015258789,0.0,9176000
2023-10-16,53.22462844848633,53.65999984741211,0.0,53.779998779296875,52.310001373291016,52.63999938964844,0.0,9492400
2023-10-17,52.738590240478516,53.16999816894531,0.0,53.880001068115234,51.86000061035156,52.43000030517578,0.0,8427000
2023-10-18,51.05239486694336,51.470001220703125,0.0,52.470001220703125,51.20000076293945,52.16999816894531,0.0,8792900
2023-10-19,50.27872085571289,50.689998626708984,0.0,52.470001220703125,50.470001220703125,52.06999969482422,0.0,10031500
2023-10-20,49.06862258911133,49.470001220703125,0.0,50.93000030517578,49.34000015258789,50.689998626708984,0.0,9822400
2023-10-23,48.62226867675781,49.02000045776367,0.0,49.900001525878906,48.15999984741211,49.119998931884766,0.0,8743500
2023-10-24,49.08845901489258,49.4900016784668,0.0,49.849998474121094,48.93000030517578,49.65999984741211,0.0,8380300
2023-10-25,47.1641960144043,47.54999923706055,0.0,49.20000076293945,47.130001068115234,48.84000015258789,0.0,9165800
2023-10-26,46.25165939331055,46.630001068115234,0.0,48.16999816894531,46.43000030517578,47.54999923706055,0.0,7733800
2023-10-27,46.876548767089844,47.2599983215332,0.0,47.83000183105469,46.7599983215332,47.209999084472656,0.0,8914300
2023-10-30,46.450042724609375,46.83000183105469,0.0,47.77000045776367,46.209999084472656,47.130001068115234,0.0,8004700
2023-10-31,46.836875915527344,47.220001220703125,0.0,47.29999923706055,46.06999969482422,46.880001068115234,0.0,6668500
2023-11-01,47.31298065185547,47.70000076293945,0.0,47.779998779296875,46.33000183105469,47.04999923706055,0.0,8445700
2023-11-02,48.50324630737305,48.900001525878906,0.0,49.400001525878906,48.439998626708984,49.099998474121094,0.0,9121500
2023-11-03,50.94328308105469,51.36000061035156,0.0,51.84000015258789,49.400001525878906,49.540000915527344,0.0,9774500
2023-11-06,50.82426452636719,51.2400016784668,0.0,52.029998779296875,50.810001373291016,51.63999938964844,0.0,6334500
2023-11-07,50.76474380493164,51.18000030517578,0.0,51.70000076293945,50.88999938964844,51.150001525878906,0.0,5323700
2023-11-08,51.16150665283203,51.58000183105469,0.0,51.779998779296875,51.09000015258789,51.349998474121094,0.0,8417900
2023-11-09,52.06412124633789,52.4900016784668,0.0,54.5,51.869998931884766,51.88999938964844,0.0,14767200
2023-11-10,54.176841735839844,54.619998931884766,0.0,54.939998626708984,52.529998779296875,53.31999969482422,0.0,11251900
2023-11-13,53.016334533691406,53.45000076293945,0.0,54.130001068115234,52.45000076293945,54.0,0.0,6348900
2023-11-14,56.567283630371094,57.029998779296875,0.0,57.43000030517578,55.33000183105469,55.4900016784668,0.0,12492700
2023-11-15,56.706146240234375,57.16999816894531,0.0,58.119998931884766,56.7400016784668,57.38999938964844,0.0,8896000
2023-11-16,54.21651077270508,54.65999984741211,0.0,55.220001220703125,53.470001220703125,55.209999084472656,0.0,17783800
2023-11-17,55.12904739379883,55.58000183105469,0.0,55.790000915527344,54.689998626708984,54.70000076293945,0.0,6730500
2023-11-20,55.92255401611328,56.380001068115234,0.0,56.599998474121094,55.439998626708984,55.5,0.0,7259800
2023-11-21,54.23635482788086,54.68000030517578,0.0,55.779998779296875,54.25,55.66999816894531,0.0,8927800
2023-11-22,55.0496940612793,55.5,0.0,56.34000015258789,55.08000183105469,55.08000183105469,0.0,7266900
2023-11-24,55.57539367675781,56.029998779296875,0.0,56.22999954223633,55.369998931884766,55.5,0.0,3121700
2023-11-27,55.44644546508789,55.900001525878906,0.0,56.40999984741211,55.349998474121094,55.61000061035156,0.0,5724400
2023-11-28,55.12904739379883,55.58000183105469,0.0,55.77000045776367,54.65999984741211,55.77000045776367,0.0,7650000
2023-11-29,55.644832611083984,56.099998474121094,0.0,57.2400016784668,55.900001525878906,56.4900016784668,0.0,7682500
2023-11-30,55.27782440185547,55.72999954223633,0.0,56.95000076293945,55.27000045776367,56.709999084472656,0.0,17162500
2023-12-01,52.37160110473633,52.79999923706055,0.0,53.84000015258789,50.52000045776367,52.220001220703125,0.0,25375900
2023-12-04,51.5880126953125,52.0099983215332,0.0,52.08000183105469,50.630001068115234,52.02000045776367,0.0,13407500
2023-12-05,50.28864288330078,50.70000076293945,0.0,51.470001220703125,50.4900016784668,51.220001220703125,0.0,9851100
2023-12-06,50.02082824707031,50.43000030517578,0.0,51.86000061035156,50.349998474121094,51.560001373291016,0.0,8285800
2023-12-07,51.76655197143555,52.189998626708984,0.0,52.4900016784668,50.560001373291016,50.77000045776367,0.0,9685800
2023-12-08,52.450958251953125,52.880001068115234,0.0,53.119998931884766,51.65999984741211,51.720001220703125,0.0,7086100
2023-12-11,54.037967681884766,54.47999954223633,0.0,54.61000061035156,52.88999938964844,53.7400016784668,0.0,13871200
2023-12-12,53.81975173950195,54.2599983215332,0.0,54.31999969482422,53.5,53.810001373291016,0.0,7184300
2023-12-13,56.74582290649414,57.209999084472656,0.0,57.34000015258789,54.20000076293945,54.34000015258789,0.0,12116200
2023-12-14,58.80894088745117,59.290000915527344,0.0,59.939998626708984,57.84000015258789,58.06999969482422,0.0,16705500
2023-12-15,59.10651397705078,59.59000015258789,0.0,60.279998779296875,59.099998474121094,59.650001525878906,0.0,15502700
2023-12-18,59.23545455932617,59.720001220703125,0.0,59.93000030517578,58.369998931884766,59.5099983215332,0.0,8117300
2023-12-19,59.175941467285156,59.65999984741211,0.0,59.91999816894531,59.06999969482422,59.619998931884766,0.0,5956600
2023-12-20,57.073143005371094,57.540000915527344,0.0,60.599998474121094,57.5,59.310001373291016,0.0,11758100
2023-12-21,59.76115417480469,60.25,0.0,60.369998931884766,59.0099983215332,59.25,0.0,8210500
2023-12-22,59.76115417480469,60.25,0.0,60.66999816894531,59.709999084472656,60.5,0.0,3677700
2023-12-26,60.65385055541992,61.150001525878906,0.0,61.4900016784668,60.56999969482422,60.65999984741211,0.0,4670300
2023-12-27,60.76295852661133,61.2599983215332,0.0,61.70000076293945,60.88999938964844,61.5,0.0,4737100
2023-12-28,60.802635192871094,61.29999923706055,0.0,61.790000915527344,60.88999938964844,61.38999938964844,0.0,4109200
2023-12-29,59.8206672668457,60.310001373291016,0.0,61.59000015258789,60.06999969482422,61.38999938964844,0.0,4778600
2024-01-02,57.69802474975586,58.16999816894531,0.0,59.7599983215332,57.54999923706055,59.459999084472656,0.0,8894100
2024-01-03,56.299468994140625,56.7599983215332,0.0,57.43000030517578,56.34000015258789,57.0099983215332,0.0,6446200
2024-01-04,57.6597900390625,58.06999969482422,0.06,59.060001373291016,55.630001068115234,56.029998779296875,0.0,17872600
2024-01-05,59.496726989746094,59.91999816894531,0.0,61.150001525878906,58.52000045776367,58.54999923706055,0.0,17199800
2024-01-08,63.657127380371094,64.11000061035156,0.0,64.45999908447266,59.95000076293945,60.0,0.0,18835100
2024-01-09,63.02164840698242,63.470001220703125,0.0,63.97999954223633,63.060001373291016,63.11000061035156,0.0,10379500
2024-01-10,62.981937408447266,63.43000030517578,0.0,64.30000305175781,62.2400016784668,64.01000213623047,0.0,9645300
2024-01-11,65.40470886230469,65.87000274658203,0.0,66.05000305175781,62.90999984741211,63.4900016784668,0.0,17050700
2024-01-12,65.21603393554688,65.68000030517578,0.0,67.1500015258789,65.44000244140625,65.87000274658203,0.0,13828900
2024-01-16,65.05716705322266,65.5199966430664,0.0,66.98999786376953,64.66000366210938,65.56999969482422,0.0,10386300
2024-01-17,64.8982925415039,65.36000061035156,0.0,65.44000244140625,63.279998779296875,64.69000244140625,0.0,10483700
2024-01-18,67.7281494140625,68.20999908447266,0.0,69.87999725341797,67.33000183105469,67.33000183105469,0.0,22439700
2024-01-19,70.57789611816406,71.08000183105469,0.0,71.20999908447266,68.62000274658203,69.0,0.0,18636700
2024-01-22,69.61473846435547,70.11000061035156,0.0,72.55000305175781,68.93000030517578,72.13999938964844,0.0,14311500
2024-01-23,70.10128021240234,70.5999984741211,0.0,70.7300033569336,68.86000061035156,70.05000305175781,0.0,10142400
2024-01-24,71.7694091796875,72.27999877929688,0.0,73.23999786376953,71.08999633789062,71.75,0.0,13684800
2024-01-25,69.50553131103516,70.0,0.0,73.52999877929688,69.91000366210938,73.45999908447266,0.0,15890500
2024-01-26,67.55937194824219,68.04000091552734,0.0,69.56999969482422,67.77999877929688,68.69999694824219,0.0,14228700
2024-01-29,69.64453887939453,70.13999938964844,0.0,70.19999694824219,68.19000244140625,68.44999694824219,0.0,8733600
2024-01-30,68.34378051757812,68.83000183105469,0.0,70.76000213623047,68.33999633789062,70.0,0.0,9223600
2024-01-31,67.22176361083984,67.69999694824219,0.0,69.44999694824219,66.69000244140625,67.41000366210938,0.0,10017700
2024-02-01,66.39763641357422,66.87000274658203,0.0,68.25,65.51000213623047,68.19999694824219,0.0,11575400
2024-02-02,67.05296325683594,67.52999877929688,0.0,68.66999816894531,66.69999694824219,67.0999984741211,0.0,11434100
2024-02-05,66.54656982421875,67.0199966430664,0.0,68.05000305175781,65.7699966430664,67.68000030517578,0.0,8514300
2024-02-06,66.60615539550781,67.08000183105469,0.0,67.48999786376953,65.8499984741211,67.22000122070312,0.0,8569000
2024-02-07,68.87997436523438,69.37000274658203,0.0,69.73999786376953,66.01000213623047,67.66999816894531,0.0,15516000
2024-02-08,70.51830291748047,71.0199966430664,0.0,72.86000061035156,69.95999908447266,70.19999694824219,0.0,17086400
2024-02-09,68.34378051757812,68.83000183105469,0.0,69.45999908447266,66.93000030517578,68.2300033569336,0.0,21879400
2024-02-12,69.92254638671875,70.41999816894531,0.0,72.72000122070312,68.8499984741211,69.05999755859375,0.0,14266600
2024-02-13,67.64872741699219,68.12999725341797,0.0,69.66999816894531,67.05999755859375,67.75,0.0,12862600
2024-02-14,68.47286987304688,68.95999908447266,0.0,69.54000091552734,68.05999755859375,69.41000366210938,0.0,10569200
2024-02-15,66.96360778808594,67.44000244140625,0.0,68.68000030517578,66.55999755859375,68.5,0.0,12986600
2024-02-16,65.82171630859375,66.29000091552734,0.0,68.16999816894531,65.95999908447266,67.30999755859375,0.0,11088200
2024-02-20,64.58055877685547,65.04000091552734,0.0,66.08000183105469,63.529998779296875,65.80999755859375,0.0,12304900
2024-02-21,65.05716705322266,65.5199966430664,0.0,65.55000305175781,63.86000061035156,64.5,0.0,8797500
2024-02-22,69.37644958496094,69.87000274658203,0.0,70.4000015258789,68.2300033569336,68.86000061035156,0.0,16683200
2024-02-23,67.10261535644531,67.58000183105469,0.0,70.37999725341797,67.52999877929688,69.8499984741211,0.0,8541900
2024-02-26,68.13526916503906,68.62000274658203,0.0,68.93000030517578,67.94999694824219,68.33000183105469,0.0,6307000
2024-02-27,68.64166259765625,69.12999725341797,0.0,71.16000366210938,69.11000061035156,69.52999877929688,0.0,10797500
2024-02-28,67.06290435791016,67.54000091552734,0.0,68.37999725341797,67.2300033569336,68.22000122070312,0.0,7690300
2024-02-29,71.15380096435547,71.66000366210938,0.0,71.79000091552734,68.68000030517578,68.77999877929688,0.0,14234400
2024-03-01,77.06175994873047,77.61000061035156,0.0,78.08999633789062,73.45999908447266,73.98999786376953,0.0,20462800
2024-03-04,78.78946685791016,79.3499984741211,0.0,80.08999633789062,77.1500015258789,78.73999786376953,0.0,17817800
2024-03-05,78.17385864257812,78.7300033569336,0.0,79.58999633789062,77.54000091552734,78.30000305175781,0.0,11051900
2024-03-06,80.79519653320312,81.37000274658203,0.0,82.51000213623047,79.77999877929688,81.63999938964844,0.0,16829500
2024-03-07,84.4889144897461,85.08999633789062,0.0,85.76000213623047,80.9800033569336,81.18000030517578,0.0,30723300
2024-03-08,74.88723754882812,75.41999816894531,0.0,81.4000015258789,75.37999725341797,80.94999694824219,0.0,40992400
2024-03-11,71.84884643554688,72.36000061035156,0.0,74.05000305175781,70.91000366210938,74.05000305175781,0.0,20587300
2024-03-12,71.26301574707031,71.7699966430664,0.0,73.26000213623047,71.2699966430664,73.08000183105469,0.0,16875600
2024-03-13,67.15225982666016,67.62999725341797,0.0,70.70999908447266,67.30999755859375,70.66000366210938,0.0,27385900
2024-03-14,65.61321258544922,66.08000183105469,0.0,67.47000122070312,65.22000122070312,67.30000305175781,0.0,21934700
2024-03-15,66.39763641357422,66.87000274658203,0.0,68.2300033569336,65.1500015258789,65.72000122070312,0.0,18474800
2024-03-18,66.72530364990234,67.19999694824219,0.0,68.22000122070312,66.45999908447266,67.83000183105469,0.0,11330500
2024-03-19,64.60041809082031,65.05999755859375,0.0,66.05000305175781,63.459999084472656,65.0,0.0,19428300
2024-03-20,65.07703399658203,65.54000091552734,0.0,66.05000305175781,64.55000305175781,65.04000091552734,0.0,14717300
2024-03-21,66.11961364746094,66.58999633789062,0.0,68.55999755859375,66.44999694824219,68.0,0.0,17415900
2024-03-22,66.06995391845703,66.54000091552734,0.0,67.26000213623047,65.76000213623047,66.30000305175781,0.0,10233800
2024-03-25,65.65293884277344,66.12000274658203,0.0,67.06999969482422,64.44000244140625,65.55999755859375,0.0,9915500
2024-03-26,67.77782440185547,68.26000213623047,0.0,68.94000244140625,66.83999633789062,66.94000244140625,0.0,13401300
2024-03-27,71.79920196533203,72.30999755859375,0.0,72.7699966430664,70.3499984741211,71.55000305175781,0.0,22855100
2024-03-28,70.37931060791016,70.87999725341797,0.0,72.58000183105469,70.52999877929688,72.0,0.0,12474000
2024-04-01,72.68291473388672,73.19999694824219,0.0,73.9000015258789,71.44999694824219,71.48999786376953,0.0,10137800
2024-04-02,73.07015228271484,73.58999633789062,0.0,73.70999908447266,71.51000213623047,72.0,0.0,12361400
2024-04-03,72.51412200927734,73.02999877929688,0.0,75.52999877929688,72.45999908447266,73.16000366210938,0.0,11338900
2024-04-04,70.37931060791016,70.87999725341797,0.0,76.29000091552734,70.41999816894531,75.0199966430664,0.0,13364200
2024-04-05,72.13680267333984,72.6500015258789,0.0,72.72000122070312,71.05000305175781,71.41999816894531,0.0,9567200
2024-04-08,71.4119644165039,71.91999816894531,0.0,73.61000061035156,71.36000061035156,73.13999938964844,0.0,8656700
2024-04-09,72.82192993164062,73.33999633789062,0.0,74.08000183105469,71.80000305175781,73.2699966430664,0.0,9753800
2024-04-10,70.92542266845703,71.43000030517578,0.0,74.05999755859375,70.33999633789062,72.19999694824219,0.0,13930500
2024-04-11,71.08441925048828,71.52999877929688,0.06,74.04000091552734,68.55999755859375,72.2300033569336,0.0,24859600
2024-04-12,69.72296142578125,70.16000366210938,0.0,72.31999969482422,69.9000015258789,69.9800033569336,0.0,14256700
2024-04-15,67.45716094970703,67.87999725341797,0.0,71.77999877929688,67.69999694824219,71.16000366210938,0.0,12431800
2024-04-16,67.85465240478516,68.27999877929688,0.0,68.98999786376953,67.13999938964844,67.33000183105469,0.0,8642600
2024-04-17,66.06588745117188,66.4800033569336,0.0,69.38999938964844,66.3499984741211,68.44999694824219,0.0,9761000
2024-04-18,64.8335952758789,65.23999786376953,0.0,66.37999725341797,64.37000274658203,65.5,0.0,11870200
2024-04-19,61.742984771728516,62.130001068115234,0.0,65.72000122070312,61.939998626708984,64.75,0.0,14886800
2024-04-22,62.48830795288086,62.880001068115234,0.0,63.36000061035156,61.720001220703125,62.779998779296875,0.0,9851200
2024-04-23,63.46220016479492,63.86000061035156,0.0,64.66999816894531,62.95000076293945,63.599998474121094,0.0,9155100
2024-04-24,64.44603729248047,64.8499984741211,0.0,65.66000366210938,63.58000183105469,64.7699966430664,0.0,9111600
2024-04-25,67.05965423583984,67.4800033569336,0.0,68.02999877929688,65.4800033569336,65.54000091552734,0.0,12342200
2024-04-26,69.18632507324219,69.62000274658203,0.0,69.73999786376953,67.80000305175781,68.52999877929688,0.0,11543800
2024-04-29,68.32174682617188,68.75,0.0,70.08999633789062,68.18000030517578,69.55999755859375,0.0,9051800
2024-04-30,65.49944305419922,65.91000366210938,0.0,68.5199966430664,65.76000213623047,67.56999969482422,0.0,12782900
2024-05-01,63.42245101928711,63.81999969482422,0.0,66.83999633789062,63.34000015258789,64.48999786376953,0.0,11171200
2024-05-02,66.25469207763672,66.66999816894531,0.0,67.08999633789062,64.8499984741211,65.12000274658203,0.0,12956900
2024-05-03,68.08324432373047,68.51000213623047,0.0,69.37999725341797,67.58000183105469,69.0199966430664,0.0,9011500
2024-05-06,69.38507843017578,69.81999969482422,0.0,69.97000122070312,68.48999786376953,69.33000183105469,0.0,7018800
2024-05-07,68.25216674804688,68.68000030517578,0.0,69.97000122070312,68.63999938964844,69.68000030517578,0.0,6454800
2024-05-08,67.68572998046875,68.11000061035156,0.0,68.72000122070312,67.54000091552734,67.86000061035156,0.0,6611000
2024-05-09,67.25841522216797,67.68000030517578,0.0,68.91999816894531,67.5199966430664,67.86000061035156,0.0,13647800
2024-05-10,68.04349517822266,68.47000122070312,0.0,69.4000015258789,67.86000061035156,68.16999816894531,0.0,8484100
2024-05-13,68.59004974365234,69.0199966430664,0.0,70.52999877929688,68.8499984741211,69.0,0.0,5261400
2024-05-14,67.5962905883789,68.0199966430664,0.0,69.0,66.97000122070312,68.44999694824219,0.0,9267400
2024-05-15,69.71302795410156,70.1500015258789,0.0,70.18000030517578,68.18000030517578,68.94999694824219,0.0,10009000
2024-05-16,72.62477111816406,73.08000183105469,0.0,74.55000305175781,70.7699966430664,70.79000091552734,0.0,18116300
2024-05-17,71.47200012207031,71.91999816894531,0.0,74.0199966430664,71.88999938964844,73.66999816894531,0.0,7874800
2024-05-20,74.00611114501953,74.47000122070312,0.0,74.77999877929688,71.68000030517578,72.3499984741211,0.0,10466000
2024-05-21,72.84339904785156,73.30000305175781,0.0,73.94000244140625,72.41999816894531,72.91999816894531,0.0,7617000
2024-05-22,73.22103118896484,73.68000030517578,0.0,74.16000366210938,72.76000213623047,73.87000274658203,0.0,7692700
2024-05-23,74.55268096923828,75.0199966430664,0.0,76.25,73.18000030517578,75.86000061035156,0.0,15618300
2024-05-24,76.20233917236328,76.68000030517578,0.0,77.97000122070312,75.26000213623047,75.9000015258789,0.0,9353700
2024-05-28,77.84207153320312,78.33000183105469,0.0,78.44000244140625,76.08999633789062,77.0,0.0,12410800
2024-05-29,75.30795288085938,75.77999877929688,0.0,77.38999938964844,75.69999694824219,76.91000366210938,0.0,9204400
2024-05-30,76.37128448486328,76.8499984741211,0.0,77.44000244140625,75.08000183105469,75.38999938964844,0.0,14314200
2024-05-31,68.3813705444336,68.80999755859375,0.0,76.47000122070312,67.05999755859375,76.29000091552734,0.0,37095900
2024-06-03,67.78509521484375,68.20999908447266,0.0,71.16000366210938,67.0999984741211,70.19999694824219,0.0,12623300
2024-06-04,65.96649932861328,66.37999725341797,0.0,67.7699966430664,66.0999984741211,67.69000244140625,0.0,14604900
2024-06-05,69.3652114868164,69.80000305175781,0.0,69.9000015258789,67.0199966430664,67.44999694824219,0.0,12610900
2024-06-06,67.67578887939453,68.0999984741211,0.0,69.9000015258789,67.86000061035156,69.4800033569336,0.0,8626300
2024-06-07,67.56646728515625,67.98999786376953,0.0,68.95999908447266,67.5199966430664,68.01000213623047,0.0,8800000
2024-06-10,69.0372543334961,69.47000122070312,0.0,69.86000061035156,67.02999877929688,67.06999969482422,0.0,9190100
2024-06-11,69.96147155761719,70.4000015258789,0.0,70.7699966430664,68.61000061035156,69.0199966430664,0.0,6407400
2024-06-12,72.90301513671875,73.36000061035156,0.0,73.4000015258789,71.41000366210938,71.69999694824219,0.0,10296500
2024-06-13,72.41606903076172,72.87000274658203,0.0,75.69999694824219,71.6500015258789,74.58999633789062,0.0,17515600
2024-06-14,72.81358337402344,73.2699966430664,0.0,73.4800033569336,71.6500015258789,72.19000244140625,0.0,6029800
2024-06-17,71.37261199951172,71.81999969482422,0.0,73.44000244140625,70.7699966430664,73.41999816894531,0.0,9859200
2024-06-18,72.68440246582031,73.13999938964844,0.0,74.12999725341797,72.01000213623047,72.55000305175781,0.0,8747400
2024-06-20,72.78376007080078,73.23999786376953,0.0,75.30000305175781,72.88999938964844,73.12999725341797,0.0,14490000
2024-06-21,71.44218444824219,71.88999938964844,0.0,73.01000213623047,70.93000030517578,72.94999694824219,0.0,14397100
2024-06-24,67.34784698486328,67.7699966430664,0.0,71.55999755859375,67.52999877929688,71.2699966430664,0.0,13810100
2024-06-25,67.83480072021484,68.26000213623047,0.0,68.63999938964844,66.80000305175781,68.12999725341797,0.0,13940100
2024-06-26,67.8447265625,68.2699966430664,0.0,68.47000122070312,67.27999877929688,68.08000183105469,0.0,6637300
2024-06-27,68.30187225341797,68.7300033569336,0.0,69.13999938964844,67.6500015258789,67.69999694824219,0.0,6039000
2024-06-28,69.4645767211914,69.9000015258789,0.0,72.30000305175781,69.25,69.30999755859375,0.0,22414300
2024-07-01,70.55772399902344,71.0,0.0,71.05000305175781,68.83000183105469,70.05000305175781,0.0,7210400
2024-07-02,71.15398406982422,71.5999984741211,0.0,71.7300033569336,69.86000061035156,70.79000091552734,0.0,8308600
2024-07-03,71.75025939941406,72.19999694824219,0.0,73.13999938964844,70.9800033569336,70.9800033569336,0.0,6101800
2024-07-05,71.63101196289062,72.08000183105469,0.0,72.94999694824219,71.56999969482422,72.51000213623047,0.0,5403200
2024-07-08,74.44336700439453,74.91000366210938,0.0,75.55000305175781,71.98999786376953,72.05000305175781,0.0,12762300
2024-07-09,73.38003540039062,73.83999633789062,0.0,76.43000030517578,73.2699966430664,75.20999908447266,0.0,9080200
2024-07-10,74.41354370117188,74.87999725341797,0.0,75.83999633789062,73.19999694824219,74.16000366210938,0.0,8445200
2024-07-11,71.73038482666016,72.18000030517578,0.0,75.30999755859375,71.5999984741211,75.25,0.0,11489800
2024-07-12,73.19242858886719,73.58999633789062,0.06,74.79000091552734,71.55000305175781,72.91000366210938,0.0,10190800
2024-07-15,73.20238494873047,73.5999984741211,0.0,74.26000213623047,72.93000030517578,73.87999725341797,0.0,7870800
2024-07-16,75.19158172607422,75.5999984741211,0.0,75.69000244140625,72.41000366210938,74.0,0.0,6787300
2024-07-17,67.56300354003906,67.93000030517578,0.0,72.72000122070312,67.91000366210938,72.5,0.0,18019200
2024-07-18,67.84149169921875,68.20999908447266,0.0,69.93000030517578,66.0,69.73999786376953,0.0,12542600
2024-07-19,66.15068054199219,66.51000213623047,0.0,68.5199966430664,66.02999877929688,68.08999633789062,0.0,9367800
2024-07-22,68.6371841430664,69.01000213623047,0.0,69.16000366210938,66.33999633789062,68.12999725341797,0.0,10653300
2024-07-23,68.02053833007812,68.38999938964844,0.0,69.91000366210938,68.02999877929688,68.02999877929688,0.0,5956600
2024-07-24,64.00234985351562,64.3499984741211,0.0,67.8499984741211,64.25,67.05000305175781,0.0,10741400
2024-07-25,63.6442985534668,63.9900016784668,0.0,66.61000061035156,62.119998931884766,63.849998474121094,0.0,13634700
2024-07-26,65.36495208740234,65.72000122070312,0.0,66.30000305175781,64.66999816894531,65.91000366210938,0.0,8626600
2024-07-29,64.13165283203125,64.4800033569336,0.0,66.75,64.08999633789062,65.9000015258789,0.0,8623400
2024-07-30,62.46072769165039,62.79999923706055,0.0,65.47000122070312,62.290000915527344,64.87999725341797,0.0,10623700
2024-07-31,66.61813354492188,66.9800033569336,0.0,67.38999938964844,64.91999816894531,66.5199966430664,0.0,14508100
2024-08-01,62.71932601928711,63.060001373291016,0.0,66.9000015258789,62.13999938964844,65.55000305175781,0.0,14189300
2024-08-02,58.929908752441406,59.25,0.0,60.81999969482422,57.97999954223633,60.560001373291016,0.0,20178800
2024-08-05,57.358436584472656,57.66999816894531,0.0,58.81999969482422,53.189998626708984,53.43000030517578,0.0,14025800
2024-08-06,57.90547180175781,58.220001220703125,0.0,59.93000030517578,56.880001068115234,58.959999084472656,0.0,11107100
2024-08-07,55.84665298461914,56.150001525878906,0.0,61.52000045776367,56.029998779296875,60.349998474121094,0.0,11349500
2024-08-08,60.829586029052734,61.15999984741211,0.0,61.22999954223633,57.29999923706055,58.29999923706055,0.0,13045500
2024-08-09,60.232826232910156,60.560001373291016,0.0,61.36000061035156,59.72999954223633,60.63999938964844,0.0,7720100
2024-08-12,60.18309783935547,60.5099983215332,0.0,61.619998931884766,59.959999084472656,60.939998626708984,0.0,8332500
2024-08-13,63.70397186279297,64.05000305175781,0.0,64.58000183105469,60.7400016784668,62.0,0.0,11852500
2024-08-14,63.44538116455078,63.790000915527344,0.0,65.05000305175781,62.88999938964844,64.3499984741211,0.0,7701300
2024-08-15,68.95545196533203,69.33000183105469,0.0,69.80000305175781,65.94999694824219,66.7699966430664,0.0,17091400
2024-08-16,68.94549560546875,69.31999969482422,0.0,70.3499984741211,68.0199966430664,68.12000274658203,0.0,11575800
2024-08-19,70.65621185302734,71.04000091552734,0.0,71.16000366210938,67.56999969482422,68.91999816894531,0.0,9607200
2024-08-20,69.03502655029297,69.41000366210938,0.0,71.01000213623047,68.86000061035156,70.0,0.0,10304300
2024-08-21,70.95458221435547,71.33999633789062,0.0,71.5,69.48999786376953,70.30000305175781,0.0,9332700
2024-08-22,68.28907012939453,68.66000366210938,0.0,71.77999877929688,68.38999938964844,71.5,0.0,9705600
2024-08-23,71.4518814086914,71.83999633789062,0.0,72.58000183105469,70.01000213623047,70.45999908447266,0.0,12982800
2024-08-26,68.44820404052734,68.81999969482422,0.0,71.8499984741211,68.58000183105469,70.97000122070312,0.0,10382000
2024-08-27,69.33338928222656,69.70999908447266,0.0,70.19000244140625,67.04000091552734,68.33000183105469,0.0,6699300
2024-08-28,68.07025909423828,68.44000244140625,0.0,69.97000122070312,67.62999725341797,69.0999984741211,0.0,8661000
2024-08-29,69.46267700195312,69.83999633789062,0.0,71.76000213623047,68.83000183105469,69.13999938964844,0.0,16527000
2024-08-30,75.82810974121094,76.23999786376953,0.0,79.0,72.70999908447266,78.30000305175781,0.0,32029800
2024-09-03,69.64171600341797,70.0199966430664,0.0,75.0,69.54000091552734,74.58000183105469,0.0,22273200
2024-09-04,70.48712921142578,70.87000274658203,0.0,72.16000366210938,68.55999755859375,69.08000183105469,0.0,11815400
2024-09-05,69.51242065429688,69.88999938964844,0.0,71.98999786376953,69.36000061035156,69.72000122070312,0.0,8823800
2024-09-06,65.84234619140625,66.19999694824219,0.0,69.58999633789062,65.52999877929688,69.5,0.0,17130900
2024-09-09,68.55760192871094,68.93000030517578,0.0,69.02999877929688,67.51000213623047,67.83999633789062,0.0,11622600
2024-09-10,71.21317291259766,71.5999984741211,0.0,71.87000274658203,68.4800033569336,68.55999755859375,0.0,12203700
2024-09-11,74.48541259765625,74.88999938964844,0.0,75.1500015258789,70.94999694824219,72.87000274658203,0.0,14571600
2024-09-12,73.89860534667969,74.30000305175781,0.0,75.62000274658203,73.30999755859375,74.06999969482422,0.0,10595400
2024-09-13,74.07762145996094,74.4800033569336,0.0,75.91000366210938,73.27999877929688,75.01000213623047,0.0,8863600
2024-09-16,73.00345611572266,73.4000015258789,0.0,74.41999816894531,72.44000244140625,73.87000274658203,0.0,7666700
2024-09-17,72.37686920166016,72.7699966430664,0.0,74.2300033569336,71.97000122070312,74.0,0.0,6346700
2024-09-18,71.16346740722656,71.55000305175781,0.0,74.05999755859375,71.41000366210938,73.0,0.0,8449200
2024-09-19,74.47544860839844,74.87999725341797,0.0,76.0199966430664,73.51000213623047,74.83000183105469,0.0,12149600
2024-09-20,73.47091674804688,73.87000274658203,0.0,74.75,72.44000244140625,74.4800033569336,0.0,14307500
2024-09-23,71.42205047607422,71.80999755859375,0.0,74.11000061035156,70.06999969482422,73.87000274658203,0.0,14430600
2024-09-24,70.81534576416016,71.19999694824219,0.0,72.66000366210938,70.8499984741211,72.41000366210938,0.0,7702100
2024-09-25,70.79545593261719,71.18000030517578,0.0,71.98999786376953,70.30999755859375,70.69999694824219,0.0,9341100
2024-09-26,73.05318450927734,73.44999694824219,0.0,74.83000183105469,71.47000122070312,73.79000091552734,0.0,11715300
2024-09-27,70.60648345947266,70.98999786376953,0.0,73.3499984741211,70.05999755859375,73.19999694824219,0.0,12366900
2024-09-30,71.7303695678711,72.12000274658203,0.0,72.19000244140625,70.23999786376953,70.52999877929688,0.0,9082900
2024-10-01,69.93014526367188,70.30999755859375,0.0,72.77999877929688,69.98999786376953,72.02999877929688,0.0,12896400
2024-10-02,71.65081024169922,72.04000091552734,0.0,72.9800033569336,70.0199966430664,70.5,0.0,10872900
2024-10-03,71.84972381591797,72.23999786376953,0.0,73.83999633789062,70.86000061035156,71.02999877929688,0.0,8344400
2024-10-04,73.0134048461914,73.41000366210938,0.0,74.25,72.61000061035156,73.72000122070312,0.0,10249200
2024-10-07,73.32173919677734,73.72000122070312,0.0,74.45999908447266,71.9000015258789,72.16000366210938,0.0,8227200
2024-10-08,72.71502685546875,73.11000061035156,0.0,73.77999877929688,71.80999755859375,72.6500015258789,0.0,9750100
2024-10-09,72.44647979736328,72.83999633789062,0.0,73.69999694824219,71.55999755859375,72.83000183105469,0.0,8105200
2024-10-10,72.14810943603516,72.54000091552734,0.0,72.87999725341797,71.4800033569336,72.01000213623047,0.0,7658400
2024-10-11,73.67109680175781,74.01000213623047,0.06,74.51000213623047,71.7699966430664,71.94999694824219,0.0,7650700
2024-10-14,77.32430267333984,77.68000030517578,0.0,77.91999816894531,74.55000305175781,75.0,0.0,12347900
2024-10-15,79.04637908935547,79.41000366210938,0.0,82.6500015258789,77.97000122070312,80.44000244140625,0.0,25056300
2024-10-16,81.30598449707031,81.68000030517578,0.0,82.41000366210938,78.25,79.41000366210938,0.0,16355600
2024-10-17,79.5440902709961,79.91000366210938,0.0,84.19000244140625,79.88999938964844,84.12999725341797,0.0,12989700
2024-10-18,79.48435974121094,79.8499984741211,0.0,81.06999969482422,79.5199966430664,80.47000122070312,0.0,5996000
2024-10-21,81.4552993774414,81.83000183105469,0.0,82.94000244140625,80.58000183105469,80.7699966430664,0.0,8408700
2024-10-22,82.96833038330078,83.3499984741211,0.0,83.6500015258789,81.19999694824219,81.19999694824219,0.0,8795100
2024-10-23,81.4552993774414,81.83000183105469,0.0,83.33000183105469,79.77999877929688,82.9000015258789,0.0,8366400
2024-10-24,81.5548324584961,81.93000030517578,0.0,82.87999725341797,81.22000122070312,82.87000274658203,0.0,6226300
2024-10-25,81.2363052368164,81.61000061035156,0.0,83.41999816894531,81.58999633789062,82.30000305175781,0.0,6970400
2024-10-28,83.05792236328125,83.44000244140625,0.0,83.91999816894531,81.87999725341797,82.5999984741211,0.0,6652500
2024-10-29,84.48137664794922,84.87000274658203,0.0,85.37999725341797,83.06999969482422,83.44000244140625,0.0,9883700
2024-10-30,82.42086791992188,82.80000305175781,0.0,84.25,82.48999786376953,83.43000030517578,0.0,8417700
2024-10-31,79.74315643310547,80.11000061035156,0.0,82.44999694824219,79.05000305175781,82.30000305175781,0.0,11273000
2024-11-01,84.38182067871094,84.7699966430664,0.0,87.27999877929688,83.44000244140625,84.19999694824219,0.0,20330500
2024-11-04,83.99361419677734,84.37999725341797,0.0,85.91000366210938,83.11000061035156,83.87000274658203,0.0,7935900
2024-11-05,86.79075622558594,87.19000244140625,0.0,87.98999786376953,85.06999969482422,86.27999877929688,0.0,10233700
2024-11-06,90.21500396728516,90.62999725341797,0.0,91.70999908447266,88.4800033569336,89.41999816894531,0.0,14695200
2024-11-07,93.50984191894531,93.94000244140625,0.0,94.06999969482422,91.69999694824219,91.72000122070312,0.0,11491100
2024-11-08,93.37047576904297,93.80000305175781,0.0,95.08999633789062,92.94000244140625,93.58000183105469,0.0,8340000
2024-11-11,91.82759094238281,92.25,0.0,94.2300033569336,90.3499984741211,93.5,0.0,10626600
2024-11-12,92.35515594482422,92.77999877929688,0.0,93.80999755859375,91.55999755859375,92.25,0.0,8482400
2024-11-13,89.65755462646484,90.06999969482422,0.0,92.8499984741211,89.75,91.44999694824219,0.0,9163000
2024-11-14,90.28466796875,90.69999694824219,0.0,92.44000244140625,90.16999816894531,91.87000274658203,0.0,7631900
2024-11-15,87.42781829833984,87.83000183105469,0.0,89.79000091552734,87.4800033569336,89.13999938964844,0.0,10001300
2024-11-18,88.30377960205078,88.70999908447266,0.0,89.77999877929688,87.36000061035156,88.0,0.0,7073200
2024-11-19,88.93089294433594,89.33999633789062,0.0,89.66999816894531,87.58000183105469,87.70999908447266,0.0,6784700
2024-11-20,89.44851684570312,89.86000061035156,0.0,89.95999908447266,87.70999908447266,89.20999908447266,0.0,6532100
2024-11-21,92.51441955566406,92.94000244140625,0.0,93.48999786376953,90.06999969482422,91.7699966430664,0.0,9535100
2024-11-22,92.08638763427734,92.51000213623047,0.0,94.77999877929688,92.01000213623047,94.05999755859375,0.0,7455200
2024-11-25,91.81761932373047,92.23999786376953,0.0,94.36000061035156,91.83000183105469,93.8499984741211,0.0,9986300
2024-11-26,92.71350860595703,93.13999938964844,0.0,95.55000305175781,92.02999877929688,94.0,0.0,9016200
2024-11-27,89.68741607666016,90.0999984741211,0.0,92.70999908447266,88.01000213623047,92.70999908447266,0.0,8787900
2024-11-29,92.26555633544922,92.69000244140625,0.0,93.77999877929688,90.41999816894531,91.18000030517578,0.0,7131600
2024-12-02,96.41646575927734,96.86000061035156,0.0,97.62999725341797,94.94999694824219,97.37000274658203,0.0,17482000
2024-12-03,95.47081756591797,95.91000366210938,0.0,98.72000122070312,94.5999984741211,97.79000091552734,0.0,25015400
2024-12-04,117.6089859008789,118.1500015258789,0.0,119.87999725341797,109.56999969482422,112.33000183105469,0.0,59995900
2024-12-05,112.85086059570312,113.37000274658203,0.0,116.5999984741211,112.0999984741211,116.5999984741211,0.0,23963500
2024-12-06,112.99021911621094,113.51000213623047,0.0,114.75,111.62999725341797,113.4800033569336,0.0,13782500
2024-12-09,106.5398941040039,107.02999877929688,0.0,112.87999725341797,106.33000183105469,111.72000122070312,0.0,17640800
2024-12-10,106.19149780273438,106.68000030517578,0.0,108.70999908447266,105.0,107.86000061035156,0.0,13901600
2024-12-11,110.8500747680664,111.36000061035156,0.0,111.9800033569336,108.4800033569336,109.88999938964844,0.0,14798800
2024-12-12,108.5108413696289,109.01000213623047,0.0,110.94000244140625,107.91999816894531,110.52999877929688,0.0,10190400
2024-12-13,120.21697998046875,120.7699966430664,0.0,121.86000061035156,115.0999984741211,117.98999786376953,0.0,36722500
2024-12-16,124.2086181640625,124.77999877929688,0.0,126.1500015258789,119.12999725341797,122.5,0.0,23750700
2024-12-17,111.73600006103516,112.25,0.0,122.93000030517578,111.9000015258789,122.37000274658203,0.0,32166200
2024-12-18,104.79791259765625,105.27999877929688,0.0,113.51000213623047,104.37999725341797,112.5,0.0,24146000
2024-12-19,108.61036682128906,109.11000061035156,0.0,110.37999725341797,106.66999816894531,107.72000122070312,0.0,21497800
2024-12-20,111.3875961303711,111.9000015258789,0.0,114.37000274658203,107.37000274658203,107.9800033569336,0.0,28801600
2024-12-23,113.23908233642578,113.76000213623047,0.0,114.41999816894531,111.31999969482422,112.6500015258789,0.0,8629800
2024-12-24,115.41905975341797,115.94999694824219,0.0,116.0,113.4000015258789,115.44000244140625,0.0,5660900
2024-12-26,115.18013763427734,115.70999908447266,0.0,116.51000213623047,114.11000061035156,115.16000366210938,0.0,6480200
2024-12-27,113.09972381591797,113.62000274658203,0.0,114.98999786376953,111.38999938964844,114.62999725341797,0.0,6199900
2024-12-30,111.14869689941406,111.66000366210938,0.0,113.11000061035156,109.77999877929688,110.72000122070312,0.0,6271800
2024-12-31,109.94422912597656,110.44999694824219,0.0,112.25,109.80000305175781,111.5199966430664,0.0,4659600
2025-01-02,113.03999328613281,113.55999755859375,0.0,114.98999786376953,110.25,110.6500015258789,0.0,9071500
2025-01-03,117.63883972167969,118.18000030517578,0.0,118.33000183105469,114.73999786376953,115.11000061035156,0.0,11781200
2025-01-06,118.46503448486328,119.01000213623047,0.0,123.41000366210938,117.81999969482422,122.29000091552734,0.0,15261600
2025-01-07,115.69778442382812,116.2300033569336,0.0,120.44999694824219,115.0,120.38999938964844,0.0,10686900
2025-01-08,117.68861389160156,118.2300033569336,0.0,118.41000366210938,114.81999969482422,115.5,0.0,8372800
2025-01-10,113.85428619384766,114.31999969482422,0.06,116.55000305175781,113.63999938964844,116.16000366210938,0.0,10782000
2025-01-13,114.68091583251953,115.1500015258789,0.0,115.33000183105469,111.55000305175781,112.0,0.0,9615400
2025-01-14,114.73070526123047,115.19999694824219,0.0,117.69999694824219,113.87999725341797,116.73999786376953,0.0,6889700
2025-01-15,115.52745056152344,116.0,0.0,119.08999633789062,115.75,118.33000183105469,0.0,10579600
2025-01-16,117.10101318359375,117.58000183105469,0.0,120.87000274658203,116.33999633789062,118.43000030517578,0.0,12181900
2025-01-17,124.25176239013672,124.76000213623047,0.0,125.37000274658203,119.4000015258789,119.91999816894531,0.0,14869600
2025-01-21,123.2757568359375,123.77999877929688,0.0,126.11000061035156,122.0999984741211,125.8499984741211,0.0,12770700
2025-01-22,124.69993591308594,125.20999908447266,0.0,126.44999694824219,124.23999786376953,124.80000305175781,0.0,10126700
2025-01-23,125.54646301269531,126.05999755859375,0.0,127.4800033569336,121.7300033569336,123.36000061035156,0.0,9530800
2025-01-24,123.51477813720703,124.0199966430664,0.0,127.19999694824219,123.66999816894531,126.68000030517578,0.0,9605600
2025-01-27,99.9212875366211,100.33000183105469,0.0,108.1500015258789,99.5199966430664,108.02999877929688,0.0,38462500
2025-01-28,103.45682525634766,103.87999725341797,0.0,105.05000305175781,100.05000305175781,103.30000305175781,0.0,20322300
2025-01-29,106.35496520996094,106.79000091552734,0.0,107.26000213623047,103.11000061035156,104.61000061035156,0.0,16052900
2025-01-30,109.88055419921875,110.33000183105469,0.0,112.0,109.04000091552734,111.37000274658203,0.0,14568200
2025-01-31,112.4002456665039,112.86000061035156,0.0,115.79000091552734,111.19999694824219,112.44999694824219,0.0,15197400
2025-02-03,113.0973892211914,113.55999755859375,0.0,115.3499984741211,108.4000015258789,108.73999786376953,0.0,11389500
2025-02-04,109.24315643310547,109.69000244140625,0.0,111.58000183105469,105.69000244140625,107.87999725341797,0.0,14220100
2025-02-05,115.9855728149414,116.45999908447266,0.0,116.8499984741211,110.76000213623047,112.0,0.0,13532200
2025-02-06,118.7542495727539,119.23999786376953,0.0,119.4800033569336,115.5,116.45999908447266,0.0,10687300
2025-02-07,110.16937255859375,110.62000274658203,0.0,121.80999755859375,110.43000030517578,121.41000366210938,0.0,20991700
2025-02-10,112.34049224853516,112.80000305175781,0.0,113.54000091552734,111.0,111.79000091552734,0.0,10214300
2025-02-11,108.67546844482422,109.12000274658203,0.0,112.45999908447266,108.81999969482422,110.62000274658203,0.0,9059600
2025-02-12,104.99054718017578,105.41999816894531,0.0,108.0199966430664,105.08000183105469,106.75,0.0,11998700
2025-02-13,103.07837677001953,103.5,0.0,106.7699966430664,103.16999816894531,105.3499984741211,0.0,12686400
2025-02-14,106.07612609863281,106.51000213623047,0.0,107.0199966430664,100.22000122070312,102.97000122070312,0.0,13539800
2025-02-18,106.8529281616211,107.29000091552734,0.0,107.91000366210938,104.94000244140625,106.98999786376953,0.0,9737500
2025-02-19,110.58765411376953,111.04000091552734,0.0,112.5,109.13999938964844,110.1500015258789,0.0,13244200
2025-02-20,108.26715087890625,108.70999908447266,0.0,111.0,106.81999969482422,110.62999725341797,0.0,9391900
2025-02-21,103.3871078491211,103.80999755859375,0.0,109.75,102.36000061035156,109.11000061035156,0.0,11019000
2025-02-24,97.51113891601562,97.91000366210938,0.0,104.66999816894531,97.41000366210938,104.22000122070312,0.0,17235100
2025-02-25,92.62115478515625,93.0,0.0,97.04000091552734,91.7300033569336,97.0,0.0,24331400
2025-02-26,94.51341247558594,94.9000015258789,0.0,96.6500015258789,93.95999908447266,95.8499984741211,0.0,13955200
2025-02-27,87.2929458618164,87.6500015258789,0.0,98.05999755859375,87.27999877929688,98.0,0.0,22770300
2025-02-28,91.44596099853516,91.81999969482422,0.0,92.08000183105469,86.12999725341797,87.16999816894531,0.0,22345400
2025-03-03,85.48036193847656,85.83000183105469,0.0,92.87999725341797,84.87000274658203,91.98999786376953,0.0,20882200
2025-03-04,87.97017669677734,88.33000183105469,0.0,91.81999969482422,83.23999786376953,85.31999969482422,0.0,21475400
2025-03-05,89.77279663085938,90.13999938964844,0.0,90.73999786376953,85.18000030517578,88.76000213623047,0.0,33773800
2025-03-06,71.98554992675781,72.27999877929688,0.0,75.7699966430664,71.6500015258789,74.08000183105469,0.0,60967000
2025-03-07,70.5514144897461,70.83999633789062,0.0,72.33000183105469,67.27999877929688,71.95999908447266,0.0,38853100
2025-03-10,65.40248107910156,65.66999816894531,0.0,68.55000305175781,63.650001525878906,68.3499984741211,0.0,32136400
2025-03-11,66.88641357421875,67.16000366210938,0.0,69.0,65.33999633789062,66.43000030517578,0.0,23333000
2025-03-12,69.5654525756836,69.8499984741211,0.0,71.33000183105469,68.62999725341797,69.72000122070312,0.0,20642600
2025-03-13,68.47989654541016,68.76000213623047,0.0,71.58000183105469,67.6500015258789,69.7300033569336,0.0,14947800
2025-03-14,68.45996856689453,68.73999786376953,0.0,70.76000213623047,67.9800033569336,70.16999816894531,0.0,15613100
2025-03-17,70.11321258544922,70.4000015258789,0.0,70.56999969482422,68.51000213623047,68.75,0.0,13419400
2025-03-18,68.0018310546875,68.27999877929688,0.0,69.94000244140625,67.76000213623047,69.62000274658203,0.0,11613600
2025-03-19,69.52561950683594,69.80999755859375,0.0,71.37000274658203,67.98999786376953,68.52999877929688,0.0,12228800
2025-03-20,70.20285034179688,70.48999786376953,0.0,71.12999725341797,68.8499984741211,69.16999816894531,0.0,9083000
2025-03-21,70.1032485961914,70.38999938964844,0.0,70.79000091552734,68.44000244140625,68.5999984741211,0.0,11942300
2025-03-24,72.46358489990234,72.76000213623047,0.0,72.91999816894531,71.05999755859375,71.4000015258789,0.0,12185900
2025-03-25,71.37804412841797,71.66999816894531,0.0,73.2300033569336,71.08999633789062,72.5,0.0,9443100
2025-03-26,66.48802947998047,66.76000213623047,0.0,71.19999694824219,65.83999633789062,71.0,0.0,19777100
2025-03-27,64.59577941894531,64.86000061035156,0.0,66.62999725341797,63.91999816894531,66.05999755859375,0.0,14956100
2025-03-28,61.787269592285156,62.040000915527344,0.0,64.88999938964844,61.25,64.62999725341797,0.0,18790400
2025-03-31,61.319183349609375,61.56999969482422,0.0,61.65999984741211,59.2400016784668,60.380001068115234,0.0,16032400
2025-04-01,62.414703369140625,62.66999816894531,0.0,62.720001220703125,60.779998779296875,61.45000076293945,0.0,12613300
2025-04-02,62.972415924072266,63.22999954223633,0.0,64.7300033569336,61.459999084472656,61.5,0.0,13138200
2025-04-03,55.413333892822266,55.63999938964844,0.0,59.29999923706055,55.41999816894531,58.63999938964844,0.0,25213200
2025-04-04,49.2286376953125,49.43000030517578,0.0,52.86000061035156,47.310001373291016,52.689998626708984,0.0,37313400
2025-04-07,50.79224395751953,51.0,0.0,55.02000045776367,47.09000015258789,47.459999084472656,0.0,30875500
2025-04-08,49.82619094848633,50.029998779296875,0.0,56.25,48.540000915527344,54.2400016784668,0.0,32326200
2025-04-09,60.71166229248047,60.959999084472656,0.0,61.29999923706055,49.709999084472656,50.290000915527344,0.0,38033700
2025-04-10,52.65462112426758,52.869998931884766,0.0,58.41999816894531,50.310001373291016,58.20000076293945,0.0,34622100
2025-04-11,53.23291778564453,53.38999938964844,0.06,53.38999938964844,51.439998626708984,52.59000015258789,0.0,17726800
2025-04-14,52.10624313354492,52.2599983215332,0.0,56.029998779296875,51.34000015258789,55.849998474121094,0.0,19413000
2025-04-15,53.163124084472656,53.31999969482422,0.0,54.13999938964844,52.43000030517578,52.5099983215332,0.0,11297400
2025-04-16,51.77721405029297,51.93000030517578,0.0,52.439998626708984,49.70000076293945,50.47999954223633,0.0,19820200
2025-04-17,51.547889709472656,51.70000076293945,0.0,52.4900016784668,50.790000915527344,52.0099983215332,0.0,12283700
2025-04-21,49.23471450805664,49.380001068115234,0.0,50.709999084472656,48.09000015258789,50.29999923706055,0.0,14038000
2025-04-22,50.471065521240234,50.619998931884766,0.0,51.470001220703125,49.779998779296875,50.11000061035156,0.0,15732400
2025-04-23,53.61179733276367,53.77000045776367,0.0,55.95000076293945,53.36000061035156,54.849998474121094,0.0,18934600
2025-04-24,57.16132354736328,57.33000183105469,0.0,57.970001220703125,54.459999084472656,54.79999923706055,0.0,21404800
2025-04-25,58.74664306640625,58.91999816894531,0.0,59.2599983215332,56.7599983215332,56.97999954223633,0.0,11929600
2025-04-28,58.52729797363281,58.70000076293945,0.0,58.869998931884766,56.70000076293945,58.290000915527344,0.0,13840000
2025-04-29,58.50735092163086,58.68000030517578,0.0,59.75,58.0099983215332,58.209999084472656,0.0,14831900
2025-04-30,58.198265075683594,58.369998931884766,0.0,58.439998626708984,55.86000061035156,56.279998779296875,0.0,14316600
2025-05-01,60.77067565917969,60.95000076293945,0.0,61.779998779296875,59.27000045776367,60.150001525878906,0.0,17638200
2025-05-02,62.146610260009766,62.33000183105469,0.0,63.43000030517578,61.970001220703125,62.20000076293945,0.0,15638600
2025-05-05,61.79764175415039,61.97999954223633,0.0,62.95000076293945,61.08000183105469,61.689998626708984,0.0,9098900
2025-05-06,61.03988265991211,61.220001220703125,0.0,61.84000015258789,59.970001220703125,60.369998931884766,0.0,9818100
2025-05-07,56.14432144165039,56.310001373291016,0.0,56.439998626708984,53.779998779296875,55.15999984741211,0.0,40342900
2025-05-08,57.46044158935547,57.630001068115234,0.0,59.029998779296875,56.689998626708984,58.060001373291016,0.0,18868800
2025-05-09,59.47450256347656,59.650001525878906,0.0,60.869998931884766,59.13999938964844,59.849998474121094,0.0,14698300
2025-05-12,64.31023406982422,64.5,0.0,65.11000061035156,63.18000030517578,64.72000122070312,0.0,20383100
2025-05-13,65.287353515625,65.4800033569336,0.0,67.04000091552734,64.4000015258789,65.05000305175781,0.0,19733700
2025-05-14,65.70610809326172,65.9000015258789,0.0,66.91999816894531,64.94999694824219,66.6500015258789,0.0,11472600
2025-05-15,65.00816345214844,65.19999694824219,0.0,65.95999908447266,63.939998626708984,65.0999984741211,0.0,9962500
2025-05-16,63.57240676879883,63.7599983215332,0.0,65.13999938964844,63.5,65.0999984741211,0.0,18712900
2025-05-19,62.37593460083008,62.560001373291016,0.0,62.970001220703125,60.63999938964844,61.099998474121094,0.0,20323500
2025-05-20,61.23929214477539,61.41999816894531,0.0,61.41999816894531,59.79999923706055,60.95000076293945,0.0,22326200
2025-05-21,59.933143615722656,60.11000061035156,0.0,62.45000076293945,59.68000030517578,60.95000076293945,0.0,14022800
2025-05-22,61.668025970458984,61.849998474121094,0.0,62.86000061035156,59.31999969482422,59.40999984741211,0.0,16653100
2025-05-23,60.511436462402344,60.689998626708984,0.0,61.29999923706055,60.0,60.150001525878906,0.0,17443200
2025-05-27,63.632232666015625,63.81999969482422,0.0,65.5199966430664,62.459999084472656,62.939998626708984,0.0,25511700
2025-05-28,64.39995574951172,64.58999633789062,0.0,65.9000015258789,64.5,64.80000305175781,0.0,23421200
2025-05-29,63.54249572753906,63.72999954223633,0.0,67.58999633789062,63.33000183105469,67.36000061035156,0.0,38742400
2025-05-30,60.01290512084961,60.189998626708984,0.0,60.97999954223633,58.61000061035156,60.79999923706055,0.0,48347500
2025-06-02,61.28914260864258,61.470001220703125,0.0,62.29999923706055,59.529998779296875,59.75,0.0,18270300
2025-06-03,62.17652893066406,62.36000061035156,0.0,63.5099983215332,61.150001525878906,62.029998779296875,0.0,19286600
2025-06-04,66.10494232177734,66.30000305175781,0.0,67.02999877929688,61.86000061035156,63.040000915527344,0.0,26990200
2025-06-05,64.9682846069336,65.16000366210938,0.0,67.58999633789062,64.80999755859375,67.2699966430664,0.0,23426600
2025-06-06,68.1489028930664,68.3499984741211,0.0,69.77999877929688,66.30999755859375,66.97000122070312,0.0,22926300
2025-06-09,68.93657684326172,69.13999938964844,0.0,71.23999786376953,68.95999908447266,69.47000122070312,0.0,19351800
2025-06-10,68.63746643066406,68.83999633789062,0.0,70.58000183105469,68.05999755859375,69.93000030517578,0.0,14948700
2025-06-11,68.03922271728516,68.23999786376953,0.0,70.23999786376953,67.63999938964844,69.38999938964844,0.0,13885500
2025-06-12,69.43510437011719,69.63999938964844,0.0,70.05999755859375,67.7699966430664,67.94000244140625,0.0,11862600
2025-06-13,66.99231719970703,67.19000244140625,0.0,68.97000122070312,66.97000122070312,68.05999755859375,0.0,14159800
2025-06-16,70.21280670166016,70.41999816894531,0.0,71.27999877929688,68.04000091552734,68.5199966430664,0.0,19706100
2025-06-17,69.78407287597656,69.98999786376953,0.0,72.75,69.16999816894531,70.22000122070312,0.0,25313400
2025-06-18,74.7294692993164,74.94999694824219,0.0,77.6500015258789,73.7300033569336,74.52999877929688,0.0,55359800
2025-06-20,73.2937240600586,73.51000213623047,0.0,77.31999969482422,73.30000305175781,77.05999755859375,0.0,46009100
2025-06-23,70.5717544555664,70.77999877929688,0.0,73.18000030517578,69.18000030517578,72.98999786376953,0.0,26862100
2025-06-24,74.98871612548828,75.20999908447266,0.0,75.44000244140625,71.91000366210938,72.38999938964844,0.0,26999800
2025-06-25,75.70658874511719,75.93000030517578,0.0,76.48999786376953,74.5999984741211,76.37000274658203,0.0,19426700
2025-06-26,79.73471069335938,79.97000122070312,0.0,81.12000274658203,77.44999694824219,79.02999877929688,0.0,37440600
2025-06-27,76.93299865722656,77.16000366210938,0.0,79.0,76.41000366210938,78.8499984741211,0.0,27254000
2025-06-30,77.17227935791016,77.4000015258789,0.0,78.44000244140625,76.70999908447266,78.4000015258789,0.0,17072900
2025-07-01,76.01568603515625,76.23999786376953,0.0,77.77999877929688,75.04000091552734,76.7300033569336,0.0,16702100
2025-07-02,74.03153991699219,74.25,0.0,79.08999633789062,73.77999877929688,76.19000244140625,0.0,39388500
2025-07-03,74.95881652832031,75.18000030517578,0.0,75.33999633789062,74.12999725341797,74.83000183105469,0.0,10218000
2025-07-07,71.33948516845703,71.55000305175781,0.0,74.80999755859375,71.44999694824219,74.43000030517578,0.0,22050900
2025-07-08,71.73831176757812,71.94999694824219,0.0,73.5,71.80000305175781,72.33000183105469,0.0,16356800
2025-07-09,72.04740905761719,72.26000213623047,0.0,73.48999786376953,71.30000305175781,72.51000213623047,0.0,18453500
2025-07-10,73.14415740966797,73.36000061035156,0.0,73.55999755859375,71.38999938964844,72.4000015258789,0.0,11542400
2025-07-11,72.55541229248047,72.70999908447266,0.06,73.18000030517578,72.12000274658203,72.56999969482422,0.0,10136000
2025-07-14,72.35584259033203,72.51000213623047,0.0,72.94999694824219,70.4800033569336,72.11000061035156,0.0,12029400
2025-07-15,72.25606536865234,72.41000366210938,0.0,74.01000213623047,72.12000274658203,73.75,0.0,15683100
2025-07-16,70.69937133789062,70.8499984741211,0.0,71.0199966430664,68.0,70.12999725341797,0.0,26477200
2025-07-17,71.85690307617188,72.01000213623047,0.0,73.12999725341797,70.12000274658203,71.0999984741211,0.0,15030000
2025-07-18,74.49129486083984,74.6500015258789,0.0,75.26000213623047,71.1500015258789,72.3499984741211,0.0,16914800
2025-07-21,72.9046630859375,73.05999755859375,0.0,73.55000305175781,72.19999694824219,73.48999786376953,0.0,15595300
2025-07-22,71.83694458007812,71.98999786376953,0.0,73.1500015258789,70.30000305175781,72.97000122070312,0.0,12192300
2025-07-23,73.11421966552734,73.2699966430664,0.0,73.70999908447266,72.23999786376953,72.56999969482422,0.0,11239000
2025-07-24,73.88258361816406,74.04000091552734,0.0,74.12000274658203,72.38999938964844,73.66999816894531,0.0,10641400
2025-07-25,74.05223083496094,74.20999908447266,0.0,74.55000305175781,73.0999984741211,74.0,0.0,9830300
2025-07-28,75.74861145019531,75.91000366210938,0.0,76.58000183105469,74.66000366210938,75.1500015258789,0.0,13267400
2025-07-29,76.17769622802734,76.33999633789062,0.0,78.76000213623047,75.97000122070312,76.4000015258789,0.0,14717200
2025-07-30,81.56621551513672,81.73999786376953,0.0,85.2699966430664,80.56999969482422,83.11000061035156,0.0,45527600
2025-07-31,80.19913482666016,80.37000274658203,0.0,83.25,79.62000274658203,82.75,0.0,26433200
2025-08-01,74.29171752929688,74.44999694824219,0.0,77.16000366210938,73.41999816894531,77.06999969482422,0.0,28877000
2025-08-04,76.36729431152344,76.52999877929688,0.0,76.88999938964844,74.81999969482422,75.69999694824219,0.0,11882900
2025-08-05,76.46707916259766,76.62999725341797,0.0,78.0,74.95999908447266,76.91000366210938,0.0,11920800
2025-08-06,75.15986633300781,75.31999969482422,0.0,76.44999694824219,73.9800033569336,76.08000183105469,0.0,14469700
2025-08-07,75.68873596191406,75.8499984741211,0.0,77.25,74.19000244140625,76.5,0.0,14628000
2025-08-08,77.17557525634766,77.33999633789062,0.0,77.38999938964844,75.61000061035156,76.19999694824219,0.0,9971300
2025-08-11,77.1156997680664,77.27999877929688,0.0,80.01000213623047,77.19000244140625,77.94999694824219,0.0,11843600
2025-08-12,77.64456939697266,77.80999755859375,0.0,77.97000122070312,74.83999633789062,76.3499984741211,0.0,15547900
2025-08-13,79.1513671875,79.31999969482422,0.0,80.05999755859375,78.02999877929688,78.4000015258789,0.0,11740200
2025-08-14,78.87196350097656,79.04000091552734,0.0,79.62999725341797,77.33999633789062,78.02999877929688,0.0,10127800
2025-08-15,76.02802276611328,76.19000244140625,0.0,79.41999816894531,76.16999816894531,79.41999816894531,0.0,13212900
2025-08-18,76.57684326171875,76.73999786376953,0.0,77.08000183105469,75.29000091552734,76.08000183105469,0.0,10192500
2025-08-19,71.91677856445312,72.06999969482422,0.0,76.44000244140625,71.80000305175781,76.4000015258789,0.0,16963400
2025-08-20,71.06859588623047,71.22000122070312,0.0,71.83000183105469,68.54000091552734,71.7300033569336,0.0,19895200
2025-08-21,71.05860137939453,71.20999908447266,0.0,72.0,70.05000305175781,70.45999908447266,0.0,9854100
2025-08-22,72.84480285644531,73.0,0.0,74.7300033569336,70.68000030517578,71.33999633789062,0.0,14435900
2025-08-25,72.79490661621094,72.94999694824219,0.0,73.87999725341797,72.26000213623047,72.98999786376953,0.0,10057700
2025-08-26,74.10211944580078,74.26000213623047,0.0,75.13999938964844,72.98999786376953,72.98999786376953,0.0,12302300
2025-08-27,74.63099670410156,74.79000091552734,0.0,75.02999877929688,73.81999969482422,74.19999694824219,0.0,11373500
2025-08-28,77.06581115722656,77.2300033569336,0.0,78.08000183105469,75.05999755859375,75.91999816894531,0.0,36895300
2025-08-29,62.7363395690918,62.869998931884766,0.0,65.48999786376953,62.619998931884766,64.52999877929688,0.0,96830800
2025-09-02,64.4626693725586,64.5999984741211,0.0,64.66000366210938,61.810001373291016,61.959999084472656,0.0,36275600
2025-09-03,62.177528381347656,62.310001373291016,0.0,64.5199966430664,61.720001220703125,64.05000305175781,0.0,34297300
2025-09-04,63.96371841430664,64.0999984741211,0.0,64.52999877929688,61.439998626708984,62.13999938964844,0.0,27726400
2025-09-05,63.19535827636719,63.33000183105469,0.0,64.58999633789062,62.470001220703125,63.97999954223633,0.0,25793100
2025-09-08,65.85968017578125,66.0,0.0,66.12999725341797,63.06999969482422,63.619998931884766,0.0,24466600
2025-09-09,66.6978988647461,66.83999633789062,0.0,67.44000244140625,65.19000244140625,65.86000061035156,0.0,17226000
2025-09-10,66.95734405517578,67.0999984741211,0.0,68.5199966430664,66.68000030517578,67.91999816894531,0.0,23751400
2025-09-11,66.44841766357422,66.58999633789062,0.0,68.19999694824219,66.36000061035156,67.0,0.0,13912400
2025-09-12,67.2068099975586,67.3499984741211,0.0,67.75,66.13999938964844,67.55000305175781,0.0,14868600
2025-09-15,67.28663635253906,67.43000030517578,0.0,68.11000061035156,66.33000183105469,67.44999694824219,0.0,17340800
2025-09-16,68.7136001586914,68.86000061035156,0.0,69.18000030517578,67.36000061035156,67.83999633789062,0.0,15931000
2025-09-17,70.82909393310547,70.9800033569336,0.0,72.41000366210938,68.36000061035156,68.86000061035156,0.0,29593100
2025-09-18,74.07218933105469,74.2300033569336,0.0,75.0,72.48999786376953,72.75,0.0,28894800
2025-09-19,74.10211944580078,74.26000213623047,0.0,75.37000274658203,73.31999969482422,74.75,0.0,31788100
2025-09-22,75.36941528320312,75.52999877929688,0.0,75.93000030517578,73.3499984741211,73.3499984741211,0.0,20037700
2025-09-23,74.46136474609375,74.62000274658203,0.0,76.3499984741211,74.0199966430664,75.38999938964844,0.0,21403700
2025-09-24,79.91973114013672,80.08999633789062,0.0,81.72000122070312,75.06999969482422,76.95999908447266,0.0,50429500
2025-09-25,83.63182067871094,83.80999755859375,0.0,84.45999908447266,76.31999969482422,78.11000061035156,0.0,43286000
2025-09-26,82.99317932128906,83.16999816894531,0.0,83.87000274658203,81.54000091552734,82.47000122070312,0.0,26715100
2025-09-29,82.21482849121094,82.38999938964844,0.0,85.08999633789062,82.31999969482422,83.69000244140625,0.0,20468300
2025-09-30,83.89126586914062,84.06999969482422,0.0,84.43000030517578,81.4000015258789,81.69999694824219,0.0,18751700
2025-10-01,83.7116470336914,83.88999938964844,0.0,84.11000061035156,81.3499984741211,82.4000015258789,0.0,20038400
2025-10-02,86.01673126220703,86.19999694824219,0.0,87.30999755859375,84.43000030517578,85.06999969482422,0.0,21698700
2025-10-03,86.03669738769531,86.22000122070312,0.0,87.2699966430664,85.08000183105469,86.27999877929688,0.0,15679200
2025-10-06,88.73094940185547,88.91999816894531,0.0,90.25,88.25,88.8499984741211,0.0,20580500
2025-10-07,86.78509521484375,86.97000122070312,0.0,90.88999938964844,86.02999877929688,88.97000122070312,0.0,17609500
2025-10-08,92.30335235595703,92.5,0.0,92.66999816894531,87.62000274658203,88.38999938964844,0.0,20451000
2025-10-09,90.48721313476562,90.68000030517578,0.0,92.6500015258789,90.5199966430664,91.94000244140625,0.0,14868400
2025-10-10,85.48455047607422,85.61000061035156,0.06,94.66000366210938,85.36000061035156,92.97000122070312,0.0,30545700
2025-10-13,89.2590103149414,89.38999938964844,0.0,89.87000274658203,86.63999938964844,89.47000122070312,0.0,20563500
2025-10-14,86.09366607666016,86.22000122070312,0.0,88.81999969482422,85.33000183105469,86.80000305175781,0.0,15447600
2025-10-15,88.7597427368164,88.88999938964844,0.0,89.45999908447266,86.58999633789062,88.16999816894531,0.0,15202200
2025-10-16,88.10071563720703,88.2300033569336,0.0,91.19999694824219,87.02999877929688,89.70999908447266,0.0,12988900
2025-10-17,87.82112884521484,87.94999694824219,0.0,88.94999694824219,85.70999908447266,86.83000183105469,0.0,13244000
2025-10-20,85.7142105102539,85.83999633789062,0.0,88.72000122070312,85.44999694824219,86.63999938964844,0.0,16137500
2025-10-21,84.13653564453125,84.26000213623047,0.0,85.93000030517578,83.0999984741211,85.69000244140625,0.0,13242100
2025-10-22,80.93123626708984,81.05000305175781,0.0,83.56999969482422,79.05999755859375,81.2300033569336,0.0,19218600
2025-10-23,82.6487045288086,82.7699966430664,0.0,83.44999694824219,80.52999877929688,81.0,0.0,10335800
2025-10-24,84.0067138671875,84.12999725341797,0.0,85.79000091552734,82.69999694824219,83.87999725341797,0.0,11661400
2025-10-27,88.58000946044922,88.70999908447266,0.0,89.37999725341797,85.19999694824219,86.04000091552734,0.0,16331600
2025-10-28,88.33037567138672,88.45999908447266,0.0,89.9800033569336,87.79000091552734,88.95999908447266,0.0,13029300
2025-10-29,90.01790618896484,90.1500015258789,0.0,91.51000213623047,89.05000305175781,90.76000213623047,0.0,13399900
2025-10-30,88.44021606445312,88.56999969482422,0.0,90.45999908447266,88.36000061035156,89.27999877929688,0.0,11903800
2025-10-31,93.6026382446289,93.73999786376953,0.0,97.56999969482422,90.95999908447266,93.4000015258789,0.0,29320800
2025-11-03,90.23758697509766,90.37000274658203,0.0,94.83999633789062,90.01000213623047,93.38999938964844,0.0,14308700
2025-11-04,87.46163940429688,87.58999633789062,0.0,90.83999633789062,87.22000122070312,87.76000213623047,0.0,13630000
2025-11-05,92.76387023925781,92.9000015258789,0.0,95.38999938964844,88.1500015258789,88.33000183105469,0.0,17194500
2025-11-06,93.19324493408203,93.33000183105469,0.0,98.12999725341797,92.41999816894531,96.20999908447266,0.0,28022500
2025-11-07,90.78677368164062,90.91999816894531,0.0,92.18000030517578,85.11000061035156,91.68000030517578,0.0,20898700
2025-11-10,93.09339141845703,93.2300033569336,0.0,94.47000122070312,92.19999694824219,93.16999816894531,0.0,14570700
2025-11-11,89.19910430908203,89.33000183105469,0.0,92.66999816894531,88.5199966430664,92.02999877929688,0.0,13538500
2025-11-12,89.19910430908203,89.33000183105469,0.0,92.87000274658203,88.87000274658203,90.55999755859375,0.0,11846700
2025-11-13,87.39175415039062,87.5199966430664,0.0,88.44999694824219,84.70999908447266,87.58999633789062,0.0,17226600
2025-11-14,86.32331848144531,86.44999694824219,0.0,89.0,83.33000183105469,84.47000122070312,0.0,12414100
2025-11-17,83.32771301269531,83.44999694824219,0.0,86.72000122070312,81.86000061035156,85.43000030517578,0.0,16548600
2025-11-18,78.56471252441406,78.68000030517578,0.0,81.75,78.44000244140625,80.47000122070312,0.0,23426900
2025-11-19,81.20084381103516,81.31999969482422,0.0,81.88999938964844,78.77999877929688,79.08999633789062,0.0,13688200
2025-11-20,76.56764221191406,76.68000030517578,0.0,84.44000244140625,76.08000183105469,83.4000015258789,0.0,23315900
2025-11-21,77.33650207519531,77.44999694824219,0.0,78.91999816894531,73.62000274658203,76.76000213623047,0.0,16211000
2025-11-24,83.66722106933594,83.79000091552734,0.0,84.58000183105469,78.0,78.48999786376953,0.0,23945100
2025-11-25,83.30774688720703,83.43000030517578,0.0,83.80999755859375,80.52999877929688,82.5,0.0,11667900
2025-11-26,87.59146118164062,87.72000122070312,0.0,89.30999755859375,84.02999877929688,84.58999633789062,0.0,15019100
2025-11-28,89.26900482177734,89.4000015258789,0.0,89.52999877929688,84.5199966430664,85.9000015258789,0.0,11235600
2025-12-01,90.96650695800781,91.0999984741211,0.0,92.73999786376953,88.30000305175781,89.13999938964844,0.0,18143400
2025-12-02,92.7538833618164,92.88999938964844,0.0,93.86000061035156,91.45999908447266,92.66000366210938,0.0,38231100
2025-12-03,100.05317687988281,100.19999694824219,0.0,102.11000061035156,95.79000091552734,100.04000091552734,0.0,52833700
2025-12-04,98.0461196899414,98.19000244140625,0.0,102.7699966430664,97.18000030517578,99.41000366210938,0.0,23981800
2025-12-05,98.76506042480469,98.91000366210938,0.0,102.63999938964844,97.30999755859375,100.4000015258789,0.0,22219900
2025-12-08,91.86518859863281,92.0,0.0,92.79000091552734,88.91999816894531,90.44999694824219,0.0,40731000
2025-12-09,88.76973724365234,88.9000015258789,0.0,91.69000244140625,88.04000091552734,91.58999633789062,0.0,23037400
2025-12-10,92.33450317382812,92.47000122070312,0.0,92.8499984741211,90.1500015258789,91.33000183105469,0.0,22573600
2025-12-11,89.29895782470703,89.43000030517578,0.0,91.73999786376953,87.51000213623047,90.9800033569336,0.0,16593500
2025-12-12,84.30628967285156,84.43000030517578,0.0,89.0,83.88999938964844,87.62999725341797,0.0,21576300
2025-12-15,84.13653564453125,84.26000213623047,0.0,85.8499984741211,83.66999816894531,84.87000274658203,0.0,11953300
2025-12-16,83.94680786132812,84.06999969482422,0.0,84.44999694824219,82.2300033569336,83.58000183105469,0.0,9483800
2025-12-17,81.58028411865234,81.69999694824219,0.0,87.18000030517578,81.18000030517578,86.5,0.0,16662700
2025-12-18,84.34622192382812,84.47000122070312,0.0,85.02999877929688,82.6500015258789,84.4800033569336,0.0,12732100
2025-12-19,83.96678161621094,84.08999633789062,0.0,86.22000122070312,83.69999694824219,84.05000305175781,0.0,21722200
2025-12-22,84.67574310302734,84.80000305175781,0.0,87.3499984741211,84.44999694824219,86.58000183105469,0.0,9871000
2025-12-23,87.55152130126953,87.68000030517578,0.0,88.05000305175781,84.29000091552734,84.4000015258789,0.0,12334100
2025-12-24,86.36326599121094,86.48999786376953,0.0,87.7699966430664,86.0999984741211,87.25,0.0,5335300
2025-12-26,86.2134780883789,86.33999633789062,0.0,87.19999694824219,85.97000122070312,87.0999984741211,0.0,5001000
2025-12-29,85.63433837890625,85.76000213623047,0.0,86.0999984741211,84.19999694824219,85.33000183105469,0.0,9677700
2025-12-30,86.63287353515625,86.76000213623047,0.0,88.0999984741211,85.72000122070312,85.76000213623047,0.0,9583000
2025-12-31,84.85548400878906,84.9800033569336,0.0,86.91999816894531,84.94000244140625,86.80000305175781,0.0,7234100
2026-01-02,89.2590103149414,89.38999938964844,0.0,90.08000183105469,86.5999984741211,86.73999786376953,0.0,14987500
2026-01-05,90.09778594970703,90.2300033569336,0.0,93.97000122070312,88.12000274658203,93.0199966430664,0.0,21328400
2026-01-06,88.10071563720703,88.2300033569336,0.0,94.19999694824219,86.7699966430664,92.69999694824219,0.0,24322700
2026-01-07,84.51597595214844,84.63999938964844,0.0,86.54000091552734,83.58999633789062,86.5199966430664,0.0,17230800
2026-01-08,83.32771301269531,83.44999694824219,0.0,84.91999816894531,82.87999725341797,84.69999694824219,0.0,10695900
2026-01-09,83.15785217285156,83.22000122070312,0.06,84.44999694824219,82.19000244140625,84.02999877929688,0.0,13486300
2026-01-12,82.82809448242188,82.88999938964844,0.0,83.75,82.08000183105469,82.41999816894531,0.0,10146600
2026-01-13,82.98797607421875,83.05000305175781,0.0,84.05999755859375,82.75,83.51000213623047,0.0,9133500
2026-01-14,81.14935302734375,81.20999908447266,0.0,83.0,79.2699966430664,82.95999908447266,0.0,15295700
2026-01-15,80.31996154785156,80.37999725341797,0.0,82.94000244140625,80.0,82.72000122070312,0.0,16593500
2026-01-16,80.39990997314453,80.45999908447266,0.0,82.4800033569336,80.30000305175781,81.44999694824219,0.0,15011200
2026-01-20,79.74040222167969,79.80000305175781,0.0,83.4800033569336,79.0199966430664,79.30999755859375,0.0,18688000
2026-01-21,82.48834991455078,82.55000305175781,0.0,84.29000091552734,80.4000015258789,80.4000015258789,0.0,17134300
2026-01-22,83.0379409790039,83.0999984741211,0.0,85.3499984741211,82.73999786376953,84.47000122070312,0.0,12997600
2026-01-23,80.17008209228516,80.2300033569336,0.0,82.0199966430664,79.72000122070312,81.22000122070312,0.0,13924600
2026-01-26,81.70893096923828,81.7699966430664,0.0,83.44000244140625,79.55999755859375,79.81999969482422,0.0,12464600
2026-01-27,82.8680648803711,82.93000030517578,0.0,83.73999786376953,81.30000305175781,82.87000274658203,0.0,11307900
2026-01-28,83.55755615234375,83.62000274658203,0.0,85.47000122070312,82.69999694824219,84.58000183105469,0.0,10311000
2026-01-29,81.27924346923828,81.33999633789062,0.0,82.44000244140625,78.30000305175781,81.94000244140625,0.0,13944900
2026-01-30,78.8610610961914,78.91999816894531,0.0,81.69999694824219,78.18000030517578,80.05000305175781,0.0,12581400
2026-02-02,78.60125732421875,78.66000366210938,0.0,78.9800033569336,76.72000122070312,77.61000061035156,0.0,14513000
2026-02-03,75.48358154296875,75.54000091552734,0.0,78.97000122070312,72.79000091552734,78.54000091552734,0.0,22563900
2026-02-04,73.67493438720703,73.7300033569336,0.0,76.05999755859375,71.77999877929688,75.0,0.0,17506200
2026-02-05,74.15457916259766,74.20999908447266,0.0,74.79000091552734,70.69000244140625,72.87999725341797,0.0,19202000
2026-02-06,80.22004699707031,80.27999877929688,0.0,80.75,76.5199966430664,76.83999633789062,0.0,22581800
2026-02-09,82.28849792480469,82.3499984741211,0.0,83.05999755859375,78.66999816894531,79.61000061035156,0.0,13775400
2026-02-10,81.9487533569336,82.01000213623047,0.0,83.4000015258789,81.48999786376953,82.69000244140625,0.0,10561400
2026-02-11,81.27924346923828,81.33999633789062,0.0,83.77999877929688,79.20999908447266,83.5999984741211,0.0,11636700
2026-02-12,78.17157745361328,78.2300033569336,0.0,82.19000244140625,77.44000244140625,82.19000244140625,0.0,13643800
2026-02-13,78.5512924194336,78.61000061035156,0.0,79.97000122070312,77.75,77.94999694824219,0.0,7615400
2026-02-17,78.95099639892578,79.01000213623047,0.0,80.31999969482422,76.62999725341797,77.31999969482422,0.0,10568500
2026-02-18,79.03092956542969,79.08999633789062,0.0,80.4000015258789,78.48999786376953,79.1500015258789,0.0,8408200
2026-02-19,79.55054473876953,79.61000061035156,0.0,79.66999816894531,77.72000122070312,78.37999725341797,0.0,6512200
2026-02-20,79.42064666748047,79.4800033569336,0.0,80.33999633789062,77.5999984741211,78.23999786376953,0.0,8795300
2026-02-23,77.73190307617188,77.79000091552734,0.0,79.11000061035156,76.06999969482422,78.38999938964844,0.0,11622600
2026-02-24,78.33145904541016,78.38999938964844,0.0,79.69999694824219,77.18000030517578,78.0,0.0,8396200
2026-02-25,80.85956573486328,80.91999816894531,0.0,81.19000244140625,78.97000122070312,79.01000213623047,0.0,10524700
2026-02-26,79.23078918457031,79.29000091552734,0.0,81.62999725341797,77.1500015258789,81.11000061035156,0.0,12326500
2026-02-27,81.62899017333984,81.69000244140625,0.0,82.29000091552734,78.66000366210938,80.02999877929688,0.0,20253800
2026-03-02,80.79961395263672,80.86000061035156,0.0,82.81999969482422,79.4000015258789,79.62999725341797,0.0,15228500
2026-03-03,77.45211029052734,77.51000213623047,0.0,79.08000183105469,76.6500015258789,77.8499984741211,0.0,15826400
2026-03-04,78.03166961669922,78.08999633789062,0.0,79.5,77.26000213623047,78.69999694824219,0.0,14677500
2026-03-05,75.62347412109375,75.68000030517578,0.0,80.26000213623047,75.23999786376953,78.9000015258789,0.0,42620200
2026-03-06,89.50310516357422,89.56999969482422,0.0,93.4000015258789,83.4000015258789,84.72000122070312,0.0,90071100
2026-03-09,92.580810546875,92.6500015258789,0.0,92.93000030517578,84.19999694824219,87.93000030517578,0.0,38873500
2026-03-10,93.2303237915039,93.30000305175781,0.0,95.05000305175781,91.62000274658203,92.56999969482422,0.0,26499500
2026-03-11,90.3724594116211,90.44000244140625,0.0,95.01000213623047,90.18000030517578,93.5999984741211,0.0,18446200
2026-03-12,87.60452270507812,87.66999816894531,0.0,90.02999877929688,87.37000274658203,89.8499984741211,0.0,16854400
2026-03-13,87.79438781738281,87.86000061035156,0.0,90.5,86.81999969482422,87.76000213623047,0.0,14108100
2026-03-16,91.51160430908203,91.58000183105469,0.0,92.5199966430664,89.12000274658203,89.1500015258789,0.0,15875500
2026-03-17,90.72219848632812,90.79000091552734,0.0,93.44000244140625,90.3499984741211,92.30000305175781,0.0,11622600
2026-03-18,87.55455780029297,87.62000274658203,0.0,92.0199966430664,87.16999816894531,90.80000305175781,0.0,16096700
2026-03-19,89.463134765625,89.52999877929688,0.0,89.73999786376953,85.12999725341797,86.2699966430664,0.0,13388800
2026-03-20,87.84434509277344,87.91000366210938,0.0,90.4800033569336,86.66000366210938,88.9000015258789,0.0,25570400
2026-03-23,90.09266662597656,90.16000366210938,0.0,91.58000183105469,88.73999786376953,89.44999694824219,0.0,14126700
2026-03-24,92.29102325439453,92.36000061035156,0.0,93.16000366210938,88.80000305175781,88.83999633789062,0.0,13731200
2026-03-25,98.37646484375,98.44999694824219,0.0,98.81999969482422,94.0,94.08000183105469,0.0,22562400
2026-03-26,97.60704803466797,97.68000030517578,0.0,100.6500015258789,97.22000122070312,97.95999908447266,0.0,26078500
2026-03-27,94.80913543701172,94.87999725341797,0.0,99.62999725341797,93.4000015258789,98.77999877929688,0.0,16507100
2026-03-30,87.74441528320312,87.80999755859375,0.0,96.5,86.61000061035156,95.12000274658203,0.0,21463200
2026-03-31,98.97602844238281,99.05000305175781,0.0,99.55999755859375,93.05000305175781,96.4000015258789,0.0,51286100
2026-04-01,106.63030242919922,106.70999908447266,0.0,107.83999633789062,100.48999786376953,100.81999969482422,0.0,44072500
2026-04-02,107.0300064086914,107.11000061035156,0.0,107.26000213623047,101.12999725341797,102.30000305175781,0.0,23667100
2026-04-06,109.42821502685547,109.51000213623047,0.0,111.88999938964844,106.0,109.44999694824219,0.0,22700500
2026-04-07,109.29830932617188,109.37999725341797,0.0,110.12000274658203,106.0199966430664,108.37999725341797,0.0,18965200
2026-04-08,114.36451721191406,114.44999694824219,0.0,115.66000366210938,110.44999694824219,114.0,0.0,29455900
2026-04-09,119.8404312133789,119.93000030517578,0.0,121.97000122070312,117.83000183105469,118.95999908447266,0.0,32718500
2026-04-10,128.45831298828125,128.49000549316406,0.06,129.83999633789062,123.5999984741211,123.66000366210938,0.0,41187000
2026-04-13,131.2676239013672,131.3000030517578,0.0,133.1999969482422,128.97000122070312,129.97000122070312,0.0,31264700
2026-04-14,133.7969970703125,133.8300018310547,0.0,136.89999389648438,130.83999633789062,136.11000061035156,0.0,33600700
2026-04-15,134.56680297851562,134.60000610351562,0.0,138.19000244140625,131.8800048828125,132.38999938964844,0.0,23450100
2026-04-16,133.33709716796875,133.3699951171875,0.0,134.69000244140625,128.4199981689453,132.25999450683594,0.0,20830200
2026-04-17,139.65554809570312,139.69000244140625,0.0,139.91000366210938,133.16000366210938,134.8800048828125,0.0,26341300
2026-04-20,147.80352783203125,147.83999633789062,0.0,149.5800018310547,143.92999267578125,147.50999450683594,0.0,39548500
2026-04-21,151.27267456054688,151.30999755859375,0.0,154.9499969482422,147.85000610351562,148.6999969482422,0.0,31901100
2026-04-22,157.2812042236328,157.32000732421875,0.0,158.69000244140625,151.08999633789062,153.66000366210938,0.0,30765800
2026-04-23,165.5191650390625,165.55999755859375,0.0,167.86000061035156,157.77000427246094,157.94000244140625,0.0,36938700
2026-04-24,164.26947021484375,164.30999755859375,0.0,170.83999633789062,158.50999450683594,169.8699951171875,0.0,37599100
2026-04-27,158.17098999023438,158.2100067138672,0.0,163.4499969482422,151.08999633789062,162.1300048828125,0.0,30281800
2026-04-28,153.19219970703125,153.22999572753906,0.0,156.0,146.85000610351562,147.91000366210938,0.0,27128700
2026-04-29,156.53138732910156,156.57000732421875,0.0,157.2100067138672,151.3000030517578,153.77000427246094,0.0,20649000
2026-04-30,165.10926818847656,165.14999389648438,0.0,165.61000061035156,156.36000061035156,160.33999633789062,0.0,20327000
2026-05-01,164.90931701660156,164.9499969482422,0.0,166.38999938964844,159.25999450683594,162.35000610351562,0.0,13071700
2026-05-04,163.61964416503906,163.66000366210938,0.0,166.82000732421875,162.25999450683594,165.47999572753906,0.0,14547000
2026-05-05,168.7083740234375,168.75,0.0,172.97999572753906,164.5800018310547,168.27999877929688,0.0,22284400
2026-05-06,172.10752868652344,172.14999389648438,0.0,175.8000030517578,165.0,172.60000610351562,0.0,23205300
2026-05-07,159.9705352783203,160.00999450683594,0.0,171.52000427246094,158.5500030517578,171.1999969482422,0.0,23683600
2026-05-08,170.08804321289062,170.1300048828125,0.0,170.58999633789062,162.89999389648438,164.69000244140625,0.0,20589000
2026-05-11,170.79786682128906,170.83999633789062,0.0,174.16000366210938,162.49000549316406,163.6699981689453,0.0,22947600
2026-05-12,164.4594268798828,164.5,0.0,168.72999572753906,157.9600067138672,165.4600067138672,0.0,21367800
2026-05-13,177.90611267089844,177.9499969482422,0.0,182.30999755859375,168.91000366210938,169.08999633789062,0.0,31862600
2026-05-14,182.53497314453125,182.5800018310547,0.0,192.14999389648438,177.3300018310547,180.8800048828125,0.0,32661100
2026-05-15,176.84637451171875,176.88999938964844,0.0,182.13999938964844,173.33999633789062,173.89999389648438,0.0,24757300
2026-05-18,168.88832092285156,168.92999267578125,0.0,182.7100067138672,165.10000610351562,181.77000427246094,0.0,24439000
2026-05-19,176.22653198242188,176.27000427246094,0.0,181.63999938964844,162.85000610351562,164.61000061035156,0.0,25003300
2026-05-20,186.75393676757812,186.8000030517578,0.0,193.32000732421875,182.27999877929688,183.4499969482422,0.0,29808100
2026-05-21,190.64297485351562,190.69000244140625,0.0,194.5800018310547,188.1999969482422,192.50999450683594,0.0,21506100
2026-05-22,196.28158569335938,196.3300018310547,0.0,198.39999389648438,192.22000122070312,194.72000122070312,0.0,19823200
2026-05-26,208.20863342285156,208.25999450683594,0.0,217.4499969482422,200.0399932861328,211.24000549316406,0.0,42558200
2026-05-27,198.65098571777344,198.6999969482422,0.0,218.25999450683594,196.25,217.97999572753906,0.0,54198500
2026-05-28,204.77947998046875,204.8300018310547,0.0,207.39999389648438,194.6999969482422,198.75,0.0,52624900
2026-05-29,204.94943237304688,205.0,0.0,208.75999450683594,199.1999969482422,204.44000244140625,0.0,34024700
2026-06-01,219.37586975097656,219.42999267578125,0.0,225.13999938964844,195.1199951171875,198.91000366210938,0.0,32926900
2026-06-02,290.7182922363281,290.7900085449219,0.0,291.29998779296875,252.42999267578125,253.4600067138672,0.0,112646200
2026-06-03,301.5755920410156,301.6499938964844,0.0,324.20001220703125,294.010009765625,317.6300048828125,0.0,115542800
2026-06-04,316.3519592285156,316.42999267578125,0.0,321.5,277.55999755859375,282.95001220703125,0.0,86903500
2026-06-05,263.405029296875,263.4700012207031,0.0,300.7200012207031,261.3900146484375,299.5,0.0,93976400
2026-06-08,288.7787780761719,288.8500061035156,0.0,304.9599914550781,281.3599853515625,288.69000244140625,0.0,84575500
2026-06-09,266.8141784667969,266.8800048828125,0.0,302.3999938964844,244.0,299.760009765625,0.0,94754500
2026-06-10,252.52769470214844,252.58999633789062,0.0,272.4700012207031,252.25999450683594,263.5,0.0,54175100
2026-06-11,280.6407470703125,280.7099914550781,0.0,282.32000732421875,258.42999267578125,260.5400085449219,0.0,57254500
2026-06-12,279.6310119628906,279.70001220703125,0.0,287.9800109863281,267.30999755859375,270.07000732421875,0.0,42047300
2026-06-15,308.8038330078125,308.8800048828125,0.0,312.9800109863281,288.0899963378906,296.7099914550781,0.0,54963600
2026-06-16,278.6012878417969,278.6700134277344,0.0,317.0,278.1300048828125,299.1300048828125,0.0,59201300
2026-06-17,289.4685974121094,289.5400085449219,0.0,307.3699951171875,283.32000732421875,292.8900146484375,0.0,50607300
2026-06-18,310.5033874511719,310.5799865722656,0.0,329.8800048828125,302.3599853515625,305.4700012207031,0.0,250989400
2026-06-22,307.7840576171875,307.8599853515625,0.0,314.1700134277344,298.17999267578125,313.3900146484375,0.0,49225100
2026-06-23,278.97119140625,279.0400085449219,0.0,290.95001220703125,276.25,278.82000732421875,0.0,46361100
2026-06-24,276.63177490234375,276.70001220703125,0.0,281.95001220703125,263.6600036621094,281.95001220703125,0.0,35747400
2026-06-25,281.1906433105469,281.260009765625,0.0,292.510009765625,263.7200012207031,291.17999267578125,0.0,39131600
2026-06-26,266.7041931152344,266.7699890136719,0.0,274.20001220703125,262.0,268.3699951171875,0.0,41986200
2026-06-29,277.6814880371094,277.75,0.0,278.2799987792969,250.52000427246094,272.4100036621094,0.0,31749200
2026-06-30,297.8165283203125,297.8900146484375,0.0,300.0,275.5,278.75,0.0,37520100
