Date,Adj Close,Close,Dividends,High,Low,Open,Stock Splits,Volume
,MU,MU,MU,MU,MU,MU,MU,MU
2016-07-01,12.189213752746582,12.5,0.0,12.899999618530273,12.3100004196167,12.579999923706055,0.0,68847100
2016-07-05,11.613883972167969,11.90999984741211,0.0,12.449999809265137,11.800000190734863,12.380000114440918,0.0,37298900
2016-07-06,11.438358306884766,11.729999542236328,0.0,11.850000381469727,11.5,11.760000228881836,0.0,35747800
2016-07-07,11.896676063537598,12.199999809265137,0.0,12.550000190734863,11.890000343322754,11.899999618530273,0.0,33457100
2016-07-08,12.306231498718262,12.619999885559082,0.0,12.720000267028809,12.380000114440918,12.390000343322754,0.0,27955700
2016-07-11,12.325736045837402,12.640000343322754,0.0,12.979999542236328,12.609999656677246,12.789999961853027,0.0,22797100
2016-07-12,12.901062965393066,13.229999542236328,0.0,13.460000038146973,12.979999542236328,13.0,0.0,35226800
2016-07-13,12.959574699401855,13.289999961853027,0.0,13.390000343322754,13.069999694824219,13.239999771118164,0.0,23067400
2016-07-14,12.959574699401855,13.289999961853027,0.0,13.550000190734863,13.270000457763672,13.5,0.0,18698900
2016-07-15,12.80355167388916,13.130000114440918,0.0,13.5,13.039999961853027,13.3100004196167,0.0,18046200
2016-07-18,13.008330345153809,13.34000015258789,0.0,13.359999656677246,13.09000015258789,13.25,0.0,17180500
2016-07-19,12.891311645507812,13.220000267028809,0.0,13.260000228881836,13.050000190734863,13.220000267028809,0.0,30569900
2016-07-20,13.252113342285156,13.59000015258789,0.0,13.619999885559082,13.239999771118164,13.329999923706055,0.0,35666000
2016-07-21,12.852306365966797,13.180000305175781,0.0,13.5,13.079999923706055,13.479999542236328,0.0,16734700
2016-07-22,12.80355167388916,13.130000114440918,0.0,13.229999542236328,13.020000457763672,13.210000038146973,0.0,18755900
2016-07-25,13.573907852172852,13.920000076293945,0.0,14.329999923706055,13.880000114440918,14.0,0.0,51357000
2016-07-26,14.305261611938477,14.670000076293945,0.0,14.6899995803833,13.930000305175781,14.0,0.0,38959800
2016-07-27,13.837197303771973,14.1899995803833,0.0,14.890000343322754,14.0600004196167,14.850000381469727,0.0,35035800
2016-07-28,13.466645240783691,13.8100004196167,0.0,14.1899995803833,13.699999809265137,14.130000114440918,0.0,25504200
2016-07-29,13.398385047912598,13.739999771118164,0.0,13.9399995803833,13.619999885559082,13.90999984741211,0.0,21792900
2016-08-01,13.222860336303711,13.5600004196167,0.0,13.920000076293945,13.550000190734863,13.8100004196167,0.0,16363900
2016-08-02,13.066837310791016,13.399999618530273,0.0,13.579999923706055,13.020000457763672,13.550000190734863,0.0,23707600
2016-08-03,13.174104690551758,13.510000228881836,0.0,13.579999923706055,13.270000457763672,13.270000457763672,0.0,17316600
2016-08-04,13.681173324584961,14.029999732971191,0.0,14.199999809265137,13.600000381469727,13.609999656677246,0.0,23400100
2016-08-05,14.158992767333984,14.520000457763672,0.0,14.779999732971191,14.199999809265137,14.220000267028809,0.0,29098400
2016-08-08,14.061477661132812,14.420000076293945,0.0,14.720000267028809,14.380000114440918,14.529999732971191,0.0,16163500
2016-08-09,14.11998462677002,14.479999542236328,0.0,14.699999809265137,14.399999618530273,14.5600004196167,0.0,12573700
2016-08-10,13.846945762634277,14.199999809265137,0.0,14.5,14.029999732971191,14.479999542236328,0.0,15003200
2016-08-11,14.07122802734375,14.430000305175781,0.0,14.489999771118164,14.210000038146973,14.25,0.0,14451300
2016-08-12,14.558799743652344,14.930000305175781,0.0,14.989999771118164,14.430000305175781,14.460000038146973,0.0,24909900
2016-08-15,15.143878936767578,15.529999732971191,0.0,15.699999809265137,15.079999923706055,15.09000015258789,0.0,29105200
2016-08-16,15.104873657226562,15.489999771118164,0.0,15.59000015258789,15.229999542236328,15.579999923706055,0.0,21872700
2016-08-17,15.134127616882324,15.520000457763672,0.0,15.760000228881836,15.460000038146973,15.529999732971191,0.0,22552100
2016-08-18,15.377915382385254,15.770000457763672,0.0,15.800000190734863,15.510000228881836,15.550000190734863,0.0,16590700
2016-08-19,15.845974922180176,16.25,0.0,16.450000762939453,16.030000686645508,16.15999984741211,0.0,35059400
2016-08-22,15.787473678588867,16.190000534057617,0.0,16.43000030517578,15.90999984741211,16.149999618530273,0.0,22145800
2016-08-23,15.777722358703613,16.18000030517578,0.0,16.540000915527344,16.139999389648438,16.270000457763672,0.0,23741400
2016-08-24,15.124377250671387,15.510000228881836,0.0,16.239999771118164,15.380000114440918,16.200000762939453,0.0,26686900
2016-08-25,15.797222137451172,16.200000762939453,0.0,16.549999237060547,15.880000114440918,15.899999618530273,0.0,34837800
2016-08-26,16.099517822265625,16.510000228881836,0.0,16.809999465942383,16.290000915527344,16.34000015258789,0.0,24243700
2016-08-29,16.489572525024414,16.90999984741211,0.0,17.25,16.610000610351562,16.920000076293945,0.0,34467800
2016-08-30,16.32379150390625,16.739999771118164,0.0,17.010000228881836,16.510000228881836,17.0,0.0,23620900
2016-08-31,16.08000946044922,16.489999771118164,0.0,16.739999771118164,16.139999389648438,16.700000762939453,0.0,21963700
2016-09-01,16.226280212402344,16.639999389648438,0.0,16.799999237060547,16.299999237060547,16.610000610351562,0.0,15719500
2016-09-02,16.284788131713867,16.700000762939453,0.0,16.969999313354492,16.56999969482422,16.959999084472656,0.0,16099500
2016-09-06,16.587081909179688,17.010000228881836,0.0,17.079999923706055,16.75,16.799999237060547,0.0,22998600
2016-09-07,16.73335838317871,17.15999984741211,0.0,17.350000381469727,17.020000457763672,17.209999084472656,0.0,23023500
2016-09-08,17.016143798828125,17.450000762939453,0.0,17.860000610351562,16.8799991607666,17.18000030517578,0.0,39212100
2016-09-09,16.392057418823242,16.809999465942383,0.0,17.739999771118164,16.690000534057617,17.329999923706055,0.0,31389600
2016-09-12,16.72360610961914,17.149999618530273,0.0,17.200000762939453,16.3700008392334,16.610000610351562,0.0,28239200
2016-09-13,16.333547592163086,16.75,0.0,17.149999618530273,16.459999084472656,16.920000076293945,0.0,24345800
2016-09-14,16.509071350097656,16.93000030517578,0.0,17.079999923706055,16.649999618530273,16.8799991607666,0.0,18591300
2016-09-15,17.016143798828125,17.450000762939453,0.0,17.459999084472656,16.850000381469727,16.899999618530273,0.0,24303700
2016-09-16,17.045398712158203,17.479999542236328,0.0,18.079999923706055,17.34000015258789,18.079999923706055,0.0,37447400
2016-09-19,16.528575897216797,16.950000762939453,0.0,17.770000457763672,16.850000381469727,17.6299991607666,0.0,23999900
2016-09-20,16.499319076538086,16.920000076293945,0.0,17.270000457763672,16.719999313354492,17.049999237060547,0.0,17775800
2016-09-21,17.220918655395508,17.65999984741211,0.0,17.700000762939453,17.229999542236328,17.25,0.0,31384900
2016-09-22,17.152664184570312,17.59000015258789,0.0,18.049999237060547,17.40999984741211,17.889999389648438,0.0,25278000
2016-09-23,17.045398712158203,17.479999542236328,0.0,17.739999771118164,17.43000030517578,17.450000762939453,0.0,17947600
2016-09-26,16.92837905883789,17.360000610351562,0.0,17.600000381469727,17.18000030517578,17.350000381469727,0.0,19567200
2016-09-27,17.552467346191406,18.0,0.0,18.079999923706055,17.350000381469727,17.530000686645508,0.0,28621000
2016-09-28,17.00639533996582,17.440000534057617,0.0,18.15999984741211,17.149999618530273,18.15999984741211,0.0,42715600
2016-09-29,17.103904724121094,17.540000915527344,0.0,17.770000457763672,17.350000381469727,17.450000762939453,0.0,31870200
2016-09-30,17.337942123413086,17.780000686645508,0.0,18.0,17.579999923706055,17.75,0.0,21363100
2016-10-03,17.289182662963867,17.729999542236328,0.0,18.020000457763672,17.600000381469727,17.989999771118164,0.0,26856100
2016-10-04,17.357440948486328,17.799999237060547,0.0,18.040000915527344,17.65999984741211,17.979999542236328,0.0,54502800
2016-10-05,17.259923934936523,17.700000762939453,0.0,18.329999923706055,17.280000686645508,17.549999237060547,0.0,67739500
2016-10-06,17.289182662963867,17.729999542236328,0.0,17.889999389648438,17.540000915527344,17.639999389648438,0.0,21606800
2016-10-07,17.172163009643555,17.610000610351562,0.0,17.799999237060547,17.299999237060547,17.719999313354492,0.0,23849000
2016-10-10,17.064895629882812,17.5,0.0,17.84000015258789,17.489999771118164,17.719999313354492,0.0,18857600
2016-10-11,16.44081687927246,16.860000610351562,0.0,17.469999313354492,16.530000686645508,17.399999618530273,0.0,38070200
2016-10-12,16.362804412841797,16.780000686645508,0.0,17.040000915527344,16.670000076293945,16.8799991607666,0.0,17901800
2016-10-13,16.431066513061523,16.850000381469727,0.0,17.0,16.170000076293945,16.559999465942383,0.0,28593700
2016-10-14,16.7041015625,17.1299991607666,0.0,17.40999984741211,16.989999771118164,17.030000686645508,0.0,23539800
2016-10-17,16.567577362060547,16.989999771118164,0.0,17.170000076293945,16.93000030517578,17.020000457763672,0.0,12657800
2016-10-18,16.977136611938477,17.40999984741211,0.0,17.65999984741211,17.200000762939453,17.209999084472656,0.0,20185700
2016-10-19,16.7918643951416,17.219999313354492,0.0,17.25,16.850000381469727,17.0,0.0,18629500
2016-10-20,16.772361755371094,17.200000762939453,0.0,17.5,17.049999237060547,17.049999237060547,0.0,17129700
2016-10-21,16.518823623657227,16.940000534057617,0.0,17.06999969482422,16.799999237060547,17.0,0.0,18710300
2016-10-24,16.635841369628906,17.059999465942383,0.0,17.15999984741211,16.969999313354492,17.06999969482422,0.0,13838700
2016-10-25,17.103904724121094,17.540000915527344,0.0,17.610000610351562,17.100000381469727,17.100000381469727,0.0,27444000
2016-10-26,17.201419830322266,17.639999389648438,0.0,17.93000030517578,17.200000762939453,17.299999237060547,0.0,23610500
2016-10-27,17.094160079956055,17.530000686645508,0.0,17.899999618530273,17.399999618530273,17.81999969482422,0.0,21198300
2016-10-28,16.772361755371094,17.200000762939453,0.0,17.670000076293945,17.100000381469727,17.600000381469727,0.0,20832400
2016-10-31,16.73335838317871,17.15999984741211,0.0,17.760000228881836,17.15999984741211,17.540000915527344,0.0,23267600
2016-11-01,16.55782699584961,16.979999542236328,0.0,17.40999984741211,16.579999923706055,17.200000762939453,0.0,27146100
2016-11-02,16.265289306640625,16.68000030517578,0.0,17.020000457763672,16.5,16.950000762939453,0.0,24949700
2016-11-03,16.206783294677734,16.6200008392334,0.0,16.809999465942383,16.559999465942383,16.65999984741211,0.0,17255100
2016-11-04,16.265289306640625,16.68000030517578,0.0,17.020000457763672,16.450000762939453,16.459999084472656,0.0,18026600
2016-11-07,16.947885513305664,17.3799991607666,0.0,17.43000030517578,17.020000457763672,17.020000457763672,0.0,21673200
2016-11-08,16.977136611938477,17.40999984741211,0.0,17.549999237060547,17.059999465942383,17.299999237060547,0.0,18062700
2016-11-09,16.772361755371094,17.200000762939453,0.0,17.350000381469727,16.75,16.950000762939453,0.0,33873300
2016-11-10,16.567577362060547,16.989999771118164,0.0,17.760000228881836,16.75,17.350000381469727,0.0,30282200
2016-11-11,17.230674743652344,17.670000076293945,0.0,17.68000030517578,16.899999618530273,17.079999923706055,0.0,31043300
2016-11-14,17.269678115844727,17.709999084472656,0.0,17.979999542236328,17.530000686645508,17.770000457763672,0.0,26313300
2016-11-15,17.649980545043945,18.100000381469727,0.0,18.170000076293945,17.65999984741211,17.65999984741211,0.0,25153900
2016-11-16,17.786500930786133,18.239999771118164,0.0,18.329999923706055,17.93000030517578,17.940000534057617,0.0,21629000
2016-11-17,18.7031307220459,19.18000030517578,0.0,19.34000015258789,18.25,18.350000381469727,0.0,45958100
2016-11-18,18.732385635375977,19.209999084472656,0.0,19.329999923706055,18.850000381469727,18.899999618530273,0.0,29121600
2016-11-21,19.005422592163086,19.489999771118164,0.0,19.670000076293945,19.350000381469727,19.389999389648438,0.0,22744000
2016-11-22,19.249204635620117,19.739999771118164,0.0,19.799999237060547,19.450000762939453,19.639999389648438,0.0,22219100
2016-11-23,19.41498374938965,19.90999984741211,0.0,19.93000030517578,19.469999313354492,19.6299991607666,0.0,20041300
2016-11-25,19.6295108795166,20.1299991607666,0.0,20.440000534057617,19.790000915527344,19.950000762939453,0.0,16308000
2016-11-28,19.492990493774414,19.989999771118164,0.0,20.280000686645508,19.950000762939453,20.18000030517578,0.0,22205900
2016-11-29,18.93716049194336,19.420000076293945,0.0,20.200000762939453,19.3799991607666,19.920000076293945,0.0,37924400
2016-11-30,19.044429779052734,19.530000686645508,0.0,19.760000228881836,19.360000610351562,19.579999923706055,0.0,26031700
2016-12-01,18.02053451538086,18.479999542236328,0.0,19.829999923706055,18.18000030517578,19.700000762939453,0.0,40713100
2016-12-02,18.32282829284668,18.790000915527344,0.0,19.200000762939453,18.299999237060547,18.459999084472656,0.0,25887600
2016-12-05,18.147302627563477,18.610000610351562,0.0,19.0,18.399999618530273,19.0,0.0,26635500
2016-12-06,18.58611488342285,19.059999465942383,0.0,19.09000015258789,18.579999923706055,18.6200008392334,0.0,22267800
2016-12-07,19.931806564331055,20.440000534057617,0.0,20.540000915527344,19.299999237060547,19.5,0.0,44735700
2016-12-08,20.14632797241211,20.65999984741211,0.0,20.989999771118164,20.290000915527344,20.75,0.0,36257400
2016-12-09,19.990312576293945,20.5,0.0,20.850000381469727,20.1299991607666,20.729999542236328,0.0,23978000
2016-12-12,19.522247314453125,20.020000457763672,0.0,20.510000228881836,19.489999771118164,20.299999237060547,0.0,28676100
2016-12-13,19.6295108795166,20.1299991607666,0.0,20.469999313354492,19.799999237060547,20.139999389648438,0.0,26252400
2016-12-14,19.522247314453125,20.020000457763672,0.0,20.329999923706055,19.780000686645508,19.93000030517578,0.0,19489100
2016-12-15,19.785531997680664,20.290000915527344,0.0,20.5,19.979999542236328,20.100000381469727,0.0,19453100
2016-12-16,19.766027450561523,20.270000457763672,0.0,21.0,20.190000534057617,20.530000686645508,0.0,36643400
2016-12-19,19.844039916992188,20.350000381469727,0.0,20.700000762939453,20.190000534057617,20.43000030517578,0.0,23555900
2016-12-20,20.13658332824707,20.649999618530273,0.0,20.799999237060547,20.469999313354492,20.729999542236328,0.0,23018500
2016-12-21,20.068323135375977,20.579999923706055,0.0,20.829999923706055,20.34000015258789,20.75,0.0,32034500
2016-12-22,22.613428115844727,23.190000534057617,0.0,23.489999771118164,22.770000457763672,22.90999984741211,0.0,85870000
2016-12-23,22.681692123413086,23.260000228881836,0.0,23.489999771118164,23.059999465942383,23.06999969482422,0.0,27780100
2016-12-27,22.720693588256836,23.299999237060547,0.0,23.639999389648438,23.209999084472656,23.350000381469727,0.0,24214100
2016-12-28,22.213624954223633,22.780000686645508,0.0,23.40999984741211,22.760000228881836,23.399999618530273,0.0,24026900
2016-12-29,21.716306686401367,22.270000457763672,0.0,22.799999237060547,22.149999618530273,22.579999923706055,0.0,19890500
2016-12-30,21.37500762939453,21.920000076293945,0.0,22.399999618530273,21.75,22.350000381469727,0.0,20268900
2017-01-03,21.989343643188477,22.549999237060547,0.0,22.739999771118164,22.049999237060547,22.06999969482422,0.0,24962900
2017-01-04,21.804073333740234,22.360000610351562,0.0,22.84000015258789,22.25,22.670000076293945,0.0,20426800
2017-01-05,21.56028175354004,22.110000610351562,0.0,22.56999969482422,21.959999084472656,22.399999618530273,0.0,19759400
2017-01-06,21.49202537536621,22.040000915527344,0.0,22.280000686645508,21.979999542236328,22.270000457763672,0.0,17782200
2017-01-09,21.78456687927246,22.34000015258789,0.0,22.549999237060547,21.940000534057617,21.940000534057617,0.0,21537200
2017-01-10,21.92108154296875,22.479999542236328,0.0,22.690000534057617,22.299999237060547,22.360000610351562,0.0,20644300
2017-01-11,22.223377227783203,22.790000915527344,0.0,22.8799991607666,22.559999465942383,22.610000610351562,0.0,20907700
2017-01-12,21.75531005859375,22.309999465942383,0.0,22.479999542236328,21.700000762939453,22.459999084472656,0.0,27592300
2017-01-13,21.628543853759766,22.18000030517578,0.0,22.309999465942383,21.989999771118164,22.270000457763672,0.0,14025700
2017-01-17,21.199487686157227,21.739999771118164,0.0,22.06999969482422,21.579999923706055,21.8799991607666,0.0,20053800
2017-01-18,21.765060424804688,22.31999969482422,0.0,22.34000015258789,21.530000686645508,21.68000030517578,0.0,19493400
2017-01-19,21.170223236083984,21.709999084472656,0.0,22.299999237060547,21.489999771118164,21.5,0.0,31259000
2017-01-20,21.414011001586914,21.959999084472656,0.0,22.329999923706055,21.889999389648438,21.899999618530273,0.0,19978700
2017-01-23,21.34575080871582,21.889999389648438,0.0,22.309999465942383,21.739999771118164,21.959999084472656,0.0,16070300
2017-01-24,22.28188705444336,22.850000381469727,0.0,23.09000015258789,22.260000228881836,22.270000457763672,0.0,29461400
2017-01-25,22.97422981262207,23.559999465942383,0.0,23.979999542236328,23.190000534057617,23.399999618530273,0.0,31611800
2017-01-26,22.935224533081055,23.520000457763672,0.0,23.989999771118164,23.290000915527344,23.799999237060547,0.0,19379100
2017-01-27,23.374042510986328,23.969999313354492,0.0,24.100000381469727,23.450000762939453,23.530000686645508,0.0,18626100
2017-01-30,23.578815460205078,24.18000030517578,0.0,24.239999771118164,23.43000030517578,23.81999969482422,0.0,30508100
2017-01-31,23.51055908203125,24.110000610351562,0.0,24.149999618530273,23.68000030517578,23.950000762939453,0.0,22712500
2017-02-01,24.134645462036133,24.75,0.0,24.850000381469727,24.309999465942383,24.43000030517578,0.0,28728200
2017-02-02,24.17365264892578,24.790000915527344,0.0,25.309999465942383,24.459999084472656,24.530000686645508,0.0,45499700
2017-02-03,23.988374710083008,24.600000381469727,0.0,25.239999771118164,24.5,24.899999618530273,0.0,25054400
2017-02-06,23.73483657836914,24.34000015258789,0.0,24.729999542236328,24.209999084472656,24.530000686645508,0.0,18900000
2017-02-07,23.988374710083008,24.600000381469727,0.0,24.690000534057617,24.209999084472656,24.59000015258789,0.0,19879300
2017-02-08,23.608068466186523,24.209999084472656,0.0,24.3799991607666,23.90999984741211,24.25,0.0,21559200
2017-02-09,23.84210205078125,24.450000762939453,0.0,24.889999389648438,24.420000076293945,24.75,0.0,27887400
2017-02-10,23.45204734802246,24.049999237060547,0.0,24.760000228881836,23.899999618530273,24.709999084472656,0.0,28578400
2017-02-13,23.305774688720703,23.899999618530273,0.0,24.200000762939453,23.81999969482422,24.06999969482422,0.0,16876400
2017-02-14,22.5451717376709,23.1200008392334,0.0,23.3700008392334,22.68000030517578,23.360000610351562,0.0,60685200
2017-02-15,22.447660446166992,23.020000457763672,0.0,23.260000228881836,22.790000915527344,23.06999969482422,0.0,28215800
2017-02-16,22.408653259277344,22.979999542236328,0.0,23.34000015258789,22.850000381469727,23.040000915527344,0.0,23819800
2017-02-17,22.769453048706055,23.350000381469727,0.0,23.3799991607666,23.010000228881836,23.010000228881836,0.0,22108700
2017-02-21,23.17900848388672,23.770000457763672,0.0,23.979999542236328,23.579999923706055,23.6200008392334,0.0,20256300
2017-02-22,23.159507751464844,23.75,0.0,24.059999465942383,23.649999618530273,23.860000610351562,0.0,16013300
2017-02-23,22.896221160888672,23.479999542236328,0.0,23.969999313354492,23.229999542236328,23.920000076293945,0.0,20172900
2017-02-24,22.662187576293945,23.239999771118164,0.0,23.260000228881836,22.639999389648438,22.959999084472656,0.0,22019600
2017-02-27,23.169260025024414,23.760000228881836,0.0,23.770000457763672,23.149999618530273,23.360000610351562,0.0,17999800
2017-02-28,22.857215881347656,23.440000534057617,0.0,23.950000762939453,23.31999969482422,23.790000915527344,0.0,21447500
2017-03-01,23.93961524963379,24.549999237060547,0.0,24.579999923706055,24.06999969482422,24.15999984741211,0.0,27989300
2017-03-02,24.085891723632812,24.700000762939453,0.0,25.25,24.3799991607666,24.8799991607666,0.0,45941900
2017-03-03,24.934255599975586,25.56999969482422,0.0,25.68000030517578,24.979999542236328,25.200000762939453,0.0,37862400
2017-03-06,25.070777893066406,25.709999084472656,0.0,25.920000076293945,25.170000076293945,25.5,0.0,25527800
2017-03-07,25.002513885498047,25.639999389648438,0.0,25.75,25.280000686645508,25.559999465942383,0.0,20313000
2017-03-08,24.748977661132812,25.3799991607666,0.0,25.829999923706055,25.040000915527344,25.639999389648438,0.0,24921100
2017-03-09,24.52469825744629,25.149999618530273,0.0,25.489999771118164,24.850000381469727,25.229999542236328,0.0,21786600
2017-03-10,24.553956985473633,25.18000030517578,0.0,25.75,24.809999465942383,25.280000686645508,0.0,28919000
2017-03-13,25.0610294342041,25.700000762939453,0.0,25.81999969482422,25.290000915527344,25.389999389648438,0.0,23768200
2017-03-14,24.944005966186523,25.579999923706055,0.0,25.700000762939453,25.25,25.59000015258789,0.0,14587500
2017-03-15,25.470579147338867,26.1200008392334,0.0,26.149999618530273,24.940000534057617,25.149999618530273,0.0,29779900
2017-03-16,25.3925724029541,26.040000915527344,0.0,26.229999542236328,25.829999923706055,26.200000762939453,0.0,19147300
2017-03-17,25.15853500366211,25.799999237060547,0.0,25.90999984741211,25.399999618530273,25.860000610351562,0.0,19126500
2017-03-20,25.558347702026367,26.209999084472656,0.0,26.610000610351562,25.809999465942383,25.989999771118164,0.0,26918800
2017-03-21,24.8855037689209,25.520000457763672,0.0,26.440000534057617,25.43000030517578,26.299999237060547,0.0,28397500
2017-03-22,25.412071228027344,26.059999465942383,0.0,26.149999618530273,25.6299991607666,25.729999542236328,0.0,25092500
2017-03-23,25.811880111694336,26.469999313354492,0.0,26.489999771118164,26.040000915527344,26.360000610351562,0.0,47118300
2017-03-24,27.7231502532959,28.43000030517578,0.0,29.8700008392334,28.15999984741211,29.709999084472656,0.0,107481800
2017-03-27,28.044946670532227,28.760000228881836,0.0,29.18000030517578,28.06999969482422,28.100000381469727,0.0,48190000
2017-03-28,27.976682662963867,28.690000534057617,0.0,29.059999465942383,28.6200008392334,28.729999542236328,0.0,24776400
2017-03-29,27.791412353515625,28.5,0.0,28.68000030517578,28.350000381469727,28.600000381469727,0.0,23060600
2017-03-30,28.249723434448242,28.969999313354492,0.0,29.0,28.329999923706055,28.399999618530273,0.0,25092700
2017-03-31,28.181461334228516,28.899999618530273,0.0,29.360000610351562,28.899999618530273,29.100000381469727,0.0,32337800
2017-04-03,27.92793083190918,28.639999389648438,0.0,29.040000915527344,28.299999237060547,28.950000762939453,0.0,21629100
2017-04-04,27.879167556762695,28.59000015258789,0.0,28.68000030517578,28.15999984741211,28.469999313354492,0.0,13957900
2017-04-05,27.557374954223633,28.260000228881836,0.0,28.90999984741211,28.229999542236328,28.639999389648438,0.0,22389900
2017-04-06,27.908424377441406,28.6200008392334,0.0,28.780000686645508,28.020000457763672,28.25,0.0,19423700
2017-04-07,27.810909271240234,28.520000457763672,0.0,28.860000610351562,28.350000381469727,28.450000762939453,0.0,20325500
2017-04-10,26.952789306640625,27.639999389648438,0.0,28.489999771118164,27.579999923706055,28.450000762939453,0.0,27422100
2017-04-11,26.504226684570312,27.18000030517578,0.0,27.540000915527344,26.68000030517578,27.5,0.0,38619300
2017-04-12,26.026412963867188,26.690000534057617,0.0,27.43000030517578,26.65999984741211,27.420000076293945,0.0,24621900
2017-04-13,26.075162887573242,26.739999771118164,0.0,27.229999542236328,26.360000610351562,26.549999237060547,0.0,26077500
2017-04-17,26.45547103881836,27.1299991607666,0.0,27.219999313354492,26.829999923706055,26.90999984741211,0.0,14108600
2017-04-18,26.46522331237793,27.139999389648438,0.0,27.34000015258789,26.899999618530273,27.0,0.0,14407100
2017-04-19,26.582237243652344,27.260000228881836,0.0,27.549999237060547,27.049999237060547,27.450000762939453,0.0,21231900
2017-04-20,27.264833450317383,27.959999084472656,0.0,28.079999923706055,27.5,27.5,0.0,23633000
2017-04-21,26.640748977661133,27.31999969482422,0.0,28.030000686645508,27.15999984741211,28.0,0.0,28361700
2017-04-24,25.90939712524414,26.56999969482422,0.0,27.760000228881836,26.520000457763672,27.739999771118164,0.0,44041000
2017-04-25,26.318952560424805,26.989999771118164,0.0,27.020000457763672,26.3700008392334,26.709999084472656,0.0,22881400
2017-04-26,26.123920440673828,26.790000915527344,0.0,27.06999969482422,26.389999389648438,26.579999923706055,0.0,24670700
2017-04-27,26.943042755126953,27.6299991607666,0.0,27.649999618530273,27.100000381469727,27.170000076293945,0.0,24626900
2017-04-28,26.98204803466797,27.670000076293945,0.0,28.200000762939453,27.510000228881836,28.020000457763672,0.0,28105100
2017-05-01,27.58662986755371,28.290000915527344,0.0,28.3799991607666,27.719999313354492,27.850000381469727,0.0,23938000
2017-05-02,27.07956314086914,27.770000457763672,0.0,28.280000686645508,27.450000762939453,28.280000686645508,0.0,25335300
2017-05-03,27.303844451904297,28.0,0.0,28.100000381469727,27.549999237060547,27.549999237060547,0.0,15061300
2017-05-04,27.099063873291016,27.790000915527344,0.0,28.170000076293945,27.719999313354492,27.940000534057617,0.0,15544600
2017-05-05,27.498872756958008,28.200000762939453,0.0,28.219999313354492,27.6200008392334,27.799999237060547,0.0,15639600
2017-05-08,27.362346649169922,28.059999465942383,0.0,28.06999969482422,27.280000686645508,27.559999465942383,0.0,32326800
2017-05-09,28.093704223632812,28.809999465942383,0.0,28.899999618530273,28.059999465942383,28.110000610351562,0.0,31073400
2017-05-10,28.591020584106445,29.31999969482422,0.0,29.420000076293945,28.799999237060547,28.920000076293945,0.0,29267500
2017-05-11,28.308229446411133,29.030000686645508,0.0,29.309999465942383,28.690000534057617,29.170000076293945,0.0,22494600
2017-05-12,28.21071434020996,28.93000030517578,0.0,29.1200008392334,28.68000030517578,29.100000381469727,0.0,15902700
2017-05-15,28.113204956054688,28.829999923706055,0.0,29.190000534057617,28.729999542236328,29.079999923706055,0.0,21899900
2017-05-16,28.298479080200195,29.020000457763672,0.0,29.079999923706055,28.56999969482422,28.920000076293945,0.0,14940800
2017-05-17,26.328702926635742,27.0,0.0,28.510000228881836,26.959999084472656,28.34000015258789,0.0,38027900
2017-05-18,26.796770095825195,27.479999542236328,0.0,27.889999389648438,27.09000015258789,27.149999618530273,0.0,26863000
2017-05-19,27.128320693969727,27.81999969482422,0.0,28.15999984741211,27.729999542236328,27.780000686645508,0.0,19173200
2017-05-22,27.362346649169922,28.059999465942383,0.0,28.25,27.649999618530273,28.200000762939453,0.0,18032700
2017-05-23,27.58662986755371,28.290000915527344,0.0,28.309999465942383,27.559999465942383,28.079999923706055,0.0,21800800
2017-05-24,28.269224166870117,28.989999771118164,0.0,29.1200008392334,28.440000534057617,28.469999313354492,0.0,22216800
2017-05-25,28.69828987121582,29.43000030517578,0.0,29.65999984741211,29.190000534057617,29.200000762939453,0.0,20714000
2017-05-26,29.020084381103516,29.760000228881836,0.0,29.770000457763672,28.8799991607666,29.270000457763672,0.0,17784800
2017-05-30,29.936708450317383,30.700000762939453,0.0,30.8700008392334,29.8799991607666,29.940000534057617,0.0,34690000
2017-05-31,30.00497055053711,30.770000457763672,0.0,31.100000381469727,30.31999969482422,31.010000228881836,0.0,26402900
2017-06-01,29.995220184326172,30.760000228881836,0.0,30.829999923706055,30.280000686645508,30.75,0.0,20534800
2017-06-02,30.43402862548828,31.209999084472656,0.0,31.3799991607666,30.530000686645508,30.799999237060547,0.0,20206300
2017-06-05,30.43402862548828,31.209999084472656,0.0,31.760000228881836,31.06999969482422,31.299999237060547,0.0,24360800
2017-06-06,30.78508186340332,31.56999969482422,0.0,31.770000457763672,30.8700008392334,31.040000915527344,0.0,33125800
2017-06-07,31.69194984436035,32.5,0.0,32.54999923706055,31.700000762939453,31.700000762939453,0.0,32635800
2017-06-08,31.64319610595703,32.45000076293945,0.0,32.86000061035156,31.8799991607666,32.84000015258789,0.0,29156500
2017-06-09,29.839200973510742,30.600000381469727,0.0,32.93000030517578,29.549999237060547,32.66999816894531,0.0,53064200
2017-06-12,30.424278259277344,31.200000762939453,0.0,31.690000534057617,29.209999084472656,30.059999465942383,0.0,46550900
2017-06-13,30.755830764770508,31.540000915527344,0.0,32.2400016784668,30.770000457763672,31.75,0.0,33767900
2017-06-14,30.287757873535156,31.059999465942383,0.0,31.790000915527344,30.850000381469727,31.780000686645508,0.0,28935000
2017-06-15,29.80019760131836,30.559999465942383,0.0,30.969999313354492,30.079999923706055,30.469999313354492,0.0,33670600
2017-06-16,29.117599487304688,29.860000610351562,0.0,31.0,29.81999969482422,30.6299991607666,0.0,42881700
2017-06-19,30.424278259277344,31.200000762939453,0.0,31.25,30.329999923706055,30.510000228881836,0.0,24915000
2017-06-20,30.063478469848633,30.829999923706055,0.0,31.579999923706055,30.729999542236328,31.399999618530273,0.0,25793300
2017-06-21,31.214136123657227,32.0099983215332,0.0,32.150001525878906,31.059999465942383,31.18000030517578,0.0,30579000
2017-06-22,31.097126007080078,31.889999389648438,0.0,32.400001525878906,31.760000228881836,32.040000915527344,0.0,23050800
2017-06-23,30.941104888916016,31.729999542236328,0.0,32.08000183105469,31.639999389648438,31.889999389648438,0.0,45323800
2017-06-26,31.69194984436035,32.5,0.0,32.959999084472656,31.950000762939453,32.45000076293945,0.0,34750700
2017-06-27,30.872840881347656,31.65999984741211,0.0,32.66999816894531,31.610000610351562,32.5099983215332,0.0,33221500
2017-06-28,31.438425064086914,32.2400016784668,0.0,32.279998779296875,31.440000534057617,32.06999969482422,0.0,28415900
2017-06-29,30.68756675720215,31.469999313354492,0.0,32.38999938964844,30.639999389648438,32.290000915527344,0.0,53948400
2017-06-30,29.117599487304688,29.860000610351562,0.0,32.150001525878906,29.709999084472656,32.119998931884766,0.0,73308000
2017-07-03,28.415496826171875,29.139999389648438,0.0,30.280000686645508,28.559999465942383,30.09000015258789,0.0,36830400
2017-07-05,29.751434326171875,30.510000228881836,0.0,30.559999465942383,29.549999237060547,29.549999237060547,0.0,40444600
2017-07-06,29.35162925720215,30.100000381469727,0.0,30.479999542236328,29.920000076293945,29.940000534057617,0.0,27143800
2017-07-07,29.449146270751953,30.200000762939453,0.0,30.5,29.979999542236328,30.219999313354492,0.0,22023100
2017-07-10,29.741683959960938,30.5,0.0,30.59000015258789,29.75,30.15999984741211,0.0,24907900
2017-07-11,30.590051651000977,31.3700008392334,0.0,31.389999389648438,30.510000228881836,30.549999237060547,0.0,28530500
2017-07-12,30.668062210083008,31.450000762939453,0.0,31.780000686645508,31.15999984741211,31.770000457763672,0.0,22258600
2017-07-13,30.35601806640625,31.1299991607666,0.0,31.850000381469727,30.84000015258789,31.549999237060547,0.0,23773000
2017-07-14,30.99961280822754,31.790000915527344,0.0,31.950000762939453,31.260000228881836,31.350000381469727,0.0,28887600
2017-07-17,30.93134880065918,31.719999313354492,0.0,31.860000610351562,31.440000534057617,31.670000076293945,0.0,22320500
2017-07-18,31.106876373291016,31.899999618530273,0.0,31.90999984741211,31.399999618530273,31.639999389648438,0.0,14045000
2017-07-19,31.02886199951172,31.81999969482422,0.0,32.349998474121094,31.649999618530273,32.04999923706055,0.0,19984100
2017-07-20,31.20438575744629,32.0,0.0,32.02000045776367,31.420000076293945,31.93000030517578,0.0,23179300
2017-07-21,31.214136123657227,32.0099983215332,0.0,32.099998474121094,31.6200008392334,31.899999618530273,0.0,21146600
2017-07-24,30.882593154907227,31.670000076293945,0.0,32.0099983215332,31.5,32.0,0.0,17415500
2017-07-25,29.156597137451172,29.899999618530273,0.0,30.829999923706055,29.649999618530273,30.799999237060547,0.0,51216400
2017-07-26,29.068843841552734,29.809999465942383,0.0,30.049999237060547,29.68000030517578,29.850000381469727,0.0,26387400
2017-07-27,29.48815155029297,30.239999771118164,0.0,31.299999237060547,29.670000076293945,30.270000457763672,0.0,38967000
2017-07-28,28.552019119262695,29.280000686645508,0.0,29.979999542236328,28.959999084472656,29.959999084472656,0.0,31854900
2017-07-31,27.42086410522461,28.1200008392334,0.0,29.549999237060547,27.8700008392334,29.43000030517578,0.0,41112700
2017-08-01,27.63538932800293,28.34000015258789,0.0,28.940000534057617,27.829999923706055,28.219999313354492,0.0,28221600
2017-08-02,27.918180465698242,28.6299991607666,0.0,29.43000030517578,28.219999313354492,28.959999084472656,0.0,27226000
2017-08-03,27.138071060180664,27.829999923706055,0.0,28.399999618530273,27.610000610351562,28.389999389648438,0.0,30288400
2017-08-04,27.225831985473633,27.920000076293945,0.0,28.299999237060547,27.270000457763672,27.860000610351562,0.0,23947500
2017-08-07,27.879167556762695,28.59000015258789,0.0,28.610000610351562,27.799999237060547,27.93000030517578,0.0,16589300
2017-08-08,28.122955322265625,28.84000015258789,0.0,29.34000015258789,28.610000610351562,28.610000610351562,0.0,21903300
2017-08-09,27.869417190551758,28.579999923706055,0.0,28.889999389648438,28.360000610351562,28.510000228881836,0.0,14181800
2017-08-10,26.806522369384766,27.489999771118164,0.0,28.3799991607666,27.43000030517578,28.299999237060547,0.0,26147600
2017-08-11,27.3135986328125,28.010000228881836,0.0,28.040000915527344,26.850000381469727,27.440000534057617,0.0,23375900
2017-08-14,28.513011932373047,29.239999771118164,0.0,29.360000610351562,28.719999313354492,28.81999969482422,0.0,25254600
2017-08-15,28.942073822021484,29.68000030517578,0.0,29.809999465942383,29.139999389648438,29.5,0.0,23973600
2017-08-16,29.926959991455078,30.690000534057617,0.0,30.860000610351562,29.959999084472656,30.020000457763672,0.0,37879500
2017-08-17,28.883563995361328,29.6200008392334,0.0,30.530000686645508,29.610000610351562,30.31999969482422,0.0,26152500
2017-08-18,29.624662399291992,30.3799991607666,0.0,30.600000381469727,29.760000228881836,29.959999084472656,0.0,31178100
2017-08-21,28.825050354003906,29.559999465942383,0.0,30.600000381469727,29.280000686645508,30.530000686645508,0.0,26247700
2017-08-22,29.69293212890625,30.450000762939453,0.0,30.540000915527344,29.770000457763672,29.850000381469727,0.0,18821200
2017-08-23,29.69293212890625,30.450000762939453,0.0,30.739999771118164,29.8700008392334,29.969999313354492,0.0,21200400
2017-08-24,29.468645095825195,30.219999313354492,0.0,30.6299991607666,30.110000610351562,30.549999237060547,0.0,18056800
2017-08-25,29.536909103393555,30.290000915527344,0.0,30.389999389648438,30.049999237060547,30.299999237060547,0.0,13929800
2017-08-28,30.30726432800293,31.079999923706055,0.0,31.209999084472656,30.420000076293945,30.43000030517578,0.0,22531000
2017-08-29,30.69731903076172,31.479999542236328,0.0,31.530000686645508,30.700000762939453,30.75,0.0,23151900
2017-08-30,30.82408332824707,31.610000610351562,0.0,31.68000030517578,31.3799991607666,31.649999618530273,0.0,17467900
2017-08-31,31.17513084411621,31.969999313354492,0.0,32.02000045776367,31.479999542236328,31.610000610351562,0.0,25694000
2017-09-01,31.789466857910156,32.599998474121094,0.0,32.880001068115234,32.130001068115234,32.130001068115234,0.0,26034000
2017-09-05,31.272647857666016,32.06999969482422,0.0,32.7400016784668,31.649999618530273,32.45000076293945,0.0,28866600
2017-09-06,31.448169708251953,32.25,0.0,32.70000076293945,32.060001373291016,32.06999969482422,0.0,29290200
2017-09-07,31.97474479675293,32.790000915527344,0.0,32.900001525878906,32.45000076293945,32.470001220703125,0.0,25353300
2017-09-08,31.64319610595703,32.45000076293945,0.0,33.02000045776367,32.310001373291016,32.79999923706055,0.0,19649300
2017-09-11,32.60859298706055,33.439998626708984,0.0,33.439998626708984,32.810001373291016,32.900001525878906,0.0,31012100
2017-09-12,33.43745803833008,34.290000915527344,0.0,34.540000915527344,33.560001373291016,33.689998626708984,0.0,38685800
2017-09-13,33.72999572753906,34.59000015258789,0.0,34.79999923706055,34.02000045776367,34.560001373291016,0.0,41588100
2017-09-14,33.72024154663086,34.58000183105469,0.0,34.849998474121094,34.29999923706055,34.43000030517578,0.0,23007000
2017-09-15,33.78849792480469,34.650001525878906,0.0,35.0,34.380001068115234,34.63999938964844,0.0,37417300
2017-09-18,34.54911422729492,35.43000030517578,0.0,35.79999923706055,35.02000045776367,35.130001068115234,0.0,41330100
2017-09-19,35.056182861328125,35.95000076293945,0.0,36.099998474121094,35.5,35.5,0.0,26392200
2017-09-20,35.075687408447266,35.970001220703125,0.0,36.599998474121094,35.34000015258789,36.029998779296875,0.0,42243000
2017-09-21,35.01717758178711,35.90999984741211,0.0,36.25,35.400001525878906,35.93000030517578,0.0,22464900
2017-09-22,35.17320251464844,36.06999969482422,0.0,36.220001220703125,35.599998474121094,35.599998474121094,0.0,21559800
2017-09-25,34.00302505493164,34.869998931884766,0.0,36.150001525878906,34.540000915527344,36.040000915527344,0.0,35607200
2017-09-26,33.33019256591797,34.18000030517578,0.0,35.369998931884766,34.09000015258789,35.22999954223633,0.0,55112600
2017-09-27,36.16783905029297,37.09000015258789,0.0,37.150001525878906,35.91999816894531,36.2599983215332,0.0,84593900
2017-09-28,37.01620101928711,37.959999084472656,0.0,38.459999084472656,36.81999969482422,37.150001525878906,0.0,52569900
2017-09-29,38.352142333984375,39.33000183105469,0.0,39.36000061035156,37.810001373291016,37.97999954223633,0.0,48711400
2017-10-02,39.0152473449707,40.0099983215332,0.0,40.369998931884766,39.36000061035156,39.599998474121094,0.0,54244800
2017-10-03,39.366294860839844,40.369998931884766,0.0,40.540000915527344,39.849998474121094,39.93000030517578,0.0,27322300
2017-10-04,38.57643127441406,39.560001373291016,0.0,40.43000030517578,38.90999984741211,40.13999938964844,0.0,37908400
2017-10-05,38.39115524291992,39.369998931884766,0.0,39.86000061035156,39.25,39.79999923706055,0.0,22501000
2017-10-06,38.683685302734375,39.66999816894531,0.0,39.66999816894531,38.810001373291016,39.0,0.0,25150300
2017-10-09,39.941612243652344,40.959999084472656,0.0,40.9900016784668,39.619998931884766,39.720001220703125,0.0,27279300
2017-10-10,40.93626022338867,41.97999954223633,0.0,42.0,40.459999084472656,41.45000076293945,0.0,48214100
2017-10-11,40.575469970703125,41.61000061035156,0.0,42.06999969482422,40.79999923706055,40.84000015258789,0.0,53023600
2017-10-12,39.57106399536133,40.58000183105469,0.0,41.75,40.290000915527344,41.209999084472656,0.0,66789800
2017-10-13,39.39554977416992,40.400001525878906,0.0,41.16999816894531,40.31999969482422,40.779998779296875,0.0,35371200
2017-10-16,40.45845413208008,41.4900016784668,0.0,41.56999969482422,40.5099983215332,40.880001068115234,0.0,33696800
2017-10-17,39.38579559326172,40.38999938964844,0.0,41.400001525878906,40.25,41.13999938964844,0.0,41233700
2017-10-18,40.61446762084961,41.650001525878906,0.0,41.95000076293945,40.810001373291016,41.040000915527344,0.0,43528000
2017-10-19,40.28292465209961,41.310001373291016,0.0,41.5,39.79999923706055,41.18000030517578,0.0,47676000
2017-10-20,40.46818923950195,41.5,0.0,42.16999816894531,41.439998626708984,42.0,0.0,36293700
2017-10-23,40.526702880859375,41.560001373291016,0.0,42.189998626708984,41.400001525878906,41.849998474121094,0.0,26844200
2017-10-24,40.565696716308594,41.599998474121094,0.0,42.0099983215332,41.43000030517578,41.7400016784668,0.0,26299400
2017-10-25,40.03913497924805,41.060001373291016,0.0,41.59000015258789,40.310001373291016,41.310001373291016,0.0,31061100
2017-10-26,39.590572357177734,40.599998474121094,0.0,41.18000030517578,40.310001373291016,41.16999816894531,0.0,27453500
2017-10-27,39.8343505859375,40.849998474121094,0.0,40.939998626708984,40.040000915527344,40.59000015258789,0.0,31094700
2017-10-30,40.61446762084961,41.650001525878906,0.0,41.86000061035156,40.68000030517578,40.72999954223633,0.0,29119500
2017-10-31,43.20833206176758,44.310001373291016,0.0,44.56999969482422,42.20000076293945,42.25,0.0,61972200
2017-11-01,43.27659225463867,44.380001068115234,0.0,45.33000183105469,43.779998779296875,44.790000915527344,0.0,38842900
2017-11-02,43.23759078979492,44.34000015258789,0.0,44.75,43.720001220703125,44.08000183105469,0.0,25813000
2017-11-03,42.62324142456055,43.709999084472656,0.0,45.0,43.349998474121094,44.77000045776367,0.0,27694600
2017-11-06,42.17469024658203,43.25,0.0,44.0099983215332,42.45000076293945,43.849998474121094,0.0,28841000
2017-11-07,42.85728073120117,43.95000076293945,0.0,44.2400016784668,43.33000183105469,43.58000183105469,0.0,32422900
2017-11-08,42.99380111694336,44.09000015258789,0.0,44.13999938964844,43.45000076293945,43.849998474121094,0.0,19519600
2017-11-09,42.4184684753418,43.5,0.0,43.689998626708984,42.58000183105469,43.689998626708984,0.0,32501100
2017-11-10,43.66663360595703,44.779998779296875,0.0,44.849998474121094,43.709999084472656,43.7599983215332,0.0,33840800
2017-11-13,44.46626281738281,45.599998474121094,0.0,45.869998931884766,44.189998626708984,44.33000183105469,0.0,30522300
2017-11-14,44.66128158569336,45.79999923706055,0.0,46.0,44.79999923706055,45.58000183105469,0.0,29899200
2017-11-15,44.23222732543945,45.36000061035156,0.0,45.7400016784668,44.619998931884766,45.189998626708984,0.0,22434500
2017-11-16,45.03183364868164,46.18000030517578,0.0,46.290000915527344,45.290000915527344,45.72999954223633,0.0,24192600
2017-11-17,45.01232147216797,46.15999984741211,0.0,46.54999923706055,45.72999954223633,46.540000915527344,0.0,22613300
2017-11-20,46.455535888671875,47.63999938964844,0.0,47.86000061035156,46.400001525878906,46.5099983215332,0.0,26975000
2017-11-21,48.171783447265625,49.400001525878906,0.0,49.630001068115234,48.150001525878906,48.36000061035156,0.0,35756600
2017-11-22,47.91823959350586,49.13999938964844,0.0,49.88999938964844,48.619998931884766,49.849998474121094,0.0,28711800
2017-11-24,48.44481658935547,49.68000030517578,0.0,49.880001068115234,49.029998779296875,49.31999969482422,0.0,14203300
2017-11-27,46.85533905029297,48.04999923706055,0.0,48.38999938964844,47.09000015258789,47.959999084472656,0.0,44469700
2017-11-28,46.73833465576172,47.93000030517578,0.0,48.86000061035156,47.81999969482422,48.45000076293945,0.0,30633200
2017-11-29,42.652503967285156,43.7400016784668,0.0,47.599998474121094,43.27000045776367,47.5,0.0,81370100
2017-11-30,41.336063385009766,42.38999938964844,0.0,44.540000915527344,41.86000061035156,44.15999984741211,0.0,63895700
2017-12-01,40.94601821899414,41.9900016784668,0.0,42.54999923706055,40.0099983215332,41.72999954223633,0.0,73138600
2017-12-04,38.90797805786133,39.900001525878906,0.0,42.290000915527344,39.06999969482422,41.95000076293945,0.0,73640500
2017-12-05,40.18540573120117,41.209999084472656,0.0,42.04999923706055,39.41999816894531,39.77000045776367,0.0,56540700
2017-12-06,40.546199798583984,41.58000183105469,0.0,41.7400016784668,40.29999923706055,40.81999969482422,0.0,39735300
2017-12-07,42.12592315673828,43.20000076293945,0.0,43.22999954223633,41.90999984741211,42.18000030517578,0.0,43189000
2017-12-08,42.13567352294922,43.209999084472656,0.0,44.58000183105469,42.869998931884766,44.040000915527344,0.0,44717800
2017-12-11,41.94064712524414,43.0099983215332,0.0,43.75,42.33000183105469,43.41999816894531,0.0,32824000
2017-12-12,40.81924819946289,41.86000061035156,0.0,42.849998474121094,41.709999084472656,42.689998626708984,0.0,28492300
2017-12-13,41.0045166015625,42.04999923706055,0.0,43.099998474121094,41.970001220703125,42.220001220703125,0.0,28565600
2017-12-14,41.189796447753906,42.2400016784668,0.0,42.72999954223633,41.880001068115234,42.290000915527344,0.0,24582800
2017-12-15,41.345821380615234,42.400001525878906,0.0,42.560001373291016,41.88999938964844,42.29999923706055,0.0,58721700
2017-12-18,42.62324142456055,43.709999084472656,0.0,43.72999954223633,42.9900016784668,43.369998931884766,0.0,35075500
2017-12-19,42.88653564453125,43.97999954223633,0.0,44.34000015258789,43.29999923706055,44.09000015258789,0.0,51048300
2017-12-20,44.61253356933594,45.75,0.0,46.79999923706055,44.86000061035156,46.650001525878906,0.0,84338200
2017-12-21,43.315589904785156,44.41999816894531,0.0,45.58000183105469,44.349998474121094,45.54999923706055,0.0,50486100
2017-12-22,43.02305221557617,44.119998931884766,0.0,44.939998626708984,43.939998626708984,44.18000030517578,0.0,30372500
2017-12-26,41.19955062866211,42.25,0.0,43.20000076293945,41.52000045776367,43.189998626708984,0.0,41966200
2017-12-27,41.423828125,42.47999954223633,0.0,43.06999969482422,42.029998779296875,42.220001220703125,0.0,24175100
2017-12-28,40.77048873901367,41.810001373291016,0.0,43.04999923706055,41.75,42.83000183105469,0.0,28999700
2017-12-29,40.09763717651367,41.119998931884766,0.0,41.84000015258789,40.77000045776367,41.81999969482422,0.0,44642100
2018-01-02,42.58423614501953,43.66999816894531,0.0,43.720001220703125,41.189998626708984,41.540000915527344,0.0,37097000
2018-01-03,43.861671447753906,44.97999954223633,0.0,45.04999923706055,44.04999923706055,44.5,0.0,43376700
2018-01-04,45.71443176269531,46.880001068115234,0.0,46.97999954223633,45.0099983215332,45.9900016784668,0.0,52229500
2018-01-05,44.66128158569336,45.79999923706055,0.0,46.65999984741211,45.380001068115234,46.130001068115234,0.0,47381100
2018-01-08,44.417503356933594,45.54999923706055,0.0,46.09000015258789,44.90999984741211,45.310001373291016,0.0,32217400
2018-01-09,41.90165328979492,42.970001220703125,0.0,45.54999923706055,42.77000045776367,45.27000045776367,0.0,62982900
2018-01-10,42.233177185058594,43.310001373291016,0.0,43.369998931884766,41.38999938964844,41.95000076293945,0.0,53348000
2018-01-11,41.755374908447266,42.81999969482422,0.0,44.0,42.619998931884766,43.52000045776367,0.0,39402200
2018-01-12,41.74562072753906,42.810001373291016,0.0,43.349998474121094,42.68000030517578,42.81999969482422,0.0,28458500
2018-01-16,41.85287857055664,42.91999816894531,0.0,43.86000061035156,42.41999816894531,43.13999938964844,0.0,38174800
2018-01-17,43.159568786621094,44.2599983215332,0.0,44.380001068115234,42.97999954223633,43.209999084472656,0.0,38077100
2018-01-18,42.89628601074219,43.9900016784668,0.0,44.650001525878906,43.90999984741211,44.209999084472656,0.0,25152100
2018-01-19,41.68711853027344,42.75,0.0,44.20000076293945,42.650001525878906,43.95000076293945,0.0,41469200
2018-01-22,41.81388473510742,42.880001068115234,0.0,42.880001068115234,41.68000030517578,42.470001220703125,0.0,37879400
2018-01-23,42.85728073120117,43.95000076293945,0.0,44.65999984741211,42.72999954223633,43.25,0.0,41334100
2018-01-24,42.008914947509766,43.08000183105469,0.0,43.95000076293945,42.7400016784668,43.7599983215332,0.0,31305700
2018-01-25,41.94064712524414,43.0099983215332,0.0,44.720001220703125,42.86000061035156,44.22999954223633,0.0,40519200
2018-01-26,42.58423614501953,43.66999816894531,0.0,43.810001373291016,43.029998779296875,43.220001220703125,0.0,27177500
2018-01-29,42.213687896728516,43.290000915527344,0.0,43.41999816894531,42.380001068115234,43.25,0.0,29455000
2018-01-30,40.63396453857422,41.66999816894531,0.0,42.79999923706055,41.470001220703125,41.9900016784668,0.0,38861900
2018-01-31,42.63299560546875,43.720001220703125,0.0,43.959999084472656,42.77000045776367,42.97999954223633,0.0,45114600
2018-02-01,41.43357467651367,42.4900016784668,0.0,44.09000015258789,42.099998474121094,43.040000915527344,0.0,35713500
2018-02-02,39.80509567260742,40.81999969482422,0.0,42.209999084472656,40.61000061035156,42.0,0.0,40657400
2018-02-05,38.42041015625,39.400001525878906,0.0,41.529998779296875,39.0099983215332,40.13999938964844,0.0,45796800
2018-02-06,42.78902816772461,43.880001068115234,0.0,43.93000030517578,40.54999923706055,40.54999923706055,0.0,66972800
2018-02-07,40.965511322021484,42.0099983215332,0.0,43.560001373291016,41.7400016784668,43.2599983215332,0.0,51354800
2018-02-08,39.005489349365234,40.0,0.0,43.029998779296875,40.0,42.52000045776367,0.0,53794100
2018-02-09,39.40528869628906,40.40999984741211,0.0,41.189998626708984,37.52000045776367,41.04999923706055,0.0,65189300
2018-02-12,41.14103698730469,42.189998626708984,0.0,42.68000030517578,40.880001068115234,41.0099983215332,0.0,47941100
2018-02-13,41.570106506347656,42.630001068115234,0.0,42.91999816894531,41.97999954223633,42.04999923706055,0.0,30296800
2018-02-14,42.36971664428711,43.45000076293945,0.0,43.630001068115234,41.93000030517578,41.93000030517578,0.0,36765900
2018-02-15,42.4184684753418,43.5,0.0,43.91999816894531,42.2599983215332,43.72999954223633,0.0,35072300
2018-02-16,43.11082077026367,44.209999084472656,0.0,45.11000061035156,43.130001068115234,43.290000915527344,0.0,49404600
2018-02-20,43.78365707397461,44.900001525878906,0.0,45.27000045776367,43.900001525878906,44.02000045776367,0.0,36215900
2018-02-21,43.432613372802734,44.540000915527344,0.0,45.54999923706055,44.52000045776367,45.369998931884766,0.0,31618700
2018-02-22,43.14982223510742,44.25,0.0,44.83000183105469,44.040000915527344,44.779998779296875,0.0,24359600
2018-02-23,45.37312698364258,46.529998779296875,0.0,46.79999923706055,45.02000045776367,45.18000030517578,0.0,48476700
2018-02-26,46.78707504272461,47.97999954223633,0.0,48.22999954223633,46.70000076293945,46.970001220703125,0.0,41966100
2018-02-27,47.372169494628906,48.58000183105469,0.0,48.9900016784668,47.41999816894531,47.65999984741211,0.0,44731100
2018-02-28,47.59644317626953,48.810001373291016,0.0,49.459999084472656,48.349998474121094,48.79999923706055,0.0,45031400
2018-03-01,46.436031341552734,47.619998931884766,0.0,48.810001373291016,46.77000045776367,48.77000045776367,0.0,61278800
2018-03-02,47.88898468017578,49.11000061035156,0.0,49.25,45.95000076293945,46.36000061035156,0.0,52492900
2018-03-05,50.736385345458984,52.029998779296875,0.0,52.36000061035156,48.720001220703125,48.79999923706055,0.0,70984100
2018-03-06,52.403873443603516,53.7400016784668,0.0,54.63999938964844,53.209999084472656,53.400001525878906,0.0,73096300
2018-03-07,52.62815856933594,53.970001220703125,0.0,55.0,53.130001068115234,53.34000015258789,0.0,61670000
2018-03-08,53.847068786621094,55.220001220703125,0.0,55.470001220703125,54.29999923706055,54.59000015258789,0.0,51685900
2018-03-09,53.23273468017578,54.59000015258789,0.0,55.83000183105469,53.619998931884766,55.7599983215332,0.0,65504600
2018-03-12,57.893890380859375,59.369998931884766,0.0,61.16999816894531,56.349998474121094,56.5,0.0,138651600
2018-03-13,57.95240020751953,59.43000030517578,0.0,63.41999816894531,58.52000045776367,62.16999816894531,0.0,142315800
2018-03-14,58.29368591308594,59.779998779296875,0.0,60.060001373291016,57.560001373291016,59.31999969482422,0.0,80306900
2018-03-15,57.377071380615234,58.84000015258789,0.0,60.150001525878906,58.22999954223633,59.77000045776367,0.0,50963700
2018-03-16,59.07381820678711,60.58000183105469,0.0,60.689998626708984,59.209999084472656,60.0,0.0,69323100
2018-03-19,58.644752502441406,60.13999938964844,0.0,60.9900016784668,58.75,60.36000061035156,0.0,71373300
2018-03-20,59.62963104248047,61.150001525878906,0.0,61.25,59.79999923706055,60.099998474121094,0.0,53890500
2018-03-21,59.55162811279297,61.06999969482422,0.0,61.720001220703125,60.599998474121094,61.349998474121094,0.0,51220200
2018-03-22,57.455078125,58.91999816894531,0.0,60.29999923706055,58.11000061035156,60.06999969482422,0.0,74274700
2018-03-23,52.862178802490234,54.209999084472656,0.0,58.79999923706055,53.68000030517578,57.689998626708984,0.0,118369500
2018-03-26,54.17863082885742,55.560001373291016,0.0,56.709999084472656,52.720001220703125,56.2599983215332,0.0,70260700
2018-03-27,51.09719467163086,52.400001525878906,0.0,55.470001220703125,51.68000030517578,55.060001373291016,0.0,67785100
2018-03-28,50.20981216430664,51.4900016784668,0.0,53.349998474121094,50.70000076293945,51.93000030517578,0.0,62987500
2018-03-29,50.843650817871094,52.13999938964844,0.0,52.68000030517578,51.13999938964844,52.15999984741211,0.0,61458800
2018-04-02,48.81538009643555,50.060001373291016,0.0,51.720001220703125,49.560001373291016,51.540000915527344,0.0,59875500
2018-04-03,50.26832962036133,51.54999923706055,0.0,51.77000045776367,50.31999969482422,50.79999923706055,0.0,52436400
2018-04-04,52.06257629394531,53.38999938964844,0.0,53.5,49.2599983215332,49.619998931884766,0.0,60272800
2018-04-05,48.600833892822266,49.84000015258789,0.0,52.20000076293945,49.189998626708984,52.060001373291016,0.0,89203500
2018-04-06,47.25514602661133,48.459999084472656,0.0,50.47999954223633,47.2599983215332,47.720001220703125,0.0,79392200
2018-04-09,46.767581939697266,47.959999084472656,0.0,49.83000183105469,47.91999816894531,49.130001068115234,0.0,50532900
2018-04-10,49.22492599487305,50.47999954223633,0.0,50.75,48.63999938964844,49.25,0.0,50346500
2018-04-11,49.22492599487305,50.47999954223633,0.0,51.79999923706055,50.11000061035156,50.279998779296875,0.0,38942200
2018-04-12,51.282470703125,52.59000015258789,0.0,52.91999816894531,51.099998474121094,51.119998931884766,0.0,46656300
2018-04-13,50.93141174316406,52.22999954223633,0.0,53.4900016784668,51.58000183105469,53.400001525878906,0.0,43598900
2018-04-16,50.36583709716797,51.650001525878906,0.0,52.47999954223633,51.31999969482422,52.25,0.0,30879500
2018-04-17,50.960662841796875,52.2599983215332,0.0,52.70000076293945,51.7400016784668,51.849998474121094,0.0,33325300
2018-04-18,52.66716003417969,54.0099983215332,0.0,54.27000045776367,50.68000030517578,51.45000076293945,0.0,55393600
2018-04-19,50.14155578613281,51.41999816894531,0.0,54.099998474121094,50.97999954223633,52.900001525878906,0.0,52635000
2018-04-20,49.361446380615234,50.619998931884766,0.0,52.06999969482422,50.150001525878906,51.5,0.0,38510800
2018-04-23,47.80122756958008,49.02000045776367,0.0,50.880001068115234,48.810001373291016,50.810001373291016,0.0,43693000
2018-04-24,45.938720703125,47.11000061035156,0.0,50.2599983215332,46.439998626708984,49.65999984741211,0.0,61915400
2018-04-25,46.416526794433594,47.599998474121094,0.0,48.34000015258789,46.08000183105469,47.560001373291016,0.0,43781200
2018-04-26,48.89337921142578,50.13999938964844,0.0,50.18000030517578,48.83000183105469,49.279998779296875,0.0,39041400
2018-04-27,46.33852005004883,47.52000045776367,0.0,51.38999938964844,47.189998626708984,51.11000061035156,0.0,50049800
2018-04-30,44.836814880371094,45.97999954223633,0.0,47.689998626708984,45.31999969482422,47.060001373291016,0.0,54743800
2018-05-01,45.626670837402344,46.790000915527344,0.0,46.869998931884766,45.40999984741211,45.59000015258789,0.0,34154900
2018-05-02,44.74904251098633,45.88999938964844,0.0,46.7400016784668,45.68000030517578,45.90999984741211,0.0,31640800
2018-05-03,45.46089553833008,46.619998931884766,0.0,46.869998931884766,45.33000183105469,45.7400016784668,0.0,30489600
2018-05-04,46.397029876708984,47.58000183105469,0.0,47.70000076293945,46.13999938964844,46.31999969482422,0.0,28632200
2018-05-07,47.2746467590332,48.47999954223633,0.0,49.11000061035156,48.11000061035156,48.2599983215332,0.0,33996900
2018-05-08,47.36240768432617,48.56999969482422,0.0,48.86000061035156,47.880001068115234,48.529998779296875,0.0,25205500
2018-05-09,49.74174499511719,51.0099983215332,0.0,51.029998779296875,48.9900016784668,49.060001373291016,0.0,36489100
2018-05-10,51.3507194519043,52.65999984741211,0.0,52.68000030517578,51.599998474121094,51.79999923706055,0.0,37146300
2018-05-11,50.531612396240234,51.81999969482422,0.0,52.79999923706055,51.68000030517578,52.380001068115234,0.0,27646400
2018-05-14,51.68227767944336,53.0,0.0,53.709999084472656,52.86000061035156,52.9900016784668,0.0,33376300
2018-05-15,52.66716003417969,54.0099983215332,0.0,54.16999816894531,52.689998626708984,53.79999923706055,0.0,43307300
2018-05-16,55.09524154663086,56.5,0.0,56.90999984741211,55.47999954223633,55.59000015258789,0.0,59011900
2018-05-17,53.340003967285156,54.70000076293945,0.0,56.439998626708984,53.93000030517578,56.0099983215332,0.0,54832200
2018-05-18,52.06257629394531,53.38999938964844,0.0,54.650001525878906,52.849998474121094,53.599998474121094,0.0,46088800
2018-05-21,54.100608825683594,55.47999954223633,0.0,56.470001220703125,54.529998779296875,56.18000030517578,0.0,70858100
2018-05-22,57.56235122680664,59.029998779296875,0.0,60.5,58.29999923706055,59.04999923706055,0.0,111262700
2018-05-23,58.47897720336914,59.970001220703125,0.0,60.0,58.150001525878906,59.04999923706055,0.0,64066800
2018-05-24,59.96118927001953,61.4900016784668,0.0,61.9900016784668,59.560001373291016,60.18000030517578,0.0,74725000
2018-05-25,59.82466125488281,61.349998474121094,0.0,62.099998474121094,60.61000061035156,60.849998474121094,0.0,54715900
2018-05-29,61.063087463378906,62.619998931884766,0.0,63.97999954223633,61.349998474121094,61.36000061035156,0.0,75591900
2018-05-30,61.01433181762695,62.56999969482422,0.0,64.66000366210938,60.91999816894531,63.70000076293945,0.0,84737600
2018-05-31,56.158145904541016,57.59000015258789,0.0,60.25,57.16999816894531,59.22999954223633,0.0,101882200
2018-06-01,57.27956008911133,58.7400016784668,0.0,59.34000015258789,56.880001068115234,58.810001373291016,0.0,74761500
2018-06-04,57.63060760498047,59.099998474121094,0.0,59.15999984741211,56.619998931884766,57.43000030517578,0.0,64350500
2018-06-05,57.93290710449219,59.40999984741211,0.0,60.13999938964844,58.83000183105469,59.79999923706055,0.0,41711300
2018-06-06,57.94264602661133,59.41999816894531,0.0,59.59000015258789,58.29999923706055,59.2599983215332,0.0,36749000
2018-06-07,58.14742660522461,59.630001068115234,0.0,60.27000045776367,58.560001373291016,59.849998474121094,0.0,42264700
2018-06-08,59.86367416381836,61.38999938964844,0.0,61.599998474121094,58.220001220703125,58.630001068115234,0.0,57144900
2018-06-11,59.86367416381836,61.38999938964844,0.0,62.54999923706055,61.06999969482422,61.709999084472656,0.0,42251500
2018-06-12,59.04454803466797,60.54999923706055,0.0,61.849998474121094,59.939998626708984,61.84000015258789,0.0,43633300
2018-06-13,58.556983947753906,60.04999923706055,0.0,61.27000045776367,60.02000045776367,60.29999923706055,0.0,33281400
2018-06-14,57.708614349365234,59.18000030517578,0.0,60.56999969482422,58.66999816894531,60.54999923706055,0.0,43421900
2018-06-15,56.78224563598633,58.22999954223633,0.0,59.099998474121094,57.29999923706055,58.529998779296875,0.0,45854100
2018-06-18,56.996768951416016,58.45000076293945,0.0,58.599998474121094,56.869998931884766,57.599998474121094,0.0,36975600
2018-06-19,57.77687454223633,59.25,0.0,59.459999084472656,57.11000061035156,57.63999938964844,0.0,43486600
2018-06-20,57.484336853027344,58.95000076293945,0.0,61.119998931884766,58.79999923706055,60.130001068115234,0.0,57497600
2018-06-21,57.9621467590332,59.439998626708984,0.0,61.83000183105469,59.09000015258789,61.459999084472656,0.0,70419900
2018-06-22,55.68032455444336,57.099998474121094,0.0,60.40999984741211,57.02000045776367,60.20000076293945,0.0,63497500
2018-06-25,51.83829879760742,53.15999984741211,0.0,55.63999938964844,52.40999984741211,55.540000915527344,0.0,72196300
2018-06-26,53.23273468017578,54.59000015258789,0.0,54.77000045776367,53.61000061035156,54.40999984741211,0.0,42277100
2018-06-27,50.960662841796875,52.2599983215332,0.0,55.349998474121094,52.15999984741211,55.0,0.0,53007500
2018-06-28,51.81879425048828,53.13999938964844,0.0,53.310001373291016,51.790000915527344,52.0,0.0,36878900
2018-06-29,51.13618469238281,52.439998626708984,0.0,53.849998474121094,52.400001525878906,53.689998626708984,0.0,32582200
2018-07-02,53.125465393066406,54.47999954223633,0.0,54.529998779296875,51.31999969482422,51.52000045776367,0.0,38934200
2018-07-03,50.2000617980957,51.47999954223633,0.0,54.790000915527344,50.099998474121094,54.54999923706055,0.0,52190200
2018-07-05,51.5262451171875,52.84000015258789,0.0,53.310001373291016,51.939998626708984,52.630001068115234,0.0,51136400
2018-07-06,51.90655517578125,53.22999954223633,0.0,53.40999984741211,51.97999954223633,52.540000915527344,0.0,31841000
2018-07-09,52.95969009399414,54.310001373291016,0.0,54.5,53.11000061035156,53.79999923706055,0.0,32579700
2018-07-10,54.35415267944336,55.7400016784668,0.0,55.900001525878906,54.349998474121094,54.65999984741211,0.0,34852800
2018-07-11,52.83293533325195,54.18000030517578,0.0,55.0,53.77000045776367,54.38999938964844,0.0,38699200
2018-07-12,54.071353912353516,55.45000076293945,0.0,55.65999984741211,54.349998474121094,54.650001525878906,0.0,29647700
2018-07-13,54.948974609375,56.349998474121094,0.0,56.59000015258789,55.31999969482422,55.5099983215332,0.0,28799000
2018-07-16,54.75395202636719,56.150001525878906,0.0,57.18000030517578,56.060001373291016,56.599998474121094,0.0,25735200
2018-07-17,55.5438117980957,56.959999084472656,0.0,57.130001068115234,55.5,55.83000183105469,0.0,24729100
2018-07-18,56.02163314819336,57.45000076293945,0.0,58.150001525878906,56.91999816894531,57.25,0.0,33729700
2018-07-19,54.82221221923828,56.220001220703125,0.0,57.560001373291016,55.66999816894531,57.25,0.0,39392100
2018-07-20,53.65204620361328,55.02000045776367,0.0,56.13999938964844,54.83000183105469,56.08000183105469,0.0,32588100
2018-07-23,52.94020080566406,54.290000915527344,0.0,54.58000183105469,52.220001220703125,53.5099983215332,0.0,42781500
2018-07-24,51.84804916381836,53.16999816894531,0.0,55.400001525878906,52.939998626708984,55.0,0.0,39011500
2018-07-25,52.06257629394531,53.38999938964844,0.0,54.220001220703125,52.29999923706055,52.630001068115234,0.0,39749200
2018-07-26,52.42338180541992,53.7599983215332,0.0,54.7400016784668,53.45000076293945,53.599998474121094,0.0,28862500
2018-07-27,52.6183967590332,53.959999084472656,0.0,54.630001068115234,53.11000061035156,54.459999084472656,0.0,30109700
2018-07-30,51.69202423095703,53.0099983215332,0.0,54.25,52.41999816894531,54.189998626708984,0.0,25747800
2018-07-31,51.47749710083008,52.790000915527344,0.0,54.220001220703125,52.77000045776367,53.779998779296875,0.0,29301700
2018-08-01,50.98992156982422,52.290000915527344,0.0,53.58000183105469,52.16999816894531,52.65999984741211,0.0,28200000
2018-08-02,52.072330474853516,53.400001525878906,0.0,53.54999923706055,51.380001068115234,51.70000076293945,0.0,28708000
2018-08-03,51.49700927734375,52.810001373291016,0.0,53.400001525878906,52.2599983215332,53.29999923706055,0.0,22958900
2018-08-06,51.3604736328125,52.66999816894531,0.0,52.810001373291016,51.5,52.220001220703125,0.0,28776900
2018-08-07,51.721275329589844,53.040000915527344,0.0,53.439998626708984,52.70000076293945,52.939998626708984,0.0,21918600
2018-08-08,52.06257629394531,53.38999938964844,0.0,53.529998779296875,52.459999084472656,52.84000015258789,0.0,18074700
2018-08-09,50.960662841796875,52.2599983215332,0.0,52.849998474121094,51.93000030517578,52.650001525878906,0.0,34538400
2018-08-10,50.09280014038086,51.369998931884766,0.0,51.95000076293945,51.02000045776367,51.25,0.0,31340800
2018-08-13,50.063541412353516,51.34000015258789,0.0,52.060001373291016,51.279998779296875,51.61000061035156,0.0,24609500
2018-08-14,49.361446380615234,50.619998931884766,0.0,51.77000045776367,50.0099983215332,51.72999954223633,0.0,32050200
2018-08-15,46.30927276611328,47.4900016784668,0.0,49.86000061035156,47.13999938964844,49.83000183105469,0.0,57746200
2018-08-16,45.928951263427734,47.099998474121094,0.0,48.310001373291016,46.959999084472656,48.20000076293945,0.0,33663000
2018-08-17,45.938720703125,47.11000061035156,0.0,47.36000061035156,45.619998931884766,46.209999084472656,0.0,34464200
2018-08-20,46.874847412109375,48.06999969482422,0.0,48.61000061035156,46.470001220703125,47.400001525878906,0.0,33022900
2018-08-21,48.698341369628906,49.939998626708984,0.0,50.369998931884766,48.869998931884766,48.900001525878906,0.0,38572900
2018-08-22,48.99089813232422,50.2400016784668,0.0,50.650001525878906,49.869998931884766,50.380001068115234,0.0,26740400
2018-08-23,48.46432113647461,49.70000076293945,0.0,50.2400016784668,49.400001525878906,50.04999923706055,0.0,26832000
2018-08-24,49.439456939697266,50.70000076293945,0.0,50.81999969482422,49.91999816894531,49.91999816894531,0.0,24785500
2018-08-27,50.775386810302734,52.06999969482422,0.0,52.45000076293945,51.16999816894531,51.349998474121094,0.0,29134100
2018-08-28,51.038673400878906,52.34000015258789,0.0,52.560001373291016,51.470001220703125,52.41999816894531,0.0,26198800
2018-08-29,50.54136657714844,51.83000183105469,0.0,52.15999984741211,51.29999923706055,52.09000015258789,0.0,31450800
2018-08-30,51.44823455810547,52.7599983215332,0.0,53.68000030517578,51.400001525878906,51.560001373291016,0.0,32416600
2018-08-31,51.21420669555664,52.52000045776367,0.0,53.22999954223633,52.220001220703125,52.70000076293945,0.0,29937300
2018-09-04,50.638877868652344,51.93000030517578,0.0,52.29999923706055,50.709999084472656,52.13999938964844,0.0,28975100
2018-09-05,48.30829620361328,49.540000915527344,0.0,51.599998474121094,49.06999969482422,51.38999938964844,0.0,39125100
2018-09-06,43.539878845214844,44.650001525878906,0.0,48.45000076293945,44.060001373291016,48.20000076293945,0.0,94413400
2018-09-07,43.74465560913086,44.86000061035156,0.0,46.459999084472656,44.650001525878906,45.13999938964844,0.0,47114300
2018-09-10,43.78365707397461,44.900001525878906,0.0,45.380001068115234,44.38999938964844,45.25,0.0,33078300
2018-09-11,42.51597595214844,43.599998474121094,0.0,43.75,42.349998474121094,43.650001525878906,0.0,48980700
2018-09-12,40.70222854614258,41.7400016784668,0.0,42.18000030517578,40.68000030517578,41.2400016784668,0.0,66916000
2018-09-13,42.535484313964844,43.619998931884766,0.0,44.4900016784668,42.29999923706055,42.29999923706055,0.0,59922100
2018-09-14,43.198577880859375,44.29999923706055,0.0,44.560001373291016,43.459999084472656,44.11000061035156,0.0,40610300
2018-09-17,42.49647903442383,43.58000183105469,0.0,44.31999969482422,43.25,43.59000015258789,0.0,28205300
2018-09-18,44.202972412109375,45.33000183105469,0.0,45.869998931884766,43.880001068115234,43.93000030517578,0.0,36507400
2018-09-19,43.93968200683594,45.060001373291016,0.0,46.060001373291016,44.84000015258789,45.779998779296875,0.0,29264700
2018-09-20,44.91481018066406,46.060001373291016,0.0,47.220001220703125,45.90999984741211,46.400001525878906,0.0,75144100
2018-09-21,43.627647399902344,44.7400016784668,0.0,45.599998474121094,43.79999923706055,44.400001525878906,0.0,97053400
2018-09-24,44.03719711303711,45.15999984741211,0.0,45.650001525878906,43.86000061035156,44.20000076293945,0.0,36918900
2018-09-25,43.530120849609375,44.63999938964844,0.0,45.459999084472656,44.02000045776367,45.099998474121094,0.0,32547500
2018-09-26,43.24732971191406,44.349998474121094,0.0,44.7599983215332,43.959999084472656,44.290000915527344,0.0,30299800
2018-09-27,43.87141799926758,44.9900016784668,0.0,45.52000045776367,44.04999923706055,44.22999954223633,0.0,26952400
2018-09-28,44.105445861816406,45.22999954223633,0.0,45.61000061035156,44.4900016784668,44.650001525878906,0.0,28080400
2018-10-01,44.027442932128906,45.150001525878906,0.0,46.08000183105469,45.0099983215332,45.439998626708984,0.0,26693400
2018-10-02,44.62226867675781,45.7599983215332,0.0,46.689998626708984,44.880001068115234,44.900001525878906,0.0,32397000
2018-10-03,44.027442932128906,45.150001525878906,0.0,46.41999816894531,44.709999084472656,46.279998779296875,0.0,29505100
2018-10-04,43.062049865722656,44.15999984741211,0.0,44.75,43.5099983215332,44.5,0.0,34579600
2018-10-05,42.49647903442383,43.58000183105469,0.0,44.630001068115234,42.810001373291016,44.08000183105469,0.0,35367100
2018-10-08,41.99915313720703,43.06999969482422,0.0,43.849998474121094,42.61000061035156,43.279998779296875,0.0,27426600
2018-10-09,41.21904754638672,42.27000045776367,0.0,43.040000915527344,41.97999954223633,42.810001373291016,0.0,31576400
2018-10-10,40.575469970703125,41.61000061035156,0.0,42.75,41.31999969482422,41.5,0.0,48452000
2018-10-11,40.926509857177734,41.970001220703125,0.0,42.91999816894531,41.43000030517578,41.959999084472656,0.0,48197000
2018-10-12,41.41408920288086,42.470001220703125,0.0,43.75,41.91999816894531,43.58000183105469,0.0,32851100
2018-10-15,41.28730392456055,42.34000015258789,0.0,42.54999923706055,41.630001068115234,42.029998779296875,0.0,27697300
2018-10-16,42.13567352294922,43.209999084472656,0.0,43.349998474121094,42.29999923706055,42.70000076293945,0.0,28827400
2018-10-17,41.29705810546875,42.349998474121094,0.0,43.38999938964844,42.11000061035156,43.33000183105469,0.0,27759000
2018-10-18,40.27316665649414,41.29999923706055,0.0,42.209999084472656,41.13999938964844,42.040000915527344,0.0,33560800
2018-10-19,39.44430923461914,40.45000076293945,0.0,41.9900016784668,40.27000045776367,41.66999816894531,0.0,28641400
2018-10-22,38.771461486816406,39.7599983215332,0.0,40.70000076293945,38.63999938964844,40.560001373291016,0.0,34441200
2018-10-23,37.718299865722656,38.68000030517578,0.0,39.11000061035156,37.40999984741211,38.150001525878906,0.0,46364200
2018-10-24,34.54911422729492,35.43000030517578,0.0,38.29999923706055,35.400001525878906,38.0,0.0,53096500
2018-10-25,35.86554718017578,36.779998779296875,0.0,37.15999984741211,35.060001373291016,35.59000015258789,0.0,39625700
2018-10-26,34.51984786987305,35.400001525878906,0.0,35.90999984741211,34.29999923706055,35.279998779296875,0.0,41257400
2018-10-29,33.79825973510742,34.65999984741211,0.0,36.20000076293945,33.81999969482422,36.13999938964844,0.0,34176400
2018-10-30,35.11469268798828,36.0099983215332,0.0,36.04999923706055,34.4900016784668,34.63999938964844,0.0,35319500
2018-10-31,36.78217697143555,37.720001220703125,0.0,38.040000915527344,35.79999923706055,36.58000183105469,0.0,44055400
2018-11-01,39.12250518798828,40.119998931884766,0.0,40.20000076293945,37.52000045776367,37.97999954223633,0.0,43981400
2018-11-02,39.31752395629883,40.31999969482422,0.0,40.939998626708984,39.63999938964844,40.189998626708984,0.0,33645700
2018-11-05,38.92747497558594,39.91999816894531,0.0,40.2400016784668,38.77000045776367,40.099998474121094,0.0,22904000
2018-11-06,38.81046676635742,39.79999923706055,0.0,40.560001373291016,39.560001373291016,39.7400016784668,0.0,19316600
2018-11-07,39.912376403808594,40.93000030517578,0.0,41.04999923706055,39.959999084472656,40.31999969482422,0.0,22957200
2018-11-08,39.43454360961914,40.439998626708984,0.0,41.43000030517578,40.34000015258789,40.66999816894531,0.0,15609300
2018-11-09,38.13760757446289,39.11000061035156,0.0,39.9900016784668,38.40999984741211,39.88999938964844,0.0,26102800
2018-11-12,36.50913619995117,37.439998626708984,0.0,38.529998779296875,36.84000015258789,38.2400016784668,0.0,24822400
2018-11-13,36.90892791748047,37.849998474121094,0.0,38.7400016784668,37.439998626708984,37.65999984741211,0.0,25870500
2018-11-14,37.08446502685547,38.029998779296875,0.0,38.970001220703125,37.61000061035156,38.619998931884766,0.0,23706400
2018-11-15,38.917720794677734,39.90999984741211,0.0,40.16999816894531,37.619998931884766,37.95000076293945,0.0,30046100
2018-11-16,38.459415435791016,39.439998626708984,0.0,39.709999084472656,38.33000183105469,38.45000076293945,0.0,25445700
2018-11-19,35.91431427001953,36.83000183105469,0.0,39.31999969482422,36.66999816894531,39.20000076293945,0.0,31039100
2018-11-20,35.22195816040039,36.119998931884766,0.0,36.9900016784668,34.04999923706055,34.099998474121094,0.0,38728600
2018-11-21,35.47549057006836,36.380001068115234,0.0,37.220001220703125,36.369998931884766,37.0,0.0,22728400
2018-11-23,35.49500274658203,36.400001525878906,0.0,37.5,35.91999816894531,35.93000030517578,0.0,11257800
2018-11-26,35.660762786865234,36.56999969482422,0.0,37.790000915527344,35.529998779296875,37.75,0.0,26569700
2018-11-27,36.080074310302734,37.0,0.0,37.45000076293945,36.02000045776367,36.09000015258789,0.0,21397300
2018-11-28,37.74755859375,38.709999084472656,0.0,39.0,35.9900016784668,37.290000915527344,0.0,42293700
2018-11-29,36.96744918823242,37.90999984741211,0.0,38.709999084472656,37.72999954223633,38.29999923706055,0.0,23631300
2018-11-30,37.601295471191406,38.560001373291016,0.0,38.630001068115234,36.939998626708984,37.75,0.0,28176000
2018-12-03,39.03474426269531,40.029998779296875,0.0,40.2400016784668,39.150001525878906,40.20000076293945,0.0,35830000
2018-12-04,35.96306610107422,36.880001068115234,0.0,39.869998931884766,36.720001220703125,39.560001373291016,0.0,36616300
2018-12-06,36.73341751098633,37.66999816894531,0.0,37.68000030517578,35.130001068115234,35.65999984741211,0.0,37494400
2018-12-07,34.43210220336914,35.310001373291016,0.0,37.619998931884766,35.209999084472656,37.619998931884766,0.0,30619800
2018-12-10,33.93477249145508,34.79999923706055,0.0,35.720001220703125,34.529998779296875,34.83000183105469,0.0,33979700
2018-12-11,34.33457946777344,35.209999084472656,0.0,36.2599983215332,35.099998474121094,35.59000015258789,0.0,26238800
2018-12-12,35.13420104980469,36.029998779296875,0.0,36.61000061035156,35.400001525878906,35.939998626708984,0.0,26642500
2018-12-13,34.1493034362793,35.02000045776367,0.0,36.369998931884766,34.7599983215332,36.290000915527344,0.0,23825400
2018-12-14,33.349693298339844,34.20000076293945,0.0,35.45000076293945,34.060001373291016,34.439998626708984,0.0,28922100
2018-12-17,33.03764724731445,33.880001068115234,0.0,35.220001220703125,33.599998474121094,34.15999984741211,0.0,30891000
2018-12-18,33.26192855834961,34.11000061035156,0.0,34.939998626708984,33.970001220703125,34.38999938964844,0.0,46135400
2018-12-19,30.62906265258789,31.40999984741211,0.0,33.58000183105469,31.270000457763672,31.65999984741211,0.0,106669600
2018-12-20,30.502290725708008,31.280000686645508,0.0,32.900001525878906,30.860000610351562,31.600000381469727,0.0,60427600
2018-12-21,29.56615447998047,30.31999969482422,0.0,32.04999923706055,30.110000610351562,31.68000030517578,0.0,54630500
2018-12-24,28.298479080200195,29.020000457763672,0.0,30.350000381469727,29.0,29.860000610351562,0.0,23771800
2018-12-26,30.12198829650879,30.889999389648438,0.0,30.90999984741211,28.389999389648438,29.34000015258789,0.0,45711000
2018-12-27,31.136133193969727,31.93000030517578,0.0,32.0099983215332,30.229999542236328,30.40999984741211,0.0,39858300
2018-12-28,30.78508186340332,31.56999969482422,0.0,32.279998779296875,31.399999618530273,32.0,0.0,29873400
2018-12-31,30.941104888916016,31.729999542236328,0.0,32.400001525878906,31.459999084472656,31.989999771118164,0.0,21392100
2019-01-02,31.935733795166016,32.75,0.0,33.08000183105469,30.75,31.0,0.0,26004300
2019-01-03,30.229249954223633,31.0,0.0,32.150001525878906,30.860000610351562,31.81999969482422,0.0,29145500
2019-01-04,31.88698387145996,32.70000076293945,0.0,33.040000915527344,31.549999237060547,31.65999984741211,0.0,28557300
2019-01-07,33.15467071533203,34.0,0.0,34.45000076293945,33.310001373291016,33.70000076293945,0.0,44841500
2019-01-08,32.9011344909668,33.7400016784668,0.0,34.59000015258789,32.810001373291016,34.54999923706055,0.0,33434100
2019-01-09,34.55885314941406,35.439998626708984,0.0,36.290000915527344,34.91999816894531,34.970001220703125,0.0,54147900
2019-01-10,35.01717758178711,35.90999984741211,0.0,35.95000076293945,35.08000183105469,35.2599983215332,0.0,24437400
2019-01-11,35.11469268798828,36.0099983215332,0.0,36.72999954223633,35.0099983215332,35.41999816894531,0.0,30469800
2019-01-14,33.808006286621094,34.66999816894531,0.0,34.91999816894531,34.2599983215332,34.720001220703125,0.0,34612000
2019-01-15,33.1449089050293,33.9900016784668,0.0,35.22999954223633,33.650001525878906,35.02000045776367,0.0,30633600
2019-01-16,32.74510955810547,33.58000183105469,0.0,34.33000183105469,33.529998779296875,34.040000915527344,0.0,24890900
2019-01-17,33.03764724731445,33.880001068115234,0.0,34.20000076293945,32.65999984741211,33.22999954223633,0.0,29398500
2019-01-18,34.870906829833984,35.7599983215332,0.0,36.189998626708984,34.060001373291016,34.22999954223633,0.0,44872400
2019-01-22,33.027889251708984,33.869998931884766,0.0,35.25,33.54999923706055,35.25,0.0,37021900
2019-01-23,33.38869857788086,34.2400016784668,0.0,34.689998626708984,33.439998626708984,34.11000061035156,0.0,31011600
2019-01-24,35.680267333984375,36.59000015258789,0.0,37.439998626708984,35.099998474121094,35.310001373291016,0.0,65094800
2019-01-25,37.99134826660156,38.959999084472656,0.0,39.310001373291016,37.5,38.09000015258789,0.0,61032300
2019-01-28,37.13322067260742,38.08000183105469,0.0,38.959999084472656,36.650001525878906,36.95000076293945,0.0,44213000
2019-01-29,36.46038055419922,37.38999938964844,0.0,38.97999954223633,37.25,38.279998779296875,0.0,30331000
2019-01-30,37.289241790771484,38.2400016784668,0.0,38.7599983215332,37.59000015258789,38.29999923706055,0.0,32848100
2019-01-31,37.269744873046875,38.220001220703125,0.0,38.81999969482422,37.279998779296875,37.630001068115234,0.0,34130500
2019-02-01,38.61542892456055,39.599998474121094,0.0,39.86000061035156,38.22999954223633,38.310001373291016,0.0,36839900
2019-02-04,38.48866653442383,39.470001220703125,0.0,39.61000061035156,38.5099983215332,39.54999923706055,0.0,30851500
2019-02-05,38.39115524291992,39.369998931884766,0.0,40.33000183105469,39.16999816894531,39.2400016784668,0.0,25094000
2019-02-06,40.48768997192383,41.52000045776367,0.0,41.959999084472656,40.369998931884766,40.400001525878906,0.0,47472600
2019-02-07,38.40090560913086,39.380001068115234,0.0,41.04999923706055,38.90999984741211,40.810001373291016,0.0,40396400
2019-02-08,37.62080001831055,38.58000183105469,0.0,38.779998779296875,37.45000076293945,37.79999923706055,0.0,35573200
2019-02-11,37.62080001831055,38.58000183105469,0.0,38.869998931884766,37.36000061035156,38.599998474121094,0.0,30356500
2019-02-12,39.39554977416992,40.400001525878906,0.0,40.77000045776367,39.2400016784668,39.38999938964844,0.0,43587900
2019-02-13,40.643714904785156,41.68000030517578,0.0,42.279998779296875,40.79999923706055,40.849998474121094,0.0,50101700
2019-02-14,41.18003845214844,42.22999954223633,0.0,43.15999984741211,41.310001373291016,41.38999938964844,0.0,41759200
2019-02-15,40.94601821899414,41.9900016784668,0.0,42.400001525878906,41.41999816894531,42.27000045776367,0.0,28968400
2019-02-19,40.9167594909668,41.959999084472656,0.0,42.4900016784668,41.5,41.70000076293945,0.0,25575900
2019-02-20,41.16053771972656,42.209999084472656,0.0,43.2599983215332,42.130001068115234,42.310001373291016,0.0,28048700
2019-02-21,40.4974479675293,41.529998779296875,0.0,42.869998931884766,41.41999816894531,42.470001220703125,0.0,24048800
2019-02-22,41.511592864990234,42.56999969482422,0.0,42.56999969482422,41.83000183105469,42.08000183105469,0.0,22834300
2019-02-25,41.68711853027344,42.75,0.0,43.9900016784668,42.70000076293945,43.810001373291016,0.0,25233700
2019-02-26,41.891883850097656,42.959999084472656,0.0,43.150001525878906,42.290000915527344,42.349998474121094,0.0,18051500
2019-02-27,40.29265594482422,41.31999969482422,0.0,42.7599983215332,41.0099983215332,42.619998931884766,0.0,29522200
2019-02-28,39.86361312866211,40.880001068115234,0.0,41.150001525878906,39.79999923706055,40.20000076293945,0.0,25777900
2019-03-01,40.546199798583984,41.58000183105469,0.0,42.560001373291016,41.11000061035156,41.63999938964844,0.0,26755800
2019-03-04,40.03913497924805,41.060001373291016,0.0,42.150001525878906,40.63999938964844,41.880001068115234,0.0,27047800
2019-03-05,38.9957389831543,39.9900016784668,0.0,40.66999816894531,39.5099983215332,40.25,0.0,28798800
2019-03-06,36.98695373535156,37.93000030517578,0.0,39.45000076293945,37.52000045776367,39.380001068115234,0.0,44890400
2019-03-07,36.88943099975586,37.83000183105469,0.0,38.310001373291016,37.13999938964844,37.540000915527344,0.0,31567800
2019-03-08,37.689056396484375,38.650001525878906,0.0,38.81999969482422,36.56999969482422,36.88999938964844,0.0,34080900
2019-03-11,38.059600830078125,39.029998779296875,0.0,39.54999923706055,38.83000183105469,38.90999984741211,0.0,25164700
2019-03-12,38.274131774902344,39.25,0.0,39.400001525878906,38.83000183105469,39.16999816894531,0.0,18623500
2019-03-13,37.86457443237305,38.83000183105469,0.0,39.720001220703125,38.63999938964844,39.400001525878906,0.0,22786300
2019-03-14,37.45502853393555,38.40999984741211,0.0,39.630001068115234,38.34000015258789,38.7400016784668,0.0,19757300
2019-03-15,38.55693435668945,39.540000915527344,0.0,39.84000015258789,38.43000030517578,38.58000183105469,0.0,30702000
2019-03-18,38.625186920166016,39.61000061035156,0.0,40.40999984741211,39.150001525878906,39.599998474121094,0.0,22296600
2019-03-19,39.366294860839844,40.369998931884766,0.0,41.04999923706055,39.88999938964844,39.93000030517578,0.0,32407300
2019-03-20,39.13226318359375,40.130001068115234,0.0,40.75,39.619998931884766,40.5,0.0,41714400
2019-03-21,42.89628601074219,43.9900016784668,0.0,44.209999084472656,41.650001525878906,41.70000076293945,0.0,84985400
2019-03-22,40.585201263427734,41.619998931884766,0.0,43.47999954223633,41.54999923706055,43.470001220703125,0.0,46605600
2019-03-25,39.54180908203125,40.54999923706055,0.0,41.97999954223633,40.060001373291016,41.34000015258789,0.0,34516000
2019-03-26,39.31752395629883,40.31999969482422,0.0,41.650001525878906,40.099998474121094,41.16999816894531,0.0,24689600
2019-03-27,38.25463104248047,39.22999954223633,0.0,40.849998474121094,39.0099983215332,40.380001068115234,0.0,26856700
2019-03-28,38.36189270019531,39.34000015258789,0.0,39.939998626708984,39.02000045776367,39.400001525878906,0.0,24584500
2019-03-29,40.302425384521484,41.33000183105469,0.0,41.52000045776367,40.220001220703125,40.25,0.0,35716900
2019-04-01,41.19955062866211,42.25,0.0,42.7599983215332,41.720001220703125,42.27000045776367,0.0,28073000
2019-04-02,41.384822845458984,42.439998626708984,0.0,42.790000915527344,41.75,42.08000183105469,0.0,21438100
2019-04-03,42.80852508544922,43.900001525878906,0.0,44.849998474121094,43.54999923706055,43.54999923706055,0.0,39097200
2019-04-04,41.823631286621094,42.88999938964844,0.0,43.33000183105469,42.25,42.36000061035156,0.0,37038400
2019-04-05,42.24293518066406,43.31999969482422,0.0,43.540000915527344,42.720001220703125,43.29999923706055,0.0,21119400
2019-04-08,41.8333854675293,42.900001525878906,0.0,43.13999938964844,42.119998931884766,42.18000030517578,0.0,24546800
2019-04-09,40.682716369628906,41.720001220703125,0.0,42.599998474121094,41.27000045776367,42.540000915527344,0.0,29055900
2019-04-10,41.12153625488281,42.16999816894531,0.0,42.439998626708984,41.5099983215332,41.689998626708984,0.0,23252200
2019-04-11,41.228797912597656,42.279998779296875,0.0,42.72999954223633,42.130001068115234,42.20000076293945,0.0,18163900
2019-04-12,40.965511322021484,42.0099983215332,0.0,43.20000076293945,41.810001373291016,42.849998474121094,0.0,21740400
2019-04-15,40.780242919921875,41.81999969482422,0.0,42.22999954223633,41.20000076293945,42.16999816894531,0.0,16932300
2019-04-16,41.696868896484375,42.7599983215332,0.0,42.93000030517578,42.08000183105469,42.2599983215332,0.0,19337500
2019-04-17,42.07716751098633,43.150001525878906,0.0,44.04999923706055,42.7599983215332,43.36000061035156,0.0,22092000
2019-04-18,42.320953369140625,43.400001525878906,0.0,43.529998779296875,42.790000915527344,43.20000076293945,0.0,16193600
2019-04-22,42.320953369140625,43.400001525878906,0.0,43.56999969482422,42.529998779296875,43.13999938964844,0.0,19447900
2019-04-23,41.70661163330078,42.77000045776367,0.0,43.470001220703125,42.720001220703125,43.369998931884766,0.0,21489400
2019-04-24,41.960147857666016,43.029998779296875,0.0,43.400001525878906,42.380001068115234,42.81999969482422,0.0,19637000
2019-04-25,41.68711853027344,42.75,0.0,44.650001525878906,42.689998626708984,43.619998931884766,0.0,28346200
2019-04-26,41.05327224731445,42.099998474121094,0.0,42.279998779296875,40.77000045776367,41.4900016784668,0.0,26092400
2019-04-29,41.063026428222656,42.11000061035156,0.0,42.61000061035156,41.72999954223633,42.130001068115234,0.0,13452800
2019-04-30,41.0142707824707,42.060001373291016,0.0,42.36000061035156,41.58000183105469,41.86000061035156,0.0,16342700
2019-05-01,40.85824203491211,41.900001525878906,0.0,42.93000030517578,41.88999938964844,42.43000030517578,0.0,17673300
2019-05-02,41.501834869384766,42.560001373291016,0.0,43.20000076293945,41.630001068115234,42.0,0.0,17046800
2019-05-03,42.25269317626953,43.33000183105469,0.0,43.380001068115234,42.40999984741211,42.4900016784668,0.0,16577000
2019-05-06,41.08253479003906,42.130001068115234,0.0,42.290000915527344,41.0,41.400001525878906,0.0,25776000
2019-05-07,39.2590217590332,40.2599983215332,0.0,41.93000030517578,39.72999954223633,41.68000030517578,0.0,35094100
2019-05-08,38.7617073059082,39.75,0.0,40.4900016784668,39.58000183105469,39.86000061035156,0.0,26190100
2019-05-09,38.29364013671875,39.27000045776367,0.0,39.630001068115234,38.20000076293945,39.099998474121094,0.0,27844400
2019-05-10,37.97184371948242,38.939998626708984,0.0,39.290000915527344,37.650001525878906,39.0099983215332,0.0,30368100
2019-05-13,36.450626373291016,37.380001068115234,0.0,37.97999954223633,37.060001373291016,37.36000061035156,0.0,33092100
2019-05-14,37.552520751953125,38.5099983215332,0.0,38.61000061035156,37.400001525878906,38.02000045776367,0.0,24004000
2019-05-15,37.45502853393555,38.40999984741211,0.0,38.70000076293945,37.7599983215332,37.900001525878906,0.0,17532300
2019-05-16,36.382362365722656,37.310001373291016,0.0,37.9900016784668,37.099998474121094,37.68000030517578,0.0,29479200
2019-05-17,35.16344451904297,36.060001373291016,0.0,37.279998779296875,35.79999923706055,36.61000061035156,0.0,31096300
2019-05-20,33.75924301147461,34.619998931884766,0.0,35.20000076293945,34.33000183105469,34.75,0.0,34489500
2019-05-21,34.75389099121094,35.63999938964844,0.0,35.880001068115234,35.150001525878906,35.290000915527344,0.0,32501300
2019-05-22,33.866519927978516,34.72999954223633,0.0,35.45000076293945,34.630001068115234,35.20000076293945,0.0,20902400
2019-05-23,32.97914505004883,33.81999969482422,0.0,33.900001525878906,32.959999084472656,33.88999938964844,0.0,32186700
2019-05-24,33.15467071533203,34.0,0.0,34.36000061035156,33.59000015258789,34.15999984741211,0.0,19706000
2019-05-28,32.12102127075195,32.939998626708984,0.0,34.310001373291016,32.880001068115234,34.150001525878906,0.0,26758400
2019-05-29,32.46231460571289,33.290000915527344,0.0,33.41999816894531,32.16999816894531,32.31999969482422,0.0,28796100
2019-05-30,32.491573333740234,33.31999969482422,0.0,34.31999969482422,33.029998779296875,33.43000030517578,0.0,20957600
2019-05-31,31.799232482910156,32.61000061035156,0.0,33.5,32.52000045776367,32.599998474121094,0.0,18607300
2019-06-03,31.877235412597656,32.689998626708984,0.0,33.220001220703125,32.470001220703125,32.95000076293945,0.0,21174500
2019-06-04,33.632476806640625,34.4900016784668,0.0,34.560001373291016,33.099998474121094,33.36000061035156,0.0,25076000
2019-06-05,32.51108169555664,33.34000015258789,0.0,35.400001525878906,33.040000915527344,35.20000076293945,0.0,27070300
2019-06-06,32.637847900390625,33.470001220703125,0.0,33.81999969482422,32.939998626708984,33.2599983215332,0.0,21088100
2019-06-07,33.1449089050293,33.9900016784668,0.0,34.029998779296875,33.220001220703125,33.54999923706055,0.0,21430400
2019-06-10,34.07129669189453,34.939998626708984,0.0,35.540000915527344,34.52000045776367,34.599998474121094,0.0,21728000
2019-06-11,33.973777770996094,34.84000015258789,0.0,35.9900016784668,34.75,35.79999923706055,0.0,19208600
2019-06-12,32.14052200317383,32.959999084472656,0.0,34.099998474121094,32.72999954223633,34.0099983215332,0.0,28746500
2019-06-13,32.550079345703125,33.380001068115234,0.0,33.63999938964844,33.0099983215332,33.08000183105469,0.0,16586700
2019-06-14,31.847978591918945,32.65999984741211,0.0,32.84000015258789,32.2400016784668,32.45000076293945,0.0,19715000
2019-06-17,31.62369155883789,32.43000030517578,0.0,32.849998474121094,32.13999938964844,32.540000915527344,0.0,20050000
2019-06-18,33.43745803833008,34.290000915527344,0.0,34.88999938964844,32.900001525878906,32.900001525878906,0.0,33727300
2019-06-19,33.096160888671875,33.939998626708984,0.0,34.689998626708984,33.709999084472656,34.689998626708984,0.0,20436400
2019-06-20,33.30093765258789,34.150001525878906,0.0,35.2599983215332,34.02000045776367,34.84000015258789,0.0,21691500
2019-06-21,32.423309326171875,33.25,0.0,33.88999938964844,32.72999954223633,33.70000076293945,0.0,38858200
2019-06-24,32.364803314208984,33.189998626708984,0.0,34.08000183105469,33.02000045776367,33.20000076293945,0.0,27306000
2019-06-25,31.867483139038086,32.68000030517578,0.0,33.880001068115234,32.61000061035156,33.349998474121094,0.0,39590500
2019-06-26,36.11907958984375,37.040000915527344,0.0,37.61000061035156,35.70000076293945,35.869998931884766,0.0,100271600
2019-06-27,37.12346649169922,38.06999969482422,0.0,38.33000183105469,36.5099983215332,36.849998474121094,0.0,51612400
2019-06-28,37.63054275512695,38.59000015258789,0.0,39.400001525878906,38.04999923706055,39.36000061035156,0.0,61402700
2019-07-01,39.11274719238281,40.11000061035156,0.0,41.709999084472656,39.7400016784668,41.15999984741211,0.0,60928000
2019-07-02,38.61542892456055,39.599998474121094,0.0,40.029998779296875,39.029998779296875,39.619998931884766,0.0,29774500
2019-07-03,38.605682373046875,39.59000015258789,0.0,39.77000045776367,39.16999816894531,39.619998931884766,0.0,13479700
2019-07-05,38.439910888671875,39.41999816894531,0.0,39.560001373291016,38.79999923706055,38.95000076293945,0.0,18408000
2019-07-08,39.40528869628906,40.40999984741211,0.0,40.61000061035156,38.939998626708984,39.029998779296875,0.0,28148500
2019-07-09,40.321922302246094,41.349998474121094,0.0,41.40999984741211,40.08000183105469,40.130001068115234,0.0,28254700
2019-07-10,41.8333854675293,42.900001525878906,0.0,44.0,42.040000915527344,42.22999954223633,0.0,51625500
2019-07-11,42.39897537231445,43.47999954223633,0.0,43.540000915527344,42.439998626708984,43.220001220703125,0.0,30392400
2019-07-12,43.40334701538086,44.5099983215332,0.0,44.70000076293945,43.36000061035156,43.75,0.0,33257800
2019-07-15,43.296085357666016,44.400001525878906,0.0,45.27000045776367,43.709999084472656,44.689998626708984,0.0,26623300
2019-07-16,41.989410400390625,43.060001373291016,0.0,44.099998474121094,42.93000030517578,44.04999923706055,0.0,31238900
2019-07-17,42.29169845581055,43.369998931884766,0.0,43.75,42.599998474121094,43.0,0.0,19539300
2019-07-18,43.55937194824219,44.66999816894531,0.0,44.93000030517578,43.5,43.61000061035156,0.0,26456600
2019-07-19,44.38824462890625,45.52000045776367,0.0,46.0,44.630001068115234,45.130001068115234,0.0,39328400
2019-07-22,46.016719818115234,47.189998626708984,0.0,47.43000030517578,46.310001373291016,46.5,0.0,46042800
2019-07-23,45.78268814086914,46.95000076293945,0.0,47.13999938964844,46.22999954223633,46.779998779296875,0.0,29354400
2019-07-24,46.79683303833008,47.9900016784668,0.0,48.22999954223633,46.81999969482422,46.95000076293945,0.0,33169900
2019-07-25,46.58229446411133,47.77000045776367,0.0,48.70000076293945,47.59000015258789,48.400001525878906,0.0,28127800
2019-07-26,46.30927276611328,47.4900016784668,0.0,48.130001068115234,47.09000015258789,47.939998626708984,0.0,19676200
2019-07-29,45.65591812133789,46.81999969482422,0.0,46.970001220703125,45.849998474121094,46.869998931884766,0.0,21939500
2019-07-30,46.2800178527832,47.459999084472656,0.0,47.68000030517578,46.20000076293945,46.880001068115234,0.0,21301600
2019-07-31,43.773902893066406,44.88999938964844,0.0,46.790000915527344,44.439998626708984,46.709999084472656,0.0,34493900
2019-08-01,42.51597595214844,43.599998474121094,0.0,45.959999084472656,42.84000015258789,45.0,0.0,37906500
2019-08-02,42.98405075073242,44.08000183105469,0.0,44.40999984741211,42.220001220703125,42.63999938964844,0.0,31954100
2019-08-05,40.897254943847656,41.939998626708984,0.0,42.5099983215332,41.36000061035156,42.400001525878906,0.0,35172900
2019-08-06,41.56035232543945,42.619998931884766,0.0,43.189998626708984,41.689998626708984,42.66999816894531,0.0,26857000
2019-08-07,40.711978912353516,41.75,0.0,42.95000076293945,40.70000076293945,42.0099983215332,0.0,35604600
2019-08-08,41.570106506347656,42.630001068115234,0.0,42.7599983215332,41.66999816894531,42.09000015258789,0.0,18567500
2019-08-09,40.48768997192383,41.52000045776367,0.0,42.2400016784668,40.869998931884766,42.040000915527344,0.0,22900300
2019-08-12,41.08253479003906,42.130001068115234,0.0,42.400001525878906,40.970001220703125,41.04999923706055,0.0,23969200
2019-08-13,43.07180404663086,44.16999816894531,0.0,45.08000183105469,42.5099983215332,42.619998931884766,0.0,33040200
2019-08-14,40.99476623535156,42.040000915527344,0.0,43.150001525878906,41.65999984741211,42.880001068115234,0.0,24657200
2019-08-15,41.189796447753906,42.2400016784668,0.0,42.560001373291016,41.5,42.34000015258789,0.0,16104000
2019-08-16,42.46721649169922,43.54999923706055,0.0,43.880001068115234,42.54999923706055,42.63999938964844,0.0,17914100
2019-08-19,43.89091491699219,45.0099983215332,0.0,45.369998931884766,44.34000015258789,44.66999816894531,0.0,22613400
2019-08-20,43.13032150268555,44.22999954223633,0.0,44.970001220703125,44.040000915527344,44.849998474121094,0.0,13191000
2019-08-21,43.07180404663086,44.16999816894531,0.0,45.0,43.900001525878906,44.810001373291016,0.0,14973800
2019-08-22,43.66663360595703,44.779998779296875,0.0,45.45000076293945,44.04999923706055,44.5,0.0,20599000
2019-08-23,41.891883850097656,42.959999084472656,0.0,44.970001220703125,42.65999984741211,43.88999938964844,0.0,27519900
2019-08-26,42.35020446777344,43.43000030517578,0.0,43.77000045776367,43.15999984741211,43.7400016784668,0.0,12282800
2019-08-27,41.384822845458984,42.439998626708984,0.0,43.79999923706055,42.349998474121094,43.709999084472656,0.0,19122100
2019-08-28,42.07716751098633,43.150001525878906,0.0,43.2599983215332,41.7599983215332,42.099998474121094,0.0,11545700
2019-08-29,43.55937194824219,44.66999816894531,0.0,45.220001220703125,43.90999984741211,43.9900016784668,0.0,18674100
2019-08-30,44.14445495605469,45.27000045776367,0.0,45.93000030517578,45.04999923706055,45.119998931884766,0.0,16391500
2019-09-03,43.87141799926758,44.9900016784668,0.0,45.33000183105469,44.439998626708984,44.599998474121094,0.0,17108100
2019-09-04,45.646175384521484,46.810001373291016,0.0,47.5,46.400001525878906,46.45000076293945,0.0,26978100
2019-09-05,47.81097412109375,49.029998779296875,0.0,49.63999938964844,47.88999938964844,47.900001525878906,0.0,33075500
2019-09-06,47.75246810913086,48.970001220703125,0.0,49.5,48.70000076293945,48.86000061035156,0.0,19565700
2019-09-09,47.90849304199219,49.130001068115234,0.0,50.0,48.86000061035156,49.540000915527344,0.0,19474400
2019-09-10,48.16201400756836,49.38999938964844,0.0,49.939998626708984,48.5,49.369998931884766,0.0,23111300
2019-09-11,49.22492599487305,50.47999954223633,0.0,51.38999938964844,49.84000015258789,50.02000045776367,0.0,31012900
2019-09-12,49.18592071533203,50.439998626708984,0.0,51.119998931884766,50.099998474121094,50.79999923706055,0.0,19671300
2019-09-13,49.24443054199219,50.5,0.0,50.95000076293945,50.060001373291016,50.5099983215332,0.0,14733000
2019-09-16,48.90312194824219,50.150001525878906,0.0,50.2400016784668,49.02000045776367,49.529998779296875,0.0,17495300
2019-09-17,49.57598114013672,50.84000015258789,0.0,50.90999984741211,49.93000030517578,50.18000030517578,0.0,13776500
2019-09-18,49.22492599487305,50.47999954223633,0.0,51.16999816894531,49.689998626708984,51.0,0.0,15247100
2019-09-19,48.581329345703125,49.81999969482422,0.0,51.29999923706055,49.75,51.16999816894531,0.0,16633600
2019-09-20,47.937740325927734,49.15999984741211,0.0,50.45000076293945,48.77000045776367,50.34000015258789,0.0,23195000
2019-09-23,48.366798400878906,49.599998474121094,0.0,50.189998626708984,49.47999954223633,49.540000915527344,0.0,16198500
2019-09-24,47.30389404296875,48.5099983215332,0.0,49.900001525878906,48.04999923706055,49.7400016784668,0.0,24959000
2019-09-25,48.240028381347656,49.470001220703125,0.0,49.70000076293945,47.86000061035156,48.470001220703125,0.0,23571800
2019-09-26,47.39166259765625,48.599998474121094,0.0,49.7400016784668,48.130001068115234,49.380001068115234,0.0,33341000
2019-09-27,42.13567352294922,43.209999084472656,0.0,45.91999816894531,42.90999984741211,45.900001525878906,0.0,75941400
2019-09-30,41.784637451171875,42.849998474121094,0.0,43.470001220703125,42.58000183105469,43.0,0.0,31423100
2019-10-01,41.248291015625,42.29999923706055,0.0,43.34000015258789,41.75,43.099998474121094,0.0,28087300
2019-10-02,40.93626022338867,41.97999954223633,0.0,42.66999816894531,41.7599983215332,41.81999969482422,0.0,26408500
2019-10-03,42.37946319580078,43.459999084472656,0.0,43.4900016784668,41.7599983215332,42.0,0.0,23627100
2019-10-04,43.442359924316406,44.54999923706055,0.0,44.619998931884766,43.290000915527344,43.709999084472656,0.0,21860000
2019-10-07,43.062049865722656,44.15999984741211,0.0,44.72999954223633,44.060001373291016,44.29999923706055,0.0,14911600
2019-10-08,41.57984924316406,42.63999938964844,0.0,43.84000015258789,42.619998931884766,43.599998474121094,0.0,20664600
2019-10-09,41.81388473510742,42.880001068115234,0.0,43.380001068115234,42.83000183105469,43.18000030517578,0.0,12784000
2019-10-10,42.20393371582031,43.279998779296875,0.0,43.790000915527344,42.61000061035156,42.869998931884766,0.0,15572600
2019-10-11,43.97868728637695,45.099998474121094,0.0,45.81999969482422,44.279998779296875,44.38999938964844,0.0,27483700
2019-10-14,43.74465560913086,44.86000061035156,0.0,45.33000183105469,44.79999923706055,44.959999084472656,0.0,12443300
2019-10-15,45.30488204956055,46.459999084472656,0.0,46.54999923706055,45.040000915527344,45.209999084472656,0.0,17767700
2019-10-16,44.03719711303711,45.15999984741211,0.0,46.54999923706055,45.08000183105469,45.9900016784668,0.0,16646900
2019-10-17,44.36874008178711,45.5,0.0,46.119998931884766,45.279998779296875,45.77000045776367,0.0,11718700
2019-10-18,42.389217376708984,43.470001220703125,0.0,44.97999954223633,43.22999954223633,44.83000183105469,0.0,26215300
2019-10-21,44.09571075439453,45.220001220703125,0.0,45.29999923706055,43.91999816894531,43.959999084472656,0.0,15473700
2019-10-22,43.54962921142578,44.65999984741211,0.0,45.70000076293945,44.619998931884766,45.29999923706055,0.0,13802400
2019-10-23,43.54962921142578,44.65999984741211,0.0,44.81999969482422,43.95000076293945,44.04999923706055,0.0,13959200
2019-10-24,45.928951263427734,47.099998474121094,0.0,47.15999984741211,45.58000183105469,45.900001525878906,0.0,25760200
2019-10-25,46.83583450317383,48.029998779296875,0.0,48.27000045776367,46.91999816894531,47.279998779296875,0.0,19855300
2019-10-28,47.479434967041016,48.689998626708984,0.0,48.75,48.22999954223633,48.5,0.0,15240000
2019-10-29,46.91385269165039,48.11000061035156,0.0,49.16999816894531,48.060001373291016,48.79999923706055,0.0,12183600
2019-10-30,46.68956756591797,47.880001068115234,0.0,48.34000015258789,47.2599983215332,48.220001220703125,0.0,12932800
2019-10-31,46.367767333984375,47.54999923706055,0.0,47.880001068115234,46.459999084472656,47.279998779296875,0.0,15445800
2019-11-01,47.177127838134766,48.380001068115234,0.0,48.540000915527344,47.25,47.47999954223633,0.0,18311700
2019-11-04,48.35704803466797,49.59000015258789,0.0,49.900001525878906,49.25,49.38999938964844,0.0,16021500
2019-11-05,47.46967315673828,48.68000030517578,0.0,49.720001220703125,48.61000061035156,49.619998931884766,0.0,13682600
2019-11-06,46.494544982910156,47.68000030517578,0.0,48.29999923706055,47.11000061035156,48.150001525878906,0.0,21803600
2019-11-07,47.196632385253906,48.400001525878906,0.0,49.08000183105469,48.0,48.52000045776367,0.0,19253600
2019-11-08,46.016719818115234,47.189998626708984,0.0,48.0099983215332,46.95000076293945,47.560001373291016,0.0,18518800
2019-11-11,45.10983657836914,46.2599983215332,0.0,46.7400016784668,45.849998474121094,46.720001220703125,0.0,14635900
2019-11-12,45.73392868041992,46.900001525878906,0.0,47.68000030517578,46.68000030517578,46.79999923706055,0.0,15170700
2019-11-13,45.14884567260742,46.29999923706055,0.0,46.54999923706055,45.810001373291016,46.5,0.0,15423600
2019-11-14,45.636409759521484,46.79999923706055,0.0,46.83000183105469,45.77000045776367,46.119998931884766,0.0,11797400
2019-11-15,46.5238037109375,47.709999084472656,0.0,48.52000045776367,47.34000015258789,47.599998474121094,0.0,17859200
2019-11-18,46.631065368652344,47.81999969482422,0.0,48.40999984741211,47.470001220703125,47.95000076293945,0.0,12631200
2019-11-19,45.42189025878906,46.58000183105469,0.0,48.18000030517578,46.279998779296875,48.11000061035156,0.0,18384000
2019-11-20,44.43699645996094,45.56999969482422,0.0,46.5,45.22999954223633,46.150001525878906,0.0,24660700
2019-11-21,44.417503356933594,45.54999923706055,0.0,46.18000030517578,45.040000915527344,45.29999923706055,0.0,14192900
2019-11-22,44.72954177856445,45.869998931884766,0.0,46.380001068115234,45.75,45.93000030517578,0.0,11253700
2019-11-25,46.33852005004883,47.52000045776367,0.0,47.54999923706055,45.939998626708984,46.099998474121094,0.0,18803600
2019-11-26,45.558414459228516,46.720001220703125,0.0,47.66999816894531,46.540000915527344,47.650001525878906,0.0,12849300
2019-11-27,46.96260070800781,48.15999984741211,0.0,48.27000045776367,47.11000061035156,47.349998474121094,0.0,15409400
2019-11-29,46.32876205444336,47.5099983215332,0.0,47.95000076293945,47.439998626708984,47.939998626708984,0.0,7343600
2019-12-02,45.236610412597656,46.38999938964844,0.0,47.95000076293945,46.349998474121094,47.56999969482422,0.0,16053800
2019-12-03,44.105445861816406,45.22999954223633,0.0,45.400001525878906,44.54999923706055,45.119998931884766,0.0,20321400
2019-12-04,45.14884567260742,46.29999923706055,0.0,46.599998474121094,45.72999954223633,46.18000030517578,0.0,16921700
2019-12-05,45.46089553833008,46.619998931884766,0.0,47.400001525878906,46.25,46.709999084472656,0.0,13003800
2019-12-06,46.73833465576172,47.93000030517578,0.0,48.33000183105469,47.31999969482422,47.439998626708984,0.0,20468100
2019-12-09,45.295127868652344,46.45000076293945,0.0,47.77000045776367,46.43000030517578,47.56999969482422,0.0,16540500
2019-12-10,46.2800178527832,47.459999084472656,0.0,47.91999816894531,46.720001220703125,47.040000915527344,0.0,19263100
2019-12-11,48.03525924682617,49.2599983215332,0.0,49.34000015258789,47.689998626708984,47.75,0.0,22081300
2019-12-12,49.70274353027344,50.970001220703125,0.0,51.33000183105469,49.31999969482422,49.36000061035156,0.0,36590800
2019-12-13,49.927024841308594,51.20000076293945,0.0,52.31999969482422,50.70000076293945,51.02000045776367,0.0,30039700
2019-12-16,51.62376022338867,52.939998626708984,0.0,54.29999923706055,52.689998626708984,52.7599983215332,0.0,38629600
2019-12-17,51.68227767944336,53.0,0.0,54.0,52.650001525878906,53.9900016784668,0.0,28344800
2019-12-18,51.721275329589844,53.040000915527344,0.0,53.720001220703125,52.369998931884766,53.0,0.0,39099100
2019-12-19,53.17422866821289,54.529998779296875,0.0,55.290000915527344,53.900001525878906,55.0099983215332,0.0,55792900
2019-12-20,53.6910514831543,55.060001373291016,0.0,55.93000030517578,54.630001068115234,54.900001525878906,0.0,44285000
2019-12-23,54.022605895996094,55.400001525878906,0.0,56.11000061035156,55.13999938964844,55.22999954223633,0.0,23693800
2019-12-24,54.0421142578125,55.41999816894531,0.0,55.63999938964844,55.040000915527344,55.45000076293945,0.0,8621900
2019-12-26,53.739803314208984,55.11000061035156,0.0,55.650001525878906,54.90999984741211,55.45000076293945,0.0,13537400
2019-12-27,52.68666076660156,54.029998779296875,0.0,55.529998779296875,53.88999938964844,55.2400016784668,0.0,17176700
2019-12-30,51.88705825805664,53.209999084472656,0.0,53.880001068115234,52.65999984741211,53.77000045776367,0.0,15271500
2019-12-31,52.44287872314453,53.779998779296875,0.0,53.900001525878906,52.779998779296875,52.90999984741211,0.0,13296400
2020-01-02,54.01284408569336,55.38999938964844,0.0,55.4900016784668,54.5099983215332,54.849998474121094,0.0,20173200
2020-01-03,53.17422866821289,54.529998779296875,0.0,55.310001373291016,54.0,54.15999984741211,0.0,16815800
2020-01-06,52.23810577392578,53.56999969482422,0.0,54.13999938964844,53.15999984741211,53.75,0.0,18768700
2020-01-07,56.821250915527344,58.27000045776367,0.0,58.400001525878906,55.36000061035156,55.380001068115234,0.0,49908200
2020-01-08,56.08989334106445,57.52000045776367,0.0,58.38999938964844,57.060001373291016,58.09000015258789,0.0,29730800
2020-01-09,55.885108947753906,57.310001373291016,0.0,58.47999954223633,56.47999954223633,58.31999969482422,0.0,22376100
2020-01-10,55.261016845703125,56.66999816894531,0.0,57.5,56.27000045776367,57.470001220703125,0.0,19122800
2020-01-13,56.02163314819336,57.45000076293945,0.0,57.779998779296875,56.86000061035156,57.0099983215332,0.0,16163000
2020-01-14,56.08989334106445,57.52000045776367,0.0,58.29999923706055,56.459999084472656,57.79999923706055,0.0,26454300
2020-01-15,54.7734489440918,56.16999816894531,0.0,57.119998931884766,55.84000015258789,57.029998779296875,0.0,21638600
2020-01-16,56.24591064453125,57.68000030517578,0.0,57.84000015258789,56.7599983215332,56.79999923706055,0.0,22732700
2020-01-17,56.226409912109375,57.65999984741211,0.0,58.119998931884766,57.0099983215332,58.02000045776367,0.0,20549200
2020-01-21,57.50384521484375,58.970001220703125,0.0,59.18000030517578,57.27000045776367,57.369998931884766,0.0,24821700
2020-01-22,57.698856353759766,59.16999816894531,0.0,60.25,58.849998474121094,59.52000045776367,0.0,22604400
2020-01-23,57.728118896484375,59.20000076293945,0.0,60.560001373291016,59.029998779296875,60.33000183105469,0.0,26146100
2020-01-24,56.323917388916016,57.7599983215332,0.0,60.02000045776367,57.2400016784668,60.0,0.0,28555300
2020-01-27,54.032352447509766,55.40999984741211,0.0,55.9900016784668,54.619998931884766,55.150001525878906,0.0,27310100
2020-01-28,55.066001892089844,56.470001220703125,0.0,56.779998779296875,55.2400016784668,56.25,0.0,18544900
2020-01-29,53.925079345703125,55.29999923706055,0.0,57.189998626708984,55.290000915527344,55.9900016784668,0.0,19278300
2020-01-30,53.66179656982422,55.029998779296875,0.0,55.06999969482422,53.220001220703125,54.18000030517578,0.0,30783800
2020-01-31,51.7700309753418,53.09000015258789,0.0,55.20000076293945,52.70000076293945,55.150001525878906,0.0,28550800
2020-02-03,52.44287872314453,53.779998779296875,0.0,54.11000061035156,53.0,53.25,0.0,20471900
2020-02-04,54.120113372802734,55.5,0.0,56.02000045776367,54.939998626708984,55.290000915527344,0.0,19998600
2020-02-05,55.3585319519043,56.77000045776367,0.0,57.2599983215332,55.81999969482422,57.02000045776367,0.0,19795300
2020-02-06,57.221046447753906,58.68000030517578,0.0,59.16999816894531,57.40999984741211,58.08000183105469,0.0,23358700
2020-02-07,55.4658088684082,56.880001068115234,0.0,58.0,56.77000045776367,57.970001220703125,0.0,20891100
2020-02-10,55.904624938964844,57.33000183105469,0.0,57.34000015258789,56.20000076293945,56.29999923706055,0.0,15929000
2020-02-11,55.826602935791016,57.25,0.0,58.84000015258789,56.33000183105469,57.880001068115234,0.0,26776900
2020-02-12,57.79637908935547,59.27000045776367,0.0,61.189998626708984,58.900001525878906,59.040000915527344,0.0,47180800
2020-02-13,57.85488510131836,59.33000183105469,0.0,60.630001068115234,58.86000061035156,59.0099983215332,0.0,23679700
2020-02-14,57.0455322265625,58.5,0.0,60.560001373291016,58.2599983215332,60.15999984741211,0.0,20920200
2020-02-18,56.314170837402344,57.75,0.0,58.040000915527344,56.619998931884766,57.06999969482422,0.0,21513200
2020-02-19,58.49848175048828,59.9900016784668,0.0,60.25,58.560001373291016,58.58000183105469,0.0,23335500
2020-02-20,57.53309631347656,59.0,0.0,59.9900016784668,57.689998626708984,59.880001068115234,0.0,20797100
2020-02-21,55.57306671142578,56.9900016784668,0.0,58.72999954223633,55.88999938964844,58.630001068115234,0.0,27038900
2020-02-24,53.642295837402344,55.0099983215332,0.0,55.459999084472656,52.61000061035156,53.310001373291016,0.0,33321100
2020-02-25,50.80464172363281,52.099998474121094,0.0,55.45000076293945,51.54999923706055,54.84000015258789,0.0,41894200
2020-02-26,51.067935943603516,52.369998931884766,0.0,54.27000045776367,51.880001068115234,52.650001525878906,0.0,28075600
2020-02-27,49.322444915771484,50.58000183105469,0.0,52.849998474121094,49.9900016784668,50.630001068115234,0.0,36349200
2020-02-28,51.25321960449219,52.560001373291016,0.0,52.91999816894531,48.38999938964844,48.650001525878906,0.0,40121300
2020-03-02,53.23273468017578,54.59000015258789,0.0,54.689998626708984,52.099998474121094,53.20000076293945,0.0,33272700
2020-03-03,50.51211166381836,51.79999923706055,0.0,55.400001525878906,51.099998474121094,54.599998474121094,0.0,36893200
2020-03-04,53.91533660888672,55.290000915527344,0.0,55.380001068115234,52.209999084472656,53.02000045776367,0.0,28222000
2020-03-05,52.384368896484375,53.720001220703125,0.0,55.61000061035156,53.34000015258789,53.45000076293945,0.0,26223000
2020-03-06,50.1903076171875,51.470001220703125,0.0,53.189998626708984,50.0,52.20000076293945,0.0,30313700
2020-03-09,44.82705307006836,45.970001220703125,0.0,48.599998474121094,44.91999816894531,45.47999954223633,0.0,31260800
2020-03-10,46.67005920410156,47.86000061035156,0.0,48.2599983215332,45.290000915527344,48.150001525878906,0.0,31652900
2020-03-11,42.63299560546875,43.720001220703125,0.0,46.31999969482422,42.849998474121094,46.20000076293945,0.0,38483800
2020-03-12,37.84507369995117,38.810001373291016,0.0,42.540000915527344,38.0,39.400001525878906,0.0,40117200
2020-03-13,41.921146392822266,42.9900016784668,0.0,43.02000045776367,38.349998474121094,41.56999969482422,0.0,35264800
2020-03-16,33.61297607421875,34.470001220703125,0.0,39.13999938964844,34.45000076293945,37.349998474121094,0.0,36879100
2020-03-17,36.450626373291016,37.380001068115234,0.0,39.130001068115234,34.02000045776367,35.4900016784668,0.0,34869000
2020-03-18,33.8275146484375,34.689998626708984,0.0,36.560001373291016,31.1299991607666,34.2599983215332,0.0,36519000
2020-03-19,35.38772964477539,36.290000915527344,0.0,37.29999923706055,33.650001525878906,34.65999984741211,0.0,31015200
2020-03-20,35.21220779418945,36.11000061035156,0.0,38.59000015258789,35.84000015258789,37.77000045776367,0.0,37667400
2020-03-23,37.29898452758789,38.25,0.0,39.470001220703125,35.689998626708984,36.9900016784668,0.0,45286000
2020-03-24,42.194190979003906,43.27000045776367,0.0,44.41999816894531,41.13999938964844,41.81999969482422,0.0,45588000
2020-03-25,41.44333267211914,42.5,0.0,44.880001068115234,40.029998779296875,43.90999984741211,0.0,54091000
2020-03-26,43.676395416259766,44.790000915527344,0.0,45.75,43.33000183105469,44.900001525878906,0.0,62450700
2020-03-27,42.39897537231445,43.47999954223633,0.0,45.279998779296875,42.310001373291016,43.25,0.0,39791500
2020-03-30,43.41310119628906,44.52000045776367,0.0,45.56999969482422,43.150001525878906,44.16999816894531,0.0,33763900
2020-03-31,41.0142707824707,42.060001373291016,0.0,45.16999816894531,41.90999984741211,44.400001525878906,0.0,36723700
2020-04-01,38.898223876953125,39.88999938964844,0.0,42.29999923706055,39.33000183105469,40.54999923706055,0.0,37452800
2020-04-02,40.06838607788086,41.09000015258789,0.0,41.59000015258789,39.52000045776367,39.790000915527344,0.0,31457700
2020-04-03,40.19514846801758,41.220001220703125,0.0,41.86000061035156,40.54999923706055,40.970001220703125,0.0,28522400
2020-04-06,45.21710968017578,46.369998931884766,0.0,46.689998626708984,43.34000015258789,43.349998474121094,0.0,37899100
2020-04-07,45.38288116455078,46.540000915527344,0.0,48.369998931884766,46.040000915527344,48.09000015258789,0.0,34646400
2020-04-08,47.08938217163086,48.290000915527344,0.0,48.689998626708984,46.79999923706055,47.08000183105469,0.0,27694400
2020-04-09,44.98308181762695,46.130001068115234,0.0,49.810001373291016,45.349998474121094,49.29999923706055,0.0,39799400
2020-04-13,45.02207946777344,46.16999816894531,0.0,46.38999938964844,44.38999938964844,44.900001525878906,0.0,30449900
2020-04-14,46.436031341552734,47.619998931884766,0.0,48.380001068115234,46.619998931884766,47.0,0.0,25738000
2020-04-15,45.27561950683594,46.43000030517578,0.0,46.65999984741211,45.63999938964844,46.400001525878906,0.0,22389400
2020-04-16,44.39799118041992,45.529998779296875,0.0,47.20000076293945,44.65999984741211,47.02000045776367,0.0,26589000
2020-04-17,44.56377410888672,45.70000076293945,0.0,46.88999938964844,44.849998474121094,46.779998779296875,0.0,23388300
2020-04-20,42.320953369140625,43.400001525878906,0.0,45.08000183105469,43.29999923706055,44.52000045776367,0.0,30463300
2020-04-21,40.38042449951172,41.40999984741211,0.0,43.06999969482422,41.189998626708984,43.0,0.0,32482200
2020-04-22,42.818267822265625,43.90999984741211,0.0,44.20000076293945,42.75,43.11000061035156,0.0,21346600
2020-04-23,42.6817512512207,43.77000045776367,0.0,44.720001220703125,43.41999816894531,43.81999969482422,0.0,22273100
2020-04-24,43.062049865722656,44.15999984741211,0.0,44.31999969482422,42.97999954223633,43.79999923706055,0.0,16581800
2020-04-27,44.15421676635742,45.279998779296875,0.0,45.38999938964844,44.58000183105469,45.0,0.0,16667200
2020-04-28,44.183467864990234,45.310001373291016,0.0,47.689998626708984,45.279998779296875,46.209999084472656,0.0,25234900
2020-04-29,48.591087341308594,49.83000183105469,0.0,50.13999938964844,46.33000183105469,46.58000183105469,0.0,35743000
2020-04-30,46.699317932128906,47.88999938964844,0.0,49.58000183105469,47.369998931884766,49.47999954223633,0.0,28585400
2020-05-01,43.93968200683594,45.060001373291016,0.0,46.91999816894531,44.52000045776367,46.36000061035156,0.0,28194000
2020-05-04,43.3546028137207,44.459999084472656,0.0,44.689998626708984,43.61000061035156,44.189998626708984,0.0,21377100
2020-05-05,44.28097152709961,45.40999984741211,0.0,46.95000076293945,45.11000061035156,45.45000076293945,0.0,21007500
2020-05-06,44.934329986572266,46.08000183105469,0.0,47.119998931884766,45.91999816894531,46.06999969482422,0.0,22011900
2020-05-07,45.431636810302734,46.59000015258789,0.0,47.5,46.34000015258789,47.119998931884766,0.0,16372100
2020-05-08,47.05036926269531,48.25,0.0,48.459999084472656,47.290000915527344,47.290000915527344,0.0,17437100
2020-05-11,47.00161361694336,48.20000076293945,0.0,48.72999954223633,47.439998626708984,47.7400016784668,0.0,17353500
2020-05-12,44.55401611328125,45.689998626708984,0.0,48.560001373291016,45.63999938964844,48.52000045776367,0.0,26738900
2020-05-13,42.44771957397461,43.529998779296875,0.0,45.880001068115234,42.95000076293945,45.869998931884766,0.0,35117500
2020-05-14,44.59302520751953,45.72999954223633,0.0,45.779998779296875,42.5099983215332,43.060001373291016,0.0,27543500
2020-05-15,43.30583190917969,44.40999984741211,0.0,44.779998779296875,43.2400016784668,43.279998779296875,0.0,28803900
2020-05-18,44.778297424316406,45.91999816894531,0.0,46.150001525878906,44.95000076293945,45.83000183105469,0.0,20307800
2020-05-19,43.99819564819336,45.119998931884766,0.0,46.22999954223633,45.02000045776367,45.779998779296875,0.0,17389500
2020-05-20,45.48040008544922,46.63999938964844,0.0,47.040000915527344,46.09000015258789,46.5099983215332,0.0,17876500
2020-05-21,44.09571075439453,45.220001220703125,0.0,46.56999969482422,44.7599983215332,46.5,0.0,17445300
2020-05-22,43.82265853881836,44.939998626708984,0.0,45.310001373291016,44.2400016784668,45.150001525878906,0.0,13385400
2020-05-26,44.66128158569336,45.79999923706055,0.0,46.689998626708984,45.45000076293945,46.220001220703125,0.0,24303900
2020-05-27,48.22053909301758,49.45000076293945,0.0,49.58000183105469,43.900001525878906,45.95000076293945,0.0,56071500
2020-05-28,45.31462097167969,46.470001220703125,0.0,48.790000915527344,46.06999969482422,48.70000076293945,0.0,38289300
2020-05-29,46.71882247924805,47.90999984741211,0.0,48.02000045776367,46.209999084472656,46.619998931884766,0.0,26337000
2020-06-01,45.187862396240234,46.34000015258789,0.0,47.66999816894531,46.31999969482422,47.4900016784668,0.0,21809100
2020-06-02,45.65591812133789,46.81999969482422,0.0,46.849998474121094,45.56999969482422,46.4900016784668,0.0,23035600
2020-06-03,47.70371627807617,48.91999816894531,0.0,49.41999816894531,47.45000076293945,48.040000915527344,0.0,34662100
2020-06-04,49.94652557373047,51.220001220703125,0.0,51.97999954223633,48.599998474121094,48.86000061035156,0.0,34830800
2020-06-05,52.384368896484375,53.720001220703125,0.0,54.81999969482422,52.59000015258789,52.65999984741211,0.0,34110700
2020-06-08,52.36485290527344,53.70000076293945,0.0,54.63999938964844,52.22999954223633,54.5,0.0,22850600
2020-06-09,51.828548431396484,53.150001525878906,0.0,53.5,52.45000076293945,52.650001525878906,0.0,17840800
2020-06-10,51.165443420410156,52.470001220703125,0.0,53.29999923706055,51.56999969482422,52.91999816894531,0.0,18766700
2020-06-11,47.31365203857422,48.52000045776367,0.0,51.09000015258789,48.20000076293945,50.41999816894531,0.0,29897600
2020-06-12,47.479434967041016,48.689998626708984,0.0,50.47999954223633,47.36000061035156,50.290000915527344,0.0,24293600
2020-06-15,48.0157585144043,49.2400016784668,0.0,49.72999954223633,47.099998474121094,47.36000061035156,0.0,18092300
2020-06-16,49.751495361328125,51.02000045776367,0.0,52.150001525878906,49.86000061035156,51.15999984741211,0.0,20987200
2020-06-17,49.692989349365234,50.959999084472656,0.0,51.5099983215332,50.540000915527344,51.29999923706055,0.0,13905100
2020-06-18,49.22492599487305,50.47999954223633,0.0,51.040000915527344,50.02000045776367,50.5,0.0,13220200
2020-06-19,49.56622314453125,50.83000183105469,0.0,52.75,50.75,51.15999984741211,0.0,28081500
2020-06-22,49.878273010253906,51.150001525878906,0.0,51.400001525878906,50.2400016784668,51.099998474121094,0.0,15952200
2020-06-23,48.600833892822266,49.84000015258789,0.0,50.88999938964844,49.56999969482422,50.689998626708984,0.0,23194200
2020-06-24,47.08938217163086,48.290000915527344,0.0,50.099998474121094,48.02000045776367,49.650001525878906,0.0,19346500
2020-06-25,47.96699142456055,49.189998626708984,0.0,49.310001373291016,47.279998779296875,48.2400016784668,0.0,14971900
2020-06-26,47.28439712524414,48.4900016784668,0.0,49.349998474121094,48.13999938964844,49.150001525878906,0.0,16929700
2020-06-29,47.92799377441406,49.150001525878906,0.0,49.150001525878906,47.58000183105469,48.689998626708984,0.0,24666200
2020-06-30,50.239070892333984,51.52000045776367,0.0,52.470001220703125,50.970001220703125,51.779998779296875,0.0,47852100
2020-07-01,48.46432113647461,49.70000076293945,0.0,51.560001373291016,49.61000061035156,51.52000045776367,0.0,25218400
2020-07-02,48.591087341308594,49.83000183105469,0.0,50.75,49.47999954223633,50.5,0.0,18562400
2020-07-06,49.65398406982422,50.91999816894531,0.0,51.43000030517578,50.47999954223633,50.75,0.0,16321000
2020-07-07,47.869483947753906,49.09000015258789,0.0,50.59000015258789,49.0099983215332,50.52000045776367,0.0,19797900
2020-07-08,48.47407150268555,49.709999084472656,0.0,49.75,48.959999084472656,49.560001373291016,0.0,15311900
2020-07-09,48.73735809326172,49.97999954223633,0.0,50.38999938964844,48.72999954223633,49.849998474121094,0.0,18510800
2020-07-10,49.439456939697266,50.70000076293945,0.0,50.709999084472656,49.400001525878906,50.0099983215332,0.0,18128700
2020-07-13,48.23028564453125,49.459999084472656,0.0,52.279998779296875,49.380001068115234,51.310001373291016,0.0,23296400
2020-07-14,48.47407150268555,49.709999084472656,0.0,49.790000915527344,47.95000076293945,49.08000183105469,0.0,17455200
2020-07-15,49.25417709350586,50.5099983215332,0.0,50.650001525878906,49.40999984741211,50.209999084472656,0.0,15911400
2020-07-16,48.8543701171875,50.099998474121094,0.0,50.290000915527344,49.22999954223633,49.81999969482422,0.0,14014000
2020-07-17,48.240028381347656,49.470001220703125,0.0,50.43000030517578,49.279998779296875,50.310001373291016,0.0,15003800
2020-07-20,49.936771392822266,51.209999084472656,0.0,51.31999969482422,49.540000915527344,49.65999984741211,0.0,17604200
2020-07-21,50.239070892333984,51.52000045776367,0.0,52.65999984741211,51.22999954223633,51.619998931884766,0.0,16650200
2020-07-22,50.36583709716797,51.650001525878906,0.0,51.77000045776367,51.02000045776367,51.58000183105469,0.0,11412600
2020-07-23,51.33121871948242,52.63999938964844,0.0,54.20000076293945,51.56999969482422,51.7400016784668,0.0,33399900
2020-07-24,48.7763557434082,50.02000045776367,0.0,51.279998779296875,49.650001525878906,51.279998779296875,0.0,25348000
2020-07-27,50.30732345581055,51.59000015258789,0.0,51.709999084472656,50.4900016784668,50.599998474121094,0.0,15991700
2020-07-28,48.84461975097656,50.09000015258789,0.0,51.27000045776367,50.040000915527344,51.2599983215332,0.0,15614400
2020-07-29,49.137168884277344,50.38999938964844,0.0,50.630001068115234,49.779998779296875,50.38999938964844,0.0,14714800
2020-07-30,49.47846221923828,50.7400016784668,0.0,50.75,49.11000061035156,49.7400016784668,0.0,17644300
2020-07-31,48.81538009643555,50.060001373291016,0.0,50.70000076293945,49.2599983215332,50.619998931884766,0.0,17433200
2020-08-03,49.137168884277344,50.38999938964844,0.0,50.619998931884766,50.02000045776367,50.38999938964844,0.0,15143500
2020-08-04,50.024539947509766,51.29999923706055,0.0,51.47999954223633,50.290000915527344,50.349998474121094,0.0,15753100
2020-08-05,49.78075408935547,51.04999923706055,0.0,51.279998779296875,50.630001068115234,51.09000015258789,0.0,13198600
2020-08-06,47.48918533325195,48.70000076293945,0.0,50.029998779296875,48.31999969482422,50.0,0.0,32204700
2020-08-07,47.53793716430664,48.75,0.0,49.18000030517578,48.04999923706055,48.689998626708984,0.0,13637300
2020-08-10,47.92799377441406,49.150001525878906,0.0,49.66999816894531,48.27000045776367,48.849998474121094,0.0,15881500
2020-08-11,46.57254409790039,47.7599983215332,0.0,49.7400016784668,47.630001068115234,49.0099983215332,0.0,21532800
2020-08-12,47.2746467590332,48.47999954223633,0.0,48.72999954223633,47.65999984741211,48.380001068115234,0.0,17176600
2020-08-13,44.99282455444336,46.13999938964844,0.0,47.22999954223633,45.93000030517578,47.15999984741211,0.0,41051700
2020-08-14,44.46626281738281,45.599998474121094,0.0,46.08000183105469,45.29999923706055,45.599998474121094,0.0,18167300
2020-08-17,44.09571075439453,45.220001220703125,0.0,45.939998626708984,44.7400016784668,45.900001525878906,0.0,17303800
2020-08-18,43.296085357666016,44.400001525878906,0.0,45.15999984741211,44.04999923706055,45.060001373291016,0.0,20118100
2020-08-19,42.95478820800781,44.04999923706055,0.0,44.70000076293945,43.849998474121094,44.29999923706055,0.0,19455500
2020-08-20,41.921146392822266,42.9900016784668,0.0,43.65999984741211,42.25,42.68000030517578,0.0,22445400
2020-08-21,41.59934997558594,42.65999984741211,0.0,43.060001373291016,42.400001525878906,42.849998474121094,0.0,15476700
2020-08-24,42.6719970703125,43.7599983215332,0.0,43.81999969482422,42.88999938964844,43.119998931884766,0.0,14972200
2020-08-25,43.97868728637695,45.099998474121094,0.0,45.540000915527344,44.599998474121094,44.880001068115234,0.0,21524900
2020-08-26,43.8421630859375,44.959999084472656,0.0,45.81999969482422,44.689998626708984,45.599998474121094,0.0,15328900
2020-08-27,43.5106201171875,44.619998931884766,0.0,44.83000183105469,43.66999816894531,44.54999923706055,0.0,13777000
2020-08-28,44.55401611328125,45.689998626708984,0.0,45.790000915527344,44.40999984741211,44.619998931884766,0.0,13459100
2020-08-31,44.37849807739258,45.5099983215332,0.0,45.81999969482422,45.13999938964844,45.349998474121094,0.0,13241800
2020-09-01,44.62226867675781,45.7599983215332,0.0,45.790000915527344,45.060001373291016,45.529998779296875,0.0,14079800
2020-09-02,46.640811920166016,47.83000183105469,0.0,48.189998626708984,46.279998779296875,46.43000030517578,0.0,24636200
2020-09-03,45.17810821533203,46.33000183105469,0.0,47.83000183105469,45.849998474121094,47.7599983215332,0.0,20632800
2020-09-04,45.32437515258789,46.47999954223633,0.0,46.95000076293945,44.88999938964844,46.189998626708984,0.0,20608500
2020-09-08,43.91042709350586,45.029998779296875,0.0,46.22999954223633,44.529998779296875,44.9900016784668,0.0,20893600
2020-09-09,44.027442932128906,45.150001525878906,0.0,45.880001068115234,44.45000076293945,45.880001068115234,0.0,17529100
2020-09-10,43.75440979003906,44.869998931884766,0.0,45.95000076293945,44.689998626708984,45.470001220703125,0.0,13744700
2020-09-11,44.944068908691406,46.09000015258789,0.0,46.47999954223633,44.959999084472656,45.22999954223633,0.0,18365500
2020-09-14,47.81097412109375,49.029998779296875,0.0,49.59000015258789,48.29999923706055,48.349998474121094,0.0,26715400
2020-09-15,47.830482482910156,49.04999923706055,0.0,49.65999984741211,48.70000076293945,49.369998931884766,0.0,14456000
2020-09-16,48.961631774902344,50.209999084472656,0.0,51.220001220703125,48.959999084472656,49.11000061035156,0.0,23542200
2020-09-17,49.712493896484375,50.97999954223633,0.0,51.290000915527344,48.810001373291016,49.15999984741211,0.0,20556900
2020-09-18,49.47846221923828,50.7400016784668,0.0,52.16999816894531,49.970001220703125,51.5,0.0,25549000
2020-09-21,47.92799377441406,49.150001525878906,0.0,49.779998779296875,47.88999938964844,49.61000061035156,0.0,21257500
2020-09-22,48.46432113647461,49.70000076293945,0.0,49.779998779296875,48.779998779296875,49.27000045776367,0.0,10845300
2020-09-23,48.610591888427734,49.849998474121094,0.0,51.61000061035156,49.63999938964844,51.0099983215332,0.0,19160000
2020-09-24,48.240028381347656,49.470001220703125,0.0,50.36000061035156,49.09000015258789,49.52000045776367,0.0,13842300
2020-09-25,47.91823959350586,49.13999938964844,0.0,49.599998474121094,47.779998779296875,49.56999969482422,0.0,17773000
2020-09-28,48.48381805419922,49.720001220703125,0.0,49.77000045776367,48.130001068115234,49.63999938964844,0.0,18904000
2020-09-29,49.4492073059082,50.709999084472656,0.0,51.380001068115234,49.59000015258789,49.709999084472656,0.0,35676600
2020-09-30,45.792442321777344,46.959999084472656,0.0,49.27000045776367,46.83000183105469,48.95000076293945,0.0,55392600
2020-10-01,46.72856903076172,47.91999816894531,0.0,48.18000030517578,47.04999923706055,47.099998474121094,0.0,24460000
2020-10-02,45.39262771606445,46.54999923706055,0.0,47.52000045776367,46.5,46.86000061035156,0.0,20277500
2020-10-05,46.416526794433594,47.599998474121094,0.0,47.72999954223633,46.97999954223633,46.9900016784668,0.0,16933700
2020-10-06,46.14350128173828,47.31999969482422,0.0,48.83000183105469,47.220001220703125,47.54999923706055,0.0,17926200
2020-10-07,47.20638656616211,48.40999984741211,0.0,49.0,48.31999969482422,48.41999816894531,0.0,13889300
2020-10-08,48.65934753417969,49.900001525878906,0.0,50.0,48.220001220703125,48.9900016784668,0.0,14569700
2020-10-09,48.64958572387695,49.88999938964844,0.0,50.599998474121094,49.310001373291016,50.2400016784668,0.0,13933700
2020-10-12,49.41995620727539,50.68000030517578,0.0,50.84000015258789,50.08000183105469,50.58000183105469,0.0,13108800
2020-10-13,50.56086349487305,51.849998474121094,0.0,52.75,51.63999938964844,51.88999938964844,0.0,22179400
2020-10-14,50.34632873535156,51.630001068115234,0.0,52.25,51.349998474121094,52.0099983215332,0.0,15899400
2020-10-15,50.64862060546875,51.939998626708984,0.0,51.970001220703125,50.31999969482422,50.7599983215332,0.0,14000600
2020-10-16,50.32683181762695,51.61000061035156,0.0,52.54999923706055,51.58000183105469,52.150001525878906,0.0,14225400
2020-10-19,51.321468353271484,52.630001068115234,0.0,54.0,51.29999923706055,51.970001220703125,0.0,24176200
2020-10-20,52.19908905029297,53.529998779296875,0.0,54.20000076293945,52.75,53.13999938964844,0.0,17343400
2020-10-21,51.98456573486328,53.310001373291016,0.0,53.959999084472656,53.18000030517578,53.29999923706055,0.0,12922200
2020-10-22,53.027957916259766,54.380001068115234,0.0,54.849998474121094,53.08000183105469,53.290000915527344,0.0,14842600
2020-10-23,51.53599548339844,52.849998474121094,0.0,54.119998931884766,52.380001068115234,54.09000015258789,0.0,16175700
2020-10-26,50.843650817871094,52.13999938964844,0.0,52.88999938964844,51.400001525878906,52.400001525878906,0.0,11678900
2020-10-27,50.66811752319336,51.959999084472656,0.0,52.31999969482422,51.540000915527344,52.029998779296875,0.0,8964800
2020-10-28,48.75685501098633,50.0,0.0,50.849998474121094,49.56999969482422,50.75,0.0,15463700
2020-10-29,49.22492599487305,50.47999954223633,0.0,50.90999984741211,49.380001068115234,49.709999084472656,0.0,12420700
2020-10-30,49.08840560913086,50.34000015258789,0.0,50.43000030517578,49.29999923706055,50.0099983215332,0.0,15955700
2020-11-02,48.47407150268555,49.709999084472656,0.0,50.790000915527344,49.439998626708984,50.790000915527344,0.0,13103200
2020-11-03,49.810001373291016,51.08000183105469,0.0,51.59000015258789,50.0099983215332,50.130001068115234,0.0,11429500
2020-11-04,50.66811752319336,51.959999084472656,0.0,52.5,50.93000030517578,51.72999954223633,0.0,13554400
2020-11-05,53.22298812866211,54.58000183105469,0.0,54.779998779296875,52.779998779296875,52.880001068115234,0.0,16373600
2020-11-06,53.788570404052734,55.15999984741211,0.0,55.40999984741211,54.33000183105469,54.459999084472656,0.0,13922600
2020-11-09,54.56867218017578,55.959999084472656,0.0,57.83000183105469,55.869998931884766,56.470001220703125,0.0,20968500
2020-11-10,54.032352447509766,55.40999984741211,0.0,55.939998626708984,54.36000061035156,55.130001068115234,0.0,14502100
2020-11-11,54.958740234375,56.36000061035156,0.0,56.939998626708984,55.849998474121094,55.970001220703125,0.0,14765500
2020-11-12,54.851470947265625,56.25,0.0,56.970001220703125,55.88999938964844,56.599998474121094,0.0,13785600
2020-11-13,56.48970031738281,57.93000030517578,0.0,58.189998626708984,56.75,56.790000915527344,0.0,14318800
2020-11-16,60.321990966796875,61.86000061035156,0.0,61.90999984741211,59.61000061035156,59.720001220703125,0.0,31397200
2020-11-17,60.448760986328125,61.9900016784668,0.0,62.20000076293945,60.29999923706055,61.0,0.0,17703600
2020-11-18,59.22983169555664,60.7400016784668,0.0,62.040000915527344,60.630001068115234,61.5,0.0,18734500
2020-11-19,60.2927360534668,61.83000183105469,0.0,61.970001220703125,59.650001525878906,60.040000915527344,0.0,12723600
2020-11-20,59.873416900634766,61.400001525878906,0.0,62.63999938964844,61.349998474121094,61.47999954223633,0.0,14115700
2020-11-23,62.58430480957031,64.18000030517578,0.0,64.5,62.29999923706055,62.61000061035156,0.0,20612600
2020-11-24,62.36002731323242,63.95000076293945,0.0,64.29000091552734,62.88999938964844,64.29000091552734,0.0,22625600
2020-11-25,61.85295104980469,63.43000030517578,0.0,64.0,62.61000061035156,63.65999984741211,0.0,12468500
2020-11-27,62.633060455322266,64.2300033569336,0.0,64.80000305175781,63.5099983215332,63.83000183105469,0.0,7500200
2020-11-30,62.49654769897461,64.08999633789062,0.0,65.25,63.58000183105469,64.55999755859375,0.0,20373500
2020-12-01,65.41219329833984,67.08000183105469,0.0,68.62999725341797,65.13999938964844,65.25,0.0,36160400
2020-12-02,67.39173126220703,69.11000061035156,0.0,69.38999938964844,66.76000213623047,67.61000061035156,0.0,23298900
2020-12-03,68.16209411621094,69.9000015258789,0.0,71.12000274658203,69.55000305175781,70.56999969482422,0.0,20462300
2020-12-04,71.51657104492188,73.33999633789062,0.0,74.37999725341797,70.54000091552734,71.11000061035156,0.0,31860800
2020-12-07,70.80470275878906,72.61000061035156,0.0,73.4000015258789,71.4800033569336,73.29000091552734,0.0,17460600
2020-12-08,71.37030792236328,73.19000244140625,0.0,73.55000305175781,71.9800033569336,72.0,0.0,15431100
2020-12-09,69.63455200195312,71.41000366210938,0.0,74.61000061035156,70.77999877929688,73.1500015258789,0.0,18367300
2020-12-10,69.50778198242188,71.27999877929688,0.0,71.94999694824219,69.66999816894531,70.13999938964844,0.0,15610600
2020-12-11,68.77642059326172,70.52999877929688,0.0,71.31999969482422,69.4000015258789,70.37999725341797,0.0,15322000
2020-12-14,69.76131439208984,71.54000091552734,0.0,72.19999694824219,71.02999877929688,71.4000015258789,0.0,13573700
2020-12-15,71.33129119873047,73.1500015258789,0.0,73.37000274658203,72.33000183105469,72.80999755859375,0.0,11538300
2020-12-16,71.17525482177734,72.98999786376953,0.0,74.3499984741211,72.62999725341797,74.19000244140625,0.0,13889300
2020-12-17,70.46342468261719,72.26000213623047,0.0,73.73999786376953,71.76000213623047,73.58999633789062,0.0,11988100
2020-12-18,69.68328094482422,71.45999908447266,0.0,73.44999694824219,71.05999755859375,72.69999694824219,0.0,23912500
2020-12-21,69.69306182861328,71.47000122070312,0.0,71.69999694824219,69.6500015258789,70.0,0.0,13180400
2020-12-22,68.68865203857422,70.44000244140625,0.0,71.77999877929688,69.76000213623047,71.51000213623047,0.0,11154200
2020-12-23,68.21085357666016,69.94999694824219,0.0,71.05999755859375,69.88999938964844,70.47000122070312,0.0,8524000
2020-12-24,68.8251724243164,70.58000183105469,0.0,70.63999938964844,69.76000213623047,70.30999755859375,0.0,4848500
2020-12-28,68.9031982421875,70.66000366210938,0.0,72.11000061035156,70.47000122070312,71.79000091552734,0.0,8345200
2020-12-29,68.46437072753906,70.20999908447266,0.0,71.4000015258789,69.13999938964844,71.0,0.0,9403400
2020-12-30,70.13187408447266,71.91999816894531,0.0,72.6500015258789,70.37000274658203,70.41999816894531,0.0,11620300
2020-12-31,73.3108139038086,75.18000030517578,0.0,75.68000030517578,72.37000274658203,72.38999938964844,0.0,23214500
2021-01-04,72.20890045166016,74.05000305175781,0.0,78.61000061035156,73.75,76.4800033569336,0.0,31155900
2021-01-05,75.33909606933594,77.26000213623047,0.0,78.69000244140625,76.02999877929688,76.44000244140625,0.0,33418200
2021-01-06,75.19281768798828,77.11000061035156,0.0,78.44999694824219,76.0999984741211,76.36000061035156,0.0,22390900
2021-01-07,77.14308166503906,79.11000061035156,0.0,80.08000183105469,78.05000305175781,78.05999755859375,0.0,27945300
2021-01-08,75.4951171875,77.41999816894531,0.0,84.16000366210938,77.06999969482422,82.54000091552734,0.0,51272100
2021-01-11,76.71405029296875,78.66999816894531,0.0,79.79000091552734,76.41999816894531,76.58999633789062,0.0,19920800
2021-01-12,77.48439025878906,79.45999908447266,0.0,79.62000274658203,77.81999969482422,79.19000244140625,0.0,18231000
2021-01-13,77.92321014404297,79.91000366210938,0.0,80.38999938964844,78.55000305175781,78.94999694824219,0.0,15067700
2021-01-14,79.27865600585938,81.30000305175781,0.0,82.20999908447266,79.55000305175781,80.01000213623047,0.0,17639300
2021-01-15,78.71306610107422,80.72000122070312,0.0,81.87999725341797,79.52999877929688,80.91999816894531,0.0,14322600
2021-01-19,83.37423706054688,85.5,0.0,85.68000030517578,80.95999908447266,81.27999877929688,0.0,26602500
2021-01-20,81.42395782470703,83.5,0.0,87.25,83.2300033569336,85.93000030517578,0.0,21191700
2021-01-21,82.89640808105469,85.01000213623047,0.0,85.0999984741211,82.51000213623047,84.0,0.0,14696200
2021-01-22,80.23429870605469,82.27999877929688,0.0,84.94999694824219,82.2300033569336,84.08000183105469,0.0,14229500
2021-01-25,79.25914764404297,81.27999877929688,0.0,83.5,78.88999938964844,83.19000244140625,0.0,19283400
2021-01-26,77.53314971923828,79.51000213623047,0.0,81.9800033569336,79.01000213623047,81.79000091552734,0.0,13678000
2021-01-27,73.2230453491211,75.08999633789062,0.0,77.58999633789062,74.33000183105469,77.33000183105469,0.0,23513400
2021-01-28,76.44100189208984,78.38999938964844,0.0,80.18000030517578,76.72000122070312,77.19999694824219,0.0,18351400
2021-01-29,76.32398986816406,78.2699966430664,0.0,79.37000274658203,76.94999694824219,78.36000061035156,0.0,17934400
2021-02-01,78.43026733398438,80.43000030517578,0.0,81.08999633789062,78.4800033569336,79.58999633789062,0.0,14900200
2021-02-02,79.59071350097656,81.62000274658203,0.0,81.73999786376953,79.91999816894531,81.26000213623047,0.0,11386200
2021-02-03,77.14308166503906,79.11000061035156,0.0,82.52999877929688,78.97000122070312,81.8499984741211,0.0,17456000
2021-02-04,79.22989654541016,81.25,0.0,81.33999633789062,78.95999908447266,79.1500015258789,0.0,11519700
2021-02-05,79.0836181640625,81.0999984741211,0.0,82.0199966430664,80.72000122070312,81.7699966430664,0.0,10958000
2021-02-08,81.9212646484375,84.01000213623047,0.0,84.05999755859375,81.63999938964844,81.75,0.0,12394800
2021-02-09,81.2484359741211,83.31999969482422,0.0,84.0,82.4000015258789,83.3499984741211,0.0,10362500
2021-02-10,80.30254364013672,82.3499984741211,0.0,84.44000244140625,81.30000305175781,84.0,0.0,9869200
2021-02-11,84.32986450195312,86.4800033569336,0.0,86.63999938964844,84.0,84.4000015258789,0.0,18750400
2021-02-12,85.82181549072266,88.01000213623047,0.0,88.31999969482422,85.45999908447266,86.11000061035156,0.0,14273900
2021-02-16,85.55854034423828,87.73999786376953,0.0,89.22000122070312,87.05000305175781,89.22000122070312,0.0,10312800
2021-02-17,83.9105453491211,86.05000305175781,0.0,87.31999969482422,84.9000015258789,86.69000244140625,0.0,10033500
2021-02-18,86.33866119384766,88.54000091552734,0.0,88.7300033569336,85.95999908447266,86.5199966430664,0.0,19168100
2021-02-19,88.69847106933594,90.95999908447266,0.0,91.48999786376953,88.80999755859375,90.25,0.0,21886500
2021-02-22,84.13483428955078,86.27999877929688,0.0,90.5199966430664,85.91999816894531,89.52999877929688,0.0,16077000
2021-02-23,86.0363540649414,88.2300033569336,0.0,89.19999694824219,82.44000244140625,85.23999786376953,0.0,23203200
2021-02-24,90.21967315673828,92.5199966430664,0.0,92.5999984741211,87.7300033569336,88.30000305175781,0.0,21281700
2021-02-25,85.9291000366211,88.12000274658203,0.0,93.0999984741211,87.58000183105469,91.5199966430664,0.0,22546200
2021-02-26,89.25431060791016,91.52999877929688,0.0,92.94000244140625,88.2300033569336,89.73999786376953,0.0,22787600
2021-03-01,92.40399169921875,94.76000213623047,0.0,95.75,92.56999969482422,94.54000091552734,0.0,19908900
2021-03-02,88.82524108886719,91.08999633789062,0.0,94.9000015258789,90.9000015258789,93.56999969482422,0.0,18679600
2021-03-03,86.89448547363281,89.11000061035156,0.0,93.33000183105469,88.38999938964844,90.56999969482422,0.0,26424100
2021-03-04,82.23331451416016,84.33000183105469,0.0,89.75,81.8499984741211,88.80999755859375,0.0,31971100
2021-03-05,86.71895599365234,88.93000030517578,0.0,89.31999969482422,83.30000305175781,87.52999877929688,0.0,30329100
2021-03-08,82.9354248046875,85.05000305175781,0.0,89.72000122070312,84.87000274658203,88.56999969482422,0.0,22708300
2021-03-09,87.07975769042969,89.30000305175781,0.0,90.18000030517578,86.30000305175781,88.0,0.0,22301400
2021-03-10,83.28645324707031,85.41000366210938,0.0,90.01000213623047,85.30999755859375,90.01000213623047,0.0,23407800
2021-03-11,87.08949279785156,89.30999755859375,0.0,90.22000122070312,86.8499984741211,87.58999633789062,0.0,20716500
2021-03-12,85.5877914428711,87.7699966430664,0.0,88.52999877929688,86.43000030517578,87.56999969482422,0.0,21916400
2021-03-15,86.64093780517578,88.8499984741211,0.0,88.91000366210938,86.13999938964844,87.7699966430664,0.0,16144400
2021-03-16,89.15677642822266,91.43000030517578,0.0,94.68000030517578,90.11000061035156,90.75,0.0,28539000
2021-03-17,92.40399169921875,94.76000213623047,0.0,95.48999786376953,90.0999984741211,91.33000183105469,0.0,24616700
2021-03-18,87.58682250976562,89.81999969482422,0.0,93.4800033569336,89.41000366210938,92.97000122070312,0.0,27081000
2021-03-19,88.25968170166016,90.51000213623047,0.0,92.68000030517578,88.88999938964844,90.36000061035156,0.0,24963400
2021-03-22,89.0105209350586,91.27999877929688,0.0,92.41999816894531,89.6500015258789,91.83000183105469,0.0,19365800
2021-03-23,83.2767105102539,85.4000015258789,0.0,91.2699966430664,84.97000122070312,91.0199966430664,0.0,32043800
2021-03-24,80.9363784790039,83.0,0.0,87.1500015258789,82.91999816894531,87.05999755859375,0.0,24232800
2021-03-25,81.999267578125,84.08999633789062,0.0,84.43000030517578,80.48999786376953,81.13999938964844,0.0,23630200
2021-03-26,85.8023452758789,87.98999786376953,0.0,88.13999938964844,84.02999877929688,84.16000366210938,0.0,23949100
2021-03-29,84.43714141845703,86.58999633789062,0.0,88.25,85.7699966430664,87.76000213623047,0.0,21772800
2021-03-30,84.38838195800781,86.54000091552734,0.0,87.22000122070312,85.25,86.26000213623047,0.0,13897000
2021-03-31,86.01683807373047,88.20999908447266,0.0,89.08000183105469,86.70999908447266,87.44000244140625,0.0,25372300
2021-04-01,90.11243438720703,92.41000366210938,0.0,94.37999725341797,91.25,93.0,0.0,39700600
2021-04-05,91.41910552978516,93.75,0.0,94.66999816894531,92.47000122070312,93.93000030517578,0.0,19795100
2021-04-06,91.16558074951172,93.48999786376953,0.0,96.0999984741211,92.66000366210938,93.83999633789062,0.0,22847000
2021-04-07,91.62388610839844,93.95999908447266,0.0,95.06999969482422,92.54000091552734,94.25,0.0,17621500
2021-04-08,92.92082214355469,95.29000091552734,0.0,96.38999938964844,93.77999877929688,95.0,0.0,17815600
2021-04-09,92.9305648803711,95.30000305175781,0.0,95.37999725341797,93.30999755859375,94.33999633789062,0.0,14080200
2021-04-12,93.2133560180664,95.58999633789062,0.0,96.95999908447266,94.75,95.19000244140625,0.0,18818300
2021-04-13,89.85889434814453,92.1500015258789,0.0,96.81999969482422,91.4000015258789,96.29000091552734,0.0,27102100
2021-04-14,88.4156723022461,90.66999816894531,0.0,92.52999877929688,89.51000213623047,91.66000366210938,0.0,19117400
2021-04-15,88.02561950683594,90.2699966430664,0.0,91.95999908447266,89.44999694824219,91.75,0.0,16017000
2021-04-16,88.40594482421875,90.66000366210938,0.0,91.33000183105469,90.08000183105469,90.44000244140625,0.0,12358700
2021-04-19,86.21187591552734,88.41000366210938,0.0,90.68000030517578,86.5199966430664,90.66999816894531,0.0,21361600
2021-04-20,85.30500793457031,87.4800033569336,0.0,88.94999694824219,86.52999877929688,88.37999725341797,0.0,17396900
2021-04-21,87.26502227783203,89.48999786376953,0.0,89.55999755859375,86.33000183105469,87.05999755859375,0.0,14781300
2021-04-22,82.6038589477539,84.70999908447266,0.0,88.36000061035156,83.9000015258789,88.19999694824219,0.0,34044100
2021-04-23,83.89105224609375,86.02999877929688,0.0,86.45999908447266,84.56999969482422,85.23999786376953,0.0,18118600
2021-04-26,85.65604400634766,87.83999633789062,0.0,88.30000305175781,86.11000061035156,86.47000122070312,0.0,14757700
2021-04-27,87.23577117919922,89.45999908447266,0.0,90.19000244140625,88.02999877929688,89.33000183105469,0.0,17681000
2021-04-28,83.89105224609375,86.02999877929688,0.0,87.76000213623047,85.3499984741211,87.66000366210938,0.0,19433500
2021-04-29,85.87056732177734,88.05999755859375,0.0,88.08999633789062,85.55000305175781,87.72000122070312,0.0,16463300
2021-04-30,83.9300537109375,86.06999969482422,0.0,88.4800033569336,85.55999755859375,86.93000030517578,0.0,14548100
2021-05-03,82.90616607666016,85.0199966430664,0.0,87.01000213623047,83.87000274658203,86.97000122070312,0.0,16300400
2021-05-04,82.31131744384766,84.41000366210938,0.0,85.44000244140625,82.02999877929688,84.13999938964844,0.0,17850500
2021-05-05,83.032958984375,85.1500015258789,0.0,85.94999694824219,84.02999877929688,85.48999786376953,0.0,13172100
2021-05-06,82.69164276123047,84.80000305175781,0.0,85.12000274658203,83.27999877929688,84.87000274658203,0.0,13716900
2021-05-07,83.84229278564453,85.9800033569336,0.0,86.31999969482422,84.98999786376953,85.91000366210938,0.0,12746100
2021-05-10,78.83985137939453,80.8499984741211,0.0,85.0,80.80000305175781,84.94999694824219,0.0,24862900
2021-05-11,78.67407989501953,80.68000030517578,0.0,80.76000213623047,76.81999969482422,77.2699966430664,0.0,23227800
2021-05-12,74.89054107666016,76.80000305175781,0.0,79.97000122070312,76.41000366210938,79.13999938964844,0.0,23472600
2021-05-13,75.2708511352539,77.19000244140625,0.0,78.86000061035156,76.52999877929688,77.97000122070312,0.0,20153800
2021-05-14,77.71842956542969,79.69999694824219,0.0,80.1500015258789,77.08000183105469,78.79000091552734,0.0,18241100
2021-05-17,78.39127349853516,80.38999938964844,0.0,80.41999816894531,77.72000122070312,79.0999984741211,0.0,15011500
2021-05-18,76.91883087158203,78.87999725341797,0.0,80.91999816894531,78.80000305175781,80.55000305175781,0.0,20893800
2021-05-19,77.9427261352539,79.93000030517578,0.0,80.2699966430664,76.16000366210938,77.20999908447266,0.0,27300000
2021-05-20,79.11286926269531,81.12999725341797,0.0,81.48999786376953,79.5199966430664,80.5,0.0,17123000
2021-05-21,78.71306610107422,80.72000122070312,0.0,81.98999786376953,80.37000274658203,81.7699966430664,0.0,13076900
2021-05-24,80.83885955810547,82.9000015258789,0.0,83.62000274658203,81.36000061035156,81.41999816894531,0.0,15730400
2021-05-25,79.21038818359375,81.2300033569336,0.0,83.70999908447266,79.70999908447266,83.56999969482422,0.0,26272100
2021-05-26,80.19527435302734,82.23999786376953,0.0,82.44000244140625,81.0199966430664,81.58000183105469,0.0,12609800
2021-05-27,81.84326934814453,83.93000030517578,0.0,84.75,82.33000183105469,82.45999908447266,0.0,22286500
2021-05-28,82.04804229736328,84.13999938964844,0.0,84.7300033569336,83.22000122070312,84.22000122070312,0.0,11330300
2021-06-01,82.05781555175781,84.1500015258789,0.0,85.76000213623047,83.62000274658203,84.91999816894531,0.0,11067200
2021-06-02,82.24307250976562,84.33999633789062,0.0,84.81999969482422,83.44999694824219,84.38999938964844,0.0,10314200
2021-06-03,79.99048614501953,82.02999877929688,0.0,84.06999969482422,81.88999938964844,83.68000030517578,0.0,14742100
2021-06-04,81.677490234375,83.76000213623047,0.0,84.37000274658203,82.8499984741211,82.97000122070312,0.0,12591100
2021-06-07,81.95052337646484,84.04000091552734,0.0,84.2300033569336,82.6500015258789,83.19000244140625,0.0,9006400
2021-06-08,78.52781677246094,80.52999877929688,0.0,84.9800033569336,80.01000213623047,84.97000122070312,0.0,29666500
2021-06-09,76.70428466796875,78.66000366210938,0.0,80.55999755859375,78.5199966430664,80.16999816894531,0.0,21434900
2021-06-10,77.30888366699219,79.27999877929688,0.0,80.83999633789062,78.52999877929688,79.4000015258789,0.0,22683300
2021-06-11,77.36737060546875,79.33999633789062,0.0,80.76000213623047,79.20999908447266,80.06999969482422,0.0,12675700
2021-06-14,78.48878479003906,80.48999786376953,0.0,80.94000244140625,79.37000274658203,79.5,0.0,14303000
2021-06-15,80.13677215576172,82.18000030517578,0.0,82.91000366210938,79.91999816894531,80.63999938964844,0.0,22308600
2021-06-16,78.48878479003906,80.48999786376953,0.0,83.11000061035156,80.12000274658203,82.7300033569336,0.0,18116400
2021-06-17,78.63504791259766,80.63999938964844,0.0,81.44000244140625,79.36000061035156,79.69999694824219,0.0,16003900
2021-06-18,75.03681945800781,76.94999694824219,0.0,79.27999877929688,76.12999725341797,78.9000015258789,0.0,39881500
2021-06-21,75.15380859375,77.06999969482422,0.0,77.29000091552734,75.70999908447266,76.8499984741211,0.0,19810100
2021-06-22,75.7291488647461,77.66000366210938,0.0,78.27999877929688,77.05000305175781,77.61000061035156,0.0,16771800
2021-06-23,77.05535125732422,79.0199966430664,0.0,79.87000274658203,78.06999969482422,78.0999984741211,0.0,16662200
2021-06-24,78.57656860351562,80.58000183105469,0.0,80.9000015258789,79.91999816894531,80.43000030517578,0.0,15721000
2021-06-25,79.99048614501953,82.02999877929688,0.0,82.83999633789062,81.08999633789062,81.56999969482422,0.0,19603800
2021-06-28,81.30694580078125,83.37999725341797,0.0,83.5999984741211,82.16000366210938,82.62999725341797,0.0,18365500
2021-06-29,80.86811828613281,82.93000030517578,0.0,83.83999633789062,81.87000274658203,83.54000091552734,0.0,18530800
2021-06-30,82.86714935302734,84.9800033569336,0.0,85.4000015258789,83.43000030517578,84.8499984741211,0.0,40670800
2021-07-01,78.11824798583984,80.11000061035156,0.0,82.25,79.91000366210938,82.23999786376953,0.0,53299000
2021-07-02,78.33277130126953,80.33000183105469,0.0,80.88999938964844,78.88999938964844,80.61000061035156,0.0,22685500
2021-07-06,79.0641098022461,81.08000183105469,0.0,81.54000091552734,79.76000213623047,80.79000091552734,0.0,21126500
2021-07-07,76.27521514892578,78.22000122070312,0.0,81.80999755859375,77.94999694824219,81.69000244140625,0.0,23026900
2021-07-08,75.19281768798828,77.11000061035156,0.0,77.87999725341797,75.95999908447266,76.25,0.0,23114500
2021-07-09,76.78231048583984,78.73999786376953,0.0,78.94999694824219,76.7300033569336,77.41000366210938,0.0,15441100
2021-07-12,77.58191680908203,79.55999755859375,0.0,79.7300033569336,77.70999908447266,78.75,0.0,12639300
2021-07-13,76.49949645996094,78.44999694824219,0.0,79.5,78.0999984741211,79.27999877929688,0.0,14263400
2021-07-14,76.53851318359375,78.48999786376953,0.0,80.76000213623047,78.31999969482422,79.3499984741211,0.0,15952300
2021-07-15,75.0075454711914,76.91999816894531,0.0,78.45999908447266,76.33999633789062,78.33999633789062,0.0,16616800
2021-07-16,73.1450424194336,75.01000213623047,0.0,77.61000061035156,74.83999633789062,77.16000366210938,0.0,19132100
2021-07-19,72.72574615478516,74.58000183105469,0.0,74.68000030517578,73.19999694824219,73.83999633789062,0.0,23436900
2021-07-20,73.51558685302734,75.38999938964844,0.0,75.91999816894531,73.7699966430664,74.66000366210938,0.0,14855800
2021-07-21,75.2708511352539,77.19000244140625,0.0,77.23999786376953,75.33999633789062,75.3499984741211,0.0,15945800
2021-07-22,73.65210723876953,75.52999877929688,0.0,76.25,74.45999908447266,76.2300033569336,0.0,19042200
2021-07-23,74.05191040039062,75.94000244140625,0.0,76.04000091552734,74.9000015258789,75.93000030517578,0.0,12345200
2021-07-26,74.40298461914062,76.30000305175781,0.0,77.4800033569336,75.51000213623047,75.80999755859375,0.0,12023900
2021-07-27,72.37467956542969,74.22000122070312,0.0,74.79000091552734,72.51000213623047,74.79000091552734,0.0,23940500
2021-07-28,73.6716079711914,75.55000305175781,0.0,76.01000213623047,74.37999725341797,74.55000305175781,0.0,14348300
2021-07-29,75.16358184814453,77.08000183105469,0.0,77.12000274658203,75.94999694824219,76.08000183105469,0.0,14529400
2021-07-30,75.65113830566406,77.58000183105469,0.0,78.11000061035156,76.05999755859375,76.12999725341797,0.0,12528900
2021-08-02,75.70964050292969,77.63999938964844,0.0,79.48999786376953,77.47000122070312,79.04000091552734,0.0,14904200
2021-08-03,78.8495864868164,80.86000061035156,0.0,81.06999969482422,77.94000244140625,78.87000274658203,0.0,25807600
2021-08-04,79.94175720214844,81.9800033569336,0.0,83.08999633789062,79.54000091552734,80.44999694824219,0.0,29176900
2021-08-05,79.46391296386719,81.48999786376953,0.0,83.06999969482422,81.16000366210938,82.13999938964844,0.0,14821000
2021-08-06,79.96125030517578,82.0,0.0,82.87999725341797,81.05000305175781,81.19999694824219,0.0,14612600
2021-08-09,78.21577453613281,80.20999908447266,0.0,82.04000091552734,80.08000183105469,81.7300033569336,0.0,13363300
2021-08-10,74.02267456054688,75.91000366210938,0.0,79.81999969482422,75.7699966430664,79.81999969482422,0.0,40705000
2021-08-11,73.16455841064453,75.02999877929688,0.0,76.05000305175781,73.72000122070312,76.04000091552734,0.0,31624900
2021-08-12,68.50338745117188,70.25,0.0,72.19999694824219,68.80999755859375,72.18000030517578,0.0,72492400
2021-08-13,69.15673065185547,70.91999816894531,0.0,71.23999786376953,69.87999725341797,70.05000305175781,0.0,25301400
2021-08-16,69.16651916503906,70.93000030517578,0.0,71.76000213623047,69.91999816894531,70.19999694824219,0.0,18135900
2021-08-17,69.02021026611328,70.77999877929688,0.0,71.44999694824219,69.61000061035156,70.16999816894531,0.0,17545800
2021-08-18,68.86420440673828,70.62000274658203,0.0,71.87999725341797,70.58000183105469,71.25,0.0,14004300
2021-08-19,68.53262329101562,70.27999877929688,0.0,70.81999969482422,69.04000091552734,70.13999938964844,0.0,18022600
2021-08-20,68.48389434814453,70.2300033569336,0.0,71.02999877929688,69.58000183105469,70.13999938964844,0.0,14603100
2021-08-23,69.95634460449219,71.73999786376953,0.0,71.87999725341797,68.9000015258789,70.83999633789062,0.0,22265000
2021-08-24,70.19038391113281,71.9800033569336,0.0,72.69000244140625,71.69000244140625,72.13999938964844,0.0,18092700
2021-08-25,72.19915771484375,74.04000091552734,0.0,77.02999877929688,72.18000030517578,72.79000091552734,0.0,36552100
2021-08-26,70.96070861816406,72.7699966430664,0.0,73.23999786376953,71.69999694824219,73.2300033569336,0.0,20315100
2021-08-27,72.16014862060547,74.0,0.0,74.1500015258789,72.1500015258789,72.45999908447266,0.0,14994200
2021-08-30,71.3410415649414,73.16000366210938,0.0,74.75,72.83000183105469,74.12000274658203,0.0,12810700
2021-08-31,71.86762237548828,73.69999694824219,0.0,74.62000274658203,73.31999969482422,73.68000030517578,0.0,14807400
2021-09-01,71.88710021972656,73.72000122070312,0.0,74.31999969482422,73.0199966430664,74.31999969482422,0.0,14007100
2021-09-02,72.15039825439453,73.98999786376953,0.0,74.01000213623047,72.30999755859375,73.20999908447266,0.0,14803300
2021-09-03,71.97488403320312,73.80999755859375,0.0,74.72000122070312,73.5999984741211,74.0,0.0,9222500
2021-09-07,71.80908966064453,73.63999938964844,0.0,74.48999786376953,73.16000366210938,73.76000213623047,0.0,12028400
2021-09-08,70.47314453125,72.2699966430664,0.0,73.23999786376953,71.11000061035156,73.19999694824219,0.0,17375500
2021-09-09,71.05823516845703,72.87000274658203,0.0,73.2699966430664,71.41999816894531,71.62999725341797,0.0,14638100
2021-09-10,71.67259979248047,73.5,0.0,75.62999725341797,73.45999908447266,73.7699966430664,0.0,18240600
2021-09-13,72.5014419555664,74.3499984741211,0.0,75.22000122070312,73.5199966430664,74.55999755859375,0.0,15796700
2021-09-14,71.66282653808594,73.48999786376953,0.0,74.12000274658203,72.91000366210938,73.79000091552734,0.0,13945100
2021-09-15,71.98461151123047,73.81999969482422,0.0,73.93000030517578,71.76000213623047,72.94999694824219,0.0,15258800
2021-09-16,72.77448272705078,74.62999725341797,0.0,74.95999908447266,72.77999877929688,73.30000305175781,0.0,12867700
2021-09-17,72.45270538330078,74.30000305175781,0.0,74.5,73.31999969482422,74.41000366210938,0.0,20449600
2021-09-20,70.57067108154297,72.37000274658203,0.0,72.76000213623047,71.19000244140625,72.5999984741211,0.0,23228300
2021-09-21,70.34640502929688,72.13999938964844,0.0,73.12999725341797,71.66000366210938,72.91999816894531,0.0,16026800
2021-09-22,72.13088989257812,73.97000122070312,0.0,74.58000183105469,72.63999938964844,73.04000091552734,0.0,16996100
2021-09-23,72.19915771484375,74.04000091552734,0.0,74.79000091552734,73.25,73.61000061035156,0.0,17304500
2021-09-24,72.20890045166016,74.05000305175781,0.0,74.5,73.06999969482422,73.30000305175781,0.0,14804300
2021-09-27,73.3108139038086,75.18000030517578,0.0,75.87999725341797,73.51000213623047,73.6500015258789,0.0,18435200
2021-09-28,71.28253936767578,73.0999984741211,0.0,74.98999786376953,73.05999755859375,74.5,0.0,27311500
2021-09-29,69.85882568359375,71.63999938964844,0.0,73.31999969482422,70.22000122070312,71.16000366210938,0.0,38169200
2021-09-30,69.31199645996094,70.9800033569336,0.1,72.5999984741211,70.86000061035156,72.19999694824219,0.0,16923300
2021-10-01,69.32173156738281,70.98999786376953,0.0,71.56999969482422,70.0999984741211,71.33999633789062,0.0,17813800
2021-10-04,68.96045684814453,70.62000274658203,0.0,71.56999969482422,70.36000061035156,70.5999984741211,0.0,19525700
2021-10-05,68.84326171875,70.5,0.0,71.20999908447266,69.61000061035156,71.20999908447266,0.0,14512100
2021-10-06,68.29641723632812,69.94000244140625,0.0,70.37999725341797,69.02999877929688,69.80000305175781,0.0,17899300
2021-10-07,68.88232421875,70.54000091552734,0.0,71.66999816894531,70.12000274658203,70.4000015258789,0.0,15236100
2021-10-08,68.47219848632812,70.12000274658203,0.0,70.94000244140625,69.69999694824219,70.93000030517578,0.0,13666200
2021-10-11,67.59335327148438,69.22000122070312,0.0,70.36000061035156,69.18000030517578,69.9000015258789,0.0,12700200
2021-10-12,65.15209197998047,66.72000122070312,0.0,69.43000030517578,65.66999816894531,69.38999938964844,0.0,36911700
2021-10-13,64.82008361816406,66.37999725341797,0.0,67.41999816894531,66.2300033569336,66.73999786376953,0.0,17532400
2021-10-14,66.20672607421875,67.80000305175781,0.0,68.08000183105469,66.80999755859375,67.27999877929688,0.0,15541600
2021-10-15,66.08953094482422,67.68000030517578,0.0,68.45999908447266,67.4800033569336,68.08999633789062,0.0,11786100
2021-10-18,65.67939758300781,67.26000213623047,0.0,67.62999725341797,66.29000091552734,67.01000213623047,0.0,11849300
2021-10-19,65.98212432861328,67.56999969482422,0.0,67.88999938964844,66.63999938964844,67.37000274658203,0.0,16930300
2021-10-20,66.66565704345703,68.2699966430664,0.0,69.19999694824219,67.01000213623047,67.19999694824219,0.0,19457800
2021-10-21,67.0270004272461,68.63999938964844,0.0,68.69999694824219,67.66999816894531,67.94999694824219,0.0,11140700
2021-10-22,65.92353057861328,67.51000213623047,0.0,69.08999633789062,67.08000183105469,68.51000213623047,0.0,17892100
2021-10-25,67.1441650390625,68.76000213623047,0.0,71.12000274658203,68.54000091552734,69.62000274658203,0.0,23341300
2021-10-26,67.3199234008789,68.94000244140625,0.0,69.81999969482422,68.47000122070312,69.37000274658203,0.0,14267900
2021-10-27,66.63639068603516,68.23999786376953,0.0,68.69000244140625,67.44999694824219,68.5199966430664,0.0,13541900
2021-10-28,67.94489288330078,69.58000183105469,0.0,70.3499984741211,69.18000030517578,69.29000091552734,0.0,16966000
2021-10-29,67.4761734008789,69.0999984741211,0.0,69.55000305175781,68.04000091552734,68.38999938964844,0.0,11440900
2021-11-01,69.03858947753906,70.69999694824219,0.0,70.97000122070312,68.94000244140625,68.97000122070312,0.0,11988400
2021-11-02,69.09715270996094,70.76000213623047,0.0,70.8499984741211,70.04000091552734,70.48999786376953,0.0,9761100
2021-11-03,69.57564544677734,71.25,0.0,71.33000183105469,70.26000213623047,70.72000122070312,0.0,10266900
2021-11-04,70.5423812866211,72.23999786376953,0.0,72.4800033569336,71.04000091552734,72.37000274658203,0.0,15936600
2021-11-05,71.20639038085938,72.91999816894531,0.0,73.73999786376953,72.36000061035156,73.0,0.0,13019300
2021-11-08,72.80784606933594,74.55999755859375,0.0,75.02999877929688,73.12000274658203,73.31999969482422,0.0,18742300
2021-11-09,73.81364440917969,75.58999633789062,0.0,76.2699966430664,74.55999755859375,75.0999984741211,0.0,20127300
2021-11-10,71.68489837646484,73.41000366210938,0.0,75.1500015258789,73.19999694824219,74.16000366210938,0.0,15228300
2021-11-11,72.79810333251953,74.55000305175781,0.0,74.95999908447266,73.62000274658203,74.0199966430664,0.0,12192600
2021-11-12,75.48347473144531,77.30000305175781,0.0,78.0199966430664,74.94999694824219,75.0199966430664,0.0,26553200
2021-11-15,74.97567749023438,76.77999877929688,0.0,78.27999877929688,76.5999984741211,77.76000213623047,0.0,12650700
2021-11-16,75.0049819946289,76.80999755859375,0.0,77.1500015258789,75.77999877929688,76.55999755859375,0.0,11807600
2021-11-17,73.68669891357422,75.45999908447266,0.0,76.56999969482422,75.19000244140625,76.4800033569336,0.0,11600500
2021-11-18,75.21002960205078,77.0199966430664,0.0,77.5,75.75,76.9000015258789,0.0,16848200
2021-11-19,81.07881164550781,83.02999877929688,0.0,83.86000061035156,78.93000030517578,78.93000030517578,0.0,47216100
2021-11-22,81.88932800292969,83.86000061035156,0.0,87.66999816894531,83.66000366210938,83.66000366210938,0.0,34775200
2021-11-23,83.40287780761719,85.41000366210938,0.0,87.70999908447266,84.33000183105469,85.04000091552734,0.0,31823300
2021-11-24,84.18408966064453,86.20999908447266,0.0,87.16000366210938,84.61000061035156,84.75,0.0,21666100
2021-11-26,81.45965576171875,83.41999816894531,0.0,84.05000305175781,81.9800033569336,83.12999725341797,0.0,16487200
2021-11-29,84.11572265625,86.13999938964844,0.0,86.2699966430664,84.16000366210938,84.37999725341797,0.0,18889800
2021-11-30,82.02601623535156,84.0,0.0,86.91999816894531,83.94999694824219,85.58000183105469,0.0,27301000
2021-12-01,83.14899444580078,85.1500015258789,0.0,89.05000305175781,85.0,86.55000305175781,0.0,31633400
2021-12-02,80.93231964111328,82.87999725341797,0.0,83.58999633789062,81.3499984741211,82.62999725341797,0.0,22994500
2021-12-03,79.70195770263672,81.62000274658203,0.0,84.43000030517578,80.63999938964844,83.70999908447266,0.0,19167200
2021-12-06,80.5124282836914,82.44999694824219,0.0,83.2300033569336,80.52999877929688,81.83000183105469,0.0,15094900
2021-12-07,83.81301879882812,85.83000183105469,0.0,87.04000091552734,84.33000183105469,84.41999816894531,0.0,21716900
2021-12-08,83.99855041503906,86.0199966430664,0.0,86.33999633789062,84.02999877929688,85.44000244140625,0.0,12908500
2021-12-09,82.93417358398438,84.93000030517578,0.0,86.54000091552734,84.62999725341797,85.30000305175781,0.0,11964300
2021-12-10,83.52983093261719,85.54000091552734,0.0,85.68000030517578,84.12999725341797,84.33999633789062,0.0,11955900
2021-12-13,82.36779022216797,84.3499984741211,0.0,87.37999725341797,84.19999694824219,86.61000061035156,0.0,13054400
2021-12-14,81.33271789550781,83.29000091552734,0.0,84.7699966430664,82.91000366210938,83.22000122070312,0.0,12082500
2021-12-15,83.64701843261719,85.66000366210938,0.0,85.79000091552734,82.05999755859375,83.4800033569336,0.0,13971500
2021-12-16,80.74681091308594,82.69000244140625,0.0,86.31999969482422,82.12999725341797,85.87999725341797,0.0,16503200
2021-12-17,81.04951477050781,83.0,0.0,83.29000091552734,80.94000244140625,81.62000274658203,0.0,23165900
2021-12-20,80.1023178100586,82.02999877929688,0.0,83.25,80.91000366210938,82.13999938964844,0.0,22346800
2021-12-21,88.54903411865234,90.68000030517578,0.0,91.13999938964844,87.3499984741211,88.98999786376953,0.0,58363600
2021-12-22,88.21701049804688,90.33999633789062,0.0,90.4800033569336,88.91999816894531,90.0,0.0,18593900
2021-12-23,92.2011489868164,94.41999816894531,0.0,95.0,90.3499984741211,90.69999694824219,0.0,36400100
2021-12-27,92.2109146118164,94.43000030517578,0.0,94.93000030517578,92.7300033569336,93.72000122070312,0.0,17110100
2021-12-28,90.75594329833984,92.94000244140625,0.0,93.88999938964844,92.05999755859375,93.75,0.0,13683800
2021-12-29,93.9100112915039,96.16999816894531,0.0,96.75,93.91000366210938,94.0,0.0,32234600
2021-12-30,91.68360900878906,93.88999938964844,0.0,95.51000213623047,93.43000030517578,94.4000015258789,0.0,19327800
2021-12-31,91.05799102783203,93.1500015258789,0.1,94.41999816894531,93.02999877929688,94.0,0.0,13660600
2022-01-03,93.59959411621094,95.75,0.0,95.83999633789062,93.4800033569336,93.91000366210938,0.0,18705500
2022-01-04,94.17633056640625,96.33999633789062,0.0,96.58999633789062,93.54000091552734,95.5999984741211,0.0,19725000
2022-01-05,92.27991485595703,94.4000015258789,0.0,98.44999694824219,94.3499984741211,95.37999725341797,0.0,28613100
2022-01-06,93.50184631347656,95.6500015258789,0.0,96.70999908447266,94.12000274658203,95.0999984741211,0.0,22320300
2022-01-07,92.32876586914062,94.44999694824219,0.0,97.19000244140625,93.94000244140625,96.08999633789062,0.0,14857900
2022-01-10,91.78136444091797,93.88999938964844,0.0,95.66999816894531,91.04000091552734,94.26000213623047,0.0,20290000
2022-01-11,92.08440399169922,94.19999694824219,0.0,94.2699966430664,91.6500015258789,92.45999908447266,0.0,14924900
2022-01-12,92.97396850585938,95.11000061035156,0.0,96.2300033569336,93.77999877929688,95.16000366210938,0.0,13339200
2022-01-13,93.4725112915039,95.62000274658203,0.0,98.11000061035156,95.30000305175781,96.5,0.0,23679800
2022-01-14,95.17345428466797,97.36000061035156,0.0,97.43000030517578,94.4000015258789,94.44000244140625,0.0,18385000
2022-01-18,90.78427124023438,92.87000274658203,0.0,95.94999694824219,92.54000091552734,95.52999877929688,0.0,19900500
2022-01-19,87.97872924804688,90.0,0.0,94.77999877929688,89.7699966430664,93.72000122070312,0.0,19043800
2022-01-20,83.1594467163086,85.06999969482422,0.0,90.33000183105469,84.93000030517578,90.27999877929688,0.0,24701300
2022-01-21,80.0899658203125,81.93000030517578,0.0,85.13999938964844,81.5199966430664,84.22000122070312,0.0,29716300
2022-01-24,81.0870590209961,82.94999694824219,0.0,83.04000091552734,77.63999938964844,80.2699966430664,0.0,29757100
2022-01-25,78.90713500976562,80.72000122070312,0.0,82.41999816894531,79.6500015258789,80.91999816894531,0.0,22128400
2022-01-26,80.12906646728516,81.97000122070312,0.0,84.79000091552734,80.61000061035156,83.25,0.0,21018700
2022-01-27,76.9520492553711,78.72000122070312,0.0,83.69999694824219,78.38999938964844,83.51000213623047,0.0,22694000
2022-01-28,77.48970794677734,79.2699966430664,0.0,79.27999877929688,75.5199966430664,77.37000274658203,0.0,24434600
2022-01-31,80.42232513427734,82.2699966430664,0.0,82.30999755859375,78.0199966430664,78.95999908447266,0.0,21898200
2022-02-01,79.6207504272461,81.44999694824219,0.0,82.38999938964844,80.41999816894531,82.19999694824219,0.0,15237400
2022-02-02,82.61203002929688,84.51000213623047,0.0,84.69999694824219,82.54000091552734,82.91999816894531,0.0,19862800
2022-02-03,80.12906646728516,81.97000122070312,0.0,85.18000030517578,81.70999908447266,82.66999816894531,0.0,19598200
2022-02-04,79.34703063964844,81.16999816894531,0.0,82.19000244140625,79.83999633789062,81.22000122070312,0.0,15657500
2022-02-07,79.05377960205078,80.87000274658203,0.0,82.04000091552734,80.4800033569336,81.36000061035156,0.0,11799800
2022-02-08,82.23078918457031,84.12000274658203,0.0,84.4000015258789,81.0,81.1500015258789,0.0,18315700
2022-02-09,86.14094543457031,88.12000274658203,0.0,88.77999877929688,83.55999755859375,84.5999984741211,0.0,22386900
2022-02-10,88.9758071899414,91.0199966430664,0.0,94.63999938964844,88.4800033569336,89.19000244140625,0.0,33820700
2022-02-11,87.74410247802734,89.76000213623047,0.0,94.58000183105469,88.94999694824219,91.27999877929688,0.0,31000000
2022-02-14,87.84186553955078,89.86000061035156,0.0,93.16999816894531,88.70999908447266,91.98999786376953,0.0,23499100
2022-02-15,93.84397888183594,96.0,0.0,96.5,91.01000213623047,91.01000213623047,0.0,27069700
2022-02-16,93.90263366699219,96.05999755859375,0.0,96.48999786376953,93.56999969482422,94.44000244140625,0.0,15573600
2022-02-17,91.62494659423828,93.7300033569336,0.0,96.0,93.48999786376953,95.04000091552734,0.0,17943300
2022-02-18,88.76078033447266,90.80000305175781,0.0,94.68000030517578,88.9000015258789,94.52999877929688,0.0,19530500
2022-02-22,88.53591918945312,90.56999969482422,0.0,93.97000122070312,88.66999816894531,89.83999633789062,0.0,24825700
2022-02-23,85.34913635253906,87.30999755859375,0.0,91.87000274658203,87.06999969482422,91.47000122070312,0.0,19135400
2022-02-24,86.83499908447266,88.83000183105469,0.0,88.94000244140625,83.79000091552734,84.12999725341797,0.0,24472300
2022-02-25,88.07648468017578,90.0999984741211,0.0,90.4800033569336,87.27999877929688,87.95999908447266,0.0,15008700
2022-02-28,86.86434173583984,88.86000061035156,0.0,89.75,87.16000366210938,88.44999694824219,0.0,17269800
2022-03-01,84.32271575927734,86.26000213623047,0.0,89.83999633789062,84.66000366210938,88.55999755859375,0.0,20794800
2022-03-02,91.2046127319336,93.30000305175781,0.0,94.06999969482422,87.02999877929688,87.16999816894531,0.0,28398700
2022-03-03,87.1771469116211,89.18000030517578,0.0,92.19000244140625,88.38999938964844,91.62000274658203,0.0,22099800
2022-03-04,80.0704345703125,81.91000366210938,0.0,87.41999816894531,80.5199966430664,87.41999816894531,0.0,28211500
2022-03-07,73.99988555908203,75.69999694824219,0.0,82.97000122070312,75.62999725341797,81.76000213623047,0.0,26715500
2022-03-08,75.4271011352539,77.16000366210938,0.0,80.25,73.93000030517578,76.25,0.0,28343200
2022-03-09,77.6558837890625,79.44000244140625,0.0,80.48999786376953,77.54000091552734,79.97000122070312,0.0,19647900
2022-03-10,74.0194320678711,75.72000122070312,0.0,77.73999786376953,73.80999755859375,77.73999786376953,0.0,21692000
2022-03-11,71.18456268310547,72.81999969482422,0.0,76.69999694824219,72.63999938964844,76.66000366210938,0.0,22786500
2022-03-14,67.84138488769531,69.4000015258789,0.0,72.4800033569336,68.95999908447266,71.75,0.0,24893400
2022-03-15,71.4680404663086,73.11000061035156,0.0,73.52999877929688,68.33999633789062,70.05000305175781,0.0,22851000
2022-03-16,77.8807144165039,79.66999816894531,0.0,79.70999908447266,76.1500015258789,76.47000122070312,0.0,35742800
2022-03-17,78.71163177490234,80.5199966430664,0.0,80.58000183105469,77.19999694824219,78.19999694824219,0.0,21612200
2022-03-18,77.62657165527344,79.41000366210938,0.0,81.19999694824219,78.05999755859375,79.0999984741211,0.0,28601200
2022-03-21,76.5903549194336,78.3499984741211,0.0,79.88999938964844,75.52999877929688,78.98999786376953,0.0,30878200
2022-03-22,77.34307861328125,79.12000274658203,0.0,79.7300033569336,77.51000213623047,77.69999694824219,0.0,16768000
2022-03-23,73.95101165771484,75.6500015258789,0.0,78.22000122070312,75.08000183105469,77.86000061035156,0.0,28059800
2022-03-24,76.4535140991211,78.20999908447266,0.0,78.54000091552734,75.31999969482422,75.9000015258789,0.0,23348000
2022-03-25,76.34597778320312,78.0999984741211,0.0,78.30000305175781,75.12999725341797,78.2699966430664,0.0,22491000
2022-03-28,78.06645202636719,79.86000061035156,0.0,80.18000030517578,77.2699966430664,78.58999633789062,0.0,26605300
2022-03-29,80.20729064941406,82.05000305175781,0.0,82.55000305175781,79.26000213623047,82.0999984741211,0.0,41290700
2022-03-30,77.3821792602539,79.16000366210938,0.0,86.23999786376953,78.5999984741211,84.30000305175781,0.0,70087000
2022-03-31,76.14070892333984,77.88999938964844,0.0,79.95999908447266,76.83000183105469,77.66999816894531,0.0,34588600
2022-04-01,74.46908569335938,76.18000030517578,0.0,78.91000366210938,74.05999755859375,78.43000030517578,0.0,33536100
2022-04-04,75.92564392089844,77.66999816894531,0.0,78.18000030517578,76.51000213623047,76.9000015258789,0.0,24305700
2022-04-05,72.93436431884766,74.61000061035156,0.0,78.0199966430664,74.30000305175781,76.70999908447266,0.0,21171400
2022-04-06,72.12299346923828,73.77999877929688,0.0,74.88999938964844,71.47000122070312,73.18000030517578,0.0,28080100
2022-04-07,71.63422393798828,73.27999877929688,0.0,74.68000030517578,72.12999725341797,73.66999816894531,0.0,22658600
2022-04-08,70.6162109375,72.13999938964844,0.1,72.8499984741211,70.83000183105469,72.5,0.0,20562600
2022-04-11,70.5085220336914,72.02999877929688,0.0,72.91000366210938,70.08999633789062,70.55000305175781,0.0,21127900
2022-04-12,70.44000244140625,71.95999908447266,0.0,73.58999633789062,71.56999969482422,72.79000091552734,0.0,18658500
2022-04-13,70.85113525390625,72.37999725341797,0.0,73.75,71.86000061035156,72.36000061035156,0.0,18892000
2022-04-14,68.64863586425781,70.12999725341797,0.0,72.80999755859375,70.08999633789062,72.55999755859375,0.0,18543500
2022-04-18,69.64710998535156,71.1500015258789,0.0,72.0999984741211,70.05000305175781,70.25,0.0,17476700
2022-04-19,71.19373321533203,72.7300033569336,0.0,73.41000366210938,70.7699966430664,70.95999908447266,0.0,15139000
2022-04-20,71.65381622314453,73.19999694824219,0.0,76.2300033569336,72.88999938964844,73.80999755859375,0.0,19042600
2022-04-21,69.42198181152344,70.91999816894531,0.0,74.48999786376953,70.6500015258789,73.97000122070312,0.0,17645300
2022-04-22,67.9438705444336,69.41000366210938,0.0,70.9800033569336,69.30999755859375,70.63999938964844,0.0,18682400
2022-04-25,68.63887023925781,70.12000274658203,0.0,70.16999816894531,67.93000030517578,68.41999816894531,0.0,20072100
2022-04-26,65.66309356689453,67.08000183105469,0.0,69.16000366210938,67.04000091552734,68.69000244140625,0.0,18628700
2022-04-27,65.06596374511719,66.47000122070312,0.0,68.4800033569336,65.86000061035156,66.12999725341797,0.0,17123600
2022-04-28,68.69760131835938,70.18000030517578,0.0,70.80999755859375,67.05999755859375,67.6500015258789,0.0,21058400
2022-04-29,66.74964141845703,68.19000244140625,0.0,71.33000183105469,68.0199966430664,69.0999984741211,0.0,16843500
2022-05-02,69.10872650146484,70.5999984741211,0.0,70.73999786376953,67.58000183105469,68.16000366210938,0.0,15342800
2022-05-03,69.75479888916016,71.26000213623047,0.0,71.95999908447266,70.19999694824219,70.47000122070312,0.0,13539100
2022-05-04,72.06494903564453,73.62000274658203,0.0,73.9000015258789,70.16000366210938,71.7699966430664,0.0,17201900
2022-05-05,69.78414916992188,71.29000091552734,0.0,72.55999755859375,70.36000061035156,72.30999755859375,0.0,16603600
2022-05-06,68.86402130126953,70.3499984741211,0.0,71.91000366210938,68.88999938964844,70.55000305175781,0.0,15159800
2022-05-09,66.49513244628906,67.93000030517578,0.0,71.4000015258789,67.4800033569336,69.19999694824219,0.0,21770900
2022-05-10,67.45442199707031,68.91000366210938,0.0,70.58999633789062,67.61000061035156,69.56999969482422,0.0,17662700
2022-05-11,65.5456314086914,66.95999908447266,0.0,70.87999725341797,66.81999969482422,68.66000366210938,0.0,17237300
2022-05-12,66.27977752685547,67.70999908447266,0.0,68.9000015258789,65.87000274658203,66.0,0.0,27022900
2022-05-13,70.40084075927734,71.91999816894531,0.0,72.62999725341797,68.0199966430664,69.0999984741211,0.0,22872000
2022-05-16,68.98149108886719,70.47000122070312,0.0,72.04000091552734,70.31999969482422,71.51000213623047,0.0,13394700
2022-05-17,72.90676879882812,74.4800033569336,0.0,74.7300033569336,72.1500015258789,72.25,0.0,17671500
2022-05-18,69.54922485351562,71.05000305175781,0.0,74.22000122070312,70.08999633789062,73.18000030517578,0.0,20635100
2022-05-19,67.93408203125,69.4000015258789,0.0,71.69999694824219,69.05000305175781,70.76000213623047,0.0,17558000
2022-05-20,67.44464111328125,68.9000015258789,0.0,70.69000244140625,66.11000061035156,70.5999984741211,0.0,20313300
2022-05-23,68.12006378173828,69.58999633789062,0.0,70.19999694824219,68.5199966430664,68.7699966430664,0.0,12356200
2022-05-24,65.21279907226562,66.62000274658203,0.0,68.41000366210938,66.01000213623047,68.36000061035156,0.0,18764500
2022-05-25,66.43639373779297,67.87000274658203,0.0,68.8499984741211,65.9000015258789,65.93000030517578,0.0,16241200
2022-05-26,69.10872650146484,70.5999984741211,0.0,71.04000091552734,66.3499984741211,66.38999938964844,0.0,14902500
2022-05-27,71.7712631225586,73.31999969482422,0.0,73.44000244140625,71.63999938964844,71.76000213623047,0.0,13078700
2022-05-31,72.28028869628906,73.83999633789062,0.0,74.4800033569336,71.93000030517578,73.47000122070312,0.0,15453000
2022-06-01,71.99642181396484,73.55000305175781,0.0,75.38999938964844,72.55000305175781,74.5,0.0,13595400
2022-06-02,73.7779769897461,75.37000274658203,0.0,75.41000366210938,73.12999725341797,73.12999725341797,0.0,11373200
2022-06-03,68.4626693725586,69.94000244140625,0.0,71.69000244140625,69.11000061035156,71.69000244140625,0.0,30306600
2022-06-06,68.9619140625,70.44999694824219,0.0,72.13999938964844,70.01000213623047,70.73999786376953,0.0,13198700
2022-06-07,69.26535034179688,70.76000213623047,0.0,70.87000274658203,68.12000274658203,68.6500015258789,0.0,14328000
2022-06-08,67.1510009765625,68.5999984741211,0.0,70.4000015258789,67.76000213623047,69.83999633789062,0.0,16363000
2022-06-09,64.6254653930664,66.0199966430664,0.0,68.69000244140625,66.0,67.94000244140625,0.0,15073700
2022-06-10,61.29728698730469,62.619998931884766,0.0,65.55999755859375,62.279998779296875,64.83999633789062,0.0,26626900
2022-06-13,57.597137451171875,58.84000015258789,0.0,60.959999084472656,58.58000183105469,60.02000045776367,0.0,24278600
2022-06-14,57.46009826660156,58.70000076293945,0.0,59.869998931884766,57.720001220703125,59.36000061035156,0.0,17036000
2022-06-15,57.871212005615234,59.119998931884766,0.0,60.08000183105469,57.54999923706055,59.33000183105469,0.0,19726200
2022-06-16,53.84803009033203,55.0099983215332,0.0,57.0,54.25,57.0,0.0,22706200
2022-06-17,54.57240295410156,55.75,0.0,56.31999969482422,53.599998474121094,55.900001525878906,0.0,24139800
2022-06-21,55.600223541259766,56.79999923706055,0.0,57.91999816894531,56.34000015258789,56.81999969482422,0.0,15502800
2022-06-22,55.14994430541992,56.34000015258789,0.0,57.13999938964844,55.599998474121094,55.959999084472656,0.0,13513800
2022-06-23,55.032474517822266,56.220001220703125,0.0,56.83000183105469,54.959999084472656,56.61000061035156,0.0,13366600
2022-06-24,57.2055778503418,58.439998626708984,0.0,59.0,57.130001068115234,57.150001525878906,0.0,15647600
2022-06-27,57.53840255737305,58.779998779296875,0.0,60.04999923706055,58.369998931884766,59.58000183105469,0.0,16159900
2022-06-28,56.63783264160156,57.86000061035156,0.0,60.59000015258789,57.810001373291016,58.97999954223633,0.0,19393600
2022-06-29,54.83670425415039,56.02000045776367,0.0,57.52000045776367,55.31999969482422,57.22999954223633,0.0,17351400
2022-06-30,54.11233139038086,55.279998779296875,0.0,56.40999984741211,54.220001220703125,54.9900016784668,0.0,29572400
2022-07-01,52.51677322387695,53.650001525878906,0.0,53.959999084472656,51.400001525878906,53.290000915527344,0.0,43681700
2022-07-05,55.531700134277344,56.72999954223633,0.0,56.88999938964844,52.09000015258789,52.18000030517578,0.0,33745900
2022-07-06,56.15819549560547,57.369998931884766,0.0,58.119998931884766,56.459999084472656,56.849998474121094,0.0,23565000
2022-07-07,57.606929779052734,58.849998474121094,0.0,59.310001373291016,57.84000015258789,59.099998474121094,0.0,22945500
2022-07-08,58.004150390625,59.13999938964844,0.115,60.43000030517578,58.099998474121094,58.220001220703125,0.0,19283000
2022-07-11,56.69969940185547,57.810001373291016,0.0,58.61000061035156,57.709999084472656,58.11000061035156,0.0,13941800
2022-07-12,58.04338073730469,59.18000030517578,0.0,60.08000183105469,58.099998474121094,58.41999816894531,0.0,21523100
2022-07-13,57.72952651977539,58.86000061035156,0.0,59.41999816894531,57.36000061035156,57.380001068115234,0.0,13987600
2022-07-14,58.21010971069336,59.349998474121094,0.0,59.65999984741211,57.31999969482422,57.939998626708984,0.0,14803800
2022-07-15,60.34823989868164,61.529998779296875,0.0,61.70000076293945,59.400001525878906,61.47999954223633,0.0,20317800
2022-07-18,59.28898620605469,60.45000076293945,0.0,62.33000183105469,60.13999938964844,62.09000015258789,0.0,13233000
2022-07-19,61.2015380859375,62.400001525878906,0.0,62.7599983215332,61.380001068115234,61.470001220703125,0.0,19103700
2022-07-20,62.08424758911133,63.29999923706055,0.0,63.52000045776367,61.849998474121094,62.220001220703125,0.0,15176200
2022-07-21,62.4177131652832,63.63999938964844,0.0,63.68000030517578,61.93000030517578,62.599998474121094,0.0,12924700
2022-07-22,60.11285400390625,61.290000915527344,0.0,62.91999816894531,61.0099983215332,61.290000915527344,0.0,22201700
2022-07-25,58.9947509765625,60.150001525878906,0.0,61.83000183105469,59.70000076293945,61.349998474121094,0.0,14479400
2022-07-26,58.514163970947266,59.65999984741211,0.0,60.689998626708984,59.54999923706055,60.310001373291016,0.0,11044800
2022-07-27,60.701332092285156,61.88999938964844,0.0,62.38999938964844,59.61000061035156,60.4900016784668,0.0,14589800
2022-07-28,60.877872467041016,62.06999969482422,0.0,62.29999923706055,60.189998626708984,62.25,0.0,10120300
2022-07-29,60.671905517578125,61.86000061035156,0.0,62.09000015258789,60.77000045776367,61.349998474121094,0.0,14199700
2022-08-01,61.33884811401367,62.540000915527344,0.0,63.9900016784668,62.0,62.5,0.0,13347200
2022-08-02,61.27019500732422,62.470001220703125,0.0,63.29999923706055,60.880001068115234,61.75,0.0,11535800
2022-08-03,63.015995025634766,64.25,0.0,64.52999877929688,62.439998626708984,62.5,0.0,12290100
2022-08-04,63.604469299316406,64.8499984741211,0.0,64.98999786376953,63.650001525878906,64.12000274658203,0.0,11338400
2022-08-05,61.2603759765625,62.459999084472656,0.0,63.220001220703125,61.79999923706055,62.86000061035156,0.0,15047100
2022-08-08,60.26978302001953,61.45000076293945,0.0,62.619998931884766,60.97999954223633,61.9900016784668,0.0,11454300
2022-08-09,58.013946533203125,59.150001525878906,0.0,60.540000915527344,57.7400016784668,59.0,0.0,33107200
2022-08-10,60.220741271972656,61.400001525878906,0.0,61.560001373291016,59.38999938964844,60.0,0.0,17418400
2022-08-11,61.12307357788086,62.31999969482422,0.0,64.0999984741211,62.0,62.0,0.0,18298500
2022-08-12,63.79083251953125,65.04000091552734,0.0,65.41999816894531,62.22999954223633,62.65999984741211,0.0,16194000
2022-08-15,63.45735168457031,64.69999694824219,0.0,65.12000274658203,63.88999938964844,64.69999694824219,0.0,9689100
2022-08-16,62.633487701416016,63.86000061035156,0.0,64.55999755859375,63.220001220703125,64.12000274658203,0.0,9275400
2022-08-17,60.4365234375,61.619998931884766,0.0,62.810001373291016,60.7599983215332,62.810001373291016,0.0,14728400
2022-08-18,61.77039337158203,62.97999954223633,0.0,63.41999816894531,61.25,61.75,0.0,11303900
2022-08-19,59.34783935546875,60.5099983215332,0.0,62.25,60.279998779296875,61.84000015258789,0.0,14050300
2022-08-22,57.19009017944336,58.310001373291016,0.0,59.61000061035156,57.970001220703125,59.560001373291016,0.0,13096800
2022-08-23,56.74872970581055,57.86000061035156,0.0,59.290000915527344,57.7599983215332,58.349998474121094,0.0,12769100
2022-08-24,57.19009017944336,58.310001373291016,0.0,58.56999969482422,57.36000061035156,57.880001068115234,0.0,9961300
2022-08-25,60.02458572387695,61.20000076293945,0.0,61.27000045776367,58.58000183105469,58.599998474121094,0.0,12171600
2022-08-26,56.523155212402344,57.630001068115234,0.0,61.220001220703125,57.61000061035156,61.06999969482422,0.0,15754000
2022-08-29,55.91505432128906,57.0099983215332,0.0,58.0,56.52000045776367,57.310001373291016,0.0,11607600
2022-08-30,55.218692779541016,56.29999923706055,0.0,57.79999923706055,55.58000183105469,57.47999954223633,0.0,12743700
2022-08-31,55.444278717041016,56.529998779296875,0.0,57.15999984741211,55.810001373291016,55.9900016784668,0.0,14172200
2022-09-01,56.20929718017578,57.310001373291016,0.0,57.400001525878906,54.790000915527344,55.2599983215332,0.0,17594500
2022-09-02,55.24811935424805,56.33000183105469,0.0,58.79999923706055,56.0,58.29999923706055,0.0,12809700
2022-09-06,54.16924285888672,55.22999954223633,0.0,56.689998626708984,55.130001068115234,56.33000183105469,0.0,12133300
2022-09-07,53.94365692138672,55.0,0.0,55.720001220703125,54.0099983215332,55.310001373291016,0.0,17030600
2022-09-08,54.32616424560547,55.38999938964844,0.0,55.91999816894531,53.7400016784668,54.4900016784668,0.0,18415300
2022-09-09,56.336788177490234,57.439998626708984,0.0,57.68000030517578,56.16999816894531,56.16999816894531,0.0,13925600
2022-09-12,56.82719421386719,57.939998626708984,0.0,58.13999938964844,57.029998779296875,57.459999084472656,0.0,10711500
2022-09-13,52.59016418457031,53.619998931884766,0.0,56.2400016784668,53.13999938964844,55.70000076293945,0.0,22361800
2022-09-14,52.089962005615234,53.11000061035156,0.0,54.22999954223633,52.459999084472656,53.88999938964844,0.0,19984900
2022-09-15,51.67802429199219,52.689998626708984,0.0,53.45000076293945,51.97999954223633,52.70000076293945,0.0,15620800
2022-09-16,51.83495330810547,52.849998474121094,0.0,53.0099983215332,51.4900016784668,51.88999938964844,0.0,24901700
2022-09-19,51.0993537902832,52.099998474121094,0.0,52.77000045776367,51.880001068115234,51.970001220703125,0.0,19251400
2022-09-20,49.82433319091797,50.79999923706055,0.0,51.59000015258789,50.59000015258789,51.529998779296875,0.0,19373800
2022-09-21,49.137779235839844,50.099998474121094,0.0,52.5099983215332,49.720001220703125,49.7400016784668,0.0,31117300
2022-09-22,48.70621871948242,49.65999984741211,0.0,50.369998931884766,49.349998474121094,49.79999923706055,0.0,21317000
2022-09-23,49.137779235839844,50.099998474121094,0.0,50.150001525878906,48.45000076293945,49.279998779296875,0.0,24591700
2022-09-26,47.94119644165039,48.880001068115234,0.0,50.459999084472656,48.810001373291016,49.93000030517578,0.0,19266800
2022-09-27,49.608558654785156,50.58000183105469,0.0,50.650001525878906,49.400001525878906,49.81999969482422,0.0,17297500
2022-09-28,50.020484924316406,51.0,0.0,51.189998626708984,50.099998474121094,50.11000061035156,0.0,17784300
2022-09-29,49.04949951171875,50.0099983215332,0.0,50.29999923706055,49.220001220703125,50.040000915527344,0.0,25582100
2022-09-30,49.137779235839844,50.099998474121094,0.0,52.060001373291016,49.810001373291016,50.540000915527344,0.0,38917700
2022-10-03,50.72665023803711,51.720001220703125,0.0,53.09000015258789,50.63999938964844,51.0099983215332,0.0,24632400
2022-10-04,52.92363739013672,53.959999084472656,0.0,54.810001373291016,52.65999984741211,53.560001373291016,0.0,24275500
2022-10-05,53.67884826660156,54.72999954223633,0.0,55.20000076293945,52.16999816894531,52.880001068115234,0.0,20418300
2022-10-06,53.57095718383789,54.619998931884766,0.0,55.11000061035156,53.29999923706055,54.400001525878906,0.0,17149400
2022-10-07,52.00328826904297,52.90999984741211,0.115,54.650001525878906,52.5099983215332,53.560001373291016,0.0,21977700
2022-10-10,50.499515533447266,51.380001068115234,0.0,53.130001068115234,50.77000045776367,53.06999969482422,0.0,17227400
2022-10-11,52.78958511352539,53.709999084472656,0.0,54.779998779296875,50.33000183105469,50.63999938964844,0.0,32813700
2022-10-12,51.84604263305664,52.75,0.0,53.77000045776367,52.38999938964844,53.599998474121094,0.0,18131900
2022-10-13,53.919883728027344,54.86000061035156,0.0,55.91999816894531,50.7400016784668,51.349998474121094,0.0,27605000
2022-10-14,51.81655502319336,52.720001220703125,0.0,55.439998626708984,52.599998474121094,55.2400016784668,0.0,20403000
2022-10-17,52.583187103271484,53.5,0.0,54.9900016784668,52.849998474121094,54.599998474121094,0.0,18261700
2022-10-18,51.649471282958984,52.54999923706055,0.0,55.13999938964844,51.65999984741211,55.0099983215332,0.0,19774800
2022-10-19,52.12123107910156,53.029998779296875,0.0,53.43000030517578,52.060001373291016,52.09000015258789,0.0,14786100
2022-10-20,52.779754638671875,53.70000076293945,0.0,55.099998474121094,53.16999816894531,53.5,0.0,15711800
2022-10-21,55.089481353759766,56.04999923706055,0.0,56.279998779296875,53.34000015258789,53.4900016784668,0.0,20199200
2022-10-24,55.27622985839844,56.2400016784668,0.0,56.810001373291016,55.06999969482422,56.22999954223633,0.0,15293600
2022-10-25,54.912559509277344,55.869998931884766,0.0,57.029998779296875,55.34000015258789,56.68000030517578,0.0,17313000
2022-10-26,54.4997673034668,55.45000076293945,0.0,57.439998626708984,54.959999084472656,56.08000183105469,0.0,23511300
2022-10-27,51.315284729003906,52.209999084472656,0.0,56.22999954223633,52.119998931884766,55.369998931884766,0.0,27335800
2022-10-28,53.11392593383789,54.040000915527344,0.0,54.439998626708984,51.459999084472656,51.83000183105469,0.0,19171100
2022-10-31,53.17289733886719,54.099998474121094,0.0,54.93000030517578,53.16999816894531,53.90999984741211,0.0,15932500
2022-11-01,53.919883728027344,54.86000061035156,0.0,55.439998626708984,54.11000061035156,55.09000015258789,0.0,11729700
2022-11-02,52.534034729003906,53.45000076293945,0.0,56.27000045776367,53.41999816894531,54.7400016784668,0.0,17302700
2022-11-03,52.56352615356445,53.47999954223633,0.0,54.369998931884766,51.90999984741211,52.709999084472656,0.0,12769200
2022-11-04,55.197593688964844,56.15999984741211,0.0,56.90999984741211,54.81999969482422,55.2599983215332,0.0,18882700
2022-11-07,55.59074783325195,56.560001373291016,0.0,56.81999969482422,55.459999084472656,56.43000030517578,0.0,11411300
2022-11-08,56.50481414794922,57.4900016784668,0.0,57.869998931884766,56.47999954223633,57.380001068115234,0.0,14190100
2022-11-09,55.01085662841797,55.970001220703125,0.0,56.650001525878906,55.5099983215332,56.220001220703125,0.0,19952500
2022-11-10,59.23716735839844,60.27000045776367,0.0,60.380001068115234,58.060001373291016,58.599998474121094,0.0,24982500
2022-11-11,61.4486083984375,62.52000045776367,0.0,63.18000030517578,59.880001068115234,60.650001525878906,0.0,17579400
2022-11-14,60.72128677368164,61.779998779296875,0.0,62.75,60.9900016784668,61.939998626708984,0.0,13988200
2022-11-15,62.01866149902344,63.099998474121094,0.0,64.44000244140625,62.41999816894531,63.5,0.0,16325000
2022-11-16,57.86116027832031,58.869998931884766,0.0,61.380001068115234,58.119998931884766,60.529998779296875,0.0,25901900
2022-11-17,57.733394622802734,58.7400016784668,0.0,58.9900016784668,56.5099983215332,57.29999923706055,0.0,14212300
2022-11-18,57.57612609863281,58.58000183105469,0.0,59.65999984741211,58.099998474121094,59.560001373291016,0.0,9703700
2022-11-21,56.18046188354492,57.15999984741211,0.0,58.02000045776367,56.81999969482422,58.02000045776367,0.0,9968400
2022-11-22,57.61544418334961,58.619998931884766,0.0,58.68000030517578,56.97999954223633,57.54999923706055,0.0,8955700
2022-11-23,57.92013168334961,58.93000030517578,0.0,59.060001373291016,57.75,58.2400016784668,0.0,8996800
2022-11-25,57.40903854370117,58.40999984741211,0.0,59.130001068115234,58.38999938964844,58.66999816894531,0.0,4360500
2022-11-28,54.79461669921875,55.75,0.0,57.7599983215332,55.470001220703125,57.31999969482422,0.0,15512600
2022-11-29,54.175418853759766,55.119998931884766,0.0,56.52000045776367,54.77000045776367,55.709999084472656,0.0,12874200
2022-11-30,56.662071228027344,57.650001525878906,0.0,57.68000030517578,52.61000061035156,53.58000183105469,0.0,31461400
2022-12-01,54.539085388183594,55.4900016784668,0.0,57.91999816894531,55.099998474121094,57.83000183105469,0.0,21764200
2022-12-02,53.74296951293945,54.68000030517578,0.0,55.41999816894531,53.380001068115234,54.34000015258789,0.0,15946500
2022-12-05,53.11392593383789,54.040000915527344,0.0,55.27000045776367,53.70000076293945,54.369998931884766,0.0,13806900
2022-12-06,52.76010513305664,53.68000030517578,0.0,54.630001068115234,53.2400016784668,53.86000061035156,0.0,17988000
2022-12-07,52.89769744873047,53.81999969482422,0.0,54.2400016784668,52.439998626708984,53.119998931884766,0.0,11367300
2022-12-08,54.254051208496094,55.20000076293945,0.0,55.70000076293945,54.04999923706055,54.560001373291016,0.0,13609100
2022-12-09,53.92969512939453,54.869998931884766,0.0,55.86000061035156,54.52000045776367,54.68000030517578,0.0,9932200
2022-12-12,54.40147399902344,55.349998474121094,0.0,55.380001068115234,53.34000015258789,53.52000045776367,0.0,13250600
2022-12-13,54.293373107910156,55.2400016784668,0.0,57.88999938964844,54.650001525878906,57.189998626708984,0.0,14210500
2022-12-14,53.65450668334961,54.59000015258789,0.0,56.099998474121094,54.060001373291016,55.2400016784668,0.0,11235300
2022-12-15,51.148197174072266,52.040000915527344,0.0,53.720001220703125,51.849998474121094,53.560001373291016,0.0,17785000
2022-12-16,51.17768478393555,52.06999969482422,0.0,52.540000915527344,51.619998931884766,51.7400016784668,0.0,22951400
2022-12-19,50.83368682861328,51.720001220703125,0.0,52.290000915527344,51.099998474121094,52.16999816894531,0.0,16470000
2022-12-20,49.811500549316406,50.68000030517578,0.0,51.970001220703125,50.45000076293945,51.34000015258789,0.0,16942000
2022-12-21,50.31276321411133,51.189998626708984,0.0,51.75,50.75,50.93000030517578,0.0,20400800
2022-12-22,48.582923889160156,49.43000030517578,0.0,49.970001220703125,48.43000030517578,49.5,0.0,40959600
2022-12-23,49.33973693847656,50.20000076293945,0.0,50.54999923706055,48.9900016784668,49.0,0.0,17425700
2022-12-27,49.162811279296875,50.02000045776367,0.0,50.310001373291016,48.52000045776367,49.61000061035156,0.0,15159100
2022-12-28,48.278236389160156,49.119998931884766,0.0,51.09000015258789,48.83000183105469,49.84000015258789,0.0,12518700
2022-12-29,49.78202819824219,50.650001525878906,0.0,50.93000030517578,49.34000015258789,49.400001525878906,0.0,13204300
2022-12-30,49.23529052734375,49.97999954223633,0.115,50.02000045776367,49.130001068115234,49.45000076293945,0.0,11989800
2023-01-03,49.619476318359375,50.369998931884766,0.0,50.959999084472656,49.54999923706055,50.560001373291016,0.0,12422800
2023-01-04,53.39241409301758,54.20000076293945,0.0,54.52000045776367,52.72999954223633,53.04999923706055,0.0,25077300
2023-01-05,53.89480972290039,54.709999084472656,0.0,55.38999938964844,53.88999938964844,53.88999938964844,0.0,18030900
2023-01-06,55.92411422729492,56.77000045776367,0.0,57.290000915527344,54.029998779296875,55.43000030517578,0.0,21069800
2023-01-09,55.520240783691406,56.36000061035156,0.0,57.52000045776367,55.650001525878906,56.81999969482422,0.0,15715900
2023-01-10,56.35757064819336,57.209999084472656,0.0,57.279998779296875,55.86000061035156,56.15999984741211,0.0,10571300
2023-01-11,57.19490432739258,58.060001373291016,0.0,58.470001220703125,56.91999816894531,57.349998474121094,0.0,12143000
2023-01-12,56.41666793823242,57.27000045776367,0.0,58.2400016784668,56.43000030517578,58.11000061035156,0.0,14888100
2023-01-13,56.08173370361328,56.93000030517578,0.0,56.970001220703125,56.119998931884766,56.72999954223633,0.0,12520600
2023-01-17,56.002925872802734,56.849998474121094,0.0,58.599998474121094,56.54999923706055,57.15999984741211,0.0,10962700
2023-01-18,55.66799545288086,56.5099983215332,0.0,58.04999923706055,56.36000061035156,57.5099983215332,0.0,10035300
2023-01-19,55.520240783691406,56.36000061035156,0.0,57.09000015258789,55.279998779296875,55.709999084472656,0.0,12034200
2023-01-20,57.58893966674805,58.459999084472656,0.0,58.56999969482422,56.7599983215332,57.470001220703125,0.0,13826400
2023-01-23,60.89888381958008,61.81999969482422,0.0,61.90999984741211,58.86000061035156,58.91999816894531,0.0,20175400
2023-01-24,60.34720993041992,61.2599983215332,0.0,61.720001220703125,60.869998931884766,61.20000076293945,0.0,10183200
2023-01-25,60.623046875,61.540000915527344,0.0,61.66999816894531,60.41999816894531,60.66999816894531,0.0,10787200
2023-01-26,61.86426544189453,62.79999923706055,0.0,63.04999923706055,61.290000915527344,62.58000183105469,0.0,12219500
2023-01-27,62.91832733154297,63.869998931884766,0.0,64.33999633789062,61.959999084472656,62.13999938964844,0.0,15895800
2023-01-30,60.790504455566406,61.709999084472656,0.0,63.279998779296875,61.689998626708984,62.7599983215332,0.0,16169000
2023-01-31,59.401519775390625,60.29999923706055,0.0,60.34000015258789,58.650001525878906,59.099998474121094,0.0,23856300
2023-02-01,61.6672477722168,62.599998474121094,0.0,63.22999954223633,60.38999938964844,60.619998931884766,0.0,20902200
2023-02-02,62.228755950927734,63.16999816894531,0.0,63.91999816894531,61.86000061035156,63.560001373291016,0.0,15877600
2023-02-03,61.48008728027344,62.40999984741211,0.0,63.790000915527344,61.900001525878906,62.0,0.0,12187100
2023-02-06,59.08628463745117,59.97999954223633,0.0,61.18000030517578,59.7400016784668,60.939998626708984,0.0,11484300
2023-02-07,61.20425033569336,62.130001068115234,0.0,62.38999938964844,59.70000076293945,60.09000015258789,0.0,12713100
2023-02-08,59.352264404296875,60.25,0.0,62.33000183105469,60.22999954223633,61.45000076293945,0.0,9510500
2023-02-09,59.2833137512207,60.18000030517578,0.0,61.81999969482422,59.689998626708984,61.20000076293945,0.0,10094700
2023-02-10,58.928672790527344,59.81999969482422,0.0,60.7599983215332,59.25,60.5,0.0,11429700
2023-02-13,59.22420120239258,60.119998931884766,0.0,60.279998779296875,58.84000015258789,59.81999969482422,0.0,11466200
2023-02-14,61.14514923095703,62.06999969482422,0.0,62.310001373291016,59.029998779296875,59.52000045776367,0.0,12496200
2023-02-15,60.918575286865234,61.84000015258789,0.0,61.939998626708984,60.459999084472656,61.33000183105469,0.0,10457400
2023-02-16,59.15525436401367,60.04999923706055,0.0,61.349998474121094,59.849998474121094,60.779998779296875,0.0,12683400
2023-02-17,58.130741119384766,59.0099983215332,0.0,60.18000030517578,58.5099983215332,59.84000015258789,0.0,10874900
2023-02-21,56.741756439208984,57.599998474121094,0.0,59.709999084472656,57.4900016784668,58.34000015258789,0.0,12667500
2023-02-22,56.130985260009766,56.97999954223633,0.0,58.56999969482422,56.83000183105469,57.72999954223633,0.0,12260300
2023-02-23,57.87461471557617,58.75,0.0,59.75,57.439998626708984,59.13999938964844,0.0,16094600
2023-02-24,57.3131103515625,58.18000030517578,0.0,58.369998931884766,57.349998474121094,57.70000076293945,0.0,9867400
2023-02-27,57.03728485107422,57.900001525878906,0.0,59.560001373291016,57.83000183105469,59.16999816894531,0.0,8514000
2023-02-28,56.958473205566406,57.81999969482422,0.0,58.7400016784668,57.400001525878906,57.63999938964844,0.0,10493300
2023-03-01,56.48562240600586,57.34000015258789,0.0,58.54999923706055,57.220001220703125,57.86000061035156,0.0,9141400
2023-03-02,55.58918762207031,56.43000030517578,0.0,56.70000076293945,54.720001220703125,55.5,0.0,16625500
2023-03-03,55.93397903442383,56.779998779296875,0.0,56.869998931884766,55.439998626708984,56.459999084472656,0.0,13769200
2023-03-06,55.98322677612305,56.83000183105469,0.0,58.650001525878906,56.540000915527344,57.279998779296875,0.0,14472200
2023-03-07,54.73215103149414,55.560001373291016,0.0,56.72999954223633,55.310001373291016,56.5,0.0,13278300
2023-03-08,56.042327880859375,56.88999938964844,0.0,56.91999816894531,55.349998474121094,55.84000015258789,0.0,11515700
2023-03-09,54.77154541015625,55.599998474121094,0.0,57.560001373291016,55.540000915527344,56.63999938964844,0.0,10200000
2023-03-10,54.11153793334961,54.93000030517578,0.0,56.5099983215332,54.529998779296875,55.65999984741211,0.0,14180700
2023-03-13,53.09688186645508,53.900001525878906,0.0,54.54999923706055,52.7599983215332,53.970001220703125,0.0,17365200
2023-03-14,53.461368560791016,54.27000045776367,0.0,55.41999816894531,53.70000076293945,54.970001220703125,0.0,14657000
2023-03-15,53.32345962524414,54.130001068115234,0.0,54.27000045776367,52.880001068115234,53.33000183105469,0.0,14643600
2023-03-16,55.72709655761719,56.56999969482422,0.0,56.709999084472656,53.61000061035156,53.689998626708984,0.0,14791800
2023-03-17,55.815757751464844,56.65999984741211,0.0,57.720001220703125,56.220001220703125,56.79999923706055,0.0,26655200
2023-03-20,56.78115463256836,57.63999938964844,0.0,57.869998931884766,56.08000183105469,56.70000076293945,0.0,10610200
2023-03-21,57.756404876708984,58.630001068115234,0.0,59.52000045776367,57.599998474121094,58.380001068115234,0.0,14613700
2023-03-22,57.303260803222656,58.16999816894531,0.0,60.40999984741211,58.09000015258789,58.400001525878906,0.0,16949300
2023-03-23,60.426029205322266,61.34000015258789,0.0,61.779998779296875,59.130001068115234,59.18000030517578,0.0,23903100
2023-03-24,60.24871063232422,61.15999984741211,0.0,61.400001525878906,60.5,60.5099983215332,0.0,18735600
2023-03-27,58.89912414550781,59.790000915527344,0.0,61.41999816894531,59.16999816894531,61.189998626708984,0.0,15901000
2023-03-28,58.3967170715332,59.279998779296875,0.0,59.869998931884766,57.81999969482422,59.79999923706055,0.0,20496300
2023-03-29,62.59324645996094,63.540000915527344,0.0,64.41999816894531,60.869998931884766,60.90999984741211,0.0,51939800
2023-03-30,62.14995574951172,63.09000015258789,0.0,64.0999984741211,62.47999954223633,64.02999877929688,0.0,23038300
2023-03-31,59.44093322753906,60.34000015258789,0.0,61.65999984741211,59.900001525878906,60.349998474121094,0.0,35416500
2023-04-03,58.721805572509766,59.61000061035156,0.0,59.810001373291016,57.869998931884766,59.810001373291016,0.0,23610800
2023-04-04,56.41666793823242,57.27000045776367,0.0,60.099998474121094,56.95000076293945,59.68000030517578,0.0,21303200
2023-04-05,56.17039108276367,57.02000045776367,0.0,57.11000061035156,56.0099983215332,56.81999969482422,0.0,19456200
2023-04-06,57.80403137207031,58.560001373291016,0.115,59.150001525878906,56.79999923706055,56.95000076293945,0.0,21496500
2023-04-10,62.453224182128906,63.27000045776367,0.0,63.77000045776367,61.0,61.18000030517578,0.0,43280100
2023-04-11,62.74935531616211,63.56999969482422,0.0,64.29000091552734,63.040000915527344,63.63999938964844,0.0,23090200
2023-04-12,61.16013717651367,61.959999084472656,0.0,64.36000061035156,61.84000015258789,64.36000061035156,0.0,16694100
2023-04-13,62.18671798706055,63.0,0.0,63.369998931884766,60.790000915527344,61.5099983215332,0.0,23286500
2023-04-14,61.82149124145508,62.630001068115234,0.0,63.220001220703125,61.77000045776367,63.18000030517578,0.0,14953000
2023-04-17,61.73265838623047,62.540000915527344,0.0,62.77000045776367,61.97999954223633,62.220001220703125,0.0,11546800
2023-04-18,61.130523681640625,61.93000030517578,0.0,63.45000076293945,61.47999954223633,63.33000183105469,0.0,12175200
2023-04-19,59.86704635620117,60.650001525878906,0.0,61.209999084472656,60.380001068115234,60.97999954223633,0.0,11652600
2023-04-20,60.666587829589844,61.459999084472656,0.0,61.95000076293945,59.869998931884766,59.880001068115234,0.0,14382200
2023-04-21,60.340850830078125,61.130001068115234,0.0,61.45000076293945,60.72999954223633,61.150001525878906,0.0,9606200
2023-04-24,58.74176788330078,59.5099983215332,0.0,60.880001068115234,59.349998474121094,60.099998474121094,0.0,13402600
2023-04-25,57.38945007324219,58.13999938964844,0.0,59.34000015258789,58.029998779296875,59.130001068115234,0.0,15987300
2023-04-26,60.232276916503906,61.02000045776367,0.0,61.18000030517578,59.34000015258789,59.58000183105469,0.0,25385000
2023-04-27,61.10091018676758,61.900001525878906,0.0,61.959999084472656,60.130001068115234,60.75,0.0,13524600
2023-04-28,63.52915954589844,64.36000061035156,0.0,64.44000244140625,62.29999923706055,62.43000030517578,0.0,18094700
2023-05-01,61.54509353637695,62.349998474121094,0.0,64.0999984741211,62.310001373291016,63.88999938964844,0.0,12823400
2023-05-02,61.10091018676758,61.900001525878906,0.0,62.58000183105469,61.25,62.22999954223633,0.0,12237600
2023-05-03,60.123695373535156,60.90999984741211,0.0,62.18000030517578,60.81999969482422,61.4900016784668,0.0,10818100
2023-05-04,59.728858947753906,60.5099983215332,0.0,60.959999084472656,59.900001525878906,60.54999923706055,0.0,13357900
2023-05-05,60.43955993652344,61.22999954223633,0.0,61.7400016784668,60.11000061035156,60.61000061035156,0.0,12312700
2023-05-08,60.08420944213867,60.869998931884766,0.0,61.349998474121094,60.310001373291016,61.25,0.0,11510400
2023-05-09,60.1434326171875,60.93000030517578,0.0,61.38999938964844,59.54999923706055,59.880001068115234,0.0,11895200
2023-05-10,59.21556854248047,59.9900016784668,0.0,62.310001373291016,59.790000915527344,61.91999816894531,0.0,14548700
2023-05-11,60.81466293334961,61.61000061035156,0.0,61.810001373291016,60.06999969482422,60.59000015258789,0.0,15536600
2023-05-12,60.13356018066406,60.91999816894531,0.0,62.189998626708984,60.150001525878906,61.9900016784668,0.0,12131400
2023-05-15,63.8055419921875,64.63999938964844,0.0,64.87000274658203,61.79999923706055,62.22999954223633,0.0,22227200
2023-05-16,62.907283782958984,63.72999954223633,0.0,65.22000122070312,63.29999923706055,64.55000305175781,0.0,15259000
2023-05-17,64.08191680908203,64.91999816894531,0.0,65.31999969482422,63.439998626708984,64.58000183105469,0.0,15947700
2023-05-18,66.69770812988281,67.56999969482422,0.0,68.58999633789062,65.08000183105469,65.9800033569336,0.0,30688000
2023-05-19,67.28997039794922,68.16999816894531,0.0,68.38999938964844,66.43000030517578,67.56999969482422,0.0,16812100
2023-05-22,65.37501525878906,66.2300033569336,0.0,66.75,64.76000213623047,65.75,0.0,37491000
2023-05-23,65.15785217285156,66.01000213623047,0.0,67.55999755859375,65.70999908447266,65.8499984741211,0.0,15896200
2023-05-24,65.671142578125,66.52999877929688,0.0,66.7300033569336,64.87999725341797,64.94999694824219,0.0,15806600
2023-05-25,68.71137237548828,69.61000061035156,0.0,69.87999725341797,67.51000213623047,69.75,0.0,29021500
2023-05-26,72.97561645507812,73.93000030517578,0.0,74.58999633789062,69.80000305175781,69.87999725341797,0.0,33410000
2023-05-30,70.76454162597656,71.69000244140625,0.0,74.7699966430664,71.58000183105469,74.38999938964844,0.0,24454700
2023-05-31,67.31957244873047,68.19999694824219,0.0,69.8499984741211,67.91999816894531,68.9000015258789,0.0,30403600
2023-06-01,68.19808959960938,69.08999633789062,0.0,69.79000091552734,68.0999984741211,68.94000244140625,0.0,18153000
2023-06-02,68.27706146240234,69.16999816894531,0.0,70.55000305175781,68.29000091552734,69.98999786376953,0.0,13468200
2023-06-05,66.89513397216797,67.7699966430664,0.0,69.5,67.51000213623047,69.5,0.0,12441100
2023-06-06,66.66810607910156,67.54000091552734,0.0,68.83999633789062,66.81999969482422,67.02999877929688,0.0,12476600
2023-06-07,66.19429779052734,67.05999755859375,0.0,68.66999816894531,66.94000244140625,68.41000366210938,0.0,14610800
2023-06-08,64.47676849365234,65.31999969482422,0.0,66.5199966430664,64.01000213623047,66.5,0.0,25856800
2023-06-09,64.5853500366211,65.43000030517578,0.0,66.4000015258789,64.47000122070312,65.93000030517578,0.0,14649300
2023-06-12,66.57926940917969,67.44999694824219,0.0,67.54000091552734,65.79000091552734,65.83999633789062,0.0,14731100
2023-06-13,66.99384307861328,67.87000274658203,0.0,68.87999725341797,67.5999984741211,68.55999755859375,0.0,11911900
2023-06-14,68.22772216796875,69.12000274658203,0.0,69.20999908447266,67.5199966430664,67.54000091552734,0.0,11085800
2023-06-15,67.93157958984375,68.81999969482422,0.0,69.5199966430664,68.36000061035156,68.58999633789062,0.0,11842600
2023-06-16,66.78654479980469,67.66000366210938,0.0,70.5,66.05999755859375,70.1500015258789,0.0,32259700
2023-06-20,66.03636169433594,66.9000015258789,0.0,67.62000274658203,65.7699966430664,67.31999969482422,0.0,13261600
2023-06-21,64.95056915283203,65.80000305175781,0.0,67.19999694824219,65.33999633789062,66.75,0.0,10427200
2023-06-22,65.3947525024414,66.25,0.0,66.66000366210938,65.51000213623047,65.52999877929688,0.0,8639500
2023-06-23,64.4372787475586,65.27999877929688,0.0,65.95999908447266,64.83999633789062,65.44999694824219,0.0,12663600
2023-06-26,64.60508728027344,65.44999694824219,0.0,66.69999694824219,65.41000366210938,65.62999725341797,0.0,13815900
2023-06-27,65.92779541015625,66.79000091552734,0.0,66.83999633789062,63.790000915527344,65.2699966430664,0.0,18305200
2023-06-28,66.20417785644531,67.06999969482422,0.0,67.7300033569336,65.38999938964844,65.6500015258789,0.0,27100100
2023-06-29,63.49954605102539,64.33000183105469,0.0,67.94999694824219,63.54999923706055,67.83999633789062,0.0,51141900
2023-06-30,62.2952995300293,63.11000061035156,0.0,65.0999984741211,62.900001525878906,64.5,0.0,31549600
2023-07-03,63.075096130371094,63.900001525878906,0.0,64.31999969482422,63.2599983215332,63.439998626708984,0.0,12921300
2023-07-05,61.258846282958984,62.060001373291016,0.0,63.75,62.02000045776367,63.5,0.0,16553000
2023-07-06,60.43955993652344,61.22999954223633,0.0,61.790000915527344,60.5,60.9900016784668,0.0,15607300
2023-07-07,59.979698181152344,60.650001525878906,0.115,61.4900016784668,60.630001068115234,61.43000030517578,0.0,15028100
2023-07-10,61.78947448730469,62.47999954223633,0.0,62.83000183105469,60.58000183105469,60.83000183105469,0.0,16953100
2023-07-11,62.897098541259766,63.599998474121094,0.0,63.66999816894531,62.310001373291016,62.599998474121094,0.0,13454500
2023-07-12,63.084991455078125,63.790000915527344,0.0,64.69999694824219,63.130001068115234,64.47000122070312,0.0,13953600
2023-07-13,63.81681823730469,64.52999877929688,0.0,64.6500015258789,63.54999923706055,64.18000030517578,0.0,11384700
2023-07-14,63.371795654296875,64.08000183105469,0.0,65.54000091552734,63.68000030517578,64.30000305175781,0.0,13860200
2023-07-17,64.43986511230469,65.16000366210938,0.0,65.66999816894531,63.34000015258789,63.79999923706055,0.0,11333600
2023-07-18,64.2222900390625,64.94000244140625,0.0,65.12000274658203,63.75,64.37000274658203,0.0,10393100
2023-07-19,64.24207305908203,64.95999908447266,0.0,65.76000213623047,64.80000305175781,65.62999725341797,0.0,9463900
2023-07-20,63.97505187988281,64.69000244140625,0.0,65.55000305175781,64.25,64.4000015258789,0.0,12745100
2023-07-21,64.92444610595703,65.6500015258789,0.0,66.16000366210938,64.33999633789062,65.29000091552734,0.0,24540200
2023-07-24,64.75631713867188,65.4800033569336,0.0,66.63999938964844,65.22000122070312,65.36000061035156,0.0,10272700
2023-07-25,64.95410919189453,65.68000030517578,0.0,66.0,65.08000183105469,65.4000015258789,0.0,8610900
2023-07-26,66.63532257080078,67.37999725341797,0.0,67.87999725341797,65.0,65.0,0.0,14920600
2023-07-27,70.28453826904297,71.06999969482422,0.0,72.33999633789062,69.95999908447266,70.4800033569336,0.0,25068300
2023-07-28,70.4130859375,71.19999694824219,0.0,72.12999725341797,70.66000366210938,71.58000183105469,0.0,11932900
2023-07-31,70.60099792480469,71.38999938964844,0.0,71.7699966430664,70.87000274658203,71.12000274658203,0.0,11193800
2023-08-01,69.97798156738281,70.76000213623047,0.0,71.08000183105469,69.88999938964844,71.0,0.0,13141100
2023-08-02,67.41659545898438,68.16999816894531,0.0,69.8499984741211,67.33999633789062,69.75,0.0,14004400
2023-08-03,68.4154281616211,69.18000030517578,0.0,69.38999938964844,67.16000366210938,67.56999969482422,0.0,11075200
2023-08-04,69.13735961914062,69.91000366210938,0.0,70.93000030517578,69.12999725341797,69.5,0.0,11255500
2023-08-07,68.61321258544922,69.37999725341797,0.0,70.2300033569336,68.83000183105469,69.8499984741211,0.0,10537500
2023-08-08,66.90233612060547,67.6500015258789,0.0,68.76000213623047,66.95999908447266,68.69999694824219,0.0,14767800
2023-08-09,65.96283721923828,66.69999694824219,0.0,67.97000122070312,66.62000274658203,67.77999877929688,0.0,10043200
2023-08-10,64.7167739868164,65.44000244140625,0.0,67.45999908447266,64.93000030517578,67.05999755859375,0.0,12775300
2023-08-11,63.65858840942383,64.37000274658203,0.0,65.30999755859375,64.06999969482422,64.9000015258789,0.0,11823100
2023-08-14,67.52538299560547,68.27999877929688,0.0,68.4800033569336,64.19999694824219,64.37000274658203,0.0,21954000
2023-08-15,64.60796356201172,65.33000183105469,0.0,67.62999725341797,65.31999969482422,67.58999633789062,0.0,13808500
2023-08-16,63.5102424621582,64.22000122070312,0.0,65.2300033569336,64.08999633789062,65.0,0.0,9895400
2023-08-17,62.85753631591797,63.560001373291016,0.0,64.70999908447266,63.400001525878906,64.48999786376953,0.0,9933300
2023-08-18,62.88720703125,63.59000015258789,0.0,63.86000061035156,61.75,62.310001373291016,0.0,9576500
2023-08-21,63.253116607666016,63.959999084472656,0.0,64.19000244140625,62.86000061035156,63.68000030517578,0.0,11311900
2023-08-22,62.709190368652344,63.40999984741211,0.0,65.08000183105469,63.290000915527344,64.30000305175781,0.0,8876000
2023-08-23,64.46952056884766,65.19000244140625,0.0,65.62000274658203,63.16999816894531,63.56999969482422,0.0,10747400
2023-08-24,62.9860954284668,63.689998626708984,0.0,66.23999786376953,63.369998931884766,66.13999938964844,0.0,12661600
2023-08-25,63.01576614379883,63.720001220703125,0.0,64.38999938964844,62.630001068115234,63.459999084472656,0.0,9409000
2023-08-28,64.58819580078125,65.30999755859375,0.0,66.11000061035156,64.66000366210938,65.72000122070312,0.0,9904900
2023-08-29,65.94304656982422,66.68000030517578,0.0,67.02999877929688,64.87000274658203,64.9000015258789,0.0,9955000
2023-08-30,67.33747100830078,68.08999633789062,0.0,68.69999694824219,66.5199966430664,67.19000244140625,0.0,16892200
2023-08-31,69.16703796386719,69.94000244140625,0.0,70.54000091552734,67.97000122070312,67.97000122070312,0.0,18420900
2023-09-01,69.612060546875,70.38999938964844,0.0,70.62000274658203,69.55000305175781,70.20999908447266,0.0,10772000
2023-09-05,69.5131607055664,70.29000091552734,0.0,71.16000366210938,69.52999877929688,69.91000366210938,0.0,11144300
2023-09-06,69.63184356689453,70.41000366210938,0.0,70.66000366210938,69.63999938964844,70.12999725341797,0.0,9192800
2023-09-07,69.09778594970703,69.87000274658203,0.0,70.29000091552734,69.0999984741211,69.44999694824219,0.0,12043200
2023-09-08,69.40437316894531,70.18000030517578,0.0,70.61000061035156,69.61000061035156,69.7699966430664,0.0,9805000
2023-09-11,69.25602722167969,70.02999877929688,0.0,70.86000061035156,69.30999755859375,70.83000183105469,0.0,9310400
2023-09-12,69.53292846679688,70.30999755859375,0.0,71.69000244140625,69.79000091552734,69.95999908447266,0.0,11062100
2023-09-13,70.06697082519531,70.8499984741211,0.0,71.86000061035156,70.36000061035156,71.05000305175781,0.0,14525500
2023-09-14,70.99657440185547,71.79000091552734,0.0,72.2300033569336,71.27999877929688,71.66999816894531,0.0,11170300
2023-09-15,69.10768127441406,69.87999725341797,0.0,71.62999725341797,69.63999938964844,71.29000091552734,0.0,16416100
2023-09-18,69.72083282470703,70.5,0.0,71.05000305175781,69.91000366210938,70.6500015258789,0.0,12735700
2023-09-19,69.92851257324219,70.70999908447266,0.0,71.05999755859375,69.97000122070312,70.62000274658203,0.0,10399000
2023-09-20,68.90989685058594,69.68000030517578,0.0,72.30999755859375,69.6500015258789,70.94999694824219,0.0,15522100
2023-09-21,67.1495590209961,67.9000015258789,0.0,69.29000091552734,67.83000183105469,69.0,0.0,14978600
2023-09-22,68.11874389648438,68.87999725341797,0.0,69.75,67.79000091552734,68.58999633789062,0.0,15487200
2023-09-25,67.82205200195312,68.58000183105469,0.0,69.19000244140625,67.61000061035156,68.29000091552734,0.0,14900000
2023-09-26,67.18912506103516,67.94000244140625,0.0,69.05000305175781,67.58999633789062,67.97000122070312,0.0,12752500
2023-09-27,67.45616149902344,68.20999908447266,0.0,68.8499984741211,66.75,68.12000274658203,0.0,20852300
2023-09-28,64.47940826416016,65.19999694824219,0.0,67.08999633789062,63.83000183105469,65.97000122070312,0.0,46749800
2023-09-29,67.27812194824219,68.02999877929688,0.0,68.7300033569336,66.36000061035156,66.36000061035156,0.0,24315500
2023-10-02,67.20890808105469,67.95999908447266,0.0,69.27999877929688,67.05999755859375,68.23999786376953,0.0,14880500
2023-10-03,67.08035278320312,67.83000183105469,0.0,69.6500015258789,67.11000061035156,67.16999816894531,0.0,12481500
2023-10-04,67.35725402832031,68.11000061035156,0.0,68.5,67.12000274658203,68.30999755859375,0.0,12912800
2023-10-05,68.28688049316406,69.05000305175781,0.0,69.54000091552734,68.33999633789062,68.61000061035156,0.0,14045000
2023-10-06,69.30223083496094,69.95999908447266,0.115,70.33000183105469,68.0,68.70999908447266,0.0,15113400
2023-10-09,68.82675170898438,69.4800033569336,0.0,69.94999694824219,68.58000183105469,69.61000061035156,0.0,8588700
2023-10-10,68.42060089111328,69.06999969482422,0.0,70.11000061035156,68.88999938964844,69.48999786376953,0.0,9007600
2023-10-11,69.54986572265625,70.20999908447266,0.0,70.2699966430664,68.93000030517578,69.72000122070312,0.0,11165300
2023-10-12,69.0942153930664,69.75,0.0,70.72000122070312,69.30000305175781,70.38999938964844,0.0,11408700
2023-10-13,68.55926513671875,69.20999908447266,0.0,70.05999755859375,69.08999633789062,69.87000274658203,0.0,10287900
2023-10-16,68.43051147460938,69.08000183105469,0.0,70.02999877929688,68.13999938964844,69.01000213623047,0.0,11294100
2023-10-17,68.35125732421875,69.0,0.0,69.62999725341797,67.62000274658203,68.06999969482422,0.0,11843000
2023-10-18,68.48993682861328,69.13999938964844,0.0,69.55000305175781,67.9800033569336,68.01000213623047,0.0,11201000
2023-10-19,66.89508819580078,67.52999877929688,0.0,69.77999877929688,67.18000030517578,69.68000030517578,0.0,18111000
2023-10-20,66.58798217773438,67.22000122070312,0.0,68.5199966430664,67.13999938964844,67.55999755859375,0.0,11506100
2023-10-23,66.25118255615234,66.87999725341797,0.0,68.16000366210938,66.2300033569336,66.81999969482422,0.0,9762000
2023-10-24,67.42998504638672,68.06999969482422,0.0,68.3499984741211,67.12999725341797,67.29000091552734,0.0,8450700
2023-10-25,65.87476348876953,66.5,0.0,69.19999694824219,65.9000015258789,68.48999786376953,0.0,11924300
2023-10-26,63.92327880859375,64.52999877929688,0.0,67.44000244140625,63.880001068115234,66.44999694824219,0.0,16697900
2023-10-27,65.03276062011719,65.6500015258789,0.0,66.2699966430664,64.87999725341797,64.91999816894531,0.0,9980300
2023-10-30,65.44879913330078,66.06999969482422,0.0,67.55000305175781,65.16999816894531,66.36000061035156,0.0,10667700
2023-10-31,66.24127197265625,66.87000274658203,0.0,67.06999969482422,65.26000213623047,66.08000183105469,0.0,8268400
2023-11-01,68.74748229980469,69.4000015258789,0.0,69.66000366210938,67.0,67.0,0.0,16777500
2023-11-02,69.77770233154297,70.44000244140625,0.0,71.02999877929688,69.75,70.31999969482422,0.0,11926000
2023-11-03,71.89759826660156,72.58000183105469,0.0,73.19000244140625,71.1500015258789,71.30000305175781,0.0,14457900
2023-11-06,72.2343978881836,72.91999816894531,0.0,72.98999786376953,72.0199966430664,72.58000183105469,0.0,10073900
2023-11-07,72.11552429199219,72.80000305175781,0.0,73.12999725341797,71.70999908447266,72.4800033569336,0.0,8248400
2023-11-08,71.60041809082031,72.27999877929688,0.0,72.77999877929688,71.72000122070312,72.62000274658203,0.0,9917600
2023-11-09,72.87828826904297,73.56999969482422,0.0,76.0999984741211,73.5,73.55000305175781,0.0,22435900
2023-11-10,74.65145111083984,75.36000061035156,0.0,75.80999755859375,73.56999969482422,74.44000244140625,0.0,12306000
2023-11-13,74.076904296875,74.77999877929688,0.0,75.19999694824219,73.38999938964844,74.1500015258789,0.0,9116000
2023-11-14,76.44444274902344,77.16999816894531,0.0,77.44999694824219,75.91000366210938,76.0,0.0,12972700
2023-11-15,76.41471099853516,77.13999938964844,0.0,77.5,76.30999755859375,77.5,0.0,9954000
2023-11-16,75.94914245605469,76.66999816894531,0.0,77.4800033569336,76.4800033569336,76.88999938964844,0.0,12989000
2023-11-17,76.83076477050781,77.55999755859375,0.0,77.94000244140625,76.47000122070312,76.5999984741211,0.0,9376900
2023-11-20,77.88079833984375,78.62000274658203,0.0,78.91000366210938,77.12999725341797,77.33999633789062,0.0,11424100
2023-11-21,75.98876953125,76.70999908447266,0.0,77.93000030517578,76.30999755859375,77.8499984741211,0.0,12016700
2023-11-22,76.3750991821289,77.0999984741211,0.0,78.44999694824219,76.8499984741211,77.19999694824219,0.0,8579500
2023-11-24,76.14726257324219,76.87000274658203,0.0,77.01000213623047,76.37000274658203,76.68000030517578,0.0,4349600
2023-11-27,76.78124237060547,77.51000213623047,0.0,78.29000091552734,76.66000366210938,76.87000274658203,0.0,11005600
2023-11-28,75.40430450439453,76.12000274658203,0.0,76.23999786376953,73.98999786376953,75.08000183105469,0.0,19225700
2023-11-29,75.96893310546875,76.69000244140625,0.0,79.0199966430664,76.37999725341797,77.44999694824219,0.0,14062900
2023-11-30,75.40430450439453,76.12000274658203,0.0,77.0,74.97000122070312,76.81999969482422,0.0,21701600
2023-12-01,75.21609497070312,75.93000030517578,0.0,76.54000091552734,75.08999633789062,76.01000213623047,0.0,14354700
2023-12-04,73.59151458740234,74.29000091552734,0.0,75.5999984741211,73.33000183105469,75.41999816894531,0.0,11659300
2023-12-05,72.99717712402344,73.69000244140625,0.0,73.97000122070312,73.04000091552734,73.47000122070312,0.0,8800500
2023-12-06,72.44241333007812,73.12999725341797,0.0,75.4000015258789,72.93000030517578,75.30000305175781,0.0,8883900
2023-12-07,72.95752716064453,73.6500015258789,0.0,74.20999908447266,72.98999786376953,74.0199966430664,0.0,10641300
2023-12-08,74.25521850585938,74.95999908447266,0.0,75.3499984741211,73.43000030517578,73.4800033569336,0.0,12007100
2023-12-11,77.05860900878906,77.79000091552734,0.0,78.51000213623047,76.97000122070312,77.19000244140625,0.0,18547600
2023-12-12,77.42514038085938,78.16000366210938,0.0,78.26000213623047,77.0999984741211,77.41999816894531,0.0,10262100
2023-12-13,79.03981018066406,79.79000091552734,0.0,80.2699966430664,78.02999877929688,78.30000305175781,0.0,11629900
2023-12-14,81.417236328125,82.19000244140625,0.0,82.4000015258789,80.79000091552734,80.80999755859375,0.0,17342800
2023-12-15,80.64457702636719,81.41000366210938,0.0,82.98999786376953,81.11000061035156,82.88999938964844,0.0,19547800
2023-12-18,80.79315185546875,81.55999755859375,0.0,81.86000061035156,80.80999755859375,81.58999633789062,0.0,12416600
2023-12-19,81.39742279052734,82.16999816894531,0.0,82.2699966430664,81.16999816894531,81.66999816894531,0.0,14316400
2023-12-20,77.95014953613281,78.69000244140625,0.0,81.62000274658203,78.62999725341797,81.45999908447266,0.0,29085000
2023-12-21,84.67630767822266,85.4800033569336,0.0,86.0199966430664,83.11000061035156,85.0,0.0,53969700
2023-12-22,85.67680358886719,86.48999786376953,0.0,87.48999786376953,85.62000274658203,86.1500015258789,0.0,22531800
2023-12-26,86.24144744873047,87.05999755859375,0.0,87.87000274658203,86.43000030517578,86.69999694824219,0.0,11203900
2023-12-27,85.84522247314453,86.66000366210938,0.0,87.48999786376953,86.22000122070312,87.4800033569336,0.0,9186300
2023-12-28,85.19141387939453,86.0,0.0,86.75,85.83999633789062,86.75,0.0,9606200
2023-12-29,84.65081024169922,85.33999633789062,0.115,86.13999938964844,85.02999877929688,85.83999633789062,0.0,8549200
2024-01-02,81.67504119873047,82.33999633789062,0.0,84.08000183105469,81.75,84.0,0.0,13597100
2024-01-03,81.59569549560547,82.26000213623047,0.0,82.58999633789062,80.58000183105469,81.19999694824219,0.0,12915600
2024-01-04,82.04206085205078,82.70999908447266,0.0,84.26000213623047,82.61000061035156,83.47000122070312,0.0,19134200
2024-01-05,82.77609252929688,83.44999694824219,0.0,83.52999877929688,81.01000213623047,81.4800033569336,0.0,15483700
2024-01-08,84.26396942138672,84.94999694824219,0.0,85.51000213623047,83.83000183105469,83.88999938964844,0.0,16219800
2024-01-09,82.65704345703125,83.33000183105469,0.0,84.19000244140625,82.9000015258789,83.12999725341797,0.0,12138700
2024-01-10,81.71472930908203,82.37999725341797,0.0,83.0199966430664,81.66000366210938,82.95999908447266,0.0,10748600
2024-01-11,82.71656799316406,83.38999938964844,0.0,83.44999694824219,81.81999969482422,82.80000305175781,0.0,10579300
2024-01-12,81.72464752197266,82.38999938964844,0.0,83.05000305175781,81.70999908447266,82.75,0.0,10187500
2024-01-16,83.92671203613281,84.61000061035156,0.0,85.22000122070312,82.33000183105469,82.54000091552734,0.0,13713500
2024-01-17,82.60745239257812,83.27999877929688,0.0,83.97000122070312,82.62999725341797,83.69000244140625,0.0,10245400
2024-01-18,84.1350326538086,84.81999969482422,0.0,85.81999969482422,84.04000091552734,85.22000122070312,0.0,15077700
2024-01-19,86.80329132080078,87.51000213623047,0.0,87.79000091552734,85.62000274658203,86.05999755859375,0.0,18156800
2024-01-22,88.51933288574219,89.23999786376953,0.0,89.94999694824219,88.01000213623047,88.2699966430664,0.0,14371200
2024-01-23,86.82313537597656,87.52999877929688,0.0,89.18000030517578,86.87999725341797,89.0,0.0,16850900
2024-01-24,87.36869049072266,88.08000183105469,0.0,88.56999969482422,86.61000061035156,88.41000366210938,0.0,19752800
2024-01-25,88.47964477539062,89.19999694824219,0.0,90.04000091552734,88.5,89.1500015258789,0.0,15892400
2024-01-26,87.33893585205078,88.05000305175781,0.0,88.5,86.29000091552734,87.23999786376953,0.0,14934500
2024-01-29,88.35070037841797,89.06999969482422,0.0,89.56999969482422,88.0199966430664,88.5,0.0,12108100
2024-01-30,85.4642105102539,86.16000366210938,0.0,88.79000091552734,85.76000213623047,88.08000183105469,0.0,12980400
2024-01-31,85.05750274658203,85.75,0.0,86.91999816894531,84.79000091552734,84.95999908447266,0.0,11396700
2024-02-01,84.91863250732422,85.61000061035156,0.0,86.19000244140625,84.62000274658203,86.06999969482422,0.0,10459000
2024-02-02,85.7816162109375,86.4800033569336,0.0,86.61000061035156,84.94000244140625,85.06999969482422,0.0,10450000
2024-02-05,86.27758026123047,86.9800033569336,0.0,87.22000122070312,85.61000061035156,86.73999786376953,0.0,8409300
2024-02-06,83.91680145263672,84.5999984741211,0.0,87.19000244140625,83.72000122070312,86.83000183105469,0.0,12990300
2024-02-07,84.48218536376953,85.16999816894531,0.0,85.27999877929688,82.47000122070312,84.13999938964844,0.0,16374800
2024-02-08,84.19451904296875,84.87999725341797,0.0,86.02999877929688,84.52999877929688,85.51000213623047,0.0,12524500
2024-02-09,84.8690414428711,85.55999755859375,0.0,85.62000274658203,83.95999908447266,85.05999755859375,0.0,12161500
2024-02-12,85.0079116821289,85.69999694824219,0.0,86.91000366210938,85.38999938964844,85.52999877929688,0.0,10366000
2024-02-13,80.87158203125,81.52999877929688,0.0,83.55000305175781,80.7699966430664,82.47000122070312,0.0,21207900
2024-02-14,81.16915130615234,81.83000183105469,0.0,83.18000030517578,81.48999786376953,82.18000030517578,0.0,12870900
2024-02-15,80.97077178955078,81.62999725341797,0.0,82.70999908447266,81.51000213623047,82.23999786376953,0.0,11527600
2024-02-16,78.85797882080078,79.5,0.0,81.33999633789062,79.25,80.95999908447266,0.0,15553100
2024-02-20,80.05821228027344,80.70999908447266,0.0,80.7699966430664,79.1500015258789,79.33000183105469,0.0,12627200
2024-02-21,80.8319091796875,81.48999786376953,0.0,81.5,79.94000244140625,80.79000091552734,0.0,9913300
2024-02-22,85.2162094116211,85.91000366210938,0.0,86.30999755859375,83.87999725341797,85.0,0.0,17510900
2024-02-23,85.30549621582031,86.0,0.0,86.81999969482422,85.05000305175781,86.55000305175781,0.0,10232800
2024-02-26,88.73754119873047,89.45999908447266,0.0,92.3499984741211,88.9000015258789,89.68000030517578,0.0,28920100
2024-02-27,91.10823822021484,91.8499984741211,0.0,92.75,90.48999786376953,91.88999938964844,0.0,21422700
2024-02-28,88.98553466796875,89.70999908447266,0.0,90.79000091552734,89.30000305175781,90.45999908447266,0.0,14190700
2024-02-29,89.87826538085938,90.61000061035156,0.0,90.83000183105469,88.81999969482422,90.6500015258789,0.0,17027000
2024-03-01,94.381591796875,95.1500015258789,0.0,96.05999755859375,91.91999816894531,91.91999816894531,0.0,23446200
2024-03-04,94.99657440185547,95.7699966430664,0.0,97.37999725341797,94.62000274658203,96.93000030517578,0.0,20913200
2024-03-05,93.70708465576172,94.47000122070312,0.0,95.37000274658203,93.27999877929688,94.25,0.0,12887500
2024-03-06,94.78828430175781,95.55999755859375,0.0,96.43000030517578,94.55999755859375,95.05000305175781,0.0,14232400
2024-03-07,98.18067169189453,98.9800033569336,0.0,99.69000244140625,97.47000122070312,98.93000030517578,0.0,24843300
2024-03-08,96.83165740966797,97.62000274658203,0.0,101.8499984741211,97.31999969482422,99.87999725341797,0.0,22379000
2024-03-11,93.74677276611328,94.51000213623047,0.0,96.45999908447266,93.52999877929688,95.9000015258789,0.0,15673300
2024-03-12,96.63327026367188,97.41999816894531,0.0,97.5,93.63999938964844,95.33000183105469,0.0,14993700
2024-03-13,93.39958953857422,94.16000366210938,0.0,95.33999633789062,93.0999984741211,95.31999969482422,0.0,16732600
2024-03-14,90.69163513183594,91.43000030517578,0.0,93.44999694824219,90.30000305175781,93.30000305175781,0.0,16718900
2024-03-15,92.49694061279297,93.25,0.0,94.69999694824219,92.0199966430664,92.4800033569336,0.0,29579500
2024-03-18,93.02265930175781,93.77999877929688,0.0,97.08000183105469,93.69000244140625,96.81999969482422,0.0,23140300
2024-03-19,93.24088287353516,94.0,0.0,94.16000366210938,91.0,92.58000183105469,0.0,21054700
2024-03-20,95.47270965576172,96.25,0.0,96.68000030517578,93.58999633789062,94.98999786376953,0.0,39807400
2024-03-21,108.96287536621094,109.8499984741211,0.0,113.5,108.77999877929688,113.37000274658203,0.0,89554100
2024-03-22,109.31997680664062,110.20999908447266,0.0,111.33999633789062,107.05000305175781,109.30999755859375,0.0,37281400
2024-03-25,116.18408203125,117.12999725341797,0.0,121.41000366210938,110.16000366210938,110.23999786376953,0.0,55766100
2024-03-26,117.84061431884766,118.80000305175781,0.0,122.45999908447266,118.16999816894531,119.0,0.0,44295100
2024-03-27,118.28697967529297,119.25,0.0,120.11000061035156,117.08000183105469,119.30000305175781,0.0,29320700
2024-03-28,117.05083465576172,117.88999938964844,0.115,119.62999725341797,117.3499984741211,119.44000244140625,0.0,21047800
2024-04-01,123.41520690917969,124.30000305175781,0.0,127.37999725341797,119.0,119.19999694824219,0.0,44309400
2024-04-02,121.87623596191406,122.75,0.0,123.68000030517578,120.91999816894531,122.70999908447266,0.0,25026400
2024-04-03,127.0987777709961,128.00999450683594,0.0,128.27999877929688,121.33000183105469,122.19999694824219,0.0,40130100
2024-04-04,123.20669555664062,124.08999633789062,0.0,130.5399932861328,123.6500015258789,130.17999267578125,0.0,36009900
2024-04-05,122.70032501220703,123.58000183105469,0.0,125.69000244140625,121.19999694824219,124.4000015258789,0.0,23326500
2024-04-08,122.07482147216797,122.94999694824219,0.0,129.6999969482422,122.61000061035156,129.05999755859375,0.0,27955800
2024-04-09,121.75708770751953,122.62999725341797,0.0,126.13999938964844,121.2699966430664,124.88999938964844,0.0,19212900
2024-04-10,121.33013916015625,122.19999694824219,0.0,124.4800033569336,119.93000030517578,120.0,0.0,22242300
2024-04-11,126.60235595703125,127.51000213623047,0.0,127.55999755859375,122.08000183105469,122.9000015258789,0.0,21745300
2024-04-12,121.64788055419922,122.5199966430664,0.0,125.98999786376953,121.83000183105469,125.25,0.0,24808200
2024-04-15,120.50607299804688,121.37000274658203,0.0,124.77999877929688,120.61000061035156,123.62999725341797,0.0,17732600
2024-04-16,120.9032211303711,121.7699966430664,0.0,122.55000305175781,118.36000061035156,119.52999877929688,0.0,17452400
2024-04-17,115.50194549560547,116.33000183105469,0.0,124.41999816894531,116.19999694824219,122.0199966430664,0.0,25546500
2024-04-18,111.13325500488281,111.93000030517578,0.0,117.62000274658203,111.4800033569336,116.0,0.0,32146900
2024-04-19,106.0099868774414,106.7699966430664,0.0,110.87999725341797,105.72000122070312,109.66000366210938,0.0,33787500
2024-04-22,108.34326934814453,109.12000274658203,0.0,110.2300033569336,106.62999725341797,107.5999984741211,0.0,19820900
2024-04-23,111.65949249267578,112.45999908447266,0.0,112.88999938964844,108.91000366210938,109.70999908447266,0.0,17887500
2024-04-24,110.98432159423828,111.77999877929688,0.0,113.94999694824219,109.2300033569336,112.72000122070312,0.0,20505900
2024-04-25,110.78575134277344,111.58000183105469,0.0,113.05999755859375,108.06999969482422,109.37000274658203,0.0,18342800
2024-04-26,114.02255249023438,114.83999633789062,0.0,115.05999755859375,111.5999984741211,112.0,0.0,20630700
2024-04-29,113.54595184326172,114.36000061035156,0.0,114.75,112.11000061035156,113.80999755859375,0.0,14419100
2024-04-30,112.15592956542969,112.95999908447266,0.0,116.27999877929688,112.93000030517578,114.18000030517578,0.0,14845600
2024-05-01,108.91912841796875,109.69999694824219,0.0,113.7300033569336,108.75,110.5199966430664,0.0,16686200
2024-05-02,111.53041076660156,112.33000183105469,0.0,112.41000366210938,109.43000030517578,111.73999786376953,0.0,15439200
2024-05-03,113.88353729248047,114.69999694824219,0.0,115.4800033569336,113.44999694824219,115.02999877929688,0.0,15564400
2024-05-06,119.27488708496094,120.12999725341797,0.0,121.37000274658203,118.0199966430664,119.77999877929688,0.0,22538700
2024-05-07,118.36144256591797,119.20999908447266,0.0,121.41000366210938,119.18000030517578,120.1500015258789,0.0,12508300
2024-05-08,118.47064971923828,119.31999969482422,0.0,120.47000122070312,118.22000122070312,118.30000305175781,0.0,10867900
2024-05-09,116.97140502929688,117.80999755859375,0.0,119.62999725341797,117.44000244140625,119.31999969482422,0.0,11524800
2024-05-10,120.37698364257812,121.23999786376953,0.0,121.8499984741211,119.18000030517578,120.04000091552734,0.0,13922400
2024-05-13,122.12445831298828,123.0,0.0,124.11000061035156,121.6500015258789,122.93000030517578,0.0,16643200
2024-05-14,123.92156982421875,124.80999755859375,0.0,125.04000091552734,121.66999816894531,122.98999786376953,0.0,13887700
2024-05-15,126.90021514892578,127.80999755859375,0.0,127.94999694824219,125.44000244140625,126.2300033569336,0.0,14265100
2024-05-16,126.97965240478516,127.88999938964844,0.0,130.1300048828125,127.05000305175781,127.93000030517578,0.0,15874700
2024-05-17,124.39815521240234,125.29000091552734,0.0,129.02999877929688,124.86000061035156,128.36000061035156,0.0,13774700
2024-05-20,128.08172607421875,129.0,0.0,131.02000427246094,126.63999938964844,127.12999725341797,0.0,19123200
2024-05-21,126.59242248535156,127.5,0.0,128.82000732421875,123.27999877929688,124.19999694824219,0.0,15717800
2024-05-22,125.38111114501953,126.27999877929688,0.0,127.87000274658203,125.23999786376953,127.79000091552734,0.0,11190100
2024-05-23,125.37117004394531,126.2699966430664,0.0,131.9499969482422,124.66000366210938,131.77000427246094,0.0,20747400
2024-05-24,128.56825256347656,129.49000549316406,0.0,130.39999389648438,126.5999984741211,127.81999969482422,0.0,14048900
2024-05-28,131.72561645507812,132.6699981689453,0.0,133.3000030517578,129.27000427246094,131.75999450683594,0.0,14143000
2024-05-29,130.64337158203125,131.5800018310547,0.0,133.10000610351562,129.89999389648438,130.0,0.0,11242500
2024-05-30,125.39104461669922,126.29000091552734,0.0,131.6699981689453,125.69999694824219,130.3000030517578,0.0,12639700
2024-05-31,124.11022186279297,125.0,0.0,127.31999969482422,121.01000213623047,126.3499984741211,0.0,24153800
2024-06-03,127.25765228271484,128.1699981689453,0.0,128.83999633789062,125.1500015258789,128.1300048828125,0.0,16134300
2024-06-04,125.7385482788086,126.63999938964844,0.0,127.86000061035156,125.41999816894531,127.3499984741211,0.0,12995500
2024-06-05,132.75820922851562,133.7100067138672,0.0,133.8699951171875,127.6500015258789,128.8000030517578,0.0,22301800
2024-06-06,129.14414978027344,130.07000732421875,0.0,134.1300048828125,129.17999267578125,133.83999633789062,0.0,15505000
2024-06-07,130.0079345703125,130.94000244140625,0.0,132.5399932861328,129.6199951171875,130.2100067138672,0.0,12139500
2024-06-10,133.86033630371094,134.82000732421875,0.0,135.6699981689453,129.7100067138672,129.7100067138672,0.0,14652100
2024-06-11,134.10855102539062,135.07000732421875,0.0,135.85000610351562,131.77999877929688,135.32000732421875,0.0,14125000
2024-06-12,139.74810791015625,140.75,0.0,141.7100067138672,136.8300018310547,138.50999450683594,0.0,16973600
2024-06-13,142.12107849121094,143.13999938964844,0.0,144.22000122070312,140.25999450683594,142.7899932861328,0.0,16312900
2024-06-14,140.353759765625,141.36000061035156,0.0,142.49000549316406,139.64999389648438,141.8000030517578,0.0,14028500
2024-06-17,146.77772521972656,147.8300018310547,0.0,148.75,142.13999938964844,145.5800018310547,0.0,23909000
2024-06-18,152.357666015625,153.4499969482422,0.0,157.5399932861328,151.50999450683594,151.74000549316406,0.0,42192600
2024-06-20,143.1636199951172,144.19000244140625,0.0,157.41000366210938,142.91000366210938,157.00999450683594,0.0,41285000
2024-06-21,138.54669189453125,139.5399932861328,0.0,142.60000610351562,135.6999969482422,137.64999389648438,0.0,49893500
2024-06-24,138.0204620361328,139.00999450683594,0.0,142.8300018310547,137.88999938964844,142.44000244140625,0.0,32410100
2024-06-25,140.11546325683594,141.1199951171875,0.0,141.1300048828125,137.75,140.07000732421875,0.0,31160600
2024-06-26,141.34664916992188,142.36000061035156,0.0,144.07000732421875,139.5399932861328,143.0399932861328,0.0,55490300
2024-06-27,131.28875732421875,132.22999572753906,0.0,137.38999938964844,131.0800018310547,135.7899932861328,0.0,68172700
2024-06-28,130.59371948242188,131.52999877929688,0.0,135.4199981689453,130.75,132.82000732421875,0.0,38140600
2024-07-01,130.5838165283203,131.52000427246094,0.0,132.0800018310547,127.2699966430664,130.5,0.0,24749000
2024-07-02,131.6461944580078,132.58999633789062,0.0,132.7100067138672,129.4199981689453,129.91000366210938,0.0,20776000
2024-07-03,135.84608459472656,136.82000732421875,0.0,136.82000732421875,132.42999267578125,132.66000366210938,0.0,14507100
2024-07-05,130.6632537841797,131.60000610351562,0.0,137.1300048828125,130.91000366210938,136.82000732421875,0.0,30104600
2024-07-08,129.8732452392578,130.69000244140625,0.115,133.27000427246094,130.08999633789062,131.2899932861328,0.0,20500700
2024-07-09,130.3203887939453,131.13999938964844,0.0,135.2100067138672,130.8800048828125,131.75,0.0,21850900
2024-07-10,135.5375518798828,136.38999938964844,0.0,136.5,132.6999969482422,133.10000610351562,0.0,22460200
2024-07-11,129.4160919189453,130.22999572753906,0.0,136.42999267578125,130.07000732421875,136.36000061035156,0.0,25401500
2024-07-12,132.71533203125,133.5500030517578,0.0,134.42999267578125,130.72000122070312,131.75,0.0,20726900
2024-07-15,130.0520782470703,130.8699951171875,0.0,135.35000610351562,130.02999877929688,133.91000366210938,0.0,20416000
2024-07-16,126.69322204589844,127.48999786376953,0.0,130.97000122070312,127.23999786376953,130.4199981689453,0.0,21312600
2024-07-17,118.7531509399414,119.5,0.0,123.02999877929688,119.2300033569336,122.58000183105469,0.0,31414100
2024-07-18,116.71595001220703,117.44999694824219,0.0,121.63999938964844,114.08999633789062,120.5,0.0,30404900
2024-07-19,113.54589080810547,114.26000213623047,0.0,117.20999908447266,113.8499984741211,116.69000244140625,0.0,18038900
2024-07-22,114.55951690673828,115.27999877929688,0.0,115.58000183105469,113.63999938964844,115.36000061035156,0.0,23837800
2024-07-23,113.53595733642578,114.25,0.0,116.33999633789062,113.83000183105469,115.12999725341797,0.0,14707700
2024-07-24,109.59077453613281,110.27999877929688,0.0,114.04000091552734,110.0,111.47000122070312,0.0,25261000
2024-07-25,106.7784423828125,107.44999694824219,0.0,110.69999694824219,105.04000091552734,106.80000305175781,0.0,29068400
2024-07-26,108.72621154785156,109.41000366210938,0.0,110.62999725341797,107.77999877929688,110.0,0.0,18547900
2024-07-29,107.17594909667969,107.8499984741211,0.0,111.02999877929688,107.13999938964844,110.54000091552734,0.0,13517700
2024-07-30,101.91902160644531,102.55999755859375,0.0,109.25,102.16999816894531,109.0,0.0,23915100
2024-07-31,109.1336441040039,109.81999969482422,0.0,111.33999633789062,107.75,109.8499984741211,0.0,26503600
2024-08-01,100.87557983398438,101.51000213623047,0.0,107.86000061035156,99.94999694824219,107.18000030517578,0.0,31643700
2024-08-02,92.1206283569336,92.69999694824219,0.0,97.69000244140625,91.06999969482422,97.16000366210938,0.0,36039400
2024-08-05,89.85488891601562,90.41999816894531,0.0,92.25,84.91000366210938,87.62999725341797,0.0,36977600
2024-08-06,88.44377136230469,89.0,0.0,90.86000061035156,87.1500015258789,89.19999694824219,0.0,26460000
2024-08-07,86.25751495361328,86.80000305175781,0.0,93.58000183105469,86.58000183105469,93.37999725341797,0.0,29483800
2024-08-08,91.49457550048828,92.06999969482422,0.0,92.8499984741211,88.02999877929688,88.4800033569336,0.0,24760700
2024-08-09,92.49826049804688,93.08000183105469,0.0,94.52999877929688,91.44999694824219,91.79000091552734,0.0,21627200
2024-08-12,94.04852294921875,94.63999938964844,0.0,96.52999877929688,92.62999725341797,93.0999984741211,0.0,18886600
2024-08-13,96.8310317993164,97.44000244140625,0.0,97.77999877929688,94.91000366210938,96.62000274658203,0.0,23565500
2024-08-14,99.78246307373047,100.41000366210938,0.0,101.94999694824219,98.06999969482422,101.0,0.0,22459000
2024-08-15,106.28158569335938,106.94999694824219,0.0,108.05000305175781,102.75,103.51000213623047,0.0,29128000
2024-08-16,107.31507110595703,107.98999786376953,0.0,109.47000122070312,105.3499984741211,106.83000183105469,0.0,18383300
2024-08-19,107.95108032226562,108.62999725341797,0.0,108.72000122070312,104.76000213623047,107.25,0.0,15744600
2024-08-20,107.31507110595703,107.98999786376953,0.0,109.19000244140625,106.16000366210938,108.33000183105469,0.0,16075500
2024-08-21,107.65296173095703,108.33000183105469,0.0,108.4000015258789,106.20999908447266,108.16000366210938,0.0,13658900
2024-08-22,103.60839080810547,104.26000213623047,0.0,111.0,103.95999908447266,108.94999694824219,0.0,17967000
2024-08-23,102.20719909667969,102.8499984741211,0.0,104.41000366210938,100.30999755859375,103.04000091552734,0.0,25465100
2024-08-26,98.29182434082031,98.91000366210938,0.0,102.19000244140625,97.61000061035156,100.66999816894531,0.0,26752300
2024-08-27,97.24839782714844,97.86000061035156,0.0,98.48999786376953,96.66999816894531,97.08999633789062,0.0,17234600
2024-08-28,94.26712799072266,94.86000061035156,0.0,97.68000030517578,92.69999694824219,97.36000061035156,0.0,25564300
2024-08-29,94.97270202636719,95.56999969482422,0.0,97.9800033569336,94.98999786376953,96.55999755859375,0.0,18984300
2024-08-30,95.63851165771484,96.23999786376953,0.0,98.41000366210938,94.98999786376953,96.91999816894531,0.0,18819400
2024-09-03,88.02639770507812,88.58000183105469,0.0,93.87999725341797,88.30999755859375,93.62999725341797,0.0,28897200
2024-09-04,88.73194885253906,89.29000091552734,0.0,90.7300033569336,87.80999755859375,88.36000061035156,0.0,16356500
2024-09-05,88.8313217163086,89.38999938964844,0.0,90.69999694824219,87.76000213623047,88.0999984741211,0.0,13890700
2024-09-06,85.84013366699219,86.37999725341797,0.0,89.6500015258789,85.26000213623047,89.37000274658203,0.0,23587100
2024-09-09,85.73081970214844,86.2699966430664,0.0,87.95999908447266,85.01000213623047,87.8499984741211,0.0,20526400
2024-09-10,86.30720520019531,86.8499984741211,0.0,87.19000244140625,84.87000274658203,86.97000122070312,0.0,17019000
2024-09-11,90.08345794677734,90.6500015258789,0.0,90.83000183105469,86.08000183105469,88.19999694824219,0.0,20879600
2024-09-12,86.66495513916016,87.20999908447266,0.0,88.02999877929688,84.12000274658203,87.0999984741211,0.0,30900000
2024-09-13,90.64988708496094,91.22000122070312,0.0,91.47000122070312,87.87000274658203,88.08999633789062,0.0,21267200
2024-09-16,86.63513946533203,87.18000030517578,0.0,88.23999786376953,85.91999816894531,87.23999786376953,0.0,26494300
2024-09-17,88.17546844482422,88.7300033569336,0.0,89.56999969482422,87.54000091552734,88.05999755859375,0.0,17744800
2024-09-18,86.80406951904297,87.3499984741211,0.0,89.19999694824219,86.70999908447266,87.98999786376953,0.0,20130600
2024-09-19,88.69219207763672,89.25,0.0,90.38999938964844,87.58000183105469,89.3499984741211,0.0,25208900
2024-09-20,90.3318862915039,90.9000015258789,0.0,90.97000122070312,88.33000183105469,88.4000015258789,0.0,28711000
2024-09-23,92.98519897460938,93.56999969482422,0.0,94.80000305175781,92.58000183105469,92.68000030517578,0.0,23394100
2024-09-24,93.41251373291016,94.0,0.0,95.0,92.76000213623047,94.7300033569336,0.0,23043200
2024-09-25,95.17144775390625,95.7699966430664,0.0,96.18000030517578,93.93000030517578,94.16000366210938,0.0,54762900
2024-09-26,109.1932601928711,109.87999725341797,0.0,114.80000305175781,107.52999877929688,113.0999984741211,0.0,107965900
2024-09-27,106.82813262939453,107.5,0.0,110.97000122070312,107.02999877929688,110.5,0.0,42960200
2024-09-30,103.06182861328125,103.70999908447266,0.0,106.75,102.26000213623047,106.08000183105469,0.0,39544700
2024-10-01,99.68307495117188,100.30999755859375,0.0,104.19999694824219,98.94000244140625,103.4000015258789,0.0,34309800
2024-10-02,99.2259521484375,99.8499984741211,0.0,102.12000274658203,99.33000183105469,100.58999633789062,0.0,26334900
2024-10-03,101.18363952636719,101.81999969482422,0.0,102.52999877929688,99.4000015258789,99.47000122070312,0.0,22176700
2024-10-04,101.61094665527344,102.25,0.0,104.23999786376953,101.4000015258789,103.6500015258789,0.0,21911200
2024-10-07,102.3819808959961,102.91000366210938,0.115,104.58999633789062,100.80999755859375,102.16000366210938,0.0,21749300
2024-10-08,102.01387786865234,102.54000091552734,0.0,102.94000244140625,101.26000213623047,102.18000030517578,0.0,18858300
2024-10-09,101.17818450927734,101.69999694824219,0.0,102.29000091552734,100.31999969482422,102.25,0.0,18442700
2024-10-10,105.147705078125,105.69000244140625,0.0,106.58000183105469,100.8499984741211,101.37000274658203,0.0,27605600
2024-10-11,106.37140655517578,106.91999816894531,0.0,107.6500015258789,104.98999786376953,105.04000091552734,0.0,19133900
2024-10-14,107.78411865234375,108.33999633789062,0.0,108.70999908447266,106.80000305175781,107.80999755859375,0.0,15021900
2024-10-15,103.78474426269531,104.31999969482422,0.0,109.48999786376953,102.70999908447266,107.86000061035156,0.0,23419100
2024-10-16,108.67948913574219,109.23999786376953,0.0,109.62999725341797,105.61000061035156,106.0199966430664,0.0,20450900
2024-10-17,111.47509002685547,112.05000305175781,0.0,114.13999938964844,111.01000213623047,111.33999633789062,0.0,26584800
2024-10-18,110.5796890258789,111.1500015258789,0.0,112.9000015258789,109.86000061035156,111.75,0.0,16700400
2024-10-21,108.52031707763672,109.08000183105469,0.0,111.13999938964844,107.69000244140625,111.0999984741211,0.0,14829400
2024-10-22,107.26677703857422,107.81999969482422,0.0,108.5199966430664,106.37000274658203,108.23999786376953,0.0,13758100
2024-10-23,104.51099395751953,105.05000305175781,0.0,107.0999984741211,103.54000091552734,106.55999755859375,0.0,15174700
2024-10-24,106.3017578125,106.8499984741211,0.0,107.52999877929688,105.55000305175781,106.77999877929688,0.0,13206300
2024-10-25,107.35633087158203,107.91000366210938,0.0,109.87999725341797,107.72000122070312,108.33999633789062,0.0,12265000
2024-10-28,105.8441162109375,106.38999938964844,0.0,108.18000030517578,106.31999969482422,106.77999877929688,0.0,12381000
2024-10-29,107.62493896484375,108.18000030517578,0.0,108.75,105.5999984741211,106.58999633789062,0.0,15164600
2024-10-30,103.54598236083984,104.08000183105469,0.0,106.80000305175781,103.63999938964844,106.26000213623047,0.0,14321800
2024-10-31,99.1386947631836,99.6500015258789,0.0,102.48999786376953,99.06999969482422,102.19999694824219,0.0,19830300
2024-11-01,99.21829223632812,99.7300033569336,0.0,100.61000061035156,99.37000274658203,100.0,0.0,13623400
2024-11-04,101.20803833007812,101.7300033569336,0.0,103.79000091552734,101.0,101.5,0.0,15765800
2024-11-05,104.94873809814453,105.48999786376953,0.0,105.62000274658203,101.79000091552734,102.0,0.0,12071900
2024-11-06,111.25621795654297,111.83000183105469,0.0,112.31999969482422,107.0,108.37999725341797,0.0,20304500
2024-11-07,112.8281021118164,113.41000366210938,0.0,113.86000061035156,111.37000274658203,112.55999755859375,0.0,13569800
2024-11-08,111.32584381103516,111.9000015258789,0.0,114.30000305175781,110.56999969482422,112.13999938964844,0.0,13045700
2024-11-11,108.092529296875,108.6500015258789,0.0,111.51000213623047,106.7699966430664,110.94999694824219,0.0,14479700
2024-11-12,103.56586456298828,104.0999984741211,0.0,105.08999633789062,102.06999969482422,105.0,0.0,21859700
2024-11-13,99.40731811523438,99.91999816894531,0.0,103.33999633789062,99.81999969482422,102.80000305175781,0.0,18416200
2024-11-14,98.67110443115234,99.18000030517578,0.0,102.29000091552734,98.55999755859375,101.29000091552734,0.0,18459700
2024-11-15,95.84567260742188,96.33999633789062,0.0,98.19999694824219,95.63999938964844,97.55000305175781,0.0,18518300
2024-11-18,97.00968170166016,97.51000213623047,0.0,98.06999969482422,95.52999877929688,96.55000305175781,0.0,14236400
2024-11-19,97.22855377197266,97.7300033569336,0.0,98.18000030517578,96.51000213623047,97.0,0.0,14160300
2024-11-20,97.86528015136719,98.37000274658203,0.0,98.52999877929688,96.52999877929688,97.9800033569336,0.0,10490600
2024-11-21,102.23274993896484,102.76000213623047,0.0,103.29000091552734,98.05999755859375,100.0999984741211,0.0,18915200
2024-11-22,102.11335754394531,102.63999938964844,0.0,103.70999908447266,101.6500015258789,102.36000061035156,0.0,12063700
2024-11-25,103.94393157958984,104.4800033569336,0.0,106.4000015258789,103.80999755859375,103.8499984741211,0.0,22837900
2024-11-26,101.2776870727539,101.80000305175781,0.0,104.72000122070312,100.30999755859375,104.0,0.0,19275700
2024-11-27,97.6961441040039,98.19999694824219,0.0,101.04000091552734,96.63999938964844,100.94000244140625,0.0,17046400
2024-11-29,97.44741821289062,97.94999694824219,0.0,98.19999694824219,96.0999984741211,97.23999786376953,0.0,13729400
2024-12-02,98.04434967041016,98.55000305175781,0.0,100.08999633789062,97.52999877929688,97.5999984741211,0.0,16525600
2024-12-03,99.32772064208984,99.83999633789062,0.0,103.68000030517578,99.62999725341797,101.12000274658203,0.0,23479700
2024-12-04,102.67048645019531,103.19999694824219,0.0,103.41000366210938,99.80000305175781,100.7699966430664,0.0,16306200
2024-12-05,100.35244750976562,100.87000274658203,0.0,104.25,100.61000061035156,103.87999725341797,0.0,13448900
2024-12-06,100.65089416503906,101.16999816894531,0.0,102.19000244140625,100.02999877929688,100.87999725341797,0.0,12381000
2024-12-09,102.29244232177734,102.81999969482422,0.0,104.5,100.37000274658203,100.6500015258789,0.0,14141900
2024-12-10,97.5966567993164,98.0999984741211,0.0,105.0,97.2699966430664,104.95999908447266,0.0,23548500
2024-12-11,101.53633880615234,102.05999755859375,0.0,102.66000366210938,98.30000305175781,99.5,0.0,15248400
2024-12-12,97.7359390258789,98.23999786376953,0.0,101.9800033569336,97.76000213623047,101.4000015258789,0.0,19334900
2024-12-13,101.97408294677734,102.5,0.0,103.19999694824219,99.66999816894531,100.7699966430664,0.0,23926000
2024-12-16,107.70452880859375,108.26000213623047,0.0,111.12999725341797,104.54000091552734,105.61000061035156,0.0,42741200
2024-12-17,108.04277801513672,108.5999984741211,0.0,110.48999786376953,107.68000030517578,109.75,0.0,35811500
2024-12-18,103.36688995361328,103.9000015258789,0.0,112.04000091552734,102.7300033569336,110.25,0.0,63024300
2024-12-19,86.64314270019531,87.08999633789062,0.0,91.0,84.61000061035156,90.08000183105469,0.0,91396800
2024-12-20,89.6576156616211,90.12000274658203,0.0,90.25,83.54000091552734,85.41000366210938,0.0,49578400
2024-12-23,89.25965118408203,89.72000122070312,0.0,91.0999984741211,88.4000015258789,90.0,0.0,26041500
2024-12-24,88.82191467285156,89.27999877929688,0.0,89.69999694824219,88.2300033569336,89.58000183105469,0.0,13021300
2024-12-26,89.35913848876953,89.81999969482422,0.0,90.62999725341797,88.0999984741211,88.5,0.0,14468200
2024-12-27,88.17525482177734,88.62999725341797,0.0,89.48999786376953,87.58000183105469,89.0,0.0,19422600
2024-12-30,84.98255157470703,85.30999755859375,0.115,87.05000305175781,84.58000183105469,86.98999786376953,0.0,22022900
2024-12-31,83.83695220947266,84.16000366210938,0.0,86.4000015258789,84.08999633789062,85.44000244140625,0.0,18691500
2025-01-02,86.99479675292969,87.33000183105469,0.0,87.6500015258789,84.73999786376953,84.9800033569336,0.0,18860000
2025-01-03,89.5250473022461,89.87000274658203,0.0,90.19999694824219,87.51000213623047,87.94999694824219,0.0,17484600
2025-01-06,98.8790054321289,99.26000213623047,0.0,101.5199966430664,95.4800033569336,95.56999969482422,0.0,42903300
2025-01-07,101.51883697509766,101.91000366210938,0.0,106.73999786376953,101.16000366210938,103.41000366210938,0.0,53570000
2025-01-08,99.02842712402344,99.41000366210938,0.0,103.4800033569336,98.30000305175781,102.81999969482422,0.0,33516900
2025-01-10,98.95868682861328,99.33999633789062,0.0,100.77999877929688,96.87000274658203,98.12000274658203,0.0,20512600
2025-01-13,94.69512939453125,95.05999755859375,0.0,96.0,92.87999725341797,95.83999633789062,0.0,22699100
2025-01-14,96.98628997802734,97.36000061035156,0.0,97.41000366210938,95.37999725341797,97.05000305175781,0.0,18613400
2025-01-15,102.79391479492188,103.19000244140625,0.0,103.93000030517578,99.3499984741211,99.44000244140625,0.0,27568100
2025-01-16,102.20618438720703,102.5999984741211,0.0,104.80000305175781,101.87000274658203,104.31999969482422,0.0,16243800
2025-01-17,105.3440933227539,105.75,0.0,105.87999725341797,102.5,104.63999938964844,0.0,18908900
2025-01-21,108.96015930175781,109.37999725341797,0.0,110.23999786376953,105.2300033569336,105.43000030517578,0.0,23533600
2025-01-22,108.81073760986328,109.2300033569336,0.0,110.66999816894531,107.76000213623047,109.16999816894531,0.0,20004300
2025-01-23,104.43758392333984,104.83999633789062,0.0,106.18000030517578,103.3499984741211,104.79000091552734,0.0,22677600
2025-01-24,102.79391479492188,103.19000244140625,0.0,105.72000122070312,102.72000122070312,105.5,0.0,19743800
2025-01-27,90.76028442382812,91.11000061035156,0.0,96.0999984741211,88.36000061035156,94.86000061035156,0.0,50696200
2025-01-28,87.91127014160156,88.25,0.0,93.44999694824219,88.04000091552734,92.61000061035156,0.0,34793600
2025-01-29,88.66835021972656,89.01000213623047,0.0,90.44999694824219,87.76000213623047,89.87999725341797,0.0,25342800
2025-01-30,92.14495849609375,92.5,0.0,93.16000366210938,90.30000305175781,90.66000366210938,0.0,22497100
2025-01-31,90.8897933959961,91.23999786376953,0.0,94.2699966430664,91.13999938964844,91.6500015258789,0.0,20492100
2025-02-03,89.5748519897461,89.91999816894531,0.0,91.4000015258789,88.0199966430664,88.6500015258789,0.0,18607900
2025-02-04,90.31201934814453,90.66000366210938,0.0,91.44999694824219,88.80000305175781,89.05000305175781,0.0,12827500
2025-02-05,93.24073791503906,93.5999984741211,0.0,93.6500015258789,90.22000122070312,90.38999938964844,0.0,15660000
2025-02-06,94.1771240234375,94.54000091552734,0.0,96.61000061035156,93.58000183105469,94.87999725341797,0.0,16141100
2025-02-07,91.94573211669922,92.30000305175781,0.0,95.93000030517578,91.58999633789062,95.58999633789062,0.0,15602800
2025-02-10,95.56177520751953,95.93000030517578,0.0,96.26000213623047,93.16999816894531,93.19000244140625,0.0,16217900
2025-02-11,93.71887969970703,94.08000183105469,0.0,95.83999633789062,93.55999755859375,94.25,0.0,12124000
2025-02-12,91.3281021118164,91.68000030517578,0.0,92.63999938964844,87.3499984741211,89.5999984741211,0.0,22874700
2025-02-13,95.29283142089844,95.66000366210938,0.0,96.06999969482422,92.0199966430664,92.05999755859375,0.0,16579900
2025-02-14,99.13800048828125,99.5199966430664,0.0,100.69999694824219,98.0,98.41000366210938,0.0,21284500
2025-02-18,106.3801040649414,106.79000091552734,0.0,107.87999725341797,102.05000305175781,102.63999938964844,0.0,29641900
2025-02-19,103.95942687988281,104.36000061035156,0.0,107.19000244140625,103.62000274658203,105.76000213623047,0.0,17875900
2025-02-20,102.7839584350586,103.18000030517578,0.0,104.8499984741211,102.33999633789062,103.9800033569336,0.0,14488000
2025-02-21,98.46060943603516,98.83999633789062,0.0,103.66000366210938,97.75,103.63999938964844,0.0,18650800
2025-02-24,95.0438003540039,95.41000366210938,0.0,100.69999694824219,95.27999877929688,100.22000122070312,0.0,14883700
2025-02-25,92.86219024658203,93.22000122070312,0.0,95.93000030517578,92.76000213623047,95.5,0.0,18608200
2025-02-26,97.3349380493164,97.70999908447266,0.0,99.72000122070312,95.5,96.0,0.0,21335200
2025-02-27,91.46755981445312,91.81999969482422,0.0,99.88999938964844,91.48999786376953,97.83999633789062,0.0,22386300
2025-02-28,93.27061462402344,93.62999725341797,0.0,94.45999908447266,89.87000274658203,91.0,0.0,23359100
2025-03-03,90.19247436523438,90.54000091552734,0.0,96.19999694824219,89.38999938964844,95.80999755859375,0.0,20281800
2025-03-04,90.84993743896484,91.19999694824219,0.0,93.58999633789062,86.80000305175781,90.19999694824219,0.0,23611500
2025-03-05,93.9778823852539,94.33999633789062,0.0,95.05000305175781,90.43000030517578,92.1500015258789,0.0,14010300
2025-03-06,88.9273452758789,89.2699966430664,0.0,93.29000091552734,89.02999877929688,90.93000030517578,0.0,18708100
2025-03-07,92.60317993164062,92.95999908447266,0.0,93.33999633789062,89.48999786376953,90.29000091552734,0.0,19133900
2025-03-10,86.74576568603516,87.08000183105469,0.0,91.37000274658203,85.76000213623047,89.58999633789062,0.0,21897900
2025-03-11,88.70820617675781,89.05000305175781,0.0,91.0999984741211,86.06999969482422,87.9000015258789,0.0,21962100
2025-03-12,95.27290344238281,95.63999938964844,0.0,96.98999786376953,92.23999786376953,92.47000122070312,0.0,23584700
2025-03-13,94.51581573486328,94.87999725341797,0.0,98.12000274658203,94.0,94.25,0.0,18824700
2025-03-14,100.40313720703125,100.79000091552734,0.0,102.77999877929688,98.75,98.75,0.0,24623600
2025-03-17,102.71422576904297,103.11000061035156,0.0,104.44999694824219,100.95999908447266,101.05999755859375,0.0,17095100
2025-03-18,101.3295669555664,101.72000122070312,0.0,103.30999755859375,100.29000091552734,101.9000015258789,0.0,18434100
2025-03-19,101.66825103759766,102.05999755859375,0.0,103.5999984741211,100.48999786376953,100.81999969482422,0.0,16633100
2025-03-20,102.60465240478516,103.0,0.0,104.69000244140625,101.3499984741211,101.58000183105469,0.0,29204400
2025-03-21,94.35643768310547,94.72000122070312,0.0,98.5,93.69999694824219,98.19999694824219,0.0,63239600
2025-03-24,96.56790924072266,96.94000244140625,0.0,98.41999816894531,95.33000183105469,96.0999984741211,0.0,35406600
2025-03-25,93.81849670410156,94.18000030517578,0.0,96.37999725341797,93.25,96.18000030517578,0.0,22191700
2025-03-26,91.77638244628906,92.12999725341797,0.0,96.63999938964844,90.97000122070312,96.0,0.0,27107200
2025-03-27,90.81009674072266,91.16000366210938,0.0,92.20999908447266,89.61000061035156,91.08999633789062,0.0,15658700
2025-03-28,88.10053253173828,88.44000244140625,0.0,90.88999938964844,87.5999984741211,90.47000122070312,0.0,17118000
2025-03-31,86.66918182373047,86.88999938964844,0.115,87.08999633789062,84.0999984741211,86.0,0.0,21089500
2025-04-01,88.48456573486328,88.70999908447266,0.0,88.88999938964844,86.25,88.52999877929688,0.0,15337100
2025-04-02,88.37483215332031,88.5999984741211,0.0,89.93000030517578,86.69999694824219,87.12999725341797,0.0,14520400
2025-04-03,74.15106964111328,74.33999633789062,0.0,83.3499984741211,74.20999908447266,82.91999816894531,0.0,44839500
2025-04-04,64.5555191040039,64.72000122070312,0.0,71.33999633789062,63.86000061035156,70.6500015258789,0.0,50737700
2025-04-07,68.19625091552734,68.37000274658203,0.0,72.45999908447266,61.540000915527344,63.939998626708984,0.0,50181800
2025-04-08,65.3734359741211,65.54000091552734,0.0,72.97000122070312,63.52000045776367,71.5999984741211,0.0,40822100
2025-04-09,77.67210388183594,77.87000274658203,0.0,78.55999755859375,63.70000076293945,66.19999694824219,0.0,63132600
2025-04-10,69.87198638916016,70.05000305175781,0.0,73.05000305175781,67.5,72.5,0.0,44882300
2025-04-11,69.37326049804688,69.55000305175781,0.0,70.16999816894531,66.83000183105469,69.04000091552734,0.0,30807800
2025-04-14,70.83950805664062,71.0199966430664,0.0,74.77999877929688,69.97000122070312,74.66999816894531,0.0,32634700
2025-04-15,70.8594741821289,71.04000091552734,0.0,72.80000305175781,70.55000305175781,71.12000274658203,0.0,19132700
2025-04-16,69.15380859375,69.33000183105469,0.0,70.44999694824219,67.16999816894531,67.93000030517578,0.0,28475000
2025-04-17,68.62516021728516,68.80000305175781,0.0,70.4800033569336,67.0,70.44000244140625,0.0,20694100
2025-04-21,66.57038116455078,66.73999786376953,0.0,68.0,65.6500015258789,67.76000213623047,0.0,19826100
2025-04-22,70.03157043457031,70.20999908447266,0.0,70.4000015258789,67.44000244140625,67.54000091552734,0.0,20351200
2025-04-23,72.74466705322266,72.93000030517578,0.0,75.4000015258789,72.5,73.69000244140625,0.0,26385500
2025-04-24,77.2232437133789,77.41999816894531,0.0,77.58999633789062,73.5999984741211,74.56999969482422,0.0,23875600
2025-04-25,79.57725524902344,79.77999877929688,0.0,80.30000305175781,76.9000015258789,77.55000305175781,0.0,19746200
2025-04-28,78.3603515625,78.55999755859375,0.0,79.61000061035156,76.91999816894531,78.7699966430664,0.0,16882400
2025-04-29,76.68462371826172,76.87999725341797,0.0,78.19000244140625,76.47000122070312,77.94000244140625,0.0,17098000
2025-04-30,76.75444793701172,76.94999694824219,0.0,77.1500015258789,73.5,73.62000274658203,0.0,19779300
2025-05-01,77.5723648071289,77.7699966430664,0.0,79.88999938964844,77.63999938964844,79.4000015258789,0.0,15349200
2025-05-02,80.5148696899414,80.72000122070312,0.0,81.66999816894531,79.0999984741211,79.58000183105469,0.0,18899700
2025-05-05,80.21562194824219,80.41999816894531,0.0,81.1500015258789,79.05000305175781,79.41000366210938,0.0,12513600
2025-05-06,80.3053970336914,80.51000213623047,0.0,81.22000122070312,78.54000091552734,79.04000091552734,0.0,13173800
2025-05-07,82.4100341796875,82.62000274658203,0.0,82.87000274658203,80.19999694824219,80.98999786376953,0.0,14889700
2025-05-08,84.93359375,85.1500015258789,0.0,86.20999908447266,83.36000061035156,84.25,0.0,17580500
2025-05-09,85.64179229736328,85.86000061035156,0.0,86.2699966430664,84.68000030517578,85.56999969482422,0.0,13017600
2025-05-12,92.05546569824219,92.29000091552734,0.0,94.19999694824219,91.94999694824219,92.80999755859375,0.0,27765300
2025-05-13,96.68367004394531,96.93000030517578,0.0,97.41000366210938,92.55000305175781,92.55000305175781,0.0,28009100
2025-05-14,95.07776641845703,95.31999969482422,0.0,97.6500015258789,94.31999969482422,96.30000305175781,0.0,28044400
2025-05-15,95.20742797851562,95.44999694824219,0.0,95.61000061035156,92.16999816894531,94.01000213623047,0.0,24196100
2025-05-16,97.75093841552734,98.0,0.0,98.19000244140625,95.69999694824219,95.9000015258789,0.0,22609300
2025-05-19,98.3992919921875,98.6500015258789,0.0,99.0199966430664,95.69999694824219,95.70999908447266,0.0,14380100
2025-05-20,97.85069274902344,98.0999984741211,0.0,98.62999725341797,96.97000122070312,97.91999816894531,0.0,12331300
2025-05-21,95.596435546875,95.83999633789062,0.0,98.81999969482422,95.26000213623047,97.16000366210938,0.0,15764300
2025-05-22,94.58900451660156,94.83000183105469,0.0,97.22000122070312,94.37000274658203,95.41000366210938,0.0,13245200
2025-05-23,93.13272094726562,93.37000274658203,0.0,93.83999633789062,90.93000030517578,92.26000213623047,0.0,16545000
2025-05-27,96.13506317138672,96.37999725341797,0.0,96.69999694824219,94.19000244140625,95.18000030517578,0.0,17612600
2025-05-28,95.9355697631836,96.18000030517578,0.0,97.20999908447266,95.5999984741211,96.69999694824219,0.0,10500300
2025-05-29,96.55400085449219,96.80000305175781,0.0,99.62999725341797,96.11000061035156,98.58999633789062,0.0,14628700
2025-05-30,94.2199478149414,94.45999908447266,0.0,96.61000061035156,92.22000122070312,96.04000091552734,0.0,23758200
2025-06-02,97.93048858642578,98.18000030517578,0.0,99.23999786376953,94.4000015258789,94.58000183105469,0.0,16850300
2025-06-03,101.99015045166016,102.25,0.0,102.93000030517578,96.95999908447266,98.36000061035156,0.0,22757600
2025-06-04,102.98761749267578,103.25,0.0,103.91000366210938,101.69999694824219,102.37999725341797,0.0,14595900
2025-06-05,106.01988220214844,106.29000091552734,0.0,109.02999877929688,105.52999877929688,106.30000305175781,0.0,28833700
2025-06-06,108.28411865234375,108.55999755859375,0.0,111.05000305175781,108.04000091552734,108.08000183105469,0.0,20710100
2025-06-09,110.66803741455078,110.94999694824219,0.0,112.52999877929688,108.58000183105469,109.51000213623047,0.0,20159700
2025-06-10,113.84992980957031,114.13999938964844,0.0,114.91999816894531,111.2300033569336,111.52999877929688,0.0,22949400
2025-06-11,115.73512268066406,116.02999877929688,0.0,117.26000213623047,114.7300033569336,115.5999984741211,0.0,21614100
2025-06-12,115.88475036621094,116.18000030517578,0.0,116.4800033569336,113.5199966430664,114.11000061035156,0.0,17076500
2025-06-13,115.30621337890625,115.5999984741211,0.0,117.0999984741211,113.66000366210938,113.80000305175781,0.0,17453000
2025-06-16,119.53543853759766,119.83999633789062,0.0,120.95999908447266,117.31999969482422,117.80999755859375,0.0,21374100
2025-06-17,120.03416442871094,120.33999633789062,0.0,123.51000213623047,119.3499984741211,119.5999984741211,0.0,20837700
2025-06-18,121.51041412353516,121.81999969482422,0.0,122.9800033569336,120.18000030517578,120.45999908447266,0.0,20180000
2025-06-20,123.285888671875,123.5999984741211,0.0,124.16000366210938,120.37999725341797,122.7699966430664,0.0,29290400
2025-06-23,121.7697525024414,122.08000183105469,0.0,124.51000213623047,119.80999755859375,123.66999816894531,0.0,23399200
2025-06-24,127.5849380493164,127.91000366210938,0.0,128.10000610351562,124.95999908447266,125.11000061035156,0.0,26420600
2025-06-25,126.92662048339844,127.25,0.0,127.5,125.62000274658203,126.61000061035156,0.0,39407000
2025-06-26,125.6797866821289,126.0,0.0,129.85000610351562,123.79000091552734,129.52999877929688,0.0,62678100
2025-06-27,124.44293975830078,124.76000213623047,0.0,127.54000091552734,123.38999938964844,125.13999938964844,0.0,36888600
2025-06-30,122.93678283691406,123.25,0.0,125.08000183105469,121.8499984741211,124.9000015258789,0.0,22799700
2025-07-01,120.58277130126953,120.88999938964844,0.0,123.98999786376953,119.08000183105469,122.3499984741211,0.0,24825800
2025-07-02,121.43061828613281,121.73999786376953,0.0,123.0,118.05999755859375,120.5,0.0,29303800
2025-07-03,121.97921752929688,122.29000091552734,0.0,123.62999725341797,121.83000183105469,122.33000183105469,0.0,13247900
2025-07-07,119.72782897949219,119.91999816894531,0.115,121.51000213623047,118.91000366210938,121.18000030517578,0.0,19148400
2025-07-08,124.22061920166016,124.41999816894531,0.0,125.44999694824219,121.94999694824219,122.44999694824219,0.0,26238200
2025-07-09,122.04411315917969,122.23999786376953,0.0,126.1500015258789,121.27999877929688,124.81999969482422,0.0,20464000
2025-07-10,122.91272735595703,123.11000061035156,0.0,124.3499984741211,122.0199966430664,124.27999877929688,0.0,15378400
2025-07-11,124.33045196533203,124.52999877929688,0.0,124.80999755859375,121.23999786376953,122.12999725341797,0.0,15820600
2025-07-14,118.41992950439453,118.61000061035156,0.0,120.44000244140625,117.0199966430664,120.37999725341797,0.0,32117700
2025-07-15,119.91753387451172,120.11000061035156,0.0,121.38999938964844,119.12000274658203,120.94000244140625,0.0,24958900
2025-07-16,116.24341583251953,116.43000030517578,0.0,119.08999633789062,114.80999755859375,119.02999877929688,0.0,30614800
2025-07-17,113.07850646972656,113.26000213623047,0.0,114.19999694824219,110.94999694824219,113.93000030517578,0.0,34702400
2025-07-18,114.20669555664062,114.38999938964844,0.0,114.80000305175781,113.27999877929688,114.23999786376953,0.0,19349900
2025-07-21,113.0485610961914,113.2300033569336,0.0,115.91999816894531,112.66999816894531,113.58999633789062,0.0,22189800
2025-07-22,109.04497528076172,109.22000122070312,0.0,113.0,108.12999725341797,112.86000061035156,0.0,27917600
2025-07-23,109.65399932861328,109.83000183105469,0.0,110.29000091552734,108.87999725341797,109.44000244140625,0.0,17810000
2025-07-24,111.55096435546875,111.7300033569336,0.0,112.7300033569336,110.25,111.05999755859375,0.0,20293100
2025-07-25,111.08171081542969,111.26000213623047,0.0,111.5,108.83000183105469,110.98999786376953,0.0,16372300
2025-07-28,111.07173156738281,111.25,0.0,112.0,109.86000061035156,111.72000122070312,0.0,12932300
2025-07-29,111.78058624267578,111.95999908447266,0.0,113.54000091552734,110.66999816894531,112.05000305175781,0.0,16653300
2025-07-30,114.5561294555664,114.73999786376953,0.0,114.88999938964844,112.41000366210938,112.5999984741211,0.0,16378800
2025-07-31,108.96510314941406,109.13999938964844,0.0,112.2699966430664,106.94000244140625,112.19000244140625,0.0,29224300
2025-08-01,104.7119369506836,104.87999725341797,0.0,106.5,103.37999725341797,105.48999786376953,0.0,24003300
2025-08-04,107.59730529785156,107.7699966430664,0.0,107.87999725341797,105.45999908447266,106.0199966430664,0.0,14780600
2025-08-05,108.8852310180664,109.05999755859375,0.0,110.63999938964844,106.83000183105469,109.30000305175781,0.0,17836000
2025-08-06,108.60567474365234,108.77999877929688,0.0,108.95999908447266,106.75,107.9000015258789,0.0,13021900
2025-08-07,111.69073486328125,111.87000274658203,0.0,115.27999877929688,110.79000091552734,114.13999938964844,0.0,18986500
2025-08-08,118.6994857788086,118.88999938964844,0.0,119.33000183105469,111.66999816894531,112.16999816894531,0.0,28962200
2025-08-11,123.52174377441406,123.72000122070312,0.0,127.27999877929688,121.6500015258789,124.97000122070312,0.0,35065800
2025-08-12,127.5452880859375,127.75,0.0,128.5500030517578,123.04000091552734,124.69999694824219,0.0,25961200
2025-08-13,124.07085418701172,124.2699966430664,0.0,128.60000610351562,123.3499984741211,127.58000183105469,0.0,18438200
2025-08-14,125.08922576904297,125.29000091552734,0.0,125.73999786376953,121.4000015258789,123.19999694824219,0.0,12235900
2025-08-15,120.67631530761719,120.87000274658203,0.0,123.37999725341797,119.44000244140625,123.16999816894531,0.0,18986700
2025-08-18,123.3520278930664,123.55000305175781,0.0,123.68000030517578,120.66000366210938,121.3499984741211,0.0,12208800
2025-08-19,121.85442352294922,122.05000305175781,0.0,124.23999786376953,121.30999755859375,122.94000244140625,0.0,11491200
2025-08-20,117.02217102050781,117.20999908447266,0.0,118.91000366210938,113.45999908447266,118.69999694824219,0.0,25795000
2025-08-21,115.60445404052734,115.79000091552734,0.0,117.7300033569336,115.61000061035156,117.0,0.0,13174900
2025-08-22,117.49142456054688,117.68000030517578,0.0,120.69999694824219,116.51000213623047,117.6500015258789,0.0,17038300
2025-08-25,116.23343658447266,116.41999816894531,0.0,118.08000183105469,116.0999984741211,117.68000030517578,0.0,8674800
2025-08-26,116.31332397460938,116.5,0.0,118.36000061035156,115.80999755859375,116.08999633789062,0.0,12584300
2025-08-27,117.56131744384766,117.75,0.0,118.7300033569336,116.44000244140625,116.8499984741211,0.0,15349300
2025-08-28,121.80450439453125,122.0,0.0,122.56999969482422,118.7300033569336,118.87999725341797,0.0,17295500
2025-08-29,118.81929016113281,119.01000213623047,0.0,122.7699966430664,118.05999755859375,122.5999984741211,0.0,16774000
2025-09-02,118.29014587402344,118.4800033569336,0.0,118.55999755859375,114.25,115.86000061035156,0.0,13771900
2025-09-03,118.52975463867188,118.72000122070312,0.0,119.44000244140625,117.30000305175781,119.36000061035156,0.0,14101300
2025-09-04,124.01095581054688,124.20999908447266,0.0,124.41000366210938,118.5199966430664,118.8499984741211,0.0,18589100
2025-09-05,131.15948486328125,131.3699951171875,0.0,131.41000366210938,125.66000366210938,127.7699966430664,0.0,28416000
2025-09-08,131.2493438720703,131.4600067138672,0.0,132.25999450683594,128.39999389648438,130.5500030517578,0.0,19492600
2025-09-09,135.02328491210938,135.24000549316406,0.0,138.0,131.55999755859375,131.75999450683594,0.0,20705000
2025-09-10,139.77565002441406,140.0,0.0,142.24000549316406,138.33999633789062,140.02000427246094,0.0,25791300
2025-09-11,150.32872009277344,150.57000732421875,0.0,156.25999450683594,147.61000061035156,147.72000122070312,0.0,52446400
2025-09-12,156.97804260253906,157.22999572753906,0.0,158.27999877929688,153.2100067138672,153.5500030517578,0.0,32288300
2025-09-15,157.51719665527344,157.77000427246094,0.0,160.33999633789062,156.5500030517578,156.9600067138672,0.0,20101400
2025-09-16,158.5655059814453,158.82000732421875,0.0,159.55999755859375,157.1699981689453,157.97999572753906,0.0,16911600
2025-09-17,159.73362731933594,159.99000549316406,0.0,160.58999633789062,155.25999450683594,157.41000366210938,0.0,18843600
2025-09-18,168.61936950683594,168.88999938964844,0.0,170.4499969482422,162.60000610351562,162.99000549316406,0.0,28212800
2025-09-19,162.46922302246094,162.72999572753906,0.0,163.6999969482422,159.3800048828125,162.75,0.0,37309900
2025-09-22,164.356201171875,164.6199951171875,0.0,167.25999450683594,161.58999633789062,164.3800048828125,0.0,25851200
2025-09-23,166.14334106445312,166.41000366210938,0.0,168.99000549316406,165.22999572753906,165.67999267578125,0.0,43316500
2025-09-24,161.45086669921875,161.7100067138672,0.0,166.0,158.3000030517578,165.0800018310547,0.0,57096400
2025-09-25,156.57870483398438,156.8300018310547,0.0,158.9499969482422,154.64999389648438,157.38999938964844,0.0,32209200
2025-09-26,157.0179901123047,157.27000427246094,0.0,158.9199981689453,155.17999267578125,158.52000427246094,0.0,24045000
2025-09-29,163.63734436035156,163.89999389648438,0.0,165.8000030517578,159.97000122070312,160.0,0.0,26506500
2025-09-30,167.0518798828125,167.32000732421875,0.0,168.9499969482422,163.9600067138672,164.11000061035156,0.0,20092500
2025-10-01,181.85809326171875,182.14999389648438,0.0,182.38999938964844,165.5,165.60000610351562,0.0,41674800
2025-10-02,183.45555114746094,183.75,0.0,186.17999267578125,181.2100067138672,184.9600067138672,0.0,25122200
2025-10-03,187.64645385742188,187.8300018310547,0.115,191.85000610351562,184.9199981689453,185.2100067138672,0.0,29399300
2025-10-06,190.7733917236328,190.9600067138672,0.0,201.0,189.42999267578125,195.00999450683594,0.0,36392300
2025-10-07,185.508544921875,185.69000244140625,0.0,195.3000030517578,183.24000549316406,194.85000610351562,0.0,27828200
2025-10-08,196.34793090820312,196.5399932861328,0.0,196.9499969482422,188.8000030517578,188.99000549316406,0.0,26833900
2025-10-09,192.1420440673828,192.3300018310547,0.0,196.6199951171875,189.5,192.97000122070312,0.0,19721500
2025-10-10,181.42254638671875,181.60000610351562,0.0,193.44000244140625,179.61000061035156,192.9600067138672,0.0,26990300
2025-10-13,192.5816192626953,192.77000427246094,0.0,193.39999389648438,187.99000549316406,190.7899932861328,0.0,20928400
2025-10-14,186.877197265625,187.05999755859375,0.0,192.4600067138672,186.25,186.9600067138672,0.0,15912400
2025-10-15,191.75242614746094,191.94000244140625,0.0,192.8800048828125,187.4199981689453,192.47999572753906,0.0,17793100
2025-10-16,202.33209228515625,202.52999877929688,0.0,206.33999633789062,195.1999969482422,199.9600067138672,0.0,42041300
2025-10-17,202.18223571777344,202.3800048828125,0.0,203.38999938964844,195.5500030517578,199.27999877929688,0.0,23283100
2025-10-20,206.5679473876953,206.77000427246094,0.0,214.75,205.5,209.66000366210938,0.0,23268400
2025-10-21,202.09230041503906,202.2899932861328,0.0,205.8699951171875,200.83999633789062,204.3000030517578,0.0,13717300
2025-10-22,198.27606201171875,198.47000122070312,0.0,205.5800018310547,192.39999389648438,202.25,0.0,21949800
2025-10-23,206.5080108642578,206.7100067138672,0.0,209.0,195.1999969482422,196.6999969482422,0.0,19397900
2025-10-24,218.8059844970703,219.02000427246094,0.0,219.82000732421875,209.97999572753906,212.38999938964844,0.0,25821800
2025-10-27,219.88491821289062,220.10000610351562,0.0,224.97999572753906,215.74000549316406,224.80999755859375,0.0,23873100
2025-10-28,221.69314575195312,221.91000366210938,0.0,222.89999389648438,217.55999755859375,218.92999267578125,0.0,14957500
2025-10-29,226.40853881835938,226.6300048828125,0.0,232.39999389648438,226.10000610351562,229.05999755859375,0.0,23217300
2025-10-30,223.7910919189453,224.00999450683594,0.0,227.39999389648438,220.74000549316406,226.10000610351562,0.0,14795100
2025-10-31,223.55133056640625,223.77000427246094,0.0,231.25,218.82000732421875,227.75,0.0,16320000
2025-11-03,234.4706573486328,234.6999969482422,0.0,237.6199951171875,231.8000030517578,233.8800048828125,0.0,21199300
2025-11-04,217.8169403076172,218.02999877929688,0.0,228.6699981689453,217.39999389648438,222.13999938964844,0.0,23696200
2025-11-05,237.26791381835938,237.5,0.0,239.8800048828125,224.72999572753906,225.6699981689453,0.0,28617400
2025-11-06,238.09710693359375,238.3300018310547,0.0,246.41000366210938,234.8800048828125,237.83999633789062,0.0,32016800
2025-11-07,237.68748474121094,237.9199981689453,0.0,242.5500030517578,226.39999389648438,234.02999877929688,0.0,30613800
2025-11-10,253.05245971679688,253.3000030517578,0.0,257.07000732421875,247.80999755859375,247.9600067138672,0.0,27870600
2025-11-11,240.87437438964844,241.11000061035156,0.0,249.99000549316406,238.7899932861328,248.33999633789062,0.0,22622500
2025-11-12,244.66067504882812,244.89999389648438,0.0,249.19000244140625,240.83999633789062,244.89999389648438,0.0,17263100
2025-11-13,236.71844482421875,236.9499969482422,0.0,249.5,230.16000366210938,243.60000610351562,0.0,32324600
2025-11-14,246.5887908935547,246.8300018310547,0.0,255.1699981689453,231.22999572753906,231.4499969482422,0.0,36171100
2025-11-17,241.71356201171875,241.9499969482422,0.0,260.5799865722656,239.4600067138672,246.9199981689453,0.0,30304400
2025-11-18,228.27670288085938,228.5,0.0,238.92999267578125,225.52000427246094,235.47999572753906,0.0,33843900
2025-11-19,225.69921875,225.9199981689453,0.0,234.35000610351562,216.36000061035156,226.91000366210938,0.0,35256600
2025-11-20,201.17320251464844,201.3699951171875,0.0,230.60000610351562,199.60000610351562,230.24000549316406,0.0,47420700
2025-11-21,207.16734313964844,207.3699951171875,0.0,212.0,192.58999633789062,204.52999877929688,0.0,36679700
2025-11-24,223.71116638183594,223.92999267578125,0.0,226.11000061035156,212.36000061035156,213.41000366210938,0.0,33052800
2025-11-25,224.31057739257812,224.52999877929688,0.0,226.19000244140625,216.0,219.22000122070312,0.0,17441600
2025-11-26,230.03497314453125,230.25999450683594,0.0,233.8300018310547,226.0,229.6199951171875,0.0,17817600
2025-11-28,236.24891662597656,236.47999572753906,0.0,238.10000610351562,233.47000122070312,235.6199951171875,0.0,12914700
2025-12-01,240.2250213623047,240.4600067138672,0.0,242.36000061035156,231.5,232.2899932861328,0.0,18238200
2025-12-02,239.25596618652344,239.49000549316406,0.0,244.3699951171875,234.3300018310547,238.75,0.0,18166200
2025-12-03,233.93118286132812,234.16000366210938,0.0,237.8000030517578,228.08999633789062,236.38999938964844,0.0,19188200
2025-12-04,226.4285125732422,226.64999389648438,0.0,234.16000366210938,223.3300018310547,230.27999877929688,0.0,23513900
2025-12-05,236.98817443847656,237.22000122070312,0.0,240.57000732421875,226.69000244140625,228.9499969482422,0.0,21161000
2025-12-08,246.6787109375,246.9199981689453,0.0,249.22999572753906,241.61000061035156,243.49000549316406,0.0,20495400
2025-12-09,252.17332458496094,252.4199981689453,0.0,255.50999450683594,242.8300018310547,244.49000549316406,0.0,17067100
2025-12-10,263.4522705078125,263.7099914550781,0.0,264.75,250.5800018310547,255.1300048828125,0.0,21960700
2025-12-11,258.2074279785156,258.4599914550781,0.0,262.8500061035156,251.5500030517578,261.5299987792969,0.0,18867000
2025-12-12,240.90435791015625,241.13999938964844,0.0,255.82000732421875,239.32000732421875,255.6699981689453,0.0,25936900
2025-12-15,237.26791381835938,237.5,0.0,250.11000061035156,236.0,247.11000061035156,0.0,27483600
2025-12-16,232.2827911376953,232.50999450683594,0.0,239.39999389648438,230.5800018310547,235.8000030517578,0.0,22577300
2025-12-17,225.29962158203125,225.52000427246094,0.0,237.4499969482422,221.69000244140625,236.55999755859375,0.0,41957100
2025-12-18,248.30711364746094,248.5500030517578,0.0,263.6499938964844,245.0,256.5299987792969,0.0,65006100
2025-12-19,265.66015625,265.9200134277344,0.0,268.3800048828125,251.75,251.75,0.0,62312100
2025-12-22,276.3197021484375,276.5899963378906,0.0,279.989990234375,268.2900085449219,277.1499938964844,0.0,30961900
2025-12-23,276.0,276.2699890136719,0.0,281.8599853515625,272.32000732421875,275.9200134277344,0.0,20767600
2025-12-24,286.3998718261719,286.67999267578125,0.0,289.29998779296875,277.25,278.0,0.0,18592600
2025-12-26,284.5117492675781,284.7900085449219,0.0,290.8699951171875,283.4200134277344,290.8399963378906,0.0,17878500
2025-12-29,294.2011413574219,294.3699951171875,0.115,294.5,278.5,280.3299865722656,0.0,26642900
2025-12-30,292.4621276855469,292.6300048828125,0.0,298.8299865722656,292.010009765625,294.70001220703125,0.0,23056400
2025-12-31,285.24627685546875,285.4100036621094,0.0,293.1700134277344,284.17999267578125,293.1700134277344,0.0,17573800
2026-01-02,315.2391052246094,315.4200134277344,0.0,315.6000061035156,294.8599853515625,295.1300048828125,0.0,42604300
2026-01-05,311.970947265625,312.1499938964844,0.0,325.5299987792969,309.54998779296875,325.1300048828125,0.0,34608600
2026-01-06,343.23297119140625,343.42999267578125,0.0,344.54998779296875,318.05999755859375,318.2799987792969,0.0,48732400
2026-01-07,339.355224609375,339.54998779296875,0.0,346.29998779296875,337.17999267578125,340.7099914550781,0.0,32781100
2026-01-08,326.8323974609375,327.0199890136719,0.0,343.6600036621094,321.3599853515625,342.8999938964844,0.0,33897700
2026-01-09,344.89202880859375,345.0899963378906,0.0,345.79998779296875,326.19000244140625,332.75,0.0,33387500
2026-01-12,345.6716003417969,345.8699951171875,0.0,348.4700012207031,339.32000732421875,340.54998779296875,0.0,23152600
2026-01-13,337.93603515625,338.1300048828125,0.0,351.2300109863281,335.2200012207031,346.2699890136719,0.0,23881300
2026-01-14,333.1587829589844,333.3500061035156,0.0,339.1000061035156,328.20001220703125,334.8399963378906,0.0,20277200
2026-01-15,336.4369201660156,336.6300048828125,0.0,347.7699890136719,336.2699890136719,345.3299865722656,0.0,25370200
2026-01-16,362.5419006347656,362.75,0.0,365.80999755859375,352.0400085449219,353.1000061035156,0.0,47901900
2026-01-20,364.7906188964844,365.0,0.0,381.55999755859375,361.3500061035156,364.67999267578125,0.0,49744900
2026-01-21,388.88677978515625,389.1099853515625,0.0,394.20001220703125,366.7300109863281,372.8500061035156,0.0,56712800
2026-01-22,397.3519287109375,397.5799865722656,0.0,397.7799987792969,376.9200134277344,396.6400146484375,0.0,39607600
2026-01-23,399.4207458496094,399.6499938964844,0.0,412.42999267578125,390.739990234375,397.1600036621094,0.0,35404200
2026-01-26,388.8667907714844,389.0899963378906,0.0,398.0,384.29998779296875,395.5,0.0,29193900
2026-01-27,410.0046691894531,410.239990234375,0.0,416.45001220703125,399.6000061035156,404.6099853515625,0.0,36212100
2026-01-28,435.03033447265625,435.2799987792969,0.0,438.94000244140625,417.0,422.44000244140625,0.0,42725700
2026-01-29,435.5400390625,435.7900085449219,0.0,444.7099914550781,417.70001220703125,439.3699951171875,0.0,42675700
2026-01-30,414.6419982910156,414.8800048828125,0.0,455.5,407.1300048828125,446.4700012207031,0.0,51022900
2026-02-02,437.5488586425781,437.79998779296875,0.0,442.42999267578125,410.0,412.17999267578125,0.0,37771200
2026-02-03,419.1993713378906,419.44000244140625,0.0,442.29998779296875,407.5299987792969,442.1600036621094,0.0,42763300
2026-02-04,379.1823425292969,379.3999938964844,0.0,413.0,363.8999938964844,410.5899963378906,0.0,58074900
2026-02-05,382.6703796386719,382.8900146484375,0.0,390.92999267578125,366.0,369.6199951171875,0.0,38899500
2026-02-06,394.4635925292969,394.69000244140625,0.0,396.6499938964844,372.8699951171875,377.9700012207031,0.0,37196000
2026-02-09,383.280029296875,383.5,0.0,391.80999755859375,370.67999267578125,380.69000244140625,0.0,31009600
2026-02-10,373.035888671875,373.25,0.0,382.7900085449219,366.05999755859375,375.989990234375,0.0,35433800
2026-02-11,410.1046142578125,410.3399963378906,0.0,414.1600036621094,386.57000732421875,395.3900146484375,0.0,48475000
2026-02-12,413.7325439453125,413.9700012207031,0.0,438.7699890136719,411.1600036621094,422.25,0.0,45639100
2026-02-13,411.42388916015625,411.6600036621094,0.0,420.8800048828125,392.7099914550781,405.19000244140625,0.0,33807600
2026-02-17,399.5506591796875,399.7799987792969,0.0,413.6600036621094,395.29998779296875,400.95001220703125,0.0,28549500
2026-02-18,420.70855712890625,420.95001220703125,0.0,427.8500061035156,394.6000061035156,399.5,0.0,32306600
2026-02-19,417.110595703125,417.3500061035156,0.0,420.32000732421875,407.739990234375,415.80999755859375,0.0,21651300
2026-02-20,427.92437744140625,428.1700134277344,0.0,430.57000732421875,415.1499938964844,415.17999267578125,0.0,29894900
2026-02-23,420.728515625,420.9700012207031,0.0,431.70001220703125,415.29998779296875,422.30999755859375,0.0,25426600
2026-02-24,417.7702331542969,418.010009765625,0.0,436.2699890136719,411.2799987792969,429.2200012207031,0.0,33389200
2026-02-25,428.75390625,429.0,0.0,436.8900146484375,423.0,426.5,0.0,27296300
2026-02-26,415.3216247558594,415.55999755859375,0.0,434.0,401.9599914550781,424.8399963378906,0.0,35433500
2026-02-27,412.1334533691406,412.3699951171875,0.0,417.9599914550781,401.17999267578125,401.80999755859375,0.0,28653900
2026-03-02,412.4333190917969,412.6700134277344,0.0,417.6099853515625,397.0,401.4700012207031,0.0,30049200
2026-03-03,379.4621887207031,379.67999267578125,0.0,390.0899963378906,374.54998779296875,386.54998779296875,0.0,39010900
2026-03-04,400.5400695800781,400.7699890136719,0.0,407.8800048828125,387.6099853515625,393.6400146484375,0.0,32644900
2026-03-05,396.8222351074219,397.04998779296875,0.0,404.5299987792969,380.29998779296875,398.6000061035156,0.0,29960100
2026-03-06,370.08758544921875,370.29998779296875,0.0,391.17999267578125,367.45001220703125,380.1400146484375,0.0,34458800
2026-03-09,389.0966796875,389.32000732421875,0.0,390.0,357.6700134277344,363.9599914550781,0.0,35547200
2026-03-10,402.8787536621094,403.1099853515625,0.0,415.30999755859375,393.6400146484375,394.010009765625,0.0,33745400
2026-03-11,418.4498291015625,418.69000244140625,0.0,422.75,405.7900085449219,410.7699890136719,0.0,30191400
2026-03-12,405.1174621582031,405.3500061035156,0.0,413.7300109863281,396.6700134277344,410.0,0.0,31720900
2026-03-13,425.88555908203125,426.1300048828125,0.0,429.3500061035156,413.0,413.75,0.0,39261000
2026-03-16,441.54656982421875,441.79998779296875,0.0,454.8599853515625,437.75,446.1600036621094,0.0,43067600
2026-03-17,461.4251708984375,461.69000244140625,0.0,462.7300109863281,445.1400146484375,452.5400085449219,0.0,43017900
2026-03-18,461.46514892578125,461.7300109863281,0.0,471.3399963378906,458.29998779296875,464.760009765625,0.0,58973700
2026-03-19,444.01513671875,444.2699890136719,0.0,457.2200012207031,421.1099853515625,424.9700012207031,0.0,74591900
2026-03-20,422.65740966796875,422.8999938964844,0.0,449.1000061035156,415.3599853515625,443.9200134277344,0.0,64224900
2026-03-23,404.1180419921875,404.3500061035156,0.0,444.2699890136719,401.5199890136719,426.1499938964844,0.0,54807300
2026-03-24,395.3031005859375,395.5299987792969,0.0,404.9800109863281,388.9100036621094,401.2799987792969,0.0,44975100
2026-03-25,381.8708190917969,382.0899963378906,0.0,388.9200134277344,371.3800048828125,383.0,0.0,55328700
2026-03-26,355.256103515625,355.4599914550781,0.0,374.25,350.0,370.0199890136719,0.0,54515900
2026-03-27,357.01507568359375,357.2200012207031,0.0,368.70001220703125,354.05999755859375,359.8599853515625,0.0,45806700
2026-03-30,321.75048828125,321.79998779296875,0.15,362.80999755859375,318.3999938964844,362.6600036621094,0.0,73833200
2026-03-31,337.7880554199219,337.8399963378906,0.0,337.8399963378906,311.489990234375,321.6700134277344,0.0,73551800
2026-04-01,367.7934265136719,367.8500061035156,0.0,377.8900146484375,343.0,348.9100036621094,0.0,74429800
2026-04-02,366.18365478515625,366.239990234375,0.0,366.94000244140625,340.20001220703125,341.3399963378906,0.0,51498700
2026-04-06,377.701904296875,377.760009765625,0.0,385.0799865722656,370.6099853515625,373.79998779296875,0.0,41414900
2026-04-07,377.52191162109375,377.5799865722656,0.0,379.25,364.1000061035156,374.1300048828125,0.0,40224100
2026-04-08,406.6674499511719,406.7300109863281,0.0,416.0,398.8800048828125,415.1300048828125,0.0,49216600
2026-04-09,421.4451904296875,421.510009765625,0.0,423.94000244140625,398.44000244140625,407.6099853515625,0.0,43101000
2026-04-10,420.52532958984375,420.5899963378906,0.0,423.8599853515625,410.04998779296875,420.2900085449219,0.0,36377600
2026-04-13,426.4944152832031,426.55999755859375,0.0,426.8800048828125,408.5,416.4700012207031,0.0,37015800
2026-04-14,465.5884094238281,465.6600036621094,0.0,465.7799987792969,424.8599853515625,434.3500061035156,0.0,52534900
2026-04-15,456.15985107421875,456.2300109863281,0.0,463.95001220703125,439.32000732421875,457.6300048828125,0.0,40370100
2026-04-16,457.1596984863281,457.2300109863281,0.0,462.3399963378906,444.3800048828125,452.9599914550781,0.0,33626400
2026-04-17,455.0000305175781,455.07000732421875,0.0,470.9700012207031,452.20001220703125,466.8500061035156,0.0,33405000
2026-04-20,448.3510437011719,448.4200134277344,0.0,464.55999755859375,435.8999938964844,458.25,0.0,32013600
2026-04-21,449.3109130859375,449.3800048828125,0.0,457.82000732421875,441.29998779296875,451.32000732421875,0.0,27734000
2026-04-22,487.4050598144531,487.4800109863281,0.0,491.9800109863281,458.55999755859375,462.92999267578125,0.0,45998100
2026-04-23,481.64593505859375,481.7200012207031,0.0,493.6199951171875,471.79998779296875,482.2799987792969,0.0,38178000
2026-04-24,496.64361572265625,496.7200012207031,0.0,506.989990234375,489.3599853515625,495.9200134277344,0.0,35379600
2026-04-27,524.4793090820312,524.5599975585938,0.0,531.3599853515625,510.0199890136719,510.55999755859375,0.0,41298800
2026-04-28,504.21246337890625,504.2900085449219,0.0,518.8300170898438,488.2300109863281,503.5400085449219,0.0,44816600
2026-04-29,518.3803100585938,518.4600219726562,0.0,531.02001953125,508.79998779296875,526.0,0.0,36248500
2026-04-30,517.0804443359375,517.1599731445312,0.0,535.5,502.5799865722656,529.739990234375,0.0,36554400
2026-05-01,542.1266479492188,542.2100219726562,0.0,545.9099731445312,510.2099914550781,511.7799987792969,0.0,40215300
2026-05-04,576.3613891601562,576.4500122070312,0.0,592.7999877929688,557.760009765625,560.5999755859375,0.0,46043700
2026-05-05,640.1015625,640.2000122070312,0.0,651.739990234375,605.469970703125,609.780029296875,0.0,64268500
2026-05-06,666.487548828125,666.5900268554688,0.0,667.6699829101562,627.5800170898438,660.3699951171875,0.0,55725800
2026-05-07,646.5305786132812,646.6300048828125,0.0,683.0900268554688,635.4199829101562,649.8300170898438,0.0,47527500
2026-05-08,746.6951293945312,746.8099975585938,0.0,747.2100219726562,676.2100219726562,676.4500122070312,0.0,65130900
2026-05-11,795.2077026367188,795.3300170898438,0.0,818.6699829101562,768.0,792.97998046875,0.0,70972900
2026-05-12,766.462158203125,766.5800170898438,0.0,782.760009765625,706.5999755859375,774.7000122070312,0.0,73743000
2026-05-13,803.5064086914062,803.6300048828125,0.0,814.9500122070312,779.469970703125,813.1599731445312,0.0,54875100
2026-05-14,775.8906860351562,776.010009765625,0.0,812.0,775.6300048828125,787.6199951171875,0.0,42142700
2026-05-15,724.5485229492188,724.6599731445312,0.0,749.5900268554688,719.0,732.5700073242188,0.0,48519000
2026-05-18,681.4351806640625,681.5399780273438,0.0,757.0,663.25,750.4600219726562,0.0,60042500
2026-05-19,698.632568359375,698.739990234375,0.0,725.9500122070312,652.2100219726562,665.5800170898438,0.0,61792100
2026-05-20,731.87744140625,731.989990234375,0.0,735.6799926757812,700.6599731445312,734.9600219726562,0.0,48827400
2026-05-21,761.9827880859375,762.0999755859375,0.0,764.9000244140625,732.2000122070312,736.3599853515625,0.0,42461500
2026-05-22,750.884521484375,751.0,0.0,780.2000122070312,747.2000122070312,756.8200073242188,0.0,36002900
2026-05-26,895.7422485351562,895.8800048828125,0.0,916.7999877929688,820.2999877929688,820.5,0.0,76560800
2026-05-27,928.2672119140625,928.4099731445312,0.0,956.1599731445312,888.1500244140625,955.6599731445312,0.0,72295700
2026-05-28,923.3779907226562,923.52001953125,0.0,949.489990234375,904.780029296875,929.8300170898438,0.0,49694300
2026-05-29,970.8507080078125,971.0,0.0,981.0,940.510009765625,957.0,0.0,60498600
2026-06-01,1035.3408203125,1035.5,0.0,1046.969970703125,1009.5,1009.719970703125,0.0,46552100
2026-06-02,1063.936279296875,1064.0999755859375,0.0,1076.56005859375,1017.2000122070312,1050.0,0.0,47555400
2026-06-03,1079.4039306640625,1079.5699462890625,0.0,1089.2900390625,1038.5,1079.010009765625,0.0,40324200
2026-06-04,995.8468627929688,996.0,0.0,1036.3699951171875,971.6799926757812,1007.0999755859375,0.0,54917200
2026-06-05,863.8771362304688,864.010009765625,0.0,961.8900146484375,864.010009765625,944.4000244140625,0.0,77250500
2026-06-08,949.134033203125,949.280029296875,0.0,962.9500122070312,916.5,938.27001953125,0.0,54097800
2026-06-09,935.74609375,935.8900146484375,0.0,989.1500244140625,854.3499755859375,988.1799926757812,0.0,73448600
2026-06-10,891.7428588867188,891.8800048828125,0.0,957.47998046875,883.25,905.1300048828125,0.0,55712600
2026-06-11,995.7168579101562,995.8699951171875,0.0,996.77001953125,895.5,904.3699951171875,0.0,59418900
2026-06-12,981.4590454101562,981.6099853515625,0.0,1012.6199951171875,960.1900024414062,971.8099975585938,0.0,40785200
2026-06-15,1087.8226318359375,1087.989990234375,0.0,1097.469970703125,1051.5,1055.8900146484375,0.0,44994600
2026-06-16,1020.60302734375,1020.760009765625,0.0,1110.4000244140625,1020.0,1099.699951171875,0.0,45499800
2026-06-17,1043.029541015625,1043.18994140625,0.0,1093.6700439453125,1014.1400146484375,1061.300048828125,0.0,46149200
2026-06-18,1133.8155517578125,1133.989990234375,0.0,1149.4300537109375,1092.7900390625,1108.0699462890625,0.0,64642500
2026-06-22,1211.1937255859375,1211.3800048828125,0.0,1213.56005859375,1168.5699462890625,1196.219970703125,0.0,53140800
2026-06-23,1051.6082763671875,1051.77001953125,0.0,1125.0,1038.5,1080.0,0.0,60243300
2026-06-24,1048.3487548828125,1048.510009765625,0.0,1083.3199462890625,991.0999755859375,1082.219970703125,0.0,68935700
2026-06-25,1213.3734130859375,1213.56005859375,0.0,1255.0,1136.31005859375,1233.0,0.0,82143900
2026-06-26,1132.1558837890625,1132.3299560546875,0.0,1198.7099609375,1121.3599853515625,1139.0799560546875,0.0,86405300
2026-06-29,1145.1038818359375,1145.280029296875,0.0,1148.7900390625,1023.6500244140625,1128.699951171875,0.0,60694100
2026-06-30,1154.112548828125,1154.2900390625,0.0,1168.6800537109375,1124.6600341796875,1144.72998046875,0.0,42152600
