Date,Adj Close,Close,Dividends,High,Low,Open,Stock Splits,Volume
,NVDA,NVDA,NVDA,NVDA,NVDA,NVDA,NVDA,NVDA
2016-07-01,1.1438755989074707,1.1664999723434448,0.0,1.184000015258789,1.162500023841858,1.1687500476837158,0.0,218488000
2016-07-05,1.160791039466858,1.183750033378601,0.0,1.1857500076293945,1.1507500410079956,1.159999966621399,0.0,371084000
2016-07-06,1.1681452989578247,1.191249966621399,0.0,1.1982500553131104,1.1694999933242798,1.1755000352859497,0.0,273104000
2016-07-07,1.1985445022583008,1.222249984741211,0.0,1.2265000343322754,1.193750023841858,1.1992499828338623,0.0,395400000
2016-07-08,1.2465940713882446,1.2712500095367432,0.0,1.277250051498413,1.2304999828338623,1.2352499961853027,0.0,481932000
2016-07-11,1.2752764225006104,1.3005000352859497,0.0,1.309999942779541,1.2879999876022339,1.2894999980926514,0.0,448776000
2016-07-12,1.2943984270095825,1.3200000524520874,0.0,1.3320000171661377,1.2984999418258667,1.315000057220459,0.0,436760000
2016-07-13,1.293907642364502,1.3194999694824219,0.0,1.3300000429153442,1.3174999952316284,1.3224999904632568,0.0,324604000
2016-07-14,1.3071459531784058,1.3329999446868896,0.0,1.3450000286102295,1.315500020980835,1.3265000581741333,0.0,316892000
2016-07-15,1.2919468879699707,1.3174999952316284,0.0,1.3235000371932983,1.2960000038146973,1.315999984741211,0.0,428616000
2016-07-18,1.2985661029815674,1.3242499828338623,0.0,1.3357499837875366,1.3192499876022339,1.3337500095367432,0.0,252992000
2016-07-19,1.312049150466919,1.3380000591278076,0.0,1.343250036239624,1.3209999799728394,1.3235000371932983,0.0,382652000
2016-07-20,1.329209804534912,1.3554999828338623,0.0,1.3627500534057617,1.3370000123977661,1.3424999713897705,0.0,296460000
2016-07-21,1.3046947717666626,1.3305000066757202,0.0,1.3567500114440918,1.3259999752044678,1.3524999618530273,0.0,361308000
2016-07-22,1.3402413129806519,1.3667500019073486,0.0,1.3667500019073486,1.3255000114440918,1.3352500200271606,0.0,315768000
2016-07-25,1.3650015592575073,1.3919999599456787,0.0,1.3952499628067017,1.36899995803833,1.375,0.0,312528000
2016-07-26,1.3882914781570435,1.4157500267028809,0.0,1.4229999780654907,1.402250051498413,1.4042500257492065,0.0,514508000
2016-07-27,1.3743177652359009,1.4014999866485596,0.0,1.4305000305175781,1.3930000066757202,1.4279999732971191,0.0,446676000
2016-07-28,1.3772590160369873,1.4045000076293945,0.0,1.4149999618530273,1.40024995803833,1.4047499895095825,0.0,221916000
2016-07-29,1.3998134136199951,1.4275000095367432,0.0,1.431249976158142,1.3845000267028809,1.409749984741211,0.0,409588000
2016-08-01,1.390742540359497,1.4182499647140503,0.0,1.4387500286102295,1.409000039100647,1.433500051498413,0.0,301120000
2016-08-02,1.373827576637268,1.4010000228881836,0.0,1.4257500171661377,1.3875000476837158,1.4249999523162842,0.0,282748000
2016-08-03,1.3775044679641724,1.4047499895095825,0.0,1.4075000286102295,1.3914999961853027,1.3992500305175781,0.0,299828000
2016-08-04,1.4030004739761353,1.4307500123977661,0.0,1.437250018119812,1.408750057220459,1.4114999771118164,0.0,272712000
2016-08-05,1.4267799854278564,1.4550000429153442,0.0,1.4557499885559082,1.440250039100647,1.4472500085830688,0.0,371588000
2016-08-08,1.4400182962417603,1.468500018119812,0.0,1.4785000085830688,1.4529999494552612,1.475000023841858,0.0,305064000
2016-08-09,1.4436954259872437,1.472249984741211,0.0,1.4865000247955322,1.468500018119812,1.4757499694824219,0.0,372344000
2016-08-10,1.4343794584274292,1.46274995803833,0.0,1.4874999523162842,1.4579999446868896,1.4852499961853027,0.0,375740000
2016-08-11,1.4635522365570068,1.4924999475479126,0.0,1.4987499713897705,1.4674999713897705,1.4704999923706055,0.0,681064000
2016-08-12,1.5454330444335938,1.5759999752044678,0.0,1.5844999551773071,1.5157500505447388,1.5475000143051147,0.0,1425744000
2016-08-15,1.543962001800537,1.5744999647140503,0.0,1.587499976158142,1.5532499551773071,1.5777499675750732,0.0,573304000
2016-08-16,1.5346463918685913,1.565000057220459,0.0,1.5747499465942383,1.5602500438690186,1.5722500085830688,0.0,287652000
2016-08-17,1.4990993738174438,1.528749942779541,0.0,1.56850004196167,1.5164999961853027,1.565000057220459,0.0,595212000
2016-08-18,1.5223890542984009,1.5525000095367432,0.0,1.5549999475479126,1.5204999446868896,1.5264999866485596,0.0,331684000
2016-08-19,1.5263110399246216,1.55649995803833,0.0,1.5682499408721924,1.5449999570846558,1.5517499446868896,0.0,291560000
2016-08-22,1.5326852798461914,1.562999963760376,0.0,1.565250039100647,1.5427500009536743,1.5612499713897705,0.0,244748000
2016-08-23,1.5450881719589233,1.5727499723434448,0.002875,1.5829999446868896,1.5682499408721924,1.5759999752044678,0.0,339764000
2016-08-24,1.5212644338607788,1.5484999418258667,0.0,1.5789999961853027,1.5412499904632568,1.5782500505447388,0.0,298448000
2016-08-25,1.5111949443817139,1.5382499694824219,0.0,1.5497499704360962,1.5190000534057617,1.5490000247955322,0.0,406032000
2016-08-26,1.523474931716919,1.5507500171661377,0.0,1.559499979019165,1.5299999713897705,1.5422500371932983,0.0,300024000
2016-08-29,1.522492527961731,1.5497499704360962,0.0,1.563249945640564,1.5472500324249268,1.5570000410079956,0.0,274652000
2016-08-30,1.51365065574646,1.5407500267028809,0.0,1.555999994277954,1.5364999771118164,1.5477499961853027,0.0,285544000
2016-08-31,1.506528615951538,1.5334999561309814,0.0,1.5479999780654907,1.5290000438690186,1.5437500476837158,0.0,388544000
2016-09-01,1.5509828329086304,1.5787500143051147,0.0,1.5844999551773071,1.5334999561309814,1.534749984741211,0.0,428492000
2016-09-02,1.5357556343078613,1.563249945640564,0.0,1.5837500095367432,1.5455000400543213,1.5820000171661377,0.0,323148000
2016-09-06,1.5502458810806274,1.5779999494552612,0.0,1.5779999494552612,1.5607500076293945,1.568750023841858,0.0,306812000
2016-09-07,1.527404546737671,1.5547499656677246,0.0,1.5807499885559082,1.5457500219345093,1.5729999542236328,0.0,397988000
2016-09-08,1.5384572744369507,1.565999984741211,0.0,1.56850004196167,1.5355000495910645,1.5532499551773071,0.0,315808000
2016-09-09,1.4618284702301025,1.4880000352859497,0.0,1.5575000047683716,1.475000023841858,1.5487500429153442,0.0,697760000
2016-09-12,1.4920380115509033,1.5187499523162842,0.0,1.5217499732971191,1.4329999685287476,1.468250036239624,0.0,598260000
2016-09-13,1.470424771308899,1.496749997138977,0.0,1.5325000286102295,1.4882500171661377,1.5149999856948853,0.0,471768000
2016-09-14,1.483441710472107,1.5099999904632568,0.0,1.5149999856948853,1.4877500534057617,1.500249981880188,0.0,319048000
2016-09-15,1.5396850109100342,1.5672500133514404,0.0,1.569000005722046,1.5089999437332153,1.5125000476837158,0.0,515212000
2016-09-16,1.543368935585022,1.5709999799728394,0.0,1.5812499523162842,1.5529999732971191,1.5727499723434448,0.0,902444000
2016-09-19,1.5637543201446533,1.5917500257492065,0.0,1.631500005722046,1.5802500247955322,1.587499976158142,0.0,417128000
2016-09-20,1.549508810043335,1.5772500038146973,0.0,1.6100000143051147,1.56850004196167,1.6100000143051147,0.0,331112000
2016-09-21,1.5929811000823975,1.621500015258789,0.0,1.624500036239624,1.5817500352859497,1.5820000171661377,0.0,336212000
2016-09-22,1.5969107151031494,1.625499963760376,0.0,1.6360000371932983,1.6162500381469727,1.63100004196167,0.0,308732000
2016-09-23,1.5951913595199585,1.6237499713897705,0.0,1.6322499513626099,1.6165000200271606,1.627500057220459,0.0,276132000
2016-09-26,1.5802096128463745,1.6085000038146973,0.0,1.6150000095367432,1.5882500410079956,1.6052500009536743,0.0,230040000
2016-09-27,1.634242057800293,1.6634999513626099,0.0,1.6660000085830688,1.6015000343322754,1.6022499799728394,0.0,402752000
2016-09-28,1.64013671875,1.6694999933242798,0.0,1.6707500219345093,1.6482499837875366,1.6660000085830688,0.0,319788000
2016-09-29,1.6553637981414795,1.684999942779541,0.0,1.690250039100647,1.6512500047683716,1.6667499542236328,0.0,336684000
2016-09-30,1.6828715801239014,1.7130000591278076,0.0,1.7297500371932983,1.684249997138977,1.6942499876022339,0.0,429932000
2016-10-03,1.681152105331421,1.7112499475479126,0.0,1.7377500534057617,1.7082500457763672,1.7130000591278076,0.0,242596000
2016-10-04,1.6774684190750122,1.7074999809265137,0.0,1.7424999475479126,1.6947499513626099,1.7137500047683716,0.0,281624000
2016-10-05,1.675748586654663,1.7057499885559082,0.0,1.7395000457763672,1.7005000114440918,1.722000002861023,0.0,305440000
2016-10-06,1.653890609741211,1.683500051498413,0.0,1.6957499980926514,1.656499981880188,1.6852500438690186,0.0,360212000
2016-10-07,1.641856074333191,1.6712499856948853,0.0,1.6992499828338623,1.6664999723434448,1.6947499513626099,0.0,286260000
2016-10-10,1.6479955911636353,1.6775000095367432,0.0,1.6890000104904175,1.6617499589920044,1.6799999475479126,0.0,287876000
2016-10-11,1.624172329902649,1.653249979019165,0.0,1.6744999885559082,1.6404999494552612,1.6720000505447388,0.0,388540000
2016-10-12,1.6315406560897827,1.6607500314712524,0.0,1.6694999933242798,1.6327500343322754,1.6464999914169312,0.0,419920000
2016-10-13,1.6050153970718384,1.6337499618530273,0.0,1.6449999809265137,1.5924999713897705,1.6412500143051147,0.0,390116000
2016-10-14,1.6207334995269775,1.649749994277954,0.0,1.6649999618530273,1.6399999856948853,1.653749942779541,0.0,330636000
2016-10-17,1.6114013195037842,1.6402499675750732,0.0,1.6649999618530273,1.6380000114440918,1.6495000123977661,0.0,195328000
2016-10-18,1.6359612941741943,1.6652499437332153,0.0,1.6747499704360962,1.65625,1.6629999876022339,0.0,269372000
2016-10-19,1.632522702217102,1.6617499589920044,0.0,1.6694999933242798,1.6454999446868896,1.6540000438690186,0.0,199060000
2016-10-20,1.6634690761566162,1.6932499408721924,0.0,1.6987500190734863,1.6575000286102295,1.681249976158142,0.0,312084000
2016-10-21,1.6588027477264404,1.6885000467300415,0.0,1.691499948501587,1.6725000143051147,1.687250018119812,0.0,279508000
2016-10-24,1.7366586923599243,1.7677500247955322,0.0,1.7697499990463257,1.6997499465942383,1.7000000476837158,0.0,339836000
2016-10-25,1.7651487588882446,1.7967499494552612,0.0,1.8075000047683716,1.756250023841858,1.7647500038146973,0.0,397460000
2016-10-26,1.7722712755203247,1.8040000200271606,0.0,1.8237500190734863,1.7799999713897705,1.781749963760376,0.0,333792000
2016-10-27,1.7359217405319214,1.7669999599456787,0.0,1.8212499618530273,1.7597500085830688,1.8177499771118164,0.0,388664000
2016-10-28,1.7329742908477783,1.7640000581741333,0.0,1.8025000095367432,1.7607500553131104,1.7755000591278076,0.0,290856000
2016-10-31,1.7477105855941772,1.7790000438690186,0.0,1.7907500267028809,1.7687499523162842,1.7697499990463257,0.0,252388000
2016-11-01,1.6958887577056885,1.7262500524520874,0.0,1.7952500581741333,1.7072499990463257,1.7855000495910645,0.0,473224000
2016-11-02,1.6887660026550293,1.718999981880188,0.0,1.7630000114440918,1.715999960899353,1.7395000457763672,0.0,295848000
2016-11-03,1.66911780834198,1.6990000009536743,0.0,1.7285000085830688,1.6660000085830688,1.7269999980926514,0.0,309664000
2016-11-04,1.6595393419265747,1.6892499923706055,0.0,1.718250036239624,1.6644999980926514,1.687749981880188,0.0,328780000
2016-11-07,1.7504124641418457,1.781749963760376,0.0,1.7929999828338623,1.7374999523162842,1.7387499809265137,0.0,487580000
2016-11-08,1.7477105855941772,1.7790000438690186,0.0,1.7942500114440918,1.7625000476837158,1.7884999513626099,0.0,429884000
2016-11-09,1.718238353729248,1.7489999532699585,0.0,1.7725000381469727,1.718000054359436,1.7307499647140503,0.0,456532000
2016-11-10,1.6644514799118042,1.6942499876022339,0.0,1.787500023841858,1.6690000295639038,1.78725004196167,0.0,869280000
2016-11-11,2.160569667816162,2.1992499828338623,0.0,2.219249963760376,1.962499976158142,1.9877500534057617,0.0,2175344000
2016-11-14,2.0542240142822266,2.0910000801086426,0.0,2.2047500610351562,2.0905001163482666,2.2022500038146973,0.0,1348796000
2016-11-15,2.116851806640625,2.154750108718872,0.0,2.1862499713897705,2.098249912261963,2.1072499752044678,0.0,626092000
2016-11-16,2.250460624694824,2.290750026702881,0.0,2.313999891281128,2.158750057220459,2.183500051498413,0.0,987984000
2016-11-17,2.2691261768341064,2.3097500801086426,0.0,2.3697500228881836,2.266249895095825,2.3077499866485596,0.0,832988000
2016-11-18,2.292949676513672,2.3340001106262207,0.0,2.3582499027252197,2.2950000762939453,2.3097500801086426,0.0,576060000
2016-11-21,2.283616304397583,2.32450008392334,0.0,2.358750104904175,2.309999942779541,2.352250099182129,0.0,436436000
2016-11-22,2.300072193145752,2.341249942779541,0.0,2.3434998989105225,2.309499979019165,2.3324999809265137,0.0,330368000
2016-11-23,2.311386823654175,2.349250078201294,0.0035,2.3812499046325684,2.3192501068115234,2.3429999351501465,0.0,443236000
2016-11-25,2.3160600662231445,2.3540000915527344,0.0,2.377500057220459,2.335249900817871,2.3605000972747803,0.0,195564000
2016-11-28,2.3148298263549805,2.352750062942505,0.0,2.368499994277954,2.3399999141693115,2.346750020980835,0.0,278736000
2016-11-29,2.2936761379241943,2.331249952316284,0.0,2.3610000610351562,2.3132500648498535,2.3499999046325684,0.0,444568000
2016-11-30,2.2678494453430176,2.305000066757202,0.0,2.3540000915527344,2.302500009536743,2.3399999141693115,0.0,440500000
2016-12-01,2.1556875705718994,2.190999984741211,0.0,2.3042500019073486,2.1192500591278076,2.302500009536743,0.0,1035524000
2016-12-02,2.175610303878784,2.211250066757202,0.0,2.2200000286102295,2.128000020980835,2.15625,0.0,478292000
2016-12-05,2.259978771209717,2.296999931335449,0.0,2.3152499198913574,2.2249999046325684,2.2497498989105225,0.0,602284000
2016-12-06,2.2971203327178955,2.334749937057495,0.0,2.343250036239624,2.289249897003174,2.3052499294281006,0.0,498796000
2016-12-07,2.3384439945220947,2.3767499923706055,0.0,2.382499933242798,2.302500009536743,2.321000099182129,0.0,480804000
2016-12-08,2.2993335723876953,2.3369998931884766,0.0,2.4154999256134033,2.3262500762939453,2.3797500133514404,0.0,381544000
2016-12-09,2.258502960205078,2.2955000400543213,0.0,2.356750011444092,2.2677500247955322,2.3550000190734863,0.0,382312000
2016-12-12,2.2036516666412354,2.2397499084472656,0.0,2.2487499713897705,2.188499927520752,2.2462499141693115,0.0,601332000
2016-12-13,2.2425150871276855,2.279249906539917,0.0,2.3072500228881836,2.2512500286102295,2.2522499561309814,0.0,387796000
2016-12-14,2.372386932373047,2.411250114440918,0.0,2.4277501106262207,2.289249897003174,2.313499927520752,0.0,983980000
2016-12-15,2.427976131439209,2.467750072479248,0.0,2.498500108718872,2.4149999618530273,2.422499895095825,0.0,746548000
2016-12-16,2.4697916507720947,2.5102500915527344,0.0,2.5174999237060547,2.4432499408721924,2.4957499504089355,0.0,1089528000
2016-12-19,2.499800682067871,2.540750026702881,0.0,2.5612499713897705,2.4749999046325684,2.492500066757202,0.0,744656000
2016-12-20,2.5868730545043945,2.6292500495910645,0.0,2.653249979019165,2.6029999256134033,2.614500045776367,0.0,848056000
2016-12-21,2.6031081676483154,2.645750045776367,0.0,2.648750066757202,2.592750072479248,2.6410000324249268,0.0,576136000
2016-12-22,2.634591579437256,2.6777501106262207,0.0,2.721750020980835,2.663249969482422,2.6705000400543213,0.0,718612000
2016-12-23,2.7002651691436768,2.744499921798706,0.0,2.746000051498413,2.656749963760376,2.6594998836517334,0.0,647692000
2016-12-27,2.8857271671295166,2.933000087738037,0.0,2.934000015258789,2.7804999351501465,2.801500082015991,0.0,1194272000
2016-12-28,2.6872293949127197,2.731250047683716,0.0,2.9982500076293945,2.717250108718872,2.990000009536743,0.0,2295764000
2016-12-29,2.7408523559570312,2.785749912261963,0.0,2.78725004196167,2.569999933242798,2.622499942779541,0.0,2175368000
2016-12-30,2.6254913806915283,2.6684999465942383,0.0,2.7980000972747803,2.6575000286102295,2.783750057220459,0.0,1212932000
2017-01-03,2.5091469287872314,2.5502500534057617,0.0,2.659250020980835,2.484499931335449,2.609999895095825,0.0,1501996000
2017-01-04,2.56768798828125,2.6097500324249268,0.0,2.637500047683716,2.538249969482422,2.5850000381469727,0.0,1199220000
2017-01-05,2.5025057792663574,2.5434999465942383,0.0,2.6454999446868896,2.526249885559082,2.6132500171661377,0.0,984296000
2017-01-06,2.5359573364257812,2.577500104904175,0.0,2.606250047683716,2.5299999713897705,2.5712499618530273,0.0,822856000
2017-01-09,2.638772964477539,2.681999921798706,0.0,2.700000047683716,2.5875000953674316,2.5875000953674316,0.0,916248000
2017-01-10,2.6188504695892334,2.661750078201294,0.0,2.729749917984009,2.640749931335449,2.6952500343322754,0.0,880920000
2017-01-11,2.586627721786499,2.628999948501587,0.0,2.6549999713897705,2.603749990463257,2.6500000953674316,0.0,525664000
2017-01-12,2.544320583343506,2.5859999656677246,0.0,2.617500066757202,2.5404999256134033,2.60575008392334,0.0,625616000
2017-01-13,2.5440754890441895,2.585750102996826,0.0,2.625,2.5764999389648438,2.5899999141693115,0.0,457820000
2017-01-17,2.487009286880493,2.527750015258789,0.0,2.5799999237060547,2.5142500400543213,2.575000047683716,0.0,580612000
2017-01-18,2.5322680473327637,2.5737500190734863,0.0,2.580749988555908,2.477750062942505,2.50600004196167,0.0,654424000
2017-01-19,2.586627721786499,2.628999948501587,0.0,2.6614999771118164,2.57450008392334,2.5767500400543213,0.0,644872000
2017-01-20,2.5583410263061523,2.600250005722046,0.0,2.6700000762939453,2.578000068664551,2.6519999504089355,0.0,492024000
2017-01-23,2.5849061012268066,2.6272499561309814,0.0,2.6475000381469727,2.5924999713897705,2.5950000286102295,0.0,369904000
2017-01-24,2.640002727508545,2.6832499504089355,0.0,2.689500093460083,2.622499942779541,2.637500047683716,0.0,428052000
2017-01-25,2.651318073272705,2.6947500705718994,0.0,2.7325000762939453,2.658250093460083,2.726249933242798,0.0,522760000
2017-01-26,2.697068691253662,2.7412500381469727,0.0,2.7487499713897705,2.6675000190734863,2.697499990463257,0.0,458800000
2017-01-27,2.749213933944702,2.794250011444092,0.0,2.7972500324249268,2.721250057220459,2.7482500076293945,0.0,471996000
2017-01-30,2.706169366836548,2.750499963760376,0.0,2.77524995803833,2.6977500915527344,2.7730000019073486,0.0,496004000
2017-01-31,2.6855082511901855,2.7295000553131104,0.0,2.7512500286102295,2.7049999237060547,2.723750114440918,0.0,362756000
2017-02-01,2.802835702896118,2.848750114440918,0.0,2.8529999256134033,2.746500015258789,2.7644999027252197,0.0,590004000
2017-02-02,2.8382551670074463,2.8847498893737793,0.0,2.8935000896453857,2.801500082015991,2.8324999809265137,0.0,483240000
2017-02-03,2.8134119510650635,2.859499931335449,0.0,2.8975000381469727,2.8475000858306885,2.8862500190734863,0.0,372744000
2017-02-06,2.8854820728302,2.9327499866485596,0.0,2.9332499504089355,2.8499999046325684,2.8499999046325684,0.0,506768000
2017-02-07,2.9302492141723633,2.978250026702881,0.0,3.0230000019073486,2.947499990463257,2.9674999713897705,0.0,746224000
2017-02-08,2.9174578189849854,2.965250015258789,0.0,2.9827499389648438,2.9094998836517334,2.9600000381469727,0.0,449580000
2017-02-09,2.8626065254211426,2.9094998836517334,0.0,2.9765000343322754,2.890000104904175,2.9714999198913574,0.0,842568000
2017-02-10,2.7947187423706055,2.8405001163482666,0.0,3.0174999237060547,2.815000057220459,2.9982500076293945,0.0,1651092000
2017-02-13,2.665830135345459,2.7095000743865967,0.0,2.8494999408721924,2.7049999237060547,2.834749937057495,0.0,1180724000
2017-02-14,2.6756691932678223,2.7195000648498535,0.0,2.7537500858306885,2.657249927520752,2.6997499465942383,0.0,850632000
2017-02-15,2.681079626083374,2.7249999046325684,0.0,2.744999885559082,2.694000005722046,2.7225000858306885,0.0,373020000
2017-02-16,2.638036012649536,2.6812500953674316,0.0,2.7360000610351562,2.6414999961853027,2.7347500324249268,0.0,647176000
2017-02-17,2.6375434398651123,2.6807498931884766,0.0,2.6852500438690186,2.6197500228881836,2.6675000190734863,0.0,563740000
2017-02-21,2.7319960594177246,2.776750087738037,0.0,2.780750036239624,2.7054998874664307,2.705749988555908,0.0,551952000
2017-02-22,2.7278103828430176,2.7690000534057617,0.0035,2.7950000762939453,2.7497498989105225,2.7855000495910645,0.0,433772000
2017-02-23,2.4748785495758057,2.5122499465942383,0.0,2.659749984741211,2.492000102996826,2.637500047683716,0.0,1592888000
2017-02-24,2.4987685680389404,2.5364999771118164,0.0,2.549999952316284,2.3924999237060547,2.4267499446868896,0.0,1029904000
2017-02-27,2.571420907974243,2.6102499961853027,0.0,2.625499963760376,2.5390000343322754,2.555000066757202,0.0,715400000
2017-02-28,2.499260187149048,2.5369999408721924,0.0,2.630000114440918,2.5195000171661377,2.619999885559082,0.0,625360000
2017-03-01,2.5315232276916504,2.5697500705718994,0.0,2.609250068664551,2.527750015258789,2.594749927520752,0.0,504804000
2017-03-02,2.438183546066284,2.4749999046325684,0.0,2.571000099182129,2.472249984741211,2.5567500591278076,0.0,754332000
2017-03-03,2.424145460128784,2.460750102996826,0.0,2.469249963760376,2.4054999351501465,2.464250087738037,0.0,864692000
2017-03-06,2.405428647994995,2.4417500495910645,0.0,2.452500104904175,2.3792500495910645,2.4240000247955322,0.0,883568000
2017-03-07,2.431779384613037,2.4684998989105225,0.0,2.4882500171661377,2.4287500381469727,2.4417500495910645,0.0,603400000
2017-03-08,2.42734694480896,2.4639999866485596,0.0,2.5325000286102295,2.461750030517578,2.5174999237060547,0.0,638712000
2017-03-09,2.4268546104431152,2.4635000228881836,0.0,2.4862499237060547,2.434999942779541,2.4477500915527344,0.0,478060000
2017-03-10,2.4411375522613525,2.4779999256134033,0.0,2.5022499561309814,2.4595000743865967,2.4902501106262207,0.0,499740000
2017-03-13,2.5083725452423096,2.546250104904175,0.0,2.5562500953674316,2.4877500534057617,2.4885001182556152,0.0,774136000
2017-03-14,2.5066497325897217,2.5445001125335693,0.0,2.5687499046325684,2.5117499828338623,2.5592501163482666,0.0,522016000
2017-03-15,2.5256130695343018,2.5637500286102295,0.0,2.5747499465942383,2.507999897003174,2.5562500953674316,0.0,615036000
2017-03-16,2.5566444396972656,2.595249891281128,0.0,2.595750093460083,2.5602500438690186,2.57450008392334,0.0,523100000
2017-03-17,2.6123039722442627,2.651750087738037,0.0,2.6530001163482666,2.595249891281128,2.61299991607666,0.0,1119688000
2017-03-20,2.695546865463257,2.7362499237060547,0.0,2.7402501106262207,2.653249979019165,2.6695001125335693,0.0,748568000
2017-03-21,2.608363151550293,2.647749900817871,0.0,2.749000072479248,2.6397500038146973,2.71875,0.0,913484000
2017-03-22,2.661559820175171,2.7017500400543213,0.0,2.7065000534057617,2.632499933242798,2.6364998817443848,0.0,616764000
2017-03-23,2.6374237537384033,2.6772499084472656,0.0,2.7139999866485596,2.6675000190734863,2.6937499046325684,0.0,533940000
2017-03-24,2.6467831134796143,2.6867499351501465,0.0,2.7322499752044678,2.6605000495910645,2.724250078201294,0.0,439500000
2017-03-27,2.6659932136535645,2.706249952316284,0.0,2.710249900817871,2.5894999504089355,2.6394999027252197,0.0,506644000
2017-03-28,2.6522014141082764,2.6922500133514404,0.0,2.722249984741211,2.6817500591278076,2.7074999809265137,0.0,432444000
2017-03-29,2.6435811519622803,2.683500051498413,0.0,2.712249994277954,2.6812500953674316,2.6997499465942383,0.0,349992000
2017-03-30,2.6943142414093018,2.734999895095825,0.0,2.75,2.684999942779541,2.6907498836517334,0.0,525532000
2017-03-31,2.682739734649658,2.723249912261963,0.0,2.7472500801086426,2.7100000381469727,2.725250005722046,0.0,440808000
2017-04-03,2.6691946983337402,2.7095000743865967,0.0,2.7412500381469727,2.685499906539917,2.723750114440918,0.0,445232000
2017-04-04,2.482020378112793,2.5195000171661377,0.0,2.6105000972747803,2.508500099182129,2.5850000381469727,0.0,1271280000
2017-04-05,2.463550090789795,2.5007500648498535,0.0,2.5592501163482666,2.487499952316284,2.500499963760376,0.0,747048000
2017-04-06,2.4815282821655273,2.5190000534057617,0.0,2.53125,2.460249900817871,2.50600004196167,0.0,635120000
2017-04-07,2.4709384441375732,2.5082499980926514,0.0,2.54325008392334,2.493000030517578,2.5255000591278076,0.0,429068000
2017-04-10,2.407890796661377,2.4442501068115234,0.0,2.515749931335449,2.440000057220459,2.509000062942505,0.0,756332000
2017-04-11,2.4165103435516357,2.453000068664551,0.0,2.4725000858306885,2.408750057220459,2.413749933242798,0.0,618148000
2017-04-12,2.396562337875366,2.4327499866485596,0.0,2.4674999713897705,2.427500009536743,2.453000068664551,0.0,414092000
2017-04-13,2.3517377376556396,2.3872499465942383,0.0,2.4302499294281006,2.3872499465942383,2.408250093460083,0.0,506892000
2017-04-17,2.443847417831421,2.48075008392334,0.0,2.4809999465942383,2.3949999809265137,2.40024995803833,0.0,497292000
2017-04-18,2.4453253746032715,2.4822499752044678,0.0,2.4885001182556152,2.440000057220459,2.466249942779541,0.0,370116000
2017-04-19,2.454930305480957,2.492000102996826,0.0,2.5244998931884766,2.4852499961853027,2.5,0.0,380828000
2017-04-20,2.4938416481018066,2.5315001010894775,0.0,2.536250114440918,2.4852499961853027,2.5067501068115234,0.0,404016000
2017-04-21,2.5041863918304443,2.5420000553131104,0.0,2.5447499752044678,2.509000062942505,2.5209999084472656,0.0,341896000
2017-04-24,2.53546404838562,2.5737500190734863,0.0,2.5869998931884766,2.5527501106262207,2.5739998817443848,0.0,371820000
2017-04-25,2.579547882080078,2.618499994277954,0.0,2.6332499980926514,2.5667500495910645,2.5885000228881836,0.0,388440000
2017-04-26,2.5618159770965576,2.6005001068115234,0.0,2.6347498893737793,2.5985000133514404,2.6322500705718994,0.0,327004000
2017-04-27,2.6017134189605713,2.6410000324249268,0.0,2.6494998931884766,2.589750051498413,2.6080000400543213,0.0,319700000
2017-04-28,2.568711280822754,2.6075000762939453,0.0,2.6410000324249268,2.601749897003174,2.634000062942505,0.0,348248000
2017-05-01,2.6263413429260254,2.6659998893737793,0.0,2.671250104904175,2.6112499237060547,2.618499994277954,0.0,307732000
2017-05-02,2.548516273498535,2.5869998931884766,0.0,2.640000104904175,2.563999891281128,2.6387500762939453,0.0,629972000
2017-05-03,2.5674798488616943,2.606250047683716,0.0,2.615999937057495,2.565000057220459,2.5799999237060547,0.0,336904000
2017-05-04,2.557629346847534,2.596250057220459,0.0,2.6237499713897705,2.588249921798706,2.612499952316284,0.0,209788000
2017-05-05,2.557875156402588,2.5964999198913574,0.0,2.603749990463257,2.5687499046325684,2.5845000743865967,0.0,228428000
2017-05-08,2.5310306549072266,2.5692501068115234,0.0,2.609999895095825,2.5577499866485596,2.6085000038146973,0.0,365240000
2017-05-09,2.535217523574829,2.573499917984009,0.0,2.6232500076293945,2.566499948501587,2.575000047683716,0.0,847672000
2017-05-10,2.9871435165405273,3.032249927520752,0.0,3.0455000400543213,2.8505001068115234,2.8572499752044678,0.0,2129096000
2017-05-11,3.1154558658599854,3.1624999046325684,0.0,3.2607500553131104,2.9977500438690186,3.0012500286102295,0.0,1939792000
2017-05-12,3.149689197540283,3.1972498893737793,0.0,3.240000009536743,3.1445000171661377,3.165750026702881,0.0,962620000
2017-05-15,3.3078014850616455,3.3577499389648438,0.0,3.3602499961853027,3.234499931335449,3.239000082015991,0.0,1087540000
2017-05-16,3.3693718910217285,3.4202499389648438,0.0,3.436000108718872,3.3340001106262207,3.4094998836517334,0.0,1120700000
2017-05-17,3.1455020904541016,3.193000078201294,0.0,3.371500015258789,3.1887500286102295,3.3524999618530273,0.0,1271368000
2017-05-18,3.2772624492645264,3.3267500400543213,0.0,3.335750102996826,3.1762499809265137,3.237499952316284,0.0,1156032000
2017-05-19,3.3529512882232666,3.4000000953674316,0.0035,3.4554998874664307,3.380500078201294,3.4257500171661377,0.0,1018372000
2017-05-22,3.4244470596313477,3.4725000858306885,0.0,3.486999988555908,3.4332499504089355,3.4442501068115234,0.0,836608000
2017-05-23,3.3783442974090576,3.4257500171661377,0.0,3.4947500228881836,3.3927500247955322,3.492500066757202,0.0,681248000
2017-05-24,3.416311740875244,3.464250087738037,0.0,3.526750087738037,3.4519999027252197,3.5239999294281006,0.0,815996000
2017-05-25,3.4086692333221436,3.4565000534057617,0.0,3.5007500648498535,3.4110000133514404,3.5,0.0,608228000
2017-05-26,3.4969305992126465,3.5460000038146973,0.0,3.631999969482422,3.4277501106262207,3.4482500553131104,0.0,779140000
2017-05-30,3.5716326236724854,3.6217501163482666,0.0,3.657249927520752,3.5762500762939453,3.5924999713897705,0.0,989652000
2017-05-31,3.558812141418457,3.608750104904175,0.0,3.674999952316284,3.5512499809265137,3.667249917984009,0.0,887316000
2017-06-01,3.559058666229248,3.6089999675750732,0.0,3.6257500648498535,3.562999963760376,3.6247498989105225,0.0,503340000
2017-06-02,3.5413076877593994,3.5910000801086426,0.0,3.632499933242798,3.5850000381469727,3.6059999465942383,0.0,487456000
2017-06-05,3.649045467376709,3.7002499103546143,0.0,3.713249921798706,3.5627501010894775,3.57450008392334,0.0,817376000
2017-06-06,3.6325275897979736,3.683500051498413,0.0,3.7422499656677246,3.6700000762939453,3.695499897003174,0.0,758728000
2017-06-07,3.6764121055603027,3.7279999256134033,0.0,3.746999979019165,3.692500114440918,3.708250045776367,0.0,612612000
2017-06-08,3.9431684017181396,3.998500108718872,0.0,4.0,3.7947499752044678,3.8364999294281006,0.0,1161744000
2017-06-09,3.6882455348968506,3.740000009536743,0.0,4.212500095367432,3.5687499046325684,4.118500232696533,0.0,3692928000
2017-06-12,3.6973676681518555,3.7492499351501465,0.0,3.7925000190734863,3.5527501106262207,3.6470000743865967,0.0,1697532000
2017-06-13,3.7326226234436035,3.7850000858306885,0.0,3.8692500591278076,3.641249895095825,3.859999895095825,0.0,1672504000
2017-06-14,3.7405128479003906,3.7929999828338623,0.0,3.8515000343322754,3.7125000953674316,3.7880001068115234,0.0,1184640000
2017-06-15,3.756537437438965,3.8092501163482666,0.0,3.8399999141693115,3.6624999046325684,3.6740000247955322,0.0,963824000
2017-06-16,3.7380471229553223,3.7904999256134033,0.0,3.867500066757202,3.75600004196167,3.819000005722046,0.0,924960000
2017-06-19,3.878575563430786,3.933000087738037,0.0,3.9382500648498535,3.8315000534057617,3.835249900817871,0.0,778176000
2017-06-20,3.8729047775268555,3.9272499084472656,0.0,4.043499946594238,3.9230000972747803,3.975749969482422,0.0,1095444000
2017-06-21,3.9315810203552246,3.9867498874664307,0.0,3.990499973297119,3.8924999237060547,3.9552500247955322,0.0,682652000
2017-06-22,3.9044623374938965,3.959249973297119,0.0,4.008500099182129,3.934999942779541,3.994999885559082,0.0,469132000
2017-06-23,3.792532444000244,3.845750093460083,0.0,3.9830000400543213,3.8304998874664307,3.9670000076293945,0.0,1088588000
2017-06-26,3.751112937927246,3.8037500381469727,0.0,3.9149999618530273,3.708250045776367,3.878999948501587,0.0,1063960000
2017-06-27,3.61379075050354,3.6644999980926514,0.0,3.7947499752044678,3.658750057220459,3.7860000133514404,0.0,999492000
2017-06-28,3.741251230239868,3.793750047683716,0.0,3.7985000610351562,3.643749952316284,3.7330000400543213,0.0,994948000
2017-06-29,3.6162562370300293,3.6670000553131104,0.0,3.7679998874664307,3.6019999980926514,3.765000104904175,0.0,1064424000
2017-06-30,3.5639891624450684,3.614000082015991,0.0,3.6982500553131104,3.5875000953674316,3.684499979019165,0.0,731060000
2017-07-03,3.4350485801696777,3.4832499027252197,0.0,3.641249895095825,3.4644999504089355,3.6262500286102295,0.0,709072000
2017-07-05,3.526761531829834,3.5762500762939453,0.0,3.6054999828338623,3.528249979019165,3.547499895095825,0.0,820188000
2017-07-06,3.537363290786743,3.5869998931884766,0.0,3.634500026702881,3.49399995803833,3.546750068664551,0.0,746284000
2017-07-07,3.6182284355163574,3.6689999103546143,0.0,3.6875,3.6212499141693115,3.6445000171661377,0.0,654972000
2017-07-10,3.789327621459961,3.8424999713897705,0.0,3.8499999046325684,3.7170000076293945,3.743499994277954,0.0,958492000
2017-07-11,3.8430728912353516,3.8970000743865967,0.0,3.904750108718872,3.8037500381469727,3.846250057220459,0.0,757956000
2017-07-12,4.006529808044434,4.062749862670898,0.0,4.074999809265137,3.9140000343322754,3.9574999809265137,0.0,1145208000
2017-07-13,3.960179567337036,4.015749931335449,0.0,4.15749979019165,3.96875,4.074999809265137,0.0,1369132000
2017-07-14,4.066685199737549,4.12375020980835,0.0,4.125249862670898,4.02524995803833,4.032249927520752,0.0,941948000
2017-07-17,4.049428462982178,4.106249809265137,0.0,4.1875,4.043749809265137,4.158249855041504,0.0,930792000
2017-07-18,4.091585636138916,4.14900016784668,0.0,4.163750171661377,4.03249979019165,4.04449987411499,0.0,776640000
2017-07-19,4.070383071899414,4.127500057220459,0.0,4.184999942779541,4.115250110626221,4.158249855041504,0.0,687044000
2017-07-20,4.129554271697998,4.1875,0.0,4.187749862670898,4.097750186920166,4.148250102996826,0.0,699596000
2017-07-21,4.144345283508301,4.202499866485596,0.0,4.232500076293945,4.152249813079834,4.166749954223633,0.0,648332000
2017-07-24,4.096269607543945,4.153749942779541,0.0,4.2195000648498535,4.14300012588501,4.209750175476074,0.0,652524000
2017-07-25,4.0765461921691895,4.133749961853027,0.0,4.148250102996826,4.0894999504089355,4.130499839782715,0.0,496556000
2017-07-26,4.123635768890381,4.18149995803833,0.0,4.2482500076293945,4.146249771118164,4.191999912261963,0.0,640404000
2017-07-27,3.9875454902648926,4.043499946594238,0.0,4.218500137329102,3.938999891281128,4.20674991607666,0.0,782856000
2017-07-28,4.052878379821777,4.109749794006348,0.0,4.134500026702881,3.9820001125335693,4.00724983215332,0.0,513348000
2017-07-31,4.006529808044434,4.062749862670898,0.0,4.159999847412109,4.015500068664551,4.123499870300293,0.0,559672000
2017-08-01,4.055341720581055,4.112249851226807,0.0,4.113999843597412,4.025000095367432,4.053249835968018,0.0,431384000
2017-08-02,4.052878379821777,4.109749794006348,0.0,4.147749900817871,4.031750202178955,4.143750190734863,0.0,478444000
2017-08-03,4.104406833648682,4.1620001792907715,0.0,4.165750026702881,4.0920000076293945,4.109250068664551,0.0,442420000
2017-08-04,4.122402667999268,4.18025016784668,0.0,4.2517499923706055,4.1620001792907715,4.184999942779541,0.0,589096000
2017-08-07,4.249125003814697,4.308750152587891,0.0,4.3092498779296875,4.199999809265137,4.209750175476074,0.0,717412000
2017-08-08,4.198584079742432,4.257500171661377,0.0,4.363999843597412,4.217750072479248,4.347249984741211,0.0,755336000
2017-08-09,4.243207931518555,4.302750110626221,0.0,4.30525016784668,4.1917500495910645,4.210750102996826,0.0,530784000
2017-08-10,4.061507701873779,4.118500232696533,0.0,4.316500186920166,4.108250141143799,4.303999900817871,0.0,1328088000
2017-08-11,3.8450450897216797,3.8989999294281006,0.0,3.9749999046325684,3.8227500915527344,3.928499937057495,0.0,1497196000
2017-08-14,4.151741981506348,4.210000038146973,0.0,4.213749885559082,3.9800000190734863,3.9917500019073486,0.0,1279020000
2017-08-15,4.116731643676758,4.174499988555908,0.0,4.2417497634887695,4.139750003814697,4.215250015258789,0.0,764532000
2017-08-16,4.071616172790527,4.128749847412109,0.0,4.213500022888184,4.0960001945495605,4.1897501945495605,0.0,596632000
2017-08-17,3.9808881282806396,4.036749839782715,0.0,4.137499809265137,4.0345001220703125,4.120250225067139,0.0,525444000
2017-08-18,3.981628894805908,4.037499904632568,0.0,4.109000205993652,3.990999937057495,4.091750144958496,0.0,601204000
2017-08-21,3.923691749572754,3.978749990463257,0.0,4.073750019073486,3.9342501163482666,4.062250137329102,0.0,623672000
2017-08-22,4.011043548583984,4.06374979019165,0.0035,4.06974983215332,3.9927499294281006,4.012249946594238,0.0,450456000
2017-08-23,4.091238975524902,4.144999980926514,0.0,4.15625,4.021249771118164,4.03000020980835,0.0,579520000
2017-08-24,4.076187610626221,4.129749774932861,0.0,4.182000160217285,4.103000164031982,4.177499771118164,0.0,469700000
2017-08-25,4.042135715484619,4.095250129699707,0.0,4.1645002365112305,4.088749885559082,4.154250144958496,0.0,357200000
2017-08-28,4.07075834274292,4.1242499351501465,0.0,4.127500057220459,4.0582499504089355,4.114500045776367,0.0,389496000
2017-08-29,4.064096927642822,4.117499828338623,0.0,4.139500141143799,4.05649995803833,4.0647501945495605,0.0,324096000
2017-08-30,4.088278293609619,4.142000198364258,0.0,4.153250217437744,4.106750011444092,4.137499809265137,0.0,384400000
2017-08-31,4.181059837341309,4.236000061035156,0.0,4.239999771118164,4.15500020980835,4.162499904632568,0.0,612684000
2017-09-01,4.206228733062744,4.261499881744385,0.0,4.297500133514404,4.239999771118164,4.24875020980835,0.0,445432000
2017-09-05,4.0939555168151855,4.147749900817871,0.0,4.2144999504089355,4.089000225067139,4.209499835968018,0.0,695364000
2017-09-06,4.091486930847168,4.145249843597412,0.0,4.195000171661377,4.110000133514404,4.181000232696533,0.0,397672000
2017-09-07,4.1104865074157715,4.1645002365112305,0.0,4.197249889373779,4.12375020980835,4.16225004196167,0.0,352868000
2017-09-08,4.0391740798950195,4.092249870300293,0.0,4.167749881744385,4.067749977111816,4.152750015258789,0.0,498856000
2017-09-11,4.170201778411865,4.224999904632568,0.0,4.235750198364258,4.132999897003174,4.138500213623047,0.0,567444000
2017-09-12,4.185255527496338,4.240250110626221,0.0,4.25,4.17425012588501,4.25,0.0,411488000
2017-09-13,4.204009056091309,4.259250164031982,0.0,4.28849983215332,4.182000160217285,4.214749813079834,0.0,580960000
2017-09-14,4.18007230758667,4.235000133514404,0.0,4.314000129699707,4.195000171661377,4.219749927520752,0.0,513712000
2017-09-15,4.44434928894043,4.502749919891357,0.0,4.502749919891357,4.316249847412109,4.321499824523926,0.0,1364792000
2017-09-18,4.627936363220215,4.68874979019165,0.0,4.78000020980835,4.621500015258789,4.628499984741211,0.0,1684460000
2017-09-19,4.623002529144287,4.683750152587891,0.0,4.746250152587891,4.615499973297119,4.637750148773193,0.0,874280000
2017-09-20,4.5857415199279785,4.645999908447266,0.0,4.735499858856201,4.605249881744385,4.6875,0.0,724920000
2017-09-21,4.460388660430908,4.519000053405762,0.0,4.567500114440918,4.440249919891357,4.540999889373779,0.0,1075600000
2017-09-22,4.416958808898926,4.474999904632568,0.0,4.557750225067139,4.465000152587891,4.507500171661377,0.0,491232000
2017-09-25,4.2195539474487305,4.275000095367432,0.0,4.445000171661377,4.254000186920166,4.443749904632568,0.0,874580000
2017-09-26,4.243242263793945,4.298999786376953,0.0,4.4670000076293945,4.258749961853027,4.411250114440918,0.0,1125620000
2017-09-27,4.336270332336426,4.393249988555908,0.0,4.406750202178955,4.318749904632568,4.390500068664551,0.0,713720000
2017-09-28,4.3350348472595215,4.392000198364258,0.0,4.4045000076293945,4.343999862670898,4.4004998207092285,0.0,435244000
2017-09-29,4.411284446716309,4.469250202178955,0.0,4.493249893188477,4.431250095367432,4.4770002365112305,0.0,619092000
2017-10-02,4.416958808898926,4.474999904632568,0.0,4.549499988555908,4.425000190734863,4.519999980926514,0.0,503480000
2017-10-03,4.426090240478516,4.484250068664551,0.0,4.514500141143799,4.439499855041504,4.481249809265137,0.0,390332000
2017-10-04,4.463102340698242,4.521749973297119,0.0,4.544250011444092,4.453499794006348,4.490499973297119,0.0,427848000
2017-10-05,4.460634708404541,4.51924991607666,0.0,4.550000190734863,4.488999843597412,4.546500205993652,0.0,437364000
2017-10-06,4.473714351654053,4.53249979019165,0.0,4.546000003814697,4.474999904632568,4.491250038146973,0.0,318800000
2017-10-09,4.574638843536377,4.634749889373779,0.0,4.66825008392334,4.550749778747559,4.56974983215332,0.0,563492000
2017-10-10,4.661988735198975,4.723249912261963,0.0,4.823750019073486,4.68149995803833,4.785749912261963,0.0,974876000
2017-10-11,4.711589336395264,4.773499965667725,0.0,4.775000095367432,4.69350004196167,4.739999771118164,0.0,529508000
2017-10-12,4.713809490203857,4.775750160217285,0.0,4.827250003814697,4.7482500076293945,4.7769999504089355,0.0,528292000
2017-10-13,4.801654815673828,4.864749908447266,0.0,4.875,4.791250228881836,4.838749885559082,0.0,628728000
2017-10-16,4.884072303771973,4.948249816894531,0.0,4.951250076293945,4.830999851226807,4.894999980926514,0.0,576640000
2017-10-17,4.879631519317627,4.943749904632568,0.0,4.972499847412109,4.908750057220459,4.927249908447266,0.0,478596000
2017-10-18,4.8754353523254395,4.939499855041504,0.0,4.953499794006348,4.833000183105469,4.952750205993652,0.0,567316000
2017-10-19,4.880863666534424,4.945000171661377,0.0,4.949999809265137,4.81125020980835,4.861000061035156,0.0,570772000
2017-10-20,4.858656406402588,4.922500133514404,0.0,4.989749908447266,4.91349983215332,4.962250232696533,0.0,451620000
2017-10-23,4.851747035980225,4.915500164031982,0.0,4.971250057220459,4.894999980926514,4.944499969482422,0.0,428696000
2017-10-24,4.9025797843933105,4.9670000076293945,0.0,4.96875,4.898499965667725,4.924749851226807,0.0,407244000
2017-10-25,4.7787065505981445,4.8414998054504395,0.0,4.980500221252441,4.779250144958496,4.927000045776367,0.0,828160000
2017-10-26,4.828797817230225,4.892250061035156,0.0,4.9039998054504395,4.845250129699707,4.869500160217285,0.0,322744000
2017-10-27,4.981048583984375,5.046500205993652,0.0,5.046750068664551,4.918749809265137,4.945000171661377,0.0,572192000
2017-10-30,5.029905796051025,5.0960001945495605,0.0,5.152249813079834,5.0304999351501465,5.046500205993652,0.0,504056000
2017-10-31,5.1031928062438965,5.170249938964844,0.0,5.197249889373779,5.122499942779541,5.1282501220703125,0.0,411908000
2017-11-01,5.112816333770752,5.179999828338623,0.0,5.2492499351501465,5.114999771118164,5.233749866485596,0.0,502576000
2017-11-02,5.081725120544434,5.148499965667725,0.0,5.195250034332275,5.091249942779541,5.150000095367432,0.0,342308000
2017-11-03,5.149582862854004,5.217249870300293,0.0,5.217249870300293,5.133500099182129,5.179999828338623,0.0,353640000
2017-11-06,5.172779083251953,5.240749835968018,0.0,5.249499797821045,5.167500019073486,5.179999828338623,0.0,389944000
2017-11-07,5.231999397277832,5.300749778747559,0.0,5.322500228881836,5.251500129699707,5.263750076293945,0.0,427700000
2017-11-08,5.161181926727295,5.229000091552734,0.0,5.300000190734863,5.181000232696533,5.296249866485596,0.0,522988000
2017-11-09,5.06642484664917,5.132999897003174,0.0,5.158249855041504,5.009250164031982,5.131750106811523,0.0,978564000
2017-11-10,5.3334174156188965,5.403500080108643,0.0,5.466750144958496,5.290750026702881,5.327000141143799,0.0,1253256000
2017-11-13,5.2468061447143555,5.3157501220703125,0.0,5.4292497634887695,5.300250053405762,5.403500080108643,0.0,582376000
2017-11-14,5.2850518226623535,5.354499816894531,0.0,5.369999885559082,5.280749797821045,5.324999809265137,0.0,529292000
2017-11-15,5.181413650512695,5.249499797821045,0.0,5.300000190734863,5.195000171661377,5.298749923706055,0.0,501948000
2017-11-16,5.22163724899292,5.290249824523926,0.0,5.355000019073486,5.28125,5.32450008392334,0.0,441768000
2017-11-17,5.215466499328613,5.283999919891357,0.0,5.383749961853027,5.268750190734863,5.3480000495910645,0.0,515664000
2017-11-20,5.282586097717285,5.3520002365112305,0.0,5.364250183105469,5.262499809265137,5.299749851226807,0.0,396100000
2017-11-21,5.331195831298828,5.401249885559082,0.0,5.413000106811523,5.360000133514404,5.392250061035156,0.0,399176000
2017-11-22,5.307245254516602,5.3732500076293945,0.00375,5.425000190734863,5.340250015258789,5.425000190734863,0.0,356640000
2017-11-24,5.357370853424072,5.423999786376953,0.0,5.425000190734863,5.364999771118164,5.389750003814697,0.0,180752000
2017-11-27,5.28773832321167,5.353499889373779,0.0,5.434000015258789,5.350249767303467,5.432750225067139,0.0,422896000
2017-11-28,5.203039646148682,5.267749786376953,0.0,5.368249893188477,5.205999851226807,5.358749866485596,0.0,512752000
2017-11-29,4.850180149078369,4.9105000495910645,0.0,5.252999782562256,4.780749797821045,5.250249862670898,0.0,1396788000
2017-11-30,4.956111907958984,5.017749786376953,0.0,5.066999912261963,4.916250228881836,4.980000019073486,0.0,823768000
2017-12-01,4.881292819976807,4.941999912261963,0.0,5.0032501220703125,4.8117499351501465,4.982749938964844,0.0,811548000
2017-12-04,4.609175682067871,4.666500091552734,0.0,5.007500171661377,4.612500190734863,5.00124979019165,0.0,1240844000
2017-12-05,4.63584566116333,4.69350004196167,0.0,4.817500114440918,4.514500141143799,4.559999942779541,0.0,981488000
2017-12-06,4.673377513885498,4.731500148773193,0.0,4.753499984741211,4.620999813079834,4.642499923706055,0.0,467032000
2017-12-07,4.740789413452148,4.799749851226807,0.0,4.840000152587891,4.752999782562256,4.798999786376953,0.0,542600000
2017-12-08,4.728442668914795,4.78725004196167,0.0,4.869500160217285,4.778749942779541,4.850249767303467,0.0,466876000
2017-12-11,4.8067193031311035,4.866499900817871,0.0,4.869500160217285,4.7855000495910645,4.801499843597412,0.0,372748000
2017-12-12,4.712393283843994,4.770999908447266,0.0,4.8460001945495605,4.747250080108643,4.822500228881836,0.0,455016000
2017-12-13,4.597322463989258,4.6545000076293945,0.0,4.81374979019165,4.646999835968018,4.8125,0.0,554280000
2017-12-14,4.604485988616943,4.661749839782715,0.0,4.733500003814697,4.614999771118164,4.6479997634887695,0.0,438164000
2017-12-15,4.730172634124756,4.789000034332275,0.0,4.809500217437744,4.640500068664551,4.706250190734863,0.0,670036000
2017-12-18,4.88672399520874,4.947500228881836,0.0,4.950500011444092,4.800000190734863,4.829999923706055,0.0,477704000
2017-12-19,4.84252405166626,4.902750015258789,0.0,4.9432501792907715,4.874000072479248,4.938000202178955,0.0,373100000
2017-12-20,4.859561443328857,4.920000076293945,0.0,4.951749801635742,4.863749980926514,4.942500114440918,0.0,288820000
2017-12-21,4.837092876434326,4.897250175476074,0.0,4.948750019073486,4.888750076293945,4.923500061035156,0.0,300904000
2017-12-22,4.821781635284424,4.881750106811523,0.0,4.891250133514404,4.78125,4.860000133514404,0.0,466276000
2017-12-26,4.8753662109375,4.935999870300293,0.0,4.943749904632568,4.795499801635742,4.82574987411499,0.0,355080000
2017-12-27,4.8686981201171875,4.9292497634887695,0.0,4.9992499351501465,4.907750129699707,4.922500133514404,0.0,329488000
2017-12-28,4.874378204345703,4.934999942779541,0.0,4.984499931335449,4.928750038146973,4.953249931335449,0.0,240248000
2017-12-29,4.778075695037842,4.837500095367432,0.0,4.96150016784668,4.837500095367432,4.96150016784668,0.0,279964000
2018-01-02,4.922529697418213,4.983749866485596,0.0,4.987500190734863,4.862500190734863,4.894499778747559,0.0,355616000
2018-01-03,5.246499538421631,5.3117499351501465,0.0,5.34250020980835,5.09375,5.102499961853027,0.0,914704000
2018-01-04,5.274156093597412,5.339749813079834,0.0,5.451250076293945,5.317249774932861,5.394000053405762,0.0,583268000
2018-01-05,5.318850040435791,5.385000228881836,0.0,5.422749996185303,5.2769999504089355,5.354750156402588,0.0,580124000
2018-01-08,5.481823444366455,5.550000190734863,0.0,5.625,5.4644999504089355,5.510000228881836,0.0,881216000
2018-01-09,5.480342388153076,5.548500061035156,0.0,5.5954999923706055,5.466000080108643,5.555500030517578,0.0,497000000
2018-01-10,5.5233073234558105,5.5920000076293945,0.0,5.5954999923706055,5.400000095367432,5.454999923706055,0.0,582664000
2018-01-11,5.53318452835083,5.6020002365112305,0.0,5.656750202178955,5.580249786376953,5.625,0.0,406032000
2018-01-12,5.506021976470947,5.57450008392334,0.0,5.624750137329102,5.5335001945495605,5.590000152587891,0.0,359916000
2018-01-16,5.435155391693115,5.502749919891357,0.0,5.687749862670898,5.417250156402588,5.601250171661377,0.0,702348000
2018-01-17,5.548986911773682,5.618000030517578,0.0,5.627999782562256,5.422500133514404,5.517499923706055,0.0,538408000
2018-01-18,5.542075157165527,5.611000061035156,0.0,5.665999889373779,5.566999912261963,5.598499774932861,0.0,408632000
2018-01-19,5.6820831298828125,5.752749919891357,0.0,5.777249813079834,5.675000190734863,5.702250003814697,0.0,609380000
2018-01-22,5.770483493804932,5.842249870300293,0.0,5.843999862670898,5.702499866485596,5.760749816894531,0.0,550944000
2018-01-23,5.899380683898926,5.972750186920166,0.0,5.9957499504089355,5.877500057220459,5.896249771118164,0.0,475228000
2018-01-24,5.822586536407471,5.894999980926514,0.0,6.012249946594238,5.838749885559082,5.97599983215332,0.0,579972000
2018-01-25,5.8361663818359375,5.908750057220459,0.0,5.993750095367432,5.893750190734863,5.949999809265137,0.0,409884000
2018-01-26,6.0085225105285645,6.083250045776367,0.0,6.083499908447266,5.940000057220459,5.953000068664551,0.0,516356000
2018-01-29,6.095442295074463,6.171249866485596,0.0,6.202750205993652,6.015250205993652,6.06850004196167,0.0,455116000
2018-01-30,5.993458271026611,6.067999839782715,0.0,6.1605000495910645,5.960249900817871,6.027750015258789,0.0,570832000
2018-01-31,6.069515228271484,6.144999980926514,0.0,6.231750011444092,6.111249923706055,6.14424991607666,0.0,478576000
2018-02-01,5.938641548156738,6.012499809265137,0.0,6.172500133514404,5.951499938964844,5.9629998207092285,0.0,519224000
2018-02-02,5.766284942626953,5.8379998207092285,0.0,5.949250221252441,5.779250144958496,5.925000190734863,0.0,718464000
2018-02-05,5.276872634887695,5.34250020980835,0.0,5.830749988555908,5.125,5.675000190734863,0.0,1165204000
2018-02-06,5.570225238800049,5.639500141143799,0.0,5.642499923706055,5.099999904632568,5.110000133514404,0.0,1114800000
2018-02-07,5.649734020233154,5.71999979019165,0.0,5.8742499351501465,5.667500019073486,5.739500045776367,0.0,802932000
2018-02-08,5.371199131011963,5.438000202178955,0.0,5.880499839782715,5.437749862670898,5.8470001220703125,0.0,1144000000
2018-02-09,5.7307281494140625,5.802000045776367,0.0,5.972249984741211,5.438000202178955,5.956250190734863,0.0,1674604000
2018-02-12,5.630720615386963,5.70074987411499,0.0,5.88700008392334,5.6257500648498535,5.883999824523926,0.0,1093172000
2018-02-13,5.744309425354004,5.8157501220703125,0.0,5.862500190734863,5.631249904632568,5.664000034332275,0.0,625524000
2018-02-14,5.961359024047852,6.0355000495910645,0.0,6.0647501945495605,5.763750076293945,5.775000095367432,0.0,744988000
2018-02-15,6.086798667907715,6.162499904632568,0.0,6.209249973297119,6.038000106811523,6.119750022888184,0.0,698900000
2018-02-16,6.021116256713867,6.0960001945495605,0.0,6.25,6.086750030517578,6.135000228881836,0.0,637656000
2018-02-20,6.15050745010376,6.2270002365112305,0.0,6.296750068664551,6.114999771118164,6.118750095367432,0.0,686240000
2018-02-21,5.963582515716553,6.037749767303467,0.0,6.29925012588501,6.033999919891357,6.292250156402588,0.0,892292000
2018-02-22,5.983099937438965,6.053750038146973,0.00375,6.140749931335449,5.987500190734863,6.0682501792907715,0.0,534364000
2018-02-23,6.076500415802002,6.148250102996826,0.0,6.148250102996826,6.063000202178955,6.114250183105469,0.0,415300000
2018-02-26,6.092559814453125,6.1645002365112305,0.0,6.19950008392334,6.101500034332275,6.195000171661377,0.0,469312000
2018-02-27,6.079710483551025,6.151500225067139,0.0,6.222750186920166,6.1282501220703125,6.137499809265137,0.0,455436000
2018-02-28,5.979394435882568,6.050000190734863,0.0,6.202499866485596,6.038249969482422,6.162499904632568,0.0,523116000
2018-03-01,5.73750114440918,5.80525016784668,0.0,6.102250099182129,5.703000068664551,6.047749996185303,0.0,1040120000
2018-03-02,5.844487190246582,5.91349983215332,0.0,5.920000076293945,5.546249866485596,5.696499824523926,0.0,913428000
2018-03-05,5.822497367858887,5.891250133514404,0.0,5.931250095367432,5.73799991607666,5.862750053405762,0.0,620776000
2018-03-06,5.983348846435547,6.053999900817871,0.0,6.073500156402588,5.934000015258789,5.977499961853027,0.0,636808000
2018-03-07,5.975441932678223,6.046000003814697,0.0,6.098750114440918,5.948750019073486,5.949999809265137,0.0,581208000
2018-03-08,5.959133625030518,6.0295000076293945,0.0,6.073750019073486,5.984749794006348,6.073750019073486,0.0,411912000
2018-03-09,6.061673164367676,6.1332502365112305,0.0,6.146249771118164,6.06125020980835,6.077499866485596,0.0,505524000
2018-03-12,6.171130657196045,6.24399995803833,0.0,6.324999809265137,6.166749954223633,6.175000190734863,0.0,605060000
2018-03-13,6.120479106903076,6.192749977111816,0.0,6.362500190734863,6.151000022888184,6.28725004196167,0.0,619772000
2018-03-14,6.145928382873535,6.218500137329102,0.0,6.263750076293945,6.1554999351501465,6.236249923706055,0.0,505496000
2018-03-15,6.16075325012207,6.233500003814697,0.0,6.315499782562256,6.190999984741211,6.232250213623047,0.0,401952000
2018-03-16,6.188920021057129,6.26200008392334,0.0,6.28125,6.211999893188477,6.25,0.0,399456000
2018-03-19,5.954687118530273,6.025000095367432,0.0,6.233749866485596,5.925000190734863,6.204500198364258,0.0,713772000
2018-03-20,6.166683197021484,6.239500045776367,0.0,6.278749942779541,6.0279998779296875,6.0279998779296875,0.0,554696000
2018-03-21,6.1414794921875,6.214000225067139,0.0,6.300000190734863,6.1832499504089355,6.232999801635742,0.0,438688000
2018-03-22,5.975688457489014,6.046249866485596,0.0,6.197000026702881,6.008500099182129,6.150000095367432,0.0,551196000
2018-03-23,5.7562785148620605,5.824250221252441,0.0,6.0625,5.813000202178955,6.059999942779541,0.0,735620000
2018-03-26,6.040672779083252,6.111999988555908,0.0,6.113249778747559,5.897500038146973,5.949999809265137,0.0,611424000
2018-03-27,5.572202682495117,5.638000011444092,0.0,6.25,5.496250152587891,6.193749904632568,0.0,1409000000
2018-03-28,5.469169616699219,5.533750057220459,0.0,5.734749794006348,5.425000190734863,5.603250026702881,0.0,945904000
2018-03-29,5.722182273864746,5.789750099182129,0.0,5.887499809265137,5.517499923706055,5.602749824523926,0.0,916628000
2018-04-02,5.461758136749268,5.526249885559082,0.0,5.866250038146973,5.4375,5.718500137329102,0.0,922092000
2018-04-03,5.568003177642822,5.633749961853027,0.0,5.758749961853027,5.533750057220459,5.695000171661377,0.0,667432000
2018-04-04,5.589993476867676,5.656000137329102,0.0,5.666500091552734,5.349999904632568,5.375249862670898,0.0,789168000
2018-04-05,5.469910621643066,5.5345001220703125,0.0,5.728250026702881,5.462250232696533,5.715000152587891,0.0,701240000
2018-04-06,5.293741226196289,5.356249809265137,0.0,5.539999961853027,5.326749801635742,5.430749893188477,0.0,662988000
2018-04-09,5.3224029541015625,5.385250091552734,0.0,5.54925012588501,5.364999771118164,5.420000076293945,0.0,499524000
2018-04-10,5.631257057189941,5.697750091552734,0.0,5.724999904632568,5.5602498054504395,5.618000030517578,0.0,761676000
2018-04-11,5.589993476867676,5.656000137329102,0.0,5.7245001792907715,5.623000144958496,5.682750225067139,0.0,460244000
2018-04-12,5.796553611755371,5.864999771118164,0.0,5.882999897003174,5.705249786376953,5.75,0.0,593920000
2018-04-13,5.719958782196045,5.787499904632568,0.0,5.937749862670898,5.738749980926514,5.9292497634887695,0.0,503036000
2018-04-16,5.719711780548096,5.78725004196167,0.0,5.821000099182129,5.691999912261963,5.794250011444092,0.0,350792000
2018-04-17,5.869195461273193,5.938499927520752,0.0,5.960000038146973,5.783750057220459,5.840000152587891,0.0,447224000
2018-04-18,5.840287685394287,5.909249782562256,0.0,5.981249809265137,5.819250106811523,5.887499809265137,0.0,391364000
2018-04-19,5.659175872802734,5.72599983215332,0.0,5.827499866485596,5.670000076293945,5.793749809265137,0.0,471996000
2018-04-20,5.651022911071777,5.717750072479248,0.0,5.802499771118164,5.68625020980835,5.717249870300293,0.0,386200000
2018-04-23,5.531682968139648,5.5970001220703125,0.0,5.787499904632568,5.5707502365112305,5.735750198364258,0.0,427508000
2018-04-24,5.4654645919799805,5.53000020980835,0.0,5.71999979019165,5.464000225067139,5.623000144958496,0.0,414596000
2018-04-25,5.3532891273498535,5.416500091552734,0.0,5.5395002365112305,5.257500171661377,5.5,0.0,588492000
2018-04-26,5.564790725708008,5.630499839782715,0.0,5.638750076293945,5.51324987411499,5.579999923706055,0.0,375824000
2018-04-27,5.592217922210693,5.658249855041504,0.0,5.757500171661377,5.615499973297119,5.737500190734863,0.0,400848000
2018-04-30,5.556884765625,5.622499942779541,0.0,5.724999904632568,5.603000164031982,5.674749851226807,0.0,327844000
2018-05-01,5.612231254577637,5.678500175476074,0.0,5.681250095367432,5.554999828338623,5.614250183105469,0.0,253788000
2018-05-02,5.5917229652404785,5.657750129699707,0.0,5.71999979019165,5.631249904632568,5.675000190734863,0.0,268248000
2018-05-03,5.756772994995117,5.824749946594238,0.0,5.851250171661377,5.64424991607666,5.690000057220459,0.0,443144000
2018-05-04,5.906753063201904,5.976500034332275,0.0,5.979750156402588,5.778250217437744,5.795750141143799,0.0,400660000
2018-05-07,6.144445419311523,6.2170000076293945,0.0,6.274750232696533,6.072249889373779,6.082250118255615,0.0,687616000
2018-05-08,6.186942100524902,6.260000228881836,0.0,6.262750148773193,6.167749881744385,6.217249870300293,0.0,506616000
2018-05-09,6.319874286651611,6.394499778747559,0.0,6.396749973297119,6.252749919891357,6.280250072479248,0.0,596760000
2018-05-10,6.4273552894592285,6.5032501220703125,0.0,6.512499809265137,6.429999828338623,6.447999954223633,0.0,994080000
2018-05-11,6.288990497589111,6.363249778747559,0.0,6.494750022888184,6.263500213623047,6.319499969482422,0.0,1214456000
2018-05-14,6.309496879577637,6.383999824523926,0.0,6.462250232696533,6.360000133514404,6.401750087738037,0.0,523140000
2018-05-15,6.067356109619141,6.138999938964844,0.0,6.322500228881836,6.037499904632568,6.31974983215332,0.0,963528000
2018-05-16,6.0784759521484375,6.15024995803833,0.0,6.2129998207092285,6.062749862670898,6.099999904632568,0.0,553828000
2018-05-17,6.120479106903076,6.192749977111816,0.0,6.287499904632568,6.135749816894531,6.1519999504089355,0.0,519784000
2018-05-18,6.076745986938477,6.148499965667725,0.0,6.3092498779296875,6.143499851226807,6.245250225067139,0.0,483716000
2018-05-21,6.0347418785095215,6.105999946594238,0.0,6.2507500648498535,6.012249946594238,6.247000217437744,0.0,640624000
2018-05-22,5.996690273284912,6.067500114440918,0.0,6.144999980926514,6.006249904632568,6.119500160217285,0.0,518264000
2018-05-23,6.120062351226807,6.188499927520752,0.00375,6.1897501945495605,6.006249904632568,6.006999969482422,0.0,442956000
2018-05-24,6.123766899108887,6.192249774932861,0.0,6.235000133514404,6.13100004196167,6.184750080108643,0.0,437372000
2018-05-25,6.163081645965576,6.23199987411499,0.0,6.248499870300293,6.169000148773193,6.204999923706055,0.0,292112000
2018-05-29,6.146021366119385,6.214749813079834,0.0,6.2835001945495605,6.167500019073486,6.213749885559082,0.0,352684000
2018-05-30,6.254805564880371,6.324749946594238,0.0,6.333499908447266,6.223750114440918,6.24875020980835,0.0,390996000
2018-05-31,6.235025405883789,6.304749965667725,0.0,6.380000114440918,6.281750202178955,6.292500019073486,0.0,493868000
2018-06-01,6.3692755699157715,6.440499782562256,0.0,6.446750164031982,6.341249942779541,6.349999904632568,0.0,421968000
2018-06-04,6.5480265617370605,6.621250152587891,0.0,6.643499851226807,6.442500114440918,6.474999904632568,0.0,642024000
2018-06-05,6.553465366363525,6.6267499923706055,0.0,6.664750099182129,6.579249858856201,6.624499797821045,0.0,391712000
2018-06-06,6.555442810058594,6.628749847412109,0.0,6.631999969482422,6.51924991607666,6.535749912261963,0.0,371356000
2018-06-07,6.499814510345459,6.572500228881836,0.0,6.63700008392334,6.481249809265137,6.625,0.0,369448000
2018-06-08,6.484487056732178,6.557000160217285,0.0,6.599999904632568,6.480000019073486,6.499000072479248,0.0,360456000
2018-06-11,6.443444728851318,6.515500068664551,0.0,6.586249828338623,6.502500057220459,6.544250011444092,0.0,265372000
2018-06-12,6.491903305053711,6.564499855041504,0.0,6.576749801635742,6.491499900817871,6.542250156402588,0.0,319160000
2018-06-13,6.487452030181885,6.559999942779541,0.0,6.641749858856201,6.550749778747559,6.565999984741211,0.0,338208000
2018-06-14,6.598956108093262,6.672749996185303,0.0,6.730000019073486,6.5904998779296875,6.605500221252441,0.0,430016000
2018-06-15,6.55816125869751,6.631499767303467,0.0,6.686999797821045,6.583749771118164,6.614999771118164,0.0,432260000
2018-06-18,6.553958892822266,6.6272501945495605,0.0,6.644999980926514,6.559500217437744,6.586999893188477,0.0,356268000
2018-06-19,6.432319164276123,6.5042500495910645,0.0,6.591000080108643,6.375500202178955,6.5229997634887695,0.0,594932000
2018-06-20,6.485226631164551,6.557750225067139,0.0,6.611249923706055,6.506999969482422,6.545750141143799,0.0,369780000
2018-06-21,6.35666561126709,6.427750110626221,0.0,6.608500003814697,6.420000076293945,6.590000152587891,0.0,359516000
2018-06-22,6.204367637634277,6.273749828338623,0.0,6.462250232696533,6.2582502365112305,6.448750019073486,0.0,434160000
2018-06-25,5.911888122558594,5.978000164031982,0.0,6.170000076293945,5.888500213623047,6.166250228881836,0.0,665816000
2018-06-26,5.982846736907959,6.049749851226807,0.0,6.141250133514404,5.9977498054504395,6.09250020980835,0.0,478884000
2018-06-27,5.8278279304504395,5.89300012588501,0.0,6.160749912261963,5.887499809265137,6.09375,0.0,453892000
2018-06-28,5.954908847808838,6.021500110626221,0.0,6.0335001945495605,5.875249862670898,5.882999897003174,0.0,338012000
2018-06-29,5.857003688812256,5.922500133514404,0.0,6.099999904632568,5.921249866485596,6.087250232696533,0.0,392300000
2018-07-02,5.989026069641113,6.056000232696533,0.0,6.059750080108643,5.831500053405762,5.852250099182129,0.0,357572000
2018-07-03,5.855518341064453,5.921000003814697,0.0,6.0970001220703125,5.912499904632568,6.091000080108643,0.0,222732000
2018-07-05,6.00114107131958,6.0682501792907715,0.0,6.073249816894531,5.9375,5.976749897003174,0.0,306216000
2018-07-06,6.114869594573975,6.1832499504089355,0.0,6.1917500495910645,6.021999835968018,6.043499946594238,0.0,296352000
2018-07-09,6.162339210510254,6.231249809265137,0.0,6.26800012588501,6.151750087738037,6.2582502365112305,0.0,303880000
2018-07-10,6.261231899261475,6.331250190734863,0.0,6.353499889373779,6.203000068664551,6.243750095367432,0.0,360016000
2018-07-11,6.119814872741699,6.1882500648498535,0.0,6.272500038146973,6.177499771118164,6.237500190734863,0.0,367508000
2018-07-12,6.21129035949707,6.280749797821045,0.0,6.329249858856201,6.223999977111816,6.234000205993652,0.0,345508000
2018-07-13,6.164067268371582,6.232999801635742,0.0,6.299499988555908,6.190499782562256,6.299499988555908,0.0,246988000
2018-07-16,6.136377811431885,6.204999923706055,0.0,6.258500099182129,6.192500114440918,6.204999923706055,0.0,197036000
2018-07-17,6.272111415863037,6.342249870300293,0.0,6.357500076293945,6.129499912261963,6.155250072479248,0.0,362136000
2018-07-18,6.222911834716797,6.292500019073486,0.0,6.348750114440918,6.241000175476074,6.334750175476074,0.0,277640000
2018-07-19,6.231071472167969,6.300749778747559,0.0,6.334750175476074,6.2582502365112305,6.273499965667725,0.0,235752000
2018-07-20,6.202885627746582,6.272250175476074,0.0,6.337500095367432,6.261250019073486,6.298250198364258,0.0,222352000
2018-07-23,6.166293621063232,6.235249996185303,0.0,6.247250080108643,6.081999778747559,6.245500087738037,0.0,301584000
2018-07-24,6.148988246917725,6.217750072479248,0.0,6.371250152587891,6.199999809265137,6.283750057220459,0.0,354620000
2018-07-25,6.227113246917725,6.296750068664551,0.0,6.309500217437744,6.168749809265137,6.227250099182129,0.0,319112000
2018-07-26,6.300543308258057,6.370999813079834,0.0,6.408249855041504,6.259500026702881,6.276500225067139,0.0,325124000
2018-07-27,6.230823993682861,6.30049991607666,0.0,6.414999961853027,6.245999813079834,6.4079999923706055,0.0,295420000
2018-07-30,6.035754203796387,6.103250026702881,0.0,6.3207502365112305,6.067999839782715,6.3147501945495605,0.0,340340000
2018-07-31,6.053801536560059,6.121500015258789,0.0,6.197000026702881,6.053500175476074,6.092750072479248,0.0,283988000
2018-08-01,6.093606472015381,6.161749839782715,0.0,6.209000110626221,6.097249984741211,6.153250217437744,0.0,283556000
2018-08-02,6.1962103843688965,6.265500068664551,0.0,6.269499778747559,6.030250072479248,6.089749813079834,0.0,269668000
2018-08-03,6.232800483703613,6.302499771118164,0.0,6.326499938964844,6.273250102996826,6.290249824523926,0.0,214288000
2018-08-06,6.280516147613525,6.350749969482422,0.0,6.354249954223633,6.24275016784668,6.289750099182129,0.0,207508000
2018-08-07,6.352710247039795,6.423749923706055,0.0,6.442500114440918,6.373000144958496,6.400000095367432,0.0,258132000
2018-08-08,6.389052391052246,6.4604997634887695,0.0,6.50600004196167,6.389750003814697,6.425000190734863,0.0,262100000
2018-08-09,6.34059476852417,6.411499977111816,0.0,6.481249809265137,6.403749942779541,6.478499889373779,0.0,204280000
2018-08-10,6.2993059158325195,6.369750022888184,0.0,6.402500152587891,6.317500114440918,6.328750133514404,0.0,256396000
2018-08-13,6.332189559936523,6.4029998779296875,0.0,6.525000095367432,6.3767499923706055,6.378499984741211,0.0,375208000
2018-08-14,6.463471412658691,6.535749912261963,0.0,6.550000190734863,6.42549991607666,6.509500026702881,0.0,466220000
2018-08-15,6.405370235443115,6.4770002365112305,0.0,6.591000080108643,6.397500038146973,6.5567498207092285,0.0,591136000
2018-08-16,6.364823818206787,6.435999870300293,0.0,6.550000190734863,6.375249862670898,6.547500133514404,0.0,801260000
2018-08-17,6.052814483642578,6.120500087738037,0.0,6.324250221252441,6.093249797821045,6.323500156402588,0.0,1143188000
2018-08-20,6.127478122711182,6.196000099182129,0.0,6.329999923706055,5.9679999351501465,6.079500198364258,0.0,854388000
2018-08-21,6.262963771820068,6.333000183105469,0.0,6.337500095367432,6.192500114440918,6.212500095367432,0.0,673988000
2018-08-22,6.497836589813232,6.570499897003174,0.0,6.575500011444092,6.296500205993652,6.300000190734863,0.0,749856000
2018-08-23,6.597224235534668,6.671000003814697,0.0,6.736999988555908,6.517499923706055,6.531499862670898,0.0,720684000
2018-08-24,6.730237007141113,6.805500030517578,0.0,6.820250034332275,6.675000190734863,6.679500102996826,0.0,531512000
2018-08-27,6.8212199211120605,6.897500038146973,0.0,6.972499847412109,6.803750038146973,6.8354997634887695,0.0,505776000
2018-08-28,6.783641338348389,6.859499931335449,0.0,6.9145002365112305,6.738249778747559,6.891499996185303,0.0,475384000
2018-08-29,6.88901948928833,6.962250232696533,0.00375,6.987500190734863,6.827000141143799,6.8480000495910645,0.0,420108000
2018-08-30,6.872199535369873,6.945250034332275,0.0,7.043000221252441,6.9079999923706055,6.930749893188477,0.0,346608000
2018-08-31,6.9431939125061035,7.017000198364258,0.0,7.03000020980835,6.914999961853027,6.925000190734863,0.0,306592000
2018-09-04,7.017900466918945,7.09250020980835,0.0,7.130499839782715,6.974999904632568,7.003749847412109,0.0,391720000
2018-09-05,6.887289524078369,6.9604997634887695,0.0,7.110499858856201,6.878749847412109,7.074749946594238,0.0,393156000
2018-09-06,6.7462873458862305,6.817999839782715,0.0,6.946499824523926,6.784749984741211,6.943999767303467,0.0,322796000
2018-09-07,6.725013256072998,6.796500205993652,0.0,6.923250198364258,6.679749965667725,6.724999904632568,0.0,295420000
2018-09-10,6.796009063720703,6.868249893188477,0.0,6.898250102996826,6.775000095367432,6.819250106811523,0.0,220140000
2018-09-11,6.748266696929932,6.820000171661377,0.0,6.909999847412109,6.80049991607666,6.821499824523926,0.0,243112000
2018-09-12,6.634476184844971,6.704999923706055,0.0,6.799499988555908,6.547999858856201,6.779749870300293,0.0,419092000
2018-09-13,6.7121500968933105,6.7835001945495605,0.0,6.875,6.754000186920166,6.771500110626221,0.0,305536000
2018-09-14,6.8380632400512695,6.910749912261963,0.0,6.977499961853027,6.837500095367432,6.874750137329102,0.0,386936000
2018-09-17,6.776219844818115,6.848249912261963,0.0,6.934500217437744,6.828750133514404,6.885000228881836,0.0,205528000
2018-09-18,6.704235076904297,6.7754998207092285,0.0,6.955999851226807,6.768750190734863,6.852250099182129,0.0,299520000
2018-09-19,6.727982044219971,6.799499988555908,0.0,6.817500114440918,6.706250190734863,6.756750106811523,0.0,224860000
2018-09-20,6.586981296539307,6.6570000648498535,0.0,6.718999862670898,6.602499961853027,6.676249980926514,0.0,430584000
2018-09-21,6.516974925994873,6.586249828338623,0.0,6.715000152587891,6.552750110626221,6.669000148773193,0.0,435128000
2018-09-24,6.572632312774658,6.642499923706055,0.0,6.645999908447266,6.4670000076293945,6.554999828338623,0.0,293912000
2018-09-25,6.639669895172119,6.710249900817871,0.0,6.735499858856201,6.6227498054504395,6.709249973297119,0.0,280388000
2018-09-26,6.602811813354492,6.672999858856201,0.0,6.75600004196167,6.6570000648498535,6.715250015258789,0.0,268548000
2018-09-27,6.614686489105225,6.684999942779541,0.0,6.730000019073486,6.653250217437744,6.708499908447266,0.0,214428000
2018-09-28,6.951604843139648,7.0254998207092285,0.0,7.047999858856201,6.789999961853027,6.8182501792907715,0.0,709396000
2018-10-01,7.157912254333496,7.234000205993652,0.0,7.301499843597412,7.065000057220459,7.104000091552734,0.0,622060000
2018-10-02,7.086669921875,7.1620001792907715,0.0,7.318999767303467,7.139500141143799,7.206250190734863,0.0,383964000
2018-10-03,7.092855453491211,7.16825008392334,0.0,7.240499973297119,7.0632500648498535,7.232999801635742,0.0,320552000
2018-10-04,6.908810615539551,6.982250213623047,0.0,7.15625,6.9045000076293945,7.131750106811523,0.0,391220000
2018-10-05,6.675539016723633,6.746500015258789,0.0,7.019999980926514,6.688499927520752,6.957250118255615,0.0,426636000
2018-10-08,6.57436466217041,6.64424991607666,0.0,6.7789998054504395,6.501999855041504,6.662499904632568,0.0,408612000
2018-10-09,6.568675518035889,6.638500213623047,0.0,6.718999862670898,6.570000171661377,6.623499870300293,0.0,273500000
2018-10-10,6.077645301818848,6.142250061035156,0.0,6.577750205993652,6.139999866485596,6.531499862670898,0.0,684940000
2018-10-11,5.8164215087890625,5.8782501220703125,0.0,6.189000129699707,5.856500148773193,6.0542497634887695,0.0,725436000
2018-10-12,6.0986714363098145,6.16349983215332,0.0,6.238500118255615,5.991250038146973,6.137750148773193,0.0,608236000
2018-10-15,5.822605133056641,5.884500026702881,0.0,6.150000095367432,5.883500099182129,6.150000095367432,0.0,449760000
2018-10-16,6.081108570098877,6.145750045776367,0.0,6.1570000648498535,5.948500156402588,5.9982500076293945,0.0,408712000
2018-10-17,6.0125861167907715,6.076499938964844,0.0,6.247000217437744,6.0269999504089355,6.208499908447266,0.0,329668000
2018-10-18,5.92526388168335,5.988249778747559,0.0,6.1852498054504395,5.927249908447266,6.146500110626221,0.0,524020000
2018-10-19,5.6689887046813965,5.729249954223633,0.0,6.06374979019165,5.692500114440918,6.044000148773193,0.0,613608000
2018-10-22,5.719700813293457,5.7804999351501465,0.0,5.882999897003174,5.676750183105469,5.7820000648498535,0.0,368844000
2018-10-23,5.46837043762207,5.526500225067139,0.0,5.604750156402588,5.417749881744385,5.510749816894531,0.0,626436000
2018-10-24,4.93281364440918,4.985249996185303,0.0,5.534749984741211,4.971250057220459,5.487750053405762,0.0,884288000
2018-10-25,5.141347408294678,5.196000099182129,0.0,5.243750095367432,4.8420000076293945,4.886750221252441,0.0,951720000
2018-10-26,4.905109405517578,4.957250118255615,0.0,5.120999813079834,4.828000068664551,4.957749843597412,0.0,664784000
2018-10-29,4.591691017150879,4.640500068664551,0.0,5.103250026702881,4.40024995803833,5.09975004196167,0.0,758016000
2018-10-30,5.021620273590088,5.074999809265137,0.0,5.085000038146973,4.640500068664551,4.663750171661377,0.0,807192000
2018-10-31,5.2153120040893555,5.270750045776367,0.0,5.3147501945495605,5.100249767303467,5.241250038146973,0.0,745772000
2018-11-01,5.395396709442139,5.452750205993652,0.0,5.462250232696533,5.179749965667725,5.307499885559082,0.0,566528000
2018-11-02,5.316486835479736,5.373000144958496,0.0,5.550000190734863,5.255249977111816,5.4432501792907715,0.0,452960000
2018-11-05,5.238564968109131,5.294250011444092,0.0,5.3832502365112305,5.131999969482422,5.359749794006348,0.0,379332000
2018-11-06,5.221002578735352,5.276500225067139,0.0,5.371250152587891,5.238999843597412,5.286250114440918,0.0,299012000
2018-11-07,5.288533687591553,5.344749927520752,0.0,5.4352498054504395,5.2795000076293945,5.34375,0.0,483812000
2018-11-08,5.095584869384766,5.149750232696533,0.0,5.285749912261963,5.095749855041504,5.284999847412109,0.0,511352000
2018-11-09,5.087668418884277,5.141749858856201,0.0,5.232999801635742,5.026000022888184,5.059999942779541,0.0,413240000
2018-11-12,4.688659191131592,4.738500118255615,0.0,5.071750164031982,4.7164998054504395,5.049499988555908,0.0,617116000
2018-11-13,4.930341720581055,4.982749938964844,0.0,5.105249881744385,4.830999851226807,4.837250232696533,0.0,644712000
2018-11-14,4.877898216247559,4.929749965667725,0.0,5.171999931335449,4.8207502365112305,5.15749979019165,0.0,526580000
2018-11-15,5.00653076171875,5.059750080108643,0.0,5.132500171661377,4.887499809265137,4.923749923706055,0.0,840708000
2018-11-16,4.067513465881348,4.110750198364258,0.0,4.266499996185303,4.040249824523926,4.083000183105469,0.0,1963520000
2018-11-19,3.579451322555542,3.617500066757202,0.0,4.045499801635742,3.6157500743865967,4.044750213623047,0.0,1697820000
2018-11-20,3.6877989768981934,3.7269999980926514,0.0,3.8564999103546143,3.332750082015991,3.3515000343322754,0.0,1692032000
2018-11-21,3.579697608947754,3.6177499294281006,0.0,3.882499933242798,3.590250015258789,3.865499973297119,0.0,1025496000
2018-11-23,3.58687162399292,3.625,0.0,3.7397499084472656,3.5697500705718994,3.582750082015991,0.0,411968000
2018-11-26,3.7860050201416016,3.8262500762939453,0.0,3.836750030517578,3.6640000343322754,3.7472500801086426,0.0,814832000
2018-11-27,3.8028266429901123,3.843250036239624,0.0,3.9252500534057617,3.7637500762939453,3.799999952316284,0.0,738060000
2018-11-28,3.9596588611602783,4.0017499923706055,0.0,4.006999969482422,3.828249931335449,3.9619998931884766,0.0,804524000
2018-11-29,3.8965165615081787,3.934000015258789,0.004,4.037499904632568,3.9035000801086426,4.0,0.0,549172000
2018-11-30,4.046821117401123,4.085750102996826,0.0,4.096499919891357,3.8929998874664307,3.9437499046325684,0.0,729564000
2018-12-03,4.210495471954346,4.250999927520752,0.0,4.367000102996826,4.183499813079834,4.315000057220459,0.0,890804000
2018-12-04,3.8903260231018066,3.9277501106262207,0.0,4.210999965667725,3.9124999046325684,4.205999851226807,0.0,812112000
2018-12-06,3.9195449352264404,3.9572501182556152,0.0,3.962249994277954,3.770250082015991,3.7860000133514404,0.0,692308000
2018-12-07,3.6550891399383545,3.6902499198913574,0.0,3.971750020980835,3.640500068664551,3.9614999294281006,0.0,681676000
2018-12-10,3.760326862335205,3.7964999675750732,0.0,3.821500062942505,3.641249895095825,3.6449999809265137,0.0,629472000
2018-12-11,3.669450521469116,3.7047500610351562,0.0,3.897249937057495,3.625,3.8889999389648438,0.0,671912000
2018-12-12,3.6870319843292236,3.7225000858306885,0.0,3.819499969482422,3.620500087738037,3.7105000019073486,0.0,654136000
2018-12-13,3.686784029006958,3.722249984741211,0.0,3.8345000743865967,3.686000108718872,3.7697501182556152,0.0,471384000
2018-12-14,3.6263654232025146,3.661250114440918,0.0,3.7647500038146973,3.637500047683716,3.6802499294281006,0.0,471820000
2018-12-17,3.5552990436553955,3.5894999504089355,0.0,3.703749895095825,3.5309998989105225,3.63100004196167,0.0,662868000
2018-12-18,3.6384990215301514,3.6735000610351562,0.0,3.7582499980926514,3.606250047683716,3.6337499618530273,0.0,564372000
2018-12-19,3.4297568798065186,3.46274995803833,0.0,3.69350004196167,3.410749912261963,3.6394999027252197,0.0,745364000
2018-12-20,3.345318555831909,3.377500057220459,0.0,3.5450000762939453,3.3172500133514404,3.4542500972747803,0.0,749588000
2018-12-21,3.208385944366455,3.2392499446868896,0.0,3.4375,3.2114999294281006,3.404249906539917,0.0,863740000
2018-12-24,3.1467294692993164,3.177000045776367,0.0,3.249500036239624,3.112499952316284,3.16225004196167,0.0,463840000
2018-12-26,3.2957959175109863,3.327500104904175,0.0,3.3285000324249268,3.1115000247955322,3.2235000133514404,0.0,695100000
2018-12-27,3.2480051517486572,3.279249906539917,0.0,3.309499979019165,3.129499912261963,3.274749994277954,0.0,637044000
2018-12-28,3.3094141483306885,3.341249942779541,0.0,3.4347500801086426,3.2577500343322754,3.299999952316284,0.0,628728000
2018-12-31,3.3057000637054443,3.3375000953674316,0.0,3.4177498817443848,3.30649995803833,3.384999990463257,0.0,465140000
2019-01-02,3.373051881790161,3.4054999351501465,0.0,3.4619998931884766,3.2512500286102295,3.2660000324249268,0.0,508752000
2019-01-03,3.169262647628784,3.1997499465942383,0.0,3.378999948501587,3.1922500133514404,3.344749927520752,0.0,705552000
2019-01-04,3.372309684753418,3.404750108718872,0.0,3.4432499408721924,3.242500066757202,3.2734999656677246,0.0,585620000
2019-01-07,3.550841808319092,3.5850000381469727,0.0,3.6222500801086426,3.410749912261963,3.4625000953674316,0.0,709160000
2019-01-08,3.462441921234131,3.4957499504089355,0.0,3.6695001125335693,3.422499895095825,3.667249917984009,0.0,786016000
2019-01-09,3.5305376052856445,3.564500093460083,0.0,3.6122500896453857,3.496500015258789,3.547499895095825,0.0,617260000
2019-01-10,3.596156120300293,3.6307499408721924,0.0,3.6394999027252197,3.4839999675750732,3.5450000762939453,0.0,523156000
2019-01-11,3.6852986812591553,3.720750093460083,0.0,3.7437500953674316,3.5802500247955322,3.6082499027252197,0.0,874764000
2019-01-14,3.7251646518707275,3.760999917984009,0.0,3.7864999771118164,3.64424991607666,3.6679999828338623,0.0,730168000
2019-01-15,3.7110509872436523,3.7467501163482666,0.0,3.833750009536743,3.728250026702881,3.7939999103546143,0.0,617012000
2019-01-16,3.6855461597442627,3.7209999561309814,0.0,3.807499885559082,3.7155001163482666,3.774250030517578,0.0,470104000
2019-01-17,3.7568600177764893,3.7929999828338623,0.0,3.833250045776367,3.660249948501587,3.6877501010894775,0.0,493436000
2019-01-18,3.885868549346924,3.9232499599456787,0.0,3.94950008392334,3.791249990463257,3.843250036239624,0.0,651336000
2019-01-22,3.6838126182556152,3.719249963760376,0.0,3.9045000076293945,3.6887500286102295,3.8927500247955322,0.0,661552000
2019-01-23,3.6966891288757324,3.7322499752044678,0.0,3.864500045776367,3.7007501125335693,3.7750000953674316,0.0,591020000
2019-01-24,3.90840220451355,3.946000099182129,0.0,3.963749885559082,3.8127501010894775,3.817500114440918,0.0,708972000
2019-01-25,3.9656014442443848,4.003749847412109,0.0,4.021999835968018,3.7825000286102295,3.885999917984009,0.0,1154572000
2019-01-28,3.4173758029937744,3.4502499103546143,0.0,3.5409998893737793,3.2750000953674316,3.413749933242798,0.0,2511528000
2019-01-29,3.258652925491333,3.2899999618530273,0.0,3.452500104904175,3.27524995803833,3.403749942779541,0.0,1153932000
2019-01-30,3.4020228385925293,3.4347500801086426,0.0,3.4492499828338623,3.2864999771118164,3.3667500019073486,0.0,974228000
2019-01-31,3.559509038925171,3.59375,0.0,3.6297500133514404,3.4094998836517334,3.43149995803833,0.0,842852000
2019-02-01,3.583775281906128,3.6182498931884766,0.0,3.6697499752044678,3.564500093460083,3.612499952316284,0.0,625048000
2019-02-04,3.693965435028076,3.7295000553131104,0.0,3.7669999599456787,3.611999988555908,3.6342499256134033,0.0,528592000
2019-02-05,3.713031530380249,3.7487499713897705,0.0,3.785749912261963,3.7074999809265137,3.741499900817871,0.0,542424000
2019-02-06,3.788555383682251,3.825000047683716,0.0,3.890000104904175,3.776750087738037,3.782249927520752,0.0,702464000
2019-02-07,3.6503849029541016,3.685499906539917,0.0,3.7804999351501465,3.6422500610351562,3.778249979019165,0.0,637120000
2019-02-08,3.6689558029174805,3.7042500972747803,0.0,3.7149999141693115,3.603250026702881,3.6177499294281006,0.0,461604000
2019-02-11,3.6263654232025146,3.661250114440918,0.0,3.7144999504089355,3.612499952316284,3.659749984741211,0.0,495180000
2019-02-12,3.74324107170105,3.779249906539917,0.0,3.7950000762939453,3.685499906539917,3.700000047683716,0.0,591060000
2019-02-13,3.785583734512329,3.822000026702881,0.0,3.895750045776367,3.7952499389648438,3.809000015258789,0.0,605372000
2019-02-14,3.8264408111572266,3.8632500171661377,0.0,3.8917500972747803,3.7774999141693115,3.821000099182129,0.0,827264000
2019-02-15,3.896021842956543,3.933500051498413,0.0,4.096749782562256,3.9105000495910645,4.073750019073486,0.0,1516748000
2019-02-19,3.878687858581543,3.9159998893737793,0.0,3.9972500801086426,3.9035000801086426,3.9227499961853027,0.0,551892000
2019-02-20,3.9259839057922363,3.963749885559082,0.0,4.031499862670898,3.9342501163482666,3.945499897003174,0.0,540988000
2019-02-21,3.8571460247039795,3.89424991607666,0.0,4.00124979019165,3.879499912261963,3.9765000343322754,0.0,448548000
2019-02-22,3.941831350326538,3.979749917984009,0.0,3.9987499713897705,3.9327499866485596,3.946500062942505,0.0,401740000
2019-02-25,3.9294497966766357,3.967250108718872,0.0,4.131999969482422,3.9584999084472656,4.064000129699707,0.0,656020000
2019-02-26,3.890078544616699,3.927500009536743,0.0,4.019000053405762,3.893749952316284,3.9625000953674316,0.0,488464000
2019-02-27,3.848231554031372,3.8852500915527344,0.0,3.9397499561309814,3.8277499675750732,3.9130001068115234,0.0,500256000
2019-02-28,3.8236918449401855,3.8564999103546143,0.004,3.8975000381469727,3.8340001106262207,3.875,0.0,324944000
2019-03-01,3.8779759407043457,3.911250114440918,0.0,3.953749895095825,3.8480000495910645,3.906749963760376,0.0,357188000
2019-03-04,3.886155366897583,3.9195001125335693,0.0,3.9730000495910645,3.862499952316284,3.950000047683716,0.0,409992000
2019-03-05,3.8797109127044678,3.9130001068115234,0.0,3.9514999389648438,3.8489999771118164,3.903749942779541,0.0,362924000
2019-03-06,3.7689120769500732,3.8012499809265137,0.0,3.9124999046325684,3.7985000610351562,3.9040000438690186,0.0,403524000
2019-03-07,3.6997551918029785,3.7314999103546143,0.0,3.78725004196167,3.684999942779541,3.7774999141693115,0.0,450104000
2019-03-08,3.733961820602417,3.7660000324249268,0.0,3.776750087738037,3.619999885559082,3.6414999961853027,0.0,422416000
2019-03-11,3.9942283630371094,4.028500080108643,0.0,4.051499843597412,3.7422499656677246,3.789750099182129,0.0,859728000
2019-03-12,4.028435230255127,4.063000202178955,0.0,4.109749794006348,3.979749917984009,4.05649995803833,0.0,579576000
2019-03-13,4.1796369552612305,4.2154998779296875,0.0,4.244999885559082,4.093249797821045,4.100749969482422,0.0,768900000
2019-03-14,4.10378885269165,4.138999938964844,0.0,4.23675012588501,4.131249904632568,4.22475004196167,0.0,519384000
2019-03-15,4.209135055541992,4.245250225067139,0.0,4.288249969482422,4.178999900817871,4.182499885559082,0.0,661484000
2019-03-18,4.187817573547363,4.223750114440918,0.0,4.331250190734863,4.196499824523926,4.2769999504089355,0.0,486992000
2019-03-19,4.355380058288574,4.392749786376953,0.0,4.4375,4.302000045776367,4.318999767303467,0.0,854972000
2019-03-20,4.3229079246521,4.360000133514404,0.0,4.475749969482422,4.324999809265137,4.421999931335449,0.0,719148000
2019-03-21,4.559379577636719,4.598499774932861,0.0,4.625,4.3782501220703125,4.3832502365112305,0.0,824312000
2019-03-22,4.399749755859375,4.4375,0.0,4.619999885559082,4.423500061035156,4.571000099182129,0.0,747644000
2019-03-25,4.307539463043213,4.3445000648498535,0.0,4.461249828338623,4.277750015258789,4.396500110626221,0.0,525212000
2019-03-26,4.384132385253906,4.421750068664551,0.0,4.543749809265137,4.364999771118164,4.487249851226807,0.0,703508000
2019-03-27,4.374962329864502,4.412499904632568,0.0,4.4942498207092285,4.34250020980835,4.447500228881836,0.0,474372000
2019-03-28,4.393552780151367,4.431250095367432,0.0,4.497499942779541,4.377749919891357,4.43874979019165,0.0,480264000
2019-03-29,4.450809001922607,4.488999843597412,0.0,4.513500213623047,4.447750091552734,4.498499870300293,0.0,456896000
2019-04-01,4.5182318687438965,4.557000160217285,0.0,4.587500095367432,4.509250164031982,4.581500053405762,0.0,483824000
2019-04-02,4.536078929901123,4.574999809265137,0.0,4.619750022888184,4.538000106811523,4.581250190734863,0.0,440920000
2019-04-03,4.675382614135742,4.7154998779296875,0.0,4.775000095367432,4.619999885559082,4.625,0.0,783504000
2019-04-04,4.6664605140686035,4.706500053405762,0.0,4.7492499351501465,4.643249988555908,4.699999809265137,0.0,457376000
2019-04-05,4.733137607574463,4.773749828338623,0.0,4.791250228881836,4.713250160217285,4.75,0.0,481744000
2019-04-08,4.753960609436035,4.794750213623047,0.0,4.820000171661377,4.71875,4.743000030517578,0.0,424192000
2019-04-09,4.69124698638916,4.731500148773193,0.0,4.772250175476074,4.689000129699707,4.761000156402588,0.0,439972000
2019-04-10,4.761642932891846,4.802499771118164,0.0,4.828499794006348,4.726250171661377,4.73075008392334,0.0,444772000
2019-04-11,4.747763633728027,4.78849983215332,0.0,4.836750030517578,4.738749980926514,4.804999828338623,0.0,374600000
2019-04-12,4.709837436676025,4.750249862670898,0.0,4.831500053405762,4.741499900817871,4.827499866485596,0.0,471708000
2019-04-15,4.578219413757324,4.617499828338623,0.0,4.747499942779541,4.577499866485596,4.742499828338623,0.0,440092000
2019-04-16,4.665221214294434,4.705249786376953,0.0,4.724249839782715,4.624000072479248,4.6570000648498535,0.0,394964000
2019-04-17,4.6424174308776855,4.682250022888184,0.0,4.761499881744385,4.659749984741211,4.740499973297119,0.0,351004000
2019-04-18,4.617877006530762,4.65749979019165,0.0,4.723249912261963,4.629499912261963,4.689000129699707,0.0,380988000
2019-04-22,4.671666622161865,4.711750030517578,0.0,4.727499961853027,4.6020002365112305,4.633749961853027,0.0,279936000
2019-04-23,4.726197719573975,4.766749858856201,0.0,4.798250198364258,4.715250015258789,4.724999904632568,0.0,346856000
2019-04-24,4.738592147827148,4.779250144958496,0.0,4.820250034332275,4.716000080108643,4.777249813079834,0.0,318204000
2019-04-25,4.632996559143066,4.672749996185303,0.0,4.761250019073486,4.59250020980835,4.738749980926514,0.0,499296000
2019-04-26,4.414374828338623,4.452250003814697,0.0,4.522250175476074,4.332499980926514,4.517749786376953,0.0,868988000
2019-04-29,4.4451093673706055,4.483250141143799,0.0,4.511250019073486,4.387499809265137,4.460249900817871,0.0,391920000
2019-04-30,4.486504077911377,4.525000095367432,0.0,4.550749778747559,4.43149995803833,4.45074987411499,0.0,362920000
2019-05-01,4.473366737365723,4.511750221252441,0.0,4.620250225067139,4.511499881744385,4.577750205993652,0.0,354280000
2019-05-02,4.540789604187012,4.579750061035156,0.0,4.6217498779296875,4.478000164031982,4.521500110626221,0.0,394684000
2019-05-03,4.536327838897705,4.575250148773193,0.0,4.598249912261963,4.51324987411499,4.588250160217285,0.0,336824000
2019-05-06,4.457999229431152,4.496250152587891,0.0,4.508500099182129,4.349999904632568,4.387499809265137,0.0,422176000
2019-05-07,4.2909321784973145,4.327750205993652,0.0,4.447500228881836,4.279250144958496,4.447500228881836,0.0,555220000
2019-05-08,4.311010837554932,4.3480000495910645,0.0,4.428750038146973,4.288000106811523,4.300000190734863,0.0,419168000
2019-05-09,4.218552589416504,4.254749774932861,0.0,4.288249969482422,4.135000228881836,4.278500080108643,0.0,660248000
2019-05-10,4.184595108032227,4.2204999923706055,0.0,4.289750099182129,4.099999904632568,4.223750114440918,0.0,569500000
2019-05-13,3.927550792694092,3.961250066757202,0.0,4.110750198364258,3.9452500343322754,4.087500095367432,0.0,656912000
2019-05-14,4.016537189483643,4.051000118255615,0.0,4.08650016784668,3.962249994277954,4.00124979019165,0.0,524880000
2019-05-15,3.9555604457855225,3.989500045776367,0.0,4.026249885559082,3.9352500438690186,3.994999885559082,0.0,502320000
2019-05-16,3.9706807136535645,4.004749774932861,0.0,4.047749996185303,3.9412500858306885,3.9839999675750732,0.0,781088000
2019-05-17,3.8799588680267334,3.913249969482422,0.0,4.092750072479248,3.873500108718872,3.9625000953674316,0.0,1022068000
2019-05-20,3.761474847793579,3.793750047683716,0.0,3.8692500591278076,3.768749952316284,3.8137500286102295,0.0,572064000
2019-05-21,3.8435218334198,3.876499891281128,0.0,3.8924999237060547,3.815999984741211,3.8550000190734863,0.0,361848000
2019-05-22,3.772629499435425,3.805000066757202,0.0,3.8637499809265137,3.7939999103546143,3.8375000953674316,0.0,325868000
2019-05-23,3.651667594909668,3.683000087738037,0.0,3.7422499656677246,3.6227500438690186,3.7422499656677246,0.0,591844000
2019-05-24,3.597878932952881,3.6287500858306885,0.0,3.737499952316284,3.621999979019165,3.7019999027252197,0.0,357584000
2019-05-28,3.5527663230895996,3.583250045776367,0.0,3.679500102996826,3.581249952316284,3.6465001106262207,0.0,428356000
2019-05-29,3.478651762008667,3.508500099182129,0.0,3.570499897003174,3.4735000133514404,3.535249948501587,0.0,559800000
2019-05-30,3.4521000385284424,3.477750062942505,0.004,3.543750047683716,3.4392499923706055,3.5077500343322754,0.0,394300000
2019-05-31,3.3615221977233887,3.3864998817443848,0.0,3.4962499141693115,3.3847498893737793,3.428499937057495,0.0,389720000
2019-06-03,3.3198320865631104,3.3445000648498535,0.0,3.4367499351501465,3.315000057220459,3.397749900817871,0.0,478644000
2019-06-04,3.548632860183716,3.575000047683716,0.0,3.5802500247955322,3.3867499828338623,3.4089999198913574,0.0,641836000
2019-06-05,3.5059492588043213,3.5320000648498535,0.0,3.654750108718872,3.495500087738037,3.649250030517578,0.0,511616000
2019-06-06,3.5679879188537598,3.5945000648498535,0.0,3.6192500591278076,3.533750057220459,3.536250114440918,0.0,408140000
2019-06-07,3.610671281814575,3.637500047683716,0.0,3.671999931335449,3.581249952316284,3.6005001068115234,0.0,348856000
2019-06-10,3.6833810806274414,3.710750102996826,0.0,3.779750108718872,3.694000005722046,3.694000005722046,0.0,402780000
2019-06-11,3.740952491760254,3.768749952316284,0.0,3.809000015258789,3.7290000915527344,3.7709999084472656,0.0,383872000
2019-06-12,3.628042459487915,3.6549999713897705,0.0,3.731250047683716,3.6397500038146973,3.7249999046325684,0.0,358892000
2019-06-13,3.6791625022888184,3.7065000534057617,0.0,3.7249999046325684,3.6594998836517334,3.6772499084472656,0.0,308080000
2019-06-14,3.5893301963806152,3.615999937057495,0.0,3.6372499465942383,3.571000099182129,3.6127500534057617,0.0,394428000
2019-06-17,3.5990078449249268,3.6257500648498535,0.0,3.6630001068115234,3.591249942779541,3.6142499446868896,0.0,276040000
2019-06-18,3.7938101291656494,3.822000026702881,0.0,3.8777499198913574,3.676500082015991,3.6875,0.0,581920000
2019-06-19,3.799766778945923,3.828000068664551,0.0,3.86899995803833,3.8017499446868896,3.8575000762939453,0.0,331644000
2019-06-20,3.824085235595703,3.8524999618530273,0.0,3.9332499504089355,3.8380000591278076,3.919250011444092,0.0,350168000
2019-06-21,3.766016960144043,3.7939999103546143,0.0,3.88700008392334,3.7874999046325684,3.8375000953674316,0.0,434428000
2019-06-24,3.78835129737854,3.816499948501587,0.0,3.846250057220459,3.7679998874664307,3.815500020980835,0.0,282948000
2019-06-25,3.759068727493286,3.7869999408721924,0.0,3.8970000743865967,3.784250020980835,3.821500062942505,0.0,311868000
2019-06-26,3.952134132385254,3.9814999103546143,0.0,4.043000221252441,3.902250051498413,3.915250062942505,0.0,584072000
2019-06-27,4.050652503967285,4.080749988555908,0.0,4.099999904632568,4.031499862670898,4.067749977111816,0.0,445440000
2019-06-28,4.075468063354492,4.10575008392334,0.0,4.134250164031982,4.058750152587891,4.125,0.0,397668000
2019-07-01,4.12360954284668,4.154250144958496,0.0,4.348750114440918,4.116499900817871,4.3142499923706055,0.0,709756000
2019-07-02,4.0258355140686035,4.055749893188477,0.0,4.158750057220459,4.042500019073486,4.137499809265137,0.0,400228000
2019-07-03,4.038741111755371,4.068749904632568,0.0,4.085000038146973,4.008500099182129,4.079249858856201,0.0,246636000
2019-07-05,3.976205825805664,4.0057501792907715,0.0,4.014500141143799,3.941999912261963,4.010000228881836,0.0,396552000
2019-07-08,3.901262044906616,3.9302499294281006,0.0,3.964750051498413,3.9000000953674316,3.9457499980926514,0.0,329788000
2019-07-09,3.9037442207336426,3.9327499866485596,0.0,3.9609999656677246,3.875,3.8877499103546143,0.0,342860000
2019-07-10,3.971987009048462,4.001500129699707,0.0,4.0592498779296875,3.9625000953674316,3.9765000343322754,0.0,452076000
2019-07-11,4.126340389251709,4.1570000648498535,0.0,4.197999954223633,4.037499904632568,4.074999809265137,0.0,682560000
2019-07-12,4.159344673156738,4.190249919891357,0.0,4.261750221252441,4.184999942779541,4.184999942779541,0.0,506392000
2019-07-15,4.150906085968018,4.1817498207092285,0.0,4.227749824523926,4.153250217437744,4.21150016784668,0.0,289840000
2019-07-16,4.146191596984863,4.177000045776367,0.0,4.204249858856201,4.120999813079834,4.166749954223633,0.0,341444000
2019-07-17,4.211457252502441,4.24275016784668,0.0,4.249750137329102,4.149250030517578,4.178750038146973,0.0,348204000
2019-07-18,4.22312068939209,4.254499912261963,0.0,4.317749977111816,4.196249961853027,4.2532501220703125,0.0,442192000
2019-07-19,4.179941177368164,4.210999965667725,0.0,4.299499988555908,4.204999923706055,4.293000221252441,0.0,344896000
2019-07-22,4.251410961151123,4.2829999923706055,0.0,4.296000003814697,4.224999904632568,4.232500076293945,0.0,315940000
2019-07-23,4.359108924865723,4.391499996185303,0.0,4.393499851226807,4.3067498207092285,4.322500228881836,0.0,428176000
2019-07-24,4.433557510375977,4.4664998054504395,0.0,4.472249984741211,4.358500003814697,4.434999942779541,0.0,366236000
2019-07-25,4.3025312423706055,4.334499835968018,0.0,4.4375,4.310999870300293,4.424749851226807,0.0,392700000
2019-07-26,4.344470500946045,4.3767499923706055,0.0,4.423749923706055,4.36175012588501,4.36175012588501,0.0,274160000
2019-07-29,4.338265895843506,4.370500087738037,0.0,4.386750221252441,4.281750202178955,4.369500160217285,0.0,248160000
2019-07-30,4.353898048400879,4.386250019073486,0.0,4.398499965667725,4.3092498779296875,4.323750019073486,0.0,197772000
2019-07-31,4.186891078948975,4.2179999351501465,0.0,4.355500221252441,4.17549991607666,4.354499816894531,0.0,359416000
2019-08-01,4.092589855194092,4.123000144958496,0.0,4.319499969482422,4.070499897003174,4.228499889373779,0.0,421212000
2019-08-02,4.000027656555176,4.029749870300293,0.0,4.0995001792907715,3.9820001125335693,4.029749870300293,0.0,428348000
2019-08-05,3.741946220397949,3.7697501182556152,0.0,3.846250057220459,3.7225000858306885,3.8450000286102295,0.0,589156000
2019-08-06,3.7806589603424072,3.8087499141693115,0.0,3.890749931335449,3.7607500553131104,3.8450000286102295,0.0,361272000
2019-08-07,3.8188741207122803,3.847249984741211,0.0,3.859250068664551,3.7300000190734863,3.747499942779541,0.0,372560000
2019-08-08,3.927319049835205,3.9565000534057617,0.0,3.957750082015991,3.8475000858306885,3.905250072479248,0.0,309300000
2019-08-09,3.826070785522461,3.8545000553131104,0.0,3.918750047683716,3.8037500381469727,3.915250062942505,0.0,341816000
2019-08-12,3.7583248615264893,3.786250114440918,0.0,3.8545000553131104,3.7642500400543213,3.802000045776367,0.0,279200000
2019-08-13,3.8724758625030518,3.901249885559082,0.0,3.947499990463257,3.745500087738037,3.784749984741211,0.0,351956000
2019-08-14,3.724078416824341,3.7517499923706055,0.0,3.8237500190734863,3.707750082015991,3.8125,0.0,419880000
2019-08-15,3.6918182373046875,3.719249963760376,0.0,3.790750026702881,3.6847500801086426,3.770750045776367,0.0,477200000
2019-08-16,3.959578514099121,3.989000082015991,0.0,4.03849983215332,3.921999931335449,3.983750104904175,0.0,1007960000
2019-08-19,4.238009452819824,4.269499778747559,0.0,4.2855000495910645,4.086750030517578,4.103000164031982,0.0,815112000
2019-08-20,4.165798187255859,4.196750164031982,0.0,4.264500141143799,4.17549991607666,4.263999938964844,0.0,463188000
2019-08-21,4.249176025390625,4.280749797821045,0.0,4.336249828338623,4.241499900817871,4.26324987411499,0.0,427244000
2019-08-22,4.2553815841674805,4.2870001792907715,0.0,4.333250045776367,4.247499942779541,4.290500164031982,0.0,303488000
2019-08-23,4.031048774719238,4.060999870300293,0.0,4.264750003814697,4.040999889373779,4.210000038146973,0.0,568056000
2019-08-26,4.105742931365967,4.136250019073486,0.0,4.1645002365112305,4.097750186920166,4.140250205993652,0.0,318208000
2019-08-27,4.015166759490967,4.045000076293945,0.0,4.177499771118164,4.015500068664551,4.174749851226807,0.0,290968000
2019-08-28,4.004733085632324,4.0304999351501465,0.004,4.083499908447266,3.9749999046325684,4.014500141143799,0.0,255612000
2019-08-29,4.14831018447876,4.175000190734863,0.0,4.207499980926514,4.11899995803833,4.122499942779541,0.0,357976000
2019-08-30,4.160977363586426,4.187749862670898,0.0,4.271500110626221,4.16949987411499,4.221499919891357,0.0,290616000
2019-09-03,4.078011989593506,4.104249954223633,0.0,4.147749900817871,4.081250190734863,4.114500045776367,0.0,296140000
2019-09-04,4.192028045654297,4.218999862670898,0.0,4.226500034332275,4.165249824523926,4.165249824523926,0.0,227728000
2019-09-05,4.464775085449219,4.493500232696533,0.0,4.499750137329102,4.320000171661377,4.321750164031982,0.0,695676000
2019-09-06,4.437696933746338,4.466249942779541,0.0,4.527249813079834,4.427999973297119,4.46999979019165,0.0,376976000
2019-09-09,4.483651638031006,4.512499809265137,0.0,4.5995001792907715,4.495999813079834,4.497499942779541,0.0,417524000
2019-09-10,4.550223350524902,4.579500198364258,0.0,4.606249809265137,4.469749927520752,4.479499816894531,0.0,352812000
2019-09-11,4.578789234161377,4.608250141143799,0.0,4.656750202178955,4.565000057220459,4.594250202178955,0.0,361512000
2019-09-12,4.577298164367676,4.606750011444092,0.0,4.710000038146973,4.598750114440918,4.65500020980835,0.0,327840000
2019-09-13,4.5194220542907715,4.548500061035156,0.0,4.577000141143799,4.504499912261963,4.539750099182129,0.0,324592000
2019-09-16,4.476448059082031,4.505249977111816,0.0,4.539999961853027,4.462500095367432,4.4730000495910645,0.0,231832000
2019-09-17,4.497810363769531,4.526750087738037,0.0,4.531000137329102,4.465250015258789,4.51200008392334,0.0,223048000
2019-09-18,4.470734596252441,4.499499797821045,0.0,4.5355000495910645,4.412499904632568,4.519750118255615,0.0,258152000
2019-09-19,4.395221710205078,4.423500061035156,0.0,4.52400016784668,4.412749767303467,4.505499839782715,0.0,245476000
2019-09-20,4.289649963378906,4.317249774932861,0.0,4.446249961853027,4.307000160217285,4.422500133514404,0.0,350244000
2019-09-23,4.343057155609131,4.370999813079834,0.0,4.416749954223633,4.31374979019165,4.317500114440918,0.0,249712000
2019-09-24,4.2856764793396,4.3132500648498535,0.0,4.432250022888184,4.277500152587891,4.402500152587891,0.0,317268000
2019-09-25,4.427264213562012,4.455749988555908,0.0,4.475500106811523,4.267749786376953,4.312749862670898,0.0,308432000
2019-09-26,4.405157089233398,4.433499813079834,0.0,4.454750061035156,4.38224983215332,4.446000099182129,0.0,234564000
2019-09-27,4.2665486335754395,4.294000148773193,0.0,4.442500114440918,4.232999801635742,4.391499996185303,0.0,362056000
2019-09-30,4.323927402496338,4.351749897003174,0.0,4.361999988555908,4.28849983215332,4.320000171661377,0.0,186184000
2019-10-01,4.322189807891846,4.349999904632568,0.0,4.525000095367432,4.345250129699707,4.375,0.0,366008000
2019-10-02,4.298344612121582,4.326000213623047,0.0,4.340000152587891,4.2532501220703125,4.328000068664551,0.0,293372000
2019-10-03,4.503772735595703,4.532750129699707,0.0,4.539000034332275,4.300000190734863,4.33050012588501,0.0,450588000
2019-10-04,4.520166397094727,4.54925012588501,0.0,4.578750133514404,4.4695000648498535,4.534999847412109,0.0,265524000
2019-10-07,4.578789234161377,4.608250141143799,0.0,4.708499908447266,4.60575008392334,4.614500045776367,0.0,480984000
2019-10-08,4.4024248123168945,4.430749893188477,0.0,4.515999794006348,4.412499904632568,4.515999794006348,0.0,444436000
2019-10-09,4.488868236541748,4.517749786376953,0.0,4.567500114440918,4.479000091552734,4.507999897003174,0.0,292412000
2019-10-10,4.546497344970703,4.57574987411499,0.0,4.626999855041504,4.510250091552734,4.515500068664551,0.0,309124000
2019-10-11,4.620024681091309,4.649750232696533,0.0,4.733500003814697,4.641250133514404,4.660250186920166,0.0,446404000
2019-10-14,4.633438587188721,4.663249969482422,0.0,4.6842498779296875,4.609749794006348,4.640999794006348,0.0,200040000
2019-10-15,4.877865314483643,4.909249782562256,0.0,4.982250213623047,4.739999771118164,4.754000186920166,0.0,664124000
2019-10-16,4.824209690093994,4.855249881744385,0.0,4.980500221252441,4.84375,4.875,0.0,428944000
2019-10-17,4.826198101043701,4.857250213623047,0.0,4.945250034332275,4.802499771118164,4.900000095367432,0.0,263436000
2019-10-18,4.731804370880127,4.762249946594238,0.0,4.890500068664551,4.6875,4.857749938964844,0.0,307440000
2019-10-21,4.868923187255859,4.90024995803833,0.0,4.913750171661377,4.804999828338623,4.823999881744385,0.0,261868000
2019-10-22,4.858987331390381,4.890250205993652,0.0,5.0632500648498535,4.882500171661377,4.957499980926514,0.0,328720000
2019-10-23,4.846071243286133,4.8772501945495605,0.0,4.891499996185303,4.775750160217285,4.807750225067139,0.0,279916000
2019-10-24,4.890037536621094,4.921500205993652,0.0,4.955249786376953,4.884500026702881,4.918749809265137,0.0,232020000
2019-10-25,5.080810546875,5.113500118255615,0.0,5.134500026702881,4.994750022888184,5.002500057220459,0.0,423092000
2019-10-28,5.136700630187988,5.169750213623047,0.0,5.222499847412109,5.127999782562256,5.15749979019165,0.0,330792000
2019-10-29,5.0405683517456055,5.072999954223633,0.0,5.16225004196167,5.053500175476074,5.155749797821045,0.0,211236000
2019-10-30,5.042555809020996,5.074999809265137,0.0,5.10575008392334,5.006499767303467,5.099999904632568,0.0,205960000
2019-10-31,4.993372440338135,5.0254998207092285,0.0,5.074999809265137,4.945250034332275,5.053999900817871,0.0,209732000
2019-11-01,5.032371520996094,5.0647501945495605,0.0,5.097249984741211,4.964749813079834,4.989999771118164,0.0,283640000
2019-11-04,5.228856563568115,5.262499809265137,0.0,5.275000095367432,5.123000144958496,5.146249771118164,0.0,376716000
2019-11-05,5.206749439239502,5.240250110626221,0.0,5.28849983215332,5.191999912261963,5.262249946594238,0.0,300868000
2019-11-06,5.157566547393799,5.1907501220703125,0.0,5.2417497634887695,5.102749824523926,5.216000080108643,0.0,269012000
2019-11-07,5.175201892852783,5.208499908447266,0.0,5.292500019073486,5.16349983215332,5.277750015258789,0.0,280340000
2019-11-08,5.161291122436523,5.194499969482422,0.0,5.226250171661377,5.153749942779541,5.191500186920166,0.0,189100000
2019-11-11,5.171227931976318,5.204500198364258,0.0,5.227749824523926,5.10699987411499,5.193749904632568,0.0,243436000
2019-11-12,5.206749439239502,5.240250110626221,0.0,5.296500205993652,5.207749843597412,5.243000030517578,0.0,283504000
2019-11-13,5.180914878845215,5.214250087738037,0.0,5.236499786376953,5.147500038146973,5.208749771118164,0.0,300188000
2019-11-14,5.2112202644348145,5.244750022888184,0.0,5.247000217437744,5.163000106811523,5.223249912261963,0.0,518080000
2019-11-15,5.072115898132324,5.104750156402588,0.0,5.29449987411499,5.015999794006348,5.242499828338623,0.0,1053628000
2019-11-18,5.273072242736816,5.307000160217285,0.0,5.333749771118164,5.094250202178955,5.097249984741211,0.0,574588000
2019-11-19,5.166508197784424,5.199749946594238,0.0,5.299499988555908,5.141250133514404,5.275750160217285,0.0,414564000
2019-11-20,5.245748519897461,5.2795000076293945,0.0,5.363749980926514,5.164000034332275,5.176750183105469,0.0,472588000
2019-11-21,5.2209086418151855,5.254499912261963,0.0,5.330999851226807,5.232749938964844,5.275000095367432,0.0,288388000
2019-11-22,5.238544940948486,5.272250175476074,0.0,5.323999881744385,5.248499870300293,5.277249813079834,0.0,224100000
2019-11-25,5.494895935058594,5.530250072479248,0.0,5.535250186920166,5.388000011444092,5.401000022888184,0.0,506476000
2019-11-26,5.390317440032959,5.425000190734863,0.0,5.517250061035156,5.418499946594238,5.512499809265137,0.0,385244000
2019-11-27,5.425119876861572,5.455999851226807,0.004,5.50124979019165,5.429500102996826,5.466750144958496,0.0,215784000
2019-11-29,5.387831211090088,5.418499946594238,0.0,5.453499794006348,5.394499778747559,5.425000190734863,0.0,141556000
2019-12-02,5.201641082763672,5.231249809265137,0.0,5.425000190734863,5.216000080108643,5.411499977111816,0.0,372036000
2019-12-03,5.162117004394531,5.191500186920166,0.0,5.195499897003174,5.009250164031982,5.046750068664551,0.0,465232000
2019-12-04,5.205867290496826,5.235499858856201,0.0,5.297999858856201,5.20674991607666,5.2754998207092285,0.0,273424000
2019-12-05,5.188963413238525,5.218500137329102,0.0,5.273250102996826,5.187749862670898,5.257500171661377,0.0,184884000
2019-12-06,5.274229049682617,5.3042497634887695,0.0,5.337250232696533,5.2779998779296875,5.288000106811523,0.0,232236000
2019-12-09,5.274229049682617,5.3042497634887695,0.0,5.359250068664551,5.272500038146973,5.28125,0.0,211880000
2019-12-10,5.319223403930664,5.3495001792907715,0.0,5.401500225067139,5.281499862670898,5.334499835968018,0.0,256388000
2019-12-11,5.402746677398682,5.433499813079834,0.0,5.439000129699707,5.357500076293945,5.360000133514404,0.0,233796000
2019-12-12,5.570044040679932,5.601749897003174,0.0,5.619999885559082,5.395500183105469,5.4045000076293945,0.0,404348000
2019-12-13,5.568057060241699,5.59975004196167,0.0,5.7245001792907715,5.545499801635742,5.604750156402588,0.0,454704000
2019-12-16,5.596892833709717,5.628749847412109,0.0,5.701499938964844,5.6192498207092285,5.647500038146973,0.0,320976000
2019-12-17,5.674947261810303,5.707250118255615,0.0,5.730000019073486,5.638000011444092,5.647500038146973,0.0,321196000
2019-12-18,5.705275535583496,5.737750053405762,0.0,5.798500061035156,5.733749866485596,5.742249965667725,0.0,343548000
2019-12-19,5.853182792663574,5.886499881744385,0.0,5.900000095367432,5.767499923706055,5.772500038146973,0.0,445360000
2019-12-20,5.950379848480225,5.984250068664551,0.0,6.009749889373779,5.934000015258789,5.953249931335449,0.0,603044000
2019-12-23,5.936708450317383,5.9704999923706055,0.0,6.045249938964844,5.959750175476074,6.013000011444092,0.0,355060000
2019-12-24,5.931735515594482,5.9654998779296875,0.0,5.982749938964844,5.920499801635742,5.954999923706055,0.0,138864000
2019-12-26,5.945906639099121,5.979750156402588,0.0,6.007999897003174,5.949999809265137,5.968999862670898,0.0,182852000
2019-12-27,5.888234615325928,5.921750068664551,0.0,6.008500099182129,5.895249843597412,5.994999885559082,0.0,254644000
2019-12-30,5.775127410888672,5.808000087738037,0.0,5.90500020980835,5.776500225067139,5.899750232696533,0.0,258056000
2019-12-31,5.84920597076416,5.882500171661377,0.0,5.892000198364258,5.7532501220703125,5.772500038146973,0.0,231004000
2020-01-02,5.963803768157959,5.9977498054504395,0.0,5.9977498054504395,5.918000221252441,5.96875,0.0,237536000
2020-01-03,5.86834716796875,5.901750087738037,0.0,5.9457502365112305,5.852499961853027,5.877500057220459,0.0,205384000
2020-01-06,5.892956733703613,5.926499843597412,0.0,5.9317498207092285,5.781750202178955,5.808000087738037,0.0,262636000
2020-01-07,5.964300155639648,5.9982500076293945,0.0,6.044250011444092,5.909749984741211,5.954999923706055,0.0,314856000
2020-01-08,5.975487232208252,6.009500026702881,0.0,6.051000118255615,5.953750133514404,5.99399995803833,0.0,277108000
2020-01-09,6.04111385345459,6.075500011444092,0.0,6.148250102996826,6.021500110626221,6.096250057220459,0.0,255112000
2020-01-10,6.073430061340332,6.107999801635742,0.0,6.213749885559082,6.09375,6.1832499504089355,0.0,316296000
2020-01-13,6.2638468742370605,6.299499988555908,0.0,6.324749946594238,6.168749809265137,6.191500186920166,0.0,319840000
2020-01-14,6.147011756896973,6.182000160217285,0.0,6.2820000648498535,6.168749809265137,6.256499767303467,0.0,359088000
2020-01-15,6.1045026779174805,6.139249801635742,0.0,6.217249870300293,6.113249778747559,6.19474983215332,0.0,263104000
2020-01-16,6.188028335571289,6.223249912261963,0.0,6.229249954223633,6.16949987411499,6.192999839782715,0.0,284192000
2020-01-17,6.196727275848389,6.23199987411499,0.0,6.25,6.1842498779296875,6.242499828338623,0.0,253792000
2020-01-21,6.163416862487793,6.198500156402588,0.0,6.232250213623047,6.164249897003174,6.195250034332275,0.0,217916000
2020-01-22,6.217361927032471,6.252749919891357,0.0,6.339749813079834,6.224999904632568,6.24399995803833,0.0,239240000
2020-01-23,6.2857208251953125,6.321499824523926,0.0,6.329999923706055,6.203750133514404,6.293000221252441,0.0,244516000
2020-01-24,6.22655725479126,6.26200008392334,0.0,6.487500190734863,6.207499980926514,6.4375,0.0,373512000
2020-01-27,5.971012115478516,6.005000114440918,0.0,6.056250095367432,5.805749893188477,5.955999851226807,0.0,470536000
2020-01-28,6.164163112640381,6.199250221252441,0.0,6.231750011444092,6.017749786376953,6.071249961853027,0.0,310976000
2020-01-29,6.103756427764893,6.138500213623047,0.0,6.2210001945495605,6.098499774932861,6.184750080108643,0.0,258848000
2020-01-30,6.110467910766602,6.145249843597412,0.0,6.158750057220459,5.985000133514404,6.040249824523926,0.0,290504000
2020-01-31,5.87729549407959,5.910749912261963,0.0,6.111249923706055,5.868750095367432,6.099249839782715,0.0,370420000
2020-02-03,5.974245071411133,6.0082502365112305,0.0,6.027750015258789,5.886250019073486,5.892499923706055,0.0,255564000
2020-02-04,6.143281936645508,6.178249835968018,0.0,6.197500228881836,6.100500106811523,6.150750160217285,0.0,271544000
2020-02-05,6.233517646789551,6.269000053405762,0.0,6.309999942779541,6.1852498054504395,6.299749851226807,0.0,208220000
2020-02-06,6.3202738761901855,6.356249809265137,0.0,6.356249809265137,6.2220001220703125,6.303500175476074,0.0,218284000
2020-02-07,6.254148960113525,6.289750099182129,0.0,6.338250160217285,6.264249801635742,6.315999984741211,0.0,189752000
2020-02-10,6.537040710449219,6.574250221252441,0.0,6.574999809265137,6.307499885559082,6.3125,0.0,529608000
2020-02-11,6.65934419631958,6.697249889373779,0.0,6.8125,6.6207499504089355,6.683000087738037,0.0,638556000
2020-02-12,6.774936199188232,6.813499927520752,0.0,6.820000171661377,6.711249828338623,6.750249862670898,0.0,374644000
2020-02-13,6.731185436248779,6.769499778747559,0.0,6.836999893188477,6.727749824523926,6.755249977111816,0.0,528016000
2020-02-14,7.203746318817139,7.244750022888184,0.0,7.3742499351501465,7.150000095367432,7.18149995803833,0.0,1041924000
2020-02-18,7.372285842895508,7.414249897003174,0.0,7.432750225067139,7.121500015258789,7.140999794006348,0.0,620164000
2020-02-19,7.822970390319824,7.867499828338623,0.0,7.885250091552734,7.53725004196167,7.53725004196167,0.0,694332000
2020-02-20,7.6738200187683105,7.71750020980835,0.0,7.9079999923706055,7.408750057220459,7.819250106811523,0.0,810052000
2020-02-21,7.310140132904053,7.351749897003174,0.0,7.630000114440918,7.266499996185303,7.604750156402588,0.0,768180000
2020-02-24,6.793331623077393,6.831999778747559,0.0,7.046750068664551,6.699999809265137,6.754749774932861,0.0,856916000
2020-02-25,6.514169692993164,6.551249980926514,0.0,6.969749927520752,6.448999881744385,6.90749979019165,0.0,1055496000
2020-02-26,6.653377532958984,6.691249847412109,0.0,6.886250019073486,6.550000190734863,6.551499843597412,0.0,747732000
2020-02-27,6.283014297485352,6.315000057220459,0.004,6.675000190734863,6.222249984741211,6.372499942779541,0.0,906416000
2020-02-28,6.717552185058594,6.7517499923706055,0.0,6.811500072479248,6.044750213623047,6.061500072479248,0.0,1133252000
2020-03-02,6.875746250152588,6.910749912261963,0.0,6.9397501945495605,6.525000095367432,6.922500133514404,0.0,890744000
2020-03-03,6.613582611083984,6.647250175476074,0.0,7.026750087738037,6.561500072479248,6.966750144958496,0.0,652792000
2020-03-04,7.076723098754883,7.112750053405762,0.0,7.122250080108643,6.679999828338623,6.755000114440918,0.0,597408000
2020-03-05,6.797645092010498,6.832250118255615,0.0,7.079999923706055,6.787499904632568,6.912499904632568,0.0,540328000
2020-03-06,6.617311954498291,6.651000022888184,0.0,6.709750175476074,6.449999809265137,6.6519999504089355,0.0,515412000
2020-03-09,6.104920387268066,6.136000156402588,0.0,6.485000133514404,5.954500198364258,5.997499942779541,0.0,614160000
2020-03-10,6.493940353393555,6.5269999504089355,0.0,6.5269999504089355,6.149750232696533,6.41349983215332,0.0,580648000
2020-03-11,6.130541801452637,6.161749839782715,0.0,6.414999961853027,6.0642499923706055,6.386499881744385,0.0,499964000
2020-03-12,5.380361080169678,5.407750129699707,0.0,5.9029998779296875,5.394999980926514,5.636499881744385,0.0,816540000
2020-03-13,5.99050235748291,6.020999908447266,0.0,6.0254998207092285,5.490250110626221,5.762499809265137,0.0,634836000
2020-03-16,4.885130882263184,4.909999847412109,0.0,5.652500152587891,4.849999904632568,5.3102498054504395,0.0,726972000
2020-03-17,5.404237270355225,5.4317498207092285,0.0,5.521500110626221,4.775000095367432,5.022749900817871,0.0,833632000
2020-03-18,5.044816493988037,5.070499897003174,0.0,5.248499870300293,4.517000198364258,5.002500057220459,0.0,874268000
2020-03-19,5.297284126281738,5.324250221252441,0.0,5.41825008392334,4.834750175476074,5.048999786376953,0.0,765512000
2020-03-20,5.117696762084961,5.143750190734863,0.0,5.757999897003174,5.1282501220703125,5.474999904632568,0.0,804636000
2020-03-23,5.290317535400391,5.317249774932861,0.0,5.4120001792907715,4.9629998207092285,5.142749786376953,0.0,643876000
2020-03-24,6.197947025299072,6.229499816894531,0.0,6.316500186920166,5.701250076293945,5.724999904632568,0.0,1101644000
2020-03-25,6.109396934509277,6.140500068664551,0.0,6.545499801635742,6.0914998054504395,6.34499979019165,0.0,793432000
2020-03-26,6.398426055908203,6.431000232696533,0.0,6.555500030517578,6.25,6.348499774932861,0.0,696108000
2020-03-27,6.286248683929443,6.3182501792907715,0.0,6.578000068664551,6.2170000076293945,6.25,0.0,638828000
2020-03-30,6.606118202209473,6.639750003814697,0.0,6.64900016784668,6.339749813079834,6.383999824523926,0.0,602252000
2020-03-31,6.556621074676514,6.590000152587891,0.0,6.885000228881836,6.443749904632568,6.679999828338623,0.0,949960000
2020-04-01,6.045970439910889,6.076749801635742,0.0,6.538249969482422,6.0320000648498535,6.391250133514404,0.0,656912000
2020-04-02,6.354401111602783,6.386750221252441,0.0,6.400000095367432,6.057750225067139,6.105999946594238,0.0,675764000
2020-04-03,6.066864967346191,6.097750186920166,0.0,6.390749931335449,5.959750175476074,6.348999977111816,0.0,663212000
2020-04-06,6.676013469696045,6.710000038146973,0.0,6.747000217437744,6.323249816894531,6.38100004196167,0.0,727884000
2020-04-07,6.442950248718262,6.475749969482422,0.0,6.956250190734863,6.432499885559082,6.932499885559082,0.0,784520000
2020-04-08,6.639946460723877,6.673749923706055,0.0,6.698750019073486,6.514999866485596,6.585249900817871,0.0,542444000
2020-04-09,6.540454864501953,6.573750019073486,0.0,6.822999954223633,6.510499954223633,6.800000190734863,0.0,525564000
2020-04-13,6.712080001831055,6.746250152587891,0.0,6.755000114440918,6.425000190734863,6.513750076293945,0.0,398408000
2020-04-14,7.062793731689453,7.098750114440918,0.0,7.132999897003174,6.847249984741211,6.875,0.0,530948000
2020-04-15,6.985438823699951,7.020999908447266,0.0,7.104249954223633,6.884500026702881,6.929999828338623,0.0,366148000
2020-04-16,7.330183506011963,7.367499828338623,0.0,7.474999904632568,7.163750171661377,7.177000045776367,0.0,745620000
2020-04-17,7.270984649658203,7.308000087738037,0.0,7.471499919891357,7.173500061035156,7.449999809265137,0.0,539120000
2020-04-20,7.139900207519531,7.176249980926514,0.0,7.337500095367432,7.131750106811523,7.181000232696533,0.0,449388000
2020-04-21,6.703622341156006,6.737750053405762,0.0,7.1192498207092285,6.677750110626221,7.057750225067139,0.0,735160000
2020-04-22,7.117514133453369,7.153749942779541,0.0,7.196750164031982,6.885000228881836,6.930749893188477,0.0,483356000
2020-04-23,7.064286231994629,7.100249767303467,0.0,7.328499794006348,7.074999809265137,7.196000099182129,0.0,424160000
2020-04-24,7.203080654144287,7.239749908447266,0.0,7.2417497634887695,7.014999866485596,7.090000152587891,0.0,352328000
2020-04-27,7.389382362365723,7.427000045776367,0.0,7.587500095367432,7.349999904632568,7.374750137329102,0.0,479388000
2020-04-28,7.247107028961182,7.283999919891357,0.0,7.605000019073486,7.278500080108643,7.574999809265137,0.0,442904000
2020-04-29,7.423707485198975,7.46150016784668,0.0,7.514500141143799,7.34375,7.419250011444092,0.0,379160000
2020-04-30,7.269989013671875,7.307000160217285,0.0,7.46150016784668,7.293000221252441,7.407249927520752,0.0,375916000
2020-05-01,7.033691883087158,7.069499969482422,0.0,7.222499847412109,7.020999908447266,7.108749866485596,0.0,342096000
2020-05-04,7.245365142822266,7.282249927520752,0.0,7.296000003814697,7.021999835968018,7.021999835968018,0.0,317556000
2020-05-05,7.306305408477783,7.343500137329102,0.0,7.506750106811523,7.282249927520752,7.386750221252441,0.0,368896000
2020-05-06,7.407042026519775,7.44474983215332,0.0,7.550000190734863,7.385250091552734,7.423250198364258,0.0,323464000
2020-05-07,7.583144187927246,7.6217498779296875,0.0,7.6852498054504395,7.5329999923706055,7.584499835968018,0.0,373732000
2020-05-08,7.772928714752197,7.8125,0.0,7.818749904632568,7.659749984741211,7.693749904632568,0.0,339216000
2020-05-11,8.024648666381836,8.065500259399414,0.0,8.112500190734863,7.778749942779541,7.807499885559082,0.0,469060000
2020-05-12,7.762978553771973,7.802499771118164,0.0,8.172499656677246,7.792749881744385,8.123499870300293,0.0,493060000
2020-05-13,7.740593910217285,7.78000020980835,0.0,8.078499794006348,7.594749927520752,7.917500019073486,0.0,625852000
2020-05-14,7.989825248718262,8.030500411987305,0.0,8.03600025177002,7.6875,7.841750144958496,0.0,602312000
2020-05-15,8.447745323181152,8.490750312805176,0.0,8.500499725341797,7.874000072479248,7.889750003814697,0.0,987660000
2020-05-18,8.705927848815918,8.750249862670898,0.0,8.916500091552734,8.680500030517578,8.760499954223633,0.0,774460000
2020-05-19,8.760899543762207,8.805500030517578,0.0,9.087499618530273,8.762749671936035,8.790249824523926,0.0,717320000
2020-05-20,8.924567222595215,8.970000267028809,0.0,9.043000221252441,8.888750076293945,8.991000175476074,0.0,587536000
2020-05-21,8.730804443359375,8.775250434875488,0.0,9.052499771118164,8.737500190734863,9.05150032043457,0.0,761068000
2020-05-22,8.9805326461792,9.026249885559082,0.0,9.093000411987305,8.713250160217285,8.825249671936035,0.0,1038764000
2020-05-26,8.673592567443848,8.71774959564209,0.0,9.181750297546387,8.67199993133545,9.156749725341797,0.0,770780000
2020-05-27,8.482069969177246,8.525250434875488,0.0,8.632749557495117,7.9967498779296875,8.625,0.0,1175892000
2020-05-28,8.444012641906738,8.487000465393066,0.0,8.760499954223633,8.379249572753906,8.412249565124512,0.0,734896000
2020-05-29,8.830544471740723,8.875499725341797,0.0,8.875499725341797,8.484999656677246,8.554499626159668,0.0,745256000
2020-06-01,8.761646270751953,8.806249618530273,0.0,8.840749740600586,8.689499855041504,8.833250045776367,0.0,389876000
2020-06-02,8.780550003051758,8.825249671936035,0.0,8.837249755859375,8.657999992370605,8.796250343322754,0.0,391320000
2020-06-03,8.725080490112305,8.769499778747559,0.0,8.866250038146973,8.699999809265137,8.822250366210938,0.0,365440000
2020-06-04,8.726078033447266,8.766500473022461,0.004,8.943249702453613,8.677499771118164,8.727999687194824,0.0,424280000
2020-06-05,8.878868103027344,8.920000076293945,0.0,8.996999740600586,8.708000183105469,8.794500350952148,0.0,481748000
2020-06-08,8.764400482177734,8.805000305175781,0.0,8.889749526977539,8.685750007629395,8.877249717712402,0.0,387736000
2020-06-09,9.004288673400879,9.045999526977539,0.0,9.109749794006348,8.751250267028809,8.800000190734863,0.0,468488000
2020-06-10,9.323559761047363,9.36674976348877,0.0,9.5,9.153499603271484,9.167750358581543,0.0,632180000
2020-06-11,8.75568962097168,8.796250343322754,0.0,9.261249542236328,8.78600025177002,9.149999618530273,0.0,583652000
2020-06-12,8.891313552856445,8.932499885559082,0.0,9.187250137329102,8.70324993133545,9.162500381469727,0.0,570908000
2020-06-15,9.131449699401855,9.173749923706055,0.0,9.182250022888184,8.743749618530273,8.815250396728516,0.0,400004000
2020-06-16,9.026686668395996,9.068499565124512,0.0,9.26675033569336,8.838749885559082,9.225000381469727,0.0,535716000
2020-06-17,9.193414688110352,9.236000061035156,0.0,9.298999786376953,9.070249557495117,9.113750457763672,0.0,408304000
2020-06-18,9.175498008728027,9.218000411987305,0.0,9.282500267028809,9.114500045776367,9.22700023651123,0.0,254408000
2020-06-19,9.218544006347656,9.261249542236328,0.0,9.444999694824219,9.227250099182129,9.242500305175781,0.0,524160000
2020-06-22,9.482818603515625,9.526749610900879,0.0,9.53125,9.273249626159668,9.300000190734863,0.0,398468000
2020-06-23,9.406424522399902,9.449999809265137,0.0,9.642499923706055,9.407500267028809,9.550999641418457,0.0,375108000
2020-06-24,9.192917823791504,9.23550033569336,0.0,9.556500434875488,9.144499778747559,9.476249694824219,0.0,449372000
2020-06-25,9.44624137878418,9.489999771118164,0.0,9.505000114440918,9.182250022888184,9.35575008392334,0.0,376072000
2020-06-26,9.112783432006836,9.154999732971191,0.0,9.5,9.125,9.5,0.0,592084000
2020-06-29,9.157577514648438,9.199999809265137,0.0,9.204500198364258,8.899999618530273,9.169750213623047,0.0,342248000
2020-06-30,9.45395278930664,9.497750282287598,0.0,9.526249885559082,9.266500473022461,9.314000129699707,0.0,367892000
2020-07-01,9.486055374145508,9.529999732971191,0.0,9.575750350952148,9.413000106811523,9.520750045776367,0.0,326648000
2020-07-02,9.567926406860352,9.612250328063965,0.0,9.737500190734863,9.57824993133545,9.638999938964844,0.0,364056000
2020-07-06,9.7938814163208,9.839249610900879,0.0,9.9087495803833,9.712499618530273,9.74174976348877,0.0,315892000
2020-07-07,9.8262300491333,9.871749877929688,0.0,10.069999694824219,9.850749969482422,9.946249961853027,0.0,357800000
2020-07-08,10.168891906738281,10.215999603271484,0.0,10.225000381469727,9.965499877929688,9.993749618530273,0.0,365480000
2020-07-09,10.460542678833008,10.508999824523926,0.0,10.569999694824219,10.233499526977539,10.380249977111816,0.0,494548000
2020-07-10,10.430929183959961,10.479249954223633,0.0,10.65524959564209,10.37874984741211,10.588749885559082,0.0,497676000
2020-07-13,10.005897521972656,10.052249908447266,0.0,10.79224967956543,10.024999618530273,10.595000267028809,0.0,457076000
2020-07-14,10.329150199890137,10.376999855041504,0.0,10.402750015258789,9.785499572753906,10.074999809265137,0.0,542676000
2020-07-15,10.18009090423584,10.227250099182129,0.0,10.432999610900879,10.055749893188477,10.414250373840332,0.0,403984000
2020-07-16,10.088021278381348,10.134750366210938,0.0,10.20674991607666,9.895500183105469,10.015000343322754,0.0,344964000
2020-07-17,10.154459953308105,10.201499938964844,0.0,10.248499870300293,10.087750434875488,10.225500106811523,0.0,266284000
2020-07-20,10.46228313446045,10.510749816894531,0.0,10.53125,10.156749725341797,10.274250030517578,0.0,284852000
2020-07-21,10.280875205993652,10.328499794006348,0.0,10.5600004196167,10.286749839782715,10.512999534606934,0.0,277036000
2020-07-22,10.390619277954102,10.438750267028809,0.0,10.602499961853027,10.291500091552734,10.367500305175781,0.0,367292000
2020-07-23,10.08304214477539,10.12975025177002,0.0,10.54699993133545,10.03125,10.449999809265137,0.0,411660000
2020-07-24,10.147493362426758,10.194499969482422,0.0,10.364749908447266,9.777000427246094,9.875,0.0,473292000
2020-07-27,10.373449325561523,10.421500205993652,0.0,10.441749572753906,10.21774959564209,10.232250213623047,0.0,292132000
2020-07-28,10.168395042419434,10.215499877929688,0.0,10.381999969482422,10.209250450134277,10.374250411987305,0.0,271636000
2020-07-29,10.417242050170898,10.465499877929688,0.0,10.516249656677246,10.347000122070312,10.39074993133545,0.0,284508000
2020-07-30,10.565058708190918,10.61400032043457,0.0,10.623000144958496,10.295249938964844,10.375,0.0,308880000
2020-07-31,10.565805435180664,10.614749908447266,0.0,10.766500473022461,10.432999610900879,10.563249588012695,0.0,386080000
2020-08-03,10.959482192993164,11.010250091552734,0.0,11.098750114440918,10.715250015258789,10.732500076293945,0.0,412720000
2020-08-04,11.175980567932129,11.227749824523926,0.0,11.227749824523926,10.906000137329102,11.050000190734863,0.0,310336000
2020-08-05,11.234704971313477,11.286749839782715,0.0,11.371749877929688,11.166250228881836,11.244000434875488,0.0,249924000
2020-08-06,11.283231735229492,11.33549976348877,0.0,11.357999801635742,11.178750038146973,11.349749565124512,0.0,244316000
2020-08-07,11.147860527038574,11.19950008392334,0.0,11.50475025177002,11.037500381469727,11.3125,0.0,342516000
2020-08-10,11.113517761230469,11.164999961853027,0.0,11.408249855041504,10.856499671936035,11.334250450134277,0.0,427796000
2020-08-11,10.799969673156738,10.850000381469727,0.0,11.136750221252441,10.79574966430664,11.073749542236328,0.0,354512000
2020-08-12,11.38749885559082,11.440250396728516,0.0,11.467000007629395,10.958250045776367,10.990750312805176,0.0,464412000
2020-08-13,11.390235900878906,11.442999839782715,0.0,11.721750259399414,11.35575008392334,11.545999526977539,0.0,374460000
2020-08-14,11.510676383972168,11.564000129699707,0.0,11.704750061035156,11.440500259399414,11.529999732971191,0.0,366436000
2020-08-17,12.280116081237793,12.336999893188477,0.0,12.409749984741211,11.81725025177002,11.851249694824219,0.0,621300000
2020-08-18,12.204212188720703,12.260749816894531,0.0,12.496000289916992,12.086250305175781,12.449999809265137,0.0,503448000
2020-08-19,12.082529067993164,12.138500213623047,0.0,12.3149995803833,12.097999572753906,12.296500205993652,0.0,622624000
2020-08-20,12.085016250610352,12.140999794006348,0.0,12.375,11.87874984741211,11.975000381469727,0.0,921388000
2020-08-21,12.625017166137695,12.683500289916992,0.0,12.80875015258789,12.195249557495117,12.201749801635742,0.0,999868000
2020-08-24,12.661596298217773,12.720250129699707,0.0,12.912500381469727,12.507499694824219,12.883749961853027,0.0,490564000
2020-08-25,12.69120979309082,12.75,0.0,12.761249542236328,12.573749542236328,12.630749702453613,0.0,289076000
2020-08-26,12.714102745056152,12.77299976348877,0.0,12.868499755859375,12.677749633789062,12.799249649047852,0.0,321244000
2020-08-27,12.570021629333496,12.628250122070312,0.0,12.850000381469727,12.566499710083008,12.781499862670898,0.0,317604000
2020-08-28,13.087126731872559,13.147749900817871,0.0,13.14799976348877,12.642499923706055,12.675000190734863,0.0,537160000
2020-08-31,13.31282901763916,13.374500274658203,0.0,13.574999809265137,13.037750244140625,13.18274974822998,0.0,500840000
2020-09-01,13.761384010314941,13.821000099182129,0.004,13.993749618530273,13.43649959564209,13.479999542236328,0.0,511316000
2020-09-02,14.284621238708496,14.346500396728516,0.0,14.726750373840332,13.899999618530273,14.703749656677246,0.0,874012000
2020-09-03,12.95936107635498,13.01550006866455,0.0,13.884499549865723,12.87874984741211,13.828749656677246,0.0,945128000
2020-09-04,12.568058013916016,12.6225004196167,0.0,13.175000190734863,11.704750061035156,12.7837495803833,0.0,1463684000
2020-09-08,11.861617088317871,11.913000106811523,0.0,12.550000190734863,11.70425033569336,11.73449993133545,0.0,795728000
2020-09-09,12.660157203674316,12.71500015258789,0.0,12.809249877929688,12.231749534606934,12.399999618530273,0.0,736200000
2020-09-10,12.258646011352539,12.311750411987305,0.0,13.065250396728516,12.166999816894531,12.989250183105469,0.0,698684000
2020-09-11,12.112032890319824,12.16450023651123,0.0,12.65250015258789,11.895750045776367,12.48550033569336,0.0,636928000
2020-09-14,12.816727638244629,12.872249603271484,0.0,13.3149995803833,12.631250381469727,13.081000328063965,0.0,1201744000
2020-09-15,12.934968948364258,12.991000175476074,0.0,13.298749923706055,12.827750205993652,13.279999732971191,0.0,727556000
2020-09-16,12.460522651672363,12.51449966430664,0.0,13.09274959564209,12.513750076293945,12.957249641418457,0.0,556384000
2020-09-17,12.409744262695312,12.463500022888184,0.0,12.589750289916992,12.034749984741211,12.13224983215332,0.0,792512000
2020-09-18,12.136674880981445,12.189249992370605,0.0,12.632499694824219,11.988750457763672,12.59375,0.0,698460000
2020-09-21,12.463261604309082,12.517250061035156,0.0,12.522500038146973,11.904500007629395,11.925000190734863,0.0,721044000
2020-09-22,12.58324146270752,12.637749671936035,0.0,12.64799976348877,12.155500411987305,12.574999809265137,0.0,646452000
2020-09-23,12.071455955505371,12.123749732971191,0.0,12.72700023651123,12.07925033569336,12.575499534606934,0.0,647012000
2020-09-24,12.294740676879883,12.347999572753906,0.0,12.569499969482422,12.013999938964844,12.072250366210938,0.0,731240000
2020-09-25,12.818222045898438,12.873749732971191,0.0,12.883500099182129,12.245750427246094,12.447500228881836,0.0,588016000
2020-09-28,12.978775978088379,13.03499984741211,0.0,13.051750183105469,12.75,13.040249824523926,0.0,573808000
2020-09-29,13.16870403289795,13.225749969482422,0.0,13.442749977111816,12.933250427246094,12.9375,0.0,621460000
2020-09-30,13.472139358520508,13.530500411987305,0.0,13.6225004196167,13.150250434875488,13.157500267028809,0.0,689184000
2020-10-01,13.555778503417969,13.614500045776367,0.0,13.762749671936035,13.460749626159668,13.758000373840332,0.0,525004000
2020-10-02,13.005908966064453,13.062250137329102,0.0,13.519499778747559,13.050999641418457,13.225000381469727,0.0,552496000
2020-10-05,13.58365535736084,13.642499923706055,0.0,13.64424991607666,13.222749710083008,13.236000061035156,0.0,479820000
2020-10-06,13.677250862121582,13.736499786376953,0.0,14.142000198364258,13.664999961853027,13.829999923706055,0.0,784420000
2020-10-07,13.903772354125977,13.96399974822998,0.0,14.119250297546387,13.863499641418457,13.999750137329102,0.0,418084000
2020-10-08,13.779060363769531,13.838749885559082,0.0,14.084500312805176,13.758000373840332,14.074999809265137,0.0,378900000
2020-10-09,13.703388214111328,13.762749671936035,0.0,13.824250221252441,13.660750389099121,13.767000198364258,0.0,346892000
2020-10-12,14.164637565612793,14.22599983215332,0.0,14.347000122070312,13.912500381469727,13.989500045776367,0.0,434744000
2020-10-13,14.186795234680176,14.248250007629395,0.0,14.34850025177002,14.018750190734863,14.296500205993652,0.0,344604000
2020-10-14,14.034457206726074,14.095250129699707,0.0,14.34274959564209,13.960000038146973,14.290499687194824,0.0,276100000
2020-10-15,13.909743309020996,13.970000267028809,0.0,14.005749702453613,13.767749786376953,13.810750007629395,0.0,267224000
2020-10-16,13.751927375793457,13.81149959564209,0.0,14.121500015258789,13.792499542236328,14.036749839782715,0.0,242392000
2020-10-19,13.439532279968262,13.497750282287598,0.0,13.983499526977539,13.406749725341797,13.902999877929688,0.0,298068000
2020-10-20,13.586644172668457,13.645500183105469,0.0,13.799750328063965,13.506999969482422,13.583499908447266,0.0,229212000
2020-10-21,13.466415405273438,13.524749755859375,0.0,13.791500091552734,13.477499961853027,13.625,0.0,219596000
2020-10-22,13.303370475769043,13.361000061035156,0.0,13.611749649047852,13.231749534606934,13.522500038146973,0.0,290480000
2020-10-23,13.531632423400879,13.590250015258789,0.0,13.593250274658203,13.291250228881836,13.449999809265137,0.0,233484000
2020-10-26,13.08456802368164,13.141249656677246,0.0,13.692749977111816,13.03849983215332,13.427000045776367,0.0,336896000
2020-10-27,13.338968276977539,13.396750450134277,0.0,13.442000389099121,13.191499710083008,13.305999755859375,0.0,250520000
2020-10-28,12.57253646850586,12.626999855041504,0.0,13.260000228881836,12.609000205993652,13.197999954223633,0.0,376520000
2020-10-29,12.967824935913086,13.02400016784668,0.0,13.192749977111816,12.75,12.838500022888184,0.0,320080000
2020-10-30,12.479937553405762,12.534000396728516,0.0,12.93649959564209,12.300000190734863,12.850000381469727,0.0,416820000
2020-11-02,12.52648639678955,12.580750465393066,0.0,12.836750030517578,12.395000457763672,12.657750129699707,0.0,299652000
2020-11-03,12.963340759277344,13.019499778747559,0.0,13.104999542236328,12.602749824523926,12.708499908447266,0.0,272900000
2020-11-04,13.734752655029297,13.794249534606934,0.0,13.827500343322754,13.336999893188477,13.389249801635742,0.0,410228000
2020-11-05,14.098925590515137,14.15999984741211,0.0,14.33899974822998,13.991000175476074,14.162500381469727,0.0,319028000
2020-11-06,14.499190330505371,14.562000274658203,0.0,14.588749885559082,13.895000457763672,14.109749794006348,0.0,383348000
2020-11-09,13.571956634521484,13.630749702453613,0.0,14.691499710083008,13.610750198364258,14.552499771118164,0.0,582976000
2020-11-10,12.714919090270996,12.770000457763672,0.0,13.606499671936035,12.628250122070312,13.606499671936035,0.0,644068000
2020-11-11,13.360127449035645,13.418000221252441,0.0,13.4350004196167,12.948249816894531,13.053750038146973,0.0,404744000
2020-11-12,13.398709297180176,13.45674991607666,0.0,13.765999794006348,13.315999984741211,13.479000091552734,0.0,365812000
2020-11-13,13.239645957946777,13.29699993133545,0.0,13.668749809265137,13.059249877929688,13.627249717712402,0.0,346312000
2020-11-16,13.456958770751953,13.515250205993652,0.0,13.649499893188477,13.156000137329102,13.172499656677246,0.0,413776000
2020-11-17,13.36435604095459,13.422249794006348,0.0,13.5962495803833,13.303750038146973,13.552499771118164,0.0,312028000
2020-11-18,13.370828628540039,13.428750038146973,0.0,13.60575008392334,13.1850004196167,13.465250015258789,0.0,510924000
2020-11-19,13.382280349731445,13.440250396728516,0.0,13.487500190734863,13.100000381469727,13.212750434875488,0.0,565936000
2020-11-20,13.03130054473877,13.087750434875488,0.0,13.494500160217285,13.0649995803833,13.454000473022461,0.0,341088000
2020-11-23,13.083322525024414,13.140000343322754,0.0,13.382499694824219,13.01550006866455,13.171250343322754,0.0,361356000
2020-11-24,12.901863098144531,12.95775032043457,0.0,13.161999702453613,12.885000228881836,13.142499923706055,0.0,346500000
2020-11-25,13.177668571472168,13.234749794006348,0.0,13.269499778747559,13.020000457763672,13.032500267028809,0.0,259916000
2020-11-27,13.20405101776123,13.261249542236328,0.0,13.407500267028809,13.170499801635742,13.375,0.0,167276000
2020-11-30,13.343696594238281,13.40149974822998,0.0,13.412500381469727,12.972249984741211,13.265000343322754,0.0,286952000
2020-12-01,13.332244873046875,13.390000343322754,0.0,13.5287504196167,13.228249549865723,13.492250442504883,0.0,296948000
2020-12-02,13.486080169677734,13.544500350952148,0.0,13.673500061035156,13.23425006866455,13.350500106811523,0.0,283360000
2020-12-03,13.342162132263184,13.395999908447266,0.004,13.65999984741211,13.329000473022461,13.587499618530273,0.0,199520000
2020-12-04,13.503759384155273,13.558250427246094,0.0,13.5600004196167,13.388750076293945,13.44849967956543,0.0,202244000
2020-12-07,13.552063941955566,13.606749534606934,0.0,13.731249809265137,13.5,13.601249694824219,0.0,223244000
2020-12-08,13.296345710754395,13.350000381469727,0.0,13.598750114440918,13.281499862670898,13.585000038146973,0.0,271920000
2020-12-09,12.878780364990234,12.930749893188477,0.0,13.413999557495117,12.868249893188477,13.30049991607666,0.0,401300000
2020-12-10,12.920111656188965,12.972249984741211,0.0,13.068750381469727,12.849499702453613,12.869000434875488,0.0,207764000
2020-12-11,12.960952758789062,13.013250350952148,0.0,13.020000457763672,12.822999954223633,12.967249870300293,0.0,209264000
2020-12-14,13.25525951385498,13.30875015258789,0.0,13.388750076293945,13.077500343322754,13.088000297546387,0.0,270156000
2020-12-15,13.306801795959473,13.36050033569336,0.0,13.46399974822998,13.186750411987305,13.439749717712402,0.0,193016000
2020-12-16,13.189276695251465,13.242500305175781,0.0,13.437250137329102,13.212499618530273,13.422499656677246,0.0,223116000
2020-12-17,13.287631034851074,13.3412504196167,0.0,13.379500389099121,13.178500175476074,13.36674976348877,0.0,231384000
2020-12-18,13.218660354614258,13.272000312805176,0.0,13.404999732971191,13.070500373840332,13.378999710083008,0.0,342064000
2020-12-21,13.278665542602539,13.332249641418457,0.0,13.369999885559082,12.967499732971191,13.074749946594238,0.0,302332000
2020-12-22,13.224884033203125,13.278249740600586,0.0,13.337249755859375,13.053999900817871,13.319250106811523,0.0,185580000
2020-12-23,12.956966400146484,13.009249687194824,0.0,13.274999618530273,13.005000114440918,13.255999565124512,0.0,179144000
2020-12-24,12.941527366638184,12.993749618530273,0.0,13.132499694824219,12.938750267028809,13.037249565124512,0.0,97884000
2020-12-28,12.848153114318848,12.899999618530273,0.0,13.0625,12.763250350952148,13.0625,0.0,212564000
2020-12-29,12.891230583190918,12.943249702453613,0.0,13.072500228881836,12.842249870300293,12.925000190734863,0.0,170372000
2020-12-30,13.092914581298828,13.145750045776367,0.0,13.213749885559082,12.896750450134277,12.990249633789062,0.0,225396000
2020-12-31,13.002532005310059,13.055000305175781,0.0,13.151000022888184,12.914999961853027,13.136500358581543,0.0,192424000
2021-01-04,13.060795783996582,13.113499641418457,0.0,13.65250015258789,12.962499618530273,13.104249954223633,0.0,560640000
2021-01-05,13.350874900817871,13.404749870300293,0.0,13.443499565124512,13.086999893188477,13.099749565124512,0.0,322760000
2021-01-06,12.563799858093262,12.614500045776367,0.0,13.244999885559082,12.586000442504883,13.22249984741211,0.0,580424000
2021-01-07,13.290366172790527,13.343999862670898,0.0,13.377750396728516,12.886500358581543,12.967499732971191,0.0,461480000
2021-01-08,13.223387718200684,13.276749610900879,0.0,13.420999526977539,13.041999816894531,13.362500190734863,0.0,292528000
2021-01-11,13.566753387451172,13.621500015258789,0.0,13.961000442504883,13.362500190734863,13.418749809265137,0.0,518344000
2021-01-12,13.430553436279297,13.484749794006348,0.0,13.754500389099121,13.345000267028809,13.7524995803833,0.0,291476000
2021-01-13,13.477363586425781,13.531749725341797,0.0,13.625,13.385000228881836,13.489999771118164,0.0,210028000
2021-01-14,13.147198677062988,13.200249671936035,0.0,13.599749565124512,13.180500030517578,13.574999809265137,0.0,283120000
2021-01-15,12.807817459106445,12.85949993133545,0.0,13.325249671936035,12.84850025177002,13.227999687194824,0.0,277780000
2021-01-19,12.97290325164795,13.025250434875488,0.0,13.093999862670898,12.843999862670898,13.016249656677246,0.0,226188000
2021-01-20,13.312031745910645,13.365750312805176,0.0,13.430500030517578,13.056750297546387,13.111749649047852,0.0,258572000
2021-01-21,13.811762809753418,13.867500305175781,0.0,13.999250411987305,13.253000259399414,13.418499946594238,0.0,337780000
2021-01-22,13.657387733459473,13.712499618530273,0.0,13.841750144958496,13.627249717712402,13.739999771118164,0.0,246820000
2021-01-25,13.598376274108887,13.653249740600586,0.0,13.828499794006348,13.236499786376953,13.781749725341797,0.0,251112000
2021-01-26,13.381255149841309,13.435250282287598,0.0,13.644749641418457,13.387499809265137,13.580499649047852,0.0,163980000
2021-01-27,12.86583137512207,12.917750358581543,0.0,13.232749938964844,12.793749809265137,13.229999542236328,0.0,371272000
2021-01-28,12.998546600341797,13.050999641418457,0.0,13.339750289916992,12.96049976348877,12.99625015258789,0.0,228316000
2021-01-29,12.937542915344238,12.989749908447266,0.0,13.334750175476074,12.911499977111816,13.074999809265137,0.0,271552000
2021-02-01,13.183797836303711,13.237000465393066,0.0,13.270750045776367,12.902750015258789,13.053250312805176,0.0,217204000
2021-02-02,13.502266883850098,13.556750297546387,0.0,13.571999549865723,13.285499572753906,13.398750305175781,0.0,220440000
2021-02-03,13.476119041442871,13.530500411987305,0.0,13.931750297546387,13.516500473022461,13.63599967956543,0.0,245408000
2021-02-04,13.609331130981445,13.664250373840332,0.0,13.673500061035156,13.337750434875488,13.531000137329102,0.0,201340000
2021-02-05,13.536375999450684,13.590999603271484,0.0,13.737250328063965,13.54574966430664,13.725000381469727,0.0,169152000
2021-02-08,14.380721092224121,14.438750267028809,0.0,14.473750114440918,13.727250099182129,13.727250099182129,0.0,434624000
2021-02-09,14.205927848815918,14.263250350952148,0.0,14.583250045776367,14.22249984741211,14.340749740600586,0.0,287560000
2021-02-10,14.704909324645996,14.764249801635742,0.0,14.904999732971191,14.341500282287598,14.463250160217285,0.0,485352000
2021-02-11,15.189454078674316,15.250749588012695,0.0,15.272250175476074,14.925000190734863,14.980250358581543,0.0,450828000
2021-02-12,14.90112018585205,14.961250305175781,0.0,15.291250228881836,14.774999618530273,15.050000190734863,0.0,374756000
2021-02-16,15.268635749816895,15.330249786376953,0.0,15.3725004196167,14.949999809265137,15.064249992370605,0.0,321960000
2021-02-17,14.84609317779541,14.906000137329102,0.0,15.22350025177002,14.779999732971191,15.170999526977539,0.0,274756000
2021-02-18,14.769400596618652,14.829000473022461,0.0,14.873250007629395,14.574999809265137,14.729000091552734,0.0,233868000
2021-02-19,14.866509437561035,14.92650032043457,0.0,15.177000045776367,14.846750259399414,15.024499893188477,0.0,271724000
2021-02-22,14.298053741455078,14.35575008392334,0.0,15.13325023651123,14.324999809265137,14.774749755859375,0.0,325884000
2021-02-23,14.085162162780762,14.142000198364258,0.0,14.238750457763672,13.38949966430664,14.075249671936035,0.0,391780000
2021-02-24,14.440726280212402,14.49899959564209,0.0,14.506750106811523,13.755999565124512,14.122750282287598,0.0,448320000
2021-02-25,13.254016876220703,13.307499885559082,0.0,14.374750137329102,13.2162504196167,14.045499801635742,0.0,824436000
2021-02-26,13.659379005432129,13.714500427246094,0.0,13.854499816894531,13.361000061035156,13.7524995803833,0.0,500932000
2021-03-01,13.786117553710938,13.841750144958496,0.0,13.925000190734863,13.553250312805176,13.875,0.0,353184000
2021-03-02,13.352368354797363,13.40625,0.0,13.920499801635742,13.395999908447266,13.899999618530273,0.0,264116000
2021-03-03,12.753288269042969,12.804750442504883,0.0,13.451499938964844,12.798749923706055,13.426250457763672,0.0,377592000
2021-03-04,12.32053279876709,12.37024974822998,0.0,12.975000381469727,12.083749771118164,12.800749778747559,0.0,573344000
2021-03-05,12.41141414642334,12.46150016784668,0.0,12.550000190734863,11.67924976348877,12.550000190734863,0.0,542840000
2021-03-08,11.54665470123291,11.593250274658203,0.0,12.4712495803833,11.566499710083008,12.449999809265137,0.0,543112000
2021-03-09,12.474234580993652,12.52025032043457,0.004,12.61674976348877,12.059249877929688,12.130249977111816,0.0,521824000
2021-03-10,12.422422409057617,12.468250274658203,0.0,12.979999542236328,12.457500457763672,12.840499877929688,0.0,384376000
2021-03-11,12.945744514465332,12.993499755859375,0.0,13.046250343322754,12.73449993133545,12.949999809265137,0.0,299916000
2021-03-12,12.808751106262207,12.855999946594238,0.0,12.888750076293945,12.59000015258789,12.648249626159668,0.0,243964000
2021-03-15,13.142768859863281,13.19124984741211,0.0,13.20674991607666,12.767250061035156,12.864749908447266,0.0,221988000
2021-03-16,13.242402076721191,13.291250228881836,0.0,13.512499809265137,13.11674976348877,13.356499671936035,0.0,272128000
2021-03-17,13.292217254638672,13.3412504196167,0.0,13.45324993133545,12.989500045776367,13.039750099182129,0.0,243864000
2021-03-18,12.675742149353027,12.72249984741211,0.0,13.184000015258789,12.717000007629395,13.136500358581543,0.0,293896000
2021-03-19,12.798537254333496,12.845749855041504,0.0,12.921500205993652,12.612500190734863,12.75,0.0,299208000
2021-03-22,13.137784004211426,13.186249732971191,0.0,13.394499778747559,12.906749725341797,12.912750244140625,0.0,297804000
2021-03-23,13.022711753845215,13.07075023651123,0.0,13.344499588012695,13.021249771118164,13.254249572753906,0.0,222048000
2021-03-24,12.596531867980957,12.642999649047852,0.0,13.159250259399414,12.636750221252441,13.151249885559082,0.0,245840000
2021-03-25,12.489177703857422,12.535249710083008,0.0,12.714750289916992,12.272000312805176,12.499500274658203,0.0,295144000
2021-03-26,12.792060852050781,12.839249610900879,0.0,12.856249809265137,12.373499870300293,12.554499626159668,0.0,363968000
2021-03-29,12.900660514831543,12.948249816894531,0.0,13.0625,12.699999809265137,12.820249557495117,0.0,273520000
2021-03-30,12.824442863464355,12.871749877929688,0.0,12.975250244140625,12.704999923706055,12.842000007629395,0.0,200204000
2021-03-31,13.299193382263184,13.348250389099121,0.0,13.470499992370605,12.982500076293945,13.01550006866455,0.0,314776000
2021-04-01,13.760986328125,13.811750411987305,0.0,13.869999885559082,13.511249542236328,13.572250366210938,0.0,308276000
2021-04-05,13.936092376708984,13.987500190734863,0.0,14.013999938964844,13.732999801635742,13.867500305175781,0.0,255672000
2021-04-06,13.810555458068848,13.861499786376953,0.0,14.05424976348877,13.773500442504883,13.999750137329102,0.0,191744000
2021-04-07,14.09151840209961,14.143500328063965,0.0,14.243499755859375,13.71150016784668,13.880749702453613,0.0,251284000
2021-04-08,14.264382362365723,14.317000389099121,0.0,14.471500396728516,14.24899959564209,14.252750396728516,0.0,244416000
2021-04-09,14.347075462341309,14.399999618530273,0.0,14.407999992370605,14.175000190734863,14.21399974822998,0.0,195172000
2021-04-12,15.15310287475586,15.208999633789062,0.0,15.352499961853027,14.139249801635742,14.289750099182129,0.0,869324000
2021-04-13,15.621870994567871,15.679499626159668,0.0,15.699999809265137,15.125749588012695,15.231499671936035,0.0,676212000
2021-04-14,15.22085189819336,15.277000427246094,0.0,15.720499992370605,15.227499961853027,15.625,0.0,385500000
2021-04-15,16.07794761657715,16.137250900268555,0.0,16.214250564575195,15.631500244140625,15.662500381469727,0.0,598480000
2021-04-16,15.85401725769043,15.912500381469727,0.0,16.16575050354004,15.865249633789062,16.05299949645996,0.0,335208000
2021-04-19,15.305292129516602,15.361749649047852,0.0,15.807499885559082,15.232999801635742,15.536499977111816,0.0,404420000
2021-04-20,15.115489959716797,15.171250343322754,0.0,15.496999740600586,14.963000297546387,15.323249816894531,0.0,334132000
2021-04-21,15.304048538208008,15.36050033569336,0.0,15.362500190734863,15.102250099182129,15.118749618530273,0.0,216776000
2021-04-22,14.795668601989746,14.850250244140625,0.0,15.43850040435791,14.783499717712402,15.375,0.0,277788000
2021-04-23,15.209146499633789,15.265250205993652,0.0,15.335000038146973,14.900250434875488,14.934249877929688,0.0,227500000
2021-04-26,15.421114921569824,15.477999687194824,0.0,15.479000091552734,15.125,15.1850004196167,0.0,197796000
2021-04-27,15.32521915435791,15.381750106811523,0.0,15.670499801635742,15.354499816894531,15.578499794006348,0.0,164572000
2021-04-28,15.220602989196777,15.276749610900879,0.0,15.53225040435791,15.215499877929688,15.364500045776367,0.0,209416000
2021-04-29,15.268427848815918,15.324749946594238,0.0,15.43649959564209,15.071499824523926,15.399999618530273,0.0,173196000
2021-04-30,14.95433521270752,15.009499549865723,0.0,15.364999771118164,14.996999740600586,15.174500465393066,0.0,201912000
2021-05-03,14.782220840454102,14.836750030517578,0.0,15.246749877929688,14.787500381469727,15.125,0.0,203912000
2021-05-04,14.298505783081055,14.351249694824219,0.0,14.637499809265137,14.010250091552734,14.637249946594238,0.0,405324000
2021-05-05,14.405356407165527,14.458499908447266,0.0,14.81350040435791,14.387499809265137,14.708999633789062,0.0,292024000
2021-05-06,14.469626426696777,14.52299976348877,0.0,14.571249961853027,14.218000411987305,14.49524974822998,0.0,193380000
2021-05-07,14.757813453674316,14.812250137329102,0.0,14.970749855041504,14.67175006866455,14.808250427246094,0.0,229328000
2021-05-10,14.213318824768066,14.26574993133545,0.0,14.805999755859375,14.25,14.787249565124512,0.0,268904000
2021-05-11,14.253667831420898,14.306249618530273,0.0,14.35474967956543,13.75,13.824999809265137,0.0,285584000
2021-05-12,13.707934379577637,13.758500099182129,0.0,14.260250091552734,13.709250450134277,14.009499549865723,0.0,303408000
2021-05-13,13.615026473999023,13.665249824523926,0.0,14.080750465393066,13.458999633789062,14.0337495803833,0.0,285404000
2021-05-14,14.190651893615723,14.243000030517578,0.0,14.32800006866455,13.748499870300293,13.890000343322754,0.0,258616000
2021-05-17,14.113439559936523,14.165499687194824,0.0,14.169249534606934,13.853500366210938,14.156999588012695,0.0,216980000
2021-05-18,13.96423625946045,14.01574993133545,0.0,14.404250144958496,14.003999710083008,14.267000198364258,0.0,186256000
2021-05-19,14.014055252075195,14.065750122070312,0.0,14.079500198364258,13.54325008392334,13.566499710083008,0.0,344000000
2021-05-20,14.558794021606445,14.612500190734863,0.0,14.68375015258789,14.270500183105469,14.302499771118164,0.0,321592000
2021-05-21,14.936649322509766,14.99174976348877,0.0,15.222000122070312,14.869500160217285,15.163749694824219,0.0,672992000
2021-05-24,15.554621696472168,15.612000465393066,0.0,15.744999885559082,15.175999641418457,15.212499618530273,0.0,554816000
2021-05-25,15.590238571166992,15.647749900817871,0.0,15.818499565124512,15.482500076293945,15.765999794006348,0.0,435408000
2021-05-26,15.64229679107666,15.699999809265137,0.0,15.793749809265137,15.586250305175781,15.73425006866455,0.0,370440000
2021-05-27,15.431077003479004,15.48799991607666,0.0,15.75,15.460000038146973,15.699749946594238,0.0,581476000
2021-05-28,16.184795379638672,16.24449920654297,0.0,16.27750015258789,15.50100040435791,15.50100040435791,0.0,644536000
2021-06-01,16.20472526550293,16.26449966430664,0.0,16.38825035095215,15.903249740600586,16.270000457763672,0.0,472804000
2021-06-02,16.716583251953125,16.778249740600586,0.0,16.918750762939453,16.23550033569336,16.25225067138672,0.0,594168000
2021-06-03,16.907379150390625,16.969749450683594,0.0,17.259000778198242,16.58300018310547,16.70075035095215,0.0,580008000
2021-06-04,17.513647079467773,17.578250885009766,0.0,17.660999298095703,17.095500946044922,17.112499237060547,0.0,617120000
2021-06-07,17.55424690246582,17.618999481201172,0.0,17.8125,17.192750930786133,17.571250915527344,0.0,575756000
2021-06-08,17.392839431762695,17.457000732421875,0.0,17.62150001525879,17.250999450683594,17.527250289916992,0.0,323848000
2021-06-09,17.298416137695312,17.35824966430664,0.004,17.575000762939453,17.25575065612793,17.515750885009766,0.0,381656000
2021-06-10,17.36493492126465,17.424999237060547,0.0,17.492000579833984,17.176000595092773,17.350000381469727,0.0,287772000
2021-06-11,17.76380729675293,17.82525062561035,0.0,17.939250946044922,17.443750381469727,17.47949981689453,0.0,416308000
2021-06-14,17.956640243530273,18.018749237060547,0.0,18.039499282836914,17.662750244140625,17.9060001373291,0.0,321376000
2021-06-15,17.727182388305664,17.78849983215332,0.0,18.016250610351562,17.72800064086914,17.915000915527344,0.0,243032000
2021-06-16,17.748857498168945,17.81024932861328,0.0,17.954750061035156,17.58449935913086,17.79075050354004,0.0,307124000
2021-06-17,18.592941284179688,18.657249450683594,0.0,18.834999084472656,17.756250381469727,17.774499893188477,0.0,809656000
2021-06-18,18.574506759643555,18.638750076293945,0.0,19.375,18.583999633789062,18.784000396728516,0.0,968856000
2021-06-21,18.363731384277344,18.427249908447266,0.0,18.536500930786133,17.822750091552734,18.43524932861328,0.0,672384000
2021-06-22,18.821645736694336,18.886749267578125,0.0,18.9637508392334,18.38599967956543,18.471500396728516,0.0,580144000
2021-06-23,18.991558074951172,19.057249069213867,0.0,19.15275001525879,18.90774917602539,19.007749557495117,0.0,332356000
2021-06-24,19.139297485351562,19.20549964904785,0.0,19.420000076293945,19.08824920654297,19.227750778198242,0.0,320924000
2021-06-25,18.96539878845215,19.0310001373291,0.0,19.345500946044922,18.894500732421875,19.280500411987305,0.0,278364000
2021-06-28,19.916114807128906,19.985000610351562,0.0,20.078750610351562,19.319000244140625,19.361249923706055,0.0,495436000
2021-06-29,19.957717895507812,20.026750564575195,0.0,20.0987491607666,19.656999588012695,19.88249969482422,0.0,367632000
2021-06-30,19.933547973632812,20.002500534057617,0.0,20.162500381469727,19.863750457763672,19.999250411987305,0.0,326568000
2021-07-01,20.142330169677734,20.211999893188477,0.0,20.45599937438965,20.018999099731445,20.125,0.0,480136000
2021-07-02,20.416383743286133,20.48699951171875,0.0,20.505250930786133,20.287750244140625,20.440250396728516,0.0,342764000
2021-07-06,20.62714958190918,20.69849967956543,0.0,20.841999053955078,20.350250244140625,20.737499237060547,0.0,446708000
2021-07-07,20.30152702331543,20.371749877929688,0.0,20.875,20.332000732421875,20.853500366210938,0.0,418428000
2021-07-08,19.834144592285156,19.90275001525879,0.0,20.132999420166016,19.70075035095215,19.85650062561035,0.0,503300000
2021-07-09,19.981138229370117,20.050249099731445,0.0,20.080249786376953,19.754249572753906,19.962499618530273,0.0,296624000
2021-07-12,20.44179344177246,20.512500762939453,0.0,20.53274917602539,20.1877498626709,20.239999771118164,0.0,321984000
2021-07-13,20.180194854736328,20.25,0.0,20.46125030517578,20.11400032043457,20.40049934387207,0.0,290708000
2021-07-14,19.773107528686523,19.84149932861328,0.0,20.417749404907227,19.752750396728516,20.357749938964844,0.0,380100000
2021-07-15,18.9008731842041,18.966249465942383,0.0,19.847000122070312,18.85849952697754,19.811750411987305,0.0,550564000
2021-07-16,18.098398208618164,18.160999298095703,0.0,19.156999588012695,18.072999954223633,19.030500411987305,0.0,688224000
2021-07-19,18.715015411376953,18.77975082397461,0.0,19.04199981689453,17.86549949645996,17.915250778198242,0.0,749060000
2021-07-20,18.5478458404541,18.61199951171875,0.0,18.83799934387207,18.163999557495117,18.729999542236328,4.0,434687000
2021-07-21,19.343093872070312,19.40999984741211,0.0,19.527000427246094,18.742000579833984,18.881999969482422,0.0,371017000
2021-07-22,19.526460647583008,19.5939998626709,0.0,19.886999130249023,19.275999069213867,19.642000198364258,0.0,323826000
2021-07-23,19.490581512451172,19.558000564575195,0.0,19.700000762939453,19.25,19.6560001373291,0.0,195672000
2021-07-26,19.227493286132812,19.29400062561035,0.0,19.441999435424805,18.913999557495117,19.31100082397461,0.0,203943000
2021-07-27,19.141794204711914,19.20800018310547,0.0,19.621999740600586,18.740999221801758,19.264999389648438,0.0,248863000
2021-07-28,19.435773849487305,19.503000259399414,0.0,19.645999908447266,18.9950008392334,19.319000244140625,0.0,202191000
2021-07-29,19.59422492980957,19.66200065612793,0.0,19.85300064086914,19.327999114990234,19.518999099731445,0.0,190781000
2021-07-30,19.431791305541992,19.499000549316406,0.0,19.6299991607666,19.26300048828125,19.417999267578125,0.0,183497000
2021-08-02,19.68192481994629,19.75,0.0,19.961000442504883,19.361000061035156,19.700000762939453,0.0,217444000
2021-08-03,19.7467041015625,19.815000534057617,0.0,20.222000122070312,19.219999313354492,19.739999771118164,0.0,301811000
2021-08-04,20.20411491394043,20.27400016784668,0.0,20.31800079345703,19.827999114990234,19.989999771118164,0.0,231309000
2021-08-05,20.565860748291016,20.636999130249023,0.0,20.732999801635742,20.341999053955078,20.5,0.0,211435000
2021-08-06,20.295801162719727,20.365999221801758,0.0,20.56999969482422,20.209999084472656,20.52400016784668,0.0,178497000
2021-08-09,20.22504234313965,20.295000076293945,0.0,20.507999420166016,20.14299964904785,20.445999145507812,0.0,146443000
2021-08-10,19.867277145385742,19.93600082397461,0.0,20.43000030517578,19.834999084472656,20.32200050354004,0.0,179238000
2021-08-11,19.631099700927734,19.698999404907227,0.0,20.048999786376953,19.43000030517578,20.042999267578125,0.0,185925000
2021-08-12,19.83639144897461,19.905000686645508,0.0,20.02899932861328,19.6200008392334,19.8700008392334,0.0,151652000
2021-08-13,20.11841583251953,20.187999725341797,0.0,20.214000701904297,19.85099983215332,19.905000686645508,0.0,183063000
2021-08-16,19.88123321533203,19.950000762939453,0.0,20.28700065612793,19.452999114990234,20.135000228881836,0.0,210876000
2021-08-17,19.390932083129883,19.45800018310547,0.0,19.770000457763672,19.267000198364258,19.684999465942383,0.0,204585000
2021-08-18,18.9743709564209,19.040000915527344,0.0,19.634000778198242,19.0,19.5,0.0,285913000
2021-08-19,19.72975730895996,19.79800033569336,0.0,20.4950008392334,18.761999130249023,19.493999481201172,0.0,766555000
2021-08-20,20.74424934387207,20.81599998474121,0.0,20.864999771118164,19.933000564575195,19.990999221801758,0.0,675741000
2021-08-23,21.882312774658203,21.95800018310547,0.0,21.996999740600586,20.950000762939453,20.97100067138672,0.0,575807000
2021-08-24,21.717878341674805,21.792999267578125,0.0,21.958999633789062,21.53499984741211,21.753000259399414,0.0,297299000
2021-08-25,22.136432647705078,22.21299934387207,0.0,22.469999313354492,21.722000122070312,21.73699951171875,0.0,347701000
2021-08-26,21.991933822631836,22.06800079345703,0.0,22.34000015258789,21.790000915527344,22.200000762939453,0.0,237940000
2021-08-27,22.557971954345703,22.63599967956543,0.0,22.722000122070312,22.16699981689453,22.18400001525879,0.0,304722000
2021-08-30,22.60979461669922,22.687999725341797,0.0,23.042999267578125,22.551000595092773,22.829999923706055,0.0,262580000
2021-08-31,22.3117733001709,22.385000228881836,0.004,22.69499969482422,22.1200008392334,22.69499969482422,0.0,259850000
2021-09-01,22.367589950561523,22.44099998474121,0.0,22.69700050354004,22.35700035095215,22.485000610351562,0.0,201767000
2021-09-02,22.32273292541504,22.395999908447266,0.0,22.593000411987305,22.295000076293945,22.51799964904785,0.0,187834000
2021-09-03,22.768274307250977,22.843000411987305,0.0,22.986000061035156,22.200000762939453,22.325000762939453,0.0,280532000
2021-09-07,22.587867736816406,22.66200065612793,0.0,22.89900016784668,22.52199935913086,22.83300018310547,0.0,198107000
2021-09-08,22.26592254638672,22.339000701904297,0.0,22.610000610351562,21.976999282836914,22.51300048828125,0.0,254434000
2021-09-09,22.104455947875977,22.177000045776367,0.0,22.538000106811523,22.131000518798828,22.312000274658203,0.0,196856000
2021-09-10,22.40447235107422,22.47800064086914,0.0,22.625999450683594,22.270000457763672,22.347999572753906,0.0,248376000
2021-09-13,22.07953643798828,22.152000427246094,0.0,22.964000701904297,21.857999801635742,22.68400001525879,0.0,297500000
2021-09-14,22.169240951538086,22.242000579833984,0.0,22.40999984741211,22.086000442504883,22.274999618530273,0.0,199755000
2021-09-15,22.267919540405273,22.340999603271484,0.0,22.367000579833984,21.965999603271484,22.30900001525879,0.0,166538000
2021-09-16,22.169240951538086,22.242000579833984,0.0,22.277000427246094,21.927000045776367,22.183000564575195,0.0,156033000
2021-09-17,21.828357696533203,21.899999618530273,0.0,22.320999145507812,21.829999923706055,22.299999237060547,0.0,294503000
2021-09-20,21.04393768310547,21.113000869750977,0.0,21.433000564575195,20.66200065612793,21.145999908447266,0.0,349440000
2021-09-21,21.176504135131836,21.246000289916992,0.0,21.424999237060547,20.950000762939453,21.41699981689453,0.0,204688000
2021-09-22,21.869226455688477,21.94099998474121,0.0,21.959999084472656,21.195999145507812,21.365999221801758,0.0,268726000
2021-09-23,22.408458709716797,22.48200035095215,0.0,22.53499984741211,21.889999389648438,22.139999389648438,0.0,248555000
2021-09-24,22.008766174316406,22.08099937438965,0.0,22.14900016784668,21.861000061035156,22.06999969482422,0.0,217655000
2021-09-27,21.589143753051758,21.65999984741211,0.0,21.798999786376953,21.325000762939453,21.709999084472656,0.0,245215000
2021-09-28,20.63128662109375,20.698999404907227,0.0,21.41900062561035,20.650999069213867,21.214000701904297,0.0,343069000
2021-09-29,20.44988250732422,20.517000198364258,0.0,21.017000198364258,20.466999053955078,20.940000534057617,0.0,218394000
2021-09-30,20.648235321044922,20.715999603271484,0.0,21.06599998474121,20.687999725341797,20.76799964904785,0.0,221009000
2021-10-01,20.674150466918945,20.742000579833984,0.0,20.858999252319336,20.202999114990234,20.75,0.0,240978000
2021-10-04,19.667451858520508,19.73200035095215,0.0,20.54199981689453,19.55500030517578,20.503999710083008,0.0,345635000
2021-10-05,20.38409996032715,20.451000213623047,0.0,20.648000717163086,19.854000091552734,19.950000762939453,0.0,279282000
2021-10-06,20.632286071777344,20.700000762939453,0.0,20.719999313354492,20.079999923706055,20.1200008392334,0.0,297202000
2021-10-07,21.006057739257812,21.075000762939453,0.0,21.32200050354004,20.972000122070312,21.091999053955078,0.0,256919000
2021-10-08,20.762859344482422,20.83099937438965,0.0,21.20599937438965,20.774999618530273,21.10099983215332,0.0,151258000
2021-10-11,20.627300262451172,20.69499969482422,0.0,21.062999725341797,20.51099967956543,20.575000762939453,0.0,163388000
2021-10-12,20.60338020324707,20.67099952697754,0.0,21.05699920654297,20.527999877929688,20.827999114990234,0.0,162134000
2021-10-13,20.87050437927246,20.93899917602539,0.0,20.989999771118164,20.71299934387207,20.917999267578125,0.0,180652000
2021-10-14,21.67486000061035,21.746000289916992,0.0,21.7549991607666,21.121999740600586,21.288000106811523,0.0,243589000
2021-10-15,21.790481567382812,21.86199951171875,0.0,21.930999755859375,21.66200065612793,21.809999465942383,0.0,226994000
2021-10-18,22.149311065673828,22.222000122070312,0.0,22.291000366210938,21.643999099731445,21.749000549316406,0.0,189494000
2021-10-19,22.217090606689453,22.290000915527344,0.0,22.378999710083008,22.03700065612793,22.275999069213867,0.0,161473000
2021-10-20,22.03069496154785,22.10300064086914,0.0,22.433000564575195,21.98200035095215,22.30500030517578,0.0,146276000
2021-10-21,22.617767333984375,22.691999435424805,0.0,22.711000442504883,22.08300018310547,22.097000122070312,0.0,187590000
2021-10-22,22.65165901184082,22.72599983215332,0.0,23.1299991607666,22.56100082397461,22.822999954223633,0.0,249384000
2021-10-25,23.090219497680664,23.166000366210938,0.0,23.354999542236328,22.770000457763672,22.972999572753906,0.0,230235000
2021-10-26,24.636140823364258,24.716999053955078,0.0,25.259000778198242,23.923999786376953,23.98900032043457,0.0,485898000
2021-10-27,24.37101936340332,24.451000213623047,0.0,25.09000015258789,24.281999588012695,24.474000930786133,0.0,245990000
2021-10-28,24.859411239624023,24.94099998474121,0.0,24.950000762939453,24.523000717163086,24.878000259399414,0.0,234204000
2021-10-29,25.483362197875977,25.566999435424805,0.0,25.708999633789062,25.0,25.000999450683594,0.0,292503000
2021-11-01,25.742509841918945,25.82699966430664,0.0,25.893999099731445,25.226999282836914,25.64900016784668,0.0,265740000
2021-11-02,26.314634323120117,26.400999069213867,0.0,26.67799949645996,25.799999237060547,25.82200050354004,0.0,294112000
2021-11-03,26.5109920501709,26.597999572753906,0.0,26.784000396728516,26.235000610351562,26.670000076293945,0.0,239910000
2021-11-04,29.703510284423828,29.801000595092773,0.0,31.364999771118164,27.118000030517578,27.229000091552734,0.0,1153631000
2021-11-05,29.65467643737793,29.75200080871582,0.0,31.399999618530273,29.40999984741211,30.187000274658203,0.0,851260000
2021-11-08,30.703235626220703,30.804000854492188,0.0,31.100000381469727,29.906999588012695,30.14900016784668,0.0,503101000
2021-11-09,30.556713104248047,30.656999588012695,0.0,32.310001373291016,29.964000701904297,32.28200149536133,0.0,646746000
2021-11-10,29.36263084411621,29.458999633789062,0.0,30.850000381469727,28.777999877929688,29.356000900268555,0.0,636206000
2021-11-11,30.290590286254883,30.389999389648438,0.0,30.59000015258789,29.777000427246094,30.468000411987305,0.0,332172000
2021-11-12,30.290590286254883,30.389999389648438,0.0,30.68000030517578,29.6299991607666,30.010000228881836,0.0,413054000
2021-11-15,29.926780700683594,30.024999618530273,0.0,30.643999099731445,29.246999740600586,30.552000045776367,0.0,384909000
2021-11-16,30.10420036315918,30.202999114990234,0.0,30.389999389648438,29.70599937438965,29.759000778198242,0.0,264484000
2021-11-17,29.165281295776367,29.26099967956543,0.0,30.509000778198242,28.799999237060547,30.417999267578125,0.0,428508000
2021-11-18,31.57138442993164,31.674999237060547,0.0,32.7599983215332,31.320999145507812,32.367000579833984,0.0,781711000
2021-11-19,32.87710189819336,32.98500061035156,0.0,33.0880012512207,31.905000686645508,32.24300003051758,0.0,533867000
2021-11-22,31.85146713256836,31.95599937438965,0.0,34.64699935913086,31.899999618530273,33.516998291015625,0.0,754335000
2021-11-23,31.64215087890625,31.746000289916992,0.0,32.36000061035156,30.8799991607666,31.53499984741211,0.0,532163000
2021-11-24,32.567115783691406,32.67399978637695,0.0,32.85499954223633,30.92799949645996,31.461000442504883,0.0,435162000
2021-11-26,31.399946212768555,31.503000259399414,0.0,32.709999084472656,31.350000381469727,32.599998474121094,0.0,283069000
2021-11-29,33.26681900024414,33.375999450683594,0.0,33.4119987487793,32.0359992980957,32.36600112915039,0.0,454964000
2021-11-30,32.5691032409668,32.67599868774414,0.0,33.35300064086914,31.86400032043457,33.16899871826172,0.0,622066000
2021-12-01,31.336000442504883,31.434999465942383,0.004,33.28900146484375,31.3799991607666,33.21900177001953,0.0,484368000
2021-12-02,32.02482604980469,32.125999450683594,0.0,32.47800064086914,31.024999618530273,31.214000701904297,0.0,472890000
2021-12-03,30.596343994140625,30.69300079345703,0.0,32.12900161743164,30.1299991607666,32.0,0.0,544325000
2021-12-06,29.942411422729492,30.03700065612793,0.0,30.240999221801758,28.038000106811523,29.8799991607666,0.0,658938000
2021-12-07,32.32488250732422,32.426998138427734,0.0,32.44900131225586,30.650999069213867,30.957000732421875,0.0,593053000
2021-12-08,31.725772857666016,31.826000213623047,0.0,32.290000915527344,31.42099952697754,31.999000549316406,0.0,475551000
2021-12-09,30.393985748291016,30.489999771118164,0.0,32.20500183105469,30.42799949645996,31.733999252319336,0.0,488507000
2021-12-10,30.102903366088867,30.197999954223633,0.0,31.30500030517578,29.861000061035156,31.149999618530273,0.0,488825000
2021-12-13,28.072315216064453,28.160999298095703,0.0,30.29400062561035,28.115999221801758,30.249000549316406,0.0,598344000
2021-12-14,28.247758865356445,28.336999893188477,0.0,28.67799949645996,27.25,27.698999404907227,0.0,667035000
2021-12-15,30.363079071044922,30.458999633789062,0.0,30.5,27.83799934387207,28.399999618530273,0.0,698297000
2021-12-16,28.297605514526367,28.386999130249023,0.0,31.15999984741211,28.093000411987305,31.152000427246094,0.0,707366000
2021-12-17,27.71344757080078,27.801000595092773,0.0,28.922000885009766,27.760000228881836,27.985000610351562,0.0,713758000
2021-12-20,27.6317081451416,27.7189998626709,0.0,28.143999099731445,27.145000457763672,27.30500030517578,0.0,461847000
2021-12-21,28.98343849182129,29.075000762939453,0.0,29.1200008392334,27.400999069213867,28.374000549316406,0.0,524385000
2021-12-22,29.307415008544922,29.399999618530273,0.0,29.55500030517578,28.448999404907227,28.891000747680664,0.0,395184000
2021-12-23,29.546661376953125,29.639999389648438,0.0,30.05900001525879,29.430999755859375,29.7549991607666,0.0,343022000
2021-12-27,30.847545623779297,30.94499969482422,0.0,31.086999893188477,29.639999389648438,29.65999984741211,0.0,403686000
2021-12-28,30.22650909423828,30.32200050354004,0.0,31.329999923706055,30.011999130249023,31.312000274658203,0.0,420591000
2021-12-29,29.906522750854492,30.000999450683594,0.0,30.54800033569336,29.365999221801758,30.273000717163086,0.0,343139000
2021-12-30,29.492826461791992,29.586000442504883,0.0,30.457000732421875,29.540000915527344,29.82699966430664,0.0,308864000
2021-12-31,29.318378448486328,29.410999298095703,0.0,30.030000686645508,29.33099937438965,29.673999786376953,0.0,266530000
2022-01-03,30.026140213012695,30.121000289916992,0.0,30.711000442504883,29.78499984741211,29.815000534057617,0.0,391547000
2022-01-04,29.19776153564453,29.290000915527344,0.0,30.468000411987305,28.349000930786133,30.277000427246094,0.0,527154000
2022-01-05,27.51706886291504,27.604000091552734,0.0,29.416000366210938,27.533000946044922,28.948999404907227,0.0,498064000
2022-01-06,28.08926010131836,28.17799949645996,0.0,28.437999725341797,27.065000534057617,27.639999389648438,0.0,454186000
2022-01-07,27.16119384765625,27.246999740600586,0.0,28.422000885009766,27.05699920654297,28.141000747680664,0.0,409939000
2022-01-10,27.313711166381836,27.399999618530273,0.0,27.4689998626709,25.643999099731445,26.58099937438965,0.0,594681000
2022-01-11,27.729389190673828,27.816999435424805,0.0,28.065000534057617,26.839000701904297,27.322999954223633,0.0,404089000
2022-01-12,27.910829544067383,27.999000549316406,0.0,28.594999313354492,27.607999801635742,28.066999435424805,0.0,383413000
2022-01-13,26.49131202697754,26.575000762939453,0.0,28.479999542236328,26.49799919128418,28.378999710083008,0.0,540171000
2022-01-14,26.857154846191406,26.941999435424805,0.0,27.19700050354004,26.209999084472656,26.299999237060547,0.0,395832000
2022-01-18,25.821426391601562,25.902999877929688,0.0,26.63800048828125,25.770000457763672,26.260000228881836,0.0,424270000
2022-01-19,24.98805809020996,25.066999435424805,0.0,26.542999267578125,25.052000045776367,26.07900047302246,0.0,488315000
2022-01-20,24.07394790649414,24.149999618530273,0.0,25.57900047302246,24.077999114990234,25.304000854492188,0.0,435181000
2022-01-21,23.300390243530273,23.374000549316406,0.0,24.822999954223633,23.26300048828125,23.506999969482422,0.0,718958000
2022-01-24,23.298397064208984,23.371999740600586,0.0,23.3799991607666,20.88800048828125,22.329999923706055,0.0,913982000
2022-01-25,22.253698348999023,22.323999404907227,0.0,22.94300079345703,22.0,22.54599952697754,0.0,664616000
2022-01-26,22.700281143188477,22.77199935913086,0.0,24.05699920654297,22.299999237060547,23.239999771118164,0.0,755959000
2022-01-27,21.87489128112793,21.944000244140625,0.0,23.9950008392334,21.674999237060547,23.56800079345703,0.0,573353000
2022-01-28,22.7680721282959,22.84000015258789,0.0,22.857999801635742,21.29599952697754,22.011999130249023,0.0,543774000
2022-01-31,24.408891677856445,24.486000061035156,0.0,24.509000778198242,23.052000045776367,23.18199920654297,0.0,564680000
2022-02-01,24.560409545898438,24.63800048828125,0.0,25.145000457763672,23.889999389648438,25.104000091552734,0.0,518925000
2022-02-02,25.162508010864258,25.242000579833984,0.0,25.816999435424805,24.55299949645996,25.79400062561035,0.0,543419000
2022-02-03,23.87258529663086,23.947999954223633,0.0,25.07699966430664,23.780000686645508,24.45800018310547,0.0,410178000
2022-02-04,24.242412567138672,24.319000244140625,0.0,24.635000228881836,23.631999969482422,23.972000122070312,0.0,354829000
2022-02-07,24.650129318237305,24.72800064086914,0.0,25.18199920654297,24.20199966430664,24.371999740600586,0.0,376868000
2022-02-08,25.028932571411133,25.107999801635742,0.0,25.229999542236328,23.979999542236328,24.358999252319336,0.0,410359000
2022-02-09,26.620899200439453,26.704999923706055,0.0,26.725000381469727,25.35300064086914,25.621999740600586,0.0,524282000
2022-02-10,25.742673873901367,25.823999404907227,0.0,26.924999237060547,25.600000381469727,25.9950008392334,0.0,513200000
2022-02-11,23.873580932617188,23.948999404907227,0.0,26.152000427246094,23.773000717163086,25.916000366210938,0.0,605472000
2022-02-14,24.190580368041992,24.267000198364258,0.0,24.875,23.7549991607666,23.93400001525879,0.0,440424000
2022-02-15,26.411561965942383,26.4950008392334,0.0,26.545000076293945,24.784000396728516,24.948999404907227,0.0,699869000
2022-02-16,26.427509307861328,26.51099967956543,0.0,26.582000732421875,25.552000045776367,26.259000778198242,0.0,732676000
2022-02-17,24.429826736450195,24.506999969482422,0.0,25.78499984741211,24.165000915527344,25.6299991607666,0.0,810595000
2022-02-18,23.567548751831055,23.642000198364258,0.0,24.986000061035156,23.100000381469727,24.667999267578125,0.0,761255000
2022-02-22,23.316341400146484,23.389999389648438,0.0,24.06399917602539,23.0,23.03499984741211,0.0,633422000
2022-02-23,22.316499710083008,22.386999130249023,0.0,24.155000686645508,22.301000595092773,23.802000045776367,0.0,566511000
2022-02-24,23.6732120513916,23.74799919128418,0.0,23.799999237060547,20.889999389648438,21.014999389648438,0.0,735801000
2022-02-25,24.08092498779297,24.156999588012695,0.0,24.216999053955078,23.381000518798828,23.72100067138672,0.0,528866000
2022-02-28,24.30820655822754,24.385000228881836,0.0,24.665000915527344,23.707000732421875,23.992000579833984,0.0,477319000
2022-03-01,23.403064727783203,23.476999282836914,0.0,24.37700080871582,23.131999969482422,24.291000366210938,0.0,412056000
2022-03-02,24.14784049987793,24.219999313354492,0.004,24.409000396728516,23.415000915527344,23.756000518798828,0.0,389642000
2022-03-03,23.643346786499023,23.714000701904297,0.0,24.326000213623047,23.4689998626709,24.261999130249023,0.0,365095000
2022-03-04,22.867664337158203,22.93600082397461,0.0,23.68000030517578,22.48200035095215,23.384000778198242,0.0,431415000
2022-03-07,21.28838539123535,21.351999282836914,0.0,23.033000946044922,21.329999923706055,22.816999435424805,0.0,450821000
2022-03-08,21.44990348815918,21.513999938964844,0.0,22.37299919128418,20.649999618530273,21.30900001525879,0.0,557467000
2022-03-09,22.945430755615234,23.013999938964844,0.0,23.219999313354492,22.246999740600586,22.386999130249023,0.0,492742000
2022-03-10,22.590492248535156,22.658000946044922,0.0,22.788000106811523,21.881999969482422,22.5310001373291,0.0,428066000
2022-03-11,22.034154891967773,22.100000381469727,0.0,23.145000457763672,22.04599952697754,23.02199935913086,0.0,367209000
2022-03-14,21.266447067260742,21.329999923706055,0.0,22.261999130249023,21.159000396728516,21.868999481201172,0.0,385354000
2022-03-15,22.90455436706543,22.972999572753906,0.0,23.038000106811523,21.32200050354004,21.51799964904785,0.0,491996000
2022-03-16,24.423017501831055,24.496000289916992,0.0,24.597000122070312,23.172000885009766,23.5,0.0,671422000
2022-03-17,24.692209243774414,24.766000747680664,0.0,24.841999053955078,23.9060001373291,24.1200008392334,0.0,471941000
2022-03-18,26.37418556213379,26.452999114990234,0.0,26.569000244140625,24.624000549316406,24.798999786376953,0.0,730719000
2022-03-21,26.65435218811035,26.733999252319336,0.0,27.152000427246094,25.966999053955078,26.506999969482422,0.0,591727000
2022-03-22,26.444974899291992,26.52400016784668,0.0,27.238000869750977,26.07200050354004,26.726999282836914,0.0,547007000
2022-03-23,25.557628631591797,25.634000778198242,0.0,26.61199951171875,25.575000762939453,26.125999450683594,0.0,502120000
2022-03-24,28.06612777709961,28.149999618530273,0.0,28.31999969482422,25.906999588012695,26.166000366210938,0.0,877379000
2022-03-25,27.609498977661133,27.691999435424805,0.0,28.357999801635742,27.270999908447266,27.88599967956543,0.0,579016000
2022-03-28,28.13492774963379,28.2189998626709,0.0,28.25,27.20599937438965,27.756000518798828,0.0,425494000
2022-03-29,28.57062339782715,28.6560001373291,0.0,28.945999145507812,27.979999542236328,28.69499969482422,0.0,488984000
2022-03-30,27.607505798339844,27.690000534057617,0.0,28.496000289916992,27.503000259399414,28.304000854492188,0.0,463487000
2022-03-31,27.20470428466797,27.285999298095703,0.0,28.24799919128418,27.270000457763672,27.781999588012695,0.0,523440000
2022-04-01,26.632417678833008,26.711999893188477,0.0,27.496000289916992,26.267000198364258,27.375,0.0,517235000
2022-04-04,27.278484344482422,27.360000610351562,0.0,27.558000564575195,26.613000869750977,26.72800064086914,0.0,397120000
2022-04-05,25.85373878479004,25.930999755859375,0.0,27.319000244140625,25.81999969482422,27.253999710083008,0.0,436615000
2022-04-06,24.334285736083984,24.406999588012695,0.0,25.299999237060547,24.003000259399414,24.93400001525879,0.0,703833000
2022-04-07,24.135873794555664,24.20800018310547,0.0,24.722000122070312,23.47800064086914,24.44099998474121,0.0,557992000
2022-04-08,23.05011749267578,23.118999481201172,0.0,23.92300033569336,23.062000274658203,23.91699981689453,0.0,524781000
2022-04-11,21.851701736450195,21.91699981689453,0.0,22.31999969482422,21.65999984741211,22.214000701904297,0.0,575207000
2022-04-12,21.439931869506836,21.503999710083008,0.0,22.725000381469727,21.281999588012695,22.53700065612793,0.0,662258000
2022-04-13,22.136850357055664,22.202999114990234,0.0,22.5,21.454999923706055,21.72800064086914,0.0,516943000
2022-04-14,21.194660186767578,21.257999420166016,0.0,22.777000427246094,21.163000106811523,22.5049991607666,0.0,569097000
2022-04-18,21.718103408813477,21.783000946044922,0.0,22.08799934387207,21.07900047302246,21.200000762939453,0.0,525701000
2022-04-19,22.131860733032227,22.197999954223633,0.0,22.37299919128418,21.31399917602539,21.719999313354492,0.0,512781000
2022-04-20,21.417999267578125,21.48200035095215,0.0,22.670000076293945,21.200000762939453,22.517000198364258,0.0,468974000
2022-04-21,20.122867584228516,20.183000564575195,0.0,22.392000198364258,20.0,21.708999633789062,0.0,656209000
2022-04-22,19.45685577392578,19.514999389648438,0.0,20.486000061035156,19.5,20.30299949645996,0.0,624713000
2022-04-25,19.842708587646484,19.902000427246094,0.0,19.94499969482422,19.09600067138672,19.20199966430664,0.0,641566000
2022-04-26,18.732023239135742,18.788000106811523,0.0,19.788000106811523,18.670000076293945,19.718000411987305,0.0,653143000
2022-04-27,18.360136032104492,18.415000915527344,0.0,19.16699981689453,18.290000915527344,18.597999572753906,0.0,499460000
2022-04-28,19.723060607910156,19.781999588012695,0.0,20.03700065612793,18.489999771118164,18.966999053955078,0.0,570327000
2022-04-29,18.491743087768555,18.547000885009766,0.0,20.128000259399414,18.517000198364258,19.402000427246094,0.0,500435000
2022-05-02,19.474807739257812,19.533000946044922,0.0,19.573999404907227,18.391000747680664,18.541000366210938,0.0,572049000
2022-05-03,19.54360008239746,19.601999282836914,0.0,19.825000762939453,19.132999420166016,19.399999618530273,0.0,475751000
2022-05-04,20.273414611816406,20.333999633789062,0.0,20.399999618530273,18.750999450683594,19.92300033569336,0.0,648855000
2022-05-05,18.78785514831543,18.8439998626709,0.0,19.924999237060547,18.5,19.867000579833984,0.0,626331000
2022-05-06,18.619359970092773,18.674999237060547,0.0,19.511999130249023,17.989999771118164,18.736000061035156,0.0,633297000
2022-05-09,16.89950180053711,16.950000762939453,0.0,18.2549991607666,16.82699966430664,18.034000396728516,0.0,644455000
2022-05-10,17.54257583618164,17.594999313354492,0.0,18.197999954223633,17.024999618530273,17.68899917602539,0.0,761474000
2022-05-11,16.5804500579834,16.6299991607666,0.0,17.753000259399414,16.56800079345703,17.347000122070312,0.0,670167000
2022-05-12,16.12681007385254,16.174999237060547,0.0,16.788000106811523,15.567000389099121,16.2189998626709,0.0,708728000
2022-05-13,17.65324592590332,17.70599937438965,0.0,17.92799949645996,16.593000411987305,16.788000106811523,0.0,670437000
2022-05-16,17.21256446838379,17.263999938964844,0.0,17.788000106811523,17.106000900268555,17.509000778198242,0.0,521446000
2022-05-17,18.12284278869629,18.177000045776367,0.0,18.371000289916992,17.634000778198242,18.073999404907227,0.0,585830000
2022-05-18,16.887531280517578,16.937999725341797,0.0,18.118000030517578,16.86400032043457,17.704999923706055,0.0,545161000
2022-05-19,17.072982788085938,17.124000549316406,0.0,17.687000274658203,16.733999252319336,16.937000274658203,0.0,621310000
2022-05-20,16.644258499145508,16.694000244140625,0.0,17.40999984741211,15.755000114440918,17.332000732421875,0.0,739105000
2022-05-23,16.8476505279541,16.898000717163086,0.0,16.915000915527344,16.179000854492188,16.27400016784668,0.0,639889000
2022-05-24,16.105871200561523,16.15399932861328,0.0,16.597000122070312,15.779999732971191,16.510000228881836,0.0,588550000
2022-05-25,16.92442512512207,16.975000381469727,0.0,17.111000061035156,16.0,16.020000457763672,0.0,781132000
2022-05-26,17.797813415527344,17.85099983215332,0.0,18.091999053955078,16.02199935913086,16.035999298095703,0.0,996575000
2022-05-27,18.754953384399414,18.81100082397461,0.0,18.881000518798828,18.100000381469727,18.18600082397461,0.0,738379000
2022-05-31,18.616369247436523,18.672000885009766,0.0,19.200000762939453,18.350000381469727,18.979999542236328,0.0,664100000
2022-06-01,18.265417098999023,18.31999969482422,0.0,19.05299949645996,18.121999740600586,18.724000930786133,0.0,544514000
2022-06-02,19.53363037109375,19.591999053955078,0.0,19.618999481201172,18.197999954223633,18.29199981689453,0.0,648656000
2022-06-03,18.664228439331055,18.719999313354492,0.0,19.332000732421875,18.52199935913086,19.082000732421875,0.0,598779000
2022-06-06,18.730026245117188,18.785999298095703,0.0,19.336999893188477,18.56399917602539,19.138999938964844,0.0,422406000
2022-06-07,18.869613647460938,18.926000595092773,0.0,19.0,18.187999725341797,18.472000122070312,0.0,388914000
2022-06-08,18.59636878967285,18.648000717163086,0.004,19.18000030517578,18.53499984741211,18.798999786376953,0.0,363252000
2022-06-09,17.99803352355957,18.04800033569336,0.0,18.933000564575195,18.041000366210938,18.481000900268555,0.0,395574000
2022-06-10,16.927003860473633,16.974000930786133,0.0,17.69700050354004,16.868999481201172,17.600000381469727,0.0,465248000
2022-06-13,15.603683471679688,15.647000312805176,0.0,16.312000274658203,15.605999946594238,16.0,0.0,604153000
2022-06-14,15.792158126831055,15.836000442504883,0.0,16.06599998474121,15.411999702453613,15.730999946594238,0.0,469680000
2022-06-15,16.48124122619629,16.527000427246094,0.0,16.868000030517578,15.925999641418457,16.094999313354492,0.0,563936000
2022-06-16,15.557807922363281,15.60099983215332,0.0,15.942000389099121,15.401000022888184,15.859999656677246,0.0,545749000
2022-06-17,15.836036682128906,15.880000114440918,0.0,15.994999885559082,15.32800006866455,15.64799976348877,0.0,630334000
2022-06-21,16.520132064819336,16.56599998474121,0.0,17.007999420166016,16.406999588012695,16.475000381469727,0.0,483089000
2022-06-22,16.31470489501953,16.360000610351562,0.0,16.66200065612793,16.18000030517578,16.22599983215332,0.0,437135000
2022-06-23,16.180082321166992,16.225000381469727,0.0,16.584999084472656,15.852999687194824,16.518999099731445,0.0,463680000
2022-06-24,17.07858657836914,17.125999450683594,0.0,17.139999389648438,16.309999465942383,16.5,0.0,472153000
2022-06-27,16.82229995727539,16.868999481201172,0.0,17.329999923706055,16.625999450683594,17.312000274658203,0.0,427968000
2022-06-28,15.937752723693848,15.982000350952148,0.0,17.20199966430664,15.944999694824219,16.899999618530273,0.0,461149000
2022-06-29,15.498971939086914,15.541999816894531,0.0,15.819999694824219,15.170000076293945,15.814000129699707,0.0,482352000
2022-06-30,15.11703109741211,15.159000396728516,0.0,15.567000389099121,14.862000465393066,15.361000061035156,0.0,686070000
2022-07-01,14.482789039611816,14.52299976348877,0.0,15.062999725341797,14.392000198364258,14.89900016784668,0.0,577610000
2022-07-05,14.922571182250977,14.96399974822998,0.0,14.970999717712402,14.055000305175781,14.175000190734863,0.0,651397000
2022-07-06,15.088111877441406,15.130000114440918,0.0,15.319000244140625,14.788999557495117,15.010000228881836,0.0,529066000
2022-07-07,15.814095497131348,15.857999801635742,0.0,15.944999694824219,15.388999938964844,15.456000328063965,0.0,492903000
2022-07-08,15.794150352478027,15.838000297546387,0.0,16.03700065612793,15.388999938964844,15.430000305175781,0.0,467972000
2022-07-11,15.110051155090332,15.152000427246094,0.0,15.527000427246094,15.038000106811523,15.526000022888184,0.0,437321000
2022-07-12,15.040244102478027,15.081999778747559,0.0,15.430999755859375,14.876999855041504,15.267999649047852,0.0,458483000
2022-07-13,15.122015953063965,15.163999557495117,0.0,15.375,14.46500015258789,14.59000015258789,0.0,521918000
2022-07-14,15.329438209533691,15.371999740600586,0.0,15.472999572753906,14.727999687194824,15.107999801635742,0.0,456235000
2022-07-15,15.71835994720459,15.76200008392334,0.0,15.781999588012695,15.444999694824219,15.659000396728516,0.0,385935000
2022-07-18,16.056425094604492,16.10099983215332,0.0,16.89699935913086,16.00200080871582,16.302000045776367,0.0,670517000
2022-07-19,16.944957733154297,16.992000579833984,0.0,17.110000610351562,16.172000885009766,16.486000061035156,0.0,702366000
2022-07-20,17.757699966430664,17.80699920654297,0.0,17.933000564575195,16.801000595092773,16.94700050354004,0.0,760538000
2022-07-21,18.000030517578125,18.049999237060547,0.0,18.143999099731445,17.545000076293945,17.885000228881836,0.0,557049000
2022-07-22,17.271053314208984,17.319000244140625,0.0,17.966999053955078,17.136999130249023,17.89299964904785,0.0,536671000
2022-07-25,16.97686767578125,17.02400016784668,0.0,17.124000549316406,16.64900016784668,17.018999099731445,0.0,480748000
2022-07-26,16.487228393554688,16.533000946044922,0.0,16.91900062561035,16.47800064086914,16.888999938964844,0.0,397865000
2022-07-27,17.74074363708496,17.790000915527344,0.0,17.93600082397461,16.913000106811523,17.031999588012695,0.0,569776000
2022-07-28,17.9342098236084,17.983999252319336,0.0,18.139999389648438,17.440000534057617,17.975000381469727,0.0,474646000
2022-07-29,18.11271858215332,18.163000106811523,0.0,18.243999481201172,17.691999435424805,17.812999725341797,0.0,435460000
2022-08-01,18.38994598388672,18.44099998474121,0.0,18.84600067138672,17.989999771118164,18.18199920654297,0.0,476469000
2022-08-02,18.474706649780273,18.525999069213867,0.0,18.937999725341797,18.091999053955078,18.121999740600586,0.0,489527000
2022-08-03,18.84069061279297,18.89299964904785,0.0,18.968000411987305,18.136999130249023,18.18400001525879,0.0,418146000
2022-08-04,19.16180419921875,19.21500015258789,0.0,19.27400016784668,18.760000228881836,18.849000930786133,0.0,409652000
2022-08-05,18.936431884765625,18.98900032043457,0.0,19.229000091552734,18.666000366210938,18.809999465942383,0.0,386068000
2022-08-08,17.743736267089844,17.792999267578125,0.0,18.23900032043457,17.242000579833984,17.50200080871582,0.0,981859000
2022-08-09,17.0386962890625,17.086000442504883,0.0,17.44700050354004,16.724000930786133,17.25200080871582,0.0,668263000
2022-08-10,18.046897888183594,18.097000122070312,0.0,18.118000030517578,17.316999435424805,17.697999954223633,0.0,597422000
2022-08-11,17.8923282623291,17.941999435424805,0.0,18.707000732421875,17.875999450683594,18.131000518798828,0.0,509327000
2022-08-12,18.657203674316406,18.708999633789062,0.0,18.718000411987305,17.952999114990234,18.15999984741211,0.0,478094000
2022-08-15,18.979305267333984,19.031999588012695,0.0,19.163999557495117,18.613000869750977,18.701000213623047,0.0,457666000
2022-08-16,18.82673454284668,18.878999710083008,0.0,19.142000198364258,18.500999450683594,18.920000076293945,0.0,451240000
2022-08-17,18.284238815307617,18.334999084472656,0.0,18.687999725341797,18.145000457763672,18.523000717163086,0.0,446799000
2022-08-18,18.721025466918945,18.773000717163086,0.0,18.864999771118164,18.183000564575195,18.301000595092773,0.0,415447000
2022-08-19,17.799583435058594,17.849000930786133,0.0,18.520000457763672,17.770000457763672,18.4060001373291,0.0,441588000
2022-08-22,16.986845016479492,17.034000396728516,0.0,17.558000564575195,16.965999603271484,17.489999771118164,0.0,409593000
2022-08-23,17.133432388305664,17.180999755859375,0.0,17.46500015258789,16.969999313354492,16.98900032043457,0.0,369986000
2022-08-24,17.174320220947266,17.222000122070312,0.0,17.4060001373291,16.895000457763672,17.011999130249023,0.0,522661000
2022-08-25,17.863405227661133,17.913000106811523,0.0,17.94700050354004,16.83300018310547,16.8439998626709,0.0,770691000
2022-08-26,16.214984893798828,16.260000228881836,0.0,17.923999786376953,16.23699951171875,17.85700035095215,0.0,769127000
2022-08-29,15.757253646850586,15.800999641418457,0.0,16.33799934387207,15.767000198364258,16.020000457763672,0.0,496132000
2022-08-30,15.425175666809082,15.468000411987305,0.0,16.038999557495117,15.182000160217285,15.960000038146973,0.0,530181000
2022-08-31,15.052209854125977,15.093999862670898,0.0,15.539999961853027,14.958999633789062,15.383999824523926,0.0,573710000
2022-09-01,13.898415565490723,13.937000274658203,0.0,14.380000114440918,13.270000457763672,14.208999633789062,0.0,1178865000
2022-09-02,13.609217643737793,13.647000312805176,0.0,14.170999526977539,13.590999603271484,14.100000381469727,0.0,743157000
2022-09-06,13.42772102355957,13.46500015258789,0.0,13.779000282287598,13.35099983215332,13.730999946594238,0.0,535751000
2022-09-07,13.680096626281738,13.71399974822998,0.004,13.838000297546387,13.345999717712402,13.562999725341797,0.0,512657000
2022-09-08,13.955410957336426,13.989999771118164,0.0,14.008000373840332,13.369000434875488,13.458999633789062,0.0,624873000
2022-09-09,14.351431846618652,14.38700008392334,0.0,14.473999977111816,14.12600040435791,14.156999588012695,0.0,486612000
2022-09-12,14.469138145446777,14.505000114440918,0.0,14.54699993133545,14.197999954223633,14.369000434875488,0.0,484159000
2022-09-13,13.098535537719727,13.130999565124512,0.0,13.92199993133545,13.098999977111816,13.802000045776367,0.0,714956000
2022-09-14,13.09554386138916,13.128000259399414,0.0,13.289999961853027,12.913000106811523,13.253999710083008,0.0,588507000
2022-09-15,12.8970365524292,12.928999900817871,0.0,13.232999801635742,12.789999961853027,13.015000343322754,0.0,523625000
2022-09-16,13.16537094116211,13.197999954223633,0.0,13.211999893188477,12.616999626159668,12.741999626159668,0.0,670751000
2022-09-19,13.348917007446289,13.381999969482422,0.0,13.463000297546387,13.010000228881836,13.01200008392334,0.0,569685000
2022-09-20,13.143424987792969,13.175999641418457,0.0,13.482999801635742,13.057000160217285,13.21500015258789,0.0,524818000
2022-09-21,13.228214263916016,13.26099967956543,0.0,14.031000137329102,13.109999656677246,13.213000297546387,0.0,807679000
2022-09-22,12.529945373535156,12.560999870300293,0.0,13.14900016784668,12.428000450134277,13.069999694824219,0.0,759162000
2022-09-23,12.485058784484863,12.515999794006348,0.0,12.611000061035156,12.256999969482422,12.420000076293945,0.0,663309000
2022-09-26,12.197768211364746,12.227999687194824,0.0,12.659000396728516,12.21399974822998,12.491000175476074,0.0,547343000
2022-09-27,12.382309913635254,12.413000106811523,0.0,12.736000061035156,12.258000373840332,12.506999969482422,0.0,553854000
2022-09-28,12.704514503479004,12.736000061035156,0.0,12.822999954223633,12.354000091552734,12.40999984741211,0.0,542414000
2022-09-29,12.189789772033691,12.220000267028809,0.0,12.5,11.946000099182129,12.447999954223633,0.0,532763000
2022-09-30,12.108988761901855,12.138999938964844,0.0,12.633000373840332,12.074999809265137,12.086999893188477,0.0,565638000
2022-10-03,12.481067657470703,12.51200008392334,0.0,12.678000450134277,12.104999542236328,12.347000122070312,0.0,547478000
2022-10-04,13.134446144104004,13.166999816894531,0.0,13.220000267028809,12.878999710083008,12.878999710083008,0.0,584182000
2022-10-05,13.17634391784668,13.208999633789062,0.0,13.321000099182129,12.621000289916992,12.91100025177002,0.0,507131000
2022-10-06,13.097537994384766,13.130000114440918,0.0,13.656000137329102,13.102999687194824,13.220000267028809,0.0,644157000
2022-10-07,12.04614543914795,12.076000213623047,0.0,12.670000076293945,12.022000312805176,12.505000114440918,0.0,672478000
2022-10-10,11.641149520874023,11.670000076293945,0.0,12.12399959564209,11.407999992370605,12.036999702453613,0.0,698699000
2022-10-11,11.557354927062988,11.586000442504883,0.0,11.845999717712402,11.282999992370605,11.560999870300293,0.0,667482000
2022-10-12,11.47156810760498,11.5,0.0,11.734999656677246,11.345000267028809,11.579000473022461,0.0,492590000
2022-10-13,11.93043327331543,11.960000038146973,0.0,12.07800006866455,10.812999725341797,10.970999717712402,0.0,850103000
2022-10-14,11.199244499206543,11.22700023651123,0.0,12.111000061035156,11.204000473022461,12.057000160217285,0.0,713432000
2022-10-17,11.858609199523926,11.887999534606934,0.0,11.947999954223633,11.517000198364258,11.517999649047852,0.0,580774000
2022-10-18,11.93741226196289,11.967000007629395,0.0,12.491999626159668,11.618000030517578,12.343999862670898,0.0,659362000
2022-10-19,12.021207809448242,12.050999641418457,0.0,12.350000381469727,11.833999633789062,11.878999710083008,0.0,523131000
2022-10-20,12.163853645324707,12.194000244140625,0.0,12.769000053405762,12.104999542236328,12.11299991607666,0.0,652398000
2022-10-21,12.435179710388184,12.465999603271484,0.0,12.498000144958496,11.88700008392334,12.097999572753906,0.0,609494000
2022-10-24,12.567852973937988,12.598999977111816,0.0,12.710000038146973,12.064000129699707,12.508000373840332,0.0,517457000
2022-10-25,13.228214263916016,13.26099967956543,0.0,13.300000190734863,12.663999557495117,12.694000244140625,0.0,505482000
2022-10-26,12.864117622375488,12.895999908447266,0.0,13.387999534606934,12.708000183105469,12.869000434875488,0.0,532953000
2022-10-27,13.143424987792969,13.175999641418457,0.0,13.838000297546387,13.121999740600586,13.630000114440918,0.0,583113000
2022-10-28,13.799799919128418,13.833999633789062,0.0,13.850000381469727,13.060999870300293,13.104000091552734,0.0,521040000
2022-10-31,13.46363353729248,13.496999740600586,0.0,13.838000297546387,13.29699993133545,13.777999877929688,0.0,486341000
2022-11-01,13.509520530700684,13.543000221252441,0.0,13.925000190734863,13.519000053405762,13.810999870300293,0.0,432817000
2022-11-02,13.186319351196289,13.218999862670898,0.0,14.210000038146973,13.211000442504883,13.850000381469727,0.0,672628000
2022-11-03,13.387819290161133,13.420999526977539,0.0,13.781000137329102,12.956000328063965,13.043000221252441,0.0,500065000
2022-11-04,14.121002197265625,14.156000137329102,0.0,14.229000091552734,13.696999549865723,13.986000061035156,0.0,612576000
2022-11-07,14.265645027160645,14.300999641418457,0.0,14.411999702453613,13.954000473022461,14.227999687194824,0.0,410061000
2022-11-08,14.565900802612305,14.60200023651123,0.0,14.890999794006348,14.215999603271484,14.800999641418457,0.0,595292000
2022-11-09,13.741942405700684,13.776000022888184,0.0,14.211000442504883,13.758999824523926,14.161999702453613,0.0,454414000
2022-11-10,15.711063385009766,15.75,0.0,15.77299976348877,14.54699993133545,14.800000190734863,0.0,700819000
2022-11-11,16.28663444519043,16.32699966430664,0.0,16.388999938964844,15.482000350952148,15.807000160217285,0.0,655487000
2022-11-14,16.254716873168945,16.295000076293945,0.0,16.540000915527344,15.92199993133545,16.218000411987305,0.0,527852000
2022-11-15,16.624797821044922,16.666000366210938,0.0,16.99799919128418,16.381999969482422,16.722000122070312,0.0,545876000
2022-11-16,15.870668411254883,15.90999984741211,0.0,16.36199951171875,15.873000144958496,16.16200065612793,0.0,649547000
2022-11-17,15.6382417678833,15.677000045776367,0.0,16.266000747680664,15.53499984741211,15.71500015258789,0.0,710894000
2022-11-18,15.370905876159668,15.409000396728516,0.0,16.00200080871582,15.119999885559082,15.965999603271484,0.0,492072000
2022-11-21,15.279130935668945,15.317000389099121,0.0,15.47700023651123,15.079999923706055,15.147000312805176,0.0,404739000
2022-11-22,15.998353004455566,16.038000106811523,0.0,16.058000564575195,15.121999740600586,15.32800006866455,0.0,472866000
2022-11-23,16.47816276550293,16.518999099731445,0.0,16.527000427246094,16.04800033569336,16.097999572753906,0.0,427241000
2022-11-25,16.229778289794922,16.270000457763672,0.0,16.48699951171875,16.172000885009766,16.31800079345703,0.0,167934000
2022-11-28,15.787870407104492,15.82699966430664,0.0,16.35700035095215,15.725000381469727,16.025999069213867,0.0,303741000
2022-11-29,15.600335121154785,15.638999938964844,0.0,15.932000160217285,15.520000457763672,15.82699966430664,0.0,298384000
2022-11-30,16.885486602783203,16.92300033569336,0.004,16.93000030517578,15.597000122070312,15.696999549865723,0.0,565298000
2022-12-01,17.097009658813477,17.135000228881836,0.0,17.264999389648438,16.635000228881836,16.999000549316406,0.0,470977000
2022-12-02,16.83858299255371,16.875999450683594,0.0,16.933000564575195,16.44499969482422,16.659000396728516,0.0,371389000
2022-12-05,16.573177337646484,16.610000610351562,0.0,16.9950008392334,16.472000122070312,16.679000854492188,0.0,352255000
2022-12-06,15.951557159423828,15.987000465393066,0.0,16.572999954223633,15.819000244140625,16.530000686645508,0.0,352694000
2022-12-07,16.084260940551758,16.1200008392334,0.0,16.18600082397461,15.666999816894531,15.772000312805176,0.0,372388000
2022-12-08,17.130935668945312,17.16900062561035,0.0,17.179000854492188,15.958999633789062,16.273000717163086,0.0,515456000
2022-12-09,16.963308334350586,17.000999450683594,0.0,17.58300018310547,16.975000381469727,17.15999984741211,0.0,465338000
2022-12-12,17.496126174926758,17.53499984741211,0.0,17.538000106811523,16.797000885009766,17.03700065612793,0.0,457328000
2022-12-13,18.03193473815918,18.07200050354004,0.0,18.790000915527344,17.711000442504883,18.5310001373291,0.0,656589000
2022-12-14,17.634817123413086,17.673999786376953,0.0,18.25200080871582,17.420000076293945,17.98699951171875,0.0,496888000
2022-12-15,16.914417266845703,16.95199966430664,0.0,17.31999969482422,16.700000762939453,17.145999908447266,0.0,478542000
2022-12-16,16.534259796142578,16.570999145507812,0.0,17.041000366210938,16.40999984741211,16.86400032043457,0.0,478232000
2022-12-19,16.217960357666016,16.253999710083008,0.0,16.608999252319336,16.145000457763672,16.57200050354004,0.0,354039000
2022-12-20,16.049333572387695,16.084999084472656,0.0,16.309999465942383,15.85200023651123,16.06399917602539,0.0,403260000
2022-12-21,16.464414596557617,16.500999450683594,0.0,16.62700080871582,16.101999282836914,16.11400032043457,0.0,325025000
2022-12-22,15.304991722106934,15.33899974822998,0.0,16.13800048828125,14.881999969482422,16.0939998626709,0.0,565045000
2022-12-23,15.172287940979004,15.206000328063965,0.0,15.33899974822998,14.883000373840332,15.196000099182129,0.0,349326000
2022-12-27,14.089694023132324,14.121000289916992,0.0,15.100000381469727,14.055999755859375,15.074000358581543,0.0,464902000
2022-12-28,14.0048828125,14.03600025177002,0.0,14.26200008392334,13.883999824523926,13.927000045776367,0.0,351066000
2022-12-29,14.570626258850098,14.602999687194824,0.0,14.682999610900879,14.22700023651123,14.402000427246094,0.0,354923000
2022-12-30,14.5816011428833,14.61400032043457,0.0,14.628999710083008,14.232999801635742,14.333999633789062,0.0,310490000
2023-01-03,14.2832612991333,14.3149995803833,0.0,14.996000289916992,14.095999717712402,14.85099983215332,0.0,401277000
2023-01-04,14.716300010681152,14.74899959564209,0.0,14.852999687194824,14.241000175476074,14.567000389099121,0.0,431324000
2023-01-05,14.233372688293457,14.265000343322754,0.0,14.564000129699707,14.14799976348877,14.491000175476074,0.0,389168000
2023-01-06,14.826055526733398,14.859000205993652,0.0,15.010000228881836,14.034000396728516,14.473999977111816,0.0,405044000
2023-01-09,15.593352317810059,15.628000259399414,0.0,16.055999755859375,15.140999794006348,15.284000396728516,0.0,504231000
2023-01-10,15.873730659484863,15.909000396728516,0.0,15.961999893188477,15.472000122070312,15.506999969482422,0.0,384101000
2023-01-11,15.965522766113281,16.000999450683594,0.0,16.027999877929688,15.562999725341797,15.84000015258789,0.0,353285000
2023-01-12,16.474395751953125,16.51099967956543,0.0,16.636999130249023,15.491999626159668,16.100000381469727,0.0,551409000
2023-01-13,16.86153221130371,16.89900016784668,0.0,16.922000885009766,16.165000915527344,16.277999877929688,0.0,447287000
2023-01-17,17.662757873535156,17.70199966430664,0.0,17.72800064086914,16.89900016784668,16.89900016784668,0.0,511102000
2023-01-18,17.33847427368164,17.37700080871582,0.0,17.87299919128418,17.281999588012695,17.66699981689453,0.0,439624000
2023-01-19,16.727827072143555,16.764999389648438,0.0,17.19700050354004,16.731000900268555,17.035999298095703,0.0,452932000
2023-01-20,17.79945182800293,17.839000701904297,0.0,17.856000900268555,16.825000762939453,17.01099967956543,0.0,564967000
2023-01-23,19.150449752807617,19.19300079345703,0.0,19.2450008392334,17.81800079345703,18.06399917602539,0.0,655163000
2023-01-24,19.222286224365234,19.264999389648438,0.0,19.4950008392334,18.81999969482422,18.82699966430664,0.0,496204000
2023-01-25,19.280160903930664,19.322999954223633,0.0,19.3700008392334,18.579999923706055,18.913000106811523,0.0,449537000
2023-01-26,19.758098602294922,19.802000045776367,0.0,20.166000366210938,19.277999877929688,19.701000213623047,0.0,489535000
2023-01-27,20.319847106933594,20.364999771118164,0.0,20.628000259399414,19.405000686645508,19.461999893188477,0.0,542142000
2023-01-30,19.119518280029297,19.16200065612793,0.0,20.139999389648438,19.149999618530273,19.950000762939453,0.0,488611000
2023-01-31,19.493684768676758,19.53700065612793,0.0,19.687000274658203,18.950000762939453,19.170000076293945,0.0,498017000
2023-02-01,20.896568298339844,20.94300079345703,0.0,21.191999435424805,19.611000061035156,19.69099998474121,0.0,660477000
2023-02-02,21.660869598388672,21.708999633789062,0.0,21.948999404907227,20.700000762939453,21.0,0.0,564276000
2023-02-03,21.053218841552734,21.100000381469727,0.0,21.7450008392334,20.788999557495117,21.0,0.0,429366000
2023-02-06,21.0422420501709,21.089000701904297,0.0,21.56999969482422,20.785999298095703,20.805999755859375,0.0,452197000
2023-02-07,22.123844146728516,22.17300033569336,0.0,22.259000778198242,21.149999618530273,21.381999969482422,0.0,664150000
2023-02-08,22.155773162841797,22.204999923706055,0.0,22.878000259399414,22.007999420166016,22.386999130249023,0.0,559651000
2023-02-09,22.2874813079834,22.336999893188477,0.0,23.020000457763672,22.1200008392334,22.606000900268555,0.0,523876000
2023-02-10,21.217857360839844,21.264999389648438,0.0,22.077999114990234,20.81100082397461,21.690000534057617,0.0,550737000
2023-02-13,21.73969268798828,21.788000106811523,0.0,22.04800033569336,20.961999893188477,21.538000106811523,0.0,474919000
2023-02-14,22.920068740844727,22.97100067138672,0.0,23.048999786376953,21.365999221801758,21.577999114990234,0.0,675474000
2023-02-15,22.713531494140625,22.763999938964844,0.0,22.854999542236328,22.106000900268555,22.548999786376953,0.0,420575000
2023-02-16,21.95322036743164,22.00200080871582,0.0,22.549999237060547,21.927000045776367,22.132999420166016,0.0,412026000
2023-02-17,21.3405818939209,21.38800048828125,0.0,21.739999771118164,20.975000381469727,21.631000518798828,0.0,465888000
2023-02-21,20.609207153320312,20.655000686645508,0.0,21.493999481201172,20.618000030517578,21.0,0.0,410015000
2023-02-22,20.70798683166504,20.753999710083008,0.0,21.104000091552734,20.42099952697754,20.707000732421875,0.0,513184000
2023-02-23,23.61153793334961,23.663999557495117,0.0,23.88800048828125,23.024999618530273,23.440000534057617,0.0,1117995000
2023-02-24,23.234373092651367,23.285999298095703,0.0,23.474000930786133,22.94700050354004,23.225000381469727,0.0,589716000
2023-02-27,23.448896408081055,23.500999450683594,0.0,23.8799991607666,23.45400047302246,23.670000076293945,0.0,452994000
2023-02-28,23.164525985717773,23.215999603271484,0.0,23.825000762939453,23.20599937438965,23.371999740600586,0.0,455963000
2023-03-01,22.647674560546875,22.697999954223633,0.0,23.256000518798828,22.507999420166016,23.191999435424805,0.0,460026000
2023-03-02,23.262311935424805,23.31399917602539,0.0,23.3799991607666,22.43199920654297,22.488000869750977,0.0,389415000
2023-03-03,23.837034225463867,23.889999389648438,0.0,23.899999618530273,23.1299991607666,23.31999969482422,0.0,412393000
2023-03-06,23.501781463623047,23.554000854492188,0.0,24.24799919128418,23.48699951171875,23.891000747680664,0.0,437429000
2023-03-07,23.24031639099121,23.288000106811523,0.004,24.125,23.240999221801758,23.600000381469727,0.0,515154000
2023-03-08,24.131484985351562,24.180999755859375,0.0,24.200000762939453,23.423999786376953,23.48699951171875,0.0,513573000
2023-03-09,23.388011932373047,23.43600082397461,0.0,24.45400047302246,23.382999420166016,24.174999237060547,0.0,501257000
2023-03-10,22.917978286743164,22.96500015258789,0.0,23.62700080871582,22.72599983215332,23.409000396728516,0.0,474866000
2023-03-13,22.918975830078125,22.965999603271484,0.0,23.29800033569336,22.297000885009766,22.75200080871582,0.0,421890000
2023-03-14,24.01372528076172,24.062999725341797,0.0,24.2189998626709,23.459999084472656,23.496000289916992,0.0,474910000
2023-03-15,24.178390502929688,24.22800064086914,0.0,24.285999298095703,23.360000610351562,23.76099967956543,0.0,524486000
2023-03-16,25.48870277404785,25.541000366210938,0.0,25.58799934387207,23.893999099731445,24.027000427246094,0.0,583253000
2023-03-17,25.672327041625977,25.725000381469727,0.0,26.39900016784668,25.667999267578125,25.98200035095215,0.0,848547000
2023-03-20,25.846965789794922,25.899999618530273,0.0,26.02400016784668,25.1299991607666,25.614999771118164,0.0,432747000
2023-03-21,26.145355224609375,26.198999404907227,0.0,26.392000198364258,25.381000518798828,26.18000030517578,0.0,547408000
2023-03-22,26.41380500793457,26.468000411987305,0.0,27.589000701904297,26.23699951171875,26.424999237060547,0.0,797295000
2023-03-23,27.13532257080078,27.19099998474121,0.0,27.499000549316406,26.690000534057617,27.114999771118164,0.0,564889000
2023-03-24,26.72416877746582,26.77899932861328,0.0,27.16699981689453,26.354999542236328,27.0310001373291,0.0,454920000
2023-03-27,26.476675033569336,26.5310001373291,0.0,27.0,26.364999771118164,26.836999893188477,0.0,361026000
2023-03-28,26.355924606323242,26.40999984741211,0.0,26.51300048828125,25.850000381469727,26.44700050354004,0.0,356104000
2023-03-29,26.92875099182129,26.983999252319336,0.0,27.077999114990234,26.597000122070312,26.825000762939453,0.0,393694000
2023-03-30,27.326929092407227,27.382999420166016,0.0,27.499000549316406,27.101999282836914,27.229000091552734,0.0,364516000
2023-03-31,27.720123291015625,27.777000427246094,0.0,27.833999633789062,27.104999542236328,27.139999389648438,0.0,433933000
2023-04-03,27.90774154663086,27.96500015258789,0.0,28.0,27.336000442504883,27.509000778198242,0.0,398716000
2023-04-04,27.396787643432617,27.452999114990234,0.0,28.0,27.30699920654297,27.965999603271484,0.0,368592000
2023-04-05,26.825960159301758,26.881000518798828,0.0,26.99799919128418,26.395000457763672,26.82900047302246,0.0,515015000
2023-04-06,26.981637954711914,27.03700065612793,0.0,27.079999923706055,26.427000045776367,26.583999633789062,0.0,397654000
2023-04-10,27.522531509399414,27.57900047302246,0.0,27.621000289916992,26.66900062561035,26.822999954223633,0.0,395279000
2023-04-11,27.11336898803711,27.16900062561035,0.0,27.790000915527344,27.125999450683594,27.724000930786133,0.0,314378000
2023-04-12,26.440750122070312,26.4950008392334,0.0,27.468000411987305,26.447999954223633,27.3700008392334,0.0,446259000
2023-04-13,26.408815383911133,26.46299934387207,0.0,26.886999130249023,26.32900047302246,26.733999252319336,0.0,353615000
2023-04-14,26.703208923339844,26.757999420166016,0.0,26.882999420166016,26.219999313354492,26.503999710083008,0.0,395660000
2023-04-17,26.946714401245117,27.00200080871582,0.0,27.006000518798828,26.433000564575195,26.565000534057617,0.0,321471000
2023-04-18,27.610353469848633,27.66699981689453,0.0,28.110000610351562,27.35700035095215,27.533000946044922,0.0,604812000
2023-04-19,27.873809814453125,27.930999755859375,0.0,28.0,27.23200035095215,27.361000061035156,0.0,358660000
2023-04-20,27.04850196838379,27.104000091552734,0.0,28.030000686645508,27.0,27.67099952697754,0.0,427713000
2023-04-21,27.063472747802734,27.118999481201172,0.0,27.183000564575195,26.722000122070312,26.95199966430664,0.0,345103000
2023-04-24,26.986629486083984,27.04199981689453,0.0,27.365999221801758,26.67099952697754,27.01300048828125,0.0,339282000
2023-04-25,26.18726921081543,26.240999221801758,0.0,27.246999740600586,26.225000381469727,27.077999114990234,0.0,378527000
2023-04-26,26.900806427001953,26.95599937438965,0.0,27.329999923706055,26.704999923706055,27.00200080871582,0.0,406337000
2023-04-27,27.17025375366211,27.22599983215332,0.0,27.4950008392334,26.625,27.363000869750977,0.0,377161000
2023-04-28,27.692180633544922,27.749000549316406,0.0,27.757999420166016,27.070999145507812,27.225000381469727,0.0,292216000
2023-05-01,28.85080337524414,28.90999984741211,0.0,29.058000564575195,27.780000686645508,27.84000015258789,0.0,570329000
2023-05-02,28.152236938476562,28.209999084472656,0.0,28.836000442504883,28.08300018310547,28.68000030517578,0.0,402730000
2023-05-03,27.74507713317871,27.802000045776367,0.0,28.367000579833984,27.472000122070312,27.84000015258789,0.0,383387000
2023-05-04,27.505565643310547,27.562000274658203,0.0,27.858999252319336,27.239999771118164,27.650999069213867,0.0,321850000
2023-05-05,28.621278762817383,28.68000030517578,0.0,28.7549991607666,27.731000900268555,27.826000213623047,0.0,361494000
2023-05-08,29.09130859375,29.150999069213867,0.0,29.219999313354492,28.350000381469727,28.52199935913086,0.0,344979000
2023-05-09,28.512500762939453,28.570999145507812,0.0,28.972999572753906,28.450000762939453,28.89900016784668,0.0,314869000
2023-05-10,28.825857162475586,28.885000228881836,0.0,29.113000869750977,28.461000442504883,29.0049991607666,0.0,369350000
2023-05-11,28.519485473632812,28.577999114990234,0.0,28.950000762939453,28.246000289916992,28.895999908447266,0.0,322149000
2023-05-12,28.28196907043457,28.34000015258789,0.0,28.780000686645508,28.04599952697754,28.52899932861328,0.0,274222000
2023-05-15,28.89371681213379,28.952999114990234,0.0,28.9689998626709,28.152000427246094,28.507999420166016,0.0,293926000
2023-05-16,29.15318489074707,29.21299934387207,0.0,29.8700008392334,28.832000732421875,28.840999603271484,0.0,449405000
2023-05-17,30.116209030151367,30.17799949645996,0.0,30.198999404907227,29.43000030517578,29.583999633789062,0.0,432535000
2023-05-18,31.61313819885254,31.67799949645996,0.0,31.827999114990234,30.31999969482422,30.40999984741211,0.0,748725000
2023-05-19,31.199983596801758,31.263999938964844,0.0,31.579999923706055,30.916000366210938,31.535999298095703,0.0,473908000
2023-05-22,31.11216926574707,31.176000595092773,0.0,31.520000457763672,30.68000030517578,30.900999069213867,0.0,372000000
2023-05-23,30.625164031982422,30.687999725341797,0.0,31.288000106811523,30.631000518798828,31.0,0.0,356253000
2023-05-24,30.4754695892334,30.538000106811523,0.0,30.60700035095215,29.805999755859375,30.209999084472656,0.0,721419000
2023-05-25,37.90224075317383,37.97999954223633,0.0,39.47999954223633,36.6349983215332,38.52299880981445,0.0,1543911000
2023-05-26,38.866249084472656,38.94599914550781,0.0,39.16999816894531,37.54999923706055,37.88999938964844,0.0,714397000
2023-05-30,40.028865814208984,40.111000061035156,0.0,41.9379997253418,39.94900131225586,40.595001220703125,0.0,923401000
2023-05-31,37.75653839111328,37.83399963378906,0.0,40.29499816894531,37.821998596191406,39.487998962402344,0.0,1002580000
2023-06-01,39.688568115234375,39.77000045776367,0.0,40.04999923706055,38.34000015258789,38.48899841308594,0.0,635873000
2023-06-02,39.2464714050293,39.32699966430664,0.0,40.5,39.05799865722656,40.09700012207031,0.0,482731000
2023-06-05,39.090789794921875,39.17100143432617,0.0,39.564998626708984,38.707000732421875,38.909000396728516,0.0,396094000
2023-06-06,38.57485580444336,38.65399932861328,0.0,39.15999984741211,38.14799880981445,38.83000183105469,0.0,388729000
2023-06-07,37.40213394165039,37.474998474121094,0.004,39.499000549316406,37.35599899291992,38.915000915527344,0.0,511998000
2023-06-08,38.435123443603516,38.5099983215332,0.0,38.86399841308594,37.505001068115234,37.7239990234375,0.0,417772000
2023-06-09,38.694618225097656,38.77000045776367,0.0,39.71099853515625,38.56700134277344,39.0369987487793,0.0,427717000
2023-06-12,39.40523147583008,39.481998443603516,0.0,39.529998779296875,38.61800003051758,39.20000076293945,0.0,388701000
2023-06-13,40.942237854003906,41.02199935913086,0.0,41.10100173950195,39.7400016784668,40.18600082397461,0.0,613208000
2023-06-14,42.91339874267578,42.99700164794922,0.0,43.0,40.551998138427734,40.82400131225586,0.0,740465000
2023-06-15,42.570068359375,42.65299987792969,0.0,43.28900146484375,42.14699935913086,42.60200119018555,0.0,568622000
2023-06-16,42.60899353027344,42.69200134277344,0.0,43.72100067138672,42.6609992980957,43.45000076293945,0.0,655709000
2023-06-20,43.72282409667969,43.80799865722656,0.0,43.9900016784668,42.67399978637695,42.99800109863281,0.0,451153000
2023-06-21,42.96131134033203,43.04499816894531,0.0,43.6150016784668,42.08000183105469,43.500999450683594,0.0,551603000
2023-06-22,42.941349029541016,43.025001525878906,0.0,43.42599868774414,42.23400115966797,42.25299835205078,0.0,417737000
2023-06-23,42.12693786621094,42.20899963378906,0.0,42.808998107910156,42.01499938964844,42.4640007019043,0.0,358140000
2023-06-26,40.55299758911133,40.63199996948242,0.0,42.763999938964844,40.099998474121094,42.46099853515625,0.0,594322000
2023-06-27,41.79458236694336,41.875999450683594,0.0,41.939998626708984,40.448001861572266,40.79899978637695,0.0,462175000
2023-06-28,41.037052154541016,41.117000579833984,0.0,41.845001220703125,40.518001556396484,40.65999984741211,0.0,582639000
2023-06-29,40.74263000488281,40.821998596191406,0.0,41.599998474121094,40.599998474121094,41.55799865722656,0.0,380514000
2023-06-30,42.21975326538086,42.301998138427734,0.0,42.54999923706055,41.500999450683594,41.68000030517578,0.0,501148000
2023-07-03,42.33053207397461,42.41299819946289,0.0,42.89799880981445,42.20199966430664,42.516998291015625,0.0,198209000
2023-07-05,42.23473358154297,42.31700134277344,0.0,43.176998138427734,42.084999084472656,42.1349983215332,0.0,323618000
2023-07-06,42.02113723754883,42.10300064086914,0.0,42.17900085449219,41.34600067138672,41.84400177001953,0.0,303582000
2023-07-07,42.42035675048828,42.50299835205078,0.0,43.2140007019043,42.18000030517578,42.321998596191406,0.0,355881000
2023-07-10,42.097991943359375,42.18000030517578,0.0,42.81100082397461,41.64899826049805,42.65700149536133,0.0,353908000
2023-07-11,42.322547912597656,42.404998779296875,0.0,42.757999420166016,42.06700134277344,42.48099899291992,0.0,298244000
2023-07-12,43.81663513183594,43.902000427246094,0.0,43.935001373291016,42.777000427246094,43.03300094604492,0.0,481277000
2023-07-13,45.88761520385742,45.97700119018555,0.0,46.154998779296875,44.492000579833984,44.518001556396484,0.0,478204000
2023-07-14,45.38059616088867,45.46900177001953,0.0,48.0880012512207,45.060001373291016,46.58300018310547,0.0,772075000
2023-07-17,46.37065887451172,46.46099853515625,0.0,46.49599838256836,45.262001037597656,46.28900146484375,0.0,510488000
2023-07-18,47.40165328979492,47.49399948120117,0.0,47.895999908447266,45.73400115966797,46.70100021362305,0.0,569164000
2023-07-19,46.9854621887207,47.07699966430664,0.0,47.81800079345703,46.742000579833984,47.4640007019043,0.0,427502000
2023-07-20,45.43149185180664,45.52000045776367,0.0,47.08700180053711,45.0620002746582,46.50699996948242,0.0,537865000
2023-07-21,44.22284698486328,44.308998107910156,0.0,45.86600112915039,44.099998474121094,45.78799819946289,0.0,963769000
2023-07-24,44.52526092529297,44.61199951171875,0.0,45.10900115966797,44.040000915527344,44.73099899291992,0.0,382516000
2023-07-25,45.59018325805664,45.67900085449219,0.0,46.18299865722656,44.92300033569336,44.941001892089844,0.0,348081000
2023-07-26,45.363624572753906,45.45199966430664,0.0,46.053001403808594,44.630001068115234,46.020999908447266,0.0,364237000
2023-07-27,45.810760498046875,45.900001525878906,0.0,47.39500045776367,45.75,46.51900100708008,0.0,455976000
2023-07-28,46.65910339355469,46.75,0.0,47.027000427246094,46.38100051879883,46.667999267578125,0.0,331194000
2023-07-31,46.63813781738281,46.729000091552734,0.0,47.130001068115234,46.50600051879883,46.75400161743164,0.0,251055000
2023-08-01,46.416568756103516,46.50699996948242,0.0,46.900001525878906,46.027000427246094,46.459999084472656,0.0,237858000
2023-08-02,44.18292999267578,44.26900100708008,0.0,45.84000015258789,43.387001037597656,45.83100128173828,0.0,530142000
2023-08-03,44.42844772338867,44.51499938964844,0.0,45.11800003051758,43.79999923706055,43.79999923706055,0.0,324176000
2023-08-04,44.593135833740234,44.68000030517578,0.0,45.641998291015625,44.393001556396484,44.98500061035156,0.0,362666000
2023-08-07,45.32869338989258,45.41699981689453,0.0,45.540000915527344,44.5629997253418,45.111000061035156,0.0,322154000
2023-08-08,44.57716369628906,44.66400146484375,0.0,45.242000579833984,44.055999755859375,44.85300064086914,0.0,353843000
2023-08-09,42.47126007080078,42.55400085449219,0.0,44.3120002746582,42.13399887084961,44.27399826049805,0.0,586449000
2023-08-10,42.30558395385742,42.38800048828125,0.0,43.57400131225586,41.834999084472656,42.15999984741211,0.0,492705000
2023-08-11,40.77555847167969,40.85499954223633,0.0,42.018001556396484,40.638999938964844,41.750999450683594,0.0,533085000
2023-08-14,43.667930603027344,43.75299835205078,0.0,43.79999923706055,40.31100082397461,40.486000061035156,0.0,690286000
2023-08-15,43.85456848144531,43.939998626708984,0.0,45.268001556396484,43.709999084472656,44.560001373291016,0.0,676512000
2023-08-16,43.40144348144531,43.486000061035156,0.0,44.67499923706055,43.40599822998047,44.52000045776367,0.0,527451000
2023-08-17,43.25971984863281,43.34400177001953,0.0,44.0620002746582,43.000999450683594,43.970001220703125,0.0,452395000
2023-08-18,43.21480941772461,43.29899978637695,0.0,43.577999114990234,41.65999984741211,42.6349983215332,0.0,583768000
2023-08-21,46.87567901611328,46.96699905395508,0.0,47.064998626708984,44.22200012207031,44.49399948120117,0.0,692573000
2023-08-22,45.57919692993164,45.667999267578125,0.0,48.1870002746582,45.33300018310547,48.1349983215332,0.0,755293000
2023-08-23,47.02439498901367,47.11600112915039,0.0,47.20000076293945,45.20800018310547,45.86600112915039,0.0,779046000
2023-08-24,47.07129669189453,47.16299819946289,0.0,50.26599884033203,47.159000396728516,50.215999603271484,0.0,1156044000
2023-08-25,45.92852783203125,46.018001556396484,0.0,47.80500030517578,45.02399826049805,47.012001037597656,0.0,925341000
2023-08-28,46.743934631347656,46.834999084472656,0.0,46.97999954223633,44.88800048828125,46.481998443603516,0.0,685192000
2023-08-29,48.68914794921875,48.784000396728516,0.0,49.08100128173828,46.39099884033203,46.66600036621094,0.0,701397000
2023-08-30,49.168212890625,49.263999938964844,0.0,49.926998138427734,48.42499923706055,49.04399871826172,0.0,735206000
2023-08-31,49.2590446472168,49.35499954223633,0.0,49.74399948120117,48.95800018310547,49.380001068115234,0.0,528570000
2023-09-01,48.41468048095703,48.50899887084961,0.0,49.79999923706055,48.141998291015625,49.762001037597656,0.0,463830000
2023-09-05,48.4536018371582,48.54800033569336,0.0,48.85100173950195,47.86000061035156,48.222999572753906,0.0,382653000
2023-09-06,46.97336196899414,47.06100082397461,0.004,48.54899978637695,46.58000183105469,48.441001892089844,0.0,468670000
2023-09-07,46.1548957824707,46.24100112915039,0.0,46.34400177001953,45.152000427246094,45.525001525878906,0.0,433330000
2023-09-08,45.487152099609375,45.571998596191406,0.0,46.60599899291992,45.270999908447266,45.94200134277344,0.0,473069000
2023-09-11,45.093875885009766,45.178001403808594,0.0,46.16299819946289,44.3120002746582,46.14799880981445,0.0,473966000
2023-09-12,44.78644943237305,44.869998931884766,0.0,45.67300033569336,44.53099822998047,44.737998962402344,0.0,349256000
2023-09-13,45.400306701660156,45.48500061035156,0.0,45.93000030517578,44.50299835205078,44.599998474121094,0.0,398355000
2023-09-14,45.49612045288086,45.58100128173828,0.0,45.98699951171875,45.13100051879883,45.95000076293945,0.0,370097000
2023-09-15,43.81825256347656,43.900001525878906,0.0,45.5989990234375,43.80799865722656,45.340999603271484,0.0,506831000
2023-09-18,43.884132385253906,43.965999603271484,0.0,44.242000579833984,42.0,42.74800109863281,0.0,500271000
2023-09-19,43.438968658447266,43.52000045776367,0.0,43.965999603271484,43.00199890136719,43.83300018310547,0.0,373064000
2023-09-20,42.160343170166016,42.23899841308594,0.0,43.90299987792969,42.222999572753906,43.599998474121094,0.0,367108000
2023-09-21,40.94061279296875,41.016998291015625,0.0,42.099998474121094,40.97999954223633,41.58300018310547,0.0,450736000
2023-09-22,41.53252029418945,41.61000061035156,0.0,42.1150016784668,41.23099899291992,41.571998596191406,0.0,479236000
2023-09-25,42.14337921142578,42.22200012207031,0.0,42.5359992980957,41.176998138427734,41.590999603271484,0.0,419091000
2023-09-26,41.83295822143555,41.9109992980957,0.0,42.81999969482422,41.654998779296875,42.000999450683594,0.0,402282000
2023-09-27,42.388919830322266,42.46799850463867,0.0,42.87200164794922,41.62900161743164,42.33000183105469,0.0,444935000
2023-09-28,43.00876998901367,43.0890007019043,0.0,43.44599914550781,42.1150016784668,42.459999084472656,0.0,424663000
2023-09-29,43.417999267578125,43.499000549316406,0.0,44.14400100708008,43.30699920654297,43.82699966430664,0.0,397830000
2023-10-02,44.698612213134766,44.78200149536133,0.0,45.17499923706055,43.861000061035156,44.029998779296875,0.0,433298000
2023-10-03,43.435970306396484,43.516998291015625,0.0,45.130001068115234,43.24599838256836,44.80799865722656,0.0,470850000
2023-10-04,43.95899200439453,44.04100036621094,0.0,44.143001556396484,43.29199981689453,43.742000579833984,0.0,361821000
2023-10-05,44.60478591918945,44.6879997253418,0.0,44.900001525878906,43.88800048828125,44.04999923706055,0.0,393483000
2023-10-06,45.67678451538086,45.762001037597656,0.0,45.78900146484375,44.0260009765625,44.19300079345703,0.0,434436000
2023-10-09,45.18869400024414,45.27299880981445,0.0,45.60499954223633,44.36800003051758,44.84199905395508,0.0,409675000
2023-10-10,45.71271896362305,45.79800033569336,0.0,46.25899887084961,45.0880012512207,45.310001373291016,0.0,368582000
2023-10-11,46.718841552734375,46.805999755859375,0.0,46.85900115966797,46.04999923706055,46.19599914550781,0.0,378137000
2023-10-12,46.85758972167969,46.94499969482422,0.0,47.60900115966797,46.33000183105469,46.777000427246094,0.0,481325000
2023-10-13,45.376346588134766,45.46099853515625,0.0,47.11600112915039,45.279998779296875,46.959999084472656,0.0,474115000
2023-10-16,46.0091667175293,46.095001220703125,0.0,46.224998474121094,44.9119987487793,45.0629997253418,0.0,375099000
2023-10-17,43.85618209838867,43.9379997253418,0.0,44.75400161743164,42.47999954223633,44.0,0.0,812333000
2023-10-18,42.11742401123047,42.19599914550781,0.0,43.21900177001953,41.82500076293945,42.590999603271484,0.0,627294000
2023-10-19,42.022605895996094,42.10100173950195,0.0,43.297000885009766,41.88199996948242,42.81100082397461,0.0,501233000
2023-10-20,41.309932708740234,41.387001037597656,0.0,42.470001220703125,41.077999114990234,41.88999938964844,0.0,477266000
2023-10-23,42.89497375488281,42.974998474121094,0.0,43.24800109863281,40.94499969482422,41.229000091552734,0.0,478530000
2023-10-24,43.58169174194336,43.66299819946289,0.0,43.696998596191406,42.691001892089844,43.07699966430664,0.0,401463000
2023-10-25,41.701202392578125,41.77899932861328,0.0,43.650001525878906,41.55500030517578,43.39799880981445,0.0,398379000
2023-10-26,40.25090789794922,40.32600021362305,0.0,42.25600051879883,39.880001068115234,41.85300064086914,0.0,541001000
2023-10-27,40.42457962036133,40.5,0.0,41.20600128173828,40.01499938964844,41.130001068115234,0.0,416784000
2023-10-30,41.08435821533203,41.1609992980957,0.0,41.76599884033203,40.48099899291992,41.08700180053711,0.0,388028000
2023-10-31,40.70405960083008,40.779998779296875,0.0,40.87900161743164,39.22999954223633,40.45000076293945,0.0,517969000
2023-11-01,42.246185302734375,42.32500076293945,0.0,42.38100051879883,40.86899948120117,40.88399887084961,0.0,437593000
2023-11-02,43.42498779296875,43.50600051879883,0.0,43.88399887084961,42.89400100708008,43.327999114990234,0.0,409172000
2023-11-03,44.92119598388672,45.005001068115234,0.0,45.308998107910156,43.722999572753906,44.02000045776367,0.0,424610000
2023-11-06,45.665802001953125,45.750999450683594,0.0,45.935001373291016,44.89899826049805,45.28499984741211,0.0,400733000
2023-11-07,45.86943054199219,45.95500183105469,0.0,46.21799850463867,45.15800094604492,45.71900177001953,0.0,343165000
2023-11-08,46.48727798461914,46.57400131225586,0.0,46.867000579833984,45.96799850463867,46.099998474121094,0.0,346719000
2023-11-09,46.862579345703125,46.95000076293945,0.0,48.22999954223633,46.75,47.46699905395508,0.0,540496000
2023-11-10,48.244998931884766,48.334999084472656,0.0,48.47200012207031,47.28300094604492,47.5,0.0,421245000
2023-11-13,48.52946090698242,48.619998931884766,0.0,49.11600112915039,48.0989990234375,48.31999969482422,0.0,384136000
2023-11-14,49.56352615356445,49.65599822998047,0.0,49.83399963378906,49.040000915527344,49.68000030517578,0.0,416954000
2023-11-15,48.79697036743164,48.88800048828125,0.0,49.959999084472656,48.20000076293945,49.935001373291016,0.0,475497000
2023-11-16,49.38786315917969,49.47999954223633,0.0,49.525001525878906,48.33000183105469,48.67900085449219,0.0,339756000
2023-11-17,49.20621109008789,49.29800033569336,0.0,49.71699905395508,49.00699996948242,49.52399826049805,0.0,325205000
2023-11-20,50.31512451171875,50.409000396728516,0.0,50.54800033569336,49.180999755859375,49.3120002746582,0.0,414120000
2023-11-21,49.85100173950195,49.944000244140625,0.0,50.516998291015625,49.22200012207031,50.125999450683594,0.0,565747000
2023-11-22,48.625282287597656,48.715999603271484,0.0,50.334999084472656,47.689998626708984,49.85200119018555,0.0,899420000
2023-11-24,47.687034606933594,47.7760009765625,0.0,48.92100143432617,47.744998931884766,48.470001220703125,0.0,294645000
2023-11-27,48.15217208862305,48.242000579833984,0.0,48.529998779296875,47.652000427246094,47.79999923706055,0.0,395662000
2023-11-28,47.73195266723633,47.82099914550781,0.0,48.323001861572266,47.472999572753906,48.236000061035156,0.0,401491000
2023-11-29,48.05035400390625,48.13999938964844,0.0,48.762001037597656,47.86000061035156,48.37900161743164,0.0,382005000
2023-11-30,46.68291473388672,46.77000045776367,0.0,48.11000061035156,46.422000885009766,48.02399826049805,0.0,526247000
2023-12-01,46.677921295166016,46.76499938964844,0.0,47.20000076293945,46.1870002746582,46.525001525878906,0.0,369317000
2023-12-04,45.425254821777344,45.5099983215332,0.0,46.07699966430664,45.0099983215332,46.07699966430664,0.0,437543000
2023-12-05,46.48337173461914,46.566001892089844,0.004,46.599998474121094,45.270999908447266,45.465999603271484,0.0,371718000
2023-12-06,45.422264099121094,45.50299835205078,0.0,47.387001037597656,45.4119987487793,47.21500015258789,0.0,380590000
2023-12-07,46.51332092285156,46.59600067138672,0.0,46.62900161743164,45.604000091552734,45.70000076293945,0.0,350823000
2023-12-08,47.42171096801758,47.50600051879883,0.0,47.74100112915039,46.54999923706055,46.595001220703125,0.0,359224000
2023-12-11,46.54426956176758,46.62699890136719,0.0,47.53099822998047,45.83000183105469,47.49100112915039,0.0,509728000
2023-12-12,47.57244110107422,47.65700149536133,0.0,47.66600036621094,46.04600143432617,46.04600143432617,0.0,372387000
2023-12-13,48.0026741027832,48.0880012512207,0.0,48.59400177001953,47.608001708984375,47.62900161743164,0.0,447792000
2023-12-14,48.26420974731445,48.349998474121094,0.0,48.66999816894531,47.422000885009766,48.38999938964844,0.0,391232000
2023-12-15,48.80325698852539,48.88999938964844,0.0,49.40399932861328,48.119998931884766,48.194000244140625,0.0,479948000
2023-12-18,49.98814392089844,50.07699966430664,0.0,50.43299865722656,49.150001525878906,49.400001525878906,0.0,412587000
2023-12-19,49.51598358154297,49.604000091552734,0.0,49.70000076293945,48.89500045776367,49.42399978637695,0.0,464444000
2023-12-20,48.025638580322266,48.111000061035156,0.0,49.999000549316406,48.097999572753906,49.654998779296875,0.0,397894000
2023-12-21,48.903076171875,48.9900016784668,0.0,49.095001220703125,48.41899871826172,48.81100082397461,0.0,300425000
2023-12-22,48.74335861206055,48.83000183105469,0.0,49.382999420166016,48.46699905395508,49.19499969482422,0.0,252507000
2023-12-26,49.191566467285156,49.27899932861328,0.0,49.599998474121094,48.959999084472656,48.96799850463867,0.0,244200000
2023-12-27,49.32931900024414,49.41699981689453,0.0,49.68000030517578,49.084999084472656,49.51100158691406,0.0,233648000
2023-12-28,49.43413162231445,49.52199935913086,0.0,49.88399887084961,49.4119987487793,49.643001556396484,0.0,246587000
2023-12-29,49.43413162231445,49.52199935913086,0.0,49.99700164794922,48.750999450683594,49.8129997253418,0.0,389293000
2024-01-02,48.08253479003906,48.167999267578125,0.0,49.29499816894531,47.595001220703125,49.24399948120117,0.0,411254000
2024-01-03,47.484596252441406,47.569000244140625,0.0,48.183998107910156,47.31999969482422,47.48500061035156,0.0,320896000
2024-01-04,47.91283416748047,47.99800109863281,0.0,48.5,47.507999420166016,47.766998291015625,0.0,306535000
2024-01-05,49.009883880615234,49.09700012207031,0.0,49.547000885009766,48.305999755859375,48.46200180053711,0.0,415039000
2024-01-08,52.160282135009766,52.25299835205078,0.0,52.275001525878906,49.479000091552734,49.512001037597656,0.0,642510000
2024-01-09,53.045711517333984,53.13999938964844,0.0,54.32500076293945,51.689998626708984,52.4010009765625,0.0,773100000
2024-01-10,54.253562927246094,54.349998474121094,0.0,54.599998474121094,53.48899841308594,53.61600112915039,0.0,533796000
2024-01-11,54.724727630615234,54.821998596191406,0.0,55.34600067138672,53.560001373291016,54.999000549316406,0.0,596759000
2024-01-12,54.6129264831543,54.709999084472656,0.0,54.970001220703125,54.33000183105469,54.619998931884766,0.0,352994000
2024-01-16,56.281959533691406,56.38199996948242,0.0,56.834999084472656,54.900001525878906,55.018001556396484,0.0,449580000
2024-01-17,55.953548431396484,56.053001403808594,0.0,56.47100067138672,54.7400016784668,56.34700012207031,0.0,474394000
2024-01-18,57.005672454833984,57.106998443603516,0.0,57.599998474121094,56.106998443603516,57.2599983215332,0.0,491650000
2024-01-19,59.38544464111328,59.49100112915039,0.0,59.5,57.224998474121094,57.98899841308594,0.0,543501000
2024-01-22,59.54815673828125,59.65399932861328,0.0,60.33100128173828,59.06999969482422,60.04899978637695,0.0,452955000
2024-01-23,59.766761779785156,59.87300109863281,0.0,59.90999984741211,58.584999084472656,59.56999969482422,0.0,294654000
2024-01-24,61.25313186645508,61.36199951171875,0.0,62.8489990234375,59.9379997253418,60.30400085449219,0.0,560271000
2024-01-25,61.507667541503906,61.617000579833984,0.0,62.71900177001953,60.849998474121094,62.349998474121094,0.0,482777000
2024-01-26,60.92271423339844,61.03099822998047,0.0,61.78300094604492,60.573001861572266,60.959999084472656,0.0,390309000
2024-01-29,62.354164123535156,62.46500015258789,0.0,62.48899841308594,60.90700149536133,61.231998443603516,0.0,348733000
2024-01-30,62.66261672973633,62.77399826049805,0.0,63.49300003051758,62.2599983215332,62.900001525878906,0.0,410735000
2024-01-31,61.41783142089844,61.527000427246094,0.0,62.26900100708008,60.70000076293945,61.439998626708984,0.0,453795000
2024-02-01,62.91516876220703,63.027000427246094,0.0,63.191001892089844,61.650001525878906,62.099998474121094,0.0,369146000
2024-02-02,66.04261016845703,66.16000366210938,0.0,66.5999984741211,63.689998626708984,63.9739990234375,0.0,476578000
2024-02-05,69.20897674560547,69.33200073242188,0.0,69.49700164794922,67.20500183105469,68.2249984741211,0.0,680078000
2024-02-06,68.10195922851562,68.2229995727539,0.0,69.75399780273438,66.30000305175781,69.62999725341797,0.0,683111000
2024-02-07,69.97461700439453,70.0989990234375,0.0,70.22000122070312,67.5999984741211,68.31900024414062,0.0,495575000
2024-02-08,69.5174331665039,69.64099884033203,0.0,70.79399871826172,69.45500183105469,70.0739974975586,0.0,414422000
2024-02-09,72.00502014160156,72.13300323486328,0.0,72.18499755859375,70.21199798583984,70.53299713134766,0.0,436637000
2024-02-12,72.11980438232422,72.24800109863281,0.0,74.61100006103516,71.25,72.5999984741211,0.0,613710000
2024-02-13,72.00003051757812,72.12799835205078,0.0,73.44999694824219,69.62000274658203,70.4000015258789,0.0,602580000
2024-02-14,73.76888275146484,73.9000015258789,0.0,74.23600006103516,71.93800354003906,73.2020034790039,0.0,504917000
2024-02-15,72.52908325195312,72.65799713134766,0.0,73.9749984741211,72.4000015258789,73.86900329589844,0.0,420122000
2024-02-16,72.4841537475586,72.61299896240234,0.0,74.4020004272461,72.5009994506836,74.0999984741211,0.0,495327000
2024-02-20,69.32878112792969,69.4520034790039,0.0,71.95600128173828,67.73400115966797,71.9469985961914,0.0,704833000
2024-02-21,67.35228729248047,67.47200012207031,0.0,68.88800048828125,66.24800109863281,68.00599670410156,0.0,673755000
2024-02-22,78.3986587524414,78.53800201416016,0.0,78.57499694824219,74.22000122070312,75.0250015258789,0.0,865100000
2024-02-23,78.67715454101562,78.81700134277344,0.0,82.39399719238281,77.56999969482422,80.79000091552734,0.0,829388000
2024-02-26,78.95166778564453,79.09200286865234,0.0,80.64600372314453,78.50499725341797,79.69999694824219,0.0,503973000
2024-02-27,78.56136322021484,78.70099639892578,0.0,79.4800033569336,77.16200256347656,79.38099670410156,0.0,391705000
2024-02-28,77.52519989013672,77.66300201416016,0.0,78.93299865722656,77.125,77.62000274658203,0.0,393110000
2024-02-29,78.97163391113281,79.11199951171875,0.0,79.98999786376953,78.3499984741211,79.09400177001953,0.0,507289000
2024-03-01,82.13300323486328,82.27899932861328,0.0,82.30000305175781,79.43499755859375,80.0,0.0,479135000
2024-03-04,85.08576202392578,85.23699951171875,0.0,87.69499969482422,83.71900177001953,84.12999725341797,0.0,615616000
2024-03-05,85.81550598144531,85.96399688720703,0.004,86.09700012207031,83.41699981689453,85.2699966430664,0.0,520639000
2024-03-06,88.5467758178711,88.69999694824219,0.0,89.7239990234375,87.02999877929688,88.02200317382812,0.0,582520000
2024-03-07,92.50891876220703,92.66899871826172,0.0,92.76699829101562,89.60199737548828,90.15799713134766,0.0,608119000
2024-03-08,87.37678527832031,87.52799987792969,0.0,97.4000015258789,86.50599670410156,95.13800048828125,0.0,1142269000
2024-03-11,85.62582397460938,85.77400207519531,0.0,88.7969970703125,84.16600036621094,86.42900085449219,0.0,678364000
2024-03-12,91.75421905517578,91.91300201416016,0.0,91.95999908447266,86.1500015258789,88.04900360107422,0.0,668075000
2024-03-13,90.73099517822266,90.88800048828125,0.0,91.50399780273438,88.43499755859375,91.05500030517578,0.0,635713000
2024-03-14,87.79207611083984,87.94400024414062,0.0,90.64600372314453,86.5999984741211,89.5770034790039,0.0,602318000
2024-03-15,87.68527221679688,87.83699798583984,0.0,89.5459976196289,86.25700378417969,86.93000030517578,0.0,642086000
2024-03-18,88.30219268798828,88.45500183105469,0.0,92.40499877929688,87.08499908447266,90.38800048828125,0.0,668976000
2024-03-19,89.24356842041016,89.39800262451172,0.0,90.54399871826172,85.01000213623047,86.69999694824219,0.0,672171000
2024-03-20,90.21588134765625,90.37200164794922,0.0,90.41000366210938,88.2229995727539,89.7969970703125,0.0,479063000
2024-03-21,91.27703094482422,91.43499755859375,0.0,92.64800262451172,90.40499877929688,92.30000305175781,0.0,480372000
2024-03-22,94.12610626220703,94.28900146484375,0.0,94.77799987792969,90.83399963378906,91.14099884033203,0.0,586719000
2024-03-25,94.83787536621094,95.00199890136719,0.0,96.76599884033203,93.51000213623047,93.94100189208984,0.0,552136000
2024-03-26,92.4011001586914,92.56099700927734,0.0,96.375,92.50199890136719,95.85099792480469,0.0,513648000
2024-03-27,90.0940933227539,90.25,0.0,93.23999786376953,89.12300109863281,93.11199951171875,0.0,586067000
2024-03-28,90.19991302490234,90.35600280761719,0.0,91.30000305175781,89.19300079345703,90.0,0.0,435212000
2024-04-01,90.20690155029297,90.36299896240234,0.0,92.2249984741211,89.2040023803711,90.29900360107422,0.0,452441000
2024-04-02,89.29747772216797,89.4520034790039,0.0,90.09400177001953,87.62000274658203,88.447998046875,0.0,433064000
2024-04-03,88.81031799316406,88.96399688720703,0.0,90.3740005493164,88.4000015258789,88.48400115966797,0.0,370067000
2024-04-04,85.75659942626953,85.90499877929688,0.0,90.63400268554688,85.87999725341797,90.40599822998047,0.0,434965000
2024-04-05,87.85597229003906,88.00800323486328,0.0,88.48100280761719,85.9260025024414,86.86599731445312,0.0,399678000
2024-04-08,86.98248291015625,87.13300323486328,0.0,88.83000183105469,86.73200225830078,88.69999694824219,0.0,283220000
2024-04-09,85.20654296875,85.35399627685547,0.0,87.63500213623047,83.02200317382812,87.44200134277344,0.0,501700000
2024-04-10,86.8886489868164,87.03900146484375,0.0,87.4000015258789,83.70899963378906,83.9260025024414,0.0,431929000
2024-04-11,90.45945739746094,90.61599731445312,0.0,90.73899841308594,86.9260025024414,87.41999816894531,0.0,431637000
2024-04-12,88.03364562988281,88.18599700927734,0.0,90.17500305175781,87.52999877929688,89.6989974975586,0.0,426805000
2024-04-15,85.85242462158203,86.0009994506836,0.0,90.61299896240234,85.92900085449219,89.0979995727539,0.0,443077000
2024-04-16,87.26399230957031,87.41500091552734,0.0,88.11799621582031,86.06400299072266,86.43299865722656,0.0,370453000
2024-04-17,83.88983154296875,84.03500366210938,0.0,88.7750015258789,83.94999694824219,88.33999633789062,0.0,495400000
2024-04-18,84.52471923828125,84.6709976196289,0.0,86.19000244140625,82.4020004272461,84.97000122070312,0.0,447260000
2024-04-19,76.06837463378906,76.19999694824219,0.0,84.3239974975586,75.60600280761719,83.1500015258789,0.0,875198000
2024-04-22,79.38063049316406,79.51799774169922,0.0,80.072998046875,76.4000015258789,78.10399627685547,0.0,596341000
2024-04-23,82.28060913085938,82.4229965209961,0.0,82.76899719238281,80.26399993896484,80.76899719238281,0.0,438559000
2024-04-24,79.53936004638672,79.677001953125,0.0,84.08200073242188,79.18299865722656,83.94999694824219,0.0,512208000
2024-04-25,82.4892578125,82.63200378417969,0.0,83.322998046875,78.2229995727539,78.86799621582031,0.0,424641000
2024-04-26,87.58345794677734,87.73500061035156,0.0,88.33100128173828,83.38700103759766,83.81800079345703,0.0,551011000
2024-04-29,87.60540008544922,87.75700378417969,0.0,87.99199676513672,85.26599884033203,87.59500122070312,0.0,388971000
2024-04-30,86.25273895263672,86.4020004272461,0.0,88.81900024414062,86.30000305175781,87.23999786376953,0.0,363709000
2024-05-01,82.89753723144531,83.04100036621094,0.0,86.0,81.25499725341797,85.0770034790039,0.0,559863000
2024-05-02,85.66875457763672,85.81700134277344,0.0,86.23699951171875,83.19999694824219,84.4489974975586,0.0,377898000
2024-05-03,88.6356201171875,88.78900146484375,0.0,89.28099822998047,87.04000091552734,87.78900146484375,0.0,398341000
2024-05-06,91.9808349609375,92.13999938964844,0.0,92.22000122070312,89.05500030517578,89.38999938964844,0.0,376203000
2024-05-07,90.39757537841797,90.55400085449219,0.0,91.78099822998047,89.01100158691406,91.0979995727539,0.0,437342000
2024-05-08,90.25581359863281,90.41200256347656,0.0,91.19400024414062,89.41999816894531,89.48300170898438,0.0,325721000
2024-05-09,88.59369659423828,88.74700164794922,0.0,91.0719985961914,88.23100280761719,90.52899932861328,0.0,378013000
2024-05-10,89.72273254394531,89.87799835205078,0.0,91.4010009765625,89.22699737548828,90.30500030517578,0.0,335325000
2024-05-13,90.24283599853516,90.39900207519531,0.0,90.99800109863281,88.52899932861328,90.47799682617188,0.0,289680000
2024-05-14,91.19818115234375,91.35600280761719,0.0,91.6510009765625,88.93399810791016,89.5989990234375,0.0,296507000
2024-05-15,94.4665298461914,94.62999725341797,0.0,94.86199951171875,91.5989990234375,92.47200012207031,0.0,417735000
2024-05-16,94.19599914550781,94.35900115966797,0.0,95.81900024414062,94.10299682617188,94.91000366210938,0.0,323952000
2024-05-17,92.31924438476562,92.47899627685547,0.0,94.73999786376953,91.80599975585938,94.36900329589844,0.0,359691000
2024-05-20,94.61626434326172,94.77999877929688,0.0,95.19999694824219,93.44000244140625,93.75,0.0,318764000
2024-05-21,95.22122192382812,95.38600158691406,0.0,95.4000015258789,93.18000030517578,93.5989990234375,0.0,328946000
2024-05-22,94.78596496582031,94.94999694824219,0.0,96.0199966430664,93.2490005493164,95.45899963378906,0.0,548648000
2024-05-23,103.61968994140625,103.79900360107422,0.0,106.31999969482422,101.5199966430664,102.02799987792969,0.0,835065000
2024-05-24,106.28507232666016,106.46900177001953,0.0,106.4749984741211,103.0,104.4489974975586,0.0,429494000
2024-05-28,113.70423889160156,113.9010009765625,0.0,114.93900299072266,109.88300323486328,110.24400329589844,0.0,652728000
2024-05-29,114.62664794921875,114.82499694824219,0.0,115.49199676513672,110.9010009765625,113.05000305175781,0.0,557442000
2024-05-30,110.30911254882812,110.5,0.0,115.81900024414062,109.66300201416016,114.6500015258789,0.0,484553000
2024-05-31,109.44361877441406,109.63300323486328,0.0,112.71700286865234,106.94000244140625,112.5199966430664,0.0,613263000
2024-06-03,114.80133819580078,115.0,0.0,115.0,112.00299835205078,113.62100219726562,0.0,438392000
2024-06-04,116.23584747314453,116.43699645996094,0.0,116.5999984741211,114.04499816894531,115.71600341796875,0.0,403324000
2024-06-05,122.2284927368164,122.44000244140625,0.0,122.4489974975586,117.46800231933594,118.37100219726562,0.0,528402000
2024-06-06,120.7889633178711,120.99800109863281,0.0,125.58699798583984,118.31999969482422,124.0479965209961,0.0,664696000
2024-06-07,120.6791763305664,120.88800048828125,0.0,121.69200134277344,118.02200317382812,119.7699966430664,0.0,412386000
2024-06-10,121.5796127319336,121.79000091552734,0.0,123.0999984741211,117.01000213623047,120.37000274658203,10.0,313434100
2024-06-11,120.71104431152344,120.91000366210938,0.01,122.87000274658203,118.73999786376953,121.7699966430664,0.0,222551200
2024-06-12,124.99398040771484,125.19999694824219,0.0,126.87999725341797,122.56999969482422,123.05999755859375,0.0,299595000
2024-06-13,129.39674377441406,129.61000061035156,0.0,129.8000030517578,127.16000366210938,129.38999938964844,0.0,260704500
2024-06-14,131.66299438476562,131.8800048828125,0.0,132.83999633789062,128.32000732421875,129.9600067138672,0.0,309320400
2024-06-17,130.76449584960938,130.97999572753906,0.0,133.72999572753906,129.5800018310547,132.99000549316406,0.0,288504400
2024-06-18,135.35691833496094,135.5800018310547,0.0,136.3300018310547,130.69000244140625,131.13999938964844,0.0,294335100
2024-06-20,130.56480407714844,130.77999877929688,0.0,140.75999450683594,129.52000427246094,139.8000030517578,0.0,517768400
2024-06-21,126.36173248291016,126.56999969482422,0.0,130.6300048828125,124.30000305175781,127.12000274658203,0.0,649445800
2024-06-24,117.91564178466797,118.11000061035156,0.0,124.45999908447266,118.04000091552734,123.23999786376953,0.0,476060900
2024-06-25,125.88250732421875,126.08999633789062,0.0,126.5,119.31999969482422,121.19999694824219,0.0,414192600
2024-06-26,126.19200897216797,126.4000015258789,0.0,128.1199951171875,122.5999984741211,126.12999725341797,0.0,362975900
2024-06-27,123.78597259521484,123.98999786376953,0.0,126.41000366210938,122.91999816894531,124.0999984741211,0.0,252571700
2024-06-28,123.33671569824219,123.54000091552734,0.0,127.70999908447266,122.75,124.58000183105469,0.0,315516700
2024-07-01,124.09547424316406,124.30000305175781,0.0,124.83999633789062,118.83000183105469,123.47000122070312,0.0,284885500
2024-07-02,122.46814727783203,122.66999816894531,0.0,123.41000366210938,121.02999877929688,121.12999725341797,0.0,218374000
2024-07-03,128.0689239501953,128.27999877929688,0.0,128.27999877929688,121.36000061035156,121.66000366210938,0.0,215749000
2024-07-05,125.6229476928711,125.83000183105469,0.0,128.85000610351562,125.68000030517578,127.37999725341797,0.0,214176700
2024-07-08,127.98904418945312,128.1999969482422,0.0,130.77000427246094,127.04000091552734,127.48999786376953,0.0,237677300
2024-07-09,131.163818359375,131.3800048828125,0.0,133.82000732421875,128.64999389648438,130.35000610351562,0.0,285366600
2024-07-10,134.68800354003906,134.91000366210938,0.0,135.10000610351562,132.4199981689453,134.02999877929688,0.0,248978600
2024-07-11,127.19036865234375,127.4000015258789,0.0,136.14999389648438,127.05000305175781,135.75,0.0,374782700
2024-07-12,129.02732849121094,129.24000549316406,0.0,131.9199981689453,127.22000122070312,128.25999450683594,0.0,252680500
2024-07-15,128.22865295410156,128.44000244140625,0.0,131.38999938964844,127.18000030517578,130.55999755859375,0.0,208326200
2024-07-16,126.1520767211914,126.36000061035156,0.0,129.0399932861328,124.58000183105469,128.44000244140625,0.0,214769500
2024-07-17,117.79583740234375,117.98999786376953,0.0,121.8499984741211,116.72000122070312,121.3499984741211,0.0,390086200
2024-07-18,120.89073181152344,121.08999633789062,0.0,122.4000015258789,116.55999755859375,121.8499984741211,0.0,320979500
2024-07-19,117.73595428466797,117.93000030517578,0.0,121.5999984741211,117.37000274658203,120.3499984741211,0.0,217223800
2024-07-22,123.33671569824219,123.54000091552734,0.0,124.06999969482422,119.86000061035156,120.3499984741211,0.0,258068900
2024-07-23,122.38827514648438,122.58999633789062,0.0,124.69000244140625,122.0999984741211,122.77999877929688,0.0,173911000
2024-07-24,114.06199645996094,114.25,0.0,119.94999694824219,113.44000244140625,119.16999816894531,0.0,327776900
2024-07-25,112.0952377319336,112.27999877929688,0.0,116.62999725341797,106.30000305175781,113.04000091552734,0.0,460067000
2024-07-26,112.87395477294922,113.05999755859375,0.0,116.19999694824219,111.58000183105469,116.19000244140625,0.0,293399100
2024-07-29,111.40637969970703,111.58999633789062,0.0,116.27999877929688,111.30000305175781,113.69000244140625,0.0,248152100
2024-07-30,103.55931091308594,103.7300033569336,0.0,111.98999786376953,102.54000091552734,111.5199966430664,0.0,486833300
2024-07-31,116.82743072509766,117.0199966430664,0.0,118.33999633789062,110.87999725341797,112.9000015258789,0.0,473174200
2024-08-01,109.03028869628906,109.20999908447266,0.0,120.16000366210938,106.80999755859375,117.52999877929688,0.0,523462300
2024-08-02,107.09347534179688,107.2699966430664,0.0,108.72000122070312,101.37000274658203,103.76000213623047,0.0,482027500
2024-08-05,100.28471374511719,100.44999694824219,0.0,103.41000366210938,90.69000244140625,92.05999755859375,0.0,552842400
2024-08-06,104.07845306396484,104.25,0.0,107.70999908447266,100.55000305175781,103.83999633789062,0.0,409012100
2024-08-07,98.74724578857422,98.91000366210938,0.0,108.80000305175781,98.69000244140625,107.80999755859375,0.0,411440400
2024-08-08,104.79727172851562,104.97000122070312,0.0,105.5,97.5199966430664,102.0,0.0,391910000
2024-08-09,104.57763671875,104.75,0.0,106.5999984741211,103.43000030517578,105.63999938964844,0.0,290844200
2024-08-12,108.84061431884766,109.0199966430664,0.0,111.06999969482422,106.26000213623047,106.31999969482422,0.0,325559900
2024-08-13,115.94889068603516,116.13999938964844,0.0,116.2300033569336,111.58000183105469,112.44000244140625,0.0,312646700
2024-08-14,117.88570404052734,118.08000183105469,0.0,118.5999984741211,114.06999969482422,118.52999877929688,0.0,339246400
2024-08-15,122.6578369140625,122.86000061035156,0.0,123.23999786376953,117.47000122070312,118.76000213623047,0.0,318086700
2024-08-16,124.375,124.58000183105469,0.0,125.0,121.18000030517578,121.94000244140625,0.0,302589900
2024-08-19,129.7860565185547,130.0,0.0,130.0,123.41999816894531,124.27999877929688,0.0,318333600
2024-08-20,127.04061126708984,127.25,0.0,129.8800048828125,125.88999938964844,128.39999389648438,0.0,300087400
2024-08-21,128.28855895996094,128.5,0.0,129.35000610351562,126.66000366210938,127.31999969482422,0.0,257883600
2024-08-22,123.53638458251953,123.73999786376953,0.0,130.75,123.0999984741211,130.02000427246094,0.0,376189100
2024-08-23,129.15711975097656,129.3699951171875,0.0,129.60000610351562,125.22000122070312,125.86000061035156,0.0,323230300
2024-08-26,126.25191497802734,126.45999908447266,0.0,131.25999450683594,124.37000274658203,129.57000732421875,0.0,331964700
2024-08-27,128.0889129638672,128.3000030517578,0.0,129.1999969482422,123.87999725341797,125.05000305175781,0.0,303134600
2024-08-28,125.40331268310547,125.61000061035156,0.0,128.3300018310547,122.63999938964844,128.1199951171875,0.0,448101100
2024-08-29,117.39649963378906,117.58999633789062,0.0,124.43000030517578,116.70999908447266,121.36000061035156,0.0,453023300
2024-08-30,119.173583984375,119.37000274658203,0.0,121.75,117.22000122070312,119.52999877929688,0.0,333751600
2024-09-03,107.8222885131836,108.0,0.0,116.20999908447266,107.29000091552734,116.01000213623047,0.0,477155100
2024-09-04,106.03522491455078,106.20999908447266,0.0,113.2699966430664,104.12000274658203,105.41000366210938,0.0,372470300
2024-09-05,107.0335922241211,107.20999908447266,0.0,109.6500015258789,104.76000213623047,104.98999786376953,0.0,306850700
2024-09-06,102.66079711914062,102.83000183105469,0.0,108.1500015258789,100.94999694824219,108.04000091552734,0.0,413638100
2024-09-09,106.29479217529297,106.47000122070312,0.0,106.55000305175781,103.69000244140625,104.87999725341797,0.0,273912000
2024-09-10,107.922119140625,108.0999984741211,0.0,109.4000015258789,104.94999694824219,107.80999755859375,0.0,268283700
2024-09-11,116.7176284790039,116.91000366210938,0.0,117.19000244140625,107.41999816894531,109.38999938964844,0.0,441422400
2024-09-12,118.95413208007812,119.13999938964844,0.01,120.79000091552734,115.37999725341797,116.83999633789062,0.0,366052700
2024-09-13,118.9141845703125,119.0999984741211,0.0,119.95999908447266,117.5999984741211,119.08000183105469,0.0,238358300
2024-09-16,116.5978012084961,116.77999877929688,0.0,118.18000030517578,114.36000061035156,116.79000091552734,0.0,248772300
2024-09-17,115.40966033935547,115.58999633789062,0.0,118.80000305175781,114.83000183105469,118.16999816894531,0.0,231925900
2024-09-18,113.19313049316406,113.37000274658203,0.0,117.69999694824219,113.22000122070312,115.88999938964844,0.0,310318900
2024-09-19,117.68610382080078,117.87000274658203,0.0,119.66000366210938,117.25,117.3499984741211,0.0,293506400
2024-09-20,115.81901550292969,116.0,0.0,118.62000274658203,115.38999938964844,117.05999755859375,0.0,382462400
2024-09-23,116.07862854003906,116.26000213623047,0.0,116.98999786376953,114.86000061035156,116.55000305175781,0.0,206228500
2024-09-24,120.68142700195312,120.87000274658203,0.0,121.80000305175781,115.37999725341797,116.5199966430664,0.0,354966800
2024-09-25,123.31732177734375,123.51000213623047,0.0,124.94000244140625,121.61000061035156,122.0199966430664,0.0,284692900
2024-09-26,123.84648895263672,124.04000091552734,0.0,127.66999816894531,121.80000305175781,126.80000305175781,0.0,302582900
2024-09-27,121.21060180664062,121.4000015258789,0.0,124.02999877929688,119.26000213623047,123.97000122070312,0.0,271009200
2024-09-30,121.25054931640625,121.44000244140625,0.0,121.5,118.1500015258789,118.30999755859375,0.0,226553700
2024-10-01,116.81745910644531,117.0,0.0,122.44000244140625,115.79000091552734,121.7699966430664,0.0,302094500
2024-10-02,118.66458129882812,118.8499984741211,0.0,119.37999725341797,115.13999938964844,116.44000244140625,0.0,221845900
2024-10-03,122.65834045410156,122.8499984741211,0.0,124.36000061035156,120.33999633789062,120.91999816894531,0.0,277118000
2024-10-04,124.72511291503906,124.91999816894531,0.0,125.04000091552734,121.83000183105469,124.94000244140625,0.0,243678100
2024-10-07,127.52073669433594,127.72000122070312,0.0,130.63999938964844,124.94999694824219,124.98999786376953,0.0,346250200
2024-10-08,132.68267822265625,132.88999938964844,0.0,133.47999572753906,129.4199981689453,130.25999450683594,0.0,285722500
2024-10-09,132.44305419921875,132.64999389648438,0.0,134.52000427246094,131.3800048828125,134.11000061035156,0.0,246191600
2024-10-10,134.59970092773438,134.80999755859375,0.0,135.0,131.0,131.91000366210938,0.0,242311300
2024-10-11,134.5897216796875,134.8000030517578,0.0,135.77999877929688,133.66000366210938,134.00999450683594,0.0,170209500
2024-10-14,137.85462951660156,138.07000732421875,0.0,139.60000610351562,136.3000030517578,136.47000122070312,0.0,232347700
2024-10-15,131.3946990966797,131.60000610351562,0.0,138.57000732421875,128.74000549316406,137.8699951171875,0.0,377831000
2024-10-16,135.5082550048828,135.72000122070312,0.0,136.6199951171875,131.5800018310547,133.97999572753906,0.0,264879700
2024-10-17,136.7163848876953,136.92999267578125,0.0,140.88999938964844,136.8699951171875,139.33999633789062,0.0,306435900
2024-10-18,137.78469848632812,138.0,0.0,138.89999389648438,137.27999877929688,138.6699981689453,0.0,176090200
2024-10-21,143.4857940673828,143.7100067138672,0.0,143.7100067138672,138.0,138.1300048828125,0.0,264554500
2024-10-22,143.36599731445312,143.58999633789062,0.0,144.4199981689453,141.77999877929688,142.91000366210938,0.0,226311600
2024-10-23,139.34228515625,139.55999755859375,0.0,142.42999267578125,137.4600067138672,142.02999877929688,0.0,285930000
2024-10-24,140.19094848632812,140.41000366210938,0.0,141.35000610351562,138.4600067138672,140.82000732421875,0.0,172354900
2024-10-25,141.31918334960938,141.5399932861328,0.0,144.1300048828125,140.8000030517578,140.92999267578125,0.0,205122100
2024-10-28,140.30076599121094,140.52000427246094,0.0,143.13999938964844,140.0500030517578,143.0,0.0,173586700
2024-10-29,141.02963256835938,141.25,0.0,142.25999450683594,138.89999389648438,140.2899932861328,0.0,157593600
2024-10-30,139.12261962890625,139.33999633789062,0.0,140.3300018310547,136.80999755859375,139.5399932861328,0.0,179418100
2024-10-31,132.55288696289062,132.75999450683594,0.0,137.61000061035156,132.11000061035156,137.60000610351562,0.0,270039600
2024-11-01,135.18875122070312,135.39999389648438,0.0,137.30999755859375,134.57000732421875,134.6999969482422,0.0,207127800
2024-11-04,135.83775329589844,136.0500030517578,0.0,138.9600067138672,135.57000732421875,137.2100067138672,0.0,187528200
2024-11-05,139.6917266845703,139.91000366210938,0.0,140.3699951171875,137.3300018310547,137.4499969482422,0.0,160537400
2024-11-06,145.38282775878906,145.61000061035156,0.0,146.49000549316406,141.9600067138672,142.9600067138672,0.0,242043900
2024-11-07,148.64776611328125,148.8800048828125,0.0,148.92999267578125,146.1699981689453,146.38999938964844,0.0,207323300
2024-11-08,147.399658203125,147.6300048828125,0.0,149.77000427246094,146.25999450683594,148.77000427246094,0.0,175665800
2024-11-11,145.03338623046875,145.25999450683594,0.0,148.85000610351562,143.57000732421875,148.67999267578125,0.0,182325600
2024-11-12,148.0586395263672,148.2899932861328,0.0,149.64999389648438,146.00999450683594,146.77999877929688,0.0,198634700
2024-11-13,146.0417938232422,146.27000427246094,0.0,149.3300018310547,145.89999389648438,149.07000732421875,0.0,191903300
2024-11-14,146.53102111816406,146.75999450683594,0.0,149.0,145.5500030517578,147.63999938964844,0.0,194463300
2024-11-15,141.75848388671875,141.97999572753906,0.0,145.24000549316406,140.0800018310547,144.8699951171875,0.0,250132900
2024-11-18,139.93133544921875,140.14999389648438,0.0,141.5500030517578,137.14999389648438,139.5,0.0,221205300
2024-11-19,146.7806396484375,147.00999450683594,0.0,147.1300048828125,140.99000549316406,141.32000732421875,0.0,227834900
2024-11-20,145.66238403320312,145.88999938964844,0.0,147.55999755859375,142.72999572753906,147.41000366210938,0.0,309871700
2024-11-21,146.4412078857422,146.6699981689453,0.0,152.88999938964844,140.6999969482422,149.35000610351562,0.0,400946600
2024-11-22,141.72854614257812,141.9499969482422,0.0,147.16000366210938,141.10000610351562,145.92999267578125,0.0,236406200
2024-11-25,135.8077850341797,136.02000427246094,0.0,142.0500030517578,135.82000732421875,141.99000549316406,0.0,344941900
2024-11-26,136.70639038085938,136.9199981689453,0.0,139.3000030517578,135.6699981689453,137.6999969482422,0.0,190287700
2024-11-27,135.1288604736328,135.33999633789062,0.0,137.22000122070312,131.8000030517578,135.00999450683594,0.0,226370900
2024-11-29,138.03431701660156,138.25,0.0,139.35000610351562,136.0500030517578,136.77999877929688,0.0,141863200
2024-12-02,138.41372680664062,138.6300048828125,0.0,140.4499969482422,137.82000732421875,138.8300018310547,0.0,171682800
2024-12-03,140.0411834716797,140.25999450683594,0.0,140.5399932861328,137.9499969482422,138.25999450683594,0.0,164414000
2024-12-04,144.91355895996094,145.13999938964844,0.0,145.7899932861328,140.2899932861328,142.0,0.0,231224300
2024-12-05,144.8436737060547,145.05999755859375,0.01,146.5399932861328,143.9499969482422,145.11000061035156,0.0,172621200
2024-12-06,142.22760009765625,142.44000244140625,0.0,145.6999969482422,141.30999755859375,144.60000610351562,0.0,188505600
2024-12-09,138.6029815673828,138.80999755859375,0.0,139.9499969482422,137.1300048828125,138.97000122070312,0.0,189308600
2024-12-10,134.86859130859375,135.07000732421875,0.0,141.82000732421875,133.7899932861328,139.00999450683594,0.0,210020900
2024-12-11,139.10223388671875,139.30999755859375,0.0,140.1699981689453,135.2100067138672,137.36000061035156,0.0,184905200
2024-12-12,137.13519287109375,137.33999633789062,0.0,138.44000244140625,135.8000030517578,137.0800018310547,0.0,159211400
2024-12-13,134.0498046875,134.25,0.0,139.60000610351562,132.5399932861328,138.94000244140625,0.0,231514900
2024-12-16,131.80313110351562,132.0,0.0,134.39999389648438,130.4199981689453,134.17999267578125,0.0,237951100
2024-12-17,130.195556640625,130.38999938964844,0.0,131.58999633789062,126.86000061035156,129.08999633789062,0.0,259410300
2024-12-18,128.71774291992188,128.91000366210938,0.0,136.6999969482422,128.27999877929688,133.86000061035156,0.0,277444500
2024-12-19,130.485107421875,130.67999267578125,0.0,134.02999877929688,129.5500030517578,131.75999450683594,0.0,209719200
2024-12-20,134.49911499023438,134.6999969482422,0.0,135.27999877929688,128.22000122070312,129.80999755859375,0.0,306528600
2024-12-23,139.46170043945312,139.6699981689453,0.0,139.7899932861328,135.1199951171875,136.27999877929688,0.0,176053500
2024-12-24,140.01089477539062,140.22000122070312,0.0,141.89999389648438,138.64999389648438,140.0,0.0,105157000
2024-12-26,139.7213134765625,139.92999267578125,0.0,140.85000610351562,137.72999572753906,139.6999969482422,0.0,116205600
2024-12-27,136.8056640625,137.00999450683594,0.0,139.02000427246094,134.7100067138672,138.5500030517578,0.0,170582600
2024-12-30,137.2849578857422,137.49000549316406,0.0,140.27000427246094,134.02000427246094,134.8300018310547,0.0,167734700
2024-12-31,134.0897216796875,134.2899932861328,0.0,138.07000732421875,133.8300018310547,138.02999877929688,0.0,155659200
2025-01-02,138.10374450683594,138.30999755859375,0.0,138.8800048828125,134.6300048828125,136.0,0.0,198247200
2025-01-03,144.2545623779297,144.47000122070312,0.0,144.89999389648438,139.72999572753906,140.00999450683594,0.0,229322500
2025-01-06,149.2071533203125,149.42999267578125,0.0,152.16000366210938,147.82000732421875,148.58999633789062,0.0,265377400
2025-01-07,139.93099975585938,140.13999938964844,0.0,153.1300048828125,140.00999450683594,153.02999877929688,0.0,351782200
2025-01-08,139.9010467529297,140.11000061035156,0.0,143.9499969482422,137.55999755859375,142.5800018310547,0.0,227349900
2025-01-10,135.70733642578125,135.91000366210938,0.0,139.9199981689453,134.22000122070312,137.4499969482422,0.0,207602500
2025-01-13,133.03131103515625,133.22999572753906,0.0,133.49000549316406,129.50999450683594,129.99000549316406,0.0,204808900
2025-01-14,131.56349182128906,131.75999450683594,0.0,136.3800048828125,130.0500030517578,136.0500030517578,0.0,195590500
2025-01-15,136.03683471679688,136.24000549316406,0.0,136.4499969482422,131.2899932861328,133.64999389648438,0.0,185217300
2025-01-16,133.3708038330078,133.57000732421875,0.0,138.75,133.49000549316406,138.63999938964844,0.0,209235600
2025-01-17,137.50462341308594,137.7100067138672,0.0,138.5,135.4600067138672,136.69000244140625,0.0,201188800
2025-01-21,140.61996459960938,140.8300018310547,0.0,141.8300018310547,137.08999633789062,139.16000366210938,0.0,197749000
2025-01-22,146.85067749023438,147.07000732421875,0.0,147.7899932861328,143.6699981689453,144.66000366210938,0.0,237651400
2025-01-23,147.00047302246094,147.22000122070312,0.0,147.22999572753906,143.72000122070312,145.0500030517578,0.0,155915500
2025-01-24,142.4073028564453,142.6199951171875,0.0,148.97000122070312,141.8800048828125,148.3699951171875,0.0,234657600
2025-01-27,118.24339294433594,118.41999816894531,0.0,128.39999389648438,116.69999694824219,124.80000305175781,0.0,818830900
2025-01-28,128.79763793945312,128.99000549316406,0.0,129.0,116.25,121.80999755859375,0.0,579666400
2025-01-29,123.5155258178711,123.69999694824219,0.0,126.88999938964844,120.05000305175781,126.5,0.0,467120600
2025-01-30,124.46410369873047,124.6500015258789,0.0,125.0,118.0999984741211,123.0999984741211,0.0,392925500
2025-01-31,119.89093017578125,120.06999969482422,0.0,127.8499984741211,119.19000244140625,123.77999877929688,0.0,388161100
2025-02-03,116.48603057861328,116.66000366210938,0.0,118.56999969482422,113.01000213623047,114.75,0.0,371235700
2025-02-04,118.47305297851562,118.6500015258789,0.0,121.19999694824219,116.69999694824219,116.95999908447266,0.0,256550000
2025-02-05,124.64384460449219,124.83000183105469,0.0,125.0,120.76000213623047,121.76000213623047,0.0,262230800
2025-02-06,128.48806762695312,128.67999267578125,0.0,128.77000427246094,125.20999908447266,127.41999816894531,0.0,251483600
2025-02-07,129.6463623046875,129.83999633789062,0.0,130.3699951171875,125.0,129.22000122070312,0.0,228186300
2025-02-10,133.3708038330078,133.57000732421875,0.0,135.0,129.9600067138672,130.08999633789062,0.0,216989100
2025-02-11,132.6019744873047,132.8000030517578,0.0,134.47999572753906,131.02000427246094,132.5800018310547,0.0,178902400
2025-02-12,130.94444274902344,131.13999938964844,0.0,132.24000549316406,129.0800018310547,130.02000427246094,0.0,160278600
2025-02-13,135.08824157714844,135.2899932861328,0.0,136.5,131.1699981689453,131.55999755859375,0.0,197430000
2025-02-14,138.64292907714844,138.85000610351562,0.0,139.25,135.5,136.47999572753906,0.0,195479600
2025-02-18,139.19210815429688,139.39999389648438,0.0,143.44000244140625,137.92999267578125,141.27000427246094,0.0,219176600
2025-02-19,139.02235412597656,139.22999572753906,0.0,141.36000061035156,137.22000122070312,139.50999450683594,0.0,167536000
2025-02-20,139.9010467529297,140.11000061035156,0.0,140.66000366210938,136.7899932861328,140.02999877929688,0.0,143903600
2025-02-21,134.22952270507812,134.42999267578125,0.0,141.4600067138672,134.02999877929688,140.0399932861328,0.0,228217600
2025-02-24,130.08570861816406,130.27999877929688,0.0,138.58999633789062,130.0800018310547,136.55999755859375,0.0,251381100
2025-02-25,126.4411392211914,126.62999725341797,0.0,130.1999969482422,124.44000244140625,129.97999572753906,0.0,271428700
2025-02-26,131.08424377441406,131.27999877929688,0.0,133.72999572753906,128.49000549316406,129.99000549316406,0.0,322553800
2025-02-27,119.97080993652344,120.1500015258789,0.0,135.00999450683594,120.01000213623047,135.0,0.0,443175800
2025-02-28,124.73370361328125,124.91999816894531,0.0,125.08999633789062,116.4000015258789,118.0199966430664,0.0,389091100
2025-03-03,113.88990020751953,114.05999755859375,0.0,123.69999694824219,112.27999877929688,123.51000213623047,0.0,411381400
2025-03-04,115.81702423095703,115.98999786376953,0.0,119.30999755859375,110.11000061035156,110.6500015258789,0.0,398163300
2025-03-05,117.12506866455078,117.30000305175781,0.0,118.27999877929688,114.51000213623047,117.58000183105469,0.0,284337900
2025-03-06,110.40511322021484,110.56999969482422,0.0,115.3499984741211,110.22000122070312,113.52999877929688,0.0,321181900
2025-03-07,112.52194213867188,112.69000244140625,0.0,113.4800033569336,107.55999755859375,111.25,0.0,341755500
2025-03-10,106.82044982910156,106.9800033569336,0.0,111.8499984741211,105.45999908447266,109.9000015258789,0.0,366487400
2025-03-11,108.59780883789062,108.76000213623047,0.0,112.23999786376953,104.7699966430664,106.98999786376953,0.0,354865700
2025-03-12,115.57803344726562,115.73999786376953,0.01,116.76000213623047,112.87999725341797,114.12000274658203,0.0,323857500
2025-03-13,115.41825103759766,115.58000183105469,0.0,117.76000213623047,113.79000091552734,117.02999877929688,0.0,299033100
2025-03-14,121.49972534179688,121.66999816894531,0.0,121.87999725341797,118.1500015258789,118.61000061035156,0.0,277593500
2025-03-17,119.36272430419922,119.52999877929688,0.0,122.88999938964844,118.02999877929688,122.73999786376953,0.0,255501500
2025-03-18,115.2684555053711,115.43000030517578,0.0,119.0199966430664,114.54000091552734,118.0,0.0,299686900
2025-03-19,117.35552978515625,117.5199966430664,0.0,120.44999694824219,115.68000030517578,117.2699966430664,0.0,273426200
2025-03-20,118.3641128540039,118.52999877929688,0.0,120.19999694824219,116.47000122070312,116.55000305175781,0.0,248829700
2025-03-21,117.5352783203125,117.69999694824219,0.0,117.98999786376953,115.41999816894531,116.94000244140625,0.0,266498500
2025-03-24,121.24009704589844,121.41000366210938,0.0,122.22000122070312,119.33999633789062,119.87999725341797,0.0,228452500
2025-03-25,120.52110290527344,120.69000244140625,0.0,121.29000091552734,118.91999816894531,120.55000305175781,0.0,167447200
2025-03-26,113.60079956054688,113.76000213623047,0.0,118.83999633789062,112.70999908447266,118.7300033569336,0.0,293463300
2025-03-27,111.2740707397461,111.43000030517578,0.0,114.44999694824219,110.66000366210938,111.3499984741211,0.0,236902100
2025-03-28,109.51652526855469,109.66999816894531,0.0,112.87000274658203,109.06999969482422,111.48999786376953,0.0,229872500
2025-03-31,108.22832489013672,108.37999725341797,0.0,110.95999908447266,103.6500015258789,105.12999725341797,0.0,299212700
2025-04-01,109.995849609375,110.1500015258789,0.0,110.19999694824219,106.47000122070312,108.5199966430664,0.0,222614000
2025-04-02,110.26547241210938,110.41999816894531,0.0,111.9800033569336,106.79000091552734,107.29000091552734,0.0,220601200
2025-04-03,101.65753936767578,101.80000305175781,0.0,105.62999725341797,101.5999984741211,103.51000213623047,0.0,338769400
2025-04-04,94.17802429199219,94.30999755859375,0.0,100.12999725341797,92.11000061035156,98.91000366210938,0.0,532273800
2025-04-07,97.50334930419922,97.63999938964844,0.0,101.75,86.62000274658203,87.45999908447266,0.0,611041300
2025-04-08,96.16523742675781,96.30000305175781,0.0,105.8499984741211,94.45999908447266,103.80999755859375,0.0,476243400
2025-04-09,114.16999816894531,114.33000183105469,0.0,115.0999984741211,97.52999877929688,98.88999938964844,0.0,612918300
2025-04-10,107.4194564819336,107.56999969482422,0.0,110.86000061035156,99.1500015258789,109.37000274658203,0.0,437812400
2025-04-11,110.7747573852539,110.93000030517578,0.0,111.55000305175781,107.4800033569336,108.5,0.0,313417300
2025-04-14,110.55506134033203,110.70999908447266,0.0,114.29000091552734,109.06999969482422,114.11000061035156,0.0,264705000
2025-04-15,112.04297637939453,112.19999694824219,0.0,113.62000274658203,110.5,110.97000122070312,0.0,228966900
2025-04-16,104.34376525878906,104.48999786376953,0.0,106.79000091552734,100.44999694824219,104.55000305175781,0.0,397016900
2025-04-17,101.34796142578125,101.48999786376953,0.0,104.47000122070312,100.05000305175781,104.44999694824219,0.0,292517500
2025-04-21,96.77438354492188,96.91000366210938,0.0,99.44000244140625,95.04000091552734,98.7699966430664,0.0,288501100
2025-04-22,98.75160217285156,98.88999938964844,0.0,99.80999755859375,97.27999877929688,98.77999877929688,0.0,241004800
2025-04-23,102.56625366210938,102.70999908447266,0.0,104.80000305175781,102.0199966430664,104.5199966430664,0.0,247526000
2025-04-24,106.28104400634766,106.43000030517578,0.0,106.54000091552734,103.11000061035156,103.4800033569336,0.0,220815000
2025-04-25,110.85466003417969,111.01000213623047,0.0,111.91999816894531,105.7300033569336,106.8499984741211,0.0,251064700
2025-04-28,108.57783508300781,108.7300033569336,0.0,110.37000274658203,106.0199966430664,109.69000244140625,0.0,207708500
2025-04-29,108.86742401123047,109.0199966430664,0.0,110.19999694824219,107.44000244140625,107.66999816894531,0.0,170444300
2025-04-30,108.76756286621094,108.91999816894531,0.0,108.91999816894531,104.08000183105469,104.47000122070312,0.0,235044600
2025-05-01,111.45380401611328,111.61000061035156,0.0,114.94000244140625,111.30000305175781,113.08000183105469,0.0,236121500
2025-05-02,114.33976745605469,114.5,0.0,115.4000015258789,113.37000274658203,114.18000030517578,0.0,190194800
2025-05-05,113.66071319580078,113.81999969482422,0.0,114.66999816894531,112.66000366210938,112.91000366210938,0.0,133163200
2025-05-06,113.38111877441406,113.54000091552734,0.0,114.73999786376953,110.81999969482422,111.4800033569336,0.0,158525600
2025-05-07,116.89618682861328,117.05999755859375,0.0,117.68000030517578,112.27999877929688,113.05000305175781,0.0,206758800
2025-05-08,117.20575714111328,117.37000274658203,0.0,118.68000030517578,115.8499984741211,118.25,0.0,198428100
2025-05-09,116.48675537109375,116.6500015258789,0.0,118.2300033569336,115.20999908447266,117.3499984741211,0.0,132972200
2025-05-12,122.82787322998047,123.0,0.0,123.0,120.27999877929688,121.97000122070312,0.0,225023300
2025-05-13,129.7481689453125,129.92999267578125,0.0,131.22000122070312,124.47000122070312,124.9800033569336,0.0,330430100
2025-05-14,135.15060424804688,135.33999633789062,0.0,135.44000244140625,131.67999267578125,133.1999969482422,0.0,281180800
2025-05-15,134.64129638671875,134.8300018310547,0.0,136.3000030517578,132.66000366210938,134.2899932861328,0.0,226632600
2025-05-16,135.21051025390625,135.39999389648438,0.0,136.35000610351562,133.4600067138672,136.22000122070312,0.0,226542500
2025-05-19,135.3802947998047,135.57000732421875,0.0,135.8699951171875,132.38999938964844,132.38999938964844,0.0,193154600
2025-05-20,134.19192504882812,134.3800048828125,0.0,134.5800018310547,132.6199951171875,134.2899932861328,0.0,161514200
2025-05-21,131.6155548095703,131.8000030517578,0.0,137.39999389648438,130.58999633789062,133.05999755859375,0.0,270608700
2025-05-22,132.64413452148438,132.8300018310547,0.0,134.25,131.5500030517578,132.22999572753906,0.0,187344000
2025-05-23,131.10626220703125,131.2899932861328,0.0,132.67999267578125,129.16000366210938,130.0,0.0,198821300
2025-05-27,135.31036376953125,135.5,0.0,135.66000366210938,133.30999755859375,134.14999389648438,0.0,192953600
2025-05-28,134.621337890625,134.80999755859375,0.0,137.25,134.7899932861328,136.02999877929688,0.0,304021100
2025-05-29,138.99522399902344,139.19000244140625,0.0,143.49000549316406,137.91000366210938,142.25,0.0,369241900
2025-05-30,134.94088745117188,135.1300048828125,0.0,139.6199951171875,132.9199981689453,138.72000122070312,0.0,333170900
2025-06-02,137.187744140625,137.3800048828125,0.0,138.1199951171875,135.39999389648438,135.49000549316406,0.0,197663100
2025-06-03,141.02236938476562,141.22000122070312,0.0,142.0,137.9499969482422,138.77999877929688,0.0,225578800
2025-06-04,141.72137451171875,141.9199981689453,0.0,142.38999938964844,139.5399932861328,142.19000244140625,0.0,167120800
2025-06-05,139.79408264160156,139.99000549316406,0.0,144.0,138.8300018310547,142.1699981689453,0.0,231397900
2025-06-06,141.5216827392578,141.72000122070312,0.0,143.27000427246094,141.50999450683594,142.50999450683594,0.0,153986200
2025-06-09,142.43040466308594,142.6300048828125,0.0,145.0,141.94000244140625,143.19000244140625,0.0,185114500
2025-06-10,143.758544921875,143.9600067138672,0.0,144.2899932861328,141.52999877929688,142.69000244140625,0.0,155881900
2025-06-11,142.64002990722656,142.8300018310547,0.01,144.99000549316406,141.8699951171875,144.61000061035156,0.0,167694000
2025-06-12,144.80714416503906,145.0,0.0,145.0,141.85000610351562,141.97000122070312,0.0,162365000
2025-06-13,141.7811737060547,141.97000122070312,0.0,143.5800018310547,140.85000610351562,142.47999572753906,0.0,180820600
2025-06-16,144.49754333496094,144.69000244140625,0.0,146.17999267578125,143.1999969482422,143.35000610351562,0.0,183133700
2025-06-17,143.9282989501953,144.1199951171875,0.0,145.22000122070312,143.77999877929688,144.49000549316406,0.0,139108000
2025-06-18,145.2864990234375,145.47999572753906,0.0,145.64999389648438,143.1199951171875,144.00999450683594,0.0,161494100
2025-06-20,143.65866088867188,143.85000610351562,0.0,146.1999969482422,142.64999389648438,145.4499969482422,0.0,242956200
2025-06-23,143.97824096679688,144.1699981689453,0.0,144.77999877929688,142.02999877929688,142.5,0.0,154308900
2025-06-24,147.70326232910156,147.89999389648438,0.0,147.9600067138672,145.5,145.55999755859375,0.0,187566100
2025-06-25,154.104736328125,154.30999755859375,0.0,154.4499969482422,149.25999450683594,149.27000427246094,0.0,269146500
2025-06-26,154.81381225585938,155.02000427246094,0.0,156.72000122070312,154.0,155.97999572753906,0.0,198145700
2025-06-27,157.54017639160156,157.75,0.0,158.7100067138672,155.25999450683594,156.0399932861328,0.0,263234500
2025-06-30,157.77984619140625,157.99000549316406,0.0,158.66000366210938,155.9600067138672,158.39999389648438,0.0,194580300
2025-07-01,153.09608459472656,153.3000030517578,0.0,157.1999969482422,151.49000549316406,156.2899932861328,0.0,213143600
2025-07-02,157.0408477783203,157.25,0.0,157.60000610351562,152.97000122070312,152.97999572753906,0.0,171224100
2025-07-03,159.1280517578125,159.33999633789062,0.0,160.97999572753906,157.77000427246094,158.3699951171875,0.0,143716100
2025-07-07,158.02951049804688,158.24000549316406,0.0,159.30999755859375,157.33999633789062,158.1999969482422,0.0,140139000
2025-07-08,159.78717041015625,160.0,0.0,160.22000122070312,158.38999938964844,159.3300018310547,0.0,138133000
2025-07-09,162.66334533691406,162.8800048828125,0.0,164.4199981689453,161.16000366210938,161.22000122070312,0.0,183656400
2025-07-10,163.88172912597656,164.10000610351562,0.0,164.5,161.61000061035156,164.32000732421875,0.0,167704100
2025-07-11,164.7006378173828,164.9199981689453,0.0,167.88999938964844,163.47000122070312,163.72000122070312,0.0,193633300
2025-07-14,163.85177612304688,164.07000732421875,0.0,165.49000549316406,162.02000427246094,165.3699951171875,0.0,136975800
2025-07-15,170.4729461669922,170.6999969482422,0.0,172.39999389648438,169.1999969482422,171.19000244140625,0.0,230627400
2025-07-16,171.14205932617188,171.3699951171875,0.0,171.75,168.89999389648438,171.05999755859375,0.0,158831500
2025-07-17,172.76988220214844,173.0,0.0,174.16000366210938,170.8300018310547,172.02000427246094,0.0,160841100
2025-07-18,172.18067932128906,172.41000366210938,0.0,174.25,171.25999450683594,173.63999938964844,0.0,146456400
2025-07-21,171.15203857421875,171.3800048828125,0.0,173.3800048828125,171.0,172.75,0.0,123126100
2025-07-22,166.80783081054688,167.02999877929688,0.0,171.38999938964844,164.5800018310547,171.33999633789062,0.0,193114300
2025-07-23,170.5528564453125,170.77999877929688,0.0,171.25999450683594,167.97000122070312,169.52999877929688,0.0,154082200
2025-07-24,173.50892639160156,173.74000549316406,0.0,173.8300018310547,171.3000030517578,172.44000244140625,0.0,128984600
2025-07-25,173.26922607421875,173.5,0.0,174.72000122070312,172.9600067138672,173.61000061035156,0.0,122316800
2025-07-28,176.51490783691406,176.75,0.0,177.0,173.97000122070312,174.02000427246094,0.0,140023500
2025-07-29,175.2765350341797,175.50999450683594,0.0,179.3800048828125,175.02000427246094,177.9600067138672,0.0,154077500
2025-07-30,179.03155517578125,179.27000427246094,0.0,179.88999938964844,176.0399932861328,176.50999450683594,0.0,174312200
2025-07-31,177.6334228515625,177.8699951171875,0.0,183.3000030517578,175.92999267578125,182.89999389648438,0.0,221685400
2025-08-01,173.4889373779297,173.72000122070312,0.0,176.5399932861328,170.88999938964844,174.08999633789062,0.0,204529000
2025-08-04,179.7605743408203,180.0,0.0,180.1999969482422,174.52000427246094,175.16000366210938,0.0,148174600
2025-08-05,178.02288818359375,178.25999450683594,0.0,180.25999450683594,175.89999389648438,179.6199951171875,0.0,156407600
2025-08-06,179.1813507080078,179.4199981689453,0.0,179.89999389648438,176.25,176.3300018310547,0.0,137192300
2025-08-07,180.52957153320312,180.77000427246094,0.0,183.8800048828125,178.8000030517578,181.57000732421875,0.0,151878400
2025-08-08,182.4569854736328,182.6999969482422,0.0,183.3000030517578,180.39999389648438,181.5500030517578,0.0,123396700
2025-08-11,181.81784057617188,182.05999755859375,0.0,183.83999633789062,180.25,182.0500030517578,0.0,138323200
2025-08-12,182.9163818359375,183.16000366210938,0.0,184.47999572753906,179.4600067138672,182.9600067138672,0.0,145485700
2025-08-13,181.3484649658203,181.58999633789062,0.0,183.97000122070312,179.35000610351562,182.6199951171875,0.0,179871700
2025-08-14,181.77789306640625,182.02000427246094,0.0,183.02000427246094,179.4600067138672,179.75,0.0,129554000
2025-08-15,180.20997619628906,180.4499969482422,0.0,181.89999389648438,178.0399932861328,181.8800048828125,0.0,156602200
2025-08-18,181.7678985595703,182.00999450683594,0.0,182.94000244140625,180.58999633789062,180.60000610351562,0.0,132008000
2025-08-19,175.40638732910156,175.63999938964844,0.0,182.5,175.49000549316406,182.42999267578125,0.0,185229200
2025-08-20,175.1667022705078,175.39999389648438,0.0,176.0,168.8000030517578,175.1699981689453,0.0,215142700
2025-08-21,174.7472381591797,174.97999572753906,0.0,176.89999389648438,173.80999755859375,174.85000610351562,0.0,140040900
2025-08-22,177.7532501220703,177.99000549316406,0.0,178.58999633789062,171.1999969482422,172.61000061035156,0.0,172789400
2025-08-25,179.57083129882812,179.80999755859375,0.0,181.91000366210938,176.57000732421875,178.35000610351562,0.0,163012800
2025-08-26,181.52822875976562,181.77000427246094,0.0,182.38999938964844,178.80999755859375,180.05999755859375,0.0,168688200
2025-08-27,181.35845947265625,181.60000610351562,0.0,182.49000549316406,179.10000610351562,181.97999572753906,0.0,235518900
2025-08-28,179.9303436279297,180.1699981689453,0.0,184.47000122070312,176.41000366210938,180.82000732421875,0.0,281787800
2025-08-29,173.94830322265625,174.17999267578125,0.0,178.14999389648438,173.14999389648438,178.11000061035156,0.0,243257900
2025-09-02,170.5528564453125,170.77999877929688,0.0,172.3800048828125,167.22000122070312,170.0,0.0,231164900
2025-09-03,170.39305114746094,170.6199951171875,0.0,172.41000366210938,168.8800048828125,171.05999755859375,0.0,164424900
2025-09-04,171.43167114257812,171.66000366210938,0.0,171.86000061035156,169.41000366210938,170.57000732421875,0.0,141670100
2025-09-05,166.7978515625,167.02000427246094,0.0,169.02999877929688,164.07000732421875,168.02999877929688,0.0,224441400
2025-09-08,168.0861358642578,168.30999755859375,0.0,170.9600067138672,167.35000610351562,167.5500030517578,0.0,163769100
2025-09-09,170.53286743164062,170.75999450683594,0.0,170.97999572753906,166.74000549316406,169.08999633789062,0.0,157548400
2025-09-10,177.09414672851562,177.3300018310547,0.0,179.2899932861328,175.47000122070312,176.63999938964844,0.0,226852000
2025-09-11,176.94430541992188,177.1699981689453,0.01,180.27999877929688,176.47999572753906,179.67999267578125,0.0,151159300
2025-09-12,177.593505859375,177.82000732421875,0.0,178.60000610351562,176.4499969482422,177.77000427246094,0.0,124911000
2025-09-15,177.52357482910156,177.75,0.0,178.85000610351562,174.50999450683594,175.6699981689453,0.0,147061600
2025-09-16,174.65724182128906,174.8800048828125,0.0,177.5,174.3800048828125,177.0,0.0,140737800
2025-09-17,170.0730743408203,170.2899932861328,0.0,173.1999969482422,168.41000366210938,172.63999938964844,0.0,211843800
2025-09-18,176.01551818847656,176.24000549316406,0.0,177.10000610351562,172.9600067138672,173.97999572753906,0.0,191763300
2025-09-19,176.4449462890625,176.6699981689453,0.0,178.0800018310547,175.17999267578125,175.77000427246094,0.0,237182100
2025-09-22,183.37612915039062,183.61000061035156,0.0,184.5500030517578,174.7100067138672,175.3000030517578,0.0,269637000
2025-09-23,178.2027130126953,178.42999267578125,0.0,182.4199981689453,176.2100067138672,181.97000122070312,0.0,192559600
2025-09-24,176.74456787109375,176.97000122070312,0.0,179.77999877929688,175.39999389648438,179.77000427246094,0.0,143564100
2025-09-25,177.4636688232422,177.69000244140625,0.0,180.25999450683594,173.1300048828125,174.47999572753906,0.0,191586700
2025-09-26,177.96302795410156,178.19000244140625,0.0,179.77000427246094,174.92999267578125,178.1699981689453,0.0,148573700
2025-09-29,181.6183624267578,181.85000610351562,0.0,184.0,180.32000732421875,180.42999267578125,0.0,193063500
2025-09-30,186.3423309326172,186.5800018310547,0.0,187.35000610351562,181.47999572753906,182.0800018310547,0.0,236981000
2025-10-01,187.0015106201172,187.24000549316406,0.0,188.13999938964844,183.89999389648438,185.24000549316406,0.0,173844900
2025-10-02,188.64939880371094,188.88999938964844,0.0,191.0500030517578,188.05999755859375,189.60000610351562,0.0,136805800
2025-10-03,187.38099670410156,187.6199951171875,0.0,190.36000061035156,185.3800048828125,189.19000244140625,0.0,137596900
2025-10-06,185.3036651611328,185.5399932861328,0.0,187.22999572753906,183.3300018310547,185.5,0.0,157678100
2025-10-07,184.80429077148438,185.0399932861328,0.0,189.05999755859375,184.0,186.22999572753906,0.0,140088000
2025-10-08,188.86911010742188,189.11000061035156,0.0,189.60000610351562,186.5399932861328,186.57000732421875,0.0,130168900
2025-10-09,192.32470703125,192.57000732421875,0.0,195.3000030517578,191.05999755859375,192.22999572753906,0.0,182997200
2025-10-10,182.92669677734375,183.16000366210938,0.0,195.6199951171875,182.0500030517578,193.50999450683594,0.0,268774400
2025-10-13,188.08013916015625,188.32000732421875,0.0,190.11000061035156,185.9600067138672,187.97000122070312,0.0,153482800
2025-10-14,179.80067443847656,180.02999877929688,0.0,184.8000030517578,179.6999969482422,184.77000427246094,0.0,205641400
2025-10-15,179.60093688964844,179.8300018310547,0.0,184.8699951171875,177.2899932861328,184.8000030517578,0.0,214450500
2025-10-16,181.57839965820312,181.80999755859375,0.0,183.27999877929688,179.77000427246094,182.22999572753906,0.0,179723300
2025-10-17,182.9866180419922,183.22000122070312,0.0,184.10000610351562,179.75,180.17999267578125,0.0,173135200
2025-10-20,182.4073486328125,182.63999938964844,0.0,185.1999969482422,181.72999572753906,183.1300048828125,0.0,128544700
2025-10-21,180.9292449951172,181.16000366210938,0.0,182.7899932861328,179.8000030517578,182.7899932861328,0.0,124240200
2025-10-22,180.05035400390625,180.27999877929688,0.0,183.44000244140625,176.75999450683594,181.13999938964844,0.0,162249600
2025-10-23,181.92796325683594,182.16000366210938,0.0,183.02999877929688,179.7899932861328,180.4199981689453,0.0,111363700
2025-10-24,186.02273559570312,186.25999450683594,0.0,187.47000122070312,183.5,183.83999633789062,0.0,131296700
2025-10-27,191.24609375,191.49000549316406,0.0,192.0,188.42999267578125,189.99000549316406,0.0,153452700
2025-10-28,200.77392578125,201.02999877929688,0.0,203.14999389648438,191.91000366210938,193.0500030517578,0.0,297986200
2025-10-29,206.77627563476562,207.0399932861328,0.0,212.19000244140625,204.77999877929688,207.97999572753906,0.0,308829600
2025-10-30,202.63156127929688,202.88999938964844,0.0,206.16000366210938,201.41000366210938,205.14999389648438,0.0,178864400
2025-10-31,202.23207092285156,202.49000549316406,0.0,207.97000122070312,202.07000732421875,206.4499969482422,0.0,179802200
2025-11-03,206.61648559570312,206.8800048828125,0.0,211.33999633789062,205.55999755859375,208.0800018310547,0.0,180267300
2025-11-04,198.43690490722656,198.69000244140625,0.0,203.97000122070312,197.92999267578125,203.0,0.0,188919300
2025-11-05,194.9613494873047,195.2100067138672,0.0,202.9199981689453,194.64999389648438,198.77000427246094,0.0,171350300
2025-11-06,187.84043884277344,188.0800018310547,0.0,197.6199951171875,186.3800048828125,196.4199981689453,0.0,223029800
2025-11-07,187.91030883789062,188.14999389648438,0.0,188.32000732421875,178.91000366210938,184.89999389648438,0.0,264942300
2025-11-10,198.7964630126953,199.0500030517578,0.0,199.94000244140625,193.7899932861328,195.11000061035156,0.0,198897100
2025-11-11,192.91395568847656,193.16000366210938,0.0,195.4199981689453,191.3000030517578,195.16000366210938,0.0,176483300
2025-11-12,193.55313110351562,193.8000030517578,0.0,195.88999938964844,191.1300048828125,195.72000122070312,0.0,154935300
2025-11-13,186.62197875976562,186.86000061035156,0.0,191.44000244140625,183.85000610351562,191.0500030517578,0.0,207423100
2025-11-14,189.92774963378906,190.1699981689453,0.0,191.00999450683594,180.5800018310547,182.86000061035156,0.0,186591900
2025-11-17,186.36231994628906,186.60000610351562,0.0,189.0,184.32000732421875,185.97000122070312,0.0,173628900
2025-11-18,181.12899780273438,181.36000061035156,0.0,184.8000030517578,179.64999389648438,183.3800048828125,0.0,213598900
2025-11-19,186.28240966796875,186.52000427246094,0.0,187.86000061035156,182.8300018310547,184.7899932861328,0.0,247246400
2025-11-20,180.40989685058594,180.63999938964844,0.0,196.0,179.85000610351562,195.9499969482422,0.0,343504800
2025-11-21,178.6521453857422,178.8800048828125,0.0,184.55999755859375,172.92999267578125,181.24000549316406,0.0,346926200
2025-11-24,182.31747436523438,182.5500030517578,0.0,183.5,176.47999572753906,179.49000549316406,0.0,256618300
2025-11-25,177.593505859375,177.82000732421875,0.0,178.16000366210938,169.5500030517578,174.91000366210938,0.0,320600300
2025-11-26,180.03036499023438,180.25999450683594,0.0,182.91000366210938,178.24000549316406,181.6300048828125,0.0,183852000
2025-11-28,176.7745361328125,177.0,0.0,179.2899932861328,176.5,179.00999450683594,0.0,121332800
2025-12-01,179.69081115722656,179.9199981689453,0.0,180.3000030517578,173.67999267578125,174.75999450683594,0.0,188131000
2025-12-02,181.22886657714844,181.4600067138672,0.0,185.66000366210938,180.0,181.75999450683594,0.0,182632200
2025-12-03,179.3612518310547,179.58999633789062,0.0,182.4499969482422,179.11000061035156,181.0800018310547,0.0,165138000
2025-12-04,183.15660095214844,183.3800048828125,0.01,184.52000427246094,179.9600067138672,181.6199951171875,0.0,167364900
2025-12-05,182.1877899169922,182.41000366210938,0.0,184.66000366210938,180.91000366210938,183.88999938964844,0.0,143971100
2025-12-08,185.323974609375,185.5500030517578,0.0,188.0,182.39999389648438,182.63999938964844,0.0,204378100
2025-12-09,184.7446746826172,184.97000122070312,0.0,185.72000122070312,183.32000732421875,185.55999755859375,0.0,144719700
2025-12-10,183.55612182617188,183.77999877929688,0.0,185.47999572753906,182.0399932861328,184.97000122070312,0.0,162785400
2025-12-11,180.70957946777344,180.92999267578125,0.0,181.32000732421875,176.6199951171875,180.27999877929688,0.0,182136600
2025-12-12,174.80679321289062,175.02000427246094,0.0,182.82000732421875,174.6199951171875,181.11000061035156,0.0,204274900
2025-12-15,176.07522583007812,176.2899932861328,0.0,178.4199981689453,175.02999877929688,177.94000244140625,0.0,164775600
2025-12-16,177.5034942626953,177.72000122070312,0.0,178.49000549316406,174.89999389648438,176.25999450683594,0.0,148588100
2025-12-17,170.73175048828125,170.94000244140625,0.0,176.1300048828125,170.30999755859375,176.10000610351562,0.0,222775500
2025-12-18,173.9278564453125,174.13999938964844,0.0,176.14999389648438,171.82000732421875,174.52999877929688,0.0,176096000
2025-12-19,180.76953125,180.99000549316406,0.0,181.4499969482422,176.33999633789062,176.6699981689453,0.0,324925900
2025-12-22,183.4662322998047,183.69000244140625,0.0,184.16000366210938,182.35000610351562,183.9199981689453,0.0,129064400
2025-12-23,188.97952270507812,189.2100067138672,0.0,189.3300018310547,182.89999389648438,182.97000122070312,0.0,174873600
2025-12-24,188.38023376464844,188.61000061035156,0.0,188.91000366210938,186.58999633789062,187.94000244140625,0.0,65528500
2025-12-26,190.2978973388672,190.52999877929688,0.0,192.69000244140625,188.0,189.9199981689453,0.0,139740300
2025-12-29,187.99070739746094,188.22000122070312,0.0,188.75999450683594,185.91000366210938,187.7100067138672,0.0,120006100
2025-12-30,187.31153869628906,187.5399932861328,0.0,188.99000549316406,186.92999267578125,188.24000549316406,0.0,97687300
2025-12-31,186.27279663085938,186.5,0.0,190.55999755859375,186.49000549316406,189.57000732421875,0.0,120100500
2026-01-02,188.6199493408203,188.85000610351562,0.0,192.92999267578125,188.25999450683594,189.83999633789062,0.0,148240500
2026-01-05,187.89083862304688,188.1199951171875,0.0,193.6300048828125,186.14999389648438,191.75999450683594,0.0,183529700
2026-01-06,187.0119171142578,187.24000549316406,0.0,192.1699981689453,186.82000732421875,190.52000427246094,0.0,176862600
2026-01-07,188.87962341308594,189.11000061035156,0.0,191.3699951171875,186.55999755859375,188.57000732421875,0.0,153543200
2026-01-08,184.8145751953125,185.0399932861328,0.0,189.5500030517578,183.7100067138672,189.11000061035156,0.0,172457000
2026-01-09,184.63479614257812,184.86000061035156,0.0,186.33999633789062,183.6699981689453,185.0800018310547,0.0,131327500
2026-01-12,184.71470642089844,184.94000244140625,0.0,187.1199951171875,183.02000427246094,183.22000122070312,0.0,137968500
2026-01-13,185.58364868164062,185.80999755859375,0.0,188.11000061035156,183.39999389648438,185.0,0.0,160128900
2026-01-14,182.91690063476562,183.13999938964844,0.0,184.4600067138672,180.8000030517578,184.32000732421875,0.0,159586100
2026-01-15,186.82212829589844,187.0500030517578,0.0,189.6999969482422,186.3300018310547,186.5,0.0,206188600
2026-01-16,186.0031280517578,186.22999572753906,0.0,190.44000244140625,186.0800018310547,189.0800018310547,0.0,187967200
2026-01-20,177.85308837890625,178.07000732421875,0.0,182.3800048828125,177.61000061035156,181.89999389648438,0.0,223345300
2026-01-21,183.09669494628906,183.32000732421875,0.0,185.3800048828125,178.39999389648438,179.0500030517578,0.0,200381000
2026-01-22,184.6148223876953,184.83999633789062,0.0,186.1699981689453,183.92999267578125,184.75,0.0,139636600
2026-01-23,187.44137573242188,187.6699981689453,0.0,189.60000610351562,186.82000732421875,187.5,0.0,142748100
2026-01-26,186.2428436279297,186.47000122070312,0.0,189.1199951171875,185.99000549316406,187.16000366210938,0.0,124799600
2026-01-27,188.29034423828125,188.52000427246094,0.0,190.0,185.6999969482422,187.24000549316406,0.0,143711600
2026-01-28,191.28668212890625,191.52000427246094,0.0,192.35000610351562,189.83999633789062,191.27000427246094,0.0,148552700
2026-01-29,192.27548217773438,192.50999450683594,0.0,193.47999572753906,186.05999755859375,191.33999633789062,0.0,171764400
2026-01-30,190.8971710205078,191.1300048828125,0.0,194.49000549316406,189.47000122070312,191.2100067138672,0.0,179489500
2026-02-02,185.38388061523438,185.61000061035156,0.0,190.3000030517578,184.8800048828125,187.1999969482422,0.0,165794100
2026-02-03,180.12030029296875,180.33999633789062,0.0,186.27000427246094,176.22999572753906,186.24000549316406,0.0,204019600
2026-02-04,173.97781372070312,174.19000244140625,0.0,179.5800018310547,171.91000366210938,179.4600067138672,0.0,207014100
2026-02-05,171.67062377929688,171.8800048828125,0.0,176.82000732421875,171.02999877929688,174.92999267578125,0.0,206312900
2026-02-06,185.18414306640625,185.41000366210938,0.0,187.0,174.60000610351562,176.69000244140625,0.0,231346200
2026-02-09,189.80848693847656,190.0399932861328,0.0,193.66000366210938,183.9499969482422,184.25999450683594,0.0,196387400
2026-02-10,188.31031799316406,188.5399932861328,0.0,192.47999572753906,188.1199951171875,191.3800048828125,0.0,136764800
2026-02-11,189.81849670410156,190.0500030517578,0.0,193.25999450683594,188.77000427246094,192.4499969482422,0.0,144192700
2026-02-12,186.7122802734375,186.94000244140625,0.0,193.61000061035156,186.50999450683594,193.02999877929688,0.0,189932500
2026-02-13,182.58729553222656,182.80999755859375,0.0,187.5,181.58999633789062,187.47999572753906,0.0,161888000
2026-02-17,184.7446746826172,184.97000122070312,0.0,187.14999389648438,179.17999267578125,181.75,0.0,162276900
2026-02-18,187.75099182128906,187.97999572753906,0.0,190.3699951171875,186.75999450683594,188.75,0.0,164749100
2026-02-19,187.6710968017578,187.89999389648438,0.0,188.42999267578125,185.66000366210938,187.05999755859375,0.0,126554500
2026-02-20,189.58877563476562,189.82000732421875,0.0,190.3300018310547,185.94000244140625,186.57000732421875,0.0,178422300
2026-02-23,191.316650390625,191.5500030517578,0.0,193.9499969482422,189.5800018310547,191.39999389648438,0.0,171584800
2026-02-24,192.61508178710938,192.85000610351562,0.0,193.77000427246094,187.39999389648438,191.49000549316406,0.0,175123600
2026-02-25,195.32176208496094,195.55999755859375,0.0,197.6300048828125,193.7899932861328,194.4499969482422,0.0,250637100
2026-02-26,184.66476440429688,184.88999938964844,0.0,194.2899932861328,184.32000732421875,194.27000427246094,0.0,360807900
2026-02-27,176.97415161132812,177.19000244140625,0.0,182.58999633789062,176.3800048828125,181.25,0.0,311636500
2026-03-02,182.25770568847656,182.47999572753906,0.0,183.4600067138672,174.63999938964844,175.00999450683594,0.0,209095300
2026-03-03,179.83065795898438,180.0500030517578,0.0,180.89999389648438,176.9199981689453,178.49000549316406,0.0,178099400
2026-03-04,182.8170166015625,183.0399932861328,0.0,184.6999969482422,180.05999755859375,180.44000244140625,0.0,177731200
2026-03-05,183.11663818359375,183.33999633789062,0.0,184.05999755859375,177.8800048828125,181.1699981689453,0.0,198779700
2026-03-06,177.6033935546875,177.82000732421875,0.0,182.75999450683594,176.82000732421875,179.83999633789062,0.0,189021900
2026-03-09,182.427490234375,182.64999389648438,0.0,182.91000366210938,175.55999755859375,176.8300018310547,0.0,177213600
2026-03-10,184.54490661621094,184.77000427246094,0.0,186.44000244140625,182.00999450683594,182.39999389648438,0.0,179118500
2026-03-11,185.8134307861328,186.02999877929688,0.01,187.6199951171875,184.4499969482422,185.91000366210938,0.0,145280400
2026-03-12,182.9268035888672,183.13999938964844,0.0,184.94000244140625,181.75,184.0500030517578,0.0,155762700
2026-03-13,180.0401611328125,180.25,0.0,186.08999633789062,179.94000244140625,184.9199981689453,0.0,160988400
2026-03-16,183.0067138671875,183.22000122070312,0.0,188.8800048828125,181.41000366210938,182.97000122070312,0.0,217307400
2026-03-17,181.71820068359375,181.92999267578125,0.0,185.39999389648438,181.67999267578125,185.05999755859375,0.0,182497800
2026-03-18,180.1899871826172,180.39999389648438,0.0,183.3800048828125,180.3300018310547,182.47999572753906,0.0,156683100
2026-03-19,178.3521270751953,178.55999755859375,0.0,179.97999572753906,175.7899932861328,178.00999450683594,0.0,170968500
2026-03-20,172.4989471435547,172.6999969482422,0.0,178.25999450683594,171.72000122070312,178.0,0.0,241323500
2026-03-23,175.43553161621094,175.63999938964844,0.0,178.3699951171875,174.75999450683594,177.25999450683594,0.0,182836300
2026-03-24,174.99603271484375,175.1999969482422,0.0,176.22000122070312,173.97999572753906,174.8300018310547,0.0,147667800
2026-03-25,178.47198486328125,178.67999267578125,0.0,181.22000122070312,176.85000610351562,177.10000610351562,0.0,162602100
2026-03-26,171.04066467285156,171.24000549316406,0.0,176.50999450683594,171.13999938964844,176.07000732421875,0.0,186152200
2026-03-27,167.32498168945312,167.52000427246094,0.0,170.97000122070312,167.00999450683594,170.0,0.0,196212700
2026-03-30,164.97772216796875,165.1699981689453,0.0,169.4499969482422,164.27000427246094,168.77999877929688,0.0,185627000
2026-03-31,174.1969757080078,174.39999389648438,0.0,174.6199951171875,166.9600067138672,166.97000122070312,0.0,226181300
2026-04-01,175.54541015625,175.75,0.0,177.3699951171875,174.75,176.0,0.0,168132000
2026-04-02,177.18348693847656,177.38999938964844,0.0,177.49000549316406,171.3699951171875,172.17999267578125,0.0,143143200
2026-04-06,177.43319702148438,177.63999938964844,0.0,177.7899932861328,175.75999450683594,177.16000366210938,0.0,107564300
2026-04-07,177.89266967773438,178.10000610351562,0.0,178.22999572753906,173.66000366210938,175.72999572753906,0.0,132534900
2026-04-08,181.8680419921875,182.0800018310547,0.0,185.25999450683594,180.3000030517578,184.5,0.0,147732700
2026-04-09,183.69590759277344,183.91000366210938,0.0,184.0800018310547,180.6199951171875,181.83999633789062,0.0,116428500
2026-04-10,188.41041564941406,188.6300048828125,0.0,190.0,184.3000030517578,184.30999755859375,0.0,160459500
2026-04-13,189.08961486816406,189.30999755859375,0.0,189.66000366210938,185.74000549316406,186.02999877929688,0.0,133648200
2026-04-14,196.28123474121094,196.50999450683594,0.0,196.50999450683594,190.77000427246094,190.83999633789062,0.0,161307000
2026-04-15,198.63848876953125,198.8699951171875,0.0,200.39999389648438,195.74000549316406,196.5399932861328,0.0,185338400
2026-04-16,198.1190948486328,198.35000610351562,0.0,199.85000610351562,195.80999755859375,197.42999267578125,0.0,134012900
2026-04-17,201.44520568847656,201.67999267578125,0.0,201.6999969482422,199.27000427246094,199.89999389648438,0.0,160324400
2026-04-20,201.82476806640625,202.05999755859375,0.0,202.1699981689453,197.83999633789062,199.97999572753906,0.0,119381400
2026-04-21,199.64732360839844,199.8800048828125,0.0,202.75,199.0,202.1300048828125,0.0,107945300
2026-04-22,202.26426696777344,202.5,0.0,202.5,199.0,200.99000549316406,0.0,107501000
2026-04-23,199.4075927734375,199.63999938964844,0.0,203.8300018310547,197.22000122070312,202.4600067138672,0.0,113561800
2026-04-24,208.0275421142578,208.27000427246094,0.0,210.9499969482422,199.80999755859375,199.9600067138672,0.0,214134400
2026-04-27,216.3578338623047,216.61000061035156,0.0,216.8300018310547,207.3800048828125,209.64999389648438,0.0,187172400
2026-04-28,212.92184448242188,213.1699981689453,0.0,214.72999572753906,208.1999969482422,209.49000549316406,0.0,180275400
2026-04-29,209.00640869140625,209.25,0.0,212.72000122070312,207.5800018310547,212.6999969482422,0.0,123711800
2026-04-30,199.33767700195312,199.57000732421875,0.0,210.3000030517578,198.6999969482422,209.92999267578125,0.0,225239200
2026-05-01,198.21897888183594,198.4499969482422,0.0,203.0,197.1199951171875,201.27999877929688,0.0,128647000
2026-05-04,198.24893188476562,198.47999572753906,0.0,201.72999572753906,194.74000549316406,199.5,0.0,125368100
2026-05-05,196.271240234375,196.5,0.0,200.24000549316406,196.02999877929688,199.3000030517578,0.0,113406600
2026-05-06,207.5880584716797,207.8300018310547,0.0,208.27000427246094,198.61000061035156,199.88999938964844,0.0,188362800
2026-05-07,211.2537841796875,211.5,0.0,214.1999969482422,206.5,208.33999633789062,0.0,168307900
2026-05-08,214.94947814941406,215.1999969482422,0.0,217.8000030517578,212.88999938964844,213.02999877929688,0.0,136421400
2026-05-11,219.18453979492188,219.44000244140625,0.0,222.3000030517578,213.88999938964844,214.0399932861328,0.0,160685800
2026-05-12,220.52297973632812,220.77999877929688,0.0,223.75,214.9199981689453,218.5500030517578,0.0,159176600
2026-05-13,225.56710815429688,225.8300018310547,0.0,227.83999633789062,221.57000732421875,224.92999267578125,0.0,150405400
2026-05-14,235.465576171875,235.74000549316406,0.0,236.5399932861328,229.3000030517578,229.85000610351562,0.0,180782900
2026-05-15,225.05770874023438,225.32000732421875,0.0,231.5,224.24000549316406,229.75999450683594,0.0,180977600
2026-05-18,222.0612030029297,222.32000732421875,0.0,230.0,218.3699951171875,229.8699951171875,0.0,146280900
2026-05-19,220.35317993164062,220.61000061035156,0.0,224.47999572753906,217.91000366210938,219.6199951171875,0.0,140948200
2026-05-20,223.20985412597656,223.47000122070312,0.0,226.1300048828125,220.5,223.17999267578125,0.0,184201600
2026-05-21,219.25445556640625,219.50999450683594,0.0,227.39999389648438,217.92999267578125,222.2899932861328,0.0,203381800
2026-05-22,215.07933044433594,215.3300018310547,0.0,221.00999450683594,214.8000030517578,220.89999389648438,0.0,169275700
2026-05-26,214.60987854003906,214.86000061035156,0.0,218.17999267578125,212.0,216.5399932861328,0.0,187202600
2026-05-27,212.35250854492188,212.60000610351562,0.0,214.14999389648438,208.77999877929688,214.1199951171875,0.0,167601200
2026-05-28,214.00057983398438,214.25,0.0,215.52000427246094,211.22000122070312,211.27999877929688,0.0,143996000
2026-05-29,210.8942108154297,211.13999938964844,0.0,217.86000061035156,211.1300048828125,214.5800018310547,0.0,289410600
2026-06-01,224.09881591796875,224.36000061035156,0.0,224.8699951171875,215.6999969482422,215.72999572753906,0.0,212850700
2026-06-02,222.56060791015625,222.82000732421875,0.0,232.27999877929688,221.35000610351562,227.17999267578125,0.0,193362900
2026-06-03,214.5,214.75,0.0,222.82000732421875,214.50999450683594,221.72000122070312,0.0,160907000
2026-06-04,218.66000366210938,218.66000366210938,0.25,221.60000610351562,210.97000122070312,213.91000366210938,0.0,169022200
2026-06-05,205.10000610351562,205.10000610351562,0.0,214.8699951171875,204.3300018310547,214.52999877929688,0.0,219655500
2026-06-08,208.63999938964844,208.63999938964844,0.0,210.47000122070312,206.0,210.17999267578125,0.0,138372800
2026-06-09,208.19000244140625,208.19000244140625,0.0,211.39999389648438,199.33999633789062,210.6199951171875,0.0,180962500
2026-06-10,200.4199981689453,200.4199981689453,0.0,207.22000122070312,199.9199981689453,204.42999267578125,0.0,161746600
2026-06-11,204.8699951171875,204.8699951171875,0.0,205.66000366210938,199.5399932861328,201.49000549316406,0.0,158643200
2026-06-12,205.19000244140625,205.19000244140625,0.0,207.07000732421875,203.44000244140625,204.86000061035156,0.0,112001800
2026-06-15,212.4499969482422,212.4499969482422,0.0,212.7100067138672,208.33999633789062,208.9199981689453,0.0,149936700
2026-06-16,207.41000366210938,207.41000366210938,0.0,211.49000549316406,207.2899932861328,211.17999267578125,0.0,125694100
2026-06-17,204.64999389648438,204.64999389648438,0.0,209.2100067138672,203.0800018310547,208.52999877929688,0.0,128363500
2026-06-18,210.69000244140625,210.69000244140625,0.0,211.38999938964844,206.5,207.3300018310547,0.0,241272000
2026-06-22,208.64999389648438,208.64999389648438,0.0,213.99000549316406,207.72000122070312,211.44000244140625,0.0,122041400
2026-06-23,200.0399932861328,200.0399932861328,0.0,203.77000427246094,200.0,202.1699981689453,0.0,153496200
2026-06-24,199.0,199.0,0.0,201.6699981689453,196.5800018310547,200.1199951171875,0.0,151810700
2026-06-25,195.74000549316406,195.74000549316406,0.0,200.8000030517578,192.1300048828125,200.0800018310547,0.0,149550000
2026-06-26,192.52999877929688,192.52999877929688,0.0,195.5500030517578,191.22000122070312,193.1199951171875,0.0,179304100
2026-06-29,194.97000122070312,194.97000122070312,0.0,196.17999267578125,189.8000030517578,193.85000610351562,0.0,148835700
2026-06-30,200.08999633789062,200.08999633789062,0.0,200.6300048828125,195.11000061035156,197.24000549316406,0.0,166476700
