Date,Adj Close,Close,Dividends,High,Low,Open,Stock Splits,Volume
,ON,ON,ON,ON,ON,ON,ON,ON
2016-07-01,8.779999732971191,8.779999732971191,0.0,8.880000114440918,8.619999885559082,8.739999771118164,0.0,2324400
2016-07-05,8.460000038146973,8.460000038146973,0.0,8.819999694824219,8.369999885559082,8.8100004196167,0.0,3202200
2016-07-06,8.470000267028809,8.470000267028809,0.0,8.479999542236328,8.109999656677246,8.369999885559082,0.0,4442300
2016-07-07,8.720000267028809,8.720000267028809,0.0,8.960000038146973,8.510000228881836,8.510000228881836,0.0,5525500
2016-07-08,8.90999984741211,8.90999984741211,0.0,9.010000228881836,8.720000267028809,8.789999961853027,0.0,6591400
2016-07-11,9.170000076293945,9.170000076293945,0.0,9.199999809265137,9.0,9.0,0.0,3937700
2016-07-12,9.3100004196167,9.3100004196167,0.0,9.430000305175781,9.210000038146973,9.260000228881836,0.0,2832700
2016-07-13,9.300000190734863,9.300000190734863,0.0,9.430000305175781,9.210000038146973,9.380000114440918,0.0,2418000
2016-07-14,9.4399995803833,9.4399995803833,0.0,9.510000228881836,9.350000381469727,9.5,0.0,2170200
2016-07-15,9.390000343322754,9.390000343322754,0.0,9.460000038146973,9.329999923706055,9.4399995803833,0.0,1816300
2016-07-18,9.510000228881836,9.510000228881836,0.0,9.5600004196167,9.380000114440918,9.550000190734863,0.0,1636600
2016-07-19,9.470000267028809,9.470000267028809,0.0,9.5600004196167,9.359999656677246,9.449999809265137,0.0,3148200
2016-07-20,9.65999984741211,9.65999984741211,0.0,9.75,9.420000076293945,9.529999732971191,0.0,2418200
2016-07-21,9.529999732971191,9.529999732971191,0.0,9.6899995803833,9.529999732971191,9.619999885559082,0.0,3669300
2016-07-22,9.5600004196167,9.5600004196167,0.0,9.579999923706055,9.380000114440918,9.5,0.0,2001200
2016-07-25,9.600000381469727,9.600000381469727,0.0,9.6899995803833,9.529999732971191,9.579999923706055,0.0,1853100
2016-07-26,10.170000076293945,10.170000076293945,0.0,10.210000038146973,9.65999984741211,9.75,0.0,8474600
2016-07-27,10.199999809265137,10.199999809265137,0.0,10.34000015258789,10.130000114440918,10.210000038146973,0.0,6496000
2016-07-28,10.069999694824219,10.069999694824219,0.0,10.239999771118164,9.960000038146973,10.15999984741211,0.0,3874500
2016-07-29,10.029999732971191,10.029999732971191,0.0,10.109999656677246,9.90999984741211,10.109999656677246,0.0,2717500
2016-08-01,10.029999732971191,10.029999732971191,0.0,10.0600004196167,9.930000305175781,10.039999961853027,0.0,3016900
2016-08-02,9.710000038146973,9.710000038146973,0.0,9.989999771118164,9.6899995803833,9.970000267028809,0.0,2421400
2016-08-03,9.699999809265137,9.699999809265137,0.0,9.729999542236328,9.649999618530273,9.670000076293945,0.0,2218600
2016-08-04,9.779999732971191,9.779999732971191,0.0,9.8100004196167,9.670000076293945,9.680000305175781,0.0,1762700
2016-08-05,9.989999771118164,9.989999771118164,0.0,10.050000190734863,9.779999732971191,9.869999885559082,0.0,4389500
2016-08-08,10.109999656677246,10.109999656677246,0.0,10.609999656677246,10.029999732971191,10.5600004196167,0.0,8989100
2016-08-09,10.329999923706055,10.329999923706055,0.0,10.369999885559082,10.130000114440918,10.130000114440918,0.0,8332800
2016-08-10,10.300000190734863,10.300000190734863,0.0,10.329999923706055,10.029999732971191,10.3100004196167,0.0,5632800
2016-08-11,10.270000457763672,10.270000457763672,0.0,10.369999885559082,10.130000114440918,10.300000190734863,0.0,5835900
2016-08-12,10.100000381469727,10.100000381469727,0.0,10.350000381469727,10.100000381469727,10.289999961853027,0.0,2716300
2016-08-15,10.380000114440918,10.380000114440918,0.0,10.40999984741211,10.119999885559082,10.170000076293945,0.0,4235900
2016-08-16,10.220000267028809,10.220000267028809,0.0,10.4399995803833,10.210000038146973,10.420000076293945,0.0,2615700
2016-08-17,10.300000190734863,10.300000190734863,0.0,10.390000343322754,10.140000343322754,10.220000267028809,0.0,2684800
2016-08-18,10.229999542236328,10.229999542236328,0.0,10.350000381469727,10.210000038146973,10.239999771118164,0.0,2664600
2016-08-19,10.239999771118164,10.239999771118164,0.0,10.380000114440918,10.199999809265137,10.229999542236328,0.0,3474400
2016-08-22,10.359999656677246,10.359999656677246,0.0,10.390000343322754,10.180000305175781,10.25,0.0,3038800
2016-08-23,10.609999656677246,10.609999656677246,0.0,10.640000343322754,10.420000076293945,10.420000076293945,0.0,4319300
2016-08-24,10.710000038146973,10.710000038146973,0.0,10.890000343322754,10.699999809265137,10.829999923706055,0.0,5566200
2016-08-25,11.010000228881836,11.010000228881836,0.0,11.0600004196167,10.630000114440918,10.670000076293945,0.0,8912800
2016-08-26,11.029999732971191,11.029999732971191,0.0,11.4399995803833,10.970000267028809,11.0600004196167,0.0,12254900
2016-08-29,10.979999542236328,10.979999542236328,0.0,11.109999656677246,10.949999809265137,11.029999732971191,0.0,4045600
2016-08-30,10.890000343322754,10.890000343322754,0.0,11.079999923706055,10.869999885559082,10.949999809265137,0.0,5040800
2016-08-31,10.800000190734863,10.800000190734863,0.0,10.949999809265137,10.779999732971191,10.880000114440918,0.0,3725200
2016-09-01,10.989999771118164,10.989999771118164,0.0,11.020000457763672,10.789999961853027,10.789999961853027,0.0,2670700
2016-09-02,11.029999732971191,11.029999732971191,0.0,11.069999694824219,10.90999984741211,11.0,0.0,2819700
2016-09-06,10.880000114440918,10.880000114440918,0.0,11.069999694824219,10.84000015258789,11.0,0.0,2077500
2016-09-07,10.920000076293945,10.920000076293945,0.0,10.970000267028809,10.829999923706055,10.899999618530273,0.0,3886800
2016-09-08,10.739999771118164,10.739999771118164,0.0,10.960000038146973,10.630000114440918,10.899999618530273,0.0,4156800
2016-09-09,10.260000228881836,10.260000228881836,0.0,10.699999809265137,10.260000228881836,10.680000305175781,0.0,5178400
2016-09-12,10.4399995803833,10.4399995803833,0.0,10.479999542236328,10.079999923706055,10.079999923706055,0.0,4647000
2016-09-13,10.239999771118164,10.239999771118164,0.0,10.550000190734863,10.170000076293945,10.420000076293945,0.0,4756500
2016-09-14,10.390000343322754,10.390000343322754,0.0,10.479999542236328,10.119999885559082,10.220000267028809,0.0,4059500
2016-09-15,10.779999732971191,10.779999732971191,0.0,10.800000190734863,10.380000114440918,10.380000114440918,0.0,4614400
2016-09-16,11.3100004196167,11.3100004196167,0.0,11.329999923706055,10.770000457763672,10.84000015258789,0.0,15007500
2016-09-19,11.520000457763672,11.520000457763672,0.0,11.739999771118164,11.3100004196167,11.40999984741211,0.0,10953300
2016-09-20,11.579999923706055,11.579999923706055,0.0,12.0,11.539999961853027,11.739999771118164,0.0,9069900
2016-09-21,11.779999732971191,11.779999732971191,0.0,11.779999732971191,11.569999694824219,11.699999809265137,0.0,4021200
2016-09-22,12.039999961853027,12.039999961853027,0.0,12.220000267028809,11.869999885559082,11.949999809265137,0.0,11686600
2016-09-23,11.710000038146973,11.710000038146973,0.0,12.550000190734863,11.699999809265137,12.550000190734863,0.0,7093600
2016-09-26,11.609999656677246,11.609999656677246,0.0,11.8100004196167,11.539999961853027,11.8100004196167,0.0,4245200
2016-09-27,11.789999961853027,11.789999961853027,0.0,11.8100004196167,11.470000267028809,11.539999961853027,0.0,4701200
2016-09-28,11.930000305175781,11.930000305175781,0.0,11.970000267028809,11.770000457763672,11.8100004196167,0.0,3393000
2016-09-29,12.100000381469727,12.100000381469727,0.0,12.300000190734863,11.869999885559082,11.930000305175781,0.0,6707900
2016-09-30,12.319999694824219,12.319999694824219,0.0,12.40999984741211,12.15999984741211,12.15999984741211,0.0,6265300
2016-10-03,12.220000267028809,12.220000267028809,0.0,12.6899995803833,12.1899995803833,12.479999542236328,0.0,6396900
2016-10-04,12.180000305175781,12.180000305175781,0.0,12.34000015258789,12.069999694824219,12.199999809265137,0.0,4740000
2016-10-05,12.399999618530273,12.399999618530273,0.0,12.550000190734863,12.170000076293945,12.180000305175781,0.0,4563400
2016-10-06,12.430000305175781,12.430000305175781,0.0,12.449999809265137,12.130000114440918,12.40999984741211,0.0,6259900
2016-10-07,12.279999732971191,12.279999732971191,0.0,12.430000305175781,12.15999984741211,12.399999618530273,0.0,3271600
2016-10-10,12.130000114440918,12.130000114440918,0.0,12.470000267028809,12.100000381469727,12.34000015258789,0.0,3288100
2016-10-11,11.789999961853027,11.789999961853027,0.0,12.170000076293945,11.59000015258789,12.149999618530273,0.0,6497700
2016-10-12,11.649999618530273,11.649999618530273,0.0,11.789999961853027,11.539999961853027,11.770000457763672,0.0,3973400
2016-10-13,11.569999694824219,11.569999694824219,0.0,11.670000076293945,11.25,11.539999961853027,0.0,5066100
2016-10-14,11.59000015258789,11.59000015258789,0.0,11.899999618530273,11.569999694824219,11.619999885559082,0.0,3046400
2016-10-17,11.510000228881836,11.510000228881836,0.0,11.649999618530273,11.470000267028809,11.5600004196167,0.0,2194500
2016-10-18,11.670000076293945,11.670000076293945,0.0,11.739999771118164,11.59000015258789,11.649999618530273,0.0,4479100
2016-10-19,11.720000267028809,11.720000267028809,0.0,11.75,11.470000267028809,11.630000114440918,0.0,2642900
2016-10-20,11.8100004196167,11.8100004196167,0.0,11.869999885559082,11.630000114440918,11.680000305175781,0.0,2507400
2016-10-21,11.819999694824219,11.819999694824219,0.0,11.869999885559082,11.699999809265137,11.800000190734863,0.0,2206300
2016-10-24,12.09000015258789,12.09000015258789,0.0,12.100000381469727,11.899999618530273,11.899999618530273,0.0,2331400
2016-10-25,11.90999984741211,11.90999984741211,0.0,12.119999885559082,11.819999694824219,12.079999923706055,0.0,3397800
2016-10-26,11.710000038146973,11.710000038146973,0.0,11.899999618530273,11.680000305175781,11.880000114440918,0.0,4772400
2016-10-27,11.640000343322754,11.640000343322754,0.0,11.949999809265137,11.600000381469727,11.859999656677246,0.0,3954000
2016-10-28,11.529999732971191,11.529999732971191,0.0,11.850000381469727,11.520000457763672,11.65999984741211,0.0,5541900
2016-10-31,11.670000076293945,11.670000076293945,0.0,11.75,11.539999961853027,11.579999923706055,0.0,2207400
2016-11-01,11.6899995803833,11.6899995803833,0.0,11.8100004196167,11.5,11.729999542236328,0.0,2670900
2016-11-02,11.479999542236328,11.479999542236328,0.0,11.779999732971191,11.470000267028809,11.6899995803833,0.0,7043900
2016-11-03,11.510000228881836,11.510000228881836,0.0,11.609999656677246,11.479999542236328,11.489999771118164,0.0,2489100
2016-11-04,11.569999694824219,11.569999694824219,0.0,11.8100004196167,11.399999618530273,11.5,0.0,4571000
2016-11-07,11.460000038146973,11.460000038146973,0.0,11.59000015258789,10.739999771118164,11.270000457763672,0.0,11853300
2016-11-08,11.180000305175781,11.180000305175781,0.0,11.420000076293945,11.079999923706055,11.390000343322754,0.0,8650400
2016-11-09,11.220000267028809,11.220000267028809,0.0,11.319999694824219,10.930000305175781,11.010000228881836,0.0,4938900
2016-11-10,10.949999809265137,10.949999809265137,0.0,11.630000114440918,10.84000015258789,11.369999885559082,0.0,7848100
2016-11-11,11.220000267028809,11.220000267028809,0.0,11.270000457763672,10.979999542236328,10.979999542236328,0.0,5486300
2016-11-14,11.399999618530273,11.399999618530273,0.0,11.460000038146973,11.180000305175781,11.210000038146973,0.0,5257300
2016-11-15,11.529999732971191,11.529999732971191,0.0,11.630000114440918,11.329999923706055,11.380000114440918,0.0,4350600
2016-11-16,11.449999809265137,11.449999809265137,0.0,11.6899995803833,11.4399995803833,11.489999771118164,0.0,5147300
2016-11-17,11.479999542236328,11.479999542236328,0.0,11.550000190734863,11.369999885559082,11.470000267028809,0.0,3984300
2016-11-18,11.170000076293945,11.170000076293945,0.0,11.359999656677246,11.079999923706055,11.15999984741211,0.0,6995200
2016-11-21,11.470000267028809,11.470000267028809,0.0,11.489999771118164,11.229999542236328,11.25,0.0,6285500
2016-11-22,11.880000114440918,11.880000114440918,0.0,11.930000305175781,11.470000267028809,11.479999542236328,0.0,9800000
2016-11-23,12.4399995803833,12.4399995803833,0.0,12.5,11.850000381469727,11.880000114440918,0.0,11628900
2016-11-25,12.430000305175781,12.430000305175781,0.0,12.449999809265137,12.239999771118164,12.40999984741211,0.0,2025000
2016-11-28,12.119999885559082,12.119999885559082,0.0,12.399999618530273,12.119999885559082,12.390000343322754,0.0,7915500
2016-11-29,11.90999984741211,11.90999984741211,0.0,12.180000305175781,11.869999885559082,12.069999694824219,0.0,3946000
2016-11-30,11.779999732971191,11.779999732971191,0.0,12.029999732971191,11.75,11.949999809265137,0.0,5982900
2016-12-01,10.970000267028809,10.970000267028809,0.0,11.890000343322754,10.850000381469727,11.800000190734863,0.0,11304900
2016-12-02,11.119999885559082,11.119999885559082,0.0,11.199999809265137,10.960000038146973,10.970000267028809,0.0,5502800
2016-12-05,11.229999542236328,11.229999542236328,0.0,11.3100004196167,11.130000114440918,11.140000343322754,0.0,4722500
2016-12-06,11.359999656677246,11.359999656677246,0.0,11.380000114440918,11.170000076293945,11.300000190734863,0.0,3640900
2016-12-07,11.819999694824219,11.819999694824219,0.0,11.869999885559082,11.25,11.3100004196167,0.0,16055700
2016-12-08,11.90999984741211,11.90999984741211,0.0,11.930000305175781,11.65999984741211,11.800000190734863,0.0,6953200
2016-12-09,12.220000267028809,12.220000267028809,0.0,12.5600004196167,11.880000114440918,12.0,0.0,12070600
2016-12-12,11.960000038146973,11.960000038146973,0.0,12.239999771118164,11.850000381469727,12.109999656677246,0.0,10674100
2016-12-13,12.40999984741211,12.40999984741211,0.0,12.460000038146973,11.960000038146973,12.0,0.0,14634400
2016-12-14,12.479999542236328,12.479999542236328,0.0,12.729999542236328,12.350000381469727,12.430000305175781,0.0,10732700
2016-12-15,13.029999732971191,13.029999732971191,0.0,13.119999885559082,12.359999656677246,12.470000267028809,0.0,31142900
2016-12-16,12.84000015258789,12.84000015258789,0.0,13.319999694824219,12.800000190734863,13.010000228881836,0.0,10076800
2016-12-19,12.819999694824219,12.819999694824219,0.0,13.0,12.75,12.779999732971191,0.0,3387000
2016-12-20,12.8100004196167,12.8100004196167,0.0,12.9399995803833,12.699999809265137,12.819999694824219,0.0,3745400
2016-12-21,12.6899995803833,12.6899995803833,0.0,12.880000114440918,12.680000305175781,12.770000457763672,0.0,5066300
2016-12-22,12.729999542236328,12.729999542236328,0.0,12.979999542236328,12.670000076293945,12.770000457763672,0.0,4667900
2016-12-23,12.970000267028809,12.970000267028809,0.0,12.979999542236328,12.6899995803833,12.6899995803833,0.0,4130700
2016-12-27,13.130000114440918,13.130000114440918,0.0,13.260000228881836,12.949999809265137,12.949999809265137,0.0,4798100
2016-12-28,13.069999694824219,13.069999694824219,0.0,13.319999694824219,13.029999732971191,13.220000267028809,0.0,5671900
2016-12-29,12.970000267028809,12.970000267028809,0.0,13.15999984741211,12.850000381469727,13.050000190734863,0.0,5476100
2016-12-30,12.760000228881836,12.760000228881836,0.0,13.1899995803833,12.670000076293945,13.050000190734863,0.0,5866300
2017-01-03,12.6899995803833,12.6899995803833,0.0,12.930000305175781,12.369999885559082,12.75,0.0,10438500
2017-01-04,13.0,13.0,0.0,13.329999923706055,12.930000305175781,13.069999694824219,0.0,9216800
2017-01-05,12.850000381469727,12.850000381469727,0.0,13.130000114440918,12.770000457763672,13.029999732971191,0.0,7193400
2017-01-06,13.010000228881836,13.010000228881836,0.0,13.069999694824219,12.819999694824219,12.84000015258789,0.0,5747200
2017-01-09,13.34000015258789,13.34000015258789,0.0,13.449999809265137,13.010000228881836,13.020000457763672,0.0,7460800
2017-01-10,13.449999809265137,13.449999809265137,0.0,13.479999542236328,13.270000457763672,13.289999961853027,0.0,4244700
2017-01-11,13.510000228881836,13.510000228881836,0.0,13.619999885559082,13.329999923706055,13.430000305175781,0.0,6130300
2017-01-12,13.430000305175781,13.430000305175781,0.0,13.619999885559082,13.100000381469727,13.520000457763672,0.0,5057000
2017-01-13,13.470000267028809,13.470000267028809,0.0,13.619999885559082,13.40999984741211,13.470000267028809,0.0,6287000
2017-01-17,13.180000305175781,13.180000305175781,0.0,13.479999542236328,13.109999656677246,13.420000076293945,0.0,4952300
2017-01-18,13.260000228881836,13.260000228881836,0.0,13.420000076293945,13.180000305175781,13.279999732971191,0.0,6045800
2017-01-19,13.109999656677246,13.109999656677246,0.0,13.399999618530273,13.020000457763672,13.1899995803833,0.0,8526700
2017-01-20,13.399999618530273,13.399999618530273,0.0,13.489999771118164,13.149999618530273,13.15999984741211,0.0,6418900
2017-01-23,13.5,13.5,0.0,13.529999732971191,13.279999732971191,13.34000015258789,0.0,5861900
2017-01-24,13.619999885559082,13.619999885559082,0.0,13.6899995803833,13.5,13.569999694824219,0.0,4785800
2017-01-25,13.899999618530273,13.899999618530273,0.0,14.0,13.75,13.760000228881836,0.0,5674300
2017-01-26,13.859999656677246,13.859999656677246,0.0,14.0,13.720000267028809,14.0,0.0,4378500
2017-01-27,13.880000114440918,13.880000114440918,0.0,13.9399995803833,13.760000228881836,13.920000076293945,0.0,2322000
2017-01-30,13.75,13.75,0.0,13.8100004196167,13.430000305175781,13.770000457763672,0.0,4812900
2017-01-31,13.319999694824219,13.319999694824219,0.0,13.6899995803833,13.0600004196167,13.6899995803833,0.0,8658500
2017-02-01,13.699999809265137,13.699999809265137,0.0,13.739999771118164,13.420000076293945,13.59000015258789,0.0,6335600
2017-02-02,13.6899995803833,13.6899995803833,0.0,13.720000267028809,13.329999923706055,13.5600004196167,0.0,2770600
2017-02-03,13.9399995803833,13.9399995803833,0.0,13.949999809265137,13.729999542236328,13.760000228881836,0.0,4404400
2017-02-06,13.869999885559082,13.869999885559082,0.0,13.970000267028809,13.729999542236328,13.9399995803833,0.0,2600200
2017-02-07,13.960000038146973,13.960000038146973,0.0,13.970000267028809,13.8100004196167,13.930000305175781,0.0,3611200
2017-02-08,14.010000228881836,14.010000228881836,0.0,14.289999961853027,13.880000114440918,13.979999542236328,0.0,5613800
2017-02-09,13.960000038146973,13.960000038146973,0.0,14.140000343322754,13.930000305175781,14.010000228881836,0.0,3073900
2017-02-10,14.140000343322754,14.140000343322754,0.0,14.220000267028809,13.770000457763672,14.0,0.0,7156200
2017-02-13,14.9399995803833,14.9399995803833,0.0,15.859999656677246,14.579999923706055,15.140000343322754,0.0,21425600
2017-02-14,15.3100004196167,15.3100004196167,0.0,15.3100004196167,14.510000228881836,15.100000381469727,0.0,16200900
2017-02-15,15.630000114440918,15.630000114440918,0.0,15.699999809265137,15.3100004196167,15.350000381469727,0.0,6417300
2017-02-16,15.529999732971191,15.529999732971191,0.0,15.739999771118164,15.380000114440918,15.640000343322754,0.0,5228100
2017-02-17,15.600000381469727,15.600000381469727,0.0,15.640000343322754,15.369999885559082,15.430000305175781,0.0,4135500
2017-02-21,15.979999542236328,15.979999542236328,0.0,15.989999771118164,15.699999809265137,15.75,0.0,5476300
2017-02-22,16.0,16.0,0.0,16.059999465942383,15.84000015258789,16.0,0.0,6447900
2017-02-23,15.619999885559082,15.619999885559082,0.0,16.049999237060547,15.569999694824219,16.049999237060547,0.0,6867300
2017-02-24,15.329999923706055,15.329999923706055,0.0,15.420000076293945,14.630000114440918,15.359999656677246,0.0,8551200
2017-02-27,15.529999732971191,15.529999732971191,0.0,15.550000190734863,15.140000343322754,15.289999961853027,0.0,6502400
2017-02-28,15.130000114440918,15.130000114440918,0.0,15.449999809265137,15.119999885559082,15.420000076293945,0.0,4946000
2017-03-01,15.329999923706055,15.329999923706055,0.0,15.40999984741211,15.199999809265137,15.350000381469727,0.0,5924700
2017-03-02,15.15999984741211,15.15999984741211,0.0,15.359999656677246,15.09000015258789,15.3100004196167,0.0,5679300
2017-03-03,15.210000038146973,15.210000038146973,0.0,15.25,15.050000190734863,15.09000015258789,0.0,5732800
2017-03-06,15.260000228881836,15.260000228881836,0.0,15.359999656677246,15.010000228881836,15.210000038146973,0.0,4412700
2017-03-07,15.289999961853027,15.289999961853027,0.0,15.510000228881836,15.149999618530273,15.300000190734863,0.0,4007500
2017-03-08,15.029999732971191,15.029999732971191,0.0,15.5,15.020000457763672,15.300000190734863,0.0,8205400
2017-03-09,15.199999809265137,15.199999809265137,0.0,15.210000038146973,14.90999984741211,15.010000228881836,0.0,5110900
2017-03-10,15.220000267028809,15.220000267028809,0.0,15.699999809265137,15.199999809265137,15.319999694824219,0.0,7350200
2017-03-13,15.3100004196167,15.3100004196167,0.0,15.510000228881836,15.199999809265137,15.40999984741211,0.0,4395300
2017-03-14,15.350000381469727,15.350000381469727,0.0,15.369999885559082,14.979999542236328,15.1899995803833,0.0,9088400
2017-03-15,15.220000267028809,15.220000267028809,0.0,15.350000381469727,15.0,15.329999923706055,0.0,21704100
2017-03-16,15.239999771118164,15.239999771118164,0.0,15.34000015258789,15.119999885559082,15.300000190734863,0.0,13976600
2017-03-17,15.25,15.25,0.0,15.319999694824219,15.029999732971191,15.199999809265137,0.0,6749000
2017-03-20,15.25,15.25,0.0,15.380000114440918,15.119999885559082,15.25,0.0,4967800
2017-03-21,14.65999984741211,14.65999984741211,0.0,15.380000114440918,14.640000343322754,15.3100004196167,0.0,6288400
2017-03-22,14.90999984741211,14.90999984741211,0.0,14.960000038146973,14.550000190734863,14.670000076293945,0.0,6334500
2017-03-23,14.960000038146973,14.960000038146973,0.0,15.050000190734863,14.829999923706055,14.899999618530273,0.0,5103600
2017-03-24,15.180000305175781,15.180000305175781,0.0,15.449999809265137,15.079999923706055,15.25,0.0,6157200
2017-03-27,15.010000228881836,15.010000228881836,0.0,15.069999694824219,14.649999618530273,15.050000190734863,0.0,5189700
2017-03-28,15.289999961853027,15.289999961853027,0.0,15.34000015258789,15.010000228881836,15.029999732971191,0.0,6057700
2017-03-29,15.180000305175781,15.180000305175781,0.0,15.319999694824219,15.020000457763672,15.25,0.0,4204300
2017-03-30,15.420000076293945,15.420000076293945,0.0,15.420000076293945,15.15999984741211,15.1899995803833,0.0,4643600
2017-03-31,15.489999771118164,15.489999771118164,0.0,15.640000343322754,15.300000190734863,15.399999618530273,0.0,5703200
2017-04-03,15.069999694824219,15.069999694824219,0.0,15.619999885559082,14.979999542236328,15.550000190734863,0.0,6102300
2017-04-04,14.899999618530273,14.899999618530273,0.0,15.239999771118164,14.850000381469727,15.0,0.0,5744300
2017-04-05,14.789999961853027,14.789999961853027,0.0,15.25,14.779999732971191,14.949999809265137,0.0,6905100
2017-04-06,15.079999923706055,15.079999923706055,0.0,15.119999885559082,14.680000305175781,14.859999656677246,0.0,4320300
2017-04-07,15.149999618530273,15.149999618530273,0.0,15.300000190734863,14.989999771118164,15.0,0.0,4940600
2017-04-10,15.100000381469727,15.100000381469727,0.0,15.300000190734863,15.020000457763672,15.140000343322754,0.0,3059500
2017-04-11,14.600000381469727,14.600000381469727,0.0,14.699999809265137,14.119999885559082,14.699999809265137,0.0,18484900
2017-04-12,14.239999771118164,14.239999771118164,0.0,14.619999885559082,14.130000114440918,14.5600004196167,0.0,11362500
2017-04-13,14.109999656677246,14.109999656677246,0.0,14.399999618530273,14.09000015258789,14.149999618530273,0.0,6974000
2017-04-17,14.279999732971191,14.279999732971191,0.0,14.3100004196167,14.109999656677246,14.210000038146973,0.0,4825000
2017-04-18,14.449999809265137,14.449999809265137,0.0,14.479999542236328,14.039999961853027,14.15999984741211,0.0,5998500
2017-04-19,14.5,14.5,0.0,14.670000076293945,14.210000038146973,14.59000015258789,0.0,8169800
2017-04-20,14.829999923706055,14.829999923706055,0.0,14.869999885559082,14.529999732971191,14.600000381469727,0.0,5166800
2017-04-21,14.1899995803833,14.1899995803833,0.0,14.489999771118164,14.039999961853027,14.489999771118164,0.0,13796100
2017-04-24,14.649999618530273,14.649999618530273,0.0,14.710000038146973,14.319999694824219,14.449999809265137,0.0,7249700
2017-04-25,14.520000457763672,14.520000457763672,0.0,14.6899995803833,14.510000228881836,14.649999618530273,0.0,7214300
2017-04-26,14.420000076293945,14.420000076293945,0.0,14.619999885559082,14.300000190734863,14.529999732971191,0.0,8344700
2017-04-27,14.65999984741211,14.65999984741211,0.0,14.720000267028809,14.359999656677246,14.5,0.0,6066400
2017-04-28,14.180000305175781,14.180000305175781,0.0,14.710000038146973,14.15999984741211,14.670000076293945,0.0,4844900
2017-05-01,14.350000381469727,14.350000381469727,0.0,14.399999618530273,14.069999694824219,14.220000267028809,0.0,3868800
2017-05-02,13.949999809265137,13.949999809265137,0.0,14.40999984741211,13.899999618530273,14.350000381469727,0.0,7992600
2017-05-03,13.899999618530273,13.899999618530273,0.0,13.960000038146973,13.770000457763672,13.859999656677246,0.0,6014500
2017-05-04,14.069999694824219,14.069999694824219,0.0,14.130000114440918,13.869999885559082,13.949999809265137,0.0,4103000
2017-05-05,14.420000076293945,14.420000076293945,0.0,14.449999809265137,13.979999542236328,14.119999885559082,0.0,7350100
2017-05-08,14.430000305175781,14.430000305175781,0.0,15.029999732971191,13.970000267028809,15.0,0.0,8503800
2017-05-09,15.010000228881836,15.010000228881836,0.0,15.09000015258789,14.449999809265137,14.449999809265137,0.0,7140400
2017-05-10,14.789999961853027,14.789999961853027,0.0,15.210000038146973,14.770000457763672,15.170000076293945,0.0,3987700
2017-05-11,14.880000114440918,14.880000114440918,0.0,14.930000305175781,14.5600004196167,14.789999961853027,0.0,5909000
2017-05-12,14.819999694824219,14.819999694824219,0.0,14.949999809265137,14.720000267028809,14.899999618530273,0.0,3608300
2017-05-15,15.319999694824219,15.319999694824219,0.0,15.380000114440918,14.84000015258789,14.899999618530273,0.0,5936000
2017-05-16,15.9399995803833,15.9399995803833,0.0,15.960000038146973,15.34000015258789,15.399999618530273,0.0,7967700
2017-05-17,15.0600004196167,15.0600004196167,0.0,15.800000190734863,15.0600004196167,15.600000381469727,0.0,5868200
2017-05-18,15.180000305175781,15.180000305175781,0.0,15.289999961853027,14.960000038146973,15.0,0.0,5720200
2017-05-19,15.420000076293945,15.420000076293945,0.0,15.460000038146973,15.260000228881836,15.289999961853027,0.0,4645600
2017-05-22,15.569999694824219,15.569999694824219,0.0,16.079999923706055,15.350000381469727,15.460000038146973,0.0,3657400
2017-05-23,15.289999961853027,15.289999961853027,0.0,15.59000015258789,15.229999542236328,15.569999694824219,0.0,4960700
2017-05-24,15.5,15.5,0.0,15.550000190734863,15.359999656677246,15.380000114440918,0.0,3715000
2017-05-25,15.5,15.5,0.0,15.670000076293945,15.420000076293945,15.59000015258789,0.0,4263500
2017-05-26,15.489999771118164,15.489999771118164,0.0,15.5600004196167,15.34000015258789,15.449999809265137,0.0,4448900
2017-05-30,15.59000015258789,15.59000015258789,0.0,15.680000305175781,15.449999809265137,15.470000267028809,0.0,5773000
2017-05-31,15.479999542236328,15.479999542236328,0.0,15.800000190734863,15.3100004196167,15.699999809265137,0.0,4501200
2017-06-01,15.579999923706055,15.579999923706055,0.0,15.649999618530273,15.460000038146973,15.600000381469727,0.0,5071900
2017-06-02,15.859999656677246,15.859999656677246,0.0,15.90999984741211,15.420000076293945,15.739999771118164,0.0,4336900
2017-06-05,16.110000610351562,16.110000610351562,0.0,16.200000762939453,15.859999656677246,15.890000343322754,0.0,6393900
2017-06-06,16.09000015258789,16.09000015258789,0.0,16.200000762939453,16.030000686645508,16.049999237060547,0.0,3895300
2017-06-07,16.25,16.25,0.0,16.309999465942383,16.030000686645508,16.06999969482422,0.0,5507200
2017-06-08,16.649999618530273,16.649999618530273,0.0,16.68000030517578,16.079999923706055,16.25,0.0,4961900
2017-06-09,16.100000381469727,16.100000381469727,0.0,16.93000030517578,15.699999809265137,16.81999969482422,0.0,10954500
2017-06-12,15.729999542236328,15.729999542236328,0.0,15.960000038146973,15.199999809265137,15.859999656677246,0.0,9762500
2017-06-13,15.970000267028809,15.970000267028809,0.0,16.149999618530273,15.720000267028809,15.949999809265137,0.0,5849800
2017-06-14,15.670000076293945,15.670000076293945,0.0,16.049999237060547,15.40999984741211,15.960000038146973,0.0,5129700
2017-06-15,15.430000305175781,15.430000305175781,0.0,15.640000343322754,15.329999923706055,15.600000381469727,0.0,8219600
2017-06-16,15.380000114440918,15.380000114440918,0.0,15.75,15.279999732971191,15.520000457763672,0.0,5226900
2017-06-19,15.649999618530273,15.649999618530273,0.0,15.739999771118164,15.520000457763672,15.539999961853027,0.0,4018100
2017-06-20,15.079999923706055,15.079999923706055,0.0,15.800000190734863,15.0600004196167,15.279999732971191,0.0,9346000
2017-06-21,15.100000381469727,15.100000381469727,0.0,15.350000381469727,14.970000267028809,15.119999885559082,0.0,5230200
2017-06-22,14.960000038146973,14.960000038146973,0.0,15.15999984741211,14.760000228881836,15.0600004196167,0.0,7206600
2017-06-23,15.069999694824219,15.069999694824219,0.0,15.15999984741211,14.800000190734863,14.930000305175781,0.0,13698200
2017-06-26,14.970000267028809,14.970000267028809,0.0,15.369999885559082,14.869999885559082,15.199999809265137,0.0,4478700
2017-06-27,14.369999885559082,14.369999885559082,0.0,14.9399995803833,14.34000015258789,14.899999618530273,0.0,6001700
2017-06-28,14.649999618530273,14.649999618530273,0.0,14.680000305175781,14.25,14.5,0.0,6750900
2017-06-29,14.220000267028809,14.220000267028809,0.0,14.630000114440918,13.890000343322754,14.600000381469727,0.0,6518600
2017-06-30,14.039999961853027,14.039999961853027,0.0,14.34000015258789,13.960000038146973,14.270000457763672,0.0,5280500
2017-07-03,13.800000190734863,13.800000190734863,0.0,14.220000267028809,13.789999961853027,14.15999984741211,0.0,1492000
2017-07-05,14.050000190734863,14.050000190734863,0.0,14.149999618530273,13.770000457763672,13.829999923706055,0.0,5478600
2017-07-06,14.069999694824219,14.069999694824219,0.0,14.109999656677246,13.649999618530273,13.859999656677246,0.0,6227300
2017-07-07,14.300000190734863,14.300000190734863,0.0,14.579999923706055,14.15999984741211,14.199999809265137,0.0,7070100
2017-07-10,14.449999809265137,14.449999809265137,0.0,14.510000228881836,14.199999809265137,14.300000190734863,0.0,5225700
2017-07-11,14.460000038146973,14.460000038146973,0.0,14.619999885559082,14.279999732971191,14.4399995803833,0.0,3270200
2017-07-12,14.930000305175781,14.930000305175781,0.0,15.039999961853027,14.680000305175781,14.720000267028809,0.0,7869400
2017-07-13,14.899999618530273,14.899999618530273,0.0,15.0,14.729999542236328,14.949999809265137,0.0,4427500
2017-07-14,15.079999923706055,15.079999923706055,0.0,15.100000381469727,14.90999984741211,14.920000076293945,0.0,3480600
2017-07-17,15.010000228881836,15.010000228881836,0.0,15.109999656677246,14.90999984741211,15.100000381469727,0.0,2937500
2017-07-18,15.350000381469727,15.350000381469727,0.0,15.369999885559082,14.890000343322754,14.989999771118164,0.0,5621800
2017-07-19,15.65999984741211,15.65999984741211,0.0,15.710000038146973,15.359999656677246,15.4399995803833,0.0,4464800
2017-07-20,15.720000267028809,15.720000267028809,0.0,15.850000381469727,15.5600004196167,15.649999618530273,0.0,3621100
2017-07-21,15.199999809265137,15.199999809265137,0.0,15.399999618530273,15.100000381469727,15.359999656677246,0.0,6908100
2017-07-24,15.130000114440918,15.130000114440918,0.0,15.319999694824219,15.069999694824219,15.199999809265137,0.0,3635300
2017-07-25,15.079999923706055,15.079999923706055,0.0,15.149999618530273,14.770000457763672,15.140000343322754,0.0,5673700
2017-07-26,15.640000343322754,15.640000343322754,0.0,15.760000228881836,15.25,15.369999885559082,0.0,7786500
2017-07-27,15.239999771118164,15.239999771118164,0.0,15.760000228881836,15.020000457763672,15.720000267028809,0.0,5781200
2017-07-28,15.079999923706055,15.079999923706055,0.0,15.180000305175781,14.949999809265137,15.180000305175781,0.0,3339000
2017-07-31,14.949999809265137,14.949999809265137,0.0,15.180000305175781,14.90999984741211,15.119999885559082,0.0,3029700
2017-08-01,15.050000190734863,15.050000190734863,0.0,15.130000114440918,14.90999984741211,15.0,0.0,3754400
2017-08-02,14.800000190734863,14.800000190734863,0.0,15.140000343322754,14.600000381469727,15.140000343322754,0.0,4637100
2017-08-03,14.90999984741211,14.90999984741211,0.0,14.989999771118164,14.65999984741211,14.819999694824219,0.0,6447000
2017-08-04,15.100000381469727,15.100000381469727,0.0,15.180000305175781,14.829999923706055,14.920000076293945,0.0,7379300
2017-08-07,16.329999923706055,16.329999923706055,0.0,16.3799991607666,15.260000228881836,15.260000228881836,0.0,15219900
2017-08-08,16.440000534057617,16.440000534057617,0.0,16.829999923706055,16.020000457763672,16.200000762939453,0.0,10592400
2017-08-09,16.360000610351562,16.360000610351562,0.0,16.469999313354492,16.200000762939453,16.219999313354492,0.0,9036700
2017-08-10,15.569999694824219,15.569999694824219,0.0,16.280000686645508,15.5600004196167,16.200000762939453,0.0,7634900
2017-08-11,15.9399995803833,15.9399995803833,0.0,15.949999809265137,15.520000457763672,15.630000114440918,0.0,7609100
2017-08-14,16.450000762939453,16.450000762939453,0.0,16.459999084472656,16.149999618530273,16.190000534057617,0.0,7865100
2017-08-15,16.450000762939453,16.450000762939453,0.0,16.5,16.020000457763672,16.299999237060547,0.0,6002400
2017-08-16,16.5,16.5,0.0,16.6299991607666,16.360000610351562,16.5,0.0,8788000
2017-08-17,15.989999771118164,15.989999771118164,0.0,16.520000457763672,15.979999542236328,16.399999618530273,0.0,6797700
2017-08-18,15.9399995803833,15.9399995803833,0.0,16.219999313354492,15.90999984741211,16.020000457763672,0.0,4132500
2017-08-21,15.75,15.75,0.0,16.110000610351562,15.65999984741211,16.020000457763672,0.0,5815200
2017-08-22,16.040000915527344,16.040000915527344,0.0,16.1299991607666,15.770000457763672,15.90999984741211,0.0,4264900
2017-08-23,16.299999237060547,16.299999237060547,0.0,16.350000381469727,15.800000190734863,15.869999885559082,0.0,5297400
2017-08-24,16.329999923706055,16.329999923706055,0.0,16.450000762939453,16.190000534057617,16.389999389648438,0.0,3694900
2017-08-25,16.030000686645508,16.030000686645508,0.0,16.469999313354492,16.020000457763672,16.420000076293945,0.0,4264500
2017-08-28,16.139999389648438,16.139999389648438,0.0,16.25,16.049999237060547,16.100000381469727,0.0,2762200
2017-08-29,16.18000030517578,16.18000030517578,0.0,16.260000228881836,15.899999618530273,15.960000038146973,0.0,3877100
2017-08-30,17.059999465942383,17.059999465942383,0.0,17.1299991607666,16.270000457763672,16.280000686645508,0.0,10110000
2017-08-31,17.079999923706055,17.079999923706055,0.0,17.200000762939453,16.950000762939453,17.0,0.0,4922000
2017-09-01,17.25,17.25,0.0,17.329999923706055,17.079999923706055,17.1200008392334,0.0,4499600
2017-09-05,16.799999237060547,16.799999237060547,0.0,17.139999389648438,16.600000381469727,17.059999465942383,0.0,6443300
2017-09-06,16.559999465942383,16.559999465942383,0.0,16.940000534057617,16.540000915527344,16.940000534057617,0.0,4269400
2017-09-07,16.75,16.75,0.0,16.780000686645508,16.450000762939453,16.739999771118164,0.0,7454600
2017-09-08,16.600000381469727,16.600000381469727,0.0,16.780000686645508,16.280000686645508,16.729999542236328,0.0,2920900
2017-09-11,17.1200008392334,17.1200008392334,0.0,17.209999084472656,16.760000228881836,16.760000228881836,0.0,3726500
2017-09-12,16.989999771118164,16.989999771118164,0.0,17.280000686645508,16.959999084472656,17.190000534057617,0.0,4019500
2017-09-13,16.81999969482422,16.81999969482422,0.0,16.93000030517578,16.520000457763672,16.549999237060547,0.0,6598500
2017-09-14,16.899999618530273,16.899999618530273,0.0,17.06999969482422,16.719999313354492,16.760000228881836,0.0,3726300
2017-09-15,17.3799991607666,17.3799991607666,0.0,17.510000228881836,16.959999084472656,17.030000686645508,0.0,7792400
2017-09-18,17.459999084472656,17.459999084472656,0.0,17.600000381469727,17.299999237060547,17.450000762939453,0.0,4319400
2017-09-19,17.6200008392334,17.6200008392334,0.0,17.729999542236328,17.530000686645508,17.540000915527344,0.0,6486000
2017-09-20,17.3799991607666,17.3799991607666,0.0,17.700000762939453,17.209999084472656,17.700000762939453,0.0,6018800
2017-09-21,17.389999389648438,17.389999389648438,0.0,17.510000228881836,17.299999237060547,17.3799991607666,0.0,5595900
2017-09-22,17.639999389648438,17.639999389648438,0.0,17.65999984741211,17.290000915527344,17.389999389648438,0.0,3937600
2017-09-25,17.670000076293945,17.670000076293945,0.0,18.0,17.639999389648438,17.989999771118164,0.0,11090000
2017-09-26,17.700000762939453,17.700000762939453,0.0,17.93000030517578,17.600000381469727,17.760000228881836,0.0,5099400
2017-09-27,18.149999618530273,18.149999618530273,0.0,18.280000686645508,17.670000076293945,17.90999984741211,0.0,6072700
2017-09-28,18.34000015258789,18.34000015258789,0.0,18.3799991607666,18.079999923706055,18.239999771118164,0.0,3985700
2017-09-29,18.469999313354492,18.469999313354492,0.0,18.489999771118164,18.270000457763672,18.43000030517578,0.0,3689000
2017-10-02,18.790000915527344,18.790000915527344,0.0,18.81999969482422,18.520000457763672,18.540000915527344,0.0,9050300
2017-10-03,18.90999984741211,18.90999984741211,0.0,19.329999923706055,18.850000381469727,18.8799991607666,0.0,9823200
2017-10-04,19.079999923706055,19.079999923706055,0.0,19.09000015258789,18.690000534057617,18.850000381469727,0.0,5189200
2017-10-05,19.200000762939453,19.200000762939453,0.0,19.219999313354492,18.940000534057617,19.100000381469727,0.0,3364300
2017-10-06,19.229999542236328,19.229999542236328,0.0,19.239999771118164,19.010000228881836,19.09000015258789,0.0,3433000
2017-10-09,19.309999465942383,19.309999465942383,0.0,19.3700008392334,19.110000610351562,19.360000610351562,0.0,4324200
2017-10-10,19.3799991607666,19.3799991607666,0.0,19.81999969482422,19.209999084472656,19.600000381469727,0.0,5849600
2017-10-11,19.420000076293945,19.420000076293945,0.0,19.5,19.270000457763672,19.360000610351562,0.0,7034700
2017-10-12,19.239999771118164,19.239999771118164,0.0,19.5,19.219999313354492,19.420000076293945,0.0,4954400
2017-10-13,19.56999969482422,19.56999969482422,0.0,19.700000762939453,19.280000686645508,19.3700008392334,0.0,6992700
2017-10-16,19.59000015258789,19.59000015258789,0.0,19.719999313354492,19.5,19.700000762939453,0.0,4925700
2017-10-17,19.600000381469727,19.600000381469727,0.0,19.690000534057617,19.479999542236328,19.600000381469727,0.0,3853800
2017-10-18,19.709999084472656,19.709999084472656,0.0,19.729999542236328,19.489999771118164,19.690000534057617,0.0,3969200
2017-10-19,19.670000076293945,19.670000076293945,0.0,19.68000030517578,19.06999969482422,19.530000686645508,0.0,6473000
2017-10-20,20.06999969482422,20.06999969482422,0.0,20.270000457763672,19.799999237060547,19.889999389648438,0.0,7431500
2017-10-23,20.079999923706055,20.079999923706055,0.0,20.190000534057617,19.809999465942383,20.190000534057617,0.0,6209200
2017-10-24,20.3700008392334,20.3700008392334,0.0,20.420000076293945,20.09000015258789,20.209999084472656,0.0,3406600
2017-10-25,20.219999313354492,20.219999313354492,0.0,20.5,19.979999542236328,20.290000915527344,0.0,5177500
2017-10-26,20.399999618530273,20.399999618530273,0.0,20.459999084472656,20.170000076293945,20.329999923706055,0.0,3100000
2017-10-27,20.75,20.75,0.0,20.780000686645508,20.290000915527344,20.729999542236328,0.0,5284700
2017-10-30,20.959999084472656,20.959999084472656,0.0,21.0,20.65999984741211,20.75,0.0,6319300
2017-10-31,21.31999969482422,21.31999969482422,0.0,21.3700008392334,20.950000762939453,21.0,0.0,7940400
2017-11-01,21.170000076293945,21.170000076293945,0.0,21.770000457763672,20.84000015258789,21.690000534057617,0.0,9163600
2017-11-02,21.239999771118164,21.239999771118164,0.0,21.3700008392334,20.889999389648438,21.25,0.0,5477900
2017-11-03,21.649999618530273,21.649999618530273,0.0,21.690000534057617,21.239999771118164,21.31999969482422,0.0,8449000
2017-11-06,21.40999984741211,21.40999984741211,0.0,21.43000030517578,20.399999618530273,21.399999618530273,0.0,16578500
2017-11-07,21.610000610351562,21.610000610351562,0.0,22.030000686645508,21.299999237060547,21.59000015258789,0.0,9532900
2017-11-08,21.850000381469727,21.850000381469727,0.0,21.90999984741211,21.479999542236328,21.549999237060547,0.0,6093800
2017-11-09,21.43000030517578,21.43000030517578,0.0,21.760000228881836,21.06999969482422,21.719999313354492,0.0,6647700
2017-11-10,21.559999465942383,21.559999465942383,0.0,21.639999389648438,21.34000015258789,21.479999542236328,0.0,6375800
2017-11-13,21.579999923706055,21.579999923706055,0.0,21.719999313354492,21.299999237060547,21.43000030517578,0.0,6357600
2017-11-14,21.420000076293945,21.420000076293945,0.0,21.59000015258789,21.329999923706055,21.510000228881836,0.0,6076300
2017-11-15,21.100000381469727,21.100000381469727,0.0,21.290000915527344,20.90999984741211,21.200000762939453,0.0,5350500
2017-11-16,21.389999389648438,21.389999389648438,0.0,21.5,21.280000686645508,21.31999969482422,0.0,4276200
2017-11-17,21.440000534057617,21.440000534057617,0.0,21.540000915527344,21.280000686645508,21.350000381469727,0.0,4791900
2017-11-20,21.719999313354492,21.719999313354492,0.0,21.799999237060547,21.459999084472656,21.479999542236328,0.0,3688900
2017-11-21,21.940000534057617,21.940000534057617,0.0,22.1200008392334,21.829999923706055,21.899999618530273,0.0,4275100
2017-11-22,21.3700008392334,21.3700008392334,0.0,22.149999618530273,21.290000915527344,22.079999923706055,0.0,5619500
2017-11-24,21.530000686645508,21.530000686645508,0.0,21.59000015258789,21.399999618530273,21.43000030517578,0.0,2192500
2017-11-27,21.110000610351562,21.110000610351562,0.0,21.5,21.020000457763672,21.299999237060547,0.0,5355000
2017-11-28,21.1200008392334,21.1200008392334,0.0,21.209999084472656,20.889999389648438,21.200000762939453,0.0,6044600
2017-11-29,19.979999542236328,19.979999542236328,0.0,21.040000915527344,19.93000030517578,21.020000457763672,0.0,9832000
2017-11-30,20.079999923706055,20.079999923706055,0.0,20.43000030517578,19.799999237060547,19.969999313354492,0.0,6416900
2017-12-01,19.860000610351562,19.860000610351562,0.0,20.0,19.270000457763672,19.969999313354492,0.0,7169100
2017-12-04,18.979999542236328,18.979999542236328,0.0,20.18000030517578,18.75,20.100000381469727,0.0,9796700
2017-12-05,19.15999984741211,19.15999984741211,0.0,19.670000076293945,18.65999984741211,18.850000381469727,0.0,9095100
2017-12-06,19.219999313354492,19.219999313354492,0.0,19.31999969482422,18.84000015258789,18.979999542236328,0.0,5007000
2017-12-07,19.5,19.5,0.0,19.559999465942383,19.219999313354492,19.3700008392334,0.0,6012500
2017-12-08,19.420000076293945,19.420000076293945,0.0,19.809999465942383,19.399999618530273,19.670000076293945,0.0,4795100
2017-12-11,19.479999542236328,19.479999542236328,0.0,19.68000030517578,19.299999237060547,19.43000030517578,0.0,5362800
2017-12-12,19.360000610351562,19.360000610351562,0.0,19.530000686645508,19.31999969482422,19.329999923706055,0.0,7154300
2017-12-13,19.510000228881836,19.510000228881836,0.0,19.729999542236328,19.34000015258789,19.420000076293945,0.0,4882400
2017-12-14,19.540000915527344,19.540000915527344,0.0,19.6200008392334,19.350000381469727,19.59000015258789,0.0,6367300
2017-12-15,19.899999618530273,19.899999618530273,0.0,19.969999313354492,19.56999969482422,19.68000030517578,0.0,5127400
2017-12-18,20.84000015258789,20.84000015258789,0.0,20.860000610351562,20.020000457763672,20.079999923706055,0.0,7307400
2017-12-19,20.799999237060547,20.799999237060547,0.0,20.950000762939453,20.68000030517578,20.809999465942383,0.0,7821900
2017-12-20,20.959999084472656,20.959999084472656,0.0,21.15999984741211,20.84000015258789,20.899999618530273,0.0,3521900
2017-12-21,20.899999618530273,20.899999618530273,0.0,21.100000381469727,20.850000381469727,21.030000686645508,0.0,2888900
2017-12-22,20.860000610351562,20.860000610351562,0.0,20.959999084472656,20.639999389648438,20.899999618530273,0.0,2557600
2017-12-26,20.8700008392334,20.8700008392334,0.0,20.920000076293945,20.43000030517578,20.649999618530273,0.0,2475400
2017-12-27,21.15999984741211,21.15999984741211,0.0,21.170000076293945,20.860000610351562,20.920000076293945,0.0,4120400
2017-12-28,21.1299991607666,21.1299991607666,0.0,21.31999969482422,21.040000915527344,21.219999313354492,0.0,2588100
2017-12-29,20.940000534057617,20.940000534057617,0.0,21.18000030517578,20.899999618530273,21.139999389648438,0.0,3996300
2018-01-02,21.809999465942383,21.809999465942383,0.0,21.8799991607666,21.0,21.030000686645508,0.0,7027400
2018-01-03,22.780000686645508,22.780000686645508,0.0,22.860000610351562,21.809999465942383,22.0,0.0,7889700
2018-01-04,22.780000686645508,22.780000686645508,0.0,23.200000762939453,22.600000381469727,23.170000076293945,0.0,5719700
2018-01-05,22.829999923706055,22.829999923706055,0.0,22.950000762939453,22.6200008392334,22.850000381469727,0.0,4773300
2018-01-08,22.969999313354492,22.969999313354492,0.0,23.059999465942383,22.579999923706055,22.850000381469727,0.0,3271400
2018-01-09,22.920000076293945,22.920000076293945,0.0,23.030000686645508,22.479999542236328,22.8799991607666,0.0,5407200
2018-01-10,22.639999389648438,22.639999389648438,0.0,22.809999465942383,22.3700008392334,22.639999389648438,0.0,6137300
2018-01-11,23.079999923706055,23.079999923706055,0.0,23.229999542236328,22.639999389648438,22.799999237060547,0.0,6446600
2018-01-12,23.56999969482422,23.56999969482422,0.0,23.65999984741211,23.059999465942383,23.1299991607666,0.0,5906200
2018-01-16,23.5,23.5,0.0,24.06999969482422,23.31999969482422,23.81999969482422,0.0,6673800
2018-01-17,23.920000076293945,23.920000076293945,0.0,24.049999237060547,23.579999923706055,23.6200008392334,0.0,6988400
2018-01-18,24.739999771118164,24.739999771118164,0.0,24.979999542236328,23.899999618530273,24.059999465942383,0.0,12371100
2018-01-19,25.040000915527344,25.040000915527344,0.0,25.170000076293945,24.489999771118164,24.920000076293945,0.0,6543200
2018-01-22,25.3700008392334,25.3700008392334,0.0,25.40999984741211,24.959999084472656,25.170000076293945,0.0,6866000
2018-01-23,25.149999618530273,25.149999618530273,0.0,25.600000381469727,25.100000381469727,25.5,0.0,7292000
2018-01-24,24.59000015258789,24.59000015258789,0.0,25.15999984741211,24.0,24.65999984741211,0.0,14479000
2018-01-25,23.81999969482422,23.81999969482422,0.0,25.09000015258789,23.770000457763672,24.90999984741211,0.0,11520300
2018-01-26,25.139999389648438,25.139999389648438,0.0,25.139999389648438,24.15999984741211,24.40999984741211,0.0,10204000
2018-01-29,25.420000076293945,25.420000076293945,0.0,25.520000457763672,24.899999618530273,25.010000228881836,0.0,6563000
2018-01-30,24.739999771118164,24.739999771118164,0.0,25.25,24.670000076293945,25.079999923706055,0.0,7248600
2018-01-31,24.739999771118164,24.739999771118164,0.0,25.149999618530273,24.559999465942383,25.040000915527344,0.0,6184600
2018-02-01,24.31999969482422,24.31999969482422,0.0,24.979999542236328,24.209999084472656,24.719999313354492,0.0,7450000
2018-02-02,23.690000534057617,23.690000534057617,0.0,24.459999084472656,23.649999618530273,24.309999465942383,0.0,13296400
2018-02-05,22.639999389648438,22.639999389648438,0.0,24.049999237060547,22.329999923706055,23.489999771118164,0.0,12579900
2018-02-06,22.68000030517578,22.68000030517578,0.0,23.299999237060547,22.110000610351562,22.420000076293945,0.0,14763400
2018-02-07,22.059999465942383,22.059999465942383,0.0,22.6200008392334,22.030000686645508,22.469999313354492,0.0,12055300
2018-02-08,20.809999465942383,20.809999465942383,0.0,22.479999542236328,20.799999237060547,22.270000457763672,0.0,9966800
2018-02-09,21.149999618530273,21.149999618530273,0.0,21.350000381469727,20.209999084472656,21.239999771118164,0.0,13112400
2018-02-12,21.34000015258789,21.34000015258789,0.0,21.479999542236328,20.950000762939453,21.40999984741211,0.0,7660900
2018-02-13,21.760000228881836,21.760000228881836,0.0,21.780000686645508,21.200000762939453,21.290000915527344,0.0,7843700
2018-02-14,22.34000015258789,22.34000015258789,0.0,22.3700008392334,21.639999389648438,21.729999542236328,0.0,7454600
2018-02-15,22.799999237060547,22.799999237060547,0.0,22.809999465942383,22.06999969482422,22.670000076293945,0.0,6622800
2018-02-16,22.540000915527344,22.540000915527344,0.0,23.040000915527344,22.399999618530273,22.8799991607666,0.0,4446700
2018-02-20,23.559999465942383,23.559999465942383,0.0,23.84000015258789,22.68000030517578,22.709999084472656,0.0,7358900
2018-02-21,23.229999542236328,23.229999542236328,0.0,23.770000457763672,23.219999313354492,23.719999313354492,0.0,6147000
2018-02-22,23.139999389648438,23.139999389648438,0.0,23.6200008392334,23.010000228881836,23.6200008392334,0.0,4563900
2018-02-23,23.739999771118164,23.739999771118164,0.0,23.739999771118164,23.290000915527344,23.360000610351562,0.0,4417100
2018-02-26,24.3700008392334,24.3700008392334,0.0,24.3700008392334,23.709999084472656,23.770000457763672,0.0,7090500
2018-02-27,24.329999923706055,24.329999923706055,0.0,24.950000762939453,24.309999465942383,24.350000381469727,0.0,9704600
2018-02-28,23.920000076293945,23.920000076293945,0.0,24.549999237060547,23.8700008392334,24.510000228881836,0.0,7267800
2018-03-01,23.860000610351562,23.860000610351562,0.0,24.219999313354492,23.3700008392334,24.030000686645508,0.0,8275900
2018-03-02,24.43000030517578,24.43000030517578,0.0,24.450000762939453,23.43000030517578,23.59000015258789,0.0,5281800
2018-03-05,24.459999084472656,24.459999084472656,0.0,24.549999237060547,24.1200008392334,24.219999313354492,0.0,5872600
2018-03-06,25.469999313354492,25.469999313354492,0.0,25.729999542236328,24.5,24.649999618530273,0.0,13350800
2018-03-07,25.760000228881836,25.760000228881836,0.0,25.81999969482422,25.040000915527344,25.059999465942383,0.0,9042500
2018-03-08,26.059999465942383,26.059999465942383,0.0,26.100000381469727,25.670000076293945,25.899999618530273,0.0,6675300
2018-03-09,26.59000015258789,26.59000015258789,0.0,26.780000686645508,26.15999984741211,26.15999984741211,0.0,8616700
2018-03-12,26.799999237060547,26.799999237060547,0.0,26.860000610351562,26.299999237060547,26.670000076293945,0.0,4681400
2018-03-13,26.020000457763672,26.020000457763672,0.0,27.100000381469727,25.799999237060547,27.079999923706055,0.0,6030600
2018-03-14,25.739999771118164,25.739999771118164,0.0,26.399999618530273,25.579999923706055,26.350000381469727,0.0,5859000
2018-03-15,25.760000228881836,25.760000228881836,0.0,26.049999237060547,25.479999542236328,26.0,0.0,3611500
2018-03-16,25.8700008392334,25.8700008392334,0.0,26.049999237060547,25.579999923706055,25.709999084472656,0.0,5560900
2018-03-19,25.510000228881836,25.510000228881836,0.0,25.790000915527344,24.920000076293945,25.56999969482422,0.0,7717300
2018-03-20,25.950000762939453,25.950000762939453,0.0,26.059999465942383,25.549999237060547,25.559999465942383,0.0,5566500
2018-03-21,26.5,26.5,0.0,26.790000915527344,26.0,26.010000228881836,0.0,11340800
2018-03-22,25.899999618530273,25.899999618530273,0.0,26.290000915527344,25.459999084472656,26.030000686645508,0.0,7598300
2018-03-23,25.040000915527344,25.040000915527344,0.0,25.940000534057617,25.040000915527344,25.81999969482422,0.0,9466200
2018-03-26,26.1200008392334,26.1200008392334,0.0,26.190000534057617,25.360000610351562,25.700000762939453,0.0,6623100
2018-03-27,24.959999084472656,24.959999084472656,0.0,26.59000015258789,24.780000686645508,26.260000228881836,0.0,7900600
2018-03-28,23.809999465942383,23.809999465942383,0.0,24.950000762939453,23.790000915527344,24.84000015258789,0.0,9042700
2018-03-29,24.459999084472656,24.459999084472656,0.0,24.729999542236328,23.719999313354492,24.0,0.0,5503700
2018-04-02,23.3700008392334,23.3700008392334,0.0,24.5,23.1299991607666,24.329999923706055,0.0,5612500
2018-04-03,23.530000686645508,23.530000686645508,0.0,23.93000030517578,23.25,23.639999389648438,0.0,6450900
2018-04-04,24.329999923706055,24.329999923706055,0.0,24.389999389648438,22.75,22.75,0.0,5708600
2018-04-05,24.219999313354492,24.219999313354492,0.0,24.739999771118164,24.1200008392334,24.6299991607666,0.0,5375500
2018-04-06,23.420000076293945,23.420000076293945,0.0,24.239999771118164,23.290000915527344,23.290000915527344,0.0,5948500
2018-04-09,23.559999465942383,23.559999465942383,0.0,24.360000610351562,23.530000686645508,23.780000686645508,0.0,5850500
2018-04-10,24.540000915527344,24.540000915527344,0.0,24.760000228881836,23.979999542236328,24.270000457763672,0.0,4465300
2018-04-11,24.59000015258789,24.59000015258789,0.0,24.959999084472656,24.299999237060547,24.389999389648438,0.0,4421800
2018-04-12,25.360000610351562,25.360000610351562,0.0,25.3700008392334,24.690000534057617,24.709999084472656,0.0,5355300
2018-04-13,25.010000228881836,25.010000228881836,0.0,25.65999984741211,24.719999313354492,25.579999923706055,0.0,3695200
2018-04-16,25.049999237060547,25.049999237060547,0.0,25.209999084472656,24.59000015258789,25.09000015258789,0.0,3515400
2018-04-17,25.739999771118164,25.739999771118164,0.0,25.780000686645508,25.18000030517578,25.18000030517578,0.0,5115300
2018-04-18,25.559999465942383,25.559999465942383,0.0,25.899999618530273,25.280000686645508,25.559999465942383,0.0,4565500
2018-04-19,24.010000228881836,24.010000228881836,0.0,25.059999465942383,23.760000228881836,25.030000686645508,0.0,9482600
2018-04-20,23.6299991607666,23.6299991607666,0.0,24.40999984741211,23.579999923706055,24.079999923706055,0.0,6785800
2018-04-23,23.479999542236328,23.479999542236328,0.0,23.81999969482422,23.3799991607666,23.6299991607666,0.0,7058300
2018-04-24,23.309999465942383,23.309999465942383,0.0,23.959999084472656,23.030000686645508,23.709999084472656,0.0,5092200
2018-04-25,23.1200008392334,23.1200008392334,0.0,23.6299991607666,22.959999084472656,23.360000610351562,0.0,7101700
2018-04-26,23.75,23.75,0.0,23.8700008392334,23.40999984741211,23.5,0.0,5759000
2018-04-27,22.979999542236328,22.979999542236328,0.0,24.15999984741211,22.950000762939453,24.09000015258789,0.0,9211000
2018-04-30,22.079999923706055,22.079999923706055,0.0,23.100000381469727,21.969999313354492,22.989999771118164,0.0,13208700
2018-05-01,22.15999984741211,22.15999984741211,0.0,22.280000686645508,21.93000030517578,22.0,0.0,9773800
2018-05-02,22.200000762939453,22.200000762939453,0.0,22.510000228881836,21.979999542236328,22.209999084472656,0.0,7419000
2018-05-03,22.079999923706055,22.079999923706055,0.0,22.100000381469727,21.450000762939453,21.959999084472656,0.0,9870300
2018-05-04,22.639999389648438,22.639999389648438,0.0,22.780000686645508,21.899999618530273,21.899999618530273,0.0,5097900
2018-05-07,22.860000610351562,22.860000610351562,0.0,23.1299991607666,22.670000076293945,22.81999969482422,0.0,4494500
2018-05-08,22.920000076293945,22.920000076293945,0.0,23.200000762939453,22.719999313354492,23.100000381469727,0.0,5089400
2018-05-09,23.260000228881836,23.260000228881836,0.0,23.440000534057617,22.979999542236328,23.0,0.0,5635900
2018-05-10,23.610000610351562,23.610000610351562,0.0,23.6200008392334,23.309999465942383,23.399999618530273,0.0,3351100
2018-05-11,23.389999389648438,23.389999389648438,0.0,23.81999969482422,23.270000457763672,23.290000915527344,0.0,3718800
2018-05-14,23.690000534057617,23.690000534057617,0.0,24.100000381469727,23.530000686645508,23.6200008392334,0.0,3424000
2018-05-15,23.65999984741211,23.65999984741211,0.0,23.809999465942383,23.5,23.540000915527344,0.0,5444400
2018-05-16,23.81999969482422,23.81999969482422,0.0,23.889999389648438,23.459999084472656,23.610000610351562,0.0,4002200
2018-05-17,23.700000762939453,23.700000762939453,0.0,23.850000381469727,23.389999389648438,23.799999237060547,0.0,4151400
2018-05-18,23.700000762939453,23.700000762939453,0.0,23.899999618530273,23.399999618530273,23.440000534057617,0.0,4347300
2018-05-21,23.84000015258789,23.84000015258789,0.0,24.239999771118164,23.549999237060547,23.969999313354492,0.0,3185800
2018-05-22,24.18000030517578,24.18000030517578,0.0,24.459999084472656,23.950000762939453,23.950000762939453,0.0,5094600
2018-05-23,24.149999618530273,24.149999618530273,0.0,24.200000762939453,23.829999923706055,23.989999771118164,0.0,4189900
2018-05-24,25.020000457763672,25.020000457763672,0.0,25.790000915527344,24.149999618530273,24.18000030517578,0.0,17947700
2018-05-25,25.850000381469727,25.850000381469727,0.0,25.8799991607666,24.100000381469727,25.100000381469727,0.0,11413000
2018-05-29,25.469999313354492,25.469999313354492,0.0,26.110000610351562,25.219999313354492,25.6200008392334,0.0,9934000
2018-05-30,25.579999923706055,25.579999923706055,0.0,26.049999237060547,25.43000030517578,25.690000534057617,0.0,6636400
2018-05-31,25.1299991607666,25.1299991607666,0.0,25.84000015258789,25.020000457763672,25.469999313354492,0.0,27704100
2018-06-01,25.75,25.75,0.0,25.920000076293945,25.079999923706055,25.479999542236328,0.0,7433500
2018-06-04,26.200000762939453,26.200000762939453,0.0,26.219999313354492,25.65999984741211,25.920000076293945,0.0,9466400
2018-06-05,26.219999313354492,26.219999313354492,0.0,26.229999542236328,25.770000457763672,26.15999984741211,0.0,6798800
2018-06-06,26.15999984741211,26.15999984741211,0.0,26.260000228881836,25.84000015258789,26.219999313354492,0.0,4943000
2018-06-07,25.719999313354492,25.719999313354492,0.0,26.3799991607666,25.420000076293945,26.100000381469727,0.0,8260600
2018-06-08,25.200000762939453,25.200000762939453,0.0,25.479999542236328,25.049999237060547,25.40999984741211,0.0,7076800
2018-06-11,25.100000381469727,25.100000381469727,0.0,25.579999923706055,24.979999542236328,25.229999542236328,0.0,4968900
2018-06-12,25.110000610351562,25.110000610351562,0.0,25.520000457763672,24.8700008392334,25.200000762939453,0.0,7999900
2018-06-13,25.299999237060547,25.299999237060547,0.0,25.56999969482422,24.989999771118164,24.989999771118164,0.0,6352200
2018-06-14,25.889999389648438,25.889999389648438,0.0,25.920000076293945,25.3700008392334,25.5,0.0,5622200
2018-06-15,25.610000610351562,25.610000610351562,0.0,25.709999084472656,25.1299991607666,25.700000762939453,0.0,6609000
2018-06-18,25.3700008392334,25.3700008392334,0.0,25.399999618530273,24.760000228881836,25.170000076293945,0.0,3854900
2018-06-19,24.760000228881836,24.760000228881836,0.0,25.139999389648438,24.280000686645508,24.700000762939453,0.0,6590300
2018-06-20,25.170000076293945,25.170000076293945,0.0,25.350000381469727,24.899999618530273,24.969999313354492,0.0,3612600
2018-06-21,24.690000534057617,24.690000534057617,0.0,25.729999542236328,24.6200008392334,25.729999542236328,0.0,5186200
2018-06-22,24.079999923706055,24.079999923706055,0.0,24.979999542236328,24.040000915527344,24.950000762939453,0.0,7447000
2018-06-25,23.170000076293945,23.170000076293945,0.0,23.940000534057617,22.65999984741211,23.790000915527344,0.0,8921900
2018-06-26,23.100000381469727,23.100000381469727,0.0,23.350000381469727,22.979999542236328,23.200000762939453,0.0,7617800
2018-06-27,22.469999313354492,22.469999313354492,0.0,23.459999084472656,22.450000762939453,23.209999084472656,0.0,4900900
2018-06-28,22.280000686645508,22.280000686645508,0.0,22.479999542236328,21.770000457763672,22.25,0.0,11983700
2018-06-29,22.239999771118164,22.239999771118164,0.0,22.719999313354492,22.219999313354492,22.450000762939453,0.0,6425000
2018-07-02,22.59000015258789,22.59000015258789,0.0,22.610000610351562,21.899999618530273,22.020000457763672,0.0,4726700
2018-07-03,22.149999618530273,22.149999618530273,0.0,22.639999389648438,22.09000015258789,22.59000015258789,0.0,2400500
2018-07-05,22.81999969482422,22.81999969482422,0.0,22.8700008392334,22.270000457763672,22.3700008392334,0.0,7132400
2018-07-06,23.100000381469727,23.100000381469727,0.0,23.1299991607666,22.510000228881836,22.729999542236328,0.0,4202200
2018-07-09,23.329999923706055,23.329999923706055,0.0,23.350000381469727,22.979999542236328,23.299999237060547,0.0,3749400
2018-07-10,23.8799991607666,23.8799991607666,0.0,23.90999984741211,23.280000686645508,23.450000762939453,0.0,4737200
2018-07-11,23.020000457763672,23.020000457763672,0.0,23.6299991607666,22.950000762939453,23.549999237060547,0.0,4574900
2018-07-12,23.510000228881836,23.510000228881836,0.0,23.56999969482422,23.190000534057617,23.309999465942383,0.0,3608000
2018-07-13,23.479999542236328,23.479999542236328,0.0,23.75,23.43000030517578,23.610000610351562,0.0,4556700
2018-07-16,23.299999237060547,23.299999237060547,0.0,23.670000076293945,23.239999771118164,23.450000762939453,0.0,4799200
2018-07-17,23.90999984741211,23.90999984741211,0.0,23.920000076293945,22.90999984741211,23.149999618530273,0.0,4393300
2018-07-18,24.239999771118164,24.239999771118164,0.0,24.260000228881836,23.8700008392334,24.09000015258789,0.0,5635100
2018-07-19,24.010000228881836,24.010000228881836,0.0,24.309999465942383,23.75,24.1299991607666,0.0,5011800
2018-07-20,24.040000915527344,24.040000915527344,0.0,24.18000030517578,23.809999465942383,24.010000228881836,0.0,3689000
2018-07-23,23.780000686645508,23.780000686645508,0.0,23.959999084472656,23.31999969482422,23.899999618530273,0.0,5728800
2018-07-24,23.530000686645508,23.530000686645508,0.0,24.239999771118164,23.469999313354492,23.90999984741211,0.0,4133600
2018-07-25,23.299999237060547,23.299999237060547,0.0,23.510000228881836,22.81999969482422,23.459999084472656,0.0,8874900
2018-07-26,23.610000610351562,23.610000610351562,0.0,23.65999984741211,22.969999313354492,23.209999084472656,0.0,8352100
2018-07-27,23.149999618530273,23.149999618530273,0.0,24.100000381469727,23.06999969482422,23.739999771118164,0.0,9664900
2018-07-30,22.360000610351562,22.360000610351562,0.0,23.799999237060547,21.510000228881836,23.780000686645508,0.0,10269500
2018-07-31,22.049999237060547,22.049999237060547,0.0,22.68000030517578,22.010000228881836,22.510000228881836,0.0,6282900
2018-08-01,22.260000228881836,22.260000228881836,0.0,22.389999389648438,21.8799991607666,22.0,0.0,6277100
2018-08-02,22.280000686645508,22.280000686645508,0.0,22.389999389648438,21.829999923706055,21.90999984741211,0.0,6515500
2018-08-03,21.59000015258789,21.59000015258789,0.0,22.25,21.459999084472656,22.149999618530273,0.0,10798700
2018-08-06,22.110000610351562,22.110000610351562,0.0,22.1200008392334,21.5,21.540000915527344,0.0,5408700
2018-08-07,22.40999984741211,22.40999984741211,0.0,22.56999969482422,22.139999389648438,22.190000534057617,0.0,3944100
2018-08-08,22.420000076293945,22.420000076293945,0.0,22.479999542236328,22.170000076293945,22.34000015258789,0.0,3769700
2018-08-09,21.920000076293945,21.920000076293945,0.0,22.229999542236328,21.389999389648438,21.399999618530273,0.0,6522600
2018-08-10,21.34000015258789,21.34000015258789,0.0,21.700000762939453,21.200000762939453,21.459999084472656,0.0,8249200
2018-08-13,21.010000228881836,21.010000228881836,0.0,21.540000915527344,21.0,21.31999969482422,0.0,3740100
2018-08-14,21.0,21.0,0.0,21.200000762939453,20.950000762939453,21.06999969482422,0.0,5599000
2018-08-15,20.450000762939453,20.450000762939453,0.0,21.030000686645508,20.18000030517578,20.729999542236328,0.0,8406200
2018-08-16,20.34000015258789,20.34000015258789,0.0,20.65999984741211,20.25,20.530000686645508,0.0,6616900
2018-08-17,20.31999969482422,20.31999969482422,0.0,20.3799991607666,19.969999313354492,20.219999313354492,0.0,3905600
2018-08-20,20.34000015258789,20.34000015258789,0.0,20.510000228881836,20.040000915527344,20.34000015258789,0.0,3470900
2018-08-21,21.0,21.0,0.0,21.15999984741211,20.309999465942383,20.329999923706055,0.0,6116800
2018-08-22,20.84000015258789,20.84000015258789,0.0,21.100000381469727,20.549999237060547,20.709999084472656,0.0,5266100
2018-08-23,20.649999618530273,20.649999618530273,0.0,21.049999237060547,20.610000610351562,20.8700008392334,0.0,4129700
2018-08-24,21.1200008392334,21.1200008392334,0.0,21.1299991607666,20.690000534057617,20.799999237060547,0.0,2981100
2018-08-27,21.5,21.5,0.0,21.690000534057617,21.149999618530273,21.18000030517578,0.0,4140800
2018-08-28,21.610000610351562,21.610000610351562,0.0,21.81999969482422,21.389999389648438,21.81999969482422,0.0,3216800
2018-08-29,21.579999923706055,21.579999923706055,0.0,21.729999542236328,21.420000076293945,21.5,0.0,3140200
2018-08-30,21.110000610351562,21.110000610351562,0.0,21.549999237060547,21.09000015258789,21.469999313354492,0.0,3078700
2018-08-31,21.34000015258789,21.34000015258789,0.0,21.43000030517578,21.030000686645508,21.059999465942383,0.0,4432900
2018-09-04,21.3799991607666,21.3799991607666,0.0,21.43000030517578,21.010000228881836,21.200000762939453,0.0,4244300
2018-09-05,20.489999771118164,20.489999771118164,0.0,21.299999237060547,20.440000534057617,21.290000915527344,0.0,5824900
2018-09-06,19.860000610351562,19.860000610351562,0.0,20.5,19.850000381469727,20.40999984741211,0.0,7082100
2018-09-07,19.479999542236328,19.479999542236328,0.0,20.0,19.389999389648438,19.530000686645508,0.0,7013900
2018-09-10,19.31999969482422,19.31999969482422,0.0,19.610000610351562,19.200000762939453,19.579999923706055,0.0,3966300
2018-09-11,19.200000762939453,19.200000762939453,0.0,19.440000534057617,19.079999923706055,19.149999618530273,0.0,4802400
2018-09-12,19.25,19.25,0.0,19.290000915527344,18.309999465942383,19.0,0.0,9514800
2018-09-13,19.510000228881836,19.510000228881836,0.0,19.75,19.270000457763672,19.459999084472656,0.0,4249900
2018-09-14,19.8700008392334,19.8700008392334,0.0,19.90999984741211,19.540000915527344,19.639999389648438,0.0,5114000
2018-09-17,19.059999465942383,19.059999465942383,0.0,19.979999542236328,19.040000915527344,19.700000762939453,0.0,4667400
2018-09-18,19.0,19.0,0.0,19.440000534057617,18.979999542236328,19.15999984741211,0.0,6147100
2018-09-19,19.1200008392334,19.1200008392334,0.0,19.260000228881836,18.90999984741211,18.90999984741211,0.0,8348000
2018-09-20,19.5,19.5,0.0,19.719999313354492,19.209999084472656,19.3700008392334,0.0,10327300
2018-09-21,19.149999618530273,19.149999618530273,0.0,19.600000381469727,19.09000015258789,19.3799991607666,0.0,6154900
2018-09-24,19.100000381469727,19.100000381469727,0.0,19.200000762939453,18.68000030517578,18.950000762939453,0.0,3558000
2018-09-25,18.420000076293945,18.420000076293945,0.0,18.809999465942383,18.239999771118164,18.739999771118164,0.0,6567100
2018-09-26,18.420000076293945,18.420000076293945,0.0,18.670000076293945,18.260000228881836,18.270000457763672,0.0,4124800
2018-09-27,18.239999771118164,18.239999771118164,0.0,18.5,18.18000030517578,18.5,0.0,5209300
2018-09-28,18.43000030517578,18.43000030517578,0.0,18.5,18.059999465942383,18.15999984741211,0.0,5271000
2018-10-01,18.40999984741211,18.40999984741211,0.0,18.799999237060547,18.360000610351562,18.440000534057617,0.0,4191400
2018-10-02,18.75,18.75,0.0,18.8799991607666,18.299999237060547,18.329999923706055,0.0,5145100
2018-10-03,18.459999084472656,18.459999084472656,0.0,18.989999771118164,18.329999923706055,18.84000015258789,0.0,6517700
2018-10-04,17.8700008392334,17.8700008392334,0.0,18.34000015258789,17.610000610351562,18.280000686645508,0.0,7463100
2018-10-05,17.540000915527344,17.540000915527344,0.0,17.969999313354492,17.229999542236328,17.799999237060547,0.0,7725400
2018-10-08,17.09000015258789,17.09000015258789,0.0,17.479999542236328,16.81999969482422,17.309999465942383,0.0,7608300
2018-10-09,16.850000381469727,16.850000381469727,0.0,17.149999618530273,16.84000015258789,17.020000457763672,0.0,7780200
2018-10-10,16.1200008392334,16.1200008392334,0.0,16.719999313354492,16.100000381469727,16.610000610351562,0.0,9199400
2018-10-11,16.360000610351562,16.360000610351562,0.0,16.959999084472656,16.049999237060547,16.09000015258789,0.0,10997500
2018-10-12,16.649999618530273,16.649999618530273,0.0,16.989999771118164,16.399999618530273,16.81999969482422,0.0,6001800
2018-10-15,16.510000228881836,16.510000228881836,0.0,16.709999084472656,16.43000030517578,16.639999389648438,0.0,4471900
2018-10-16,16.920000076293945,16.920000076293945,0.0,17.0,16.540000915527344,16.540000915527344,0.0,4476000
2018-10-17,16.770000457763672,16.770000457763672,0.0,17.0,16.68000030517578,16.969999313354492,0.0,5572400
2018-10-18,16.0,16.0,0.0,16.639999389648438,15.90999984741211,16.6299991607666,0.0,9862000
2018-10-19,15.84000015258789,15.84000015258789,0.0,16.350000381469727,15.65999984741211,16.09000015258789,0.0,5610900
2018-10-22,15.890000343322754,15.890000343322754,0.0,16.06999969482422,15.649999618530273,16.0,0.0,4351200
2018-10-23,16.09000015258789,16.09000015258789,0.0,16.3700008392334,15.1899995803833,15.40999984741211,0.0,8135400
2018-10-24,14.75,14.75,0.0,15.789999961853027,14.729999542236328,15.6899995803833,0.0,10384800
2018-10-25,15.34000015258789,15.34000015258789,0.0,15.5,14.970000267028809,14.970000267028809,0.0,6155200
2018-10-26,14.619999885559082,14.619999885559082,0.0,15.0600004196167,14.550000190734863,14.859999656677246,0.0,13803000
2018-10-29,15.90999984741211,15.90999984741211,0.0,16.700000762939453,15.600000381469727,16.149999618530273,0.0,18075800
2018-10-30,16.8700008392334,16.8700008392334,0.0,16.889999389648438,15.829999923706055,15.850000381469727,0.0,12549800
2018-10-31,17.0,17.0,0.0,17.489999771118164,16.850000381469727,17.270000457763672,0.0,12191500
2018-11-01,18.399999618530273,18.399999618530273,0.0,18.729999542236328,16.950000762939453,17.059999465942383,0.0,14415000
2018-11-02,18.110000610351562,18.110000610351562,0.0,18.790000915527344,17.709999084472656,18.649999618530273,0.0,9309700
2018-11-05,17.719999313354492,17.719999313354492,0.0,18.079999923706055,17.469999313354492,17.979999542236328,0.0,6646200
2018-11-06,17.90999984741211,17.90999984741211,0.0,18.010000228881836,17.700000762939453,17.739999771118164,0.0,5517500
2018-11-07,18.3799991607666,18.3799991607666,0.0,18.600000381469727,18.0,18.170000076293945,0.0,7480600
2018-11-08,18.399999618530273,18.399999618530273,0.0,18.510000228881836,18.110000610351562,18.1200008392334,0.0,5807100
2018-11-09,17.8799991607666,17.8799991607666,0.0,18.329999923706055,17.700000762939453,18.100000381469727,0.0,6049000
2018-11-12,16.829999923706055,16.829999923706055,0.0,17.770000457763672,16.760000228881836,17.5,0.0,8651700
2018-11-13,17.350000381469727,17.350000381469727,0.0,17.8700008392334,16.899999618530273,16.90999984741211,0.0,7259900
2018-11-14,17.479999542236328,17.479999542236328,0.0,17.81999969482422,17.290000915527344,17.469999313354492,0.0,6922300
2018-11-15,18.399999618530273,18.399999618530273,0.0,18.440000534057617,17.270000457763672,17.360000610351562,0.0,8346700
2018-11-16,18.790000915527344,18.790000915527344,0.0,18.940000534057617,17.81999969482422,17.920000076293945,0.0,7776300
2018-11-19,17.610000610351562,17.610000610351562,0.0,18.700000762939453,17.579999923706055,18.690000534057617,0.0,7854900
2018-11-20,18.020000457763672,18.020000457763672,0.0,18.209999084472656,17.049999237060547,17.1200008392334,0.0,6380200
2018-11-21,18.579999923706055,18.579999923706055,0.0,18.760000228881836,18.25,18.450000762939453,0.0,5675800
2018-11-23,18.670000076293945,18.670000076293945,0.0,18.860000610351562,18.329999923706055,18.329999923706055,0.0,2450900
2018-11-26,18.809999465942383,18.809999465942383,0.0,19.209999084472656,18.670000076293945,19.209999084472656,0.0,6085300
2018-11-27,18.329999923706055,18.329999923706055,0.0,18.68000030517578,18.100000381469727,18.469999313354492,0.0,4884100
2018-11-28,18.8700008392334,18.8700008392334,0.0,18.93000030517578,18.170000076293945,18.540000915527344,0.0,8743900
2018-11-29,18.5,18.5,0.0,18.850000381469727,18.469999313354492,18.739999771118164,0.0,6026100
2018-11-30,19.18000030517578,19.18000030517578,0.0,19.219999313354492,18.510000228881836,18.530000686645508,0.0,7842900
2018-12-03,19.350000381469727,19.350000381469727,0.0,20.059999465942383,19.25,19.93000030517578,0.0,8685500
2018-12-04,18.469999313354492,18.469999313354492,0.0,19.299999237060547,18.440000534057617,19.040000915527344,0.0,6164300
2018-12-06,18.270000457763672,18.270000457763672,0.0,18.329999923706055,17.770000457763672,17.940000534057617,0.0,5968000
2018-12-07,17.3700008392334,17.3700008392334,0.0,18.440000534057617,17.34000015258789,18.239999771118164,0.0,5933700
2018-12-10,17.59000015258789,17.59000015258789,0.0,17.670000076293945,17.15999984741211,17.190000534057617,0.0,5322000
2018-12-11,17.510000228881836,17.510000228881836,0.0,18.190000534057617,17.389999389648438,17.93000030517578,0.0,4735600
2018-12-12,17.8700008392334,17.8700008392334,0.0,18.229999542236328,17.75,17.8799991607666,0.0,3110100
2018-12-13,17.469999313354492,17.469999313354492,0.0,18.020000457763672,17.450000762939453,17.920000076293945,0.0,3783300
2018-12-14,17.530000686645508,17.530000686645508,0.0,17.799999237060547,17.049999237060547,17.100000381469727,0.0,5300600
2018-12-17,17.31999969482422,17.31999969482422,0.0,18.040000915527344,17.1299991607666,17.360000610351562,0.0,6129800
2018-12-18,17.729999542236328,17.729999542236328,0.0,18.139999389648438,17.40999984741211,17.440000534057617,0.0,5038800
2018-12-19,16.43000030517578,16.43000030517578,0.0,17.780000686645508,16.25,17.549999237060547,0.0,8519200
2018-12-20,16.100000381469727,16.100000381469727,0.0,16.799999237060547,15.869999885559082,16.260000228881836,0.0,8280700
2018-12-21,15.479999542236328,15.479999542236328,0.0,16.34000015258789,15.479999542236328,16.34000015258789,0.0,7536400
2018-12-24,15.0600004196167,15.0600004196167,0.0,15.75,15.0600004196167,15.229999542236328,0.0,3135100
2018-12-26,16.15999984741211,16.15999984741211,0.0,16.170000076293945,15.130000114440918,15.130000114440918,0.0,5864100
2018-12-27,16.170000076293945,16.170000076293945,0.0,16.170000076293945,15.65999984741211,15.949999809265137,0.0,5374200
2018-12-28,16.329999923706055,16.329999923706055,0.0,16.6200008392334,16.040000915527344,16.219999313354492,0.0,6438600
2018-12-31,16.510000228881836,16.510000228881836,0.0,16.510000228881836,16.170000076293945,16.3799991607666,0.0,2985400
2019-01-02,16.780000686645508,16.780000686645508,0.0,16.950000762939453,16.110000610351562,16.139999389648438,0.0,4034100
2019-01-03,15.649999618530273,15.649999618530273,0.0,16.450000762939453,15.569999694824219,16.219999313354492,0.0,7677900
2019-01-04,16.5,16.5,0.0,16.68000030517578,15.84000015258789,15.84000015258789,0.0,9869900
2019-01-07,17.0,17.0,0.0,17.260000228881836,16.329999923706055,16.639999389648438,0.0,5980700
2019-01-08,16.540000915527344,16.540000915527344,0.0,17.239999771118164,16.260000228881836,17.149999618530273,0.0,10946300
2019-01-09,17.809999465942383,17.809999465942383,0.0,17.940000534057617,16.760000228881836,16.809999465942383,0.0,11322000
2019-01-10,17.889999389648438,17.889999389648438,0.0,18.0,17.40999984741211,17.610000610351562,0.0,6477100
2019-01-11,18.489999771118164,18.489999771118164,0.0,18.989999771118164,17.8700008392334,17.90999984741211,0.0,10001900
2019-01-14,17.709999084472656,17.709999084472656,0.0,18.139999389648438,17.700000762939453,18.110000610351562,0.0,6465300
2019-01-15,17.84000015258789,17.84000015258789,0.0,18.1200008392334,17.75,17.81999969482422,0.0,4061200
2019-01-16,17.6299991607666,17.6299991607666,0.0,18.229999542236328,17.59000015258789,17.899999618530273,0.0,3422800
2019-01-17,17.81999969482422,17.81999969482422,0.0,17.920000076293945,17.209999084472656,17.440000534057617,0.0,6039700
2019-01-18,18.40999984741211,18.40999984741211,0.0,18.6299991607666,17.860000610351562,17.899999618530273,0.0,5807700
2019-01-22,17.760000228881836,17.760000228881836,0.0,18.290000915527344,17.59000015258789,18.18000030517578,0.0,5946900
2019-01-23,17.610000610351562,17.610000610351562,0.0,18.0,17.270000457763672,17.920000076293945,0.0,4549300
2019-01-24,18.989999771118164,18.989999771118164,0.0,19.18000030517578,18.010000228881836,18.079999923706055,0.0,11712100
2019-01-25,20.1200008392334,20.1200008392334,0.0,20.260000228881836,19.059999465942383,19.09000015258789,0.0,10192400
2019-01-28,19.65999984741211,19.65999984741211,0.0,20.0,19.25,19.34000015258789,0.0,6704600
2019-01-29,19.3799991607666,19.3799991607666,0.0,19.899999618530273,19.350000381469727,19.649999618530273,0.0,5996600
2019-01-30,20.040000915527344,20.040000915527344,0.0,20.139999389648438,19.43000030517578,19.56999969482422,0.0,7143400
2019-01-31,20.040000915527344,20.040000915527344,0.0,20.280000686645508,19.84000015258789,19.8700008392334,0.0,5948600
2019-02-01,20.799999237060547,20.799999237060547,0.0,20.90999984741211,19.979999542236328,20.049999237060547,0.0,12744900
2019-02-04,21.59000015258789,21.59000015258789,0.0,21.6299991607666,20.219999313354492,21.170000076293945,0.0,15699900
2019-02-05,21.8799991607666,21.8799991607666,0.0,22.1299991607666,21.280000686645508,21.420000076293945,0.0,9653800
2019-02-06,22.81999969482422,22.81999969482422,0.0,23.350000381469727,22.200000762939453,22.239999771118164,0.0,15122400
2019-02-07,22.25,22.25,0.0,22.489999771118164,21.8700008392334,22.389999389648438,0.0,7778000
2019-02-08,21.84000015258789,21.84000015258789,0.0,22.110000610351562,21.440000534057617,21.829999923706055,0.0,9003600
2019-02-11,22.239999771118164,22.239999771118164,0.0,22.309999465942383,21.81999969482422,21.989999771118164,0.0,7284100
2019-02-12,22.729999542236328,22.729999542236328,0.0,22.790000915527344,22.3799991607666,22.520000457763672,0.0,4698500
2019-02-13,22.93000030517578,22.93000030517578,0.0,22.969999313354492,22.540000915527344,22.780000686645508,0.0,5720900
2019-02-14,22.90999984741211,22.90999984741211,0.0,23.09000015258789,22.639999389648438,22.760000228881836,0.0,4495200
2019-02-15,22.969999313354492,22.969999313354492,0.0,23.059999465942383,22.75,22.989999771118164,0.0,3900200
2019-02-19,22.780000686645508,22.780000686645508,0.0,22.969999313354492,22.6299991607666,22.860000610351562,0.0,4299500
2019-02-20,22.59000015258789,22.59000015258789,0.0,22.90999984741211,22.579999923706055,22.899999618530273,0.0,5760200
2019-02-21,22.459999084472656,22.459999084472656,0.0,22.770000457763672,22.3700008392334,22.559999465942383,0.0,4909200
2019-02-22,22.84000015258789,22.84000015258789,0.0,23.010000228881836,22.600000381469727,22.75,0.0,3748100
2019-02-25,22.969999313354492,22.969999313354492,0.0,23.350000381469727,22.940000534057617,23.139999389648438,0.0,3988300
2019-02-26,22.520000457763672,22.520000457763672,0.0,22.8799991607666,22.469999313354492,22.690000534057617,0.0,3781500
2019-02-27,21.56999969482422,21.56999969482422,0.0,22.0,21.149999618530273,22.0,0.0,9581300
2019-02-28,21.479999542236328,21.479999542236328,0.0,21.65999984741211,21.290000915527344,21.40999984741211,0.0,5344100
2019-03-01,21.670000076293945,21.670000076293945,0.0,21.920000076293945,21.350000381469727,21.780000686645508,0.0,4718900
2019-03-04,21.920000076293945,21.920000076293945,0.0,22.479999542236328,21.520000457763672,22.389999389648438,0.0,5964100
2019-03-05,21.84000015258789,21.84000015258789,0.0,22.09000015258789,21.600000381469727,21.889999389648438,0.0,5146700
2019-03-06,21.399999618530273,21.399999618530273,0.0,21.829999923706055,21.280000686645508,21.799999237060547,0.0,7194800
2019-03-07,21.329999923706055,21.329999923706055,0.0,21.559999465942383,20.8799991607666,21.239999771118164,0.0,7988100
2019-03-08,22.139999389648438,22.139999389648438,0.0,22.299999237060547,20.8799991607666,20.940000534057617,0.0,10425300
2019-03-11,22.610000610351562,22.610000610351562,0.0,22.829999923706055,22.270000457763672,22.420000076293945,0.0,6755200
2019-03-12,22.469999313354492,22.469999313354492,0.0,22.739999771118164,22.3700008392334,22.739999771118164,0.0,6132500
2019-03-13,22.309999465942383,22.309999465942383,0.0,22.68000030517578,22.270000457763672,22.670000076293945,0.0,4866400
2019-03-14,22.059999465942383,22.059999465942383,0.0,22.329999923706055,22.010000228881836,22.280000686645508,0.0,4610000
2019-03-15,22.170000076293945,22.170000076293945,0.0,22.540000915527344,22.059999465942383,22.299999237060547,0.0,7365300
2019-03-18,21.90999984741211,21.90999984741211,0.0,22.399999618530273,21.700000762939453,22.139999389648438,0.0,7026800
2019-03-19,22.010000228881836,22.010000228881836,0.0,23.309999465942383,21.81999969482422,22.09000015258789,0.0,7833500
2019-03-20,21.360000610351562,21.360000610351562,0.0,22.049999237060547,20.989999771118164,22.030000686645508,0.0,9073300
2019-03-21,22.450000762939453,22.450000762939453,0.0,22.59000015258789,21.280000686645508,21.280000686645508,0.0,7926500
2019-03-22,21.639999389648438,21.639999389648438,0.0,22.40999984741211,21.510000228881836,22.309999465942383,0.0,4675500
2019-03-25,20.959999084472656,20.959999084472656,0.0,21.5,20.700000762939453,21.149999618530273,0.0,6036000
2019-03-26,21.0,21.0,0.0,21.450000762939453,20.799999237060547,21.329999923706055,0.0,3562600
2019-03-27,20.559999465942383,20.559999465942383,0.0,21.6200008392334,20.239999771118164,21.6200008392334,0.0,12921900
2019-03-28,20.270000457763672,20.270000457763672,0.0,20.850000381469727,19.959999084472656,20.420000076293945,0.0,8461100
2019-03-29,20.56999969482422,20.56999969482422,0.0,20.850000381469727,20.389999389648438,20.6200008392334,0.0,6189100
2019-04-01,21.5,21.5,0.0,21.59000015258789,20.829999923706055,21.190000534057617,0.0,7207500
2019-04-02,21.459999084472656,21.459999084472656,0.0,21.649999618530273,21.239999771118164,21.440000534057617,0.0,6812900
2019-04-03,22.3700008392334,22.3700008392334,0.0,22.799999237060547,21.809999465942383,22.049999237060547,0.0,11108600
2019-04-04,22.43000030517578,22.43000030517578,0.0,22.690000534057617,22.1200008392334,22.200000762939453,0.0,4116100
2019-04-05,22.809999465942383,22.809999465942383,0.0,22.8700008392334,22.559999465942383,22.739999771118164,0.0,3345600
2019-04-08,22.920000076293945,22.920000076293945,0.0,23.040000915527344,22.510000228881836,22.6299991607666,0.0,4902600
2019-04-09,22.639999389648438,22.639999389648438,0.0,22.8700008392334,22.56999969482422,22.799999237060547,0.0,4556600
2019-04-10,22.989999771118164,22.989999771118164,0.0,23.040000915527344,22.489999771118164,22.610000610351562,0.0,4898800
2019-04-11,22.75,22.75,0.0,23.100000381469727,22.649999618530273,22.989999771118164,0.0,4339000
2019-04-12,22.829999923706055,22.829999923706055,0.0,23.260000228881836,22.739999771118164,23.149999618530273,0.0,5790500
2019-04-15,22.440000534057617,22.440000534057617,0.0,22.899999618530273,22.34000015258789,22.780000686645508,0.0,5371000
2019-04-16,22.739999771118164,22.739999771118164,0.0,22.989999771118164,22.530000686645508,22.670000076293945,0.0,5214400
2019-04-17,22.59000015258789,22.59000015258789,0.0,23.290000915527344,22.31999969482422,23.0,0.0,5928600
2019-04-18,22.6200008392334,22.6200008392334,0.0,22.690000534057617,22.260000228881836,22.559999465942383,0.0,5253300
2019-04-22,22.459999084472656,22.459999084472656,0.0,22.75,22.3700008392334,22.610000610351562,0.0,7112300
2019-04-23,22.600000381469727,22.600000381469727,0.0,22.8799991607666,22.3799991607666,22.40999984741211,0.0,6015300
2019-04-24,23.020000457763672,23.020000457763672,0.0,23.479999542236328,22.610000610351562,22.610000610351562,0.0,8209300
2019-04-25,22.40999984741211,22.40999984741211,0.0,23.34000015258789,21.959999084472656,23.079999923706055,0.0,7455700
2019-04-26,22.440000534057617,22.440000534057617,0.0,22.459999084472656,21.68000030517578,22.079999923706055,0.0,7365200
2019-04-29,22.200000762939453,22.200000762939453,0.0,23.5,22.0,22.729999542236328,0.0,11892300
2019-04-30,23.059999465942383,23.059999465942383,0.0,23.260000228881836,22.520000457763672,22.8799991607666,0.0,9886000
2019-05-01,22.600000381469727,22.600000381469727,0.0,23.489999771118164,22.549999237060547,23.299999237060547,0.0,6951300
2019-05-02,22.93000030517578,22.93000030517578,0.0,23.18000030517578,22.399999618530273,22.579999923706055,0.0,5128700
2019-05-03,23.520000457763672,23.520000457763672,0.0,23.540000915527344,22.969999313354492,23.139999389648438,0.0,6101100
2019-05-06,22.959999084472656,22.959999084472656,0.0,23.0,22.520000457763672,22.579999923706055,0.0,7157000
2019-05-07,22.1200008392334,22.1200008392334,0.0,22.770000457763672,21.81999969482422,22.540000915527344,0.0,9438400
2019-05-08,21.75,21.75,0.0,22.219999313354492,21.690000534057617,21.81999969482422,0.0,6369000
2019-05-09,21.149999618530273,21.149999618530273,0.0,21.329999923706055,20.719999313354492,21.209999084472656,0.0,8226900
2019-05-10,20.979999542236328,20.979999542236328,0.0,21.450000762939453,20.43000030517578,21.049999237060547,0.0,5180800
2019-05-13,19.600000381469727,19.600000381469727,0.0,20.260000228881836,19.43000030517578,20.110000610351562,0.0,12868000
2019-05-14,19.979999542236328,19.979999542236328,0.0,20.079999923706055,19.559999465942383,19.790000915527344,0.0,7234600
2019-05-15,20.239999771118164,20.239999771118164,0.0,20.459999084472656,19.59000015258789,19.59000015258789,0.0,6193300
2019-05-16,19.75,19.75,0.0,20.139999389648438,19.559999465942383,19.81999969482422,0.0,8994700
2019-05-17,18.770000457763672,18.770000457763672,0.0,19.739999771118164,18.719999313354492,19.360000610351562,0.0,9043700
2019-05-20,18.329999923706055,18.329999923706055,0.0,18.5,17.8700008392334,18.270000457763672,0.0,10997900
2019-05-21,18.75,18.75,0.0,19.0,18.579999923706055,18.649999618530273,0.0,9100900
2019-05-22,18.15999984741211,18.15999984741211,0.0,18.770000457763672,18.15999984741211,18.34000015258789,0.0,7294600
2019-05-23,17.899999618530273,17.899999618530273,0.0,17.959999084472656,17.5,17.799999237060547,0.0,10002400
2019-05-24,17.68000030517578,17.68000030517578,0.0,18.229999542236328,17.670000076293945,18.040000915527344,0.0,5280200
2019-05-28,17.719999313354492,17.719999313354492,0.0,17.829999923706055,17.309999465942383,17.770000457763672,0.0,6985600
2019-05-29,18.06999969482422,18.06999969482422,0.0,18.350000381469727,17.389999389648438,17.489999771118164,0.0,8650700
2019-05-30,18.110000610351562,18.110000610351562,0.0,18.450000762939453,17.989999771118164,18.09000015258789,0.0,5250700
2019-05-31,17.760000228881836,17.760000228881836,0.0,18.229999542236328,17.690000534057617,17.780000686645508,0.0,8159900
2019-06-03,18.079999923706055,18.079999923706055,0.0,18.3799991607666,17.959999084472656,18.299999237060547,0.0,7351400
2019-06-04,18.959999084472656,18.959999084472656,0.0,19.0,18.329999923706055,18.520000457763672,0.0,7348100
2019-06-05,18.829999923706055,18.829999923706055,0.0,19.110000610351562,18.459999084472656,19.079999923706055,0.0,6119500
2019-06-06,19.010000228881836,19.010000228881836,0.0,19.1200008392334,18.65999984741211,18.760000228881836,0.0,4937600
2019-06-07,19.059999465942383,19.059999465942383,0.0,19.209999084472656,18.8700008392334,19.139999389648438,0.0,6043400
2019-06-10,19.81999969482422,19.81999969482422,0.0,19.93000030517578,19.270000457763672,19.309999465942383,0.0,6315100
2019-06-11,20.030000686645508,20.030000686645508,0.0,20.40999984741211,19.860000610351562,20.25,0.0,5838100
2019-06-12,19.81999969482422,19.81999969482422,0.0,19.8700008392334,19.520000457763672,19.700000762939453,0.0,6363000
2019-06-13,20.139999389648438,20.139999389648438,0.0,20.270000457763672,19.84000015258789,19.979999542236328,0.0,5233800
2019-06-14,19.049999237060547,19.049999237060547,0.0,19.540000915527344,18.8799991607666,19.540000915527344,0.0,8569400
2019-06-17,18.799999237060547,18.799999237060547,0.0,19.200000762939453,18.790000915527344,19.010000228881836,0.0,5010400
2019-06-18,19.59000015258789,19.59000015258789,0.0,19.899999618530273,18.93000030517578,19.149999618530273,0.0,7756700
2019-06-19,19.540000915527344,19.540000915527344,0.0,19.989999771118164,19.40999984741211,19.989999771118164,0.0,5739600
2019-06-20,20.0,20.0,0.0,20.200000762939453,19.829999923706055,20.100000381469727,0.0,5750400
2019-06-21,19.479999542236328,19.479999542236328,0.0,19.760000228881836,19.399999618530273,19.6299991607666,0.0,5687300
2019-06-24,19.459999084472656,19.459999084472656,0.0,19.670000076293945,19.43000030517578,19.56999969482422,0.0,2615500
2019-06-25,19.239999771118164,19.239999771118164,0.0,19.709999084472656,19.219999313354492,19.549999237060547,0.0,4439600
2019-06-26,20.049999237060547,20.049999237060547,0.0,20.100000381469727,19.600000381469727,19.81999969482422,0.0,6614600
2019-06-27,20.389999389648438,20.389999389648438,0.0,20.56999969482422,20.149999618530273,20.149999618530273,0.0,4525500
2019-06-28,20.209999084472656,20.209999084472656,0.0,20.700000762939453,20.1200008392334,20.700000762939453,0.0,17355200
2019-07-01,20.549999237060547,20.549999237060547,0.0,21.899999618530273,20.450000762939453,21.389999389648438,0.0,7391500
2019-07-02,19.989999771118164,19.989999771118164,0.0,20.5,19.950000762939453,20.479999542236328,0.0,4003300
2019-07-03,19.829999923706055,19.829999923706055,0.0,20.049999237060547,19.739999771118164,19.959999084472656,0.0,2331000
2019-07-05,20.06999969482422,20.06999969482422,0.0,20.229999542236328,19.6200008392334,19.670000076293945,0.0,3973600
2019-07-08,19.510000228881836,19.510000228881836,0.0,19.989999771118164,19.489999771118164,19.809999465942383,0.0,2730400
2019-07-09,19.639999389648438,19.639999389648438,0.0,19.729999542236328,19.360000610351562,19.3799991607666,0.0,3207700
2019-07-10,19.690000534057617,19.690000534057617,0.0,20.229999542236328,19.649999618530273,19.899999618530273,0.0,3149200
2019-07-11,19.649999618530273,19.649999618530273,0.0,19.780000686645508,19.399999618530273,19.690000534057617,0.0,3626900
2019-07-12,20.239999771118164,20.239999771118164,0.0,20.290000915527344,19.700000762939453,19.829999923706055,0.0,3396000
2019-07-15,20.290000915527344,20.290000915527344,0.0,20.56999969482422,20.100000381469727,20.40999984741211,0.0,2721600
2019-07-16,20.350000381469727,20.350000381469727,0.0,20.43000030517578,19.8799991607666,20.170000076293945,0.0,6083100
2019-07-17,20.290000915527344,20.290000915527344,0.0,20.469999313354492,20.09000015258789,20.43000030517578,0.0,5566100
2019-07-18,20.520000457763672,20.520000457763672,0.0,20.520000457763672,20.170000076293945,20.260000228881836,0.0,3751800
2019-07-19,20.219999313354492,20.219999313354492,0.0,20.829999923706055,20.209999084472656,20.81999969482422,0.0,4173100
2019-07-22,20.549999237060547,20.549999237060547,0.0,20.610000610351562,20.260000228881836,20.350000381469727,0.0,2740200
2019-07-23,20.989999771118164,20.989999771118164,0.0,21.020000457763672,20.6299991607666,20.68000030517578,0.0,3662900
2019-07-24,22.31999969482422,22.31999969482422,0.0,22.360000610351562,21.260000228881836,21.31999969482422,0.0,11630100
2019-07-25,21.860000610351562,21.860000610351562,0.0,22.139999389648438,21.489999771118164,22.100000381469727,0.0,5222900
2019-07-26,22.040000915527344,22.040000915527344,0.0,22.110000610351562,21.700000762939453,21.979999542236328,0.0,4495100
2019-07-29,22.219999313354492,22.219999313354492,0.0,22.25,21.81999969482422,22.010000228881836,0.0,4064100
2019-07-30,22.209999084472656,22.209999084472656,0.0,22.299999237060547,21.729999542236328,21.850000381469727,0.0,4793900
2019-07-31,21.510000228881836,21.510000228881836,0.0,22.100000381469727,21.3799991607666,22.040000915527344,0.0,5530200
2019-08-01,20.479999542236328,20.479999542236328,0.0,21.81999969482422,20.43000030517578,21.43000030517578,0.0,8927000
2019-08-02,19.979999542236328,19.979999542236328,0.0,20.670000076293945,19.889999389648438,20.239999771118164,0.0,6695000
2019-08-05,17.850000381469727,17.850000381469727,0.0,18.75,17.75,18.700000762939453,0.0,19737600
2019-08-06,17.65999984741211,17.65999984741211,0.0,18.6299991607666,17.40999984741211,18.020000457763672,0.0,9958600
2019-08-07,17.559999465942383,17.559999465942383,0.0,17.65999984741211,17.260000228881836,17.350000381469727,0.0,9483700
2019-08-08,17.93000030517578,17.93000030517578,0.0,18.0,17.549999237060547,17.770000457763672,0.0,7378600
2019-08-09,17.079999923706055,17.079999923706055,0.0,17.770000457763672,17.059999465942383,17.760000228881836,0.0,6427600
2019-08-12,16.829999923706055,16.829999923706055,0.0,17.110000610351562,16.700000762939453,16.989999771118164,0.0,5862500
2019-08-13,17.790000915527344,17.790000915527344,0.0,18.0,16.649999618530273,16.68000030517578,0.0,9057700
2019-08-14,17.1299991607666,17.1299991607666,0.0,17.420000076293945,17.040000915527344,17.1200008392334,0.0,5130400
2019-08-15,16.8700008392334,16.8700008392334,0.0,17.389999389648438,16.799999237060547,17.229999542236328,0.0,4077900
2019-08-16,17.540000915527344,17.540000915527344,0.0,17.729999542236328,17.1299991607666,17.1299991607666,0.0,5789900
2019-08-19,18.010000228881836,18.010000228881836,0.0,18.780000686645508,18.0,18.43000030517578,0.0,6352900
2019-08-20,18.170000076293945,18.170000076293945,0.0,18.270000457763672,17.799999237060547,17.93000030517578,0.0,5723300
2019-08-21,18.440000534057617,18.440000534057617,0.0,18.450000762939453,18.139999389648438,18.34000015258789,0.0,5384500
2019-08-22,18.559999465942383,18.559999465942383,0.0,18.81999969482422,18.309999465942383,18.639999389648438,0.0,6029200
2019-08-23,17.639999389648438,17.639999389648438,0.0,18.270000457763672,17.520000457763672,18.149999618530273,0.0,6410600
2019-08-26,17.3700008392334,17.3700008392334,0.0,18.040000915527344,17.270000457763672,17.940000534057617,0.0,4188300
2019-08-27,17.229999542236328,17.229999542236328,0.0,17.760000228881836,17.200000762939453,17.59000015258789,0.0,3790700
2019-08-28,17.399999618530273,17.399999618530273,0.0,17.520000457763672,16.950000762939453,17.059999465942383,0.0,3359200
2019-08-29,17.8799991607666,17.8799991607666,0.0,18.040000915527344,17.700000762939453,17.739999771118164,0.0,3479100
2019-08-30,17.799999237060547,17.799999237060547,0.0,18.149999618530273,17.780000686645508,18.149999618530273,0.0,2817600
2019-09-03,17.450000762939453,17.450000762939453,0.0,17.639999389648438,17.18000030517578,17.5,0.0,4668800
2019-09-04,17.860000610351562,17.860000610351562,0.0,18.040000915527344,17.600000381469727,17.729999542236328,0.0,4713600
2019-09-05,18.329999923706055,18.329999923706055,0.0,18.760000228881836,18.170000076293945,18.399999618530273,0.0,7659800
2019-09-06,18.56999969482422,18.56999969482422,0.0,18.84000015258789,18.350000381469727,18.489999771118164,0.0,5167900
2019-09-09,18.719999313354492,18.719999313354492,0.0,18.969999313354492,18.549999237060547,18.969999313354492,0.0,4580800
2019-09-10,19.469999313354492,19.469999313354492,0.0,19.479999542236328,18.459999084472656,18.68000030517578,0.0,7061800
2019-09-11,19.850000381469727,19.850000381469727,0.0,19.860000610351562,18.889999389648438,19.739999771118164,0.0,5158000
2019-09-12,20.030000686645508,20.030000686645508,0.0,20.18000030517578,19.579999923706055,19.850000381469727,0.0,5110600
2019-09-13,20.1200008392334,20.1200008392334,0.0,20.440000534057617,19.959999084472656,20.06999969482422,0.0,15107200
2019-09-16,19.989999771118164,19.989999771118164,0.0,20.360000610351562,19.65999984741211,19.950000762939453,0.0,6342200
2019-09-17,19.649999618530273,19.649999618530273,0.0,19.8700008392334,19.489999771118164,19.770000457763672,0.0,4123800
2019-09-18,19.670000076293945,19.670000076293945,0.0,19.709999084472656,19.239999771118164,19.68000030517578,0.0,4432400
2019-09-19,19.559999465942383,19.559999465942383,0.0,20.030000686645508,19.540000915527344,19.65999984741211,0.0,3955400
2019-09-20,19.31999969482422,19.31999969482422,0.0,19.75,19.1299991607666,19.729999542236328,0.0,4759000
2019-09-23,19.3799991607666,19.3799991607666,0.0,19.600000381469727,19.170000076293945,19.170000076293945,0.0,3465700
2019-09-24,18.799999237060547,18.799999237060547,0.0,19.5,18.68000030517578,19.43000030517578,0.0,4884600
2019-09-25,19.200000762939453,19.200000762939453,0.0,19.260000228881836,18.530000686645508,18.709999084472656,0.0,3123000
2019-09-26,19.100000381469727,19.100000381469727,0.0,19.270000457763672,18.950000762939453,19.219999313354492,0.0,2804700
2019-09-27,18.68000030517578,18.68000030517578,0.0,19.190000534057617,18.5,19.020000457763672,0.0,3580700
2019-09-30,19.209999084472656,19.209999084472656,0.0,19.25,18.65999984741211,18.829999923706055,0.0,3163700
2019-10-01,18.760000228881836,18.760000228881836,0.0,19.520000457763672,18.639999389648438,19.270000457763672,0.0,3832300
2019-10-02,18.110000610351562,18.110000610351562,0.0,18.639999389648438,18.030000686645508,18.59000015258789,0.0,4998000
2019-10-03,18.329999923706055,18.329999923706055,0.0,18.40999984741211,17.65999984741211,18.139999389648438,0.0,4509700
2019-10-04,18.579999923706055,18.579999923706055,0.0,18.600000381469727,18.229999542236328,18.469999313354492,0.0,5212700
2019-10-07,18.030000686645508,18.030000686645508,0.0,18.579999923706055,17.989999771118164,18.579999923706055,0.0,4723400
2019-10-08,17.1200008392334,17.1200008392334,0.0,17.799999237060547,17.040000915527344,17.729999542236328,0.0,10618500
2019-10-09,17.90999984741211,17.90999984741211,0.0,18.049999237060547,17.389999389648438,17.510000228881836,0.0,5392100
2019-10-10,18.059999465942383,18.059999465942383,0.0,18.34000015258789,17.829999923706055,17.969999313354492,0.0,5553100
2019-10-11,18.75,18.75,0.0,18.989999771118164,18.360000610351562,18.399999618530273,0.0,9418300
2019-10-14,18.8700008392334,18.8700008392334,0.0,18.90999984741211,18.479999542236328,18.479999542236328,0.0,5028700
2019-10-15,19.389999389648438,19.389999389648438,0.0,19.649999618530273,19.0,19.049999237060547,0.0,4816300
2019-10-16,18.969999313354492,18.969999313354492,0.0,19.479999542236328,18.899999618530273,19.25,0.0,4746800
2019-10-17,19.110000610351562,19.110000610351562,0.0,19.270000457763672,18.719999313354492,19.100000381469727,0.0,4093300
2019-10-18,18.84000015258789,18.84000015258789,0.0,19.079999923706055,18.520000457763672,18.959999084472656,0.0,4505400
2019-10-21,19.479999542236328,19.479999542236328,0.0,19.56999969482422,19.18000030517578,19.219999313354492,0.0,3741500
2019-10-22,19.270000457763672,19.270000457763672,0.0,19.600000381469727,19.1200008392334,19.15999984741211,0.0,5808500
2019-10-23,18.579999923706055,18.579999923706055,0.0,18.829999923706055,18.5,18.780000686645508,0.0,9176500
2019-10-24,18.56999969482422,18.56999969482422,0.0,19.040000915527344,18.510000228881836,18.850000381469727,0.0,8600500
2019-10-25,19.18000030517578,19.18000030517578,0.0,19.299999237060547,18.600000381469727,18.649999618530273,0.0,8108500
2019-10-28,21.209999084472656,21.209999084472656,0.0,21.280000686645508,19.899999618530273,19.899999618530273,0.0,14862600
2019-10-29,21.040000915527344,21.040000915527344,0.0,21.40999984741211,20.760000228881836,21.170000076293945,0.0,9159500
2019-10-30,20.979999542236328,20.979999542236328,0.0,21.31999969482422,20.56999969482422,21.290000915527344,0.0,7251100
2019-10-31,20.399999618530273,20.399999618530273,0.0,20.8799991607666,20.299999237060547,20.860000610351562,0.0,6154400
2019-11-01,21.06999969482422,21.06999969482422,0.0,21.139999389648438,20.540000915527344,20.559999465942383,0.0,4757800
2019-11-04,21.709999084472656,21.709999084472656,0.0,21.760000228881836,21.239999771118164,21.450000762939453,0.0,8194500
2019-11-05,21.790000915527344,21.790000915527344,0.0,22.350000381469727,21.729999542236328,21.889999389648438,0.0,10067300
2019-11-06,21.510000228881836,21.510000228881836,0.0,21.670000076293945,21.049999237060547,21.549999237060547,0.0,5806200
2019-11-07,21.540000915527344,21.540000915527344,0.0,22.010000228881836,21.450000762939453,21.889999389648438,0.0,3496900
2019-11-08,21.6299991607666,21.6299991607666,0.0,21.649999618530273,21.219999313354492,21.420000076293945,0.0,2639700
2019-11-11,21.5,21.5,0.0,21.649999618530273,21.209999084472656,21.520000457763672,0.0,2166500
2019-11-12,21.690000534057617,21.690000534057617,0.0,22.030000686645508,21.559999465942383,21.670000076293945,0.0,4298500
2019-11-13,21.540000915527344,21.540000915527344,0.0,21.700000762939453,21.329999923706055,21.450000762939453,0.0,3112900
2019-11-14,21.479999542236328,21.479999542236328,0.0,21.610000610351562,21.34000015258789,21.420000076293945,0.0,2411000
2019-11-15,21.790000915527344,21.790000915527344,0.0,21.920000076293945,21.469999313354492,21.6299991607666,0.0,4792300
2019-11-18,21.139999389648438,21.139999389648438,0.0,21.739999771118164,21.100000381469727,21.65999984741211,0.0,3350600
2019-11-19,21.1200008392334,21.1200008392334,0.0,21.280000686645508,20.84000015258789,21.239999771118164,0.0,2704800
2019-11-20,20.780000686645508,20.780000686645508,0.0,21.270000457763672,20.68000030517578,20.969999313354492,0.0,4259000
2019-11-21,20.770000457763672,20.770000457763672,0.0,20.950000762939453,20.520000457763672,20.719999313354492,0.0,3092400
2019-11-22,20.809999465942383,20.809999465942383,0.0,21.0,20.729999542236328,20.959999084472656,0.0,2351800
2019-11-25,21.719999313354492,21.719999313354492,0.0,21.729999542236328,20.530000686645508,20.530000686645508,0.0,6087100
2019-11-26,21.920000076293945,21.920000076293945,0.0,21.93000030517578,21.40999984741211,21.610000610351562,0.0,6382400
2019-11-27,22.020000457763672,22.020000457763672,0.0,22.020000457763672,21.780000686645508,21.899999618530273,0.0,3024900
2019-11-29,21.469999313354492,21.469999313354492,0.0,21.889999389648438,21.43000030517578,21.799999237060547,0.0,1224100
2019-12-02,21.360000610351562,21.360000610351562,0.0,21.739999771118164,21.170000076293945,21.639999389648438,0.0,2907900
2019-12-03,20.670000076293945,20.670000076293945,0.0,20.979999542236328,20.549999237060547,20.850000381469727,0.0,6353500
2019-12-04,21.389999389648438,21.389999389648438,0.0,21.530000686645508,20.989999771118164,21.110000610351562,0.0,4520700
2019-12-05,21.649999618530273,21.649999618530273,0.0,21.729999542236328,21.25,21.530000686645508,0.0,4324100
2019-12-06,22.139999389648438,22.139999389648438,0.0,22.270000457763672,21.90999984741211,21.989999771118164,0.0,3297600
2019-12-09,21.829999923706055,21.829999923706055,0.0,22.139999389648438,21.829999923706055,22.139999389648438,0.0,2784700
2019-12-10,21.979999542236328,21.979999542236328,0.0,22.190000534057617,21.760000228881836,21.8700008392334,0.0,2582700
2019-12-11,22.420000076293945,22.420000076293945,0.0,22.479999542236328,21.969999313354492,21.989999771118164,0.0,2542000
2019-12-12,23.15999984741211,23.15999984741211,0.0,23.18000030517578,22.280000686645508,22.3700008392334,0.0,4277500
2019-12-13,23.1299991607666,23.1299991607666,0.0,23.59000015258789,22.8799991607666,23.0,0.0,4653000
2019-12-16,23.459999084472656,23.459999084472656,0.0,23.6299991607666,23.190000534057617,23.190000534057617,0.0,3249300
2019-12-17,23.6299991607666,23.6299991607666,0.0,23.649999618530273,23.399999618530273,23.5,0.0,4132700
2019-12-18,23.799999237060547,23.799999237060547,0.0,23.899999618530273,23.360000610351562,23.450000762939453,0.0,4256000
2019-12-19,23.8799991607666,23.8799991607666,0.0,24.030000686645508,23.639999389648438,23.899999618530273,0.0,4389200
2019-12-20,24.1200008392334,24.1200008392334,0.0,24.190000534057617,23.84000015258789,23.950000762939453,0.0,4963400
2019-12-23,24.450000762939453,24.450000762939453,0.0,24.549999237060547,24.100000381469727,24.149999618530273,0.0,4185100
2019-12-24,24.469999313354492,24.469999313354492,0.0,24.489999771118164,24.260000228881836,24.350000381469727,0.0,1308800
2019-12-26,24.549999237060547,24.549999237060547,0.0,24.700000762939453,24.399999618530273,24.520000457763672,0.0,2457700
2019-12-27,24.489999771118164,24.489999771118164,0.0,24.68000030517578,24.389999389648438,24.610000610351562,0.0,3432400
2019-12-30,24.290000915527344,24.290000915527344,0.0,24.469999313354492,24.0,24.469999313354492,0.0,2734500
2019-12-31,24.3799991607666,24.3799991607666,0.0,24.479999542236328,24.100000381469727,24.25,0.0,2451500
2020-01-02,25.059999465942383,25.059999465942383,0.0,25.079999923706055,24.399999618530273,24.75,0.0,5651000
2020-01-03,24.690000534057617,24.690000534057617,0.0,25.0,24.229999542236328,24.479999542236328,0.0,4412700
2020-01-06,24.06999969482422,24.06999969482422,0.0,24.3799991607666,23.989999771118164,24.25,0.0,8584400
2020-01-07,24.65999984741211,24.65999984741211,0.0,25.149999618530273,24.389999389648438,24.489999771118164,0.0,10547700
2020-01-08,24.81999969482422,24.81999969482422,0.0,25.219999313354492,24.670000076293945,24.670000076293945,0.0,6660900
2020-01-09,24.860000610351562,24.860000610351562,0.0,25.190000534057617,24.559999465942383,25.1299991607666,0.0,4118200
2020-01-10,24.579999923706055,24.579999923706055,0.0,25.020000457763672,24.549999237060547,24.860000610351562,0.0,4065500
2020-01-13,25.31999969482422,25.31999969482422,0.0,25.34000015258789,24.760000228881836,24.760000228881836,0.0,5471600
2020-01-14,25.6200008392334,25.6200008392334,0.0,25.920000076293945,25.229999542236328,25.299999237060547,0.0,9293200
2020-01-15,24.8799991607666,24.8799991607666,0.0,25.450000762939453,24.75,25.450000762939453,0.0,7302600
2020-01-16,25.030000686645508,25.030000686645508,0.0,25.170000076293945,24.790000915527344,25.100000381469727,0.0,5712600
2020-01-17,25.0,25.0,0.0,25.18000030517578,24.809999465942383,25.079999923706055,0.0,5149000
2020-01-21,24.790000915527344,24.790000915527344,0.0,25.09000015258789,24.75,24.829999923706055,0.0,4599100
2020-01-22,24.799999237060547,24.799999237060547,0.0,25.280000686645508,24.790000915527344,25.06999969482422,0.0,3520900
2020-01-23,25.469999313354492,25.469999313354492,0.0,25.520000457763672,24.600000381469727,24.770000457763672,0.0,5935900
2020-01-24,24.989999771118164,24.989999771118164,0.0,25.829999923706055,24.719999313354492,25.760000228881836,0.0,5426000
2020-01-27,23.65999984741211,23.65999984741211,0.0,24.09000015258789,23.56999969482422,24.049999237060547,0.0,7666000
2020-01-28,24.170000076293945,24.170000076293945,0.0,24.309999465942383,23.709999084472656,24.049999237060547,0.0,5615000
2020-01-29,23.8799991607666,23.8799991607666,0.0,24.309999465942383,23.84000015258789,24.260000228881836,0.0,5717900
2020-01-30,23.940000534057617,23.940000534057617,0.0,23.989999771118164,23.209999084472656,23.59000015258789,0.0,8514100
2020-01-31,23.149999618530273,23.149999618530273,0.0,23.760000228881836,22.950000762939453,23.690000534057617,0.0,7994700
2020-02-03,19.90999984741211,19.90999984741211,0.0,21.81999969482422,19.850000381469727,21.450000762939453,0.0,34726900
2020-02-04,19.81999969482422,19.81999969482422,0.0,20.139999389648438,19.280000686645508,19.959999084472656,0.0,22432000
2020-02-05,21.149999618530273,21.149999618530273,0.0,21.229999542236328,20.010000228881836,20.360000610351562,0.0,18620900
2020-02-06,20.90999984741211,20.90999984741211,0.0,21.530000686645508,20.59000015258789,21.18000030517578,0.0,9550900
2020-02-07,20.450000762939453,20.450000762939453,0.0,20.93000030517578,20.219999313354492,20.90999984741211,0.0,9186200
2020-02-10,20.540000915527344,20.540000915527344,0.0,20.719999313354492,20.059999465942383,20.280000686645508,0.0,6650200
2020-02-11,21.399999618530273,21.399999618530273,0.0,21.559999465942383,20.690000534057617,20.709999084472656,0.0,8215500
2020-02-12,21.389999389648438,21.389999389648438,0.0,21.829999923706055,21.239999771118164,21.729999542236328,0.0,5323600
2020-02-13,21.6299991607666,21.6299991607666,0.0,21.809999465942383,21.110000610351562,21.219999313354492,0.0,6131500
2020-02-14,21.440000534057617,21.440000534057617,0.0,21.899999618530273,21.139999389648438,21.739999771118164,0.0,5628800
2020-02-18,21.110000610351562,21.110000610351562,0.0,21.31999969482422,21.0,21.209999084472656,0.0,5020600
2020-02-19,20.899999618530273,20.899999618530273,0.0,21.670000076293945,20.760000228881836,21.299999237060547,0.0,7905600
2020-02-20,20.600000381469727,20.600000381469727,0.0,20.889999389648438,20.239999771118164,20.739999771118164,0.0,10806300
2020-02-21,20.020000457763672,20.020000457763672,0.0,20.5,19.68000030517578,20.43000030517578,0.0,13924800
2020-02-24,19.350000381469727,19.350000381469727,0.0,19.579999923706055,19.110000610351562,19.290000915527344,0.0,9111800
2020-02-25,18.6200008392334,18.6200008392334,0.0,19.790000915527344,18.579999923706055,19.559999465942383,0.0,9452600
2020-02-26,18.360000610351562,18.360000610351562,0.0,19.09000015258789,18.260000228881836,18.81999969482422,0.0,7465200
2020-02-27,17.540000915527344,17.540000915527344,0.0,18.329999923706055,17.540000915527344,17.84000015258789,0.0,8843600
2020-02-28,18.65999984741211,18.65999984741211,0.0,18.780000686645508,16.90999984741211,16.93000030517578,0.0,13501600
2020-03-02,18.93000030517578,18.93000030517578,0.0,18.93000030517578,18.06999969482422,18.790000915527344,0.0,8422100
2020-03-03,18.1299991607666,18.1299991607666,0.0,19.1299991607666,18.0,18.729999542236328,0.0,9669200
2020-03-04,18.729999542236328,18.729999542236328,0.0,18.760000228881836,18.010000228881836,18.389999389648438,0.0,5615600
2020-03-05,17.829999923706055,17.829999923706055,0.0,18.520000457763672,17.729999542236328,18.190000534057617,0.0,7134700
2020-03-06,17.280000686645508,17.280000686645508,0.0,18.420000076293945,17.030000686645508,17.6299991607666,0.0,11756200
2020-03-09,15.529999732971191,15.529999732971191,0.0,16.770000457763672,15.510000228881836,16.1200008392334,0.0,13614700
2020-03-10,16.889999389648438,16.889999389648438,0.0,16.889999389648438,15.739999771118164,16.31999969482422,0.0,9504500
2020-03-11,15.069999694824219,15.069999694824219,0.0,16.5,15.0,16.420000076293945,0.0,10587500
2020-03-12,12.930000305175781,12.930000305175781,0.0,14.4399995803833,12.609999656677246,14.260000228881836,0.0,15397800
2020-03-13,14.489999771118164,14.489999771118164,0.0,14.489999771118164,12.949999809265137,13.829999923706055,0.0,12869400
2020-03-16,11.8100004196167,11.8100004196167,0.0,14.25,11.609999656677246,12.75,0.0,11719800
2020-03-17,11.550000190734863,11.550000190734863,0.0,12.6899995803833,10.680000305175781,12.100000381469727,0.0,16903900
2020-03-18,8.449999809265137,8.449999809265137,0.0,10.979999542236328,8.170000076293945,10.609999656677246,0.0,15551100
2020-03-19,10.510000228881836,10.510000228881836,0.0,10.699999809265137,8.270000457763672,8.359999656677246,0.0,15907200
2020-03-20,10.819999694824219,10.819999694824219,0.0,11.960000038146973,10.510000228881836,10.890000343322754,0.0,15008600
2020-03-23,11.489999771118164,11.489999771118164,0.0,11.670000076293945,10.270000457763672,11.0600004196167,0.0,8972300
2020-03-24,13.850000381469727,13.850000381469727,0.0,13.869999885559082,12.220000267028809,12.420000076293945,0.0,13318700
2020-03-25,14.789999961853027,14.789999961853027,0.0,15.210000038146973,13.0600004196167,14.079999923706055,0.0,14851300
2020-03-26,14.15999984741211,14.15999984741211,0.0,15.100000381469727,13.680000305175781,15.039999961853027,0.0,12688400
2020-03-27,12.890000343322754,12.890000343322754,0.0,13.5,12.850000381469727,13.5,0.0,9738500
2020-03-30,12.970000267028809,12.970000267028809,0.0,13.199999809265137,12.460000038146973,12.890000343322754,0.0,9251400
2020-03-31,12.4399995803833,12.4399995803833,0.0,13.489999771118164,12.279999732971191,13.0,0.0,10982300
2020-04-01,11.0,11.0,0.0,12.229999542236328,10.84000015258789,11.9399995803833,0.0,12326500
2020-04-02,11.270000457763672,11.270000457763672,0.0,11.770000457763672,10.609999656677246,10.960000038146973,0.0,13409800
2020-04-03,10.9399995803833,10.9399995803833,0.0,11.390000343322754,10.779999732971191,11.149999618530273,0.0,8373800
2020-04-06,12.869999885559082,12.869999885559082,0.0,12.960000038146973,11.649999618530273,11.699999809265137,0.0,13509000
2020-04-07,12.779999732971191,12.779999732971191,0.0,14.220000267028809,12.649999618530273,13.699999809265137,0.0,10856100
2020-04-08,13.729999542236328,13.729999542236328,0.0,13.800000190734863,12.710000038146973,13.069999694824219,0.0,10651600
2020-04-09,13.729999542236328,13.729999542236328,0.0,14.6899995803833,13.579999923706055,14.100000381469727,0.0,13127100
2020-04-13,14.210000038146973,14.210000038146973,0.0,14.260000228881836,13.4399995803833,13.90999984741211,0.0,6298500
2020-04-14,14.579999923706055,14.579999923706055,0.0,14.989999771118164,14.140000343322754,14.609999656677246,0.0,7184600
2020-04-15,13.619999885559082,13.619999885559082,0.0,14.0,13.319999694824219,13.84000015258789,0.0,9285100
2020-04-16,13.34000015258789,13.34000015258789,0.0,13.869999885559082,13.149999618530273,13.710000038146973,0.0,7408300
2020-04-17,13.729999542236328,13.729999542236328,0.0,14.170000076293945,13.539999961853027,13.960000038146973,0.0,6222000
2020-04-20,13.359999656677246,13.359999656677246,0.0,13.84000015258789,13.220000267028809,13.279999732971191,0.0,5184500
2020-04-21,12.829999923706055,12.829999923706055,0.0,13.220000267028809,12.699999809265137,13.050000190734863,0.0,6078700
2020-04-22,14.109999656677246,14.109999656677246,0.0,14.1899995803833,13.130000114440918,13.4399995803833,0.0,10389300
2020-04-23,13.920000076293945,13.920000076293945,0.0,14.369999885559082,13.829999923706055,14.180000305175781,0.0,5998700
2020-04-24,14.65999984741211,14.65999984741211,0.0,14.779999732971191,13.970000267028809,13.989999771118164,0.0,5297100
2020-04-27,15.390000343322754,15.390000343322754,0.0,15.449999809265137,14.8100004196167,14.84000015258789,0.0,6359900
2020-04-28,15.84000015258789,15.84000015258789,0.0,16.600000381469727,15.649999618530273,16.34000015258789,0.0,8778300
2020-04-29,17.25,17.25,0.0,17.270000457763672,16.40999984741211,16.450000762939453,0.0,8465700
2020-04-30,16.049999237060547,16.049999237060547,0.0,17.18000030517578,16.030000686645508,17.139999389648438,0.0,6101500
2020-05-01,15.119999885559082,15.119999885559082,0.0,15.680000305175781,14.880000114440918,15.40999984741211,0.0,8141100
2020-05-04,14.869999885559082,14.869999885559082,0.0,14.899999618530273,14.319999694824219,14.739999771118164,0.0,8989800
2020-05-05,15.149999618530273,15.149999618530273,0.0,15.720000267028809,15.069999694824219,15.34000015258789,0.0,5632400
2020-05-06,15.4399995803833,15.4399995803833,0.0,15.640000343322754,15.279999732971191,15.460000038146973,0.0,4367700
2020-05-07,15.979999542236328,15.979999542236328,0.0,16.110000610351562,15.739999771118164,15.760000228881836,0.0,5281900
2020-05-08,17.1200008392334,17.1200008392334,0.0,17.149999618530273,16.0,16.079999923706055,0.0,11778200
2020-05-11,15.65999984741211,15.65999984741211,0.0,16.600000381469727,15.640000343322754,15.75,0.0,15549700
2020-05-12,14.949999809265137,14.949999809265137,0.0,15.880000114440918,14.899999618530273,15.699999809265137,0.0,10484700
2020-05-13,14.050000190734863,14.050000190734863,0.0,15.149999618530273,13.899999618530273,15.149999618530273,0.0,11474500
2020-05-14,14.720000267028809,14.720000267028809,0.0,14.739999771118164,13.489999771118164,13.75,0.0,11469400
2020-05-15,14.149999618530273,14.149999618530273,0.0,14.520000457763672,13.979999542236328,14.020000457763672,0.0,6864600
2020-05-18,15.609999656677246,15.609999656677246,0.0,15.699999809265137,14.829999923706055,14.829999923706055,0.0,9284400
2020-05-19,15.479999542236328,15.479999542236328,0.0,15.90999984741211,15.119999885559082,15.539999961853027,0.0,6917600
2020-05-20,16.270000457763672,16.270000457763672,0.0,16.309999465942383,15.90999984741211,15.920000076293945,0.0,6300700
2020-05-21,15.630000114440918,15.630000114440918,0.0,16.440000534057617,15.569999694824219,16.200000762939453,0.0,6306700
2020-05-22,15.739999771118164,15.739999771118164,0.0,15.770000457763672,15.279999732971191,15.760000228881836,0.0,4139900
2020-05-26,16.68000030517578,16.68000030517578,0.0,16.850000381469727,16.219999313354492,16.34000015258789,0.0,7713400
2020-05-27,17.43000030517578,17.43000030517578,0.0,17.479999542236328,16.420000076293945,16.780000686645508,0.0,9595300
2020-05-28,16.059999465942383,16.059999465942383,0.0,17.270000457763672,16.0,17.270000457763672,0.0,6738100
2020-05-29,16.489999771118164,16.489999771118164,0.0,16.709999084472656,15.90999984741211,16.040000915527344,0.0,8392400
2020-06-01,16.780000686645508,16.780000686645508,0.0,16.8700008392334,16.34000015258789,16.479999542236328,0.0,4754700
2020-06-02,17.139999389648438,17.139999389648438,0.0,17.440000534057617,16.81999969482422,16.8700008392334,0.0,6719000
2020-06-03,18.829999923706055,18.829999923706055,0.0,18.989999771118164,17.600000381469727,17.65999984741211,0.0,16779800
2020-06-04,18.979999542236328,18.979999542236328,0.0,19.219999313354492,18.440000534057617,18.8799991607666,0.0,7616600
2020-06-05,20.15999984741211,20.15999984741211,0.0,20.610000610351562,19.68000030517578,19.799999237060547,0.0,14448800
2020-06-08,20.81999969482422,20.81999969482422,0.0,21.3799991607666,20.489999771118164,20.520000457763672,0.0,18290800
2020-06-09,20.170000076293945,20.170000076293945,0.0,20.700000762939453,20.030000686645508,20.670000076293945,0.0,10004800
2020-06-10,19.459999084472656,19.459999084472656,0.0,20.15999984741211,19.299999237060547,20.09000015258789,0.0,10352800
2020-06-11,18.1299991607666,18.1299991607666,0.0,18.989999771118164,18.1200008392334,18.309999465942383,0.0,7724200
2020-06-12,18.989999771118164,18.989999771118164,0.0,19.489999771118164,18.450000762939453,19.100000381469727,0.0,9365500
2020-06-15,19.559999465942383,19.559999465942383,0.0,19.600000381469727,18.049999237060547,18.18000030517578,0.0,9866400
2020-06-16,19.940000534057617,19.940000534057617,0.0,20.469999313354492,19.479999542236328,20.25,0.0,16436800
2020-06-17,19.790000915527344,19.790000915527344,0.0,20.3799991607666,19.770000457763672,20.1200008392334,0.0,18130500
2020-06-18,19.6200008392334,19.6200008392334,0.0,19.860000610351562,19.440000534057617,19.639999389648438,0.0,5942600
2020-06-19,19.389999389648438,19.389999389648438,0.0,20.18000030517578,19.260000228881836,20.110000610351562,0.0,7333700
2020-06-22,19.59000015258789,19.59000015258789,0.0,19.6200008392334,19.040000915527344,19.34000015258789,0.0,10001200
2020-06-23,20.18000030517578,20.18000030517578,0.0,20.450000762939453,20.100000381469727,20.3799991607666,0.0,7986400
2020-06-24,19.290000915527344,19.290000915527344,0.0,19.950000762939453,19.139999389648438,19.829999923706055,0.0,8267700
2020-06-25,19.479999542236328,19.479999542236328,0.0,19.5,18.90999984741211,19.09000015258789,0.0,5699200
2020-06-26,19.09000015258789,19.09000015258789,0.0,19.399999618530273,18.84000015258789,19.309999465942383,0.0,7264100
2020-06-29,19.520000457763672,19.520000457763672,0.0,19.739999771118164,18.75,19.15999984741211,0.0,12303800
2020-06-30,19.81999969482422,19.81999969482422,0.0,19.950000762939453,19.5,19.59000015258789,0.0,10176900
2020-07-01,19.049999237060547,19.049999237060547,0.0,20.18000030517578,19.020000457763672,20.170000076293945,0.0,8119200
2020-07-02,19.18000030517578,19.18000030517578,0.0,19.729999542236328,19.059999465942383,19.399999618530273,0.0,7108600
2020-07-06,19.65999984741211,19.65999984741211,0.0,19.84000015258789,19.40999984741211,19.600000381469727,0.0,7969900
2020-07-07,19.270000457763672,19.270000457763672,0.0,19.670000076293945,19.15999984741211,19.440000534057617,0.0,10560000
2020-07-08,19.969999313354492,19.969999313354492,0.0,19.979999542236328,19.15999984741211,19.389999389648438,0.0,9845500
2020-07-09,20.760000228881836,20.760000228881836,0.0,20.959999084472656,19.3700008392334,20.079999923706055,0.0,14886000
2020-07-10,20.489999771118164,20.489999771118164,0.0,21.0,20.350000381469727,20.809999465942383,0.0,12939500
2020-07-13,20.549999237060547,20.549999237060547,0.0,21.540000915527344,20.530000686645508,21.25,0.0,12975800
2020-07-14,20.690000534057617,20.690000534057617,0.0,20.739999771118164,19.770000457763672,20.40999984741211,0.0,11842900
2020-07-15,21.530000686645508,21.530000686645508,0.0,21.639999389648438,20.709999084472656,21.18000030517578,0.0,9645600
2020-07-16,21.34000015258789,21.34000015258789,0.0,21.520000457763672,20.81999969482422,21.010000228881836,0.0,8204200
2020-07-17,21.190000534057617,21.190000534057617,0.0,21.549999237060547,21.18000030517578,21.479999542236328,0.0,8309200
2020-07-20,21.6299991607666,21.6299991607666,0.0,21.670000076293945,21.079999923706055,21.290000915527344,0.0,6162700
2020-07-21,21.65999984741211,21.65999984741211,0.0,22.079999923706055,21.610000610351562,21.829999923706055,0.0,8318800
2020-07-22,21.450000762939453,21.450000762939453,0.0,22.049999237060547,21.299999237060547,21.760000228881836,0.0,7460600
2020-07-23,20.860000610351562,20.860000610351562,0.0,21.459999084472656,20.610000610351562,21.309999465942383,0.0,7876600
2020-07-24,20.469999313354492,20.469999313354492,0.0,20.950000762939453,20.290000915527344,20.389999389648438,0.0,5724900
2020-07-27,21.280000686645508,21.280000686645508,0.0,21.309999465942383,20.68000030517578,20.780000686645508,0.0,5373900
2020-07-28,20.5,20.5,0.0,21.170000076293945,20.479999542236328,20.790000915527344,0.0,3692500
2020-07-29,20.959999084472656,20.959999084472656,0.0,21.059999465942383,20.700000762939453,20.700000762939453,0.0,3753600
2020-07-30,20.770000457763672,20.770000457763672,0.0,20.790000915527344,20.270000457763672,20.459999084472656,0.0,8131300
2020-07-31,20.600000381469727,20.600000381469727,0.0,20.8700008392334,20.31999969482422,20.84000015258789,0.0,5854900
2020-08-03,21.239999771118164,21.239999771118164,0.0,21.299999237060547,20.649999618530273,20.709999084472656,0.0,4227600
2020-08-04,21.690000534057617,21.690000534057617,0.0,21.739999771118164,21.200000762939453,21.280000686645508,0.0,4280500
2020-08-05,21.260000228881836,21.260000228881836,0.0,21.5,20.899999618530273,21.5,0.0,7743400
2020-08-06,21.1299991607666,21.1299991607666,0.0,21.209999084472656,20.8700008392334,21.149999618530273,0.0,4629000
2020-08-07,20.84000015258789,20.84000015258789,0.0,21.34000015258789,20.450000762939453,21.1299991607666,0.0,10297600
2020-08-10,21.920000076293945,21.920000076293945,0.0,22.09000015258789,20.889999389648438,20.959999084472656,0.0,10311900
2020-08-11,22.190000534057617,22.190000534057617,0.0,23.110000610351562,21.950000762939453,22.079999923706055,0.0,9482500
2020-08-12,22.3799991607666,22.3799991607666,0.0,22.440000534057617,22.059999465942383,22.350000381469727,0.0,4793600
2020-08-13,21.899999618530273,21.899999618530273,0.0,22.420000076293945,21.81999969482422,22.280000686645508,0.0,7336800
2020-08-14,22.040000915527344,22.040000915527344,0.0,22.309999465942383,21.549999237060547,22.309999465942383,0.0,4072400
2020-08-17,21.959999084472656,21.959999084472656,0.0,22.34000015258789,21.799999237060547,22.260000228881836,0.0,4566500
2020-08-18,21.75,21.75,0.0,22.149999618530273,21.729999542236328,22.139999389648438,0.0,3917200
2020-08-19,21.65999984741211,21.65999984741211,0.0,21.8799991607666,21.459999084472656,21.690000534057617,0.0,4975300
2020-08-20,21.059999465942383,21.059999465942383,0.0,21.520000457763672,21.030000686645508,21.299999237060547,0.0,4527800
2020-08-21,20.90999984741211,20.90999984741211,0.0,21.0,20.709999084472656,21.0,0.0,8875100
2020-08-24,21.389999389648438,21.389999389648438,0.0,21.389999389648438,20.969999313354492,21.079999923706055,0.0,3066500
2020-08-25,21.59000015258789,21.59000015258789,0.0,21.719999313354492,21.239999771118164,21.479999542236328,0.0,2977700
2020-08-26,21.68000030517578,21.68000030517578,0.0,21.75,21.329999923706055,21.59000015258789,0.0,3838300
2020-08-27,21.329999923706055,21.329999923706055,0.0,21.829999923706055,21.18000030517578,21.770000457763672,0.0,3263900
2020-08-28,22.030000686645508,22.030000686645508,0.0,22.139999389648438,21.030000686645508,21.440000534057617,0.0,4012900
2020-08-31,21.3700008392334,21.3700008392334,0.0,21.989999771118164,21.350000381469727,21.8799991607666,0.0,4128400
2020-09-01,21.75,21.75,0.0,21.770000457763672,21.209999084472656,21.5,0.0,7053000
2020-09-02,22.3799991607666,22.3799991607666,0.0,22.459999084472656,21.65999984741211,21.799999237060547,0.0,7101500
2020-09-03,21.450000762939453,21.450000762939453,0.0,22.170000076293945,21.34000015258789,22.06999969482422,0.0,6600200
2020-09-04,22.68000030517578,22.68000030517578,0.0,23.1200008392334,21.3700008392334,21.440000534057617,0.0,14139400
2020-09-08,20.93000030517578,20.93000030517578,0.0,21.989999771118164,20.90999984741211,21.770000457763672,0.0,11541000
2020-09-09,21.81999969482422,21.81999969482422,0.0,21.989999771118164,21.190000534057617,21.520000457763672,0.0,7290000
2020-09-10,21.520000457763672,21.520000457763672,0.0,22.260000228881836,21.5,21.5,0.0,5954700
2020-09-11,21.579999923706055,21.579999923706055,0.0,22.030000686645508,21.31999969482422,21.90999984741211,0.0,4347400
2020-09-14,22.010000228881836,22.010000228881836,0.0,22.149999618530273,21.649999618530273,21.959999084472656,0.0,3426600
2020-09-15,22.020000457763672,22.020000457763672,0.0,22.260000228881836,21.90999984741211,22.209999084472656,0.0,4589800
2020-09-16,22.049999237060547,22.049999237060547,0.0,22.690000534057617,22.0,22.329999923706055,0.0,4733800
2020-09-17,21.899999618530273,21.899999618530273,0.0,22.170000076293945,21.399999618530273,21.5,0.0,4542900
2020-09-18,21.420000076293945,21.420000076293945,0.0,22.09000015258789,21.239999771118164,22.09000015258789,0.0,5513600
2020-09-21,20.610000610351562,20.610000610351562,0.0,21.030000686645508,20.40999984741211,21.010000228881836,0.0,6529500
2020-09-22,20.81999969482422,20.81999969482422,0.0,21.0,20.510000228881836,20.969999313354492,0.0,7966100
2020-09-23,20.079999923706055,20.079999923706055,0.0,21.059999465942383,20.059999465942383,20.899999618530273,0.0,4578000
2020-09-24,20.309999465942383,20.309999465942383,0.0,20.709999084472656,19.790000915527344,19.920000076293945,0.0,5377200
2020-09-25,20.489999771118164,20.489999771118164,0.0,20.540000915527344,19.75,20.15999984741211,0.0,5166300
2020-09-28,21.729999542236328,21.729999542236328,0.0,21.75,20.809999465942383,20.969999313354492,0.0,5079300
2020-09-29,21.780000686645508,21.780000686645508,0.0,21.959999084472656,21.549999237060547,21.600000381469727,0.0,4780600
2020-09-30,21.690000534057617,21.690000534057617,0.0,22.06999969482422,21.610000610351562,21.700000762939453,0.0,3635800
2020-10-01,22.90999984741211,22.90999984741211,0.0,23.3700008392334,22.350000381469727,22.399999618530273,0.0,10092800
2020-10-02,22.440000534057617,22.440000534057617,0.0,22.93000030517578,21.90999984741211,21.950000762939453,0.0,6980700
2020-10-05,23.149999618530273,23.149999618530273,0.0,23.190000534057617,22.709999084472656,22.780000686645508,0.0,4960400
2020-10-06,22.889999389648438,22.889999389648438,0.0,23.489999771118164,22.670000076293945,23.18000030517578,0.0,5289000
2020-10-07,23.350000381469727,23.350000381469727,0.0,23.530000686645508,23.219999313354492,23.3700008392334,0.0,5890500
2020-10-08,26.040000915527344,26.040000915527344,0.0,26.059999465942383,24.899999618530273,25.040000915527344,0.0,22188100
2020-10-09,26.350000381469727,26.350000381469727,0.0,26.84000015258789,25.510000228881836,26.100000381469727,0.0,14617700
2020-10-12,26.510000228881836,26.510000228881836,0.0,26.579999923706055,26.25,26.520000457763672,0.0,5826500
2020-10-13,25.90999984741211,25.90999984741211,0.0,26.40999984741211,25.760000228881836,26.360000610351562,0.0,7619400
2020-10-14,25.93000030517578,25.93000030517578,0.0,26.1200008392334,25.670000076293945,26.0,0.0,3884300
2020-10-15,26.06999969482422,26.06999969482422,0.0,26.1200008392334,25.079999923706055,25.280000686645508,0.0,5773600
2020-10-16,26.06999969482422,26.06999969482422,0.0,26.530000686645508,26.020000457763672,26.479999542236328,0.0,4486200
2020-10-19,26.209999084472656,26.209999084472656,0.0,26.59000015258789,25.959999084472656,26.110000610351562,0.0,5466800
2020-10-20,26.100000381469727,26.100000381469727,0.0,26.440000534057617,25.90999984741211,26.06999969482422,0.0,5999800
2020-10-21,25.530000686645508,25.530000686645508,0.0,26.25,25.510000228881836,26.209999084472656,0.0,4547700
2020-10-22,25.920000076293945,25.920000076293945,0.0,26.0,25.459999084472656,25.690000534057617,0.0,3095500
2020-10-23,26.15999984741211,26.15999984741211,0.0,26.239999771118164,25.780000686645508,26.040000915527344,0.0,3608700
2020-10-26,25.549999237060547,25.549999237060547,0.0,25.8700008392334,25.190000534057617,25.770000457763672,0.0,7651000
2020-10-27,25.170000076293945,25.170000076293945,0.0,25.579999923706055,25.040000915527344,25.450000762939453,0.0,4011600
2020-10-28,24.540000915527344,24.540000915527344,0.0,24.75,24.229999542236328,24.6200008392334,0.0,4529700
2020-10-29,25.190000534057617,25.190000534057617,0.0,25.610000610351562,24.510000228881836,24.56999969482422,0.0,9795600
2020-10-30,25.09000015258789,25.09000015258789,0.0,25.260000228881836,24.559999465942383,24.989999771118164,0.0,10703300
2020-11-02,24.360000610351562,24.360000610351562,0.0,24.84000015258789,23.860000610351562,24.309999465942383,0.0,12688700
2020-11-03,25.049999237060547,25.049999237060547,0.0,25.3700008392334,24.709999084472656,25.030000686645508,0.0,8822900
2020-11-04,25.889999389648438,25.889999389648438,0.0,26.299999237060547,25.049999237060547,25.25,0.0,11950600
2020-11-05,26.450000762939453,26.450000762939453,0.0,26.65999984741211,25.989999771118164,26.3799991607666,0.0,10102100
2020-11-06,26.579999923706055,26.579999923706055,0.0,27.079999923706055,26.260000228881836,26.489999771118164,0.0,7976700
2020-11-09,27.530000686645508,27.530000686645508,0.0,28.799999237060547,27.489999771118164,28.0,0.0,14243500
2020-11-10,27.09000015258789,27.09000015258789,0.0,27.90999984741211,26.940000534057617,27.5,0.0,8515900
2020-11-11,27.93000030517578,27.93000030517578,0.0,28.399999618530273,27.309999465942383,27.309999465942383,0.0,8684600
2020-11-12,27.479999542236328,27.479999542236328,0.0,27.950000762939453,27.219999313354492,27.780000686645508,0.0,7139600
2020-11-13,28.059999465942383,28.059999465942383,0.0,28.399999618530273,27.790000915527344,27.950000762939453,0.0,7721400
2020-11-16,28.579999923706055,28.579999923706055,0.0,28.770000457763672,28.049999237060547,28.5,0.0,8538300
2020-11-17,28.15999984741211,28.15999984741211,0.0,28.399999618530273,27.739999771118164,28.270000457763672,0.0,6701300
2020-11-18,27.600000381469727,27.600000381469727,0.0,28.440000534057617,27.549999237060547,28.1299991607666,0.0,9452700
2020-11-19,27.850000381469727,27.850000381469727,0.0,27.940000534057617,27.31999969482422,27.420000076293945,0.0,7610500
2020-11-20,27.440000534057617,27.440000534057617,0.0,28.170000076293945,27.399999618530273,27.940000534057617,0.0,5843500
2020-11-23,28.40999984741211,28.40999984741211,0.0,28.579999923706055,27.6200008392334,27.770000457763672,0.0,8095900
2020-11-24,28.610000610351562,28.610000610351562,0.0,29.059999465942383,28.270000457763672,29.059999465942383,0.0,7774500
2020-11-25,28.579999923706055,28.579999923706055,0.0,29.1200008392334,28.09000015258789,28.3700008392334,0.0,7426800
2020-11-27,28.649999618530273,28.649999618530273,0.0,29.43000030517578,28.549999237060547,29.290000915527344,0.0,2673000
2020-11-30,28.75,28.75,0.0,28.989999771118164,28.34000015258789,28.790000915527344,0.0,6078800
2020-12-01,29.270000457763672,29.270000457763672,0.0,29.6299991607666,28.979999542236328,29.049999237060547,0.0,6168200
2020-12-02,28.959999084472656,28.959999084472656,0.0,29.1299991607666,28.739999771118164,28.860000610351562,0.0,4724000
2020-12-03,29.100000381469727,29.100000381469727,0.0,29.75,29.030000686645508,29.170000076293945,0.0,4657000
2020-12-04,29.920000076293945,29.920000076293945,0.0,30.040000915527344,29.149999618530273,29.459999084472656,0.0,7681600
2020-12-07,30.579999923706055,30.579999923706055,0.0,30.760000228881836,29.8799991607666,30.030000686645508,0.0,7978500
2020-12-08,31.389999389648438,31.389999389648438,0.0,32.599998474121094,31.239999771118164,31.950000762939453,0.0,16728300
2020-12-09,30.670000076293945,30.670000076293945,0.0,31.770000457763672,30.40999984741211,31.299999237060547,0.0,8556000
2020-12-10,30.540000915527344,30.540000915527344,0.0,31.100000381469727,30.420000076293945,30.799999237060547,0.0,4962200
2020-12-11,30.65999984741211,30.65999984741211,0.0,30.799999237060547,30.200000762939453,30.450000762939453,0.0,4596100
2020-12-14,30.81999969482422,30.81999969482422,0.0,31.469999313354492,30.6299991607666,31.270000457763672,0.0,4359200
2020-12-15,31.3700008392334,31.3700008392334,0.0,31.479999542236328,31.139999389648438,31.469999313354492,0.0,4704600
2020-12-16,31.110000610351562,31.110000610351562,0.0,31.43000030517578,30.59000015258789,31.3799991607666,0.0,4982500
2020-12-17,31.600000381469727,31.600000381469727,0.0,31.84000015258789,31.309999465942383,31.760000228881836,0.0,4898500
2020-12-18,31.540000915527344,31.540000915527344,0.0,32.099998474121094,31.309999465942383,31.670000076293945,0.0,6762300
2020-12-21,31.579999923706055,31.579999923706055,0.0,31.670000076293945,30.780000686645508,31.139999389648438,0.0,4855100
2020-12-22,31.850000381469727,31.850000381469727,0.0,32.04999923706055,31.540000915527344,31.93000030517578,0.0,4115300
2020-12-23,31.799999237060547,31.799999237060547,0.0,32.41999816894531,31.760000228881836,32.25,0.0,3794300
2020-12-24,31.989999771118164,31.989999771118164,0.0,32.15999984741211,31.700000762939453,32.0,0.0,1776100
2020-12-28,31.950000762939453,31.950000762939453,0.0,32.540000915527344,31.889999389648438,32.150001525878906,0.0,3676200
2020-12-29,31.65999984741211,31.65999984741211,0.0,32.22999954223633,31.260000228881836,32.220001220703125,0.0,4088000
2020-12-30,32.47999954223633,32.47999954223633,0.0,32.56999969482422,31.860000610351562,31.8700008392334,0.0,3839800
2020-12-31,32.72999954223633,32.72999954223633,0.0,32.93000030517578,32.290000915527344,32.5,0.0,3987500
2021-01-04,32.66999816894531,32.66999816894531,0.0,33.63999938964844,32.31999969482422,33.04999923706055,0.0,8089800
2021-01-05,33.220001220703125,33.220001220703125,0.0,33.279998779296875,32.4900016784668,32.52000045776367,0.0,4261500
2021-01-06,34.060001373291016,34.060001373291016,0.0,34.77000045776367,33.290000915527344,33.290000915527344,0.0,9206100
2021-01-07,35.36000061035156,35.36000061035156,0.0,35.45000076293945,34.439998626708984,34.4900016784668,0.0,8294100
2021-01-08,35.52000045776367,35.52000045776367,0.0,36.599998474121094,35.119998931884766,36.11000061035156,0.0,6827500
2021-01-11,36.04999923706055,36.04999923706055,0.0,36.27000045776367,34.90999984741211,34.90999984741211,0.0,4738800
2021-01-12,36.40999984741211,36.40999984741211,0.0,36.939998626708984,36.02000045776367,36.349998474121094,0.0,11886300
2021-01-13,36.9900016784668,36.9900016784668,0.0,37.31999969482422,36.61000061035156,36.81999969482422,0.0,6420900
2021-01-14,37.900001525878906,37.900001525878906,0.0,38.25,37.119998931884766,37.25,0.0,9299000
2021-01-15,36.709999084472656,36.709999084472656,0.0,38.119998931884766,36.099998474121094,37.849998474121094,0.0,7565500
2021-01-19,38.52000045776367,38.52000045776367,0.0,38.709999084472656,37.43000030517578,37.72999954223633,0.0,7666000
2021-01-20,37.939998626708984,37.939998626708984,0.0,39.43000030517578,37.689998626708984,39.150001525878906,0.0,10752600
2021-01-21,37.84000015258789,37.84000015258789,0.0,38.65999984741211,37.560001373291016,38.61000061035156,0.0,6564000
2021-01-22,37.29999923706055,37.29999923706055,0.0,37.66999816894531,36.900001525878906,37.45000076293945,0.0,5252600
2021-01-25,36.970001220703125,36.970001220703125,0.0,37.7400016784668,36.099998474121094,37.599998474121094,0.0,6313900
2021-01-26,36.099998474121094,36.099998474121094,0.0,37.290000915527344,36.09000015258789,37.279998779296875,0.0,8546300
2021-01-27,34.06999969482422,34.06999969482422,0.0,35.150001525878906,33.779998779296875,35.04999923706055,0.0,12694800
2021-01-28,35.25,35.25,0.0,36.16999816894531,34.63999938964844,35.349998474121094,0.0,9481200
2021-01-29,34.4900016784668,34.4900016784668,0.0,35.630001068115234,34.40999984741211,35.25,0.0,7948500
2021-02-01,36.709999084472656,36.709999084472656,0.0,37.209999084472656,35.63999938964844,36.400001525878906,0.0,13481600
2021-02-02,36.849998474121094,36.849998474121094,0.0,37.900001525878906,36.470001220703125,37.529998779296875,0.0,6901700
2021-02-03,36.900001525878906,36.900001525878906,0.0,37.459999084472656,36.290000915527344,37.029998779296875,0.0,5916500
2021-02-04,38.11000061035156,38.11000061035156,0.0,38.15999984741211,36.79999923706055,36.90999984741211,0.0,7132700
2021-02-05,38.38999938964844,38.38999938964844,0.0,38.79999923706055,38.099998474121094,38.599998474121094,0.0,5631100
2021-02-08,39.810001373291016,39.810001373291016,0.0,39.959999084472656,38.720001220703125,38.91999816894531,0.0,7757500
2021-02-09,40.61000061035156,40.61000061035156,0.0,40.880001068115234,39.27000045776367,39.5099983215332,0.0,6585000
2021-02-10,39.93000030517578,39.93000030517578,0.0,41.65999984741211,39.540000915527344,41.63999938964844,0.0,8596800
2021-02-11,40.45000076293945,40.45000076293945,0.0,40.529998779296875,38.970001220703125,40.209999084472656,0.0,7925900
2021-02-12,41.27000045776367,41.27000045776367,0.0,41.95000076293945,40.130001068115234,40.77000045776367,0.0,6511100
2021-02-16,41.849998474121094,41.849998474121094,0.0,42.33000183105469,41.470001220703125,42.0,0.0,5127500
2021-02-17,41.08000183105469,41.08000183105469,0.0,41.619998931884766,40.20000076293945,41.43000030517578,0.0,5227000
2021-02-18,39.869998931884766,39.869998931884766,0.0,40.630001068115234,39.349998474121094,40.439998626708984,0.0,4395300
2021-02-19,41.869998931884766,41.869998931884766,0.0,41.91999816894531,40.43000030517578,40.43000030517578,0.0,8363000
2021-02-22,40.439998626708984,40.439998626708984,0.0,42.15999984741211,40.150001525878906,41.63999938964844,0.0,6879100
2021-02-23,40.279998779296875,40.279998779296875,0.0,40.380001068115234,37.06999969482422,39.439998626708984,0.0,11498700
2021-02-24,40.65999984741211,40.65999984741211,0.0,40.77000045776367,39.279998779296875,40.0099983215332,0.0,7426500
2021-02-25,37.7400016784668,37.7400016784668,0.0,40.369998931884766,37.38999938964844,40.290000915527344,0.0,6097500
2021-02-26,40.27000045776367,40.27000045776367,0.0,40.619998931884766,37.77000045776367,38.4900016784668,0.0,9916300
2021-03-01,42.27000045776367,42.27000045776367,0.0,42.380001068115234,41.02000045776367,42.0,0.0,8241300
2021-03-02,40.43000030517578,40.43000030517578,0.0,42.36000061035156,40.38999938964844,42.349998474121094,0.0,6270600
2021-03-03,39.68000030517578,39.68000030517578,0.0,41.0,39.27000045776367,40.790000915527344,0.0,5750400
2021-03-04,37.040000915527344,37.040000915527344,0.0,39.9900016784668,36.45000076293945,39.41999816894531,0.0,9117400
2021-03-05,38.810001373291016,38.810001373291016,0.0,38.91999816894531,34.790000915527344,38.06999969482422,0.0,10937500
2021-03-08,35.9900016784668,35.9900016784668,0.0,39.45000076293945,35.88999938964844,38.939998626708984,0.0,8818900
2021-03-09,37.93000030517578,37.93000030517578,0.0,38.2400016784668,37.41999816894531,37.529998779296875,0.0,12182400
2021-03-10,37.54999923706055,37.54999923706055,0.0,38.91999816894531,37.36000061035156,38.369998931884766,0.0,4775500
2021-03-11,38.79999923706055,38.79999923706055,0.0,39.130001068115234,38.290000915527344,38.79999923706055,0.0,7992900
2021-03-12,38.4900016784668,38.4900016784668,0.0,38.630001068115234,37.31999969482422,37.779998779296875,0.0,5551200
2021-03-15,39.27000045776367,39.27000045776367,0.0,39.27000045776367,38.29999923706055,38.790000915527344,0.0,5112600
2021-03-16,40.65999984741211,40.65999984741211,0.0,41.650001525878906,39.310001373291016,39.54999923706055,0.0,11908900
2021-03-17,41.83000183105469,41.83000183105469,0.0,42.08000183105469,39.81999969482422,39.90999984741211,0.0,7231500
2021-03-18,39.13999938964844,39.13999938964844,0.0,41.310001373291016,39.040000915527344,41.150001525878906,0.0,6862900
2021-03-19,40.09000015258789,40.09000015258789,0.0,40.400001525878906,38.459999084472656,39.2599983215332,0.0,8503800
2021-03-22,40.81999969482422,40.81999969482422,0.0,41.70000076293945,40.43000030517578,40.689998626708984,0.0,6926100
2021-03-23,38.58000183105469,38.58000183105469,0.0,41.04999923706055,38.16999816894531,40.63999938964844,0.0,6965100
2021-03-24,38.119998931884766,38.119998931884766,0.0,39.63999938964844,38.099998474121094,39.06999969482422,0.0,4613300
2021-03-25,38.189998626708984,38.189998626708984,0.0,38.540000915527344,36.68000030517578,36.95000076293945,0.0,7038300
2021-03-26,40.63999938964844,40.63999938964844,0.0,40.72999954223633,38.31999969482422,38.45000076293945,0.0,5919500
2021-03-29,39.099998474121094,39.099998474121094,0.0,40.220001220703125,38.40999984741211,40.040000915527344,0.0,5121300
2021-03-30,39.869998931884766,39.869998931884766,0.0,40.11000061035156,39.0,39.0,0.0,3782300
2021-03-31,41.61000061035156,41.61000061035156,0.0,42.029998779296875,40.5099983215332,40.599998474121094,0.0,7971700
2021-04-01,42.88999938964844,42.88999938964844,0.0,42.939998626708984,41.720001220703125,42.25,0.0,6700200
2021-04-05,44.029998779296875,44.029998779296875,0.0,44.189998626708984,42.869998931884766,43.33000183105469,0.0,6326800
2021-04-06,43.56999969482422,43.56999969482422,0.0,44.59000015258789,43.04999923706055,43.75,0.0,5954400
2021-04-07,42.93000030517578,42.93000030517578,0.0,43.599998474121094,42.54999923706055,43.5099983215332,0.0,4416600
2021-04-08,43.060001373291016,43.060001373291016,0.0,43.59000015258789,42.70000076293945,43.29999923706055,0.0,4483500
2021-04-09,42.959999084472656,42.959999084472656,0.0,42.9900016784668,42.349998474121094,42.470001220703125,0.0,3282000
2021-04-12,42.400001525878906,42.400001525878906,0.0,42.70000076293945,41.65999984741211,42.41999816894531,0.0,4151300
2021-04-13,42.040000915527344,42.040000915527344,0.0,42.849998474121094,41.54999923706055,42.540000915527344,0.0,3625300
2021-04-14,42.099998474121094,42.099998474121094,0.0,43.16999816894531,41.439998626708984,41.59000015258789,0.0,3889800
2021-04-15,42.630001068115234,42.630001068115234,0.0,42.900001525878906,41.939998626708984,42.439998626708984,0.0,3995000
2021-04-16,42.18000030517578,42.18000030517578,0.0,42.77000045776367,42.06999969482422,42.630001068115234,0.0,4630300
2021-04-19,41.06999969482422,41.06999969482422,0.0,42.529998779296875,40.58000183105469,42.0,0.0,4554600
2021-04-20,39.70000076293945,39.70000076293945,0.0,40.970001220703125,39.380001068115234,40.900001525878906,0.0,7978200
2021-04-21,41.369998931884766,41.369998931884766,0.0,41.40999984741211,39.369998931884766,39.56999969482422,0.0,4518300
2021-04-22,40.93000030517578,40.93000030517578,0.0,41.900001525878906,40.56999969482422,41.86000061035156,0.0,5697400
2021-04-23,42.54999923706055,42.54999923706055,0.0,42.869998931884766,41.36000061035156,41.36000061035156,0.0,4373600
2021-04-26,43.79999923706055,43.79999923706055,0.0,43.939998626708984,42.59000015258789,42.779998779296875,0.0,5231500
2021-04-27,43.29999923706055,43.29999923706055,0.0,43.97999954223633,43.029998779296875,43.849998474121094,0.0,3608800
2021-04-28,41.45000076293945,41.45000076293945,0.0,43.20000076293945,41.34000015258789,43.11000061035156,0.0,10344000
2021-04-29,41.0,41.0,0.0,42.25,40.68000030517578,42.11000061035156,0.0,7572100
2021-04-30,39.0,39.0,0.0,40.540000915527344,38.75,40.150001525878906,0.0,11393000
2021-05-03,37.56999969482422,37.56999969482422,0.0,38.9900016784668,37.099998474121094,38.220001220703125,0.0,11020000
2021-05-04,37.25,37.25,0.0,37.9900016784668,36.220001220703125,37.970001220703125,0.0,11132300
2021-05-05,37.54999923706055,37.54999923706055,0.0,37.970001220703125,36.869998931884766,37.650001525878906,0.0,6034400
2021-05-06,37.59000015258789,37.59000015258789,0.0,37.689998626708984,36.380001068115234,37.400001525878906,0.0,4863300
2021-05-07,38.630001068115234,38.630001068115234,0.0,38.72999954223633,37.95000076293945,38.099998474121094,0.0,4580900
2021-05-10,37.02000045776367,37.02000045776367,0.0,38.709999084472656,36.95000076293945,38.709999084472656,0.0,6486800
2021-05-11,37.16999816894531,37.16999816894531,0.0,37.529998779296875,35.119998931884766,35.310001373291016,0.0,11405900
2021-05-12,35.66999816894531,35.66999816894531,0.0,37.70000076293945,35.34000015258789,37.400001525878906,0.0,12062600
2021-05-13,36.52000045776367,36.52000045776367,0.0,37.099998474121094,35.66999816894531,36.09000015258789,0.0,7665000
2021-05-14,37.45000076293945,37.45000076293945,0.0,37.9900016784668,36.66999816894531,36.91999816894531,0.0,6513800
2021-05-17,36.7400016784668,36.7400016784668,0.0,37.09000015258789,36.029998779296875,36.970001220703125,0.0,4972200
2021-05-18,36.689998626708984,36.689998626708984,0.0,37.33000183105469,36.65999984741211,37.15999984741211,0.0,3407900
2021-05-19,37.459999084472656,37.459999084472656,0.0,37.619998931884766,35.650001525878906,35.86000061035156,0.0,6779500
2021-05-20,38.529998779296875,38.529998779296875,0.0,38.72999954223633,37.59000015258789,37.65999984741211,0.0,6787900
2021-05-21,38.220001220703125,38.220001220703125,0.0,39.06999969482422,38.16999816894531,38.779998779296875,0.0,3513800
2021-05-24,39.34000015258789,39.34000015258789,0.0,39.4900016784668,38.45000076293945,38.56999969482422,0.0,4009100
2021-05-25,38.939998626708984,38.939998626708984,0.0,40.2599983215332,38.779998779296875,39.650001525878906,0.0,5169000
2021-05-26,39.0,39.0,0.0,39.5,38.65999984741211,39.20000076293945,0.0,3899400
2021-05-27,40.27000045776367,40.27000045776367,0.0,40.33000183105469,38.900001525878906,39.0,0.0,8159900
2021-05-28,40.040000915527344,40.040000915527344,0.0,40.529998779296875,39.84000015258789,40.400001525878906,0.0,5287000
2021-06-01,39.90999984741211,39.90999984741211,0.0,40.790000915527344,39.560001373291016,40.47999954223633,0.0,3615800
2021-06-02,39.38999938964844,39.38999938964844,0.0,39.84000015258789,39.22999954223633,39.79999923706055,0.0,3819300
2021-06-03,37.7400016784668,37.7400016784668,0.0,38.970001220703125,37.68000030517578,38.689998626708984,0.0,5372500
2021-06-04,38.209999084472656,38.209999084472656,0.0,38.52000045776367,37.959999084472656,38.16999816894531,0.0,5550100
2021-06-07,37.970001220703125,37.970001220703125,0.0,38.20000076293945,37.63999938964844,38.15999984741211,0.0,3493600
2021-06-08,37.59000015258789,37.59000015258789,0.0,38.4900016784668,37.04999923706055,38.34000015258789,0.0,3972400
2021-06-09,37.2400016784668,37.2400016784668,0.0,37.84000015258789,37.209999084472656,37.79999923706055,0.0,4355100
2021-06-10,37.77000045776367,37.77000045776367,0.0,38.2599983215332,37.220001220703125,37.279998779296875,0.0,6965700
2021-06-11,37.779998779296875,37.779998779296875,0.0,38.279998779296875,37.4900016784668,38.11000061035156,0.0,4232000
2021-06-14,38.31999969482422,38.31999969482422,0.0,38.58000183105469,37.470001220703125,37.86000061035156,0.0,8941600
2021-06-15,37.439998626708984,37.439998626708984,0.0,38.52000045776367,37.400001525878906,38.04999923706055,0.0,5318100
2021-06-16,37.290000915527344,37.290000915527344,0.0,37.91999816894531,36.88999938964844,37.560001373291016,0.0,4949200
2021-06-17,37.0,37.0,0.0,37.54999923706055,36.15999984741211,37.15999984741211,0.0,4238800
2021-06-18,35.779998779296875,35.779998779296875,0.0,36.470001220703125,35.16999816894531,36.349998474121094,0.0,8732000
2021-06-21,36.4900016784668,36.4900016784668,0.0,36.7400016784668,35.7400016784668,35.91999816894531,0.0,5840000
2021-06-22,36.84000015258789,36.84000015258789,0.0,36.90999984741211,35.970001220703125,36.43000030517578,0.0,5144100
2021-06-23,36.900001525878906,36.900001525878906,0.0,37.33000183105469,36.70000076293945,36.810001373291016,0.0,4975600
2021-06-24,37.7599983215332,37.7599983215332,0.0,37.84000015258789,37.13999938964844,37.13999938964844,0.0,3463000
2021-06-25,37.5099983215332,37.5099983215332,0.0,38.20000076293945,37.18000030517578,38.0,0.0,8987800
2021-06-28,38.65999984741211,38.65999984741211,0.0,38.7599983215332,37.630001068115234,37.86000061035156,0.0,3916500
2021-06-29,38.7599983215332,38.7599983215332,0.0,38.959999084472656,38.439998626708984,38.650001525878906,0.0,3879600
2021-06-30,38.279998779296875,38.279998779296875,0.0,38.7400016784668,37.95000076293945,38.70000076293945,0.0,4814200
2021-07-01,37.90999984741211,37.90999984741211,0.0,38.65999984741211,37.77000045776367,38.400001525878906,0.0,3678400
2021-07-02,38.400001525878906,38.400001525878906,0.0,38.459999084472656,37.959999084472656,38.27000045776367,0.0,3410100
2021-07-06,38.22999954223633,38.22999954223633,0.0,38.65999984741211,37.650001525878906,38.41999816894531,0.0,4612500
2021-07-07,37.06999969482422,37.06999969482422,0.0,38.560001373291016,36.970001220703125,38.560001373291016,0.0,3655500
2021-07-08,36.720001220703125,36.720001220703125,0.0,37.06999969482422,35.59000015258789,35.93000030517578,0.0,4988200
2021-07-09,37.75,37.75,0.0,37.849998474121094,36.560001373291016,37.11000061035156,0.0,2892400
2021-07-12,38.439998626708984,38.439998626708984,0.0,38.459999084472656,37.65999984741211,37.88999938964844,0.0,4250200
2021-07-13,37.91999816894531,37.91999816894531,0.0,38.36000061035156,37.849998474121094,38.310001373291016,0.0,2840800
2021-07-14,37.65999984741211,37.65999984741211,0.0,39.099998474121094,37.599998474121094,38.41999816894531,0.0,3711600
2021-07-15,36.29999923706055,36.29999923706055,0.0,37.470001220703125,35.66999816894531,37.349998474121094,0.0,7195400
2021-07-16,35.150001525878906,35.150001525878906,0.0,36.790000915527344,35.060001373291016,36.790000915527344,0.0,5537700
2021-07-19,34.790000915527344,34.790000915527344,0.0,35.04999923706055,34.0099983215332,34.560001373291016,0.0,5578100
2021-07-20,35.5099983215332,35.5099983215332,0.0,35.939998626708984,34.369998931884766,34.880001068115234,0.0,7288800
2021-07-21,36.869998931884766,36.869998931884766,0.0,37.029998779296875,35.86000061035156,35.91999816894531,0.0,7055800
2021-07-22,35.869998931884766,35.869998931884766,0.0,36.59000015258789,35.77000045776367,36.38999938964844,0.0,3397200
2021-07-23,36.349998474121094,36.349998474121094,0.0,36.45000076293945,35.560001373291016,36.29999923706055,0.0,3666600
2021-07-26,36.689998626708984,36.689998626708984,0.0,36.7599983215332,35.9900016784668,36.0,0.0,3783100
2021-07-27,35.81999969482422,35.81999969482422,0.0,36.459999084472656,34.810001373291016,36.310001373291016,0.0,4434400
2021-07-28,37.060001373291016,37.060001373291016,0.0,37.369998931884766,35.970001220703125,36.08000183105469,0.0,5288100
2021-07-29,38.61000061035156,38.61000061035156,0.0,38.88999938964844,37.40999984741211,37.470001220703125,0.0,7263000
2021-07-30,39.060001373291016,39.060001373291016,0.0,39.470001220703125,38.0,38.0,0.0,7540000
2021-08-02,43.63999938964844,43.63999938964844,0.0,45.18000030517578,42.290000915527344,42.93000030517578,0.0,17480200
2021-08-03,45.380001068115234,45.380001068115234,0.0,45.41999816894531,43.650001525878906,43.869998931884766,0.0,13185600
2021-08-04,45.66999816894531,45.66999816894531,0.0,46.290000915527344,45.25,45.25,0.0,7843400
2021-08-05,44.81999969482422,44.81999969482422,0.0,46.0099983215332,44.349998474121094,45.81999969482422,0.0,10222200
2021-08-06,45.279998779296875,45.279998779296875,0.0,45.599998474121094,44.4900016784668,45.22999954223633,0.0,6067500
2021-08-09,45.40999984741211,45.40999984741211,0.0,45.58000183105469,44.56999969482422,45.34000015258789,0.0,4750800
2021-08-10,44.38999938964844,44.38999938964844,0.0,45.5,44.130001068115234,45.41999816894531,0.0,5634000
2021-08-11,44.790000915527344,44.790000915527344,0.0,44.84000015258789,43.86000061035156,44.310001373291016,0.0,3936700
2021-08-12,43.400001525878906,43.400001525878906,0.0,44.5,43.22999954223633,44.5,0.0,7308900
2021-08-13,43.45000076293945,43.45000076293945,0.0,43.529998779296875,42.86000061035156,43.2599983215332,0.0,6034400
2021-08-16,43.40999984741211,43.40999984741211,0.0,43.47999954223633,42.630001068115234,43.20000076293945,0.0,4011700
2021-08-17,41.97999954223633,41.97999954223633,0.0,42.97999954223633,41.349998474121094,42.97999954223633,0.0,5589300
2021-08-18,41.75,41.75,0.0,42.93000030517578,41.40999984741211,41.689998626708984,0.0,6442300
2021-08-19,40.97999954223633,40.97999954223633,0.0,41.79999923706055,40.849998474121094,41.25,0.0,7146900
2021-08-20,41.5,41.5,0.0,42.02000045776367,41.08000183105469,41.08000183105469,0.0,5450700
2021-08-23,42.43000030517578,42.43000030517578,0.0,42.869998931884766,41.7599983215332,42.15999984741211,0.0,4309500
2021-08-24,43.599998474121094,43.599998474121094,0.0,43.95000076293945,42.70000076293945,42.7400016784668,0.0,5569900
2021-08-25,43.5099983215332,43.5099983215332,0.0,44.18000030517578,43.36000061035156,43.709999084472656,0.0,5358200
2021-08-26,44.029998779296875,44.029998779296875,0.0,44.720001220703125,43.41999816894531,43.529998779296875,0.0,6355600
2021-08-27,45.5,45.5,0.0,45.75,43.900001525878906,43.900001525878906,0.0,5598900
2021-08-30,45.27000045776367,45.27000045776367,0.0,45.970001220703125,45.0,45.91999816894531,0.0,3469900
2021-08-31,44.36000061035156,44.36000061035156,0.0,45.290000915527344,43.91999816894531,45.22999954223633,0.0,6976200
2021-09-01,44.68000030517578,44.68000030517578,0.0,45.2599983215332,44.2400016784668,44.619998931884766,0.0,4716300
2021-09-02,45.400001525878906,45.400001525878906,0.0,45.4900016784668,44.459999084472656,44.86000061035156,0.0,3459600
2021-09-03,45.709999084472656,45.709999084472656,0.0,46.400001525878906,45.220001220703125,45.400001525878906,0.0,3663500
2021-09-07,45.65999984741211,45.65999984741211,0.0,45.88999938964844,45.09000015258789,45.79999923706055,0.0,4128700
2021-09-08,44.849998474121094,44.849998474121094,0.0,45.41999816894531,44.40999984741211,45.06999969482422,0.0,3559200
2021-09-09,45.2400016784668,45.2400016784668,0.0,45.779998779296875,44.810001373291016,45.0,0.0,2976600
2021-09-10,46.88999938964844,46.88999938964844,0.0,47.59000015258789,46.060001373291016,46.400001525878906,0.0,6946500
2021-09-13,47.63999938964844,47.63999938964844,0.0,47.75,46.58000183105469,47.33000183105469,0.0,5018200
2021-09-14,47.849998474121094,47.849998474121094,0.0,48.459999084472656,47.27000045776367,48.04999923706055,0.0,5553200
2021-09-15,49.209999084472656,49.209999084472656,0.0,49.22999954223633,47.56999969482422,48.2400016784668,0.0,5534000
2021-09-16,49.400001525878906,49.400001525878906,0.0,49.709999084472656,48.380001068115234,48.93000030517578,0.0,5785300
2021-09-17,48.88999938964844,48.88999938964844,0.0,49.400001525878906,48.09000015258789,49.290000915527344,0.0,7268000
2021-09-20,47.66999816894531,47.66999816894531,0.0,47.68000030517578,46.7599983215332,47.310001373291016,0.0,5472600
2021-09-21,47.68000030517578,47.68000030517578,0.0,48.18000030517578,46.939998626708984,48.18000030517578,0.0,4289700
2021-09-22,48.599998474121094,48.599998474121094,0.0,48.790000915527344,47.779998779296875,48.08000183105469,0.0,3826000
2021-09-23,49.36000061035156,49.36000061035156,0.0,49.779998779296875,48.5,48.75,0.0,3800000
2021-09-24,49.290000915527344,49.290000915527344,0.0,49.650001525878906,48.869998931884766,49.0,0.0,3434500
2021-09-27,49.47999954223633,49.47999954223633,0.0,49.72999954223633,48.5099983215332,48.56999969482422,0.0,5005200
2021-09-28,47.33000183105469,47.33000183105469,0.0,48.459999084472656,46.959999084472656,48.34000015258789,0.0,7465000
2021-09-29,45.84000015258789,45.84000015258789,0.0,47.18000030517578,45.15999984741211,46.75,0.0,8159100
2021-09-30,45.77000045776367,45.77000045776367,0.0,46.77000045776367,45.68000030517578,46.2400016784668,0.0,4908500
2021-10-01,45.61000061035156,45.61000061035156,0.0,46.41999816894531,45.45000076293945,45.880001068115234,0.0,6209100
2021-10-04,44.88999938964844,44.88999938964844,0.0,45.599998474121094,44.650001525878906,45.310001373291016,0.0,4666600
2021-10-05,45.63999938964844,45.63999938964844,0.0,46.189998626708984,45.0,45.5,0.0,5068200
2021-10-06,44.70000076293945,44.70000076293945,0.0,45.400001525878906,44.36000061035156,44.779998779296875,0.0,3735700
2021-10-07,45.38999938964844,45.38999938964844,0.0,46.400001525878906,45.220001220703125,45.220001220703125,0.0,4553200
2021-10-08,44.47999954223633,44.47999954223633,0.0,45.7599983215332,44.41999816894531,45.68000030517578,0.0,3279500
2021-10-11,43.349998474121094,43.349998474121094,0.0,44.849998474121094,43.34000015258789,44.040000915527344,0.0,4143500
2021-10-12,42.349998474121094,42.349998474121094,0.0,43.849998474121094,42.060001373291016,43.7599983215332,0.0,6725900
2021-10-13,41.900001525878906,41.900001525878906,0.0,42.869998931884766,41.880001068115234,42.36000061035156,0.0,4630200
2021-10-14,43.0099983215332,43.0099983215332,0.0,43.18000030517578,42.52000045776367,42.599998474121094,0.0,6318600
2021-10-15,43.33000183105469,43.33000183105469,0.0,43.7599983215332,43.06999969482422,43.220001220703125,0.0,3750300
2021-10-18,44.15999984741211,44.15999984741211,0.0,44.220001220703125,43.0,43.099998474121094,0.0,4047100
2021-10-19,44.95000076293945,44.95000076293945,0.0,45.15999984741211,43.900001525878906,44.25,0.0,4420500
2021-10-20,45.560001373291016,45.560001373291016,0.0,45.93000030517578,44.900001525878906,44.900001525878906,0.0,4768400
2021-10-21,46.31999969482422,46.31999969482422,0.0,46.369998931884766,45.2400016784668,45.2400016784668,0.0,2759700
2021-10-22,45.970001220703125,45.970001220703125,0.0,46.869998931884766,45.88999938964844,46.349998474121094,0.0,3076300
2021-10-25,46.220001220703125,46.220001220703125,0.0,46.61000061035156,45.90999984741211,46.2400016784668,0.0,1930100
2021-10-26,45.13999938964844,45.13999938964844,0.0,46.81999969482422,45.04999923706055,46.81999969482422,0.0,3192800
2021-10-27,44.54999923706055,44.54999923706055,0.0,45.4900016784668,43.75,44.09000015258789,0.0,5390100
2021-10-28,47.099998474121094,47.099998474121094,0.0,47.56999969482422,45.36000061035156,45.66999816894531,0.0,7547700
2021-10-29,48.06999969482422,48.06999969482422,0.0,48.220001220703125,46.209999084472656,46.25,0.0,10021100
2021-11-01,54.9900016784668,54.9900016784668,0.0,55.56999969482422,51.33000183105469,53.75,0.0,23265200
2021-11-02,57.13999938964844,57.13999938964844,0.0,57.2400016784668,55.27000045776367,55.97999954223633,0.0,11103600
2021-11-03,57.849998474121094,57.849998474121094,0.0,58.560001373291016,56.970001220703125,57.380001068115234,0.0,7836900
2021-11-04,59.86000061035156,59.86000061035156,0.0,59.900001525878906,57.540000915527344,58.27000045776367,0.0,9286700
2021-11-05,59.130001068115234,59.130001068115234,0.0,61.52000045776367,58.2400016784668,60.0,0.0,7269900
2021-11-08,58.720001220703125,58.720001220703125,0.0,60.15999984741211,58.599998474121094,59.95000076293945,0.0,6016500
2021-11-09,58.20000076293945,58.20000076293945,0.0,59.099998474121094,57.38999938964844,58.90999984741211,0.0,4864700
2021-11-10,56.81999969482422,56.81999969482422,0.0,57.849998474121094,56.119998931884766,56.849998474121094,0.0,5782100
2021-11-11,58.20000076293945,58.20000076293945,0.0,59.2400016784668,57.56999969482422,57.91999816894531,0.0,4802800
2021-11-12,58.599998474121094,58.599998474121094,0.0,59.150001525878906,58.029998779296875,58.72999954223633,0.0,3038500
2021-11-15,59.20000076293945,59.20000076293945,0.0,60.369998931884766,58.439998626708984,59.599998474121094,0.0,4991600
2021-11-16,62.130001068115234,62.130001068115234,0.0,62.29999923706055,58.619998931884766,58.880001068115234,0.0,6342900
2021-11-17,62.400001525878906,62.400001525878906,0.0,62.560001373291016,61.27000045776367,62.150001525878906,0.0,7173500
2021-11-18,63.459999084472656,63.459999084472656,0.0,63.959999084472656,62.310001373291016,63.47999954223633,0.0,5477200
2021-11-19,63.34000015258789,63.34000015258789,0.0,63.91999816894531,62.220001220703125,63.099998474121094,0.0,5341700
2021-11-22,61.709999084472656,61.709999084472656,0.0,64.04000091552734,61.36000061035156,64.04000091552734,0.0,5675800
2021-11-23,61.540000915527344,61.540000915527344,0.0,61.9900016784668,60.529998779296875,61.689998626708984,0.0,6360100
2021-11-24,62.369998931884766,62.369998931884766,0.0,62.540000915527344,59.61000061035156,60.650001525878906,0.0,4098000
2021-11-26,60.29999923706055,60.29999923706055,0.0,61.06999969482422,59.150001525878906,60.43000030517578,0.0,4053700
2021-11-29,63.02000045776367,63.02000045776367,0.0,63.18000030517578,61.22999954223633,61.22999954223633,0.0,5530000
2021-11-30,61.43000030517578,61.43000030517578,0.0,63.900001525878906,61.0,62.63999938964844,0.0,5595900
2021-12-01,61.70000076293945,61.70000076293945,0.0,65.47000122070312,61.630001068115234,63.04999923706055,0.0,8035400
2021-12-02,62.540000915527344,62.540000915527344,0.0,62.939998626708984,60.0,60.15999984741211,0.0,6614000
2021-12-03,64.05000305175781,64.05000305175781,0.0,65.98999786376953,62.619998931884766,64.47000122070312,0.0,9888000
2021-12-06,61.91999816894531,61.91999816894531,0.0,64.05000305175781,59.540000915527344,64.05000305175781,0.0,8607800
2021-12-07,65.44999694824219,65.44999694824219,0.0,66.79000091552734,63.16999816894531,63.58000183105469,0.0,8040900
2021-12-08,64.23999786376953,64.23999786376953,0.0,64.80000305175781,63.220001220703125,64.63999938964844,0.0,5308900
2021-12-09,63.29999923706055,63.29999923706055,0.0,65.25,62.869998931884766,64.11000061035156,0.0,5605500
2021-12-10,65.26000213623047,65.26000213623047,0.0,65.44999694824219,63.709999084472656,64.44999694824219,0.0,5139500
2021-12-13,62.58000183105469,62.58000183105469,0.0,65.91000366210938,62.54999923706055,65.58999633789062,0.0,5783300
2021-12-14,62.97999954223633,62.97999954223633,0.0,63.130001068115234,61.209999084472656,61.599998474121094,0.0,4614200
2021-12-15,65.27999877929688,65.27999877929688,0.0,65.41999816894531,61.45000076293945,63.59000015258789,0.0,7392800
2021-12-16,60.84000015258789,60.84000015258789,0.0,65.87999725341797,59.90999984741211,65.44999694824219,0.0,9498300
2021-12-17,61.9900016784668,61.9900016784668,0.0,62.560001373291016,59.93000030517578,60.20000076293945,0.0,8964400
2021-12-20,60.939998626708984,60.939998626708984,0.0,61.38999938964844,59.95000076293945,60.63999938964844,0.0,5998400
2021-12-21,64.79000091552734,64.79000091552734,0.0,64.9000015258789,62.34000015258789,62.34000015258789,0.0,9973500
2021-12-22,65.52999877929688,65.52999877929688,0.0,65.55000305175781,63.63999938964844,64.4000015258789,0.0,3839300
2021-12-23,66.76000213623047,66.76000213623047,0.0,67.2699966430664,65.5,65.95999908447266,0.0,7613300
2021-12-27,69.77999877929688,69.77999877929688,0.0,69.83999633789062,67.16000366210938,67.16000366210938,0.0,6979300
2021-12-28,68.31999969482422,68.31999969482422,0.0,70.2699966430664,68.1500015258789,69.91000366210938,0.0,4215000
2021-12-29,68.93000030517578,68.93000030517578,0.0,69.44000244140625,68.29000091552734,68.36000061035156,0.0,2573100
2021-12-30,67.61000061035156,67.61000061035156,0.0,69.12999725341797,67.44000244140625,68.8499984741211,0.0,2506600
2021-12-31,67.91999816894531,67.91999816894531,0.0,68.66000366210938,67.77999877929688,67.77999877929688,0.0,2489700
2022-01-03,70.16999816894531,70.16999816894531,0.0,70.33000183105469,67.7699966430664,68.52999877929688,0.0,7049900
2022-01-04,70.94999694824219,70.94999694824219,0.0,71.26000213623047,67.33000183105469,70.55000305175781,0.0,7792100
2022-01-05,67.41999816894531,67.41999816894531,0.0,70.5999984741211,66.97000122070312,69.66000366210938,0.0,7227200
2022-01-06,67.25,67.25,0.0,68.55999755859375,65.9000015258789,67.41999816894531,0.0,5442700
2022-01-07,64.55999755859375,64.55999755859375,0.0,68.4800033569336,64.18000030517578,67.5,0.0,6794400
2022-01-10,65.12000274658203,65.12000274658203,0.0,65.20999908447266,61.66999816894531,63.0099983215332,0.0,6096500
2022-01-11,65.93000030517578,65.93000030517578,0.0,66.18000030517578,64.5,65.06999969482422,0.0,4907900
2022-01-12,66.48999786376953,66.48999786376953,0.0,68.0199966430664,65.97000122070312,66.86000061035156,0.0,5361400
2022-01-13,64.63999938964844,64.63999938964844,0.0,68.19999694824219,64.47000122070312,67.5199966430664,0.0,6707900
2022-01-14,66.19999694824219,66.19999694824219,0.0,66.2699966430664,63.619998931884766,63.83000183105469,0.0,5890500
2022-01-18,63.029998779296875,63.029998779296875,0.0,65.0999984741211,62.869998931884766,64.05999755859375,0.0,6494600
2022-01-19,59.0099983215332,59.0099983215332,0.0,63.61000061035156,58.88999938964844,63.41999816894531,0.0,8193100
2022-01-20,55.540000915527344,55.540000915527344,0.0,59.779998779296875,55.40999984741211,59.43000030517578,0.0,8818800
2022-01-21,54.72999954223633,54.72999954223633,0.0,57.58000183105469,54.599998474121094,55.20000076293945,0.0,8791100
2022-01-24,55.34000015258789,55.34000015258789,0.0,55.470001220703125,51.02000045776367,53.150001525878906,0.0,10170400
2022-01-25,53.31999969482422,53.31999969482422,0.0,55.41999816894531,52.970001220703125,53.27000045776367,0.0,8274200
2022-01-26,55.7599983215332,55.7599983215332,0.0,58.619998931884766,54.7400016784668,56.060001373291016,0.0,11956500
2022-01-27,53.66999816894531,53.66999816894531,0.0,58.0,53.060001373291016,56.400001525878906,0.0,8619100
2022-01-28,53.7599983215332,53.7599983215332,0.0,54.220001220703125,51.2599983215332,53.119998931884766,0.0,9879600
2022-01-31,59.0,59.0,0.0,59.02000045776367,54.599998474121094,54.970001220703125,0.0,9784500
2022-02-01,59.650001525878906,59.650001525878906,0.0,59.7400016784668,57.75,59.33000183105469,0.0,5488600
2022-02-02,61.08000183105469,61.08000183105469,0.0,61.33000183105469,59.20000076293945,60.599998474121094,0.0,7742600
2022-02-03,56.209999084472656,56.209999084472656,0.0,59.560001373291016,56.150001525878906,58.7599983215332,0.0,7940100
2022-02-04,57.41999816894531,57.41999816894531,0.0,57.900001525878906,55.25,56.43000030517578,0.0,10144000
2022-02-07,62.2599983215332,62.2599983215332,0.0,64.22000122070312,59.310001373291016,59.880001068115234,0.0,20500400
2022-02-08,65.97000122070312,65.97000122070312,0.0,66.66000366210938,61.619998931884766,62.130001068115234,0.0,11581700
2022-02-09,67.08000183105469,67.08000183105469,0.0,67.12999725341797,64.62999725341797,66.2699966430664,0.0,9830500
2022-02-10,63.41999816894531,63.41999816894531,0.0,67.01000213623047,62.970001220703125,65.5999984741211,0.0,9463400
2022-02-11,58.970001220703125,58.970001220703125,0.0,63.720001220703125,58.310001373291016,63.43000030517578,0.0,12377900
2022-02-14,58.65999984741211,58.65999984741211,0.0,60.70000076293945,57.86000061035156,59.29999923706055,0.0,6847600
2022-02-15,62.2400016784668,62.2400016784668,0.0,62.33000183105469,59.88999938964844,59.88999938964844,0.0,6386200
2022-02-16,63.11000061035156,63.11000061035156,0.0,63.79999923706055,60.86000061035156,61.369998931884766,0.0,4197500
2022-02-17,60.189998626708984,60.189998626708984,0.0,61.9900016784668,59.97999954223633,61.790000915527344,0.0,6399800
2022-02-18,60.20000076293945,60.20000076293945,0.0,61.2599983215332,59.209999084472656,60.36000061035156,0.0,4596000
2022-02-22,58.439998626708984,58.439998626708984,0.0,60.880001068115234,57.349998474121094,58.810001373291016,0.0,7242700
2022-02-23,57.75,57.75,0.0,61.130001068115234,57.54999923706055,59.47999954223633,0.0,6119200
2022-02-24,61.08000183105469,61.08000183105469,0.0,61.290000915527344,54.470001220703125,54.880001068115234,0.0,7450300
2022-02-25,63.5,63.5,0.0,63.560001373291016,60.029998779296875,61.0,0.0,6917500
2022-02-28,62.61000061035156,62.61000061035156,0.0,63.119998931884766,61.029998779296875,61.81999969482422,0.0,6777000
2022-03-01,59.650001525878906,59.650001525878906,0.0,63.41999816894531,58.90999984741211,62.5099983215332,0.0,7336900
2022-03-02,62.869998931884766,62.869998931884766,0.0,63.33000183105469,60.33000183105469,60.54999923706055,0.0,6254200
2022-03-03,61.5099983215332,61.5099983215332,0.0,63.29999923706055,61.16999816894531,62.290000915527344,0.0,5651900
2022-03-04,58.33000183105469,58.33000183105469,0.0,61.0099983215332,57.27000045776367,60.18000030517578,0.0,6569300
2022-03-07,53.52000045776367,53.52000045776367,0.0,58.88999938964844,53.5,58.099998474121094,0.0,10019300
2022-03-08,55.790000915527344,55.790000915527344,0.0,58.43000030517578,53.0099983215332,54.2599983215332,0.0,7527100
2022-03-09,58.43000030517578,58.43000030517578,0.0,58.939998626708984,57.13999938964844,58.380001068115234,0.0,5593500
2022-03-10,57.630001068115234,57.630001068115234,0.0,58.0,56.0,57.06999969482422,0.0,2999100
2022-03-11,55.88999938964844,55.88999938964844,0.0,58.70000076293945,55.810001373291016,58.38999938964844,0.0,4233200
2022-03-14,53.90999984741211,53.90999984741211,0.0,56.220001220703125,53.279998779296875,55.400001525878906,0.0,6042900
2022-03-15,56.65999984741211,56.65999984741211,0.0,56.81999969482422,53.150001525878906,53.619998931884766,0.0,5979400
2022-03-16,60.11000061035156,60.11000061035156,0.0,60.65999984741211,57.310001373291016,57.77000045776367,0.0,6352400
2022-03-17,60.7599983215332,60.7599983215332,0.0,60.790000915527344,58.5,59.310001373291016,0.0,4880600
2022-03-18,61.93000030517578,61.93000030517578,0.0,62.36000061035156,59.709999084472656,60.02000045776367,0.0,10766100
2022-03-21,61.93000030517578,61.93000030517578,0.0,62.720001220703125,60.65999984741211,61.130001068115234,0.0,4694300
2022-03-22,62.18000030517578,62.18000030517578,0.0,63.310001373291016,60.93000030517578,61.68000030517578,0.0,5471700
2022-03-23,60.38999938964844,60.38999938964844,0.0,62.25,60.08000183105469,61.900001525878906,0.0,4109000
2022-03-24,63.58000183105469,63.58000183105469,0.0,63.77000045776367,60.439998626708984,61.189998626708984,0.0,7553400
2022-03-25,63.810001373291016,63.810001373291016,0.0,63.95000076293945,61.72999954223633,63.599998474121094,0.0,6187700
2022-03-28,65.31999969482422,65.31999969482422,0.0,65.4000015258789,62.959999084472656,63.66999816894531,0.0,6483000
2022-03-29,67.36000061035156,67.36000061035156,0.0,68.69999694824219,65.72000122070312,67.1500015258789,0.0,7137200
2022-03-30,64.43000030517578,64.43000030517578,0.0,67.18000030517578,64.05000305175781,67.18000030517578,0.0,5658300
2022-03-31,62.61000061035156,62.61000061035156,0.0,65.37999725341797,62.529998779296875,64.38999938964844,0.0,6176400
2022-04-01,59.630001068115234,59.630001068115234,0.0,63.310001373291016,58.5099983215332,63.16999816894531,0.0,7009300
2022-04-04,59.59000015258789,59.59000015258789,0.0,60.70000076293945,58.630001068115234,60.029998779296875,0.0,7772800
2022-04-05,55.70000076293945,55.70000076293945,0.0,59.25,55.56999969482422,59.0,0.0,9531600
2022-04-06,53.70000076293945,53.70000076293945,0.0,54.97999954223633,53.0099983215332,54.529998779296875,0.0,8652700
2022-04-07,54.09000015258789,54.09000015258789,0.0,55.150001525878906,52.70000076293945,54.06999969482422,0.0,5857200
2022-04-08,52.72999954223633,52.72999954223633,0.0,54.0,52.150001525878906,53.439998626708984,0.0,5967100
2022-04-11,52.33000183105469,52.33000183105469,0.0,53.97999954223633,51.54999923706055,51.779998779296875,0.0,6789200
2022-04-12,53.13999938964844,53.13999938964844,0.0,55.040000915527344,52.810001373291016,54.0,0.0,6967200
2022-04-13,54.25,54.25,0.0,54.86000061035156,52.79999923706055,53.45000076293945,0.0,4001200
2022-04-14,53.2599983215332,53.2599983215332,0.0,54.52000045776367,53.2400016784668,54.33000183105469,0.0,3942600
2022-04-18,54.56999969482422,54.56999969482422,0.0,55.43000030517578,52.83000183105469,52.959999084472656,0.0,4539000
2022-04-19,56.380001068115234,56.380001068115234,0.0,56.45000076293945,54.58000183105469,54.869998931884766,0.0,4454100
2022-04-20,55.400001525878906,55.400001525878906,0.0,57.70000076293945,55.33000183105469,57.04999923706055,0.0,4904400
2022-04-21,53.2599983215332,53.2599983215332,0.0,57.470001220703125,52.849998474121094,56.459999084472656,0.0,6366000
2022-04-22,51.779998779296875,51.779998779296875,0.0,53.630001068115234,51.560001373291016,53.20000076293945,0.0,5455800
2022-04-25,53.47999954223633,53.47999954223633,0.0,53.529998779296875,51.06999969482422,51.45000076293945,0.0,4328600
2022-04-26,51.36000061035156,51.36000061035156,0.0,53.27000045776367,51.29999923706055,52.86000061035156,0.0,4327900
2022-04-27,51.209999084472656,51.209999084472656,0.0,52.81999969482422,50.599998474121094,50.84000015258789,0.0,4782400
2022-04-28,54.47999954223633,54.47999954223633,0.0,54.9900016784668,51.599998474121094,52.5,0.0,6440900
2022-04-29,52.11000061035156,52.11000061035156,0.0,55.22999954223633,51.970001220703125,53.61000061035156,0.0,6886300
2022-05-02,55.619998931884766,55.619998931884766,0.0,55.79999923706055,52.25,53.869998931884766,0.0,11364100
2022-05-03,56.5099983215332,56.5099983215332,0.0,57.279998779296875,54.91999816894531,55.619998931884766,0.0,6933300
2022-05-04,58.91999816894531,58.91999816894531,0.0,58.93000030517578,54.810001373291016,57.0,0.0,6496400
2022-05-05,55.22999954223633,55.22999954223633,0.0,57.90999984741211,54.349998474121094,57.79999923706055,0.0,8606300
2022-05-06,55.130001068115234,55.130001068115234,0.0,56.040000915527344,53.040000915527344,55.25,0.0,5843500
2022-05-09,50.81999969482422,50.81999969482422,0.0,54.599998474121094,50.56999969482422,53.54999923706055,0.0,7720500
2022-05-10,53.869998931884766,53.869998931884766,0.0,54.91999816894531,51.40999984741211,52.099998474121094,0.0,10675600
2022-05-11,51.77000045776367,51.77000045776367,0.0,55.349998474121094,51.63999938964844,52.869998931884766,0.0,6716200
2022-05-12,52.97999954223633,52.97999954223633,0.0,53.45000076293945,50.939998626708984,52.0,0.0,5759800
2022-05-13,56.18000030517578,56.18000030517578,0.0,56.619998931884766,54.099998474121094,54.349998474121094,0.0,6291200
2022-05-16,55.150001525878906,55.150001525878906,0.0,56.209999084472656,54.66999816894531,55.189998626708984,0.0,3798000
2022-05-17,58.5,58.5,0.0,58.66999816894531,56.58000183105469,56.68000030517578,0.0,5976600
2022-05-18,55.83000183105469,55.83000183105469,0.0,59.06999969482422,55.33000183105469,57.31999969482422,0.0,6296700
2022-05-19,56.06999969482422,56.06999969482422,0.0,57.33000183105469,54.970001220703125,55.20000076293945,0.0,4941900
2022-05-20,56.459999084472656,56.459999084472656,0.0,57.650001525878906,53.849998474121094,57.540000915527344,0.0,6272100
2022-05-23,55.88999938964844,55.88999938964844,0.0,56.880001068115234,54.52000045776367,56.36000061035156,0.0,4018700
2022-05-24,54.5,54.5,0.0,55.31999969482422,53.560001373291016,54.779998779296875,0.0,4998800
2022-05-25,56.2400016784668,56.2400016784668,0.0,56.90999984741211,53.77000045776367,53.84000015258789,0.0,4124900
2022-05-26,59.33000183105469,59.33000183105469,0.0,59.540000915527344,55.5,55.650001525878906,0.0,5348700
2022-05-27,61.13999938964844,61.13999938964844,0.0,61.16999816894531,59.849998474121094,59.90999984741211,0.0,6779200
2022-05-31,60.68000030517578,60.68000030517578,0.0,61.84000015258789,59.43000030517578,60.970001220703125,0.0,7175000
2022-06-01,59.27000045776367,59.27000045776367,0.0,61.70000076293945,58.290000915527344,61.22999954223633,0.0,5488400
2022-06-02,63.59000015258789,63.59000015258789,0.0,63.849998474121094,58.900001525878906,59.0099983215332,0.0,9046100
2022-06-03,62.939998626708984,62.939998626708984,0.0,63.13999938964844,60.90999984741211,61.939998626708984,0.0,7173300
2022-06-06,66.01000213623047,66.01000213623047,0.0,67.19000244140625,64.08000183105469,67.16000366210938,0.0,21894800
2022-06-07,65.4800033569336,65.4800033569336,0.0,65.77999877929688,64.41000366210938,65.0,0.0,8354900
2022-06-08,63.810001373291016,63.810001373291016,0.0,65.77999877929688,63.63999938964844,64.94999694824219,0.0,8190800
2022-06-09,62.65999984741211,62.65999984741211,0.0,64.80999755859375,62.61000061035156,63.150001525878906,0.0,9903200
2022-06-10,60.13999938964844,60.13999938964844,0.0,62.02000045776367,59.650001525878906,60.349998474121094,0.0,9224700
2022-06-13,56.06999969482422,56.06999969482422,0.0,58.529998779296875,55.369998931884766,57.72999954223633,0.0,10050800
2022-06-14,56.650001525878906,56.650001525878906,0.0,57.38999938964844,55.900001525878906,56.54999923706055,0.0,7494600
2022-06-15,58.040000915527344,58.040000915527344,0.0,59.0,56.369998931884766,57.13999938964844,0.0,9288700
2022-06-16,53.459999084472656,53.459999084472656,0.0,56.34000015258789,52.0,56.220001220703125,0.0,17643400
2022-06-17,52.459999084472656,52.459999084472656,0.0,54.02000045776367,50.88999938964844,53.779998779296875,0.0,93180900
2022-06-21,51.95000076293945,51.95000076293945,0.0,53.970001220703125,51.86000061035156,53.22999954223633,0.0,11186900
2022-06-22,51.0099983215332,51.0099983215332,0.0,52.04999923706055,49.79999923706055,50.90999984741211,0.0,9494400
2022-06-23,50.470001220703125,50.470001220703125,0.0,51.20000076293945,49.81999969482422,51.060001373291016,0.0,8182700
2022-06-24,52.970001220703125,52.970001220703125,0.0,53.130001068115234,51.060001373291016,51.619998931884766,0.0,9146600
2022-06-27,54.16999816894531,54.16999816894531,0.0,54.81999969482422,52.54999923706055,53.93000030517578,0.0,6440200
2022-06-28,52.810001373291016,52.810001373291016,0.0,55.58000183105469,52.47999954223633,54.25,0.0,6714800
2022-06-29,51.119998931884766,51.119998931884766,0.0,52.18000030517578,50.2400016784668,52.150001525878906,0.0,6450600
2022-06-30,50.310001373291016,50.310001373291016,0.0,51.47999954223633,49.349998474121094,50.150001525878906,0.0,6871900
2022-07-01,46.84000015258789,46.84000015258789,0.0,49.5,46.560001373291016,49.290000915527344,0.0,11224400
2022-07-05,47.29999923706055,47.29999923706055,0.0,47.34000015258789,44.7599983215332,45.209999084472656,0.0,7770800
2022-07-06,47.61000061035156,47.61000061035156,0.0,48.040000915527344,45.970001220703125,47.369998931884766,0.0,7668800
2022-07-07,52.0099983215332,52.0099983215332,0.0,52.4900016784668,49.349998474121094,49.41999816894531,0.0,9846700
2022-07-08,53.470001220703125,53.470001220703125,0.0,53.93000030517578,51.02000045776367,51.20000076293945,0.0,7080000
2022-07-11,52.599998474121094,52.599998474121094,0.0,53.59000015258789,52.380001068115234,52.970001220703125,0.0,7490500
2022-07-12,52.77000045776367,52.77000045776367,0.0,53.59000015258789,52.29999923706055,52.66999816894531,0.0,4474200
2022-07-13,52.47999954223633,52.47999954223633,0.0,53.41999816894531,50.810001373291016,51.5,0.0,5664100
2022-07-14,54.04999923706055,54.04999923706055,0.0,54.09000015258789,51.189998626708984,52.2400016784668,0.0,5358100
2022-07-15,56.06999969482422,56.06999969482422,0.0,56.11000061035156,53.58000183105469,54.310001373291016,0.0,7055200
2022-07-18,54.95000076293945,54.95000076293945,0.0,57.189998626708984,54.54999923706055,57.189998626708984,0.0,6459800
2022-07-19,58.779998779296875,58.779998779296875,0.0,59.060001373291016,55.79999923706055,55.88999938964844,0.0,9855800
2022-07-20,60.09000015258789,60.09000015258789,0.0,60.54999923706055,57.75,58.619998931884766,0.0,7305700
2022-07-21,61.16999816894531,61.16999816894531,0.0,61.209999084472656,59.290000915527344,60.0,0.0,4519400
2022-07-22,59.41999816894531,59.41999816894531,0.0,61.349998474121094,58.790000915527344,61.279998779296875,0.0,5484000
2022-07-25,59.34000015258789,59.34000015258789,0.0,59.84000015258789,58.45000076293945,59.16999816894531,0.0,3483500
2022-07-26,58.25,58.25,0.0,60.119998931884766,58.08000183105469,58.849998474121094,0.0,4666300
2022-07-27,62.5099983215332,62.5099983215332,0.0,63.040000915527344,59.720001220703125,60.0,0.0,7814400
2022-07-28,64.55999755859375,64.55999755859375,0.0,64.68000030517578,61.84000015258789,62.869998931884766,0.0,6430900
2022-07-29,66.77999877929688,66.77999877929688,0.0,66.98999786376953,63.25,63.36000061035156,0.0,9698600
2022-08-01,63.65999984741211,63.65999984741211,0.0,66.79000091552734,62.63999938964844,64.26000213623047,0.0,16129300
2022-08-02,65.58999633789062,65.58999633789062,0.0,67.70999908447266,63.040000915527344,64.44999694824219,0.0,10420400
2022-08-03,68.83000183105469,68.83000183105469,0.0,69.26000213623047,65.54000091552734,65.9000015258789,0.0,8866700
2022-08-04,68.05000305175781,68.05000305175781,0.0,68.98999786376953,67.61000061035156,68.3499984741211,0.0,6202000
2022-08-05,67.62999725341797,67.62999725341797,0.0,68.19999694824219,65.80000305175781,66.81999969482422,0.0,7299500
2022-08-08,67.33999633789062,67.33999633789062,0.0,68.13999938964844,66.37999725341797,66.95999908447266,0.0,6283500
2022-08-09,63.08000183105469,63.08000183105469,0.0,65.47000122070312,61.720001220703125,65.33999633789062,0.0,11019400
2022-08-10,66.19999694824219,66.19999694824219,0.0,66.58999633789062,63.720001220703125,64.94000244140625,0.0,8889100
2022-08-11,66.36000061035156,66.36000061035156,0.0,68.73999786376953,65.9000015258789,66.87999725341797,0.0,7466100
2022-08-12,71.16000366210938,71.16000366210938,0.0,71.9800033569336,66.44999694824219,67.0,0.0,13408600
2022-08-15,71.23999786376953,71.23999786376953,0.0,72.1500015258789,69.94000244140625,70.0199966430664,0.0,5713000
2022-08-16,70.70999908447266,70.70999908447266,0.0,71.5,69.76000213623047,71.0,0.0,4728400
2022-08-17,68.29000091552734,68.29000091552734,0.0,69.29000091552734,66.76000213623047,69.18000030517578,0.0,8593600
2022-08-18,73.25,73.25,0.0,75.26000213623047,68.51000213623047,69.16999816894531,0.0,18696600
2022-08-19,72.52999877929688,72.52999877929688,0.0,73.48999786376953,71.3499984741211,71.83999633789062,0.0,9334900
2022-08-22,68.80000305175781,68.80000305175781,0.0,70.6500015258789,68.52999877929688,70.33000183105469,0.0,7528100
2022-08-23,71.25,71.25,0.0,71.5199966430664,69.12999725341797,69.12999725341797,0.0,5542300
2022-08-24,72.02999877929688,72.02999877929688,0.0,72.26000213623047,70.43000030517578,70.91000366210938,0.0,4300000
2022-08-25,76.70999908447266,76.70999908447266,0.0,76.77999877929688,72.12000274658203,72.23999786376953,0.0,8534100
2022-08-26,71.58000183105469,71.58000183105469,0.0,76.45999908447266,71.55000305175781,76.43000030517578,0.0,9243300
2022-08-29,69.5199966430664,69.5199966430664,0.0,72.01000213623047,69.26000213623047,70.7300033569336,0.0,6966300
2022-08-30,68.97000122070312,68.97000122070312,0.0,70.7699966430664,67.38999938964844,70.61000061035156,0.0,8233700
2022-08-31,68.7699966430664,68.7699966430664,0.0,69.62000274658203,67.43000030517578,69.08999633789062,0.0,7077000
2022-09-01,68.22000122070312,68.22000122070312,0.0,68.58000183105469,65.47000122070312,66.70999908447266,0.0,9855200
2022-09-02,67.51000213623047,67.51000213623047,0.0,70.36000061035156,66.8499984741211,69.62999725341797,0.0,6661800
2022-09-06,66.05000305175781,66.05000305175781,0.0,67.79000091552734,65.02999877929688,67.75,0.0,6896300
2022-09-07,67.36000061035156,67.36000061035156,0.0,67.88999938964844,65.63999938964844,66.0999984741211,0.0,5836500
2022-09-08,70.55000305175781,70.55000305175781,0.0,70.61000061035156,66.38999938964844,66.66000366210938,0.0,9769200
2022-09-09,71.66999816894531,71.66999816894531,0.0,72.91999816894531,71.0199966430664,71.58999633789062,0.0,8264300
2022-09-12,71.9000015258789,71.9000015258789,0.0,72.33000183105469,70.66999816894531,71.94999694824219,0.0,5592400
2022-09-13,66.87000274658203,66.87000274658203,0.0,69.08000183105469,66.56999969482422,68.58999633789062,0.0,9889000
2022-09-14,68.56999969482422,68.56999969482422,0.0,69.08999633789062,66.2699966430664,67.72000122070312,0.0,6009200
2022-09-15,68.1500015258789,68.1500015258789,0.0,69.48999786376953,67.20999908447266,68.20999908447266,0.0,4640100
2022-09-16,68.94000244140625,68.94000244140625,0.0,69.01000213623047,66.30000305175781,67.11000061035156,0.0,8521200
2022-09-19,70.16000366210938,70.16000366210938,0.0,70.88999938964844,67.5199966430664,67.61000061035156,0.0,6672900
2022-09-20,68.4800033569336,68.4800033569336,0.0,70.04000091552734,67.93000030517578,69.43000030517578,0.0,5053700
2022-09-21,68.33999633789062,68.33999633789062,0.0,71.7699966430664,68.31999969482422,69.06999969482422,0.0,6728800
2022-09-22,64.95999908447266,64.95999908447266,0.0,68.72000122070312,64.16999816894531,68.18000030517578,0.0,6955500
2022-09-23,63.310001373291016,63.310001373291016,0.0,64.18000030517578,61.65999984741211,63.58000183105469,0.0,8228200
2022-09-26,62.70000076293945,62.70000076293945,0.0,65.16999816894531,62.61000061035156,62.90999984741211,0.0,5272300
2022-09-27,64.29000091552734,64.29000091552734,0.0,65.05999755859375,62.7400016784668,64.36000061035156,0.0,4905900
2022-09-28,65.5,65.5,0.0,65.88999938964844,63.029998779296875,63.130001068115234,0.0,5070500
2022-09-29,62.939998626708984,62.939998626708984,0.0,64.30999755859375,61.41999816894531,64.0,0.0,7078800
2022-09-30,62.33000183105469,62.33000183105469,0.0,64.70999908447266,62.290000915527344,62.720001220703125,0.0,5847500
2022-10-03,64.79000091552734,64.79000091552734,0.0,65.54000091552734,61.939998626708984,63.0099983215332,0.0,6357600
2022-10-04,68.91999816894531,68.91999816894531,0.0,68.94000244140625,66.79000091552734,67.0,0.0,6281900
2022-10-05,69.51000213623047,69.51000213623047,0.0,69.83999633789062,66.87999725341797,67.5,0.0,5887900
2022-10-06,70.25,70.25,0.0,71.58000183105469,69.05999755859375,69.62999725341797,0.0,6465400
2022-10-07,64.83000183105469,64.83000183105469,0.0,68.16999816894531,63.11000061035156,68.01000213623047,0.0,10339300
2022-10-10,61.93000030517578,61.93000030517578,0.0,64.8499984741211,59.68000030517578,64.81999969482422,0.0,8861500
2022-10-11,59.470001220703125,59.470001220703125,0.0,60.880001068115234,58.34000015258789,60.720001220703125,0.0,9114200
2022-10-12,58.95000076293945,58.95000076293945,0.0,59.68000030517578,58.18000030517578,58.849998474121094,0.0,4573700
2022-10-13,60.630001068115234,60.630001068115234,0.0,61.369998931884766,54.93000030517578,56.209999084472656,0.0,10023000
2022-10-14,57.77000045776367,57.77000045776367,0.0,61.939998626708984,57.619998931884766,61.7400016784668,0.0,6372000
2022-10-17,59.790000915527344,59.790000915527344,0.0,60.7599983215332,59.02000045776367,59.56999969482422,0.0,5882500
2022-10-18,60.72999954223633,60.72999954223633,0.0,62.70000076293945,59.470001220703125,62.38999938964844,0.0,5006900
2022-10-19,60.77000045776367,60.77000045776367,0.0,61.7400016784668,59.650001525878906,60.0099983215332,0.0,4201200
2022-10-20,61.52000045776367,61.52000045776367,0.0,63.2599983215332,60.439998626708984,61.0,0.0,5535200
2022-10-21,65.68000030517578,65.68000030517578,0.0,65.88999938964844,60.90999984741211,61.400001525878906,0.0,8204000
2022-10-24,65.3499984741211,65.3499984741211,0.0,66.9000015258789,63.9900016784668,66.4800033569336,0.0,5918600
2022-10-25,66.58999633789062,66.58999633789062,0.0,67.5999984741211,65.4000015258789,65.43000030517578,0.0,7056600
2022-10-26,67.73999786376953,67.73999786376953,0.0,68.54000091552734,64.41000366210938,65.06999969482422,0.0,9192300
2022-10-27,64.8499984741211,64.8499984741211,0.0,66.36000061035156,63.5,65.41000366210938,0.0,10071100
2022-10-28,67.4800033569336,67.4800033569336,0.0,67.7699966430664,63.56999969482422,64.81999969482422,0.0,9835700
2022-10-31,61.43000030517578,61.43000030517578,0.0,67.13999938964844,61.22999954223633,65.91999816894531,0.0,17974600
2022-11-01,61.7400016784668,61.7400016784668,0.0,63.79999923706055,61.529998779296875,62.72999954223633,0.0,8319100
2022-11-02,60.11000061035156,60.11000061035156,0.0,63.939998626708984,60.0,62.189998626708984,0.0,8274200
2022-11-03,59.189998626708984,59.189998626708984,0.0,60.86000061035156,58.43000030517578,59.400001525878906,0.0,6630300
2022-11-04,63.189998626708984,63.189998626708984,0.0,63.22999954223633,60.93000030517578,62.0,0.0,8120200
2022-11-07,65.47000122070312,65.47000122070312,0.0,65.87999725341797,62.650001525878906,64.0999984741211,0.0,6388300
2022-11-08,67.08999633789062,67.08999633789062,0.0,67.8499984741211,65.6500015258789,66.83000183105469,0.0,5588900
2022-11-09,63.83000183105469,63.83000183105469,0.0,66.66999816894531,63.34000015258789,65.58000183105469,0.0,6384700
2022-11-10,72.79000091552734,72.79000091552734,0.0,73.05999755859375,67.88999938964844,68.37000274658203,0.0,10452900
2022-11-11,75.05000305175781,75.05000305175781,0.0,76.13999938964844,72.25,72.58999633789062,0.0,7264400
2022-11-14,72.83000183105469,72.83000183105469,0.0,77.27999877929688,72.75,74.30999755859375,0.0,9269800
2022-11-15,74.30000305175781,74.30000305175781,0.0,76.26000213623047,73.08000183105469,75.87000274658203,0.0,7025000
2022-11-16,70.29000091552734,70.29000091552734,0.0,72.6500015258789,70.23999786376953,72.62000274658203,0.0,7869500
2022-11-17,71.11000061035156,71.11000061035156,0.0,71.86000061035156,67.6500015258789,68.19999694824219,0.0,5800800
2022-11-18,72.45999908447266,72.45999908447266,0.0,73.1500015258789,71.43000030517578,72.83000183105469,0.0,4745500
2022-11-21,71.1500015258789,71.1500015258789,0.0,72.0,70.5199966430664,71.3499984741211,0.0,4135700
2022-11-22,73.73999786376953,73.73999786376953,0.0,73.80999755859375,71.41999816894531,72.08999633789062,0.0,4756500
2022-11-23,74.0,74.0,0.0,76.05000305175781,73.4800033569336,73.66999816894531,0.0,4303700
2022-11-25,73.4000015258789,73.4000015258789,0.0,74.61000061035156,73.37000274658203,73.80000305175781,0.0,2006000
2022-11-28,69.95999908447266,69.95999908447266,0.0,72.83999633789062,69.54000091552734,72.16000366210938,0.0,6493500
2022-11-29,70.72000122070312,70.72000122070312,0.0,71.36000061035156,69.5999984741211,70.37000274658203,0.0,3992000
2022-11-30,75.19999694824219,75.19999694824219,0.0,75.30999755859375,69.76000213623047,70.8499984741211,0.0,7606500
2022-12-01,73.98999786376953,73.98999786376953,0.0,75.91999816894531,72.7699966430664,75.5,0.0,4904500
2022-12-02,73.04000091552734,73.04000091552734,0.0,73.12000274658203,70.95999908447266,71.83000183105469,0.0,4801200
2022-12-05,71.56999969482422,71.56999969482422,0.0,73.20999908447266,70.5199966430664,72.7699966430664,0.0,4064700
2022-12-06,69.73999786376953,69.73999786376953,0.0,71.86000061035156,69.19000244140625,71.86000061035156,0.0,4905500
2022-12-07,70.13999938964844,70.13999938964844,0.0,70.88999938964844,68.43000030517578,68.76000213623047,0.0,3030500
2022-12-08,72.16000366210938,72.16000366210938,0.0,73.2300033569336,70.69000244140625,71.19999694824219,0.0,4364600
2022-12-09,70.52999877929688,70.52999877929688,0.0,72.23999786376953,70.36000061035156,71.05000305175781,0.0,3530200
2022-12-12,70.98999786376953,70.98999786376953,0.0,71.0,68.91000366210938,69.69000244140625,0.0,5151700
2022-12-13,71.55999755859375,71.55999755859375,0.0,74.9000015258789,70.43000030517578,74.87999725341797,0.0,4856100
2022-12-14,67.58999633789062,67.58999633789062,0.0,71.55000305175781,67.01000213623047,71.16999816894531,0.0,10941600
2022-12-15,64.26000213623047,64.26000213623047,0.0,66.16999816894531,63.52000045776367,65.6500015258789,0.0,12351400
2022-12-16,65.37999725341797,65.37999725341797,0.0,65.80999755859375,63.52000045776367,63.900001525878906,0.0,8463400
2022-12-19,64.1500015258789,64.1500015258789,0.0,65.76000213623047,62.900001525878906,65.44999694824219,0.0,6366600
2022-12-20,64.02999877929688,64.02999877929688,0.0,64.9800033569336,62.61000061035156,63.34000015258789,0.0,4571200
2022-12-21,65.04000091552734,65.04000091552734,0.0,66.05000305175781,64.62999725341797,64.73999786376953,0.0,5063300
2022-12-22,62.119998931884766,62.119998931884766,0.0,63.279998779296875,60.68000030517578,63.279998779296875,0.0,9874500
2022-12-23,62.38999938964844,62.38999938964844,0.0,62.540000915527344,60.689998626708984,61.439998626708984,0.0,3351500
2022-12-27,61.36000061035156,61.36000061035156,0.0,62.16999816894531,60.97999954223633,61.939998626708984,0.0,5072500
2022-12-28,60.279998779296875,60.279998779296875,0.0,61.79999923706055,59.77000045776367,60.709999084472656,0.0,3576400
2022-12-29,62.709999084472656,62.709999084472656,0.0,63.04999923706055,61.09000015258789,61.849998474121094,0.0,5253300
2022-12-30,62.369998931884766,62.369998931884766,0.0,62.439998626708984,60.869998931884766,61.529998779296875,0.0,2650100
2023-01-03,61.61000061035156,61.61000061035156,0.0,64.13999938964844,61.06999969482422,63.95000076293945,0.0,4364400
2023-01-04,62.20000076293945,62.20000076293945,0.0,63.38999938964844,61.150001525878906,62.68000030517578,0.0,6189700
2023-01-05,59.7400016784668,59.7400016784668,0.0,63.77000045776367,59.61000061035156,61.119998931884766,0.0,9253800
2023-01-06,62.470001220703125,62.470001220703125,0.0,62.7400016784668,59.75,60.849998474121094,0.0,7144400
2023-01-09,64.6500015258789,64.6500015258789,0.0,66.29000091552734,64.2300033569336,64.5999984741211,0.0,6408000
2023-01-10,64.2699966430664,64.2699966430664,0.0,64.44999694824219,61.29999923706055,61.54999923706055,0.0,8248200
2023-01-11,64.62999725341797,64.62999725341797,0.0,64.8499984741211,63.08000183105469,64.45999908447266,0.0,4889100
2023-01-12,64.93000030517578,64.93000030517578,0.0,65.5999984741211,63.290000915527344,65.0,0.0,4807200
2023-01-13,65.1500015258789,65.1500015258789,0.0,65.22000122070312,63.279998779296875,64.4000015258789,0.0,3409000
2023-01-17,65.87000274658203,65.87000274658203,0.0,66.7300033569336,64.56999969482422,65.29000091552734,0.0,3902000
2023-01-18,66.33000183105469,66.33000183105469,0.0,68.5199966430664,66.0999984741211,67.33999633789062,0.0,5834100
2023-01-19,63.4900016784668,63.4900016784668,0.0,65.87999725341797,63.20000076293945,65.72000122070312,0.0,5883600
2023-01-20,66.26000213623047,66.26000213623047,0.0,66.4000015258789,63.90999984741211,64.68000030517578,0.0,5133400
2023-01-23,70.80000305175781,70.80000305175781,0.0,71.2699966430664,67.38999938964844,67.66999816894531,0.0,7583300
2023-01-24,70.08000183105469,70.08000183105469,0.0,71.19999694824219,69.25,70.0,0.0,4543400
2023-01-25,71.80999755859375,71.80999755859375,0.0,71.86000061035156,68.76000213623047,68.95999908447266,0.0,5100600
2023-01-26,73.68000030517578,73.68000030517578,0.0,73.9000015258789,71.16000366210938,72.88999938964844,0.0,5875400
2023-01-27,73.66999816894531,73.66999816894531,0.0,74.81999969482422,73.22000122070312,73.52999877929688,0.0,4376500
2023-01-30,71.0199966430664,71.0199966430664,0.0,73.2300033569336,70.86000061035156,72.72000122070312,0.0,4783400
2023-01-31,73.44999694824219,73.44999694824219,0.0,73.4800033569336,71.06999969482422,71.19999694824219,0.0,5066700
2023-02-01,77.83999633789062,77.83999633789062,0.0,78.5,73.69000244140625,73.91999816894531,0.0,9111200
2023-02-02,82.12000274658203,82.12000274658203,0.0,82.22000122070312,78.1500015258789,78.97000122070312,0.0,9221400
2023-02-03,80.88999938964844,80.88999938964844,0.0,83.25,79.4000015258789,80.0,0.0,8475400
2023-02-06,80.4000015258789,80.4000015258789,0.0,84.69999694824219,77.5,77.75,0.0,15910300
2023-02-07,85.52999877929688,85.52999877929688,0.0,86.1500015258789,80.83999633789062,81.05999755859375,0.0,11489200
2023-02-08,83.5999984741211,83.5999984741211,0.0,85.19999694824219,82.93000030517578,84.2699966430664,0.0,9982500
2023-02-09,84.75,84.75,0.0,87.55000305175781,83.97000122070312,85.12999725341797,0.0,9180100
2023-02-10,83.80000305175781,83.80000305175781,0.0,84.11000061035156,82.19999694824219,83.76000213623047,0.0,6678200
2023-02-13,84.37999725341797,84.37999725341797,0.0,84.7699966430664,83.66000366210938,84.62999725341797,0.0,5708500
2023-02-14,86.87999725341797,86.87999725341797,0.0,87.41000366210938,83.3499984741211,83.5999984741211,0.0,6033100
2023-02-15,86.70999908447266,86.70999908447266,0.0,87.0199966430664,85.45999908447266,85.66999816894531,0.0,6710000
2023-02-16,84.12999725341797,84.12999725341797,0.0,86.68000030517578,83.87999725341797,85.12000274658203,0.0,5871800
2023-02-17,81.86000061035156,81.86000061035156,0.0,83.62999725341797,80.37999725341797,83.38999938964844,0.0,7136700
2023-02-21,79.27999877929688,79.27999877929688,0.0,81.76000213623047,79.05000305175781,80.4000015258789,0.0,6312800
2023-02-22,78.55999755859375,78.55999755859375,0.0,79.91000366210938,77.68000030517578,79.44999694824219,0.0,5674900
2023-02-23,78.38999938964844,78.38999938964844,0.0,79.91000366210938,76.19000244140625,79.37999725341797,0.0,14747900
2023-02-24,76.27999877929688,76.27999877929688,0.0,77.12000274658203,75.5199966430664,77.0999984741211,0.0,16700000
2023-02-27,77.7300033569336,77.7300033569336,0.0,78.80000305175781,76.62999725341797,77.69000244140625,0.0,6844400
2023-02-28,77.41000366210938,77.41000366210938,0.0,78.7300033569336,76.81999969482422,77.51000213623047,0.0,6796300
2023-03-01,78.2300033569336,78.2300033569336,0.0,79.23999786376953,77.30999755859375,78.12000274658203,0.0,4733300
2023-03-02,76.75,76.75,0.0,77.31999969482422,72.0,73.55999755859375,0.0,14198500
2023-03-03,78.94000244140625,78.94000244140625,0.0,79.06999969482422,76.05000305175781,76.9800033569336,0.0,6046700
2023-03-06,77.41000366210938,77.41000366210938,0.0,79.80999755859375,76.9800033569336,79.47000122070312,0.0,4968000
2023-03-07,78.69999694824219,78.69999694824219,0.0,79.5999984741211,77.83000183105469,78.02999877929688,0.0,6445500
2023-03-08,83.0999984741211,83.0999984741211,0.0,83.4000015258789,79.62000274658203,79.72000122070312,0.0,8939400
2023-03-09,81.41000366210938,81.41000366210938,0.0,84.97000122070312,81.26000213623047,82.87999725341797,0.0,8242000
2023-03-10,78.37999725341797,78.37999725341797,0.0,82.5999984741211,77.52999877929688,82.33999633789062,0.0,6366500
2023-03-13,77.75,77.75,0.0,79.13999938964844,76.37000274658203,76.70999908447266,0.0,6913800
2023-03-14,81.19999694824219,81.19999694824219,0.0,82.75,79.47000122070312,80.16000366210938,0.0,6098800
2023-03-15,78.0,78.0,0.0,79.8499984741211,76.13999938964844,79.11000061035156,0.0,7514800
2023-03-16,80.5,80.5,0.0,80.8499984741211,77.0,77.62999725341797,0.0,7265000
2023-03-17,78.27999877929688,78.27999877929688,0.0,80.52999877929688,77.69999694824219,80.30999755859375,0.0,6981800
2023-03-20,79.9800033569336,79.9800033569336,0.0,80.5199966430664,77.58999633789062,78.7300033569336,0.0,4822200
2023-03-21,81.3499984741211,81.3499984741211,0.0,82.87000274658203,79.80999755859375,80.88999938964844,0.0,4828100
2023-03-22,78.81999969482422,78.81999969482422,0.0,82.38999938964844,78.41000366210938,81.5199966430664,0.0,5511900
2023-03-23,80.97000122070312,80.97000122070312,0.0,82.87000274658203,78.79000091552734,80.12000274658203,0.0,6181500
2023-03-24,77.80999755859375,77.80999755859375,0.0,80.4800033569336,77.0999984741211,79.81999969482422,0.0,5793000
2023-03-27,75.66999816894531,75.66999816894531,0.0,78.18000030517578,74.47000122070312,78.05000305175781,0.0,10191000
2023-03-28,76.52999877929688,76.52999877929688,0.0,77.70999908447266,73.69000244140625,75.0999984741211,0.0,12414100
2023-03-29,79.87000274658203,79.87000274658203,0.0,80.69000244140625,77.18000030517578,78.27999877929688,0.0,7228400
2023-03-30,81.83000183105469,81.83000183105469,0.0,82.5199966430664,80.56999969482422,81.02999877929688,0.0,6133100
2023-03-31,82.31999969482422,82.31999969482422,0.0,82.55000305175781,81.04000091552734,81.58000183105469,0.0,5852300
2023-04-03,81.13999938964844,81.13999938964844,0.0,82.20999908447266,79.87999725341797,81.72000122070312,0.0,4431100
2023-04-04,78.48999786376953,78.48999786376953,0.0,81.51000213623047,77.83999633789062,81.51000213623047,0.0,5617900
2023-04-05,76.54000091552734,76.54000091552734,0.0,77.87999725341797,75.41999816894531,77.45999908447266,0.0,4944300
2023-04-06,75.33999633789062,75.33999633789062,0.0,76.37000274658203,74.38999938964844,75.23999786376953,0.0,3530700
2023-04-10,77.69999694824219,77.69999694824219,0.0,77.87999725341797,74.54000091552734,74.6500015258789,0.0,4284600
2023-04-11,77.22000122070312,77.22000122070312,0.0,78.93000030517578,77.05000305175781,78.62999725341797,0.0,3608700
2023-04-12,76.45999908447266,76.45999908447266,0.0,78.79000091552734,76.31999969482422,78.77999877929688,0.0,4850300
2023-04-13,77.58999633789062,77.58999633789062,0.0,78.11000061035156,75.9000015258789,76.66999816894531,0.0,3290300
2023-04-14,77.91999816894531,77.91999816894531,0.0,79.41999816894531,76.5999984741211,77.5999984741211,0.0,3725300
2023-04-17,78.41000366210938,78.41000366210938,0.0,78.56999969482422,76.69000244140625,77.08000183105469,0.0,3808800
2023-04-18,79.20999908447266,79.20999908447266,0.0,80.06999969482422,78.37000274658203,79.2300033569336,0.0,4168300
2023-04-19,76.91999816894531,76.91999816894531,0.0,78.6500015258789,76.36000061035156,78.1500015258789,0.0,4336200
2023-04-20,74.26000213623047,74.26000213623047,0.0,75.7699966430664,72.18000030517578,73.27999877929688,0.0,7685300
2023-04-21,73.73999786376953,73.73999786376953,0.0,74.20999908447266,73.0199966430664,74.0,0.0,4078300
2023-04-24,74.37999725341797,74.37999725341797,0.0,74.38999938964844,73.19000244140625,73.7699966430664,0.0,2845200
2023-04-25,70.3499984741211,70.3499984741211,0.0,73.5,70.2699966430664,73.30000305175781,0.0,7889300
2023-04-26,71.94999694824219,71.94999694824219,0.0,72.44000244140625,70.52999877929688,71.54000091552734,0.0,5871300
2023-04-27,69.9800033569336,69.9800033569336,0.0,70.08000183105469,66.66999816894531,68.68000030517578,0.0,14023800
2023-04-28,71.95999908447266,71.95999908447266,0.0,72.05999755859375,68.83999633789062,69.97000122070312,0.0,10274800
2023-05-01,78.33000183105469,78.33000183105469,0.0,78.9800033569336,74.16999816894531,74.88999938964844,0.0,16264700
2023-05-02,79.16999816894531,79.16999816894531,0.0,81.37999725341797,77.87000274658203,79.37999725341797,0.0,8329000
2023-05-03,78.58000183105469,78.58000183105469,0.0,80.37000274658203,78.43000030517578,79.05000305175781,0.0,5127100
2023-05-04,77.83000183105469,77.83000183105469,0.0,79.26000213623047,77.08999633789062,78.0,0.0,5189400
2023-05-05,81.22000122070312,81.22000122070312,0.0,81.58000183105469,77.33000183105469,77.66000366210938,0.0,7088100
2023-05-08,80.5199966430664,80.5199966430664,0.0,81.72000122070312,79.58000183105469,81.23999786376953,0.0,3421400
2023-05-09,78.80999755859375,78.80999755859375,0.0,79.94000244140625,77.47000122070312,79.20999908447266,0.0,4736900
2023-05-10,79.87000274658203,79.87000274658203,0.0,80.72000122070312,78.87000274658203,80.5,0.0,5187100
2023-05-11,80.31999969482422,80.31999969482422,0.0,80.75,78.41999816894531,79.41999816894531,0.0,4438200
2023-05-12,81.33999633789062,81.33999633789062,0.0,83.04000091552734,80.06999969482422,81.22000122070312,0.0,6478900
2023-05-15,82.38999938964844,82.38999938964844,0.0,82.45999908447266,80.55999755859375,81.76000213623047,0.0,6125200
2023-05-16,83.04000091552734,83.04000091552734,0.0,85.38999938964844,81.70999908447266,82.01000213623047,0.0,10998500
2023-05-17,85.62999725341797,85.62999725341797,0.0,86.9000015258789,82.11000061035156,84.62999725341797,0.0,12764700
2023-05-18,86.48999786376953,86.48999786376953,0.0,87.06999969482422,84.91000366210938,86.0,0.0,7624200
2023-05-19,84.36000061035156,84.36000061035156,0.0,86.45999908447266,83.58000183105469,86.19000244140625,0.0,8190600
2023-05-22,85.23999786376953,85.23999786376953,0.0,85.58999633789062,83.70999908447266,83.91000366210938,0.0,5091500
2023-05-23,82.54000091552734,82.54000091552734,0.0,84.6500015258789,81.80000305175781,84.33000183105469,0.0,6675700
2023-05-24,79.79000091552734,79.79000091552734,0.0,80.86000061035156,78.3499984741211,80.13999938964844,0.0,8641800
2023-05-25,82.0,82.0,0.0,82.70999908447266,77.91999816894531,80.12000274658203,0.0,9598500
2023-05-26,86.62000274658203,86.62000274658203,0.0,87.7699966430664,82.83000183105469,82.87000274658203,0.0,10518700
2023-05-30,83.97000122070312,83.97000122070312,0.0,89.83999633789062,83.44999694824219,89.3499984741211,0.0,9087900
2023-05-31,83.5999984741211,83.5999984741211,0.0,85.25,82.0,82.3499984741211,0.0,9835600
2023-06-01,87.94999694824219,87.94999694824219,0.0,88.30999755859375,84.05000305175781,84.94000244140625,0.0,6930700
2023-06-02,86.83000183105469,86.83000183105469,0.0,89.44000244140625,85.87000274658203,88.80000305175781,0.0,5137300
2023-06-05,85.62999725341797,85.62999725341797,0.0,87.23999786376953,84.94999694824219,87.08000183105469,0.0,3770600
2023-06-06,88.4800033569336,88.4800033569336,0.0,89.11000061035156,85.5199966430664,85.55000305175781,0.0,5217900
2023-06-07,89.23999786376953,89.23999786376953,0.0,92.12999725341797,89.02999877929688,89.13999938964844,0.0,7824700
2023-06-08,89.98999786376953,89.98999786376953,0.0,90.70999908447266,88.70999908447266,89.86000061035156,0.0,4129600
2023-06-09,89.0199966430664,89.0199966430664,0.0,92.68000030517578,88.11000061035156,91.76000213623047,0.0,6365000
2023-06-12,91.05999755859375,91.05999755859375,0.0,91.36000061035156,89.36000061035156,90.19000244140625,0.0,6527100
2023-06-13,92.66999816894531,92.66999816894531,0.0,93.44000244140625,91.33999633789062,92.04000091552734,0.0,7615100
2023-06-14,92.73999786376953,92.73999786376953,0.0,93.3499984741211,90.66999816894531,92.12000274658203,0.0,7149100
2023-06-15,91.0,91.0,0.0,92.0,90.6500015258789,91.29000091552734,0.0,8116400
2023-06-16,90.1500015258789,90.1500015258789,0.0,92.08000183105469,89.61000061035156,91.79000091552734,0.0,28125300
2023-06-20,89.37999725341797,89.37999725341797,0.0,90.87999725341797,88.20999908447266,89.55000305175781,0.0,5845900
2023-06-21,88.06999969482422,88.06999969482422,0.0,89.79000091552734,87.55999755859375,88.7699966430664,0.0,4973000
2023-06-22,88.94999694824219,88.94999694824219,0.0,89.26000213623047,87.0,87.06999969482422,0.0,4635900
2023-06-23,87.5199966430664,87.5199966430664,0.0,87.9800033569336,86.19999694824219,86.94000244140625,0.0,9135100
2023-06-26,88.62000274658203,88.62000274658203,0.0,90.0,87.97000122070312,88.63999938964844,0.0,4250700
2023-06-27,91.87000274658203,91.87000274658203,0.0,91.94999694824219,88.0999984741211,88.62999725341797,0.0,5380000
2023-06-28,91.20999908447266,91.20999908447266,0.0,92.77999877929688,90.56999969482422,90.62000274658203,0.0,4346700
2023-06-29,92.08000183105469,92.08000183105469,0.0,92.31999969482422,90.72000122070312,92.0,0.0,3831200
2023-06-30,94.58000183105469,94.58000183105469,0.0,95.31999969482422,92.61000061035156,93.0,0.0,5395400
2023-07-03,96.83000183105469,96.83000183105469,0.0,96.8499984741211,94.72000122070312,95.45999908447266,0.0,3602000
2023-07-05,92.94999694824219,92.94999694824219,0.0,95.93000030517578,92.87000274658203,95.51000213623047,0.0,5812900
2023-07-06,92.61000061035156,92.61000061035156,0.0,92.72000122070312,90.69000244140625,91.66000366210938,0.0,4685800
2023-07-07,93.30000305175781,93.30000305175781,0.0,94.80999755859375,92.3499984741211,93.33999633789062,0.0,4145400
2023-07-10,95.9800033569336,95.9800033569336,0.0,96.02999877929688,93.55000305175781,93.9800033569336,0.0,4799300
2023-07-11,96.63999938964844,96.63999938964844,0.0,97.5199966430664,95.18000030517578,97.33999633789062,0.0,3959900
2023-07-12,98.62999725341797,98.62999725341797,0.0,98.9800033569336,97.13999938964844,98.37000274658203,0.0,4783300
2023-07-13,102.04000091552734,102.04000091552734,0.0,102.30999755859375,98.62999725341797,99.38999938964844,0.0,6467400
2023-07-14,99.68000030517578,99.68000030517578,0.0,102.6500015258789,99.11000061035156,102.0,0.0,4976900
2023-07-17,104.33000183105469,104.33000183105469,0.0,104.87999725341797,99.5,99.80000305175781,0.0,6871100
2023-07-18,104.83999633789062,104.83999633789062,0.0,105.3499984741211,102.9000015258789,104.05999755859375,0.0,5222300
2023-07-19,101.91000366210938,101.91000366210938,0.0,104.80999755859375,101.87999725341797,104.80999755859375,0.0,6101200
2023-07-20,97.30000305175781,97.30000305175781,0.0,101.5199966430664,96.30000305175781,100.16999816894531,0.0,9221200
2023-07-21,98.76000213623047,98.76000213623047,0.0,99.29000091552734,97.75,98.41000366210938,0.0,10007800
2023-07-24,97.69000244140625,97.69000244140625,0.0,98.05999755859375,95.87999725341797,96.33000183105469,0.0,5175600
2023-07-25,100.04000091552734,100.04000091552734,0.0,101.56999969482422,98.29000091552734,98.45999908447266,0.0,5920000
2023-07-26,99.25,99.25,0.0,100.33000183105469,97.95999908447266,99.31999969482422,0.0,5532200
2023-07-27,102.11000061035156,102.11000061035156,0.0,104.52999877929688,100.80000305175781,103.05999755859375,0.0,7432400
2023-07-28,105.08999633789062,105.08999633789062,0.0,105.38999938964844,102.5,103.69999694824219,0.0,7604100
2023-07-31,107.75,107.75,0.0,111.3499984741211,107.08000183105469,109.73999786376953,0.0,14150300
2023-08-01,108.08999633789062,108.08999633789062,0.0,109.41000366210938,106.5999984741211,107.7300033569336,0.0,5441600
2023-08-02,103.56999969482422,103.56999969482422,0.0,107.16000366210938,103.12000274658203,106.88999938964844,0.0,6906500
2023-08-03,102.69999694824219,102.69999694824219,0.0,102.94999694824219,100.4000015258789,101.44999694824219,0.0,6033400
2023-08-04,102.30999755859375,102.30999755859375,0.0,103.70999908447266,100.4800033569336,101.43000030517578,0.0,6470900
2023-08-07,103.58999633789062,103.58999633789062,0.0,104.87000274658203,102.69000244140625,104.0,0.0,4112500
2023-08-08,101.37999725341797,101.37999725341797,0.0,102.33000183105469,99.9000015258789,102.33000183105469,0.0,4184200
2023-08-09,99.08999633789062,99.08999633789062,0.0,101.5199966430664,98.87999725341797,101.37000274658203,0.0,4854000
2023-08-10,97.7300033569336,97.7300033569336,0.0,101.1500015258789,97.05999755859375,100.55000305175781,0.0,4730700
2023-08-11,94.56999969482422,94.56999969482422,0.0,96.69999694824219,94.30999755859375,96.51000213623047,0.0,5443400
2023-08-14,97.12000274658203,97.12000274658203,0.0,97.1500015258789,93.56999969482422,94.19999694824219,0.0,5280600
2023-08-15,94.12999725341797,94.12999725341797,0.0,96.41000366210938,93.88999938964844,96.20999908447266,0.0,4850700
2023-08-16,92.18000030517578,92.18000030517578,0.0,94.58000183105469,92.02999877929688,94.29000091552734,0.0,5262300
2023-08-17,90.02999877929688,90.02999877929688,0.0,92.68000030517578,89.91000366210938,92.08999633789062,0.0,6768900
2023-08-18,90.7300033569336,90.7300033569336,0.0,91.2300033569336,88.62999725341797,89.04000091552734,0.0,4647700
2023-08-21,93.02999877929688,93.02999877929688,0.0,93.5199966430664,91.2300033569336,91.5,0.0,4580900
2023-08-22,92.37000274658203,92.37000274658203,0.0,95.18000030517578,92.13999938964844,94.86000061035156,0.0,3918300
2023-08-23,92.87999725341797,92.87999725341797,0.0,93.36000061035156,90.38999938964844,90.7699966430664,0.0,5768900
2023-08-24,89.95999908447266,89.95999908447266,0.0,94.66000366210938,89.7300033569336,94.48999786376953,0.0,6014900
2023-08-25,92.31999969482422,92.31999969482422,0.0,92.77999877929688,89.7300033569336,90.62999725341797,0.0,4662000
2023-08-28,93.62999725341797,93.62999725341797,0.0,94.5,92.9800033569336,93.12999725341797,0.0,3899700
2023-08-29,97.61000061035156,97.61000061035156,0.0,97.87999725341797,93.0,93.18000030517578,0.0,5691400
2023-08-30,98.8499984741211,98.8499984741211,0.0,99.44000244140625,96.56999969482422,97.19999694824219,0.0,4351200
2023-08-31,98.45999908447266,98.45999908447266,0.0,100.29000091552734,98.18000030517578,98.61000061035156,0.0,5804500
2023-09-01,99.4000015258789,99.4000015258789,0.0,99.8499984741211,97.75,99.30999755859375,0.0,3234400
2023-09-05,99.30999755859375,99.30999755859375,0.0,100.20999908447266,97.16999816894531,99.2300033569336,0.0,3137700
2023-09-06,99.48999786376953,99.48999786376953,0.0,101.30000305175781,97.73999786376953,99.30000305175781,0.0,3367800
2023-09-07,98.51000213623047,98.51000213623047,0.0,99.1500015258789,96.12000274658203,97.45999908447266,0.0,4723100
2023-09-08,97.91999816894531,97.91999816894531,0.0,99.76000213623047,96.94000244140625,98.75,0.0,3600100
2023-09-11,97.8499984741211,97.8499984741211,0.0,99.37000274658203,95.94999694824219,99.18000030517578,0.0,3923900
2023-09-12,96.79000091552734,96.79000091552734,0.0,99.44999694824219,96.41999816894531,96.62000274658203,0.0,3411700
2023-09-13,96.83000183105469,96.83000183105469,0.0,98.58000183105469,96.38999938964844,96.81999969482422,0.0,4060500
2023-09-14,96.47000122070312,96.47000122070312,0.0,98.06999969482422,94.80000305175781,97.94000244140625,0.0,5544900
2023-09-15,93.0999984741211,93.0999984741211,0.0,95.87000274658203,92.2699966430664,95.72000122070312,0.0,9749400
2023-09-18,94.5999984741211,94.5999984741211,0.0,94.91999816894531,92.0,92.0,0.0,3295200
2023-09-19,94.23999786376953,94.23999786376953,0.0,94.87000274658203,92.93000030517578,94.52999877929688,0.0,3422300
2023-09-20,92.83999633789062,92.83999633789062,0.0,95.69000244140625,92.79000091552734,94.97000122070312,0.0,2898600
2023-09-21,90.93000030517578,90.93000030517578,0.0,92.37000274658203,90.83000183105469,91.7699966430664,0.0,5111700
2023-09-22,93.80999755859375,93.80999755859375,0.0,94.69999694824219,91.94999694824219,92.16000366210938,0.0,5173600
2023-09-25,94.45999908447266,94.45999908447266,0.0,95.06999969482422,92.5199966430664,92.9800033569336,0.0,2773100
2023-09-26,90.1500015258789,90.1500015258789,0.0,93.70999908447266,89.27999877929688,93.41999816894531,0.0,6590600
2023-09-27,92.05000305175781,92.05000305175781,0.0,92.7699966430664,90.20999908447266,91.30000305175781,0.0,4681900
2023-09-28,94.05000305175781,94.05000305175781,0.0,95.63999938964844,91.43000030517578,92.13999938964844,0.0,4385000
2023-09-29,92.94999694824219,92.94999694824219,0.0,95.66999816894531,92.76000213623047,95.5,0.0,4214900
2023-10-02,93.37000274658203,93.37000274658203,0.0,95.63999938964844,92.04000091552734,93.94999694824219,0.0,3943000
2023-10-03,89.76000213623047,89.76000213623047,0.0,92.83000183105469,88.3499984741211,92.04000091552734,0.0,6101300
2023-10-04,89.98999786376953,89.98999786376953,0.0,90.70999908447266,87.30999755859375,87.5,0.0,7263500
2023-10-05,88.16999816894531,88.16999816894531,0.0,90.25,86.94000244140625,89.73999786376953,0.0,4075800
2023-10-06,90.93000030517578,90.93000030517578,0.0,91.5,86.83999633789062,87.7699966430664,0.0,4095900
2023-10-09,90.93000030517578,90.93000030517578,0.0,91.18000030517578,89.08999633789062,89.80000305175781,0.0,2224800
2023-10-10,93.31999969482422,93.31999969482422,0.0,94.19000244140625,91.55999755859375,91.9000015258789,0.0,4313100
2023-10-11,95.13999938964844,95.13999938964844,0.0,95.19999694824219,93.37999725341797,93.52999877929688,0.0,3877200
2023-10-12,93.05000305175781,93.05000305175781,0.0,95.58999633789062,92.27999877929688,95.3499984741211,0.0,5602700
2023-10-13,89.13999938964844,89.13999938964844,0.0,93.91999816894531,88.81999969482422,93.7699966430664,0.0,5440700
2023-10-16,91.69000244140625,91.69000244140625,0.0,92.05000305175781,89.5199966430664,89.83000183105469,0.0,4814300
2023-10-17,91.69000244140625,91.69000244140625,0.0,92.86000061035156,90.0,90.06999969482422,0.0,4730100
2023-10-18,89.58999633789062,89.58999633789062,0.0,90.5999984741211,88.62999725341797,90.0,0.0,5338100
2023-10-19,87.01000213623047,87.01000213623047,0.0,90.08999633789062,86.55000305175781,90.0,0.0,5609600
2023-10-20,84.83000183105469,84.83000183105469,0.0,87.69999694824219,83.8499984741211,87.0,0.0,7077000
2023-10-23,83.61000061035156,83.61000061035156,0.0,85.31999969482422,82.9000015258789,84.06999969482422,0.0,5548400
2023-10-24,85.08999633789062,85.08999633789062,0.0,85.77999877929688,83.62999725341797,84.08999633789062,0.0,5268000
2023-10-25,81.16000366210938,81.16000366210938,0.0,84.25,80.62000274658203,82.8499984741211,0.0,8726700
2023-10-26,82.79000091552734,82.79000091552734,0.0,84.56999969482422,82.01000213623047,82.7699966430664,0.0,8230600
2023-10-27,83.5199966430664,83.5199966430664,0.0,84.56999969482422,82.6500015258789,84.2699966430664,0.0,10637400
2023-10-30,65.33999633789062,65.33999633789062,0.0,73.58999633789062,64.98999786376953,73.29000091552734,0.0,39759800
2023-10-31,62.63999938964844,62.63999938964844,0.0,65.02999877929688,61.720001220703125,64.18000030517578,0.0,22213200
2023-11-01,64.83999633789062,64.83999633789062,0.0,64.86000061035156,61.470001220703125,62.5,0.0,15562900
2023-11-02,66.62999725341797,66.62999725341797,0.0,67.33999633789062,64.27999877929688,65.91999816894531,0.0,12027200
2023-11-03,68.25,68.25,0.0,68.87999725341797,66.87000274658203,67.37000274658203,0.0,11674000
2023-11-06,66.2300033569336,66.2300033569336,0.0,68.95999908447266,65.41999816894531,68.6500015258789,0.0,9284400
2023-11-07,66.80000305175781,66.80000305175781,0.0,67.45999908447266,65.80000305175781,66.27999877929688,0.0,9650100
2023-11-08,66.25,66.25,0.0,66.83000183105469,65.45999908447266,66.7699966430664,0.0,8908600
2023-11-09,64.3499984741211,64.3499984741211,0.0,66.5,64.02999877929688,66.27999877929688,0.0,10548000
2023-11-10,67.37999725341797,67.37999725341797,0.0,67.83999633789062,65.13999938964844,65.5,0.0,7929500
2023-11-13,66.6500015258789,66.6500015258789,0.0,66.81999969482422,65.75,66.37000274658203,0.0,7078800
2023-11-14,69.95999908447266,69.95999908447266,0.0,70.69000244140625,69.08000183105469,69.3499984741211,0.0,9083600
2023-11-15,71.12999725341797,71.12999725341797,0.0,72.9000015258789,70.86000061035156,71.04000091552734,0.0,6130000
2023-11-16,69.45999908447266,69.45999908447266,0.0,71.06999969482422,69.0199966430664,70.91000366210938,0.0,6018900
2023-11-17,70.02999877929688,70.02999877929688,0.0,70.30999755859375,69.06999969482422,69.7300033569336,0.0,4046500
2023-11-20,70.68000030517578,70.68000030517578,0.0,70.75,69.72000122070312,69.95999908447266,0.0,4342300
2023-11-21,68.38999938964844,68.38999938964844,0.0,70.2300033569336,68.1500015258789,70.04000091552734,0.0,5998700
2023-11-22,68.55999755859375,68.55999755859375,0.0,69.81999969482422,68.23999786376953,68.87999725341797,0.0,4375200
2023-11-24,69.27999877929688,69.27999877929688,0.0,69.44999694824219,68.61000061035156,68.63999938964844,0.0,1718000
2023-11-27,68.68000030517578,68.68000030517578,0.0,69.54000091552734,68.41999816894531,68.9000015258789,0.0,4041600
2023-11-28,69.0999984741211,69.0999984741211,0.0,69.44000244140625,68.2300033569336,68.72000122070312,0.0,4425800
2023-11-29,71.62000274658203,71.62000274658203,0.0,73.22000122070312,70.4000015258789,70.44999694824219,0.0,7747900
2023-11-30,71.33000183105469,71.33000183105469,0.0,72.41999816894531,70.66000366210938,72.16000366210938,0.0,7154900
2023-12-01,74.18000030517578,74.18000030517578,0.0,74.23999786376953,70.88999938964844,71.25,0.0,6068100
2023-12-04,73.0999984741211,73.0999984741211,0.0,74.16999816894531,71.7300033569336,73.26000213623047,0.0,5499800
2023-12-05,72.27999877929688,72.27999877929688,0.0,72.91000366210938,71.44999694824219,72.63999938964844,0.0,3368400
2023-12-06,73.44000244140625,73.44000244140625,0.0,74.75,73.1500015258789,73.6500015258789,0.0,5201000
2023-12-07,75.83999633789062,75.83999633789062,0.0,76.30999755859375,73.62999725341797,73.76000213623047,0.0,6248200
2023-12-08,76.13999938964844,76.13999938964844,0.0,77.25,75.5199966430664,75.56999969482422,0.0,4584100
2023-12-11,79.4000015258789,79.4000015258789,0.0,80.19999694824219,76.44999694824219,76.68000030517578,0.0,7903500
2023-12-12,78.38999938964844,78.38999938964844,0.0,78.9000015258789,77.56999969482422,78.80999755859375,0.0,6313000
2023-12-13,81.05999755859375,81.05999755859375,0.0,81.62000274658203,77.86000061035156,78.95999908447266,0.0,5768500
2023-12-14,86.20999908447266,86.20999908447266,0.0,86.45999908447266,82.45999908447266,82.5,0.0,11343600
2023-12-15,85.6500015258789,85.6500015258789,0.0,86.7699966430664,84.5,85.63999938964844,0.0,16805500
2023-12-18,83.76000213623047,83.76000213623047,0.0,85.23999786376953,82.76000213623047,85.0,0.0,6349600
2023-12-19,84.73999786376953,84.73999786376953,0.0,85.0,83.54000091552734,83.76000213623047,0.0,4392200
2023-12-20,81.16999816894531,81.16999816894531,0.0,84.95999908447266,81.12999725341797,84.0,0.0,6142900
2023-12-21,83.6500015258789,83.6500015258789,0.0,84.05000305175781,82.66000366210938,83.0,0.0,4493900
2023-12-22,84.01000213623047,84.01000213623047,0.0,84.47000122070312,82.98999786376953,83.9000015258789,0.0,2432300
2023-12-26,85.47000122070312,85.47000122070312,0.0,85.9800033569336,84.1500015258789,84.5,0.0,3223600
2023-12-27,85.05000305175781,85.05000305175781,0.0,86.0999984741211,84.5999984741211,85.83999633789062,0.0,3440700
2023-12-28,84.9800033569336,84.9800033569336,0.0,85.5,84.26000213623047,85.0,0.0,3063800
2023-12-29,83.52999877929688,83.52999877929688,0.0,85.13999938964844,82.88999938964844,85.06999969482422,0.0,4193800
2024-01-02,81.44999694824219,81.44999694824219,0.0,83.72000122070312,80.27999877929688,82.7699966430664,0.0,7943200
2024-01-03,79.30999755859375,79.30999755859375,0.0,79.77999877929688,77.55999755859375,79.37999725341797,0.0,6156400
2024-01-04,76.19999694824219,76.19999694824219,0.0,77.98999786376953,74.80000305175781,75.8499984741211,0.0,10670000
2024-01-05,75.69999694824219,75.69999694824219,0.0,77.08999633789062,75.06999969482422,76.16000366210938,0.0,6839900
2024-01-08,77.94000244140625,77.94000244140625,0.0,78.72000122070312,76.16999816894531,76.33999633789062,0.0,6371300
2024-01-09,77.02999877929688,77.02999877929688,0.0,77.88999938964844,75.76000213623047,76.5999984741211,0.0,7559800
2024-01-10,75.61000061035156,75.61000061035156,0.0,76.3499984741211,73.16999816894531,76.0,0.0,11842800
2024-01-11,74.43000030517578,74.43000030517578,0.0,75.9000015258789,72.94000244140625,75.58999633789062,0.0,10264100
2024-01-12,73.47000122070312,73.47000122070312,0.0,75.33000183105469,73.25,74.19999694824219,0.0,5099100
2024-01-16,73.80000305175781,73.80000305175781,0.0,74.83000183105469,72.55000305175781,73.12999725341797,0.0,6901800
2024-01-17,72.2699966430664,72.2699966430664,0.0,72.4000015258789,70.69999694824219,72.31999969482422,0.0,8164300
2024-01-18,73.22000122070312,73.22000122070312,0.0,74.55999755859375,71.93000030517578,74.01000213623047,0.0,11314600
2024-01-19,73.87000274658203,73.87000274658203,0.0,74.4800033569336,72.5999984741211,74.19999694824219,0.0,12682000
2024-01-22,75.19000244140625,75.19000244140625,0.0,76.62000274658203,74.36000061035156,74.5,0.0,7961300
2024-01-23,76.75,76.75,0.0,77.06999969482422,75.29000091552734,75.9800033569336,0.0,6936900
2024-01-24,75.1500015258789,75.1500015258789,0.0,77.47000122070312,75.0,76.2699966430664,0.0,8803600
2024-01-25,72.69000244140625,72.69000244140625,0.0,75.95999908447266,72.30999755859375,75.86000061035156,0.0,12997200
2024-01-26,71.70999908447266,71.70999908447266,0.0,73.5999984741211,71.45999908447266,72.0999984741211,0.0,10023300
2024-01-29,73.0199966430664,73.0199966430664,0.0,73.0199966430664,71.66999816894531,72.25,0.0,8614600
2024-01-30,72.56999969482422,72.56999969482422,0.0,73.5999984741211,72.16999816894531,72.91000366210938,0.0,6609600
2024-01-31,71.12999725341797,71.12999725341797,0.0,73.05999755859375,70.72000122070312,71.43000030517578,0.0,7175800
2024-02-01,70.19000244140625,70.19000244140625,0.0,71.94999694824219,69.25,71.5999984741211,0.0,9565200
2024-02-02,70.83000183105469,70.83000183105469,0.0,71.13999938964844,68.77999877929688,69.19999694824219,0.0,9865400
2024-02-05,77.58999633789062,77.58999633789062,0.0,78.75,75.44000244140625,75.5999984741211,0.0,15999400
2024-02-06,76.31999969482422,76.31999969482422,0.0,77.37000274658203,74.9000015258789,77.02999877929688,0.0,11111100
2024-02-07,76.95999908447266,76.95999908447266,0.0,77.4800033569336,75.08999633789062,77.04000091552734,0.0,7464900
2024-02-08,80.70999908447266,80.70999908447266,0.0,80.93000030517578,77.12999725341797,77.12999725341797,0.0,8992100
2024-02-09,80.80000305175781,80.80000305175781,0.0,81.58999633789062,79.70999908447266,81.38999938964844,0.0,6266600
2024-02-12,80.91999816894531,80.91999816894531,0.0,83.43000030517578,80.68000030517578,81.0,0.0,6575300
2024-02-13,78.58999633789062,78.58999633789062,0.0,79.66000366210938,77.16000366210938,78.0,0.0,7442500
2024-02-14,81.66999816894531,81.66999816894531,0.0,81.81999969482422,79.20999908447266,79.91000366210938,0.0,8508200
2024-02-15,80.62000274658203,80.62000274658203,0.0,82.5999984741211,80.44999694824219,82.2300033569336,0.0,5519800
2024-02-16,78.63999938964844,78.63999938964844,0.0,81.22000122070312,78.19000244140625,80.94000244140625,0.0,4910300
2024-02-20,77.47000122070312,77.47000122070312,0.0,77.94999694824219,76.2300033569336,77.41999816894531,0.0,5255300
2024-02-21,77.62000274658203,77.62000274658203,0.0,77.70999908447266,76.12000274658203,76.37000274658203,0.0,5593100
2024-02-22,78.36000061035156,78.36000061035156,0.0,79.58999633789062,77.44999694824219,79.58999633789062,0.0,8038500
2024-02-23,76.19000244140625,76.19000244140625,0.0,78.37999725341797,76.19000244140625,78.0999984741211,0.0,5996800
2024-02-26,77.56999969482422,77.56999969482422,0.0,78.30999755859375,76.36000061035156,76.87000274658203,0.0,4435900
2024-02-27,76.97000122070312,76.97000122070312,0.0,79.80999755859375,76.97000122070312,78.5,0.0,4919200
2024-02-28,76.47000122070312,76.47000122070312,0.0,77.20999908447266,75.55999755859375,75.95999908447266,0.0,3362200
2024-02-29,78.91999816894531,78.91999816894531,0.0,79.08000183105469,77.04000091552734,77.61000061035156,0.0,7597700
2024-03-01,81.13999938964844,81.13999938964844,0.0,82.33000183105469,78.7699966430664,79.16000366210938,0.0,6852500
2024-03-04,79.87999725341797,79.87999725341797,0.0,81.94999694824219,79.43000030517578,81.76000213623047,0.0,5362100
2024-03-05,76.98999786376953,76.98999786376953,0.0,79.2699966430664,75.72000122070312,78.4000015258789,0.0,6556400
2024-03-06,77.62000274658203,77.62000274658203,0.0,79.38999938964844,77.05999755859375,78.80999755859375,0.0,8108800
2024-03-07,82.95999908447266,82.95999908447266,0.0,85.16000366210938,77.83000183105469,77.83000183105469,0.0,10642400
2024-03-08,78.94999694824219,78.94999694824219,0.0,83.63999938964844,78.9000015258789,82.44000244140625,0.0,7834500
2024-03-11,81.5999984741211,81.5999984741211,0.0,81.5999984741211,78.11000061035156,78.66000366210938,0.0,6604200
2024-03-12,82.58999633789062,82.58999633789062,0.0,82.6500015258789,80.29000091552734,82.30000305175781,0.0,5919700
2024-03-13,79.88999938964844,79.88999938964844,0.0,82.33000183105469,79.69000244140625,81.12999725341797,0.0,5260900
2024-03-14,77.16999816894531,77.16999816894531,0.0,79.69000244140625,76.1500015258789,79.43000030517578,0.0,6778800
2024-03-15,74.87000274658203,74.87000274658203,0.0,76.27999877929688,74.44000244140625,74.44000244140625,0.0,9727100
2024-03-18,73.81999969482422,73.81999969482422,0.0,75.72000122070312,73.7300033569336,75.48999786376953,0.0,5860300
2024-03-19,74.04000091552734,74.04000091552734,0.0,74.55999755859375,72.8499984741211,73.16000366210938,0.0,4609500
2024-03-20,75.56999969482422,75.56999969482422,0.0,76.05000305175781,73.08000183105469,73.63999938964844,0.0,5947100
2024-03-21,75.77999877929688,75.77999877929688,0.0,77.41000366210938,75.16999816894531,76.83000183105469,0.0,5929700
2024-03-22,74.68000030517578,74.68000030517578,0.0,75.73999786376953,73.86000061035156,75.0,0.0,3345600
2024-03-25,73.54000091552734,73.54000091552734,0.0,74.55000305175781,72.12000274658203,72.19999694824219,0.0,5462700
2024-03-26,72.88999938964844,72.88999938964844,0.0,74.16000366210938,72.66999816894531,74.0,0.0,5876600
2024-03-27,75.61000061035156,75.61000061035156,0.0,75.7699966430664,73.0,73.91999816894531,0.0,6723600
2024-03-28,73.55000305175781,73.55000305175781,0.0,76.08000183105469,73.37999725341797,75.43000030517578,0.0,7408900
2024-04-01,73.8499984741211,73.8499984741211,0.0,74.88999938964844,73.13999938964844,73.88999938964844,0.0,4601400
2024-04-02,70.4800033569336,70.4800033569336,0.0,72.0,70.30999755859375,71.80000305175781,0.0,7107300
2024-04-03,70.7300033569336,70.7300033569336,0.0,71.51000213623047,69.87000274658203,70.29000091552734,0.0,5308700
2024-04-04,69.0999984741211,69.0999984741211,0.0,72.54000091552734,68.80000305175781,71.38999938964844,0.0,7280100
2024-04-05,69.31999969482422,69.31999969482422,0.0,69.66999816894531,68.11000061035156,69.0999984741211,0.0,7565500
2024-04-08,68.75,68.75,0.0,70.36000061035156,68.58000183105469,69.30999755859375,0.0,3915100
2024-04-09,70.94000244140625,70.94000244140625,0.0,71.9800033569336,69.63999938964844,69.83000183105469,0.0,6344700
2024-04-10,69.2300033569336,69.2300033569336,0.0,70.0199966430664,68.38999938964844,69.2300033569336,0.0,4859300
2024-04-11,70.5999984741211,70.5999984741211,0.0,70.7699966430664,69.05999755859375,69.63999938964844,0.0,5206700
2024-04-12,66.63999938964844,66.63999938964844,0.0,69.37999725341797,66.56999969482422,69.19000244140625,0.0,7453600
2024-04-15,65.63999938964844,65.63999938964844,0.0,67.94999694824219,64.87999725341797,67.8499984741211,0.0,7077400
2024-04-16,64.72000122070312,64.72000122070312,0.0,65.5,64.05999755859375,65.4000015258789,0.0,5214700
2024-04-17,64.47000122070312,64.47000122070312,0.0,65.87000274658203,64.11000061035156,65.27999877929688,0.0,6826300
2024-04-18,62.93000030517578,62.93000030517578,0.0,63.77000045776367,61.5099983215332,63.0099983215332,0.0,8437300
2024-04-19,60.709999084472656,60.709999084472656,0.0,62.5099983215332,60.2599983215332,61.150001525878906,0.0,9859200
2024-04-22,60.650001525878906,60.650001525878906,0.0,61.310001373291016,59.34000015258789,61.02000045776367,0.0,7414900
2024-04-23,61.68000030517578,61.68000030517578,0.0,61.97999954223633,60.369998931884766,60.58000183105469,0.0,6917500
2024-04-24,65.52999877929688,65.52999877929688,0.0,67.44999694824219,64.33000183105469,67.16999816894531,0.0,12812300
2024-04-25,66.37999725341797,66.37999725341797,0.0,67.31999969482422,65.47000122070312,65.55000305175781,0.0,9329900
2024-04-26,68.05999755859375,68.05999755859375,0.0,68.95999908447266,66.16999816894531,66.22000122070312,0.0,12859000
2024-04-29,70.81999969482422,70.81999969482422,0.0,71.44000244140625,67.58000183105469,68.0,0.0,13468200
2024-04-30,70.16000366210938,70.16000366210938,0.0,72.75,69.94000244140625,70.0,0.0,8420800
2024-05-01,69.01000213623047,69.01000213623047,0.0,71.91999816894531,68.76000213623047,68.98999786376953,0.0,8882000
2024-05-02,70.01000213623047,70.01000213623047,0.0,70.8499984741211,68.05999755859375,70.22000122070312,0.0,6509100
2024-05-03,70.37000274658203,70.37000274658203,0.0,72.26000213623047,69.9800033569336,71.6500015258789,0.0,6516700
2024-05-06,69.66999816894531,69.66999816894531,0.0,70.98999786376953,69.01000213623047,70.68000030517578,0.0,6051400
2024-05-07,70.79000091552734,70.79000091552734,0.0,72.44000244140625,70.2699966430664,70.45999908447266,0.0,6890000
2024-05-08,70.66999816894531,70.66999816894531,0.0,70.73999786376953,69.06999969482422,69.6500015258789,0.0,4102600
2024-05-09,71.26000213623047,71.26000213623047,0.0,71.83999633789062,70.29000091552734,70.51000213623047,0.0,5471800
2024-05-10,70.45999908447266,70.45999908447266,0.0,71.77999877929688,69.93000030517578,71.77999877929688,0.0,3669800
2024-05-13,72.33000183105469,72.33000183105469,0.0,73.05999755859375,71.01000213623047,71.29000091552734,0.0,4431700
2024-05-14,72.98999786376953,72.98999786376953,0.0,74.13999938964844,72.63999938964844,73.2300033569336,0.0,4888100
2024-05-15,74.73999786376953,74.73999786376953,0.0,74.83999633789062,72.87999725341797,74.41999816894531,0.0,6415300
2024-05-16,73.0,73.0,0.0,74.6500015258789,72.91999816894531,74.45999908447266,0.0,5427900
2024-05-17,73.16999816894531,73.16999816894531,0.0,73.86000061035156,72.69000244140625,73.43000030517578,0.0,3844300
2024-05-20,74.27999877929688,74.27999877929688,0.0,74.80000305175781,72.87999725341797,73.06999969482422,0.0,4496900
2024-05-21,72.81999969482422,72.81999969482422,0.0,73.3499984741211,72.1500015258789,73.1500015258789,0.0,4332100
2024-05-22,76.29000091552734,76.29000091552734,0.0,77.19999694824219,73.91000366210938,74.23999786376953,0.0,8191300
2024-05-23,71.6500015258789,71.6500015258789,0.0,76.7300033569336,71.29000091552734,76.66999816894531,0.0,9592000
2024-05-24,72.55999755859375,72.55999755859375,0.0,73.2300033569336,71.81999969482422,72.45999908447266,0.0,5172000
2024-05-28,73.6500015258789,73.6500015258789,0.0,75.33999633789062,72.41999816894531,72.43000030517578,0.0,5794200
2024-05-29,71.01000213623047,71.01000213623047,0.0,72.5199966430664,70.88999938964844,71.94999694824219,0.0,4961400
2024-05-30,72.11000061035156,72.11000061035156,0.0,72.47000122070312,70.61000061035156,71.05000305175781,0.0,3569000
2024-05-31,73.04000091552734,73.04000091552734,0.0,73.19999694824219,70.63999938964844,71.8499984741211,0.0,5735900
2024-06-03,73.19000244140625,73.19000244140625,0.0,74.48999786376953,71.3499984741211,74.01000213623047,0.0,3653700
2024-06-04,71.5199966430664,71.5199966430664,0.0,73.44999694824219,70.9000015258789,73.05000305175781,0.0,3718000
2024-06-05,74.54000091552734,74.54000091552734,0.0,74.5999984741211,71.86000061035156,72.44999694824219,0.0,6266000
2024-06-06,72.44999694824219,72.44999694824219,0.0,74.25,72.30000305175781,74.18000030517578,0.0,6564500
2024-06-07,72.30999755859375,72.30999755859375,0.0,72.55999755859375,71.20999908447266,72.30000305175781,0.0,3830000
2024-06-10,73.5,73.5,0.0,73.98999786376953,71.5,71.58999633789062,0.0,5328000
2024-06-11,73.9800033569336,73.9800033569336,0.0,74.44000244140625,72.16000366210938,73.12000274658203,0.0,4292100
2024-06-12,76.22000122070312,76.22000122070312,0.0,77.22000122070312,75.11000061035156,75.5,0.0,6673700
2024-06-13,75.04000091552734,75.04000091552734,0.0,76.69999694824219,74.0,74.16999816894531,0.0,4777500
2024-06-14,71.97000122070312,71.97000122070312,0.0,73.95999908447266,71.5,73.33999633789062,0.0,4527300
2024-06-17,70.7300033569336,70.7300033569336,0.0,71.93000030517578,69.37999725341797,71.88999938964844,0.0,6763500
2024-06-18,70.7300033569336,70.7300033569336,0.0,71.44999694824219,70.36000061035156,70.61000061035156,0.0,4318500
2024-06-20,67.62999725341797,67.62999725341797,0.0,69.68000030517578,67.18000030517578,69.18000030517578,0.0,8418700
2024-06-21,68.5199966430664,68.5199966430664,0.0,69.08999633789062,67.5,67.81999969482422,0.0,9839700
2024-06-24,67.79000091552734,67.79000091552734,0.0,69.37999725341797,67.4800033569336,68.19999694824219,0.0,4970800
2024-06-25,67.83999633789062,67.83999633789062,0.0,68.54000091552734,66.76000213623047,68.12999725341797,0.0,4350400
2024-06-26,68.16999816894531,68.16999816894531,0.0,68.62999725341797,67.47000122070312,67.5199966430664,0.0,3592500
2024-06-27,67.86000061035156,67.86000061035156,0.0,68.38999938964844,67.3499984741211,67.8499984741211,0.0,3806500
2024-06-28,68.55000305175781,68.55000305175781,0.0,69.37999725341797,67.80000305175781,68.19000244140625,0.0,5257900
2024-07-01,69.18000030517578,69.18000030517578,0.0,69.87000274658203,67.79000091552734,68.95999908447266,0.0,4692300
2024-07-02,72.91999816894531,72.91999816894531,0.0,72.95999908447266,70.0999984741211,70.0999984741211,0.0,5796700
2024-07-03,72.68000030517578,72.68000030517578,0.0,74.5999984741211,72.3499984741211,73.36000061035156,0.0,3906400
2024-07-05,73.37999725341797,73.37999725341797,0.0,74.66999816894531,72.7699966430664,73.1500015258789,0.0,3028800
2024-07-08,75.01000213623047,75.01000213623047,0.0,75.1500015258789,73.04000091552734,73.12000274658203,0.0,4717100
2024-07-09,73.4800033569336,73.4800033569336,0.0,74.58000183105469,72.37000274658203,74.55999755859375,0.0,5861400
2024-07-10,76.58999633789062,76.58999633789062,0.0,76.72000122070312,74.19000244140625,74.44000244140625,0.0,5685500
2024-07-11,74.23999786376953,74.23999786376953,0.0,76.98999786376953,74.19000244140625,75.88999938964844,0.0,7400800
2024-07-12,76.87000274658203,76.87000274658203,0.0,78.30999755859375,74.33999633789062,74.86000061035156,0.0,5950400
2024-07-15,76.37000274658203,76.37000274658203,0.0,77.91000366210938,75.52999877929688,75.76000213623047,0.0,4889900
2024-07-16,78.73999786376953,78.73999786376953,0.0,78.76000213623047,76.13999938964844,76.6500015258789,0.0,3555300
2024-07-17,75.45999908447266,75.45999908447266,0.0,78.01000213623047,75.27999877929688,77.31999969482422,0.0,9931000
2024-07-18,75.43000030517578,75.43000030517578,0.0,77.94999694824219,74.95999908447266,76.29000091552734,0.0,5717700
2024-07-19,72.52999877929688,72.52999877929688,0.0,75.37000274658203,72.0199966430664,75.02999877929688,0.0,6339600
2024-07-22,77.33000183105469,77.33000183105469,0.0,77.55999755859375,73.76000213623047,75.33999633789062,0.0,7758500
2024-07-23,73.38999938964844,73.38999938964844,0.0,75.38999938964844,72.81999969482422,75.0,0.0,7557800
2024-07-24,70.11000061035156,70.11000061035156,0.0,73.69000244140625,69.94999694824219,73.0999984741211,0.0,8138500
2024-07-25,67.54000091552734,67.54000091552734,0.0,70.72000122070312,66.77999877929688,67.83999633789062,0.0,9670800
2024-07-26,70.16999816894531,70.16999816894531,0.0,70.77999877929688,68.66000366210938,69.1500015258789,0.0,7765500
2024-07-29,78.2699966430664,78.2699966430664,0.0,80.08000183105469,75.5,75.9000015258789,0.0,22288700
2024-07-30,73.97000122070312,73.97000122070312,0.0,78.19000244140625,73.76000213623047,77.80000305175781,0.0,11851700
2024-07-31,78.25,78.25,0.0,79.44999694824219,74.83000183105469,75.80000305175781,0.0,11047900
2024-08-01,71.9000015258789,71.9000015258789,0.0,76.9000015258789,70.9800033569336,76.27999877929688,0.0,11569500
2024-08-02,67.94999694824219,67.94999694824219,0.0,69.8499984741211,67.12999725341797,69.5,0.0,11552900
2024-08-05,68.97000122070312,68.97000122070312,0.0,71.91999816894531,66.51000213623047,66.8499984741211,0.0,10311900
2024-08-06,68.51000213623047,68.51000213623047,0.0,70.72000122070312,67.44999694824219,69.0199966430664,0.0,6388300
2024-08-07,66.38999938964844,66.38999938964844,0.0,71.20999908447266,66.18000030517578,70.08000183105469,0.0,7370100
2024-08-08,72.2300033569336,72.2300033569336,0.0,72.4800033569336,68.2300033569336,68.94999694824219,0.0,9541700
2024-08-09,71.30000305175781,71.30000305175781,0.0,71.88999938964844,69.91999816894531,70.97000122070312,0.0,4275600
2024-08-12,70.37000274658203,70.37000274658203,0.0,71.66000366210938,69.61000061035156,71.31999969482422,0.0,3962500
2024-08-13,72.91000366210938,72.91000366210938,0.0,73.33999633789062,70.72000122070312,71.38999938964844,0.0,5650600
2024-08-14,71.08000183105469,71.08000183105469,0.0,73.23999786376953,70.27999877929688,73.05000305175781,0.0,5065100
2024-08-15,75.87999725341797,75.87999725341797,0.0,76.62000274658203,72.81999969482422,73.0,0.0,8367500
2024-08-16,75.83999633789062,75.83999633789062,0.0,76.4800033569336,74.81999969482422,75.0,0.0,5390100
2024-08-19,77.72000122070312,77.72000122070312,0.0,77.7699966430664,75.01000213623047,75.63999938964844,0.0,5014000
2024-08-20,75.81999969482422,75.81999969482422,0.0,77.08000183105469,75.20999908447266,76.77999877929688,0.0,5060000
2024-08-21,76.68000030517578,76.68000030517578,0.0,77.94000244140625,75.88999938964844,76.95999908447266,0.0,5330300
2024-08-22,73.37000274658203,73.37000274658203,0.0,77.0,73.11000061035156,76.97000122070312,0.0,7232300
2024-08-23,76.36000061035156,76.36000061035156,0.0,76.44999694824219,74.33000183105469,74.66999816894531,0.0,5685500
2024-08-26,74.81999969482422,74.81999969482422,0.0,76.25,74.37999725341797,76.22000122070312,0.0,5173700
2024-08-27,76.05999755859375,76.05999755859375,0.0,76.68000030517578,73.08999633789062,74.33999633789062,0.0,3806000
2024-08-28,74.62999725341797,74.62999725341797,0.0,76.18000030517578,73.70999908447266,76.0,0.0,4758900
2024-08-29,76.30000305175781,76.30000305175781,0.0,78.61000061035156,75.4800033569336,75.93000030517578,0.0,4845200
2024-08-30,77.87000274658203,77.87000274658203,0.0,78.47000122070312,76.66000366210938,78.12000274658203,0.0,4811900
2024-09-03,70.76000213623047,70.76000213623047,0.0,76.41000366210938,69.91999816894531,76.41000366210938,0.0,10785900
2024-09-04,70.52999877929688,70.52999877929688,0.0,72.16000366210938,69.27999877929688,69.88999938964844,0.0,6158400
2024-09-05,70.25,70.25,0.0,71.9000015258789,69.41000366210938,69.66999816894531,0.0,4791500
2024-09-06,67.91999816894531,67.91999816894531,0.0,71.27999877929688,67.41000366210938,70.01000213623047,0.0,8467500
2024-09-09,69.38999938964844,69.38999938964844,0.0,70.23999786376953,68.58999633789062,68.80000305175781,0.0,6394600
2024-09-10,68.2300033569336,68.2300033569336,0.0,68.3499984741211,66.95999908447266,68.31999969482422,0.0,4376700
2024-09-11,70.58000183105469,70.58000183105469,0.0,70.7300033569336,66.36000061035156,68.45999908447266,0.0,7463400
2024-09-12,69.33000183105469,69.33000183105469,0.0,70.0999984741211,68.19999694824219,70.06999969482422,0.0,4172800
2024-09-13,71.72000122070312,71.72000122070312,0.0,72.16999816894531,70.0199966430664,70.04000091552734,0.0,5495100
2024-09-16,70.37000274658203,70.37000274658203,0.0,71.45999908447266,69.1500015258789,70.80000305175781,0.0,4388600
2024-09-17,71.41999816894531,71.41999816894531,0.0,72.30000305175781,70.5199966430664,71.47000122070312,0.0,2711600
2024-09-18,70.63999938964844,70.63999938964844,0.0,73.36000061035156,70.1500015258789,71.29000091552734,0.0,4118200
2024-09-19,73.3499984741211,73.3499984741211,0.0,74.98999786376953,72.62000274658203,73.81999969482422,0.0,8075400
2024-09-20,69.56999969482422,69.56999969482422,0.0,71.44000244140625,68.38999938964844,71.04000091552734,0.0,12073700
2024-09-23,69.73999786376953,69.73999786376953,0.0,70.77999877929688,69.5,69.9800033569336,0.0,5107500
2024-09-24,70.47000122070312,70.47000122070312,0.0,72.31999969482422,69.9000015258789,70.9000015258789,0.0,4656500
2024-09-25,69.6500015258789,69.6500015258789,0.0,70.52999877929688,69.0999984741211,69.81999969482422,0.0,3331400
2024-09-26,73.31999969482422,73.31999969482422,0.0,73.91000366210938,70.08999633789062,72.36000061035156,0.0,5753100
2024-09-27,74.38999938964844,74.38999938964844,0.0,75.87999725341797,73.79000091552734,74.5999984741211,0.0,5289100
2024-09-30,72.61000061035156,72.61000061035156,0.0,73.54000091552734,71.22000122070312,72.30999755859375,0.0,6822500
2024-10-01,71.05000305175781,71.05000305175781,0.0,73.11000061035156,70.30000305175781,72.47000122070312,0.0,5971900
2024-10-02,71.51000213623047,71.51000213623047,0.0,72.55999755859375,70.38999938964844,71.08999633789062,0.0,4333200
2024-10-03,70.33000183105469,70.33000183105469,0.0,71.45999908447266,69.5,70.61000061035156,0.0,3652200
2024-10-04,71.54000091552734,71.54000091552734,0.0,72.68000030517578,70.93000030517578,72.2699966430664,0.0,4771800
2024-10-07,71.08999633789062,71.08999633789062,0.0,71.25,70.04000091552734,70.62000274658203,0.0,3790300
2024-10-08,70.52999877929688,70.52999877929688,0.0,71.13999938964844,69.45999908447266,70.83999633789062,0.0,3779200
2024-10-09,71.0,71.0,0.0,71.19000244140625,69.80999755859375,70.3499984741211,0.0,3873000
2024-10-10,70.30999755859375,70.30999755859375,0.0,70.38999938964844,69.16000366210938,69.87999725341797,0.0,4044800
2024-10-11,70.33000183105469,70.33000183105469,0.0,71.63999938964844,69.0,69.18000030517578,0.0,5136300
2024-10-14,72.79000091552734,72.79000091552734,0.0,72.97000122070312,70.04000091552734,71.0,0.0,4935100
2024-10-15,69.31999969482422,69.31999969482422,0.0,74.18000030517578,68.63999938964844,72.70999908447266,0.0,9303900
2024-10-16,69.02999877929688,69.02999877929688,0.0,71.20999908447266,68.91000366210938,70.66000366210938,0.0,7299700
2024-10-17,69.23999786376953,69.23999786376953,0.0,71.30000305175781,68.80000305175781,70.79000091552734,0.0,6293400
2024-10-18,68.48999786376953,68.48999786376953,0.0,70.56999969482422,68.29000091552734,70.45999908447266,0.0,5202400
2024-10-21,67.13999938964844,67.13999938964844,0.0,68.3499984741211,65.7699966430664,68.0999984741211,0.0,6743700
2024-10-22,66.54000091552734,66.54000091552734,0.0,67.05999755859375,65.68000030517578,66.66999816894531,0.0,6921400
2024-10-23,67.97000122070312,67.97000122070312,0.0,69.68000030517578,66.47000122070312,69.36000061035156,0.0,9256100
2024-10-24,70.08000183105469,70.08000183105469,0.0,70.13999938964844,68.36000061035156,69.52999877929688,0.0,7567000
2024-10-25,71.25,71.25,0.0,72.9800033569336,70.56999969482422,70.5999984741211,0.0,10772100
2024-10-28,72.23999786376953,72.23999786376953,0.0,75.19999694824219,66.62000274658203,67.30000305175781,0.0,16687300
2024-10-29,74.69999694824219,74.69999694824219,0.0,75.19999694824219,70.62000274658203,72.23999786376953,0.0,8222500
2024-10-30,73.62999725341797,73.62999725341797,0.0,76.05999755859375,72.81999969482422,73.6500015258789,0.0,8087700
2024-10-31,70.48999786376953,70.48999786376953,0.0,73.44000244140625,69.27999877929688,73.36000061035156,0.0,9975300
2024-11-01,70.98999786376953,70.98999786376953,0.0,72.5,70.16000366210938,70.5,0.0,5551200
2024-11-04,69.5,69.5,0.0,71.36000061035156,69.37000274658203,70.25,0.0,4008500
2024-11-05,70.19999694824219,70.19999694824219,0.0,70.61000061035156,68.4800033569336,69.33999633789062,0.0,5019600
2024-11-06,72.2699966430664,72.2699966430664,0.0,73.30000305175781,71.36000061035156,72.51000213623047,0.0,7771900
2024-11-07,72.05000305175781,72.05000305175781,0.0,73.45999908447266,71.94000244140625,73.1500015258789,0.0,5027700
2024-11-08,70.41000366210938,70.41000366210938,0.0,71.41999816894531,69.6500015258789,71.0,0.0,4742200
2024-11-11,69.95999908447266,69.95999908447266,0.0,71.01000213623047,68.80000305175781,71.0,0.0,6632600
2024-11-12,70.2300033569336,70.2300033569336,0.0,71.30000305175781,68.98999786376953,69.9000015258789,0.0,4852700
2024-11-13,68.48999786376953,68.48999786376953,0.0,69.80999755859375,67.83000183105469,69.0,0.0,5676400
2024-11-14,67.0199966430664,67.0199966430664,0.0,69.18000030517578,66.80000305175781,68.63999938964844,0.0,6420700
2024-11-15,64.76000213623047,64.76000213623047,0.0,66.83000183105469,64.58999633789062,66.30999755859375,0.0,6231100
2024-11-18,66.4800033569336,66.4800033569336,0.0,66.58000183105469,64.31999969482422,64.4800033569336,0.0,6371200
2024-11-19,66.6500015258789,66.6500015258789,0.0,67.22000122070312,66.0,66.47000122070312,0.0,5746300
2024-11-20,67.30999755859375,67.30999755859375,0.0,67.36000061035156,65.47000122070312,65.56999969482422,0.0,5098000
2024-11-21,68.47000122070312,68.47000122070312,0.0,69.12000274658203,66.44999694824219,67.9000015258789,0.0,4724600
2024-11-22,69.62000274658203,69.62000274658203,0.0,69.72000122070312,67.51000213623047,68.0199966430664,0.0,4092100
2024-11-25,72.38999938964844,72.38999938964844,0.0,73.48999786376953,70.30999755859375,71.16000366210938,0.0,6575600
2024-11-26,70.81999969482422,70.81999969482422,0.0,73.43000030517578,69.97000122070312,73.3499984741211,0.0,5136800
2024-11-27,70.3499984741211,70.3499984741211,0.0,71.33000183105469,69.13999938964844,70.30999755859375,0.0,3724400
2024-11-29,71.12000274658203,71.12000274658203,0.0,72.52999877929688,70.5999984741211,71.0,0.0,2900300
2024-12-02,73.94999694824219,73.94999694824219,0.0,74.5199966430664,70.75,71.0,0.0,6457100
2024-12-03,69.80999755859375,69.80999755859375,0.0,73.19000244140625,69.69000244140625,72.41999816894531,0.0,8883100
2024-12-04,65.97000122070312,65.97000122070312,0.0,70.51000213623047,65.3499984741211,70.51000213623047,0.0,13169500
2024-12-05,65.73999786376953,65.73999786376953,0.0,66.86000061035156,65.1500015258789,65.87999725341797,0.0,8527400
2024-12-06,66.5199966430664,66.5199966430664,0.0,67.04000091552734,65.91999816894531,66.27999877929688,0.0,5412000
2024-12-09,67.68000030517578,67.68000030517578,0.0,68.66000366210938,66.30000305175781,66.5199966430664,0.0,4963200
2024-12-10,66.33999633789062,66.33999633789062,0.0,68.11000061035156,66.05000305175781,67.9000015258789,0.0,4631600
2024-12-11,67.97000122070312,67.97000122070312,0.0,68.52999877929688,66.44000244140625,67.0,0.0,5698500
2024-12-12,67.11000061035156,67.11000061035156,0.0,67.5199966430664,66.26000213623047,66.9000015258789,0.0,4075800
2024-12-13,65.95999908447266,65.95999908447266,0.0,66.95999908447266,64.80000305175781,66.58000183105469,0.0,7179200
2024-12-16,66.44000244140625,66.44000244140625,0.0,67.27999877929688,64.94000244140625,65.4000015258789,0.0,6139800
2024-12-17,67.73999786376953,67.73999786376953,0.0,70.58000183105469,66.8499984741211,66.98999786376953,0.0,7810800
2024-12-18,64.93000030517578,64.93000030517578,0.0,69.2699966430664,64.62000274658203,67.88999938964844,0.0,9813100
2024-12-19,64.80000305175781,64.80000305175781,0.0,66.97000122070312,64.75,66.12999725341797,0.0,7630200
2024-12-20,65.5,65.5,0.0,66.86000061035156,63.939998626708984,64.22000122070312,0.0,12758500
2024-12-23,66.62999725341797,66.62999725341797,0.0,66.98999786376953,65.44999694824219,65.5,0.0,5257400
2024-12-24,67.9000015258789,67.9000015258789,0.0,67.91999816894531,66.41999816894531,66.62999725341797,0.0,3044800
2024-12-26,67.0199966430664,67.0199966430664,0.0,67.94999694824219,66.98999786376953,67.05000305175781,0.0,3659500
2024-12-27,66.01000213623047,66.01000213623047,0.0,67.05000305175781,65.4800033569336,66.69999694824219,0.0,4751900
2024-12-30,63.459999084472656,63.459999084472656,0.0,65.30999755859375,63.27000045776367,65.18000030517578,0.0,7230300
2024-12-31,63.04999923706055,63.04999923706055,0.0,64.2699966430664,62.779998779296875,63.790000915527344,0.0,4300000
2025-01-02,61.709999084472656,61.709999084472656,0.0,64.08999633789062,61.65999984741211,63.810001373291016,0.0,7392700
2025-01-03,63.90999984741211,63.90999984741211,0.0,64.47000122070312,61.58000183105469,61.95000076293945,0.0,6962700
2025-01-06,64.51000213623047,64.51000213623047,0.0,67.0,64.33000183105469,64.37999725341797,0.0,7368900
2025-01-07,62.72999954223633,62.72999954223633,0.0,65.25,62.31999969482422,64.77999877929688,0.0,9310400
2025-01-08,58.310001373291016,58.310001373291016,0.0,62.59000015258789,57.959999084472656,62.40999984741211,0.0,14868300
2025-01-10,53.939998626708984,53.939998626708984,0.0,56.599998474121094,53.599998474121094,56.380001068115234,0.0,17560000
2025-01-13,55.869998931884766,55.869998931884766,0.0,56.45000076293945,53.099998474121094,53.20000076293945,0.0,12195900
2025-01-14,55.18000030517578,55.18000030517578,0.0,56.459999084472656,54.5099983215332,55.27000045776367,0.0,6350600
2025-01-15,55.22999954223633,55.22999954223633,0.0,56.75,55.13999938964844,56.720001220703125,0.0,7968400
2025-01-16,53.5099983215332,53.5099983215332,0.0,55.47999954223633,53.459999084472656,55.20000076293945,0.0,8661000
2025-01-17,54.630001068115234,54.630001068115234,0.0,55.08000183105469,54.369998931884766,54.58000183105469,0.0,7298900
2025-01-21,55.61000061035156,55.61000061035156,0.0,56.11000061035156,54.869998931884766,55.099998474121094,0.0,6336200
2025-01-22,56.029998779296875,56.029998779296875,0.0,56.630001068115234,55.0,55.0,0.0,8091800
2025-01-23,56.2599983215332,56.2599983215332,0.0,56.29999923706055,54.65999984741211,55.04999923706055,0.0,9145800
2025-01-24,54.5,54.5,0.0,55.7400016784668,54.02000045776367,55.58000183105469,0.0,9237400
2025-01-27,53.939998626708984,53.939998626708984,0.0,56.279998779296875,53.470001220703125,54.88999938964844,0.0,12666400
2025-01-28,53.869998931884766,53.869998931884766,0.0,54.599998474121094,52.79999923706055,54.11000061035156,0.0,10463100
2025-01-29,53.77000045776367,53.77000045776367,0.0,54.4900016784668,53.099998474121094,54.040000915527344,0.0,5513500
2025-01-30,53.27000045776367,53.27000045776367,0.0,53.68000030517578,51.810001373291016,53.56999969482422,0.0,8385400
2025-01-31,52.34000015258789,52.34000015258789,0.0,53.72999954223633,51.95000076293945,53.040000915527344,0.0,6396500
2025-02-03,50.2599983215332,50.2599983215332,0.0,51.459999084472656,49.79999923706055,50.650001525878906,0.0,8078700
2025-02-04,50.58000183105469,50.58000183105469,0.0,51.33000183105469,50.16999816894531,50.68000030517578,0.0,5660000
2025-02-05,51.720001220703125,51.720001220703125,0.0,51.779998779296875,49.88999938964844,50.220001220703125,0.0,6142800
2025-02-06,52.439998626708984,52.439998626708984,0.0,52.779998779296875,51.93000030517578,52.20000076293945,0.0,8149200
2025-02-07,51.25,51.25,0.0,53.58000183105469,50.439998626708984,52.27000045776367,0.0,13250600
2025-02-10,47.040000915527344,47.040000915527344,0.0,51.0,46.56999969482422,50.939998626708984,0.0,23762900
2025-02-11,47.93000030517578,47.93000030517578,0.0,48.95000076293945,46.790000915527344,46.970001220703125,0.0,11150500
2025-02-12,50.060001373291016,50.060001373291016,0.0,50.18000030517578,47.2599983215332,47.290000915527344,0.0,9413900
2025-02-13,50.91999816894531,50.91999816894531,0.0,50.970001220703125,49.70000076293945,50.060001373291016,0.0,7400100
2025-02-14,51.83000183105469,51.83000183105469,0.0,51.880001068115234,50.84000015258789,51.16999816894531,0.0,5963800
2025-02-18,51.95000076293945,51.95000076293945,0.0,52.959999084472656,51.900001525878906,52.08000183105469,0.0,7766500
2025-02-19,55.52000045776367,55.52000045776367,0.0,56.36000061035156,52.0,52.25,0.0,15289900
2025-02-20,55.7400016784668,55.7400016784668,0.0,57.77000045776367,55.09000015258789,56.25,0.0,9393400
2025-02-21,54.04999923706055,54.04999923706055,0.0,56.66999816894531,53.630001068115234,56.29999923706055,0.0,10983000
2025-02-24,53.400001525878906,53.400001525878906,0.0,54.38999938964844,52.7599983215332,54.33000183105469,0.0,9153100
2025-02-25,51.220001220703125,51.220001220703125,0.0,53.95000076293945,51.060001373291016,53.630001068115234,0.0,8855400
2025-02-26,50.54999923706055,50.54999923706055,0.0,51.40999984741211,49.63999938964844,51.0,0.0,9675300
2025-02-27,47.380001068115234,47.380001068115234,0.0,50.61000061035156,46.9900016784668,50.119998931884766,0.0,12453800
2025-02-28,47.04999923706055,47.04999923706055,0.0,48.52000045776367,46.040000915527344,47.939998626708984,0.0,13110600
2025-03-03,44.90999984741211,44.90999984741211,0.0,48.0099983215332,44.66999816894531,47.59000015258789,0.0,12104200
2025-03-04,44.4900016784668,44.4900016784668,0.0,45.7400016784668,43.939998626708984,45.09000015258789,0.0,10433100
2025-03-05,46.4900016784668,46.4900016784668,0.0,46.56999969482422,45.02000045776367,45.529998779296875,0.0,8672400
2025-03-06,43.880001068115234,43.880001068115234,0.0,45.06999969482422,43.33000183105469,44.34000015258789,0.0,12563300
2025-03-07,45.400001525878906,45.400001525878906,0.0,46.040000915527344,43.58000183105469,43.869998931884766,0.0,10341800
2025-03-10,44.15999984741211,44.15999984741211,0.0,44.959999084472656,43.560001373291016,44.220001220703125,0.0,10971100
2025-03-11,42.86000061035156,42.86000061035156,0.0,44.70000076293945,41.849998474121094,44.380001068115234,0.0,9016100
2025-03-12,42.849998474121094,42.849998474121094,0.0,43.68000030517578,42.52000045776367,43.2599983215332,0.0,6693600
2025-03-13,42.150001525878906,42.150001525878906,0.0,43.779998779296875,41.59000015258789,42.709999084472656,0.0,6256500
2025-03-14,43.189998626708984,43.189998626708984,0.0,43.439998626708984,42.349998474121094,42.9900016784668,0.0,6639800
2025-03-17,44.04999923706055,44.04999923706055,0.0,44.41999816894531,42.90999984741211,43.060001373291016,0.0,6696700
2025-03-18,43.41999816894531,43.41999816894531,0.0,43.959999084472656,42.849998474121094,43.459999084472656,0.0,5278500
2025-03-19,43.58000183105469,43.58000183105469,0.0,44.439998626708984,43.290000915527344,43.61000061035156,0.0,5041200
2025-03-20,43.20000076293945,43.20000076293945,0.0,43.83000183105469,42.72999954223633,43.0099983215332,0.0,6432200
2025-03-21,43.779998779296875,43.779998779296875,0.0,44.0,41.900001525878906,42.2599983215332,0.0,17838900
2025-03-24,45.68000030517578,45.68000030517578,0.0,46.2400016784668,45.130001068115234,45.33000183105469,0.0,9943800
2025-03-25,45.310001373291016,45.310001373291016,0.0,45.880001068115234,44.97999954223633,45.43000030517578,0.0,4759100
2025-03-26,45.040000915527344,45.040000915527344,0.0,45.63999938964844,44.060001373291016,45.11000061035156,0.0,8456700
2025-03-27,43.7599983215332,43.7599983215332,0.0,45.0099983215332,43.72999954223633,44.630001068115234,0.0,6424100
2025-03-28,40.939998626708984,40.939998626708984,0.0,43.33000183105469,40.619998931884766,43.119998931884766,0.0,10439200
2025-03-31,40.689998626708984,40.689998626708984,0.0,41.540000915527344,39.36000061035156,40.54999923706055,0.0,8999100
2025-04-01,40.20000076293945,40.20000076293945,0.0,40.58000183105469,39.099998474121094,40.5099983215332,0.0,7432500
2025-04-02,40.7599983215332,40.7599983215332,0.0,41.59000015258789,39.18000030517578,39.59000015258789,0.0,5689800
2025-04-03,35.560001373291016,35.560001373291016,0.0,39.22999954223633,35.5,38.7599983215332,0.0,14923900
2025-04-04,33.70000076293945,33.70000076293945,0.0,35.5099983215332,33.209999084472656,34.459999084472656,0.0,14294900
2025-04-07,35.08000183105469,35.08000183105469,0.0,36.90999984741211,32.20000076293945,33.380001068115234,0.0,18919300
2025-04-08,31.950000762939453,31.950000762939453,0.0,36.650001525878906,31.040000915527344,35.810001373291016,0.0,14238500
2025-04-09,39.20000076293945,39.20000076293945,0.0,39.59000015258789,31.68000030517578,32.31999969482422,0.0,28303700
2025-04-10,34.880001068115234,34.880001068115234,0.0,37.099998474121094,33.2400016784668,36.58000183105469,0.0,18006300
2025-04-11,35.08000183105469,35.08000183105469,0.0,35.16999816894531,32.099998474121094,33.77000045776367,0.0,20276400
2025-04-14,35.619998931884766,35.619998931884766,0.0,36.36000061035156,34.810001373291016,35.86000061035156,0.0,9912100
2025-04-15,35.849998474121094,35.849998474121094,0.0,36.68000030517578,35.060001373291016,35.83000183105469,0.0,6708200
2025-04-16,34.25,34.25,0.0,35.52000045776367,32.849998474121094,34.56999969482422,0.0,13049600
2025-04-17,34.63999938964844,34.63999938964844,0.0,34.81999969482422,33.650001525878906,34.40999984741211,0.0,5827000
2025-04-21,34.7400016784668,34.7400016784668,0.0,34.86000061035156,33.20000076293945,33.70000076293945,0.0,7885400
2025-04-22,35.45000076293945,35.45000076293945,0.0,36.099998474121094,34.72999954223633,35.09000015258789,0.0,8826400
2025-04-23,36.619998931884766,36.619998931884766,0.0,37.779998779296875,36.27000045776367,37.0,0.0,8946500
2025-04-24,39.959999084472656,39.959999084472656,0.0,40.04999923706055,38.13999938964844,38.560001373291016,0.0,13190000
2025-04-25,39.630001068115234,39.630001068115234,0.0,40.22999954223633,38.7599983215332,39.380001068115234,0.0,7558400
2025-04-28,40.040000915527344,40.040000915527344,0.0,40.33000183105469,38.689998626708984,39.43000030517578,0.0,6089100
2025-04-29,38.86000061035156,38.86000061035156,0.0,39.459999084472656,38.29999923706055,38.90999984741211,0.0,7914300
2025-04-30,39.70000076293945,39.70000076293945,0.0,39.83000183105469,37.470001220703125,37.939998626708984,0.0,7283600
2025-05-01,39.599998474121094,39.599998474121094,0.0,40.7400016784668,39.5,40.22999954223633,0.0,10202100
2025-05-02,41.90999984741211,41.90999984741211,0.0,42.25,40.560001373291016,40.59000015258789,0.0,14142000
2025-05-05,38.40999984741211,38.40999984741211,0.0,40.7599983215332,37.63999938964844,40.52000045776367,0.0,24182500
2025-05-06,38.5099983215332,38.5099983215332,0.0,39.189998626708984,37.189998626708984,38.04999923706055,0.0,13529300
2025-05-07,38.79999923706055,38.79999923706055,0.0,38.95000076293945,37.560001373291016,38.900001525878906,0.0,9662600
2025-05-08,39.77000045776367,39.77000045776367,0.0,40.38999938964844,38.689998626708984,39.29999923706055,0.0,9997400
2025-05-09,40.97999954223633,40.97999954223633,0.0,42.09000015258789,40.31999969482422,40.400001525878906,0.0,11721800
2025-05-12,44.619998931884766,44.619998931884766,0.0,45.310001373291016,43.36000061035156,43.45000076293945,0.0,17347500
2025-05-13,45.77000045776367,45.77000045776367,0.0,46.59000015258789,44.7400016784668,44.77000045776367,0.0,12019200
2025-05-14,45.20000076293945,45.20000076293945,0.0,46.20000076293945,44.81999969482422,45.95000076293945,0.0,7065800
2025-05-15,44.52000045776367,44.52000045776367,0.0,44.95000076293945,43.779998779296875,44.70000076293945,0.0,6833600
2025-05-16,44.91999816894531,44.91999816894531,0.0,44.959999084472656,43.93000030517578,44.5099983215332,0.0,5478000
2025-05-19,43.84000015258789,43.84000015258789,0.0,44.189998626708984,43.5099983215332,43.54999923706055,0.0,5973600
2025-05-20,44.2599983215332,44.2599983215332,0.0,44.290000915527344,43.400001525878906,43.470001220703125,0.0,5360900
2025-05-21,43.65999984741211,43.65999984741211,0.0,45.47999954223633,43.31999969482422,44.2599983215332,0.0,8595800
2025-05-22,42.290000915527344,42.290000915527344,0.0,44.58000183105469,42.029998779296875,44.5,0.0,12463200
2025-05-23,41.27000045776367,41.27000045776367,0.0,41.52000045776367,40.619998931884766,40.65999984741211,0.0,9856900
2025-05-27,43.400001525878906,43.400001525878906,0.0,43.869998931884766,41.77000045776367,42.36000061035156,0.0,9662800
2025-05-28,42.849998474121094,42.849998474121094,0.0,43.779998779296875,42.65999984741211,43.52000045776367,0.0,5674500
2025-05-29,42.939998626708984,42.939998626708984,0.0,44.11000061035156,42.61000061035156,43.72999954223633,0.0,4847000
2025-05-30,42.02000045776367,42.02000045776367,0.0,42.83000183105469,41.630001068115234,42.66999816894531,0.0,10184900
2025-06-02,42.540000915527344,42.540000915527344,0.0,42.83000183105469,41.4900016784668,41.81999969482422,0.0,6894000
2025-06-03,47.369998931884766,47.369998931884766,0.0,47.560001373291016,41.880001068115234,42.5099983215332,0.0,24131400
2025-06-04,50.279998779296875,50.279998779296875,0.0,51.099998474121094,47.720001220703125,48.34000015258789,0.0,28183500
2025-06-05,49.540000915527344,49.540000915527344,0.0,51.04999923706055,48.939998626708984,50.52000045776367,0.0,11932600
2025-06-06,50.16999816894531,50.16999816894531,0.0,51.29999923706055,50.04999923706055,50.34000015258789,0.0,8142500
2025-06-09,52.380001068115234,52.380001068115234,0.0,52.88999938964844,50.66999816894531,50.66999816894531,0.0,12125200
2025-06-10,53.79999923706055,53.79999923706055,0.0,54.38999938964844,52.27000045776367,52.459999084472656,0.0,11524200
2025-06-11,51.779998779296875,51.779998779296875,0.0,54.439998626708984,51.130001068115234,54.290000915527344,0.0,10484600
2025-06-12,52.97999954223633,52.97999954223633,0.0,53.189998626708984,51.0,51.15999984741211,0.0,9889300
2025-06-13,51.02000045776367,51.02000045776367,0.0,52.15999984741211,50.939998626708984,51.5099983215332,0.0,9657700
2025-06-16,53.880001068115234,53.880001068115234,0.0,53.97999954223633,52.209999084472656,52.38999938964844,0.0,8441300
2025-06-17,52.939998626708984,52.939998626708984,0.0,55.0099983215332,52.650001525878906,53.279998779296875,0.0,8776300
2025-06-18,52.2599983215332,52.2599983215332,0.0,53.650001525878906,51.689998626708984,53.13999938964844,0.0,7176300
2025-06-20,52.81999969482422,52.81999969482422,0.0,53.84000015258789,52.279998779296875,53.63999938964844,0.0,12894100
2025-06-23,53.16999816894531,53.16999816894531,0.0,53.7599983215332,51.97999954223633,52.650001525878906,0.0,5670700
2025-06-24,54.209999084472656,54.209999084472656,0.0,54.880001068115234,53.790000915527344,54.060001373291016,0.0,7440700
2025-06-25,53.7400016784668,53.7400016784668,0.0,54.209999084472656,52.599998474121094,54.15999984741211,0.0,8291700
2025-06-26,53.650001525878906,53.650001525878906,0.0,54.08000183105469,53.439998626708984,54.0099983215332,0.0,6880600
2025-06-27,52.93000030517578,52.93000030517578,0.0,54.13999938964844,52.20000076293945,53.91999816894531,0.0,7896100
2025-06-30,52.40999984741211,52.40999984741211,0.0,53.27000045776367,52.31999969482422,53.27000045776367,0.0,7095400
2025-07-01,53.599998474121094,53.599998474121094,0.0,54.869998931884766,51.529998779296875,51.810001373291016,0.0,8777300
2025-07-02,55.95000076293945,55.95000076293945,0.0,56.279998779296875,53.90999984741211,54.709999084472656,0.0,10429800
2025-07-03,56.599998474121094,56.599998474121094,0.0,57.130001068115234,55.630001068115234,56.38999938964844,0.0,5572200
2025-07-07,54.61000061035156,54.61000061035156,0.0,56.22999954223633,54.15999984741211,55.38999938964844,0.0,7829300
2025-07-08,57.619998931884766,57.619998931884766,0.0,57.95000076293945,55.38999938964844,55.83000183105469,0.0,8976200
2025-07-09,57.77000045776367,57.77000045776367,0.0,58.380001068115234,56.689998626708984,56.97999954223633,0.0,7053900
2025-07-10,59.52000045776367,59.52000045776367,0.0,60.09000015258789,57.720001220703125,58.22999954223633,0.0,8442600
2025-07-11,59.72999954223633,59.72999954223633,0.0,59.93000030517578,58.36000061035156,58.79999923706055,0.0,6356400
2025-07-14,59.06999969482422,59.06999969482422,0.0,59.63999938964844,57.90999984741211,59.130001068115234,0.0,6519300
2025-07-15,58.93000030517578,58.93000030517578,0.0,60.58000183105469,58.65999984741211,60.25,0.0,7833900
2025-07-16,59.52000045776367,59.52000045776367,0.0,59.619998931884766,57.52000045776367,59.08000183105469,0.0,6597800
2025-07-17,59.40999984741211,59.40999984741211,0.0,59.66999816894531,58.61000061035156,59.310001373291016,0.0,5071900
2025-07-18,60.720001220703125,60.720001220703125,0.0,60.93000030517578,59.209999084472656,59.7400016784668,0.0,5753200
2025-07-21,60.54999923706055,60.54999923706055,0.0,63.029998779296875,60.52000045776367,61.27000045776367,0.0,7977500
2025-07-22,62.45000076293945,62.45000076293945,0.0,63.630001068115234,59.75,59.790000915527344,0.0,11719300
2025-07-23,59.61000061035156,59.61000061035156,0.0,60.56999969482422,57.0099983215332,60.40999984741211,0.0,16353600
2025-07-24,55.439998626708984,55.439998626708984,0.0,56.279998779296875,54.540000915527344,56.060001373291016,0.0,16152200
2025-07-25,56.91999816894531,56.91999816894531,0.0,56.970001220703125,55.41999816894531,55.7400016784668,0.0,8073400
2025-07-28,58.65999984741211,58.65999984741211,0.0,59.279998779296875,57.349998474121094,57.459999084472656,0.0,9870300
2025-07-29,58.380001068115234,58.380001068115234,0.0,60.369998931884766,58.27000045776367,59.5,0.0,9417400
2025-07-30,58.04999923706055,58.04999923706055,0.0,58.880001068115234,57.2400016784668,58.790000915527344,0.0,7337800
2025-07-31,56.36000061035156,56.36000061035156,0.0,57.95000076293945,55.52000045776367,57.16999816894531,0.0,11036000
2025-08-01,56.81999969482422,56.81999969482422,0.0,57.40999984741211,54.349998474121094,55.68000030517578,0.0,14304800
2025-08-04,47.970001220703125,47.970001220703125,0.0,54.84000015258789,47.31999969482422,54.0,0.0,30528800
2025-08-05,47.2400016784668,47.2400016784668,0.0,48.88999938964844,47.15999984741211,48.40999984741211,0.0,14939600
2025-08-06,46.97999954223633,46.97999954223633,0.0,47.689998626708984,46.349998474121094,46.900001525878906,0.0,10633000
2025-08-07,47.59000015258789,47.59000015258789,0.0,48.68000030517578,47.279998779296875,47.970001220703125,0.0,10115300
2025-08-08,47.65999984741211,47.65999984741211,0.0,48.2400016784668,46.93000030517578,47.599998474121094,0.0,7813900
2025-08-11,47.099998474121094,47.099998474121094,0.0,49.04999923706055,46.97999954223633,48.0,0.0,8317800
2025-08-12,50.0099983215332,50.0099983215332,0.0,51.22999954223633,48.0099983215332,48.06999969482422,0.0,13411000
2025-08-13,51.88999938964844,51.88999938964844,0.0,52.09000015258789,50.20000076293945,50.29999923706055,0.0,8736500
2025-08-14,51.619998931884766,51.619998931884766,0.0,52.029998779296875,49.709999084472656,50.79999923706055,0.0,7110100
2025-08-15,51.09000015258789,51.09000015258789,0.0,52.11000061035156,50.84000015258789,52.11000061035156,0.0,7573000
2025-08-18,50.529998779296875,50.529998779296875,0.0,51.2400016784668,50.5099983215332,51.0,0.0,4693700
2025-08-19,49.77000045776367,49.77000045776367,0.0,51.34000015258789,49.54999923706055,50.709999084472656,0.0,5745600
2025-08-20,49.470001220703125,49.470001220703125,0.0,49.9900016784668,48.310001373291016,49.66999816894531,0.0,10329700
2025-08-21,48.810001373291016,48.810001373291016,0.0,49.45000076293945,48.59000015258789,48.91999816894531,0.0,4746700
2025-08-22,51.849998474121094,51.849998474121094,0.0,52.33000183105469,49.33000183105469,49.33000183105469,0.0,9738300
2025-08-25,50.95000076293945,50.95000076293945,0.0,51.689998626708984,50.619998931884766,51.63999938964844,0.0,5665600
2025-08-26,50.9900016784668,50.9900016784668,0.0,51.45000076293945,50.16999816894531,50.849998474121094,0.0,5683400
2025-08-27,51.25,51.25,0.0,51.33000183105469,50.189998626708984,50.459999084472656,0.0,6144000
2025-08-28,50.779998779296875,50.779998779296875,0.0,52.220001220703125,49.75,51.959999084472656,0.0,7815400
2025-08-29,49.59000015258789,49.59000015258789,0.0,50.619998931884766,49.439998626708984,50.27000045776367,0.0,7524200
2025-09-02,48.939998626708984,48.939998626708984,0.0,48.959999084472656,47.630001068115234,48.150001525878906,0.0,6097600
2025-09-03,47.790000915527344,47.790000915527344,0.0,49.38999938964844,46.5,48.95000076293945,0.0,9988900
2025-09-04,48.060001373291016,48.060001373291016,0.0,48.220001220703125,46.619998931884766,47.63999938964844,0.0,6393400
2025-09-05,49.11000061035156,49.11000061035156,0.0,50.08000183105469,47.939998626708984,48.34000015258789,0.0,7221000
2025-09-08,48.880001068115234,48.880001068115234,0.0,49.61000061035156,47.84000015258789,49.61000061035156,0.0,4982800
2025-09-09,48.619998931884766,48.619998931884766,0.0,49.22999954223633,48.33000183105469,48.849998474121094,0.0,3953000
2025-09-10,48.130001068115234,48.130001068115234,0.0,49.529998779296875,47.72999954223633,48.650001525878906,0.0,6387800
2025-09-11,49.02000045776367,49.02000045776367,0.0,49.279998779296875,48.08000183105469,48.45000076293945,0.0,7051200
2025-09-12,48.2599983215332,48.2599983215332,0.0,49.119998931884766,48.04999923706055,48.939998626708984,0.0,4283200
2025-09-15,48.11000061035156,48.11000061035156,0.0,48.81999969482422,47.20000076293945,48.25,0.0,9330200
2025-09-16,49.560001373291016,49.560001373291016,0.0,49.84000015258789,48.33000183105469,48.5,0.0,8170100
2025-09-17,49.79999923706055,49.79999923706055,0.0,51.599998474121094,49.029998779296875,49.59000015258789,0.0,6154700
2025-09-18,51.83000183105469,51.83000183105469,0.0,52.619998931884766,50.66999816894531,51.400001525878906,0.0,10782400
2025-09-19,51.06999969482422,51.06999969482422,0.0,51.650001525878906,50.310001373291016,51.61000061035156,0.0,18145200
2025-09-22,51.5,51.5,0.0,52.18000030517578,51.06999969482422,51.22999954223633,0.0,6140700
2025-09-23,50.41999816894531,50.41999816894531,0.0,52.81999969482422,50.369998931884766,51.880001068115234,0.0,9373800
2025-09-24,50.939998626708984,50.939998626708984,0.0,51.47999954223633,50.130001068115234,50.41999816894531,0.0,5519700
2025-09-25,49.77000045776367,49.77000045776367,0.0,50.310001373291016,49.20000076293945,50.310001373291016,0.0,7393100
2025-09-26,50.15999984741211,50.15999984741211,0.0,50.380001068115234,49.130001068115234,49.58000183105469,0.0,6151700
2025-09-29,49.7599983215332,49.7599983215332,0.0,50.900001525878906,49.68000030517578,50.79999923706055,0.0,5515100
2025-09-30,49.310001373291016,49.310001373291016,0.0,49.619998931884766,47.900001525878906,49.5,0.0,8570500
2025-10-01,48.349998474121094,48.349998474121094,0.0,50.06999969482422,47.939998626708984,49.349998474121094,0.0,8415200
2025-10-02,48.7400016784668,48.7400016784668,0.0,49.86000061035156,48.09000015258789,49.150001525878906,0.0,9707600
2025-10-03,49.27000045776367,49.27000045776367,0.0,49.91999816894531,48.81999969482422,49.029998779296875,0.0,5297900
2025-10-06,50.349998474121094,50.349998474121094,0.0,50.70000076293945,48.84000015258789,50.130001068115234,0.0,7677700
2025-10-07,48.16999816894531,48.16999816894531,0.0,50.65999984741211,47.72999954223633,50.4900016784668,0.0,8626400
2025-10-08,50.880001068115234,50.880001068115234,0.0,51.2599983215332,48.27000045776367,48.439998626708984,0.0,8823400
2025-10-09,49.970001220703125,49.970001220703125,0.0,51.150001525878906,49.119998931884766,50.880001068115234,0.0,5385600
2025-10-10,45.7400016784668,45.7400016784668,0.0,50.4900016784668,45.63999938964844,50.0,0.0,13823800
2025-10-13,50.11000061035156,50.11000061035156,0.0,50.65999984741211,47.599998474121094,47.900001525878906,0.0,11877100
2025-10-14,49.540000915527344,49.540000915527344,0.0,51.189998626708984,48.68000030517578,48.7400016784668,0.0,7921600
2025-10-15,50.36000061035156,50.36000061035156,0.0,51.470001220703125,49.38999938964844,50.619998931884766,0.0,6547800
2025-10-16,52.970001220703125,52.970001220703125,0.0,53.15999984741211,50.70000076293945,50.970001220703125,0.0,11164700
2025-10-17,52.529998779296875,52.529998779296875,0.0,53.06999969482422,51.220001220703125,52.970001220703125,0.0,8037800
2025-10-20,54.88999938964844,54.88999938964844,0.0,55.9900016784668,53.099998474121094,53.349998474121094,0.0,9631000
2025-10-21,55.08000183105469,55.08000183105469,0.0,55.5,53.41999816894531,54.70000076293945,0.0,9780700
2025-10-22,51.93000030517578,51.93000030517578,0.0,54.52000045776367,51.65999984741211,53.189998626708984,0.0,11598900
2025-10-23,51.779998779296875,51.779998779296875,0.0,52.65999984741211,50.22999954223633,50.36000061035156,0.0,12574100
2025-10-24,50.709999084472656,50.709999084472656,0.0,52.619998931884766,50.66999816894531,52.5,0.0,8634400
2025-10-27,52.68000030517578,52.68000030517578,0.0,54.68000030517578,51.61000061035156,51.84000015258789,0.0,9288100
2025-10-28,51.79999923706055,51.79999923706055,0.0,52.58000183105469,51.099998474121094,52.5,0.0,6843400
2025-10-29,51.400001525878906,51.400001525878906,0.0,52.54999923706055,51.029998779296875,52.29999923706055,0.0,9858200
2025-10-30,50.849998474121094,50.849998474121094,0.0,51.880001068115234,50.83000183105469,51.18000030517578,0.0,9139600
2025-10-31,50.08000183105469,50.08000183105469,0.0,51.75,49.95000076293945,51.0,0.0,11637300
2025-11-03,50.459999084472656,50.459999084472656,0.0,52.2599983215332,47.9900016784668,49.529998779296875,0.0,18062200
2025-11-04,48.279998779296875,48.279998779296875,0.0,51.16999816894531,47.869998931884766,50.29999923706055,0.0,12690200
2025-11-05,50.08000183105469,50.08000183105469,0.0,51.18000030517578,48.540000915527344,48.849998474121094,0.0,8948700
2025-11-06,48.79999923706055,48.79999923706055,0.0,50.56999969482422,47.77000045776367,49.97999954223633,0.0,9214500
2025-11-07,47.83000183105469,47.83000183105469,0.0,48.34000015258789,46.310001373291016,47.9900016784668,0.0,10824500
2025-11-10,48.540000915527344,48.540000915527344,0.0,49.189998626708984,47.75,49.04999923706055,0.0,6228500
2025-11-11,48.43000030517578,48.43000030517578,0.0,48.95000076293945,47.849998474121094,48.560001373291016,0.0,5535100
2025-11-12,49.27000045776367,49.27000045776367,0.0,50.0099983215332,48.560001373291016,49.2400016784668,0.0,6493400
2025-11-13,48.130001068115234,48.130001068115234,0.0,50.31999969482422,47.439998626708984,48.86000061035156,0.0,8318300
2025-11-14,46.91999816894531,46.91999816894531,0.0,48.400001525878906,46.5099983215332,47.06999969482422,0.0,5565300
2025-11-17,46.02000045776367,46.02000045776367,0.0,47.290000915527344,45.369998931884766,46.529998779296875,0.0,7961000
2025-11-18,45.560001373291016,45.560001373291016,0.0,46.040000915527344,44.849998474121094,45.58000183105469,0.0,7133100
2025-11-19,46.119998931884766,46.119998931884766,0.0,47.72999954223633,45.959999084472656,47.15999984741211,0.0,11871300
2025-11-20,44.900001525878906,44.900001525878906,0.0,47.150001525878906,44.689998626708984,46.4900016784668,0.0,10385600
2025-11-21,46.70000076293945,46.70000076293945,0.0,47.65999984741211,44.560001373291016,45.16999816894531,0.0,14423200
2025-11-24,47.38999938964844,47.38999938964844,0.0,47.97999954223633,46.68000030517578,47.189998626708984,0.0,12237900
2025-11-25,48.310001373291016,48.310001373291016,0.0,48.709999084472656,47.060001373291016,47.459999084472656,0.0,6389700
2025-11-26,49.63999938964844,49.63999938964844,0.0,50.33000183105469,48.20000076293945,48.29999923706055,0.0,8294200
2025-11-28,50.2400016784668,50.2400016784668,0.0,50.470001220703125,49.47999954223633,49.900001525878906,0.0,3635800
2025-12-01,50.43000030517578,50.43000030517578,0.0,51.33000183105469,49.2599983215332,49.4900016784668,0.0,6458900
2025-12-02,51.47999954223633,51.47999954223633,0.0,51.97999954223633,49.130001068115234,50.58000183105469,0.0,11945000
2025-12-03,57.150001525878906,57.150001525878906,0.0,57.52000045776367,51.4900016784668,51.58000183105469,0.0,13562500
2025-12-04,54.790000915527344,54.790000915527344,0.0,57.040000915527344,54.34000015258789,56.95000076293945,0.0,11174500
2025-12-05,54.7400016784668,54.7400016784668,0.0,56.119998931884766,54.66999816894531,55.16999816894531,0.0,7168500
2025-12-08,56.380001068115234,56.380001068115234,0.0,56.70000076293945,55.13999938964844,55.13999938964844,0.0,7224000
2025-12-09,55.22999954223633,55.22999954223633,0.0,56.25,55.150001525878906,55.61000061035156,0.0,5893600
2025-12-10,55.099998474121094,55.099998474121094,0.0,56.02000045776367,54.400001525878906,55.04999923706055,0.0,7466500
2025-12-11,55.970001220703125,55.970001220703125,0.0,56.31999969482422,54.880001068115234,55.0,0.0,7069900
2025-12-12,54.959999084472656,54.959999084472656,0.0,56.77000045776367,54.66999816894531,56.040000915527344,0.0,11623800
2025-12-15,55.09000015258789,55.09000015258789,0.0,55.36000061035156,54.349998474121094,55.18000030517578,0.0,8070900
2025-12-16,54.560001373291016,54.560001373291016,0.0,55.02000045776367,53.099998474121094,54.95000076293945,0.0,7916900
2025-12-17,53.33000183105469,53.33000183105469,0.0,55.18000030517578,53.119998931884766,54.540000915527344,0.0,7931300
2025-12-18,54.34000015258789,54.34000015258789,0.0,55.310001373291016,54.13999938964844,54.970001220703125,0.0,9963500
2025-12-19,55.209999084472656,55.209999084472656,0.0,55.29999923706055,54.369998931884766,54.5,0.0,45460700
2025-12-22,56.369998931884766,56.369998931884766,0.0,56.400001525878906,55.130001068115234,55.65999984741211,0.0,7433000
2025-12-23,55.689998626708984,55.689998626708984,0.0,56.4900016784668,55.119998931884766,56.0,0.0,4941000
2025-12-24,55.08000183105469,55.08000183105469,0.0,55.959999084472656,54.869998931884766,55.790000915527344,0.0,2083400
2025-12-26,54.93000030517578,54.93000030517578,0.0,55.61000061035156,54.84000015258789,55.189998626708984,0.0,3433600
2025-12-29,54.02000045776367,54.02000045776367,0.0,55.02000045776367,53.5,54.599998474121094,0.0,3665000
2025-12-30,54.2400016784668,54.2400016784668,0.0,54.66999816894531,54.099998474121094,54.34000015258789,0.0,3055300
2025-12-31,54.150001525878906,54.150001525878906,0.0,54.599998474121094,54.0,54.2400016784668,0.0,3794000
2026-01-02,56.70000076293945,56.70000076293945,0.0,57.33000183105469,55.16999816894531,55.25,0.0,8044300
2026-01-05,58.689998626708984,58.689998626708984,0.0,60.06999969482422,57.33000183105469,57.52000045776367,0.0,10617100
2026-01-06,61.7599983215332,61.7599983215332,0.0,62.77000045776367,60.209999084472656,61.0,0.0,16542200
2026-01-07,61.88999938964844,61.88999938964844,0.0,62.34000015258789,60.5,61.25,0.0,14419200
2026-01-08,60.88999938964844,60.88999938964844,0.0,61.34000015258789,59.72999954223633,61.18000030517578,0.0,10150500
2026-01-09,62.15999984741211,62.15999984741211,0.0,62.77000045776367,61.02000045776367,61.61000061035156,0.0,8930400
2026-01-12,58.75,58.75,0.0,61.970001220703125,58.189998626708984,61.91999816894531,0.0,9511300
2026-01-13,59.40999984741211,59.40999984741211,0.0,60.47999954223633,58.599998474121094,58.79999923706055,0.0,6161500
2026-01-14,60.58000183105469,60.58000183105469,0.0,61.20000076293945,59.209999084472656,59.310001373291016,0.0,5829000
2026-01-15,60.279998779296875,60.279998779296875,0.0,61.9900016784668,60.2400016784668,60.68000030517578,0.0,7065500
2026-01-16,60.33000183105469,60.33000183105469,0.0,61.77000045776367,60.22999954223633,61.189998626708984,0.0,6094200
2026-01-20,60.060001373291016,60.060001373291016,0.0,61.220001220703125,59.150001525878906,59.34000015258789,0.0,6892100
2026-01-21,63.130001068115234,63.130001068115234,0.0,63.84000015258789,60.90999984741211,61.189998626708984,0.0,11094000
2026-01-22,63.06999969482422,63.06999969482422,0.0,65.7699966430664,62.66999816894531,64.9800033569336,0.0,8657300
2026-01-23,61.97999954223633,61.97999954223633,0.0,63.84000015258789,60.83000183105469,63.630001068115234,0.0,6633400
2026-01-26,61.130001068115234,61.130001068115234,0.0,61.81999969482422,60.5,61.810001373291016,0.0,6086400
2026-01-27,62.630001068115234,62.630001068115234,0.0,63.08000183105469,61.84000015258789,62.02000045776367,0.0,6955300
2026-01-28,64.93000030517578,64.93000030517578,0.0,66.86000061035156,64.26000213623047,64.77999877929688,0.0,11504000
2026-01-29,62.20000076293945,62.20000076293945,0.0,64.16000366210938,61.310001373291016,63.75,0.0,9636700
2026-01-30,59.88999938964844,59.88999938964844,0.0,62.25,59.08000183105469,61.61000061035156,0.0,13349900
2026-02-02,61.529998779296875,61.529998779296875,0.0,62.33000183105469,59.599998474121094,59.77000045776367,0.0,7687100
2026-02-03,59.43000030517578,59.43000030517578,0.0,61.18000030517578,57.59000015258789,60.849998474121094,0.0,11065100
2026-02-04,62.060001373291016,62.060001373291016,0.0,62.72999954223633,58.7400016784668,59.0,0.0,14994600
2026-02-05,63.099998474121094,63.099998474121094,0.0,63.13999938964844,60.849998474121094,61.439998626708984,0.0,10668400
2026-02-06,65.19999694824219,65.19999694824219,0.0,65.44999694824219,63.310001373291016,64.20999908447266,0.0,13001400
2026-02-09,65.0999984741211,65.0999984741211,0.0,65.91999816894531,64.62000274658203,64.81999969482422,0.0,13056100
2026-02-10,67.37999725341797,67.37999725341797,0.0,68.80000305175781,64.1500015258789,64.73999786376953,0.0,19279300
2026-02-11,71.18000030517578,71.18000030517578,0.0,71.68000030517578,68.75,69.23999786376953,0.0,12273000
2026-02-12,70.62999725341797,70.62999725341797,0.0,73.62999725341797,70.16999816894531,71.05000305175781,0.0,12949600
2026-02-13,72.20999908447266,72.20999908447266,0.0,72.2699966430664,69.48999786376953,70.27999877929688,0.0,9388100
2026-02-17,71.95999908447266,71.95999908447266,0.0,73.0999984741211,70.75,72.11000061035156,0.0,6671700
2026-02-18,70.66000366210938,70.66000366210938,0.0,73.76000213623047,70.0199966430664,73.55999755859375,0.0,8957100
2026-02-19,68.08999633789062,68.08999633789062,0.0,70.22000122070312,67.0199966430664,69.80999755859375,0.0,7998300
2026-02-20,69.11000061035156,69.11000061035156,0.0,69.69999694824219,67.61000061035156,67.79000091552734,0.0,5272500
2026-02-23,69.47000122070312,69.47000122070312,0.0,70.19999694824219,68.04000091552734,68.94999694824219,0.0,4620400
2026-02-24,70.02999877929688,70.02999877929688,0.0,72.0199966430664,69.04000091552734,69.98999786376953,0.0,5699200
2026-02-25,69.68000030517578,69.68000030517578,0.0,72.0999984741211,69.37999725341797,71.27999877929688,0.0,7332000
2026-02-26,68.16000366210938,68.16000366210938,0.0,69.83000183105469,67.02999877929688,69.80000305175781,0.0,7911200
2026-02-27,66.4800033569336,66.4800033569336,0.0,67.31999969482422,65.55999755859375,66.87000274658203,0.0,9310400
2026-03-02,66.4800033569336,66.4800033569336,0.0,66.4800033569336,63.959999084472656,65.12000274658203,0.0,5624000
2026-03-03,63.41999816894531,63.41999816894531,0.0,64.44999694824219,62.380001068115234,63.790000915527344,0.0,8581300
2026-03-04,62.529998779296875,62.529998779296875,0.0,64.62999725341797,62.16999816894531,64.5,0.0,7496800
2026-03-05,60.849998474121094,60.849998474121094,0.0,62.43000030517578,59.59000015258789,61.31999969482422,0.0,8136100
2026-03-06,56.869998931884766,56.869998931884766,0.0,58.9900016784668,56.619998931884766,58.4900016784668,0.0,10650800
2026-03-09,59.22999954223633,59.22999954223633,0.0,59.31999969482422,54.9900016784668,55.970001220703125,0.0,9905600
2026-03-10,59.59000015258789,59.59000015258789,0.0,60.97999954223633,58.58000183105469,59.25,0.0,7499200
2026-03-11,59.2400016784668,59.2400016784668,0.0,60.630001068115234,58.650001525878906,59.650001525878906,0.0,4226800
2026-03-12,57.689998626708984,57.689998626708984,0.0,58.93000030517578,57.36000061035156,58.2400016784668,0.0,6692700
2026-03-13,58.54999923706055,58.54999923706055,0.0,59.54999923706055,57.68000030517578,58.380001068115234,0.0,7558000
2026-03-16,59.880001068115234,59.880001068115234,0.0,60.849998474121094,59.41999816894531,59.91999816894531,0.0,6515400
2026-03-17,60.97999954223633,60.97999954223633,0.0,61.34000015258789,60.18000030517578,60.38999938964844,0.0,4800600
2026-03-18,60.459999084472656,60.459999084472656,0.0,61.81999969482422,60.40999984741211,60.790000915527344,0.0,5069600
2026-03-19,59.290000915527344,59.290000915527344,0.0,60.5099983215332,58.5,59.0,0.0,7560800
2026-03-20,59.2599983215332,59.2599983215332,0.0,60.34000015258789,58.279998779296875,59.2599983215332,0.0,12540800
2026-03-23,59.88999938964844,59.88999938964844,0.0,61.63999938964844,59.68000030517578,60.810001373291016,0.0,5353100
2026-03-24,62.34000015258789,62.34000015258789,0.0,63.06999969482422,59.040000915527344,59.040000915527344,0.0,6831600
2026-03-25,63.099998474121094,63.099998474121094,0.0,64.3499984741211,62.709999084472656,63.880001068115234,0.0,5537200
2026-03-26,60.869998931884766,60.869998931884766,0.0,62.56999969482422,60.56999969482422,61.79999923706055,0.0,7462000
2026-03-27,58.349998474121094,58.349998474121094,0.0,61.38999938964844,57.939998626708984,61.38999938964844,0.0,7136700
2026-03-30,55.65999984741211,55.65999984741211,0.0,59.439998626708984,55.029998779296875,58.619998931884766,0.0,8398500
2026-03-31,61.91999816894531,61.91999816894531,0.0,62.15999984741211,57.0,57.33000183105469,0.0,12771700
2026-04-01,62.20000076293945,62.20000076293945,0.0,63.689998626708984,61.959999084472656,62.779998779296875,0.0,6716200
2026-04-02,62.189998626708984,62.189998626708984,0.0,62.47999954223633,59.720001220703125,59.779998779296875,0.0,7072300
2026-04-06,63.4900016784668,63.4900016784668,0.0,64.62000274658203,62.560001373291016,62.91999816894531,0.0,5306300
2026-04-07,63.790000915527344,63.790000915527344,0.0,64.0,61.90999984741211,63.25,0.0,5490300
2026-04-08,68.37999725341797,68.37999725341797,0.0,68.5199966430664,66.37999725341797,67.5,0.0,9810400
2026-04-09,68.48999786376953,68.48999786376953,0.0,69.06999969482422,67.9000015258789,68.4800033569336,0.0,5812400
2026-04-10,68.6500015258789,68.6500015258789,0.0,70.11000061035156,68.13999938964844,69.13999938964844,0.0,6275800
2026-04-13,71.0199966430664,71.0199966430664,0.0,71.30999755859375,68.80999755859375,70.30000305175781,0.0,7823500
2026-04-14,72.05000305175781,72.05000305175781,0.0,72.52999877929688,70.80999755859375,71.73999786376953,0.0,7271800
2026-04-15,72.43000030517578,72.43000030517578,0.0,72.55000305175781,71.08999633789062,71.63999938964844,0.0,6025400
2026-04-16,79.93000030517578,79.93000030517578,0.0,80.5,73.9800033569336,74.37000274658203,0.0,19322700
2026-04-17,83.01000213623047,83.01000213623047,0.0,83.5199966430664,79.77999877929688,80.33999633789062,0.0,15737800
2026-04-20,85.55999755859375,85.55999755859375,0.0,85.58999633789062,81.63999938964844,82.66999816894531,0.0,9539200
2026-04-21,86.91000366210938,86.91000366210938,0.0,87.51000213623047,84.75,85.72000122070312,0.0,10035800
2026-04-22,88.98999786376953,88.98999786376953,0.0,89.69000244140625,87.0199966430664,88.72000122070312,0.0,11538800
2026-04-23,97.77999877929688,97.77999877929688,0.0,99.19000244140625,92.5,92.80999755859375,0.0,20863900
2026-04-24,98.4000015258789,98.4000015258789,0.0,100.30000305175781,95.94999694824219,99.2300033569336,0.0,13371100
2026-04-27,98.04000091552734,98.04000091552734,0.0,99.62000274658203,96.38999938964844,98.12999725341797,0.0,9898500
2026-04-28,93.30000305175781,93.30000305175781,0.0,96.77999877929688,92.44000244140625,95.01000213623047,0.0,11512600
2026-04-29,98.86000061035156,98.86000061035156,0.0,101.26000213623047,97.33999633789062,99.55999755859375,0.0,13018200
2026-04-30,100.80999755859375,100.80999755859375,0.0,101.69000244140625,98.54000091552734,100.22000122070312,0.0,9532700
2026-05-01,103.02999877929688,103.02999877929688,0.0,103.31999969482422,99.69999694824219,100.88999938964844,0.0,9699500
2026-05-04,102.04000091552734,102.04000091552734,0.0,105.0,101.48999786376953,104.88999938964844,0.0,17002200
2026-05-05,102.66999816894531,102.66999816894531,0.0,105.80999755859375,96.08000183105469,97.6500015258789,0.0,22724000
2026-05-06,105.7699966430664,105.7699966430664,0.0,105.9000015258789,100.05999755859375,102.62000274658203,0.0,21980800
2026-05-07,100.61000061035156,100.61000061035156,0.0,105.5,99.7300033569336,105.2699966430664,0.0,19234100
2026-05-08,103.19999694824219,103.19999694824219,0.0,103.30999755859375,100.7300033569336,101.98999786376953,0.0,10763100
2026-05-11,107.23999786376953,107.23999786376953,0.0,107.25,102.4800033569336,102.7300033569336,0.0,9686900
2026-05-12,104.11000061035156,104.11000061035156,0.0,105.0,98.66000366210938,104.81999969482422,0.0,9865600
2026-05-13,115.70999908447266,115.70999908447266,0.0,115.98999786376953,108.05999755859375,108.9000015258789,0.0,21549700
2026-05-14,118.37000274658203,118.37000274658203,0.0,119.0999984741211,112.51000213623047,115.12000274658203,0.0,11495300
2026-05-15,113.11000061035156,113.11000061035156,0.0,115.83000183105469,111.7699966430664,113.41999816894531,0.0,10939900
2026-05-18,109.43000030517578,109.43000030517578,0.0,115.66999816894531,106.4000015258789,114.19000244140625,0.0,12432400
2026-05-19,106.0199966430664,106.0199966430664,0.0,109.25,104.05000305175781,105.52999877929688,0.0,11708900
2026-05-20,110.20999908447266,110.20999908447266,0.0,110.80000305175781,107.0,108.04000091552734,0.0,9813400
2026-05-21,109.61000061035156,109.61000061035156,0.0,109.86000061035156,107.04000091552734,109.04000091552734,0.0,6802500
2026-05-22,116.19999694824219,116.19999694824219,0.0,117.88999938964844,110.83000183105469,110.86000061035156,0.0,8492600
2026-05-26,127.0,127.0,0.0,129.1300048828125,121.05999755859375,122.80000305175781,0.0,19250800
2026-05-27,124.88999938964844,124.88999938964844,0.0,129.0,120.04000091552734,128.94000244140625,0.0,13924700
2026-05-28,123.7699966430664,123.7699966430664,0.0,125.87999725341797,119.23999786376953,125.61000061035156,0.0,8370000
2026-05-29,120.62000274658203,120.62000274658203,0.0,124.5199966430664,119.44999694824219,124.33999633789062,0.0,11272000
2026-06-01,120.91999816894531,120.91999816894531,0.0,121.05000305175781,115.80999755859375,119.38999938964844,0.0,9129300
2026-06-02,128.63999938964844,128.63999938964844,0.0,130.47999572753906,123.33000183105469,125.19000244140625,0.0,10796100
2026-06-03,133.92999267578125,133.92999267578125,0.0,134.9199981689453,126.1500015258789,130.0,0.0,10113600
2026-06-04,131.82000732421875,131.82000732421875,0.0,134.49000549316406,124.91999816894531,127.30000305175781,0.0,10090000
2026-06-05,117.26000213623047,117.26000213623047,0.0,126.30999755859375,116.72000122070312,126.18000030517578,0.0,19056600
2026-06-08,120.9000015258789,120.9000015258789,0.0,124.52999877929688,119.83000183105469,122.56999969482422,0.0,12141000
2026-06-09,117.0,117.0,0.0,124.0,108.30000305175781,122.20999908447266,0.0,16831100
2026-06-10,110.16999816894531,110.16999816894531,0.0,115.9800033569336,108.69999694824219,115.0999984741211,0.0,14059800
2026-06-11,115.95999908447266,115.95999908447266,0.0,116.4000015258789,110.76000213623047,113.66000366210938,0.0,12070100
2026-06-12,116.79000091552734,116.79000091552734,0.0,118.58999633789062,113.98999786376953,115.95999908447266,0.0,7348600
2026-06-15,125.9000015258789,125.9000015258789,0.0,126.22000122070312,121.27999877929688,123.48999786376953,0.0,11015800
2026-06-16,118.25,118.25,0.0,127.83999633789062,118.05000305175781,125.3499984741211,0.0,10389800
2026-06-17,112.91999816894531,112.91999816894531,0.0,121.30999755859375,112.80000305175781,120.23999786376953,0.0,11303100
2026-06-18,121.62000274658203,121.62000274658203,0.0,122.18000030517578,117.58000183105469,117.88999938964844,0.0,19844500
2026-06-22,131.5500030517578,131.5500030517578,0.0,132.4199981689453,125.19000244140625,125.58000183105469,0.0,12044300
2026-06-23,117.05999755859375,117.05999755859375,0.0,124.05000305175781,116.2699966430664,123.23999786376953,0.0,15490000
2026-06-24,115.73999786376953,115.73999786376953,0.0,117.27999877929688,111.20999908447266,117.13999938964844,0.0,8371100
2026-06-25,118.73999786376953,118.73999786376953,0.0,121.30000305175781,112.16000366210938,121.0,0.0,8499400
2026-06-26,90.6500015258789,90.6500015258789,0.0,98.4800033569336,89.23999786376953,98.29000091552734,0.0,44223500
2026-06-29,88.56999969482422,88.56999969482422,0.0,90.91000366210938,86.47000122070312,90.19999694824219,0.0,20489700
2026-06-30,94.54000091552734,94.54000091552734,0.0,95.37000274658203,88.72000122070312,88.7699966430664,0.0,19324700
