Date,Adj Close,Close,Dividends,High,Low,Open,Stock Splits,Volume
,QCOM,QCOM,QCOM,QCOM,QCOM,QCOM,QCOM,QCOM
2016-07-01,40.34080123901367,53.0,0.0,53.38999938964844,52.84000015258789,52.9900016784668,0.0,6385000
2016-07-05,39.53398513793945,51.939998626708984,0.0,52.970001220703125,51.88999938964844,52.95000076293945,0.0,10626200
2016-07-06,39.86127853393555,52.369998931884766,0.0,52.529998779296875,51.15999984741211,51.56999969482422,0.0,7740700
2016-07-07,40.287540435791016,52.93000030517578,0.0,53.380001068115234,52.40999984741211,52.58000183105469,0.0,5763300
2016-07-08,41.246578216552734,54.189998626708984,0.0,54.33000183105469,53.31999969482422,53.4900016784668,0.0,6853900
2016-07-11,41.193294525146484,54.119998931884766,0.0,54.709999084472656,53.939998626708984,53.959999084472656,0.0,6941600
2016-07-12,41.573875427246094,54.619998931884766,0.0,54.7400016784668,54.209999084472656,54.45000076293945,0.0,7413700
2016-07-13,41.73371505737305,54.83000183105469,0.0,55.0,54.630001068115234,54.90999984741211,0.0,5676400
2016-07-14,41.77177047729492,54.880001068115234,0.0,55.369998931884766,54.560001373291016,55.189998626708984,0.0,6601500
2016-07-15,41.67280197143555,54.75,0.0,54.86000061035156,54.16999816894531,54.86000061035156,0.0,10236900
2016-07-18,42.129493713378906,55.349998474121094,0.0,55.650001525878906,54.97999954223633,55.13999938964844,0.0,9225900
2016-07-19,41.96965026855469,55.13999938964844,0.0,55.900001525878906,54.95000076293945,55.72999954223633,0.0,8164200
2016-07-20,42.48723602294922,55.81999969482422,0.0,55.95000076293945,55.040000915527344,55.36000061035156,0.0,17204300
2016-07-21,45.615543365478516,59.93000030517578,0.0,60.470001220703125,59.130001068115234,59.79999923706055,0.0,33912300
2016-07-22,46.544158935546875,61.150001525878906,0.0,61.18000030517578,59.83000183105469,60.209999084472656,0.0,12505700
2016-07-25,46.22446823120117,60.72999954223633,0.0,60.970001220703125,60.150001525878906,60.959999084472656,0.0,9166200
2016-07-26,46.69636917114258,61.349998474121094,0.0,61.5,60.77000045776367,61.0,0.0,11272600
2016-07-27,47.579315185546875,62.5099983215332,0.0,62.65999984741211,61.650001525878906,61.81999969482422,0.0,13395100
2016-07-28,47.51841735839844,62.43000030517578,0.0,62.790000915527344,62.16999816894531,62.439998626708984,0.0,8514200
2016-07-29,47.632598876953125,62.58000183105469,0.0,62.81999969482422,62.2400016784668,62.599998474121094,0.0,8291000
2016-08-01,47.076961517333984,61.849998474121094,0.0,62.400001525878906,61.58000183105469,62.369998931884766,0.0,14606200
2016-08-02,46.12553405761719,60.599998474121094,0.0,61.95000076293945,60.02000045776367,61.7400016784668,0.0,14732800
2016-08-03,46.437591552734375,61.0099983215332,0.0,61.11000061035156,60.5,60.59000015258789,0.0,6448200
2016-08-04,46.414764404296875,60.97999954223633,0.0,61.22999954223633,60.72999954223633,61.11000061035156,0.0,5169600
2016-08-05,47.191131591796875,62.0,0.0,62.11000061035156,61.27000045776367,61.52000045776367,0.0,8320700
2016-08-08,46.8714485168457,61.58000183105469,0.0,62.189998626708984,61.369998931884766,62.04999923706055,0.0,8410600
2016-08-09,47.18351745605469,61.9900016784668,0.0,62.439998626708984,61.83000183105469,61.90999984741211,0.0,5350300
2016-08-10,46.970394134521484,61.709999084472656,0.0,62.15999984741211,61.439998626708984,62.0,0.0,3836200
2016-08-11,46.993228912353516,61.7400016784668,0.0,62.15999984741211,61.66999816894531,61.88999938964844,0.0,4988300
2016-08-12,46.970394134521484,61.709999084472656,0.0,61.9900016784668,61.279998779296875,61.540000915527344,0.0,4947700
2016-08-15,47.51841735839844,62.43000030517578,0.0,62.4900016784668,61.79999923706055,61.79999923706055,0.0,6499000
2016-08-16,47.24441909790039,62.06999969482422,0.0,62.5,61.7599983215332,62.08000183105469,0.0,7650600
2016-08-17,47.40425109863281,62.279998779296875,0.0,62.400001525878906,61.790000915527344,62.220001220703125,0.0,6812400
2016-08-18,47.982723236083984,63.040000915527344,0.0,63.040000915527344,62.18000030517578,62.349998474121094,0.0,7935900
2016-08-19,47.76960372924805,62.7599983215332,0.0,62.84000015258789,62.0099983215332,62.61000061035156,0.0,7093000
2016-08-22,47.822872161865234,62.83000183105469,0.0,62.869998931884766,62.349998474121094,62.70000076293945,0.0,5720900
2016-08-23,48.02077865600586,63.09000015258789,0.0,63.689998626708984,62.83000183105469,63.0,0.0,5970600
2016-08-24,47.65542984008789,62.61000061035156,0.0,63.2400016784668,62.470001220703125,62.91999816894531,0.0,6902400
2016-08-25,47.67826843261719,62.63999938964844,0.0,62.959999084472656,62.58000183105469,62.66999816894531,0.0,4916700
2016-08-26,47.929447174072266,62.970001220703125,0.0,63.5099983215332,62.650001525878906,62.88999938964844,0.0,7255600
2016-08-29,48.34395217895508,62.97999954223633,0.53,63.09000015258789,62.369998931884766,62.41999816894531,0.0,5354700
2016-08-30,48.3132438659668,62.939998626708984,0.0,63.5099983215332,62.709999084472656,63.0,0.0,5047600
2016-08-31,48.41303253173828,63.06999969482422,0.0,63.119998931884766,62.529998779296875,62.97999954223633,0.0,6516600
2016-09-01,48.720088958740234,63.470001220703125,0.0,63.5,62.5099983215332,62.869998931884766,0.0,6906300
2016-09-02,48.62796401977539,63.349998474121094,0.0,63.70000076293945,63.09000015258789,63.529998779296875,0.0,6325900
2016-09-06,48.428382873535156,63.09000015258789,0.0,63.38999938964844,62.880001068115234,63.119998931884766,0.0,5603000
2016-09-07,47.92176818847656,62.43000030517578,0.0,63.25,62.31999969482422,63.189998626708984,0.0,6281600
2016-09-08,48.12134552001953,62.689998626708984,0.0,62.810001373291016,62.0099983215332,62.029998779296875,0.0,7698100
2016-09-09,46.45563888549805,60.52000045776367,0.0,62.290000915527344,60.5,62.0099983215332,0.0,10625600
2016-09-12,47.78359603881836,62.25,0.0,62.27000045776367,59.93000030517578,60.22999954223633,0.0,10158600
2016-09-13,47.04668426513672,61.290000915527344,0.0,62.20000076293945,60.939998626708984,61.81999969482422,0.0,8397100
2016-09-14,47.2769775390625,61.59000015258789,0.0,61.95000076293945,61.040000915527344,61.290000915527344,0.0,5982400
2016-09-15,48.0062141418457,62.540000915527344,0.0,62.66999816894531,61.54999923706055,61.95000076293945,0.0,8871200
2016-09-16,48.35163116455078,62.9900016784668,0.0,63.439998626708984,62.369998931884766,62.880001068115234,0.0,14677700
2016-09-19,48.2518310546875,62.86000061035156,0.0,63.38999938964844,62.7599983215332,63.130001068115234,0.0,6759900
2016-09-20,48.129024505615234,62.70000076293945,0.0,63.29999923706055,62.529998779296875,63.27000045776367,0.0,5471400
2016-09-21,48.79684066772461,63.56999969482422,0.0,63.63999938964844,62.90999984741211,63.099998474121094,0.0,7488600
2016-09-22,48.75846862792969,63.52000045776367,0.0,64.0,63.36000061035156,63.709999084472656,0.0,7895700
2016-09-23,48.167396545410156,62.75,0.0,63.56999969482422,62.66999816894531,63.0,0.0,7794700
2016-09-26,47.82965850830078,62.310001373291016,0.0,62.560001373291016,61.86000061035156,62.4900016784668,0.0,6207400
2016-09-27,48.59726333618164,63.310001373291016,0.0,63.36000061035156,62.439998626708984,62.529998779296875,0.0,5228300
2016-09-28,48.70472717285156,63.45000076293945,0.0,63.689998626708984,63.0,63.22999954223633,0.0,5251900
2016-09-29,51.775146484375,67.44999694824219,0.0,68.83000183105469,62.709999084472656,63.279998779296875,0.0,43098800
2016-09-30,52.58115005493164,68.5,0.0,70.4000015258789,68.1500015258789,68.4000015258789,0.0,34879500
2016-10-03,51.514183044433594,67.11000061035156,0.0,69.27999877929688,66.87000274658203,68.08000183105469,0.0,10153600
2016-10-04,51.18410873413086,66.68000030517578,0.0,67.69999694824219,66.55999755859375,67.69999694824219,0.0,9746400
2016-10-05,51.306907653808594,66.83999633789062,0.0,67.41999816894531,66.55000305175781,66.83999633789062,0.0,6362000
2016-10-06,51.84424591064453,67.54000091552734,0.0,69.31999969482422,66.2300033569336,66.80000305175781,0.0,12957200
2016-10-07,52.343204498291016,68.19000244140625,0.0,68.33000183105469,67.48999786376953,67.52999877929688,0.0,8398100
2016-10-10,51.62163543701172,67.25,0.0,68.58000183105469,67.05999755859375,68.33999633789062,0.0,7029800
2016-10-11,50.73121643066406,66.08999633789062,0.0,67.08999633789062,65.44999694824219,67.0,0.0,8910600
2016-10-12,50.70817565917969,66.05999755859375,0.0,66.48999786376953,65.05999755859375,66.48999786376953,0.0,6615700
2016-10-13,50.431846618652344,65.69999694824219,0.0,66.05999755859375,64.30000305175781,65.55000305175781,0.0,7236600
2016-10-14,50.431846618652344,65.69999694824219,0.0,66.58999633789062,65.44999694824219,65.94000244140625,0.0,6743100
2016-10-17,50.040367126464844,65.19000244140625,0.0,65.70999908447266,65.08999633789062,65.52999877929688,0.0,6348200
2016-10-18,50.73887252807617,66.0999984741211,0.0,66.22000122070312,65.56999969482422,66.18000030517578,0.0,5966900
2016-10-19,50.50093460083008,65.79000091552734,0.0,66.06999969482422,65.30999755859375,65.87999725341797,0.0,5414700
2016-10-20,51.69071960449219,67.33999633789062,0.0,68.16999816894531,65.4800033569336,65.4800033569336,0.0,13579000
2016-10-21,52.14360809326172,67.93000030517578,0.0,69.44000244140625,66.69999694824219,67.11000061035156,0.0,19676600
2016-10-24,52.24339294433594,68.05999755859375,0.0,68.44999694824219,67.4800033569336,68.4000015258789,0.0,6669600
2016-10-25,51.97473907470703,67.70999908447266,0.0,68.25,67.4800033569336,67.9000015258789,0.0,5370000
2016-10-26,52.350860595703125,68.19999694824219,0.0,68.62000274658203,67.25,67.30999755859375,0.0,9241200
2016-10-27,53.80164337158203,70.08999633789062,0.0,71.62000274658203,70.0,70.80000305175781,0.0,33941700
2016-10-28,52.50437545776367,68.4000015258789,0.0,70.52999877929688,67.66000366210938,70.5199966430664,0.0,17952700
2016-10-31,52.750022888183594,68.72000122070312,0.0,69.51000213623047,68.68000030517578,69.0,0.0,10108300
2016-11-01,52.45832824707031,68.33999633789062,0.0,69.3499984741211,67.54000091552734,69.0,0.0,8910100
2016-11-02,51.49881362915039,67.08999633789062,0.0,68.5999984741211,67.02999877929688,68.45999908447266,0.0,15183000
2016-11-03,51.391357421875,66.94999694824219,0.0,68.56999969482422,65.93000030517578,67.69000244140625,0.0,15642500
2016-11-04,51.22248840332031,66.7300033569336,0.0,67.41000366210938,65.73999786376953,65.73999786376953,0.0,8584300
2016-11-07,52.550437927246094,68.45999908447266,0.0,68.58000183105469,67.38999938964844,67.72000122070312,0.0,9205300
2016-11-08,52.404598236083984,68.2699966430664,0.0,68.70999908447266,67.62999725341797,68.22000122070312,0.0,6696600
2016-11-09,52.105224609375,67.87999725341797,0.0,68.08999633789062,66.25,66.62999725341797,0.0,11604400
2016-11-10,50.90007781982422,66.30999755859375,0.0,68.20999908447266,64.31999969482422,67.80999755859375,0.0,17774400
2016-11-11,51.33761215209961,66.87999725341797,0.0,67.0,65.83999633789062,65.87000274658203,0.0,10239800
2016-11-14,50.60839080810547,65.93000030517578,0.0,67.41999816894531,65.93000030517578,67.41999816894531,0.0,8256800
2016-11-15,51.25318908691406,66.7699966430664,0.0,67.16000366210938,65.94999694824219,66.26000213623047,0.0,9615200
2016-11-16,50.89240646362305,66.30000305175781,0.0,66.70999908447266,65.6500015258789,66.70999908447266,0.0,9552200
2016-11-17,51.17641830444336,66.66999816894531,0.0,66.7699966430664,66.16000366210938,66.44000244140625,0.0,6982500
2016-11-18,51.667694091796875,67.30999755859375,0.0,67.45999908447266,65.94000244140625,66.68000030517578,0.0,9889300
2016-11-21,51.50649642944336,67.0999984741211,0.0,67.19999694824219,66.1500015258789,66.86000061035156,0.0,7868900
2016-11-22,52.435302734375,68.30999755859375,0.0,68.5999984741211,67.04000091552734,67.56999969482422,0.0,9803600
2016-11-23,52.29714584350586,68.12999725341797,0.0,68.5,67.75,68.33000183105469,0.0,4820300
2016-11-25,52.41994857788086,68.29000091552734,0.0,68.41999816894531,67.70999908447266,68.16000366210938,0.0,4200100
2016-11-28,51.90936279296875,67.0999984741211,0.53,67.69999694824219,66.80000305175781,67.41999816894531,0.0,8225200
2016-11-29,51.65407180786133,66.7699966430664,0.0,67.54000091552734,66.62999725341797,67.2300033569336,0.0,6544900
2016-11-30,52.706199645996094,68.12999725341797,0.0,68.30999755859375,66.5,66.80000305175781,0.0,12470000
2016-12-01,49.63494110107422,64.16000366210938,0.0,67.91999816894531,63.779998779296875,67.72000122070312,0.0,16563900
2016-12-02,50.93461608886719,65.83999633789062,0.0,66.33000183105469,63.95000076293945,63.95000076293945,0.0,9687000
2016-12-05,51.33688735961914,66.36000061035156,0.0,66.94000244140625,65.69000244140625,66.37999725341797,0.0,8708200
2016-12-06,52.18013000488281,67.44999694824219,0.0,67.4800033569336,66.5,66.6500015258789,0.0,6701800
2016-12-07,52.86863708496094,68.33999633789062,0.0,68.33999633789062,66.95999908447266,67.3499984741211,0.0,7202700
2016-12-08,53.03110122680664,68.55000305175781,0.0,69.18000030517578,68.37000274658203,68.41999816894531,0.0,5552600
2016-12-09,53.00789260864258,68.5199966430664,0.0,68.88999938964844,67.80000305175781,68.61000061035156,0.0,5551800
2016-12-12,52.969207763671875,68.47000122070312,0.0,68.6500015258789,67.91999816894531,68.37000274658203,0.0,5615200
2016-12-13,53.64225387573242,69.33999633789062,0.0,70.23999786376953,68.48999786376953,68.72000122070312,0.0,8494200
2016-12-14,52.265220642089844,67.55999755859375,0.0,69.18000030517578,67.3499984741211,68.63999938964844,0.0,9957700
2016-12-15,52.62883377075195,68.02999877929688,0.0,68.7699966430664,67.30999755859375,68.0999984741211,0.0,7162400
2016-12-16,51.41425704956055,66.45999908447266,0.0,68.48999786376953,66.30000305175781,68.48999786376953,0.0,18155600
2016-12-19,51.84746170043945,67.0199966430664,0.0,67.43000030517578,66.63999938964844,66.79000091552734,0.0,7884700
2016-12-20,51.76237869262695,66.91000366210938,0.0,67.55999755859375,66.7699966430664,67.37999725341797,0.0,6685400
2016-12-21,51.95579147338867,67.16000366210938,0.0,67.3499984741211,66.81999969482422,67.06999969482422,0.0,5211400
2016-12-22,51.64634704589844,66.76000213623047,0.0,67.75,66.45999908447266,67.63999938964844,0.0,5900200
2016-12-23,51.72370147705078,66.86000061035156,0.0,66.94000244140625,66.5199966430664,66.88999938964844,0.0,3088100
2016-12-27,52.025413513183594,67.25,0.0,67.58000183105469,67.05999755859375,67.13999938964844,0.0,3028200
2016-12-28,50.8650016784668,65.75,0.0,67.06999969482422,65.69999694824219,66.6500015258789,0.0,6547200
2016-12-29,51.08933639526367,66.04000091552734,0.0,66.08000183105469,65.41999816894531,65.5,0.0,3700800
2016-12-30,50.43949890136719,65.19999694824219,0.0,66.3499984741211,65.04000091552734,66.25,0.0,5941900
2017-01-03,50.5942268371582,65.4000015258789,0.0,66.13999938964844,64.5999984741211,65.86000061035156,0.0,9519800
2017-01-04,50.648380279541016,65.47000122070312,0.0,65.94999694824219,65.26000213623047,65.66999816894531,0.0,6221700
2017-01-05,50.71026611328125,65.55000305175781,0.0,65.9800033569336,65.05000305175781,65.22000122070312,0.0,5998900
2017-01-06,50.69478988647461,65.52999877929688,0.0,65.87000274658203,64.86000061035156,65.4800033569336,0.0,6749400
2017-01-09,50.78761672973633,65.6500015258789,0.0,66.2699966430664,65.48999786376953,65.52999877929688,0.0,4769200
2017-01-10,50.77216339111328,65.62999725341797,0.0,66.16000366210938,65.56999969482422,65.94999694824219,0.0,6076000
2017-01-11,51.13576126098633,66.0999984741211,0.0,66.11000061035156,65.41999816894531,65.75,0.0,8349800
2017-01-12,51.151241302490234,66.12000274658203,0.0,66.18000030517578,65.05000305175781,65.3499984741211,0.0,6113600
2017-01-13,51.73918151855469,66.87999725341797,0.0,67.08000183105469,66.16000366210938,66.25,0.0,6177400
2017-01-17,49.65815734863281,64.19000244140625,0.0,66.97000122070312,63.150001525878906,66.70999908447266,0.0,22426300
2017-01-18,50.385353088378906,65.12999725341797,0.0,66.08999633789062,63.810001373291016,64.66999816894531,0.0,15883200
2017-01-19,49.8515510559082,64.44000244140625,0.0,65.4000015258789,64.36000061035156,64.97000122070312,0.0,9429200
2017-01-20,48.64472198486328,62.880001068115234,0.0,65.73999786376953,62.619998931884766,65.19000244140625,0.0,20936900
2017-01-23,42.455841064453125,54.880001068115234,0.0,58.66999816894531,53.77000045776367,58.66999816894531,0.0,94436000
2017-01-24,42.54866409301758,55.0,0.0,55.77000045776367,54.70000076293945,55.02000045776367,0.0,41751800
2017-01-25,44.018524169921875,56.900001525878906,0.0,56.97999954223633,55.5,56.099998474121094,0.0,27307900
2017-01-26,41.81372833251953,54.04999923706055,0.0,55.4900016784668,53.5,55.349998474121094,0.0,37888200
2017-01-27,41.96071243286133,54.2400016784668,0.0,54.7599983215332,54.0,54.650001525878906,0.0,23474400
2017-01-30,41.47334671020508,53.61000061035156,0.0,54.400001525878906,53.54999923706055,54.38999938964844,0.0,14853900
2017-01-31,41.33408737182617,53.43000030517578,0.0,53.63999938964844,52.83000183105469,53.61000061035156,0.0,13995400
2017-02-01,41.11747741699219,53.150001525878906,0.0,53.81999969482422,52.86000061035156,53.63999938964844,0.0,16102100
2017-02-02,40.7384033203125,52.65999984741211,0.0,53.099998474121094,52.369998931884766,52.95000076293945,0.0,14481200
2017-02-03,40.9859619140625,52.97999954223633,0.0,53.220001220703125,52.75,52.95000076293945,0.0,10965300
2017-02-06,40.908599853515625,52.880001068115234,0.0,53.40999984741211,52.81999969482422,53.310001373291016,0.0,8215100
2017-02-07,41.21031188964844,53.27000045776367,0.0,53.279998779296875,52.7599983215332,53.220001220703125,0.0,10374100
2017-02-08,40.916343688964844,52.88999938964844,0.0,53.38999938964844,52.720001220703125,53.38999938964844,0.0,9229000
2017-02-09,40.908599853515625,52.880001068115234,0.0,53.099998474121094,52.7599983215332,52.90999984741211,0.0,7615100
2017-02-10,41.77505111694336,54.0,0.0,54.279998779296875,52.93000030517578,53.099998474121094,0.0,14042200
2017-02-13,42.49449920654297,54.93000030517578,0.0,55.130001068115234,54.2599983215332,54.58000183105469,0.0,14516200
2017-02-14,42.92000198364258,55.47999954223633,0.0,55.52000045776367,54.81999969482422,55.43000030517578,0.0,13072000
2017-02-15,43.70134735107422,56.4900016784668,0.0,56.5,55.4900016784668,55.630001068115234,0.0,14149200
2017-02-16,44.0030517578125,56.880001068115234,0.0,56.900001525878906,56.45000076293945,56.58000183105469,0.0,11622900
2017-02-17,43.678138732910156,56.459999084472656,0.0,56.939998626708984,56.04999923706055,56.849998474121094,0.0,12456600
2017-02-21,43.902488708496094,56.75,0.0,57.189998626708984,56.58000183105469,56.83000183105469,0.0,9878200
2017-02-22,44.17325210571289,57.099998474121094,0.0,57.099998474121094,56.47999954223633,56.779998779296875,0.0,8711500
2017-02-23,44.20418930053711,57.13999938964844,0.0,57.310001373291016,56.77000045776367,57.0099983215332,0.0,10152800
2017-02-24,44.26607131958008,57.220001220703125,0.0,57.22999954223633,56.5,57.02000045776367,0.0,10644800
2017-02-27,44.297325134277344,56.72999954223633,0.53,56.97999954223633,56.310001373291016,56.560001373291016,0.0,7127600
2017-02-28,44.10209655761719,56.47999954223633,0.0,56.52000045776367,55.88999938964844,56.4900016784668,0.0,10388200
2017-03-01,44.51594924926758,57.0099983215332,0.0,57.08000183105469,56.27000045776367,56.93000030517578,0.0,11082400
2017-03-02,44.016212463378906,56.369998931884766,0.0,57.150001525878906,56.2400016784668,56.95000076293945,0.0,8451700
2017-03-03,44.070858001708984,56.439998626708984,0.0,56.56999969482422,56.0,56.52000045776367,0.0,6971400
2017-03-06,44.078678131103516,56.45000076293945,0.0,56.560001373291016,56.06999969482422,56.27000045776367,0.0,7241600
2017-03-07,44.297325134277344,56.72999954223633,0.0,56.81999969482422,56.189998626708984,56.599998474121094,0.0,7131700
2017-03-08,45.10938262939453,57.77000045776367,0.0,58.08000183105469,56.79999923706055,56.91999816894531,0.0,13201700
2017-03-09,45.26555633544922,57.970001220703125,0.0,58.099998474121094,57.400001525878906,57.650001525878906,0.0,9875600
2017-03-10,45.78872299194336,58.63999938964844,0.0,58.790000915527344,58.29999923706055,58.36000061035156,0.0,9752000
2017-03-13,45.64817810058594,58.459999084472656,0.0,59.040000915527344,58.20000076293945,59.029998779296875,0.0,7737900
2017-03-14,45.460777282714844,58.220001220703125,0.0,58.380001068115234,57.720001220703125,58.380001068115234,0.0,6276900
2017-03-15,45.69501495361328,58.52000045776367,0.0,58.75,58.18000030517578,58.41999816894531,0.0,9029500
2017-03-16,45.562278747558594,58.349998474121094,0.0,58.72999954223633,58.15999984741211,58.29999923706055,0.0,7206200
2017-03-17,44.937618255615234,57.54999923706055,0.0,58.61000061035156,57.5099983215332,58.56999969482422,0.0,20057800
2017-03-20,45.140621185302734,57.810001373291016,0.0,58.06999969482422,57.59000015258789,57.790000915527344,0.0,7498200
2017-03-21,44.35196304321289,56.79999923706055,0.0,58.099998474121094,56.7400016784668,57.93000030517578,0.0,10092600
2017-03-22,44.539371490478516,57.040000915527344,0.0,57.130001068115234,56.099998474121094,56.72999954223633,0.0,9129700
2017-03-23,44.35979080200195,56.810001373291016,0.0,57.27000045776367,56.59000015258789,57.15999984741211,0.0,7718700
2017-03-24,44.44567108154297,56.91999816894531,0.0,57.470001220703125,56.63999938964844,57.470001220703125,0.0,5621400
2017-03-27,44.242645263671875,56.65999984741211,0.0,56.939998626708984,56.47999954223633,56.720001220703125,0.0,4726300
2017-03-28,44.804866790771484,57.380001068115234,0.0,57.61000061035156,56.66999816894531,56.66999816894531,0.0,5953500
2017-03-29,44.78924560546875,57.36000061035156,0.0,57.369998931884766,56.86000061035156,57.09000015258789,0.0,4042600
2017-03-30,44.664306640625,57.20000076293945,0.0,57.650001525878906,57.189998626708984,57.36000061035156,0.0,6359000
2017-03-31,44.77362823486328,57.34000015258789,0.0,57.689998626708984,56.970001220703125,57.459999084472656,0.0,10065000
2017-04-03,44.117713928222656,56.5,0.0,57.34000015258789,56.040000915527344,57.2599983215332,0.0,11343500
2017-04-04,44.25826644897461,56.68000030517578,0.0,56.90999984741211,56.25,56.29999923706055,0.0,7123900
2017-04-05,44.09429168701172,56.470001220703125,0.0,57.529998779296875,56.41999816894531,56.79999923706055,0.0,7857700
2017-04-06,44.141143798828125,56.529998779296875,0.0,56.72999954223633,56.13999938964844,56.439998626708984,0.0,5757800
2017-04-07,43.977169036865234,56.31999969482422,0.0,56.599998474121094,56.189998626708984,56.58000183105469,0.0,5229800
2017-04-10,44.133338928222656,56.52000045776367,0.0,56.810001373291016,56.27000045776367,56.43000030517578,0.0,6039800
2017-04-11,43.21975326538086,55.349998474121094,0.0,56.36000061035156,54.720001220703125,56.31999969482422,0.0,17301800
2017-04-12,41.689300537109375,53.38999938964844,0.0,54.650001525878906,53.119998931884766,54.63999938964844,0.0,24822200
2017-04-13,41.22078323364258,52.790000915527344,0.0,53.68000030517578,52.779998779296875,53.130001068115234,0.0,17014400
2017-04-17,41.29886245727539,52.88999938964844,0.0,53.130001068115234,52.75,52.9900016784668,0.0,10471700
2017-04-18,41.1270866394043,52.66999816894531,0.0,52.97999954223633,52.38999938964844,52.599998474121094,0.0,11262800
2017-04-19,41.080230712890625,52.61000061035156,0.0,53.099998474121094,52.29999923706055,53.0,0.0,15441500
2017-04-20,41.119285583496094,52.65999984741211,0.0,53.400001525878906,51.400001525878906,53.220001220703125,0.0,24664600
2017-04-21,40.994346618652344,52.5,0.0,52.79999923706055,52.209999084472656,52.77000045776367,0.0,10951500
2017-04-24,41.23639678955078,52.810001373291016,0.0,53.25,52.75,53.0099983215332,0.0,10784400
2017-04-25,41.384761810302734,53.0,0.0,53.4900016784668,52.959999084472656,53.16999816894531,0.0,11688700
2017-04-26,41.41598892211914,53.040000915527344,0.0,53.29999923706055,52.90999984741211,53.20000076293945,0.0,7373800
2017-04-27,41.548736572265625,53.209999084472656,0.0,53.34000015258789,52.90999984741211,53.2400016784668,0.0,6956200
2017-04-28,41.962589263916016,53.7400016784668,0.0,53.95000076293945,51.04999923706055,51.79999923706055,0.0,34374100
2017-05-01,41.853275299072266,53.599998474121094,0.0,53.70000076293945,53.099998474121094,53.650001525878906,0.0,12987700
2017-05-02,41.61121368408203,53.290000915527344,0.0,53.72999954223633,52.900001525878906,53.650001525878906,0.0,10445400
2017-05-03,42.5482177734375,54.4900016784668,0.0,54.77000045776367,53.25,53.40999984741211,0.0,18428300
2017-05-04,42.87617874145508,54.90999984741211,0.0,55.0,54.5,54.72999954223633,0.0,11993400
2017-05-05,42.89179992675781,54.93000030517578,0.0,55.0,54.70000076293945,54.93000030517578,0.0,9108800
2017-05-08,42.64973831176758,54.619998931884766,0.0,55.0,54.560001373291016,54.9900016784668,0.0,7033400
2017-05-09,43.0635871887207,55.150001525878906,0.0,55.189998626708984,54.630001068115234,54.689998626708984,0.0,8332900
2017-05-10,43.20412826538086,55.33000183105469,0.0,55.43000030517578,54.86000061035156,55.220001220703125,0.0,8517700
2017-05-11,42.69658660888672,54.68000030517578,0.0,55.29999923706055,54.40999984741211,55.25,0.0,13514700
2017-05-12,43.196327209472656,55.31999969482422,0.0,55.349998474121094,54.400001525878906,54.5,0.0,9107600
2017-05-15,43.258792877197266,55.400001525878906,0.0,55.4900016784668,55.08000183105469,55.08000183105469,0.0,10686100
2017-05-16,43.68824768066406,55.95000076293945,0.0,55.97999954223633,55.099998474121094,55.38999938964844,0.0,9599300
2017-05-17,43.227561950683594,55.36000061035156,0.0,56.08000183105469,55.29999923706055,55.63999938964844,0.0,14811300
2017-05-18,43.820987701416016,56.119998931884766,0.0,56.310001373291016,55.02000045776367,55.58000183105469,0.0,13125300
2017-05-19,45.03130340576172,57.66999816894531,0.0,57.790000915527344,56.20000076293945,56.4900016784668,0.0,16643800
2017-05-22,46.28847885131836,59.279998779296875,0.0,59.540000915527344,58.380001068115234,58.38999938964844,0.0,20771500
2017-05-23,46.24162292480469,59.220001220703125,0.0,59.88999938964844,59.130001068115234,59.380001068115234,0.0,14223400
2017-05-24,45.78872299194336,58.63999938964844,0.0,59.619998931884766,58.56999969482422,59.279998779296875,0.0,8592600
2017-05-25,45.6403694152832,58.45000076293945,0.0,58.95000076293945,58.2599983215332,58.650001525878906,0.0,9556500
2017-05-26,45.35649490356445,57.52000045776367,0.57,57.97999954223633,57.369998931884766,57.65999984741211,0.0,8261900
2017-05-30,45.21455001831055,57.34000015258789,0.0,57.7400016784668,57.16999816894531,57.279998779296875,0.0,11553700
2017-05-31,45.15936279296875,57.27000045776367,0.0,57.72999954223633,57.0,57.2599983215332,0.0,14082600
2017-06-01,46.2238655090332,58.619998931884766,0.0,58.650001525878906,57.349998474121094,57.45000076293945,0.0,11560100
2017-06-02,46.19233703613281,58.58000183105469,0.0,58.959999084472656,58.349998474121094,58.88999938964844,0.0,9538000
2017-06-05,46.413124084472656,58.86000061035156,0.0,59.04999923706055,58.47999954223633,58.5,0.0,7960800
2017-06-06,45.892696380615234,58.20000076293945,0.0,58.90999984741211,58.18000030517578,58.599998474121094,0.0,7871500
2017-06-07,45.3643798828125,57.529998779296875,0.0,58.4900016784668,57.130001068115234,58.29999923706055,0.0,10126500
2017-06-08,45.82960891723633,58.119998931884766,0.0,58.150001525878906,57.61000061035156,57.77000045776367,0.0,10322200
2017-06-09,44.98588180541992,57.04999923706055,0.0,58.4900016784668,56.7400016784668,58.369998931884766,0.0,13624800
2017-06-12,45.332828521728516,57.4900016784668,0.0,57.68000030517578,56.47999954223633,56.52000045776367,0.0,9985100
2017-06-13,45.37226867675781,57.540000915527344,0.0,58.06999969482422,57.5,57.95000076293945,0.0,7111500
2017-06-14,44.95433807373047,57.0099983215332,0.0,57.970001220703125,56.66999816894531,57.70000076293945,0.0,6740000
2017-06-15,44.8912467956543,56.93000030517578,0.0,57.16999816894531,56.400001525878906,56.41999816894531,0.0,5416600
2017-06-16,44.80451202392578,56.81999969482422,0.0,57.0099983215332,56.349998474121094,56.97999954223633,0.0,14555600
2017-06-19,45.427452087402344,57.61000061035156,0.0,57.65999984741211,56.90999984741211,56.959999084472656,0.0,7166200
2017-06-20,44.780853271484375,56.790000915527344,0.0,57.61000061035156,56.5099983215332,57.459999084472656,0.0,8181600
2017-06-21,44.41814422607422,56.33000183105469,0.0,56.84000015258789,56.119998931884766,56.790000915527344,0.0,8324900
2017-06-22,44.52853012084961,56.470001220703125,0.0,56.75,56.060001373291016,56.2400016784668,0.0,5560100
2017-06-23,44.875492095947266,56.90999984741211,0.0,57.439998626708984,56.56999969482422,56.63999938964844,0.0,11847900
2017-06-26,44.59950256347656,56.560001373291016,0.0,57.689998626708984,56.209999084472656,57.09000015258789,0.0,7339100
2017-06-27,43.70845413208008,55.43000030517578,0.0,56.33000183105469,55.40999984741211,56.290000915527344,0.0,6814400
2017-06-28,44.28409194946289,56.15999984741211,0.0,56.31999969482422,55.18000030517578,55.400001525878906,0.0,7542400
2017-06-29,43.43246841430664,55.08000183105469,0.0,55.93000030517578,54.54999923706055,55.93000030517578,0.0,8456900
2017-06-30,43.542869567871094,55.220001220703125,0.0,55.630001068115234,55.029998779296875,55.599998474121094,0.0,8781900
2017-07-03,43.3299560546875,54.95000076293945,0.0,56.02000045776367,54.91999816894531,55.529998779296875,0.0,4379600
2017-07-05,43.72422409057617,55.45000076293945,0.0,55.560001373291016,54.779998779296875,55.0099983215332,0.0,6823800
2017-07-06,43.203800201416016,54.790000915527344,0.0,55.22999954223633,54.7400016784668,55.02000045776367,0.0,5663000
2017-07-07,43.64537048339844,55.349998474121094,0.0,55.72999954223633,54.869998931884766,55.040000915527344,0.0,5356000
2017-07-10,43.87405014038086,55.63999938964844,0.0,55.88999938964844,55.189998626708984,55.369998931884766,0.0,5098100
2017-07-11,43.62960433959961,55.33000183105469,0.0,55.630001068115234,55.02000045776367,55.630001068115234,0.0,6124900
2017-07-12,44.31563186645508,56.20000076293945,0.0,56.310001373291016,55.720001220703125,55.790000915527344,0.0,6126800
2017-07-13,44.33928298950195,56.22999954223633,0.0,56.52000045776367,56.16999816894531,56.380001068115234,0.0,6219200
2017-07-14,44.796634674072266,56.810001373291016,0.0,56.93000030517578,56.150001525878906,56.5,0.0,4440100
2017-07-17,44.52064514160156,56.459999084472656,0.0,56.91999816894531,56.38999938964844,56.72999954223633,0.0,5123600
2017-07-18,44.386592864990234,56.290000915527344,0.0,56.380001068115234,56.0,56.34000015258789,0.0,7441000
2017-07-19,44.77297592163086,56.779998779296875,0.0,56.939998626708984,56.0099983215332,56.459999084472656,0.0,8783700
2017-07-20,42.55720138549805,53.970001220703125,0.0,55.43000030517578,53.459999084472656,55.11000061035156,0.0,35943900
2017-07-21,42.45469665527344,53.84000015258789,0.0,54.0,53.369998931884766,53.65999984741211,0.0,12113100
2017-07-24,41.96580123901367,53.220001220703125,0.0,53.880001068115234,53.09000015258789,53.75,0.0,8832200
2017-07-25,42.005226135253906,53.27000045776367,0.0,53.650001525878906,53.06999969482422,53.20000076293945,0.0,7112100
2017-07-26,41.9027099609375,53.13999938964844,0.0,53.349998474121094,52.7400016784668,53.290000915527344,0.0,7581500
2017-07-27,41.39015197753906,52.4900016784668,0.0,53.369998931884766,52.22999954223633,53.08000183105469,0.0,14069200
2017-07-28,41.69768524169922,52.880001068115234,0.0,52.9900016784668,52.27000045776367,52.27000045776367,0.0,6644300
2017-07-31,41.942138671875,53.189998626708984,0.0,53.29999923706055,52.75,53.099998474121094,0.0,11302700
2017-08-01,42.11560821533203,53.40999984741211,0.0,53.43000030517578,52.90999984741211,53.29999923706055,0.0,9372100
2017-08-02,41.926361083984375,53.16999816894531,0.0,53.38999938964844,52.779998779296875,53.29999923706055,0.0,23084000
2017-08-03,41.752899169921875,52.95000076293945,0.0,53.34000015258789,52.75,53.15999984741211,0.0,8643500
2017-08-04,41.492679595947266,52.619998931884766,0.0,53.0,52.5099983215332,53.0,0.0,8677900
2017-08-07,41.55575180053711,52.70000076293945,0.0,52.849998474121094,52.4900016784668,52.5,0.0,6561800
2017-08-08,41.23246383666992,52.290000915527344,0.0,53.33000183105469,52.209999084472656,52.54999923706055,0.0,10462200
2017-08-09,41.6109504699707,52.77000045776367,0.0,52.79999923706055,52.0,52.04999923706055,0.0,8085300
2017-08-10,41.27188491821289,52.34000015258789,0.0,52.75,52.11000061035156,52.540000915527344,0.0,10768000
2017-08-11,41.5715217590332,52.720001220703125,0.0,53.130001068115234,52.290000915527344,52.38999938964844,0.0,5894200
2017-08-14,42.22600555419922,53.54999923706055,0.0,53.63999938964844,52.90999984741211,53.040000915527344,0.0,8118200
2017-08-15,42.47834014892578,53.869998931884766,0.0,54.08000183105469,53.349998474121094,53.65999984741211,0.0,7876300
2017-08-16,42.036766052246094,53.310001373291016,0.0,54.099998474121094,53.2599983215332,54.060001373291016,0.0,7414900
2017-08-17,41.21669006347656,52.27000045776367,0.0,53.40999984741211,52.27000045776367,53.189998626708984,0.0,6589400
2017-08-18,40.940696716308594,51.91999816894531,0.0,52.41999816894531,51.900001525878906,52.2599983215332,0.0,6696400
2017-08-21,40.98802185058594,51.97999954223633,0.0,52.08000183105469,51.5,52.0,0.0,5205700
2017-08-22,41.27976989746094,52.349998474121094,0.0,52.619998931884766,52.209999084472656,52.209999084472656,0.0,4443300
2017-08-23,41.185142517089844,52.22999954223633,0.0,52.40999984741211,51.779998779296875,52.29999923706055,0.0,5259300
2017-08-24,41.39015197753906,52.4900016784668,0.0,52.709999084472656,52.2599983215332,52.369998931884766,0.0,6198600
2017-08-25,41.02744674682617,52.029998779296875,0.0,52.849998474121094,52.02000045776367,52.779998779296875,0.0,8684700
2017-08-28,41.30649185180664,51.810001373291016,0.57,51.810001373291016,51.459999084472656,51.77000045776367,0.0,4519000
2017-08-29,41.30649185180664,51.810001373291016,0.0,51.86000061035156,51.279998779296875,51.310001373291016,0.0,4980900
2017-08-30,41.55363845825195,52.119998931884766,0.0,52.290000915527344,51.560001373291016,52.22999954223633,0.0,4876200
2017-08-31,41.673221588134766,52.27000045776367,0.0,52.59000015258789,52.119998931884766,52.2599983215332,0.0,8215800
2017-09-01,41.49782943725586,52.04999923706055,0.0,52.77000045776367,51.93000030517578,52.529998779296875,0.0,5301300
2017-09-05,39.8873405456543,50.029998779296875,0.0,51.900001525878906,49.83000183105469,51.86000061035156,0.0,17811100
2017-09-06,40.222198486328125,50.45000076293945,0.0,50.77000045776367,49.83000183105469,50.189998626708984,0.0,16206900
2017-09-07,40.166385650634766,50.380001068115234,0.0,50.689998626708984,50.25,50.560001373291016,0.0,10035500
2017-09-08,39.576412200927734,49.63999938964844,0.0,50.45000076293945,48.91999816894531,50.349998474121094,0.0,12809400
2017-09-11,40.31787872314453,50.56999969482422,0.0,50.66999816894531,49.90999984741211,49.939998626708984,0.0,7473500
2017-09-12,40.58096694946289,50.900001525878906,0.0,51.06999969482422,50.52000045776367,50.599998474121094,0.0,4526800
2017-09-13,40.66867446899414,51.0099983215332,0.0,51.11000061035156,50.720001220703125,50.79999923706055,0.0,6191400
2017-09-14,41.043392181396484,51.47999954223633,0.0,51.59000015258789,50.66999816894531,50.970001220703125,0.0,7741300
2017-09-15,41.60944366455078,52.189998626708984,0.0,52.290000915527344,51.439998626708984,51.95000076293945,0.0,13177900
2017-09-18,41.65727996826172,52.25,0.0,52.369998931884766,51.959999084472656,52.2400016784668,0.0,6002700
2017-09-19,41.697139739990234,52.29999923706055,0.0,52.5,52.060001373291016,52.400001525878906,0.0,5825200
2017-09-20,41.4420166015625,51.97999954223633,0.0,52.52000045776367,51.47999954223633,52.43000030517578,0.0,8400300
2017-09-21,41.48188400268555,52.029998779296875,0.0,52.20000076293945,51.709999084472656,51.86000061035156,0.0,5750600
2017-09-22,41.52970886230469,52.09000015258789,0.0,52.22999954223633,51.779998779296875,51.81999969482422,0.0,4105100
2017-09-25,41.155006408691406,51.619998931884766,0.0,52.290000915527344,51.61000061035156,51.900001525878906,0.0,8178400
2017-09-26,40.76433563232422,51.130001068115234,0.0,51.869998931884766,50.849998474121094,51.75,0.0,9378800
2017-09-27,41.099205017089844,51.54999923706055,0.0,51.61000061035156,51.150001525878906,51.43000030517578,0.0,8200600
2017-09-28,41.25864791870117,51.75,0.0,52.040000915527344,51.310001373291016,51.380001068115234,0.0,5732900
2017-09-29,41.33039855957031,51.84000015258789,0.0,52.040000915527344,51.619998931884766,51.90999984741211,0.0,5371200
2017-10-02,41.36228942871094,51.880001068115234,0.0,52.15999984741211,51.70000076293945,52.09000015258789,0.0,4439200
2017-10-03,41.473907470703125,52.02000045776367,0.0,52.220001220703125,51.650001525878906,51.9900016784668,0.0,4378000
2017-10-04,41.42607498168945,51.959999084472656,0.0,52.119998931884766,51.66999816894531,51.93000030517578,0.0,4587700
2017-10-05,41.737003326416016,52.349998474121094,0.0,52.43000030517578,51.959999084472656,52.16999816894531,0.0,5179100
2017-10-06,41.84862518310547,52.4900016784668,0.0,52.630001068115234,52.15999984741211,52.15999984741211,0.0,4795300
2017-10-09,42.15956115722656,52.880001068115234,0.0,52.97999954223633,52.380001068115234,52.68000030517578,0.0,5817500
2017-10-10,42.948856353759766,53.869998931884766,0.0,53.900001525878906,52.900001525878906,52.95000076293945,0.0,8761700
2017-10-11,43.14817810058594,54.119998931884766,0.0,54.380001068115234,53.65999984741211,53.790000915527344,0.0,9427300
2017-10-12,42.25522994995117,53.0,0.0,54.18000030517578,52.959999084472656,53.880001068115234,0.0,7062300
2017-10-13,42.111717224121094,52.81999969482422,0.0,53.380001068115234,52.7400016784668,53.380001068115234,0.0,7005600
2017-10-16,41.760921478271484,52.380001068115234,0.0,53.0,52.310001373291016,52.97999954223633,0.0,5930900
2017-10-17,41.78483963012695,52.40999984741211,0.0,52.439998626708984,51.849998474121094,52.31999969482422,0.0,7662900
2017-10-18,41.625389099121094,52.209999084472656,0.0,52.66999816894531,52.02000045776367,52.540000915527344,0.0,6032600
2017-10-19,41.68917465209961,52.290000915527344,0.0,52.400001525878906,52.0099983215332,52.029998779296875,0.0,6825200
2017-10-20,41.473907470703125,52.02000045776367,0.0,52.59000015258789,51.939998626708984,52.5099983215332,0.0,8845000
2017-10-23,42.56616973876953,53.38999938964844,0.0,53.779998779296875,52.130001068115234,52.29999923706055,0.0,9775400
2017-10-24,43.25182342529297,54.25,0.0,54.439998626708984,53.400001525878906,53.439998626708984,0.0,11415700
2017-10-25,42.924930572509766,53.84000015258789,0.0,54.43000030517578,53.47999954223633,53.97999954223633,0.0,7581500
2017-10-26,42.89305114746094,53.79999923706055,0.0,54.38999938964844,53.66999816894531,54.099998474121094,0.0,5270800
2017-10-27,43.50693893432617,54.56999969482422,0.0,54.70000076293945,53.36000061035156,53.70000076293945,0.0,8962400
2017-10-30,43.578704833984375,54.65999984741211,0.0,54.77000045776367,54.08000183105469,54.15999984741211,0.0,7081500
2017-10-31,40.66867446899414,51.0099983215332,0.0,52.4900016784668,50.02000045776367,52.2599983215332,0.0,29914100
2017-11-01,42.621971130371094,53.459999084472656,0.0,53.4900016784668,50.5099983215332,51.470001220703125,0.0,15624400
2017-11-02,43.722206115722656,54.84000015258789,0.0,55.68000030517578,53.599998474121094,53.599998474121094,0.0,17337800
2017-11-03,49.279170989990234,61.810001373291016,0.0,64.98999786376953,54.209999084472656,54.7599983215332,0.0,80964500
2017-11-06,49.84523010253906,62.52000045776367,0.0,65.33000183105469,62.150001525878906,64.54000091552734,0.0,58900800
2017-11-07,51.10490798950195,64.0999984741211,0.0,64.16000366210938,62.45000076293945,62.52000045776367,0.0,23424600
2017-11-08,52.2131233215332,65.48999786376953,0.0,65.79000091552734,64.20999908447266,64.20999908447266,0.0,26515400
2017-11-09,51.503543853759766,64.5999984741211,0.0,65.33000183105469,63.93000030517578,64.91000366210938,0.0,15954900
2017-11-10,51.47962951660156,64.56999969482422,0.0,65.0999984741211,63.91999816894531,64.36000061035156,0.0,9626200
2017-11-13,53.01038360595703,66.48999786376953,0.0,66.81999969482422,64.75,64.95999908447266,0.0,24411600
2017-11-14,52.619728088378906,66.0,0.0,66.80000305175781,65.55000305175781,66.16000366210938,0.0,14036700
2017-11-15,52.30878829956055,65.61000061035156,0.0,66.4800033569336,65.23999786376953,65.55000305175781,0.0,10565400
2017-11-16,52.70741653442383,66.11000061035156,0.0,66.54000091552734,65.43000030517578,65.7699966430664,0.0,12339800
2017-11-17,53.19377136230469,66.72000122070312,0.0,66.94999694824219,66.0,66.37000274658203,0.0,13334000
2017-11-20,52.99443054199219,66.47000122070312,0.0,66.8499984741211,65.94999694824219,66.18000030517578,0.0,9749400
2017-11-21,53.153892517089844,66.66999816894531,0.0,66.93000030517578,65.2699966430664,65.3499984741211,0.0,11215800
2017-11-22,54.31791305541992,68.12999725341797,0.0,68.26000213623047,66.23999786376953,66.37000274658203,0.0,15489400
2017-11-24,54.93977737426758,68.91000366210938,0.0,69.27999877929688,68.44999694824219,68.51000213623047,0.0,9233500
2017-11-27,54.32588577270508,68.13999938964844,0.0,68.91999816894531,68.04000091552734,68.5999984741211,0.0,20404600
2017-11-28,54.97712326049805,68.37999725341797,0.57,68.41000366210938,67.22000122070312,67.58999633789062,0.0,12861300
2017-11-29,53.4816780090332,66.5199966430664,0.0,68.19999694824219,66.02999877929688,68.0999984741211,0.0,17022200
2017-11-30,53.33696746826172,66.33999633789062,0.0,67.0999984741211,65.72000122070312,66.51000213623047,0.0,15555600
2017-12-01,52.6535758972168,65.48999786376953,0.0,66.12000274658203,64.5999984741211,65.19999694824219,0.0,15851100
2017-12-04,51.905845642089844,64.55999755859375,0.0,65.69999694824219,63.79999923706055,65.5999984741211,0.0,17325100
2017-12-05,52.0103759765625,64.69000244140625,0.0,65.02999877929688,64.4000015258789,64.8499984741211,0.0,9661200
2017-12-06,52.2435417175293,64.9800033569336,0.0,65.68000030517578,64.36000061035156,64.63999938964844,0.0,6952300
2017-12-07,52.44453811645508,65.2300033569336,0.0,65.55000305175781,64.7699966430664,65.20999908447266,0.0,8755000
2017-12-08,51.6485710144043,64.23999786376953,0.0,65.5999984741211,63.880001068115234,65.5999984741211,0.0,9371900
2017-12-11,52.40433120727539,65.18000030517578,0.0,65.26000213623047,64.0,64.05999755859375,0.0,12185000
2017-12-12,52.147056579589844,64.86000061035156,0.0,65.11000061035156,64.55000305175781,64.87999725341797,0.0,7021200
2017-12-13,52.17921447753906,64.9000015258789,0.0,65.43000030517578,64.83000183105469,64.9800033569336,0.0,6490400
2017-12-14,52.018409729003906,64.69999694824219,0.0,65.16999816894531,64.55000305175781,64.86000061035156,0.0,7122000
2017-12-15,52.06666564941406,64.76000213623047,0.0,65.41999816894531,64.5,65.33000183105469,0.0,18833000
2017-12-18,52.56513595581055,65.37999725341797,0.0,65.45999908447266,64.80000305175781,64.93000030517578,0.0,7440900
2017-12-19,51.85761642456055,64.5,0.0,65.4800033569336,64.43000030517578,65.11000061035156,0.0,7130000
2017-12-20,51.93800735473633,64.5999984741211,0.0,65.16999816894531,64.33000183105469,64.55999755859375,0.0,6933600
2017-12-21,51.7691764831543,64.38999938964844,0.0,64.95999908447266,64.33999633789062,64.75,0.0,5451100
2017-12-22,52.04253387451172,64.7300033569336,0.0,64.9800033569336,64.30000305175781,64.30999755859375,0.0,4444300
2017-12-26,51.69682693481445,64.30000305175781,0.0,64.94000244140625,64.19999694824219,64.48999786376953,0.0,4236500
2017-12-27,51.8897819519043,64.54000091552734,0.0,64.63999938964844,64.18000030517578,64.31999969482422,0.0,4899600
2017-12-28,51.76113510131836,64.37999725341797,0.0,64.7300033569336,64.3499984741211,64.69000244140625,0.0,2451300
2017-12-29,51.471702575683594,64.0199966430664,0.0,64.6500015258789,64.0,64.36000061035156,0.0,6631800
2018-01-02,52.42041015625,65.19999694824219,0.0,65.33000183105469,64.16999816894531,64.37999725341797,0.0,6329600
2018-01-03,53.01537322998047,65.94000244140625,0.0,66.05999755859375,64.69000244140625,65.22000122070312,0.0,6844200
2018-01-04,53.08773422241211,66.02999877929688,0.0,66.52999877929688,65.91000366210938,66.18000030517578,0.0,5060100
2018-01-05,53.44148635864258,66.47000122070312,0.0,66.5999984741211,65.5,66.04000091552734,0.0,5421800
2018-01-08,53.28066635131836,66.2699966430664,0.0,66.52999877929688,65.94000244140625,66.25,0.0,4266900
2018-01-09,52.4766960144043,65.2699966430664,0.0,65.86000061035156,64.94000244140625,65.63999938964844,0.0,7632300
2018-01-10,52.468658447265625,65.26000213623047,0.0,65.73999786376953,64.87999725341797,65.4800033569336,0.0,6569300
2018-01-11,52.60533905029297,65.43000030517578,0.0,65.5,65.13999938964844,65.19999694824219,0.0,4233100
2018-01-12,52.56513595581055,65.37999725341797,0.0,65.9000015258789,65.08000183105469,65.61000061035156,0.0,5007200
2018-01-16,54.872596740722656,68.25,0.0,68.6500015258789,66.02999877929688,66.2300033569336,0.0,24478800
2018-01-17,54.68767547607422,68.0199966430664,0.0,68.9000015258789,67.23999786376953,68.5199966430664,0.0,12559100
2018-01-18,54.71179962158203,68.05000305175781,0.0,68.18000030517578,67.48999786376953,67.75,0.0,6797900
2018-01-19,54.703758239746094,68.04000091552734,0.0,68.25,67.75,68.04000091552734,0.0,8864300
2018-01-22,55.21028137207031,68.66999816894531,0.0,68.75,67.70999908447266,67.80999755859375,0.0,8566200
2018-01-23,54.9449462890625,68.33999633789062,0.0,68.9000015258789,68.23999786376953,68.5999984741211,0.0,7825600
2018-01-24,54.655513763427734,67.9800033569336,0.0,68.29000091552734,67.37999725341797,68.19999694824219,0.0,12383100
2018-01-25,54.20528030395508,67.41999816894531,0.0,68.37000274658203,67.29000091552734,68.13999938964844,0.0,9122200
2018-01-26,55.09771728515625,68.52999877929688,0.0,68.52999877929688,67.5999984741211,67.94000244140625,0.0,7919000
2018-01-29,54.1248779296875,67.31999969482422,0.0,68.30000305175781,67.23999786376953,68.16000366210938,0.0,9745300
2018-01-30,53.859561920166016,66.98999786376953,0.0,67.91000366210938,66.7300033569336,67.43000030517578,0.0,8059500
2018-01-31,54.872596740722656,68.25,0.0,68.37999725341797,67.45999908447266,67.55000305175781,0.0,13915600
2018-02-01,53.70680236816406,66.80000305175781,0.0,68.3499984741211,66.31999969482422,67.0,0.0,16838500
2018-02-02,53.119876861572266,66.06999969482422,0.0,67.04000091552734,65.86000061035156,66.18000030517578,0.0,10971700
2018-02-05,49.63056182861328,61.72999954223633,0.0,66.55000305175781,60.5,66.30000305175781,0.0,35996000
2018-02-06,51.777217864990234,64.4000015258789,0.0,64.52999877929688,62.20000076293945,62.310001373291016,0.0,24458700
2018-02-07,52.29176712036133,65.04000091552734,0.0,66.12000274658203,64.0199966430664,64.22000122070312,0.0,15021200
2018-02-08,50.185298919677734,62.41999816894531,0.0,65.06999969482422,62.400001525878906,64.62999725341797,0.0,13451600
2018-02-09,51.44757843017578,63.9900016784668,0.0,64.31999969482422,61.459999084472656,62.95000076293945,0.0,23095000
2018-02-12,52.79025650024414,65.66000366210938,0.0,65.69999694824219,64.38999938964844,64.88999938964844,0.0,13692100
2018-02-13,52.82240295410156,65.69999694824219,0.0,65.76000213623047,64.9800033569336,65.2300033569336,0.0,7695900
2018-02-14,53.53795623779297,66.58999633789062,0.0,66.80000305175781,65.0999984741211,65.1500015258789,0.0,10370900
2018-02-15,52.48473358154297,65.27999877929688,0.0,66.37999725341797,63.86000061035156,66.37999725341797,0.0,15548400
2018-02-16,52.13901138305664,64.8499984741211,0.0,65.83000183105469,64.5999984741211,64.7699966430664,0.0,11760300
2018-02-20,51.44757843017578,63.9900016784668,0.0,64.13999938964844,61.86000061035156,63.0099983215332,0.0,27494600
2018-02-21,50.97322082519531,63.400001525878906,0.0,63.86000061035156,62.650001525878906,63.119998931884766,0.0,14895600
2018-02-22,49.99235916137695,62.18000030517578,0.0,63.58000183105469,62.029998779296875,63.150001525878906,0.0,11722300
2018-02-23,50.908905029296875,63.31999969482422,0.0,63.31999969482422,62.029998779296875,62.810001373291016,0.0,6762200
2018-02-26,53.85152053833008,66.9800033569336,0.0,67.36000061035156,64.19000244140625,64.55000305175781,0.0,27374300
2018-02-27,53.794761657714844,66.33999633789062,0.57,67.62999725341797,66.01000213623047,67.0,0.0,14326000
2018-02-28,52.708160400390625,65.0,0.0,66.72000122070312,64.91000366210938,66.69999694824219,0.0,9582100
2018-03-01,52.67573928833008,64.95999908447266,0.0,66.23999786376953,64.33000183105469,65.02999877929688,0.0,10799200
2018-03-02,52.49732208251953,64.73999786376953,0.0,64.8499984741211,64.02999877929688,64.30999755859375,0.0,10612700
2018-03-05,51.90538024902344,64.01000213623047,0.0,65.5999984741211,63.540000915527344,64.33999633789062,0.0,15445500
2018-03-06,50.38899612426758,62.13999938964844,0.0,63.54999923706055,61.060001373291016,63.5,0.0,23450400
2018-03-07,50.67281723022461,62.4900016784668,0.0,62.61000061035156,61.43000030517578,61.4900016784668,0.0,12602400
2018-03-08,50.1295051574707,61.81999969482422,0.0,62.7400016784668,61.56999969482422,62.650001525878906,0.0,8902100
2018-03-09,51.110694885253906,63.029998779296875,0.0,63.060001373291016,62.119998931884766,62.36000061035156,0.0,7655300
2018-03-12,50.932308197021484,62.810001373291016,0.0,63.47999954223633,62.29999923706055,63.04999923706055,0.0,15801300
2018-03-13,48.41041946411133,59.70000076293945,0.0,61.400001525878906,59.130001068115234,59.77000045776367,0.0,38572700
2018-03-14,48.75098419189453,60.119998931884766,0.0,60.380001068115234,57.900001525878906,59.900001525878906,0.0,29759100
2018-03-15,48.564491271972656,59.88999938964844,0.0,60.279998779296875,59.560001373291016,60.029998779296875,0.0,10494300
2018-03-16,49.15644454956055,60.619998931884766,0.0,61.4900016784668,60.47999954223633,60.599998474121094,0.0,25574500
2018-03-19,47.33192443847656,58.369998931884766,0.0,60.349998474121094,57.900001525878906,60.189998626708984,0.0,14131400
2018-03-20,47.24272537231445,58.2599983215332,0.0,59.09000015258789,57.95000076293945,58.9900016784668,0.0,10615400
2018-03-21,46.066932678222656,56.810001373291016,0.0,58.279998779296875,56.77000045776367,57.5,0.0,12231900
2018-03-22,45.06951904296875,55.58000183105469,0.0,56.83000183105469,55.52000045776367,56.2400016784668,0.0,13554600
2018-03-23,43.51262283325195,53.65999984741211,0.0,55.79999923706055,53.650001525878906,55.630001068115234,0.0,14713300
2018-03-26,45.515525817871094,56.130001068115234,0.0,56.13999938964844,54.25,54.58000183105469,0.0,12093900
2018-03-27,44.46947479248047,54.84000015258789,0.0,57.2400016784668,54.540000915527344,56.59000015258789,0.0,12243200
2018-03-28,44.35593795776367,54.70000076293945,0.0,55.970001220703125,54.459999084472656,54.810001373291016,0.0,12925500
2018-03-29,44.93168640136719,55.40999984741211,0.0,55.93000030517578,54.619998931884766,55.040000915527344,0.0,8482500
2018-04-02,43.634254455566406,53.810001373291016,0.0,55.2400016784668,53.06999969482422,55.099998474121094,0.0,16469600
2018-04-03,44.42081069946289,54.779998779296875,0.0,55.04999923706055,53.619998931884766,54.290000915527344,0.0,7930700
2018-04-04,44.591102600097656,54.9900016784668,0.0,55.119998931884766,53.41999816894531,53.79999923706055,0.0,7496700
2018-04-05,44.631649017333984,55.040000915527344,0.0,55.5,54.439998626708984,55.4900016784668,0.0,5823300
2018-04-06,43.07474136352539,53.119998931884766,0.0,54.77000045776367,53.11000061035156,54.41999816894531,0.0,8322200
2018-04-09,43.326107025146484,53.43000030517578,0.0,54.88999938964844,53.34000015258789,53.52000045776367,0.0,7608500
2018-04-10,44.41269302368164,54.77000045776367,0.0,55.0099983215332,54.220001220703125,54.58000183105469,0.0,12009000
2018-04-11,44.60731887817383,55.0099983215332,0.0,55.06999969482422,54.150001525878906,54.189998626708984,0.0,6205300
2018-04-12,44.76138687133789,55.20000076293945,0.0,55.650001525878906,55.02000045776367,55.470001220703125,0.0,7412700
2018-04-13,45.191158294677734,55.72999954223633,0.0,56.790000915527344,55.41999816894531,56.61000061035156,0.0,12588200
2018-04-16,44.41269302368164,54.77000045776367,0.0,55.9900016784668,54.56999969482422,55.939998626708984,0.0,7850500
2018-04-17,44.883033752441406,55.349998474121094,0.0,55.68000030517578,54.779998779296875,54.9900016784668,0.0,7089700
2018-04-18,44.78572082519531,55.22999954223633,0.0,55.619998931884766,54.880001068115234,55.13999938964844,0.0,4796800
2018-04-19,42.628726959228516,52.56999969482422,0.0,54.13999938964844,52.5,54.0,0.0,19179500
2018-04-20,41.712432861328125,51.439998626708984,0.0,52.88999938964844,51.31999969482422,52.810001373291016,0.0,11838200
2018-04-23,40.974510192871094,50.529998779296875,0.0,51.810001373291016,50.27000045776367,51.5,0.0,10961500
2018-04-24,40.496089935302734,49.939998626708984,0.0,51.290000915527344,49.380001068115234,50.880001068115234,0.0,11670000
2018-04-25,40.342010498046875,49.75,0.0,50.439998626708984,48.869998931884766,50.0,0.0,9619200
2018-04-26,40.92585754394531,50.470001220703125,0.0,50.59000015258789,48.560001373291016,49.52000045776367,0.0,13684000
2018-04-27,41.4448356628418,51.11000061035156,0.0,51.36000061035156,50.4900016784668,50.75,0.0,9443100
2018-04-30,41.363739013671875,51.0099983215332,0.0,51.81999969482422,51.0,51.25,0.0,9469600
2018-05-01,41.209678649902344,50.81999969482422,0.0,51.04999923706055,50.040000915527344,50.7599983215332,0.0,6780500
2018-05-02,40.75556945800781,50.2599983215332,0.0,51.25,49.91999816894531,51.2400016784668,0.0,8143000
2018-05-03,40.79611587524414,50.310001373291016,0.0,50.540000915527344,49.310001373291016,49.9900016784668,0.0,8609200
2018-05-04,42.563865661621094,52.4900016784668,0.0,52.599998474121094,49.91999816894531,50.18000030517578,0.0,9880600
2018-05-07,42.985530853271484,53.0099983215332,0.0,53.27000045776367,52.52000045776367,52.58000183105469,0.0,9571700
2018-05-08,42.8638916015625,52.86000061035156,0.0,53.27000045776367,52.11000061035156,53.040000915527344,0.0,9930000
2018-05-09,43.115272521972656,53.16999816894531,0.0,53.33000183105469,52.20000076293945,52.86000061035156,0.0,7016100
2018-05-10,44.574893951416016,54.970001220703125,0.0,55.06999969482422,53.95000076293945,54.45000076293945,0.0,12267200
2018-05-11,44.78572082519531,55.22999954223633,0.0,55.790000915527344,54.619998931884766,54.7599983215332,0.0,9639100
2018-05-14,46.01017761230469,56.7400016784668,0.0,57.79999923706055,56.34000015258789,57.33000183105469,0.0,15400300
2018-05-15,45.118186950683594,55.63999938964844,0.0,56.61000061035156,55.220001220703125,56.5,0.0,12050500
2018-05-16,45.97773361206055,56.70000076293945,0.0,56.810001373291016,55.66999816894531,55.7599983215332,0.0,8675600
2018-05-17,46.180458068847656,56.95000076293945,0.0,57.380001068115234,56.38999938964844,56.4900016784668,0.0,11450700
2018-05-18,46.63455581665039,57.5099983215332,0.0,57.9900016784668,56.400001525878906,56.93000030517578,0.0,11999700
2018-05-21,46.796730041503906,57.709999084472656,0.0,58.27000045776367,56.77000045776367,57.68000030517578,0.0,14286400
2018-05-22,46.53724670410156,57.38999938964844,0.0,58.36000061035156,57.06999969482422,57.90999984741211,0.0,9432500
2018-05-23,47.696834564208984,58.81999969482422,0.0,58.86000061035156,56.83000183105469,56.90999984741211,0.0,11322500
2018-05-24,47.90766525268555,59.08000183105469,0.0,59.25,58.04999923706055,58.58000183105469,0.0,12487200
2018-05-25,48.621246337890625,59.959999084472656,0.0,60.0,58.810001373291016,58.849998474121094,0.0,11501500
2018-05-29,47.711761474609375,58.22999954223633,0.62,59.599998474121094,57.70000076293945,59.5,0.0,14696300
2018-05-30,47.84284973144531,58.38999938964844,0.0,58.650001525878906,57.65999984741211,58.40999984741211,0.0,9146000
2018-05-31,47.62163162231445,58.119998931884766,0.0,58.56999969482422,57.7599983215332,58.0,0.0,12813200
2018-06-01,48.02311325073242,58.61000061035156,0.0,58.72999954223633,58.0099983215332,58.34000015258789,0.0,8869700
2018-06-04,48.105045318603516,58.709999084472656,0.0,58.869998931884766,57.95000076293945,58.619998931884766,0.0,9696700
2018-06-05,48.3262825012207,58.97999954223633,0.0,59.599998474121094,58.7599983215332,58.86000061035156,0.0,6562700
2018-06-06,49.03093719482422,59.84000015258789,0.0,59.849998474121094,59.11000061035156,59.2599983215332,0.0,6236700
2018-06-07,49.686431884765625,60.63999938964844,0.0,62.650001525878906,60.220001220703125,62.0,0.0,14786100
2018-06-08,49.37508010864258,60.2599983215332,0.0,60.619998931884766,59.810001373291016,60.25,0.0,7035300
2018-06-11,49.10467529296875,59.93000030517578,0.0,60.41999816894531,59.81999969482422,60.16999816894531,0.0,7369500
2018-06-12,48.989952087402344,59.790000915527344,0.0,60.380001068115234,59.54999923706055,60.11000061035156,0.0,7153500
2018-06-13,48.522926330566406,59.220001220703125,0.0,60.22999954223633,59.119998931884766,59.66999816894531,0.0,9676300
2018-06-14,48.71957015991211,59.459999084472656,0.0,59.70000076293945,58.95000076293945,59.290000915527344,0.0,8372900
2018-06-15,49.047332763671875,59.86000061035156,0.0,59.95000076293945,58.91999816894531,59.869998931884766,0.0,13804900
2018-06-18,48.50653076171875,59.20000076293945,0.0,59.369998931884766,58.91999816894531,59.310001373291016,0.0,6946600
2018-06-19,48.096858978271484,58.70000076293945,0.0,58.7400016784668,57.849998474121094,58.279998779296875,0.0,7958300
2018-06-20,48.17060089111328,58.790000915527344,0.0,59.20000076293945,58.310001373291016,59.18000030517578,0.0,6526400
2018-06-21,48.1378173828125,58.75,0.0,59.209999084472656,58.38999938964844,59.209999084472656,0.0,6605400
2018-06-22,47.932987213134766,58.5,0.0,59.099998474121094,58.43000030517578,58.779998779296875,0.0,8074100
2018-06-25,46.74489212036133,57.04999923706055,0.0,58.13999938964844,56.61000061035156,58.09000015258789,0.0,8635900
2018-06-26,46.25327682495117,56.45000076293945,0.0,57.150001525878906,56.310001373291016,57.08000183105469,0.0,8934700
2018-06-27,45.2044792175293,55.16999816894531,0.0,57.529998779296875,55.13999938964844,56.54999923706055,0.0,11832400
2018-06-28,45.80262756347656,55.900001525878906,0.0,56.459999084472656,55.09000015258789,55.119998931884766,0.0,11723600
2018-06-29,45.98289489746094,56.119998931884766,0.0,56.86000061035156,56.08000183105469,56.130001068115234,0.0,11274000
2018-07-02,46.03205490112305,56.18000030517578,0.0,56.220001220703125,55.119998931884766,55.400001525878906,0.0,7299900
2018-07-03,45.33559036254883,55.33000183105469,0.0,56.529998779296875,55.25,56.40999984741211,0.0,3618900
2018-07-05,47.015289306640625,57.380001068115234,0.0,57.43000030517578,55.650001525878906,55.70000076293945,0.0,11728300
2018-07-06,47.39219284057617,57.84000015258789,0.0,58.06999969482422,57.029998779296875,57.459999084472656,0.0,8806200
2018-07-09,47.556060791015625,58.040000915527344,0.0,58.310001373291016,57.22999954223633,58.060001373291016,0.0,4577100
2018-07-10,47.82646560668945,58.369998931884766,0.0,58.470001220703125,57.95000076293945,58.060001373291016,0.0,6848900
2018-07-11,46.94973373413086,57.29999923706055,0.0,58.0099983215332,56.7400016784668,57.43000030517578,0.0,8702000
2018-07-12,47.785491943359375,58.31999969482422,0.0,58.4900016784668,57.310001373291016,57.849998474121094,0.0,8426400
2018-07-13,47.84284973144531,58.38999938964844,0.0,58.779998779296875,58.18000030517578,58.25,0.0,5266100
2018-07-16,47.8100700378418,58.349998474121094,0.0,58.84000015258789,58.060001373291016,58.41999816894531,0.0,5907100
2018-07-17,48.2689208984375,58.90999984741211,0.0,58.90999984741211,57.619998931884766,57.91999816894531,0.0,7560300
2018-07-18,48.146018981933594,58.7599983215332,0.0,59.0,58.369998931884766,59.0,0.0,6795100
2018-07-19,48.59666442871094,59.310001373291016,0.0,59.59000015258789,58.650001525878906,58.709999084472656,0.0,8150200
2018-07-20,48.02311325073242,58.61000061035156,0.0,59.18000030517578,58.400001525878906,58.97999954223633,0.0,10859700
2018-07-23,48.40821838378906,59.08000183105469,0.0,59.209999084472656,57.81999969482422,58.400001525878906,0.0,8011800
2018-07-24,48.219749450683594,58.849998474121094,0.0,59.619998931884766,58.45000076293945,59.349998474121094,0.0,6637600
2018-07-25,48.686790466308594,59.41999816894531,0.0,59.5,57.7599983215332,58.54999923706055,0.0,13143100
2018-07-26,52.09536361694336,63.58000183105469,0.0,63.7599983215332,61.2599983215332,63.04999923706055,0.0,31025100
2018-07-27,51.366127014160156,62.689998626708984,0.0,63.5099983215332,62.220001220703125,63.220001220703125,0.0,13488800
2018-07-30,50.83354187011719,62.040000915527344,0.0,62.97999954223633,61.93000030517578,62.650001525878906,0.0,9547700
2018-07-31,52.51323318481445,64.08999633789062,0.0,64.66000366210938,63.5,63.83000183105469,0.0,22350800
2018-08-01,52.72627639770508,64.3499984741211,0.0,64.87000274658203,63.54999923706055,63.54999923706055,0.0,10706200
2018-08-02,53.07041549682617,64.7699966430664,0.0,65.04000091552734,63.63999938964844,63.959999084472656,0.0,10618500
2018-08-03,53.58661651611328,65.4000015258789,0.0,65.61000061035156,64.66999816894531,64.73999786376953,0.0,7809400
2018-08-06,53.85700607299805,65.7300033569336,0.0,66.0199966430664,65.33000183105469,65.86000061035156,0.0,10878400
2018-08-07,53.61939239501953,65.44000244140625,0.0,65.93000030517578,65.25,65.93000030517578,0.0,7810900
2018-08-08,53.38996887207031,65.16000366210938,0.0,65.55000305175781,65.12000274658203,65.20999908447266,0.0,7912200
2018-08-09,53.324424743652344,65.08000183105469,0.0,65.30000305175781,64.91999816894531,65.0999984741211,0.0,6629700
2018-08-10,53.11138153076172,64.81999969482422,0.0,64.94000244140625,64.48999786376953,64.6500015258789,0.0,8736000
2018-08-13,53.12775802612305,64.83999633789062,0.0,65.2300033569336,64.6500015258789,65.1500015258789,0.0,7092400
2018-08-14,53.6111946105957,65.43000030517578,0.0,65.62000274658203,64.7699966430664,65.08999633789062,0.0,7844200
2018-08-15,53.8160400390625,65.68000030517578,0.0,65.81999969482422,64.55000305175781,65.13999938964844,0.0,13524800
2018-08-16,53.881591796875,65.76000213623047,0.0,66.0999984741211,65.52999877929688,65.86000061035156,0.0,9958800
2018-08-17,54.12738800048828,66.05999755859375,0.0,66.19000244140625,65.12000274658203,65.5,0.0,15170500
2018-08-20,54.20932388305664,66.16000366210938,0.0,66.58999633789062,65.73999786376953,66.33000183105469,0.0,13966900
2018-08-21,54.528892517089844,66.55000305175781,0.0,66.77999877929688,66.02999877929688,66.08999633789062,0.0,12181400
2018-08-22,54.76651382446289,66.83999633789062,0.0,67.08000183105469,66.20999908447266,66.22000122070312,0.0,13860300
2018-08-23,54.78288269042969,66.86000061035156,0.0,67.29000091552734,66.80000305175781,66.9800033569336,0.0,12038100
2018-08-24,55.020503997802734,67.1500015258789,0.0,67.36000061035156,66.94000244140625,67.0,0.0,16001400
2018-08-27,55.176177978515625,67.33999633789062,0.0,67.4800033569336,67.22000122070312,67.37000274658203,0.0,12578000
2018-08-28,57.175437927246094,69.77999877929688,0.0,70.48999786376953,67.91999816894531,68.55999755859375,0.0,24952700
2018-08-29,56.7002067565918,69.19999694824219,0.0,70.06999969482422,69.13999938964844,69.66999816894531,0.0,11874300
2018-08-30,55.83168029785156,68.13999938964844,0.0,69.16000366210938,68.0,68.97000122070312,0.0,12027500
2018-08-31,56.29871368408203,68.70999908447266,0.0,69.0,67.94000244140625,67.98999786376953,0.0,11166900
2018-09-04,57.861427307128906,69.9800033569336,0.62,70.11000061035156,68.70999908447266,68.73999786376953,0.0,13024100
2018-09-05,58.61383819580078,70.88999938964844,0.0,71.06999969482422,69.30999755859375,69.80000305175781,0.0,15310700
2018-09-06,58.17563247680664,70.36000061035156,0.0,71.3499984741211,70.19000244140625,70.8499984741211,0.0,11997700
2018-09-07,58.1921501159668,70.37999725341797,0.0,70.62000274658203,69.61000061035156,69.83999633789062,0.0,24421900
2018-09-10,59.79620361328125,72.31999969482422,0.0,72.75,70.5,70.66999816894531,0.0,14636000
2018-09-11,59.95330047607422,72.51000213623047,0.0,72.66000366210938,71.80999755859375,71.83999633789062,0.0,9501100
2018-09-12,59.32490539550781,71.75,0.0,72.5,70.0199966430664,72.08999633789062,0.0,12638300
2018-09-13,61.68963623046875,74.61000061035156,0.0,75.36000061035156,73.4800033569336,73.68000030517578,0.0,24617700
2018-09-14,62.08652877807617,75.08999633789062,0.0,76.04000091552734,74.41000366210938,74.52999877929688,0.0,13450700
2018-09-17,60.556884765625,73.23999786376953,0.0,75.27999877929688,73.11000061035156,74.83999633789062,0.0,11558300
2018-09-18,61.78060531616211,74.72000122070312,0.0,76.5,73.51000213623047,73.80000305175781,0.0,11692000
2018-09-19,61.234886169433594,74.05999755859375,0.0,75.37000274658203,73.7699966430664,75.37000274658203,0.0,12383200
2018-09-20,61.68137741088867,74.5999984741211,0.0,75.11000061035156,74.20999908447266,74.4800033569336,0.0,12013900
2018-09-21,60.93723678588867,73.69999694824219,0.0,74.87000274658203,73.12999725341797,74.83000183105469,0.0,23465400
2018-09-24,60.838008880615234,73.58000183105469,0.0,73.8499984741211,72.80000305175781,73.08000183105469,0.0,15446100
2018-09-25,60.14346694946289,72.73999786376953,0.0,73.56999969482422,72.58000183105469,72.63999938964844,0.0,20741900
2018-09-26,59.33319091796875,71.76000213623047,0.0,73.26000213623047,71.58000183105469,72.68000030517578,0.0,11306000
2018-09-27,59.29184341430664,71.70999908447266,0.0,72.68000030517578,71.47000122070312,72.18000030517578,0.0,12498300
2018-09-28,59.5564079284668,72.02999877929688,0.0,73.26000213623047,71.25,71.51000213623047,0.0,20080800
2018-10-01,60.0277099609375,72.5999984741211,0.0,73.43000030517578,72.0999984741211,72.45999908447266,0.0,9340200
2018-10-02,60.6478271484375,73.3499984741211,0.0,73.91000366210938,72.2699966430664,72.4000015258789,0.0,9221200
2018-10-03,60.060768127441406,72.63999938964844,0.0,73.88999938964844,72.58999633789062,73.58999633789062,0.0,7079800
2018-10-04,59.84580612182617,72.37999725341797,0.0,72.69999694824219,71.86000061035156,72.0,0.0,8599500
2018-10-05,58.878440856933594,71.20999908447266,0.0,72.66000366210938,70.55000305175781,72.38999938964844,0.0,23411300
2018-10-08,58.64690399169922,70.93000030517578,0.0,71.5999984741211,70.55999755859375,70.77999877929688,0.0,10104600
2018-10-09,57.98545455932617,70.12999725341797,0.0,70.95999908447266,70.08999633789062,70.76000213623047,0.0,10329200
2018-10-10,55.17424392700195,66.7300033569336,0.0,69.55999755859375,66.62000274658203,68.7699966430664,0.0,22296800
2018-10-11,53.15676498413086,64.29000091552734,0.0,66.98999786376953,63.61000061035156,66.3499984741211,0.0,25852600
2018-10-12,53.15676498413086,64.29000091552734,0.0,65.6500015258789,63.27000045776367,65.55000305175781,0.0,15760900
2018-10-15,53.05754470825195,64.16999816894531,0.0,65.19999694824219,64.01000213623047,64.2300033569336,0.0,12314700
2018-10-16,54.669864654541016,66.12000274658203,0.0,66.38999938964844,64.62000274658203,64.77999877929688,0.0,15931400
2018-10-17,54.65332794189453,66.0999984741211,0.0,66.61000061035156,65.29000091552734,66.37999725341797,0.0,14779100
2018-10-18,53.86784362792969,65.1500015258789,0.0,66.31999969482422,64.87000274658203,65.68000030517578,0.0,12218600
2018-10-19,54.041481018066406,65.36000061035156,0.0,66.20999908447266,65.0,65.44999694824219,0.0,10673000
2018-10-22,54.669864654541016,66.12000274658203,0.0,66.5999984741211,65.22000122070312,65.69000244140625,0.0,12890400
2018-10-23,54.884849548339844,66.37999725341797,0.0,66.91999816894531,63.56999969482422,63.65999984741211,0.0,13441000
2018-10-24,51.77596664428711,62.619998931884766,0.0,66.38999938964844,62.5,65.87000274658203,0.0,23384300
2018-10-25,52.255523681640625,63.20000076293945,0.0,63.83000183105469,62.349998474121094,63.810001373291016,0.0,20385700
2018-10-26,51.66020584106445,62.47999954223633,0.0,63.63999938964844,61.18000030517578,61.5,0.0,17049300
2018-10-29,51.40390396118164,62.16999816894531,0.0,63.689998626708984,61.27000045776367,63.5,0.0,14778300
2018-10-30,52.23900604248047,63.18000030517578,0.0,63.720001220703125,62.16999816894531,62.36000061035156,0.0,18865300
2018-10-31,51.999210357666016,62.88999938964844,0.0,63.52000045776367,62.06999969482422,62.90999984741211,0.0,12917500
2018-11-01,52.67721176147461,63.709999084472656,0.0,64.30999755859375,62.880001068115234,63.20000076293945,0.0,11003900
2018-11-02,52.36301803588867,63.33000183105469,0.0,63.959999084472656,62.34000015258789,63.939998626708984,0.0,13707900
2018-11-05,52.47877502441406,63.470001220703125,0.0,63.79999923706055,62.65999984741211,63.08000183105469,0.0,13373800
2018-11-06,52.61106872558594,63.630001068115234,0.0,64.33999633789062,62.40999984741211,63.349998474121094,0.0,8774100
2018-11-07,52.2638053894043,63.209999084472656,0.0,63.75,62.279998779296875,63.5,0.0,18493500
2018-11-08,47.99736022949219,58.04999923706055,0.0,60.150001525878906,57.599998474121094,58.0,0.0,32155200
2018-11-09,46.89768981933594,56.720001220703125,0.0,58.2400016784668,56.189998626708984,57.779998779296875,0.0,21745200
2018-11-12,45.053863525390625,54.4900016784668,0.0,56.5,54.43000030517578,56.369998931884766,0.0,24447800
2018-11-13,44.781009674072266,54.15999984741211,0.0,55.4900016784668,54.04999923706055,54.7400016784668,0.0,20883800
2018-11-14,44.59910202026367,53.939998626708984,0.0,54.88999938964844,53.66999816894531,54.84000015258789,0.0,14071900
2018-11-15,45.79799270629883,55.38999938964844,0.0,55.540000915527344,53.529998779296875,53.83000183105469,0.0,18856300
2018-11-16,46.20315933227539,55.880001068115234,0.0,57.040000915527344,54.9900016784668,55.119998931884766,0.0,57303300
2018-11-19,45.39286422729492,54.900001525878906,0.0,56.619998931884766,54.869998931884766,55.849998474121094,0.0,20321400
2018-11-20,45.409385681152344,54.91999816894531,0.0,55.43000030517578,54.06999969482422,54.20000076293945,0.0,20658300
2018-11-21,45.69879150390625,55.27000045776367,0.0,56.5,55.18000030517578,55.209999084472656,0.0,13015500
2018-11-23,45.682247161865234,55.25,0.0,55.75,54.75,54.77000045776367,0.0,4671900
2018-11-26,46.079132080078125,55.72999954223633,0.0,56.380001068115234,55.18000030517578,55.790000915527344,0.0,10373700
2018-11-27,45.94682693481445,55.56999969482422,0.0,56.22999954223633,55.349998474121094,55.59000015258789,0.0,9719000
2018-11-28,46.83981704711914,56.650001525878906,0.0,56.720001220703125,54.689998626708984,55.88999938964844,0.0,17483500
2018-11-29,48.046974182128906,58.11000061035156,0.0,59.04999923706055,57.77000045776367,57.88999938964844,0.0,26949000
2018-11-30,48.17100143432617,58.2599983215332,0.0,58.470001220703125,57.02000045776367,58.220001220703125,0.0,18197800
2018-12-03,48.89860916137695,59.13999938964844,0.0,60.5099983215332,58.400001525878906,60.5099983215332,0.0,17114500
2018-12-04,47.73278045654297,57.72999954223633,0.0,59.47999954223633,57.220001220703125,58.9900016784668,0.0,15836500
2018-12-06,47.7327766418457,57.11000061035156,0.62,57.209999084472656,55.689998626708984,56.0099983215332,0.0,18203300
2018-12-07,46.79667663574219,55.9900016784668,0.0,57.119998931884766,55.72999954223633,56.61000061035156,0.0,17054700
2018-12-10,47.84143829345703,57.2400016784668,0.0,58.25,56.63999938964844,57.77000045776367,0.0,20484900
2018-12-11,47.93336868286133,57.349998474121094,0.0,58.65999984741211,56.83000183105469,58.45000076293945,0.0,13116300
2018-12-12,48.24262619018555,57.720001220703125,0.0,58.58000183105469,57.529998779296875,58.439998626708984,0.0,13246500
2018-12-13,48.5518684387207,58.09000015258789,0.0,58.380001068115234,57.560001373291016,58.13999938964844,0.0,8949900
2018-12-14,48.15903854370117,57.619998931884766,0.0,59.0,57.36000061035156,57.560001373291016,0.0,13551000
2018-12-17,47.64083480834961,57.0,0.0,58.34000015258789,56.66999816894531,57.59000015258789,0.0,16648200
2018-12-18,48.29277420043945,57.779998779296875,0.0,58.540000915527344,57.400001525878906,57.689998626708984,0.0,12384200
2018-12-19,47.381744384765625,56.689998626708984,0.0,58.5,56.060001373291016,57.540000915527344,0.0,17376400
2018-12-20,47.11428451538086,56.369998931884766,0.0,57.939998626708984,56.060001373291016,57.220001220703125,0.0,21742300
2018-12-21,45.84385299682617,54.849998474121094,0.0,57.279998779296875,54.689998626708984,56.2599983215332,0.0,38202300
2018-12-24,44.84089279174805,53.650001525878906,0.0,54.88999938964844,53.56999969482422,53.70000076293945,0.0,8275000
2018-12-26,46.7716064453125,55.959999084472656,0.0,56.0,53.5099983215332,54.25,0.0,18451600
2018-12-27,46.880252838134766,56.09000015258789,0.0,56.38999938964844,54.77000045776367,55.540000915527344,0.0,15804800
2018-12-28,47.48203659057617,56.810001373291016,0.0,57.529998779296875,56.2400016784668,56.33000183105469,0.0,12749600
2018-12-31,47.565616607666016,56.90999984741211,0.0,57.40999984741211,56.279998779296875,57.119998931884766,0.0,8877000
2019-01-02,47.97516632080078,57.400001525878906,0.0,58.0,55.91999816894531,56.20000076293945,0.0,9896600
2019-01-03,46.55430221557617,55.70000076293945,0.0,56.84000015258789,55.52000045776367,55.95000076293945,0.0,14422200
2019-01-04,47.306522369384766,56.599998474121094,0.0,56.83000183105469,55.209999084472656,56.5,0.0,14177300
2019-01-07,47.17279052734375,56.439998626708984,0.0,57.15999984741211,55.95000076293945,56.38999938964844,0.0,12352000
2019-01-08,46.763240814208984,55.95000076293945,0.0,56.880001068115234,55.61000061035156,56.709999084472656,0.0,12110000
2019-01-09,47.314876556396484,56.61000061035156,0.0,57.11000061035156,56.13999938964844,56.2599983215332,0.0,10971000
2019-01-10,47.47367858886719,56.79999923706055,0.0,56.9900016784668,56.099998474121094,56.189998626708984,0.0,10958200
2019-01-11,48.05874252319336,57.5,0.0,58.16999816894531,56.33000183105469,56.470001220703125,0.0,12024300
2019-01-14,47.8915901184082,57.29999923706055,0.0,57.650001525878906,56.369998931884766,57.02000045776367,0.0,9449400
2019-01-15,46.57937240600586,55.72999954223633,0.0,57.400001525878906,55.560001373291016,57.31999969482422,0.0,17423400
2019-01-16,46.19490432739258,55.27000045776367,0.0,56.08000183105469,55.15999984741211,55.75,0.0,13856000
2019-01-17,45.777000427246094,54.77000045776367,0.0,55.20000076293945,54.369998931884766,54.970001220703125,0.0,18365000
2019-01-18,46.19490432739258,55.27000045776367,0.0,55.900001525878906,54.9900016784668,55.38999938964844,0.0,28020000
2019-01-22,45.37580871582031,54.290000915527344,0.0,54.9900016784668,53.939998626708984,54.970001220703125,0.0,17867500
2019-01-23,43.269588470458984,51.77000045776367,0.0,53.56999969482422,51.220001220703125,52.91999816894531,0.0,33788600
2019-01-24,42.467220306396484,50.810001373291016,0.0,51.97999954223633,50.40999984741211,51.95000076293945,0.0,32782700
2019-01-25,42.87675857543945,51.29999923706055,0.0,52.029998779296875,50.279998779296875,50.93000030517578,0.0,19516200
2019-01-28,42.32513427734375,50.63999938964844,0.0,51.290000915527344,50.2400016784668,50.31999969482422,0.0,24457600
2019-01-29,41.288726806640625,49.400001525878906,0.0,50.84000015258789,49.34000015258789,50.4900016784668,0.0,26266600
2019-01-30,41.93230438232422,50.16999816894531,0.0,50.869998931884766,49.209999084472656,49.68000030517578,0.0,18124100
2019-01-31,41.3890266418457,49.52000045776367,0.0,51.279998779296875,49.099998474121094,51.20000076293945,0.0,24736300
2019-02-01,41.46424865722656,49.61000061035156,0.0,50.279998779296875,49.400001525878906,49.58000183105469,0.0,15533200
2019-02-04,41.53111267089844,49.689998626708984,0.0,49.79999923706055,49.470001220703125,49.709999084472656,0.0,10880000
2019-02-05,42.40035629272461,50.72999954223633,0.0,51.08000183105469,49.720001220703125,49.72999954223633,0.0,15454200
2019-02-06,42.70960235595703,51.099998474121094,0.0,51.63999938964844,50.93000030517578,50.939998626708984,0.0,11052900
2019-02-07,42.24989700317383,50.54999923706055,0.0,51.119998931884766,50.27000045776367,50.83000183105469,0.0,10623300
2019-02-08,42.03260040283203,50.290000915527344,0.0,50.68000030517578,49.90999984741211,50.2400016784668,0.0,12461200
2019-02-11,42.48392868041992,50.83000183105469,0.0,51.29999923706055,50.380001068115234,50.54999923706055,0.0,9971800
2019-02-12,43.17765808105469,51.65999984741211,0.0,52.18000030517578,51.02000045776367,51.29999923706055,0.0,16637600
2019-02-13,43.11913299560547,51.59000015258789,0.0,52.4900016784668,51.560001373291016,52.0,0.0,11004000
2019-02-14,43.10242462158203,51.56999969482422,0.0,51.77000045776367,51.09000015258789,51.5,0.0,17895000
2019-02-15,43.44511032104492,51.97999954223633,0.0,52.36000061035156,51.599998474121094,52.08000183105469,0.0,12239500
2019-02-19,43.470184326171875,52.0099983215332,0.0,52.47999954223633,51.75,52.0,0.0,8258400
2019-02-20,43.83793640136719,52.45000076293945,0.0,52.91999816894531,52.13999938964844,52.25,0.0,12863700
2019-02-21,43.75435256958008,52.349998474121094,0.0,52.59000015258789,51.900001525878906,52.5,0.0,7826200
2019-02-22,44.39791488647461,53.119998931884766,0.0,53.150001525878906,52.63999938964844,52.689998626708984,0.0,13394500
2019-02-25,44.28927993774414,52.9900016784668,0.0,53.970001220703125,52.900001525878906,53.779998779296875,0.0,15341700
2019-02-26,44.32269287109375,53.029998779296875,0.0,53.220001220703125,52.279998779296875,53.08000183105469,0.0,11366700
2019-02-27,44.3310661315918,53.040000915527344,0.0,53.130001068115234,52.27000045776367,52.95000076293945,0.0,10426200
2019-02-28,44.623592376708984,53.38999938964844,0.0,53.7599983215332,52.709999084472656,53.0,0.0,19000200
2019-03-01,45.30059051513672,54.20000076293945,0.0,54.400001525878906,53.709999084472656,54.0,0.0,12659000
2019-03-04,44.94955062866211,53.779998779296875,0.0,54.70000076293945,53.2599983215332,54.58000183105469,0.0,14021700
2019-03-05,45.08327865600586,53.939998626708984,0.0,54.22999954223633,53.70000076293945,53.900001525878906,0.0,10092800
2019-03-06,46.334651947021484,54.79999923706055,0.62,55.459999084472656,53.72999954223633,53.88999938964844,0.0,20521300
2019-03-07,45.683616638183594,54.029998779296875,0.0,55.04999923706055,53.61000061035156,54.83000183105469,0.0,13667300
2019-03-08,45.26084899902344,53.529998779296875,0.0,53.630001068115234,53.029998779296875,53.45000076293945,0.0,10117100
2019-03-11,45.954166412353516,54.349998474121094,0.0,54.75,53.650001525878906,53.720001220703125,0.0,10738800
2019-03-12,46.368473052978516,54.84000015258789,0.0,55.310001373291016,54.540000915527344,54.65999984741211,0.0,9575300
2019-03-13,46.83351135253906,55.38999938964844,0.0,55.939998626708984,55.0,55.029998779296875,0.0,9198900
2019-03-14,46.841976165771484,55.400001525878906,0.0,55.869998931884766,55.25,55.529998779296875,0.0,7306100
2019-03-15,47.856597900390625,56.599998474121094,0.0,57.34000015258789,54.91999816894531,55.0,0.0,27985600
2019-03-18,48.05107116699219,56.83000183105469,0.0,57.189998626708984,56.439998626708984,56.619998931884766,0.0,13089300
2019-03-19,48.1694450378418,56.970001220703125,0.0,57.68000030517578,56.779998779296875,57.16999816894531,0.0,9363700
2019-03-20,48.33009719848633,57.15999984741211,0.0,57.689998626708984,56.75,57.029998779296875,0.0,8804800
2019-03-21,48.84586715698242,57.77000045776367,0.0,58.279998779296875,57.20000076293945,57.22999954223633,0.0,19542700
2019-03-22,48.042606353759766,56.81999969482422,0.0,58.09000015258789,56.75,57.68000030517578,0.0,10243500
2019-03-25,47.890419006347656,56.63999938964844,0.0,56.939998626708984,56.06999969482422,56.58000183105469,0.0,6929600
2019-03-26,49.04033279418945,58.0,0.0,58.38999938964844,56.66999816894531,57.150001525878906,0.0,16051800
2019-03-27,48.11871337890625,56.90999984741211,0.0,57.66999816894531,56.31999969482422,57.349998474121094,0.0,11934400
2019-03-28,47.814327239990234,56.54999923706055,0.0,57.38999938964844,56.34000015258789,57.029998779296875,0.0,11064300
2019-03-29,48.22017288208008,57.029998779296875,0.0,57.560001373291016,56.939998626708984,57.0,0.0,8529100
2019-04-01,48.87968063354492,57.810001373291016,0.0,58.150001525878906,57.11000061035156,57.63999938964844,0.0,12066500
2019-04-02,49.11643600463867,58.09000015258789,0.0,58.529998779296875,57.65999984741211,57.97999954223633,0.0,7614500
2019-04-03,48.76976776123047,57.68000030517578,0.0,58.290000915527344,57.18000030517578,58.20000076293945,0.0,11563400
2019-04-04,48.921958923339844,57.86000061035156,0.0,58.61000061035156,57.689998626708984,57.75,0.0,9905100
2019-04-05,49.03187561035156,57.9900016784668,0.0,58.189998626708984,57.689998626708984,57.97999954223633,0.0,12332600
2019-04-08,48.837398529052734,57.7599983215332,0.0,58.4900016784668,57.5099983215332,57.790000915527344,0.0,8942400
2019-04-09,48.56682586669922,57.439998626708984,0.0,57.65999984741211,57.029998779296875,57.56999969482422,0.0,11713400
2019-04-10,47.62830352783203,56.33000183105469,0.0,57.86000061035156,56.099998474121094,57.709999084472656,0.0,15976500
2019-04-11,47.26472854614258,55.900001525878906,0.0,56.900001525878906,55.790000915527344,56.439998626708984,0.0,13903800
2019-04-12,48.152530670166016,56.95000076293945,0.0,57.16999816894531,56.06999969482422,56.279998779296875,0.0,13483500
2019-04-15,48.34699630737305,57.18000030517578,0.0,57.66999816894531,57.029998779296875,57.13999938964844,0.0,10712500
2019-04-16,59.567081451416016,70.44999694824219,0.0,71.02999877929688,57.290000915527344,57.459999084472656,0.0,86755900
2019-04-17,66.86396026611328,79.08000183105469,0.0,82.5199966430664,76.48999786376953,78.81999969482422,0.0,156019300
2019-04-18,67.54882049560547,79.88999938964844,0.0,80.19999694824219,78.0199966430664,78.72000122070312,0.0,41621200
2019-04-22,69.3075180053711,81.97000122070312,0.0,82.5,79.33999633789062,79.83000183105469,0.0,33292500
2019-04-23,73.3237533569336,86.72000122070312,0.0,87.95999908447266,83.2699966430664,83.9000015258789,0.0,56973700
2019-04-24,73.4167709350586,86.83000183105469,0.0,88.62999725341797,85.30000305175781,87.04000091552734,0.0,40290400
2019-04-25,71.92863464355469,85.06999969482422,0.0,86.31999969482422,84.5199966430664,86.16999816894531,0.0,20732200
2019-04-26,73.256103515625,86.63999938964844,0.0,86.76000213623047,84.20999908447266,84.51000213623047,0.0,18860600
2019-04-29,73.7718734741211,87.25,0.0,87.9800033569336,85.83999633789062,86.4000015258789,0.0,17930000
2019-04-30,72.82489776611328,86.12999725341797,0.0,87.45999908447266,86.05000305175781,86.9800033569336,0.0,17582400
2019-05-01,73.02780151367188,86.37000274658203,0.0,88.22000122070312,86.1500015258789,87.16999816894531,0.0,28211500
2019-05-02,73.6788558959961,87.13999938964844,0.0,90.33999633789062,86.1500015258789,87.5,0.0,40342000
2019-05-03,75.49673461914062,89.29000091552734,0.0,89.81999969482422,87.05999755859375,87.76000213623047,0.0,21068400
2019-05-06,74.61740112304688,88.25,0.0,88.69999694824219,86.13999938964844,86.33000183105469,0.0,15682100
2019-05-07,72.0385513305664,85.19999694824219,0.0,88.1500015258789,84.77999877929688,87.19999694824219,0.0,21579500
2019-05-08,71.48052978515625,84.54000091552734,0.0,85.72000122070312,84.11000061035156,84.8499984741211,0.0,15500700
2019-05-09,70.83790588378906,83.77999877929688,0.0,84.83999633789062,82.26000213623047,83.37000274658203,0.0,14516000
2019-05-10,72.57970428466797,85.83999633789062,0.0,86.33000183105469,83.3499984741211,83.37999725341797,0.0,15955600
2019-05-13,70.930908203125,83.88999938964844,0.0,84.8499984741211,82.98999786376953,83.23999786376953,0.0,16689000
2019-05-14,72.82489776611328,86.12999725341797,0.0,86.44000244140625,84.0,84.2699966430664,0.0,14353700
2019-05-15,72.93482208251953,86.26000213623047,0.0,87.0,84.88999938964844,85.55000305175781,0.0,11784800
2019-05-16,70.01776885986328,82.80999755859375,0.0,84.80000305175781,82.12999725341797,83.79000091552734,0.0,22498800
2019-05-17,68.91011810302734,81.5,0.0,83.12000274658203,80.0,80.48999786376953,0.0,19523400
2019-05-20,64.78397369384766,76.62000274658203,0.0,78.33000183105469,76.06999969482422,77.94999694824219,0.0,32679300
2019-05-21,65.73941040039062,77.75,0.0,79.04000091552734,77.22000122070312,78.91000366210938,0.0,17282200
2019-05-22,58.60319137573242,69.30999755859375,0.0,71.73999786376953,67.97000122070312,69.12999725341797,0.0,66150700
2019-05-23,57.71539306640625,68.26000213623047,0.0,68.2699966430664,65.9000015258789,67.0199966430664,0.0,31820700
2019-05-24,55.98208236694336,66.20999908447266,0.0,69.1500015258789,65.97000122070312,68.93000030517578,0.0,21420000
2019-05-28,55.27183151245117,65.37000274658203,0.0,67.70999908447266,65.23999786376953,66.63999938964844,0.0,22667300
2019-05-29,55.601585388183594,65.76000213623047,0.0,66.1500015258789,64.76000213623047,65.36000061035156,0.0,16312600
2019-05-30,56.303367614746094,66.58999633789062,0.0,67.06999969482422,65.93000030517578,65.97000122070312,0.0,11554600
2019-05-31,56.49784469604492,66.81999969482422,0.0,67.83999633789062,65.52999877929688,65.77999877929688,0.0,15060300
2019-06-03,56.36256790161133,66.66000366210938,0.0,68.12999725341797,66.27999877929688,67.08999633789062,0.0,13620700
2019-06-04,57.87604904174805,68.44999694824219,0.0,68.5,66.69999694824219,67.61000061035156,0.0,15866700
2019-06-05,57.18491744995117,67.0199966430664,0.62,68.33000183105469,65.83000183105469,68.04000091552734,0.0,11779200
2019-06-06,57.6712646484375,67.58999633789062,0.0,67.97000122070312,66.2699966430664,66.91999816894531,0.0,10781700
2019-06-07,58.60984802246094,68.69000244140625,0.0,68.77999877929688,67.30000305175781,67.69000244140625,0.0,10495600
2019-06-10,60.188350677490234,70.54000091552734,0.0,71.45999908447266,69.0,69.0,0.0,15229200
2019-06-11,60.78562927246094,71.23999786376953,0.0,72.22000122070312,70.2699966430664,71.58000183105469,0.0,11839500
2019-06-12,59.37776184082031,69.58999633789062,0.0,70.37000274658203,69.19999694824219,69.52999877929688,0.0,9396200
2019-06-13,59.66787338256836,69.93000030517578,0.0,70.48999786376953,69.37999725341797,69.97000122070312,0.0,6790500
2019-06-14,58.635440826416016,68.72000122070312,0.0,69.12000274658203,67.9000015258789,68.3499984741211,0.0,12119500
2019-06-17,58.968196868896484,69.11000061035156,0.0,69.9800033569336,68.9000015258789,69.08999633789062,0.0,9411100
2019-06-18,61.39997100830078,71.95999908447266,0.0,72.38999938964844,69.66999816894531,69.69000244140625,0.0,14508000
2019-06-19,61.26346206665039,71.80000305175781,0.0,72.62000274658203,70.80000305175781,72.37000274658203,0.0,11999300
2019-06-20,62.06549835205078,72.73999786376953,0.0,73.66999816894531,72.2300033569336,73.19000244140625,0.0,9871800
2019-06-21,62.048439025878906,72.72000122070312,0.0,73.16999816894531,72.30999755859375,72.30999755859375,0.0,15244500
2019-06-24,62.42389678955078,73.16000366210938,0.0,73.44999694824219,72.19999694824219,72.97000122070312,0.0,8893000
2019-06-25,61.90339660644531,72.55000305175781,0.0,74.13999938964844,72.5199966430664,73.2300033569336,0.0,8953400
2019-06-26,63.951202392578125,74.94999694824219,0.0,75.69000244140625,73.6500015258789,73.76000213623047,0.0,13808000
2019-06-27,64.36076354980469,75.43000030517578,0.0,75.9000015258789,75.16999816894531,75.33999633789062,0.0,11151900
2019-06-28,64.90682983398438,76.06999969482422,0.0,76.44000244140625,74.80999755859375,75.66000366210938,0.0,29217500
2019-07-01,66.14403533935547,77.5199966430664,0.0,80.76000213623047,77.08000183105469,80.66999816894531,0.0,17693000
2019-07-02,65.7088851928711,77.01000213623047,0.0,77.4800033569336,76.62000274658203,77.27999877929688,0.0,7075600
2019-07-03,65.38465118408203,76.62999725341797,0.0,77.2300033569336,76.05000305175781,77.06999969482422,0.0,5290400
2019-07-05,65.41024780273438,76.66000366210938,0.0,76.72000122070312,74.0999984741211,74.19999694824219,0.0,9220800
2019-07-08,65.38465118408203,76.62999725341797,0.0,77.02999877929688,75.93000030517578,75.9800033569336,0.0,7924900
2019-07-09,65.31639099121094,76.55000305175781,0.0,76.83999633789062,75.83999633789062,76.44000244140625,0.0,7506500
2019-07-10,63.447784423828125,74.36000061035156,0.0,76.91000366210938,74.08000183105469,76.83000183105469,0.0,15075700
2019-07-11,62.893165588378906,73.70999908447266,0.0,75.77999877929688,73.30000305175781,74.5199966430664,0.0,14298400
2019-07-12,63.90855026245117,74.9000015258789,0.0,74.9800033569336,73.66000366210938,74.25,0.0,8028100
2019-07-15,64.36076354980469,75.43000030517578,0.0,75.9000015258789,74.79000091552734,75.1500015258789,0.0,8898200
2019-07-16,64.5655288696289,75.66999816894531,0.0,76.5,74.55000305175781,75.11000061035156,0.0,9909600
2019-07-17,64.64232635498047,75.76000213623047,0.0,79.4000015258789,75.70999908447266,78.56999969482422,0.0,20602300
2019-07-18,63.456298828125,74.37000274658203,0.0,75.3499984741211,74.05000305175781,74.97000122070312,0.0,12580800
2019-07-19,63.993858337402344,75.0,0.0,75.70999908447266,74.41999816894531,74.41999816894531,0.0,14477400
2019-07-22,64.804443359375,75.94999694824219,0.0,76.62000274658203,75.05999755859375,75.05999755859375,0.0,9645800
2019-07-23,63.24299240112305,74.12000274658203,0.0,75.58999633789062,73.30999755859375,75.33999633789062,0.0,14420400
2019-07-24,64.73617553710938,75.87000274658203,0.0,76.41999816894531,73.68000030517578,74.01000213623047,0.0,14012700
2019-07-25,64.2925033569336,75.3499984741211,0.0,76.13999938964844,75.0999984741211,75.83999633789062,0.0,7299500
2019-07-26,64.18157196044922,75.22000122070312,0.0,75.8499984741211,74.8499984741211,75.11000061035156,0.0,8262500
2019-07-29,63.96826934814453,74.97000122070312,0.0,76.31999969482422,74.66999816894531,75.16000366210938,0.0,8237500
2019-07-30,63.831764221191406,74.80999755859375,0.0,75.06999969482422,74.36000061035156,74.58000183105469,0.0,7397900
2019-07-31,62.42389678955078,73.16000366210938,0.0,75.27999877929688,72.76000213623047,74.83000183105469,0.0,14052800
2019-08-01,60.751495361328125,71.19999694824219,0.0,73.70999908447266,68.25,68.87999725341797,0.0,29729800
2019-08-02,60.70884323120117,71.1500015258789,0.0,71.52999877929688,70.01000213623047,70.44000244140625,0.0,12649400
2019-08-05,58.70370864868164,68.80000305175781,0.0,70.83999633789062,68.55999755859375,69.97000122070312,0.0,13071800
2019-08-06,58.16616439819336,68.16999816894531,0.0,69.93000030517578,67.37999725341797,69.5199966430664,0.0,13189900
2019-08-07,59.21564865112305,69.4000015258789,0.0,69.5999984741211,67.12000274658203,67.26000213623047,0.0,8934900
2019-08-08,60.80268859863281,71.26000213623047,0.0,71.3499984741211,69.3499984741211,69.55999755859375,0.0,8367900
2019-08-09,61.007484436035156,71.5,0.0,72.19000244140625,70.19000244140625,70.51000213623047,0.0,8702200
2019-08-12,59.55696105957031,69.80000305175781,0.0,71.4800033569336,69.7300033569336,71.0,0.0,7364300
2019-08-13,61.58768081665039,72.18000030517578,0.0,72.47000122070312,69.30999755859375,69.88999938964844,0.0,10134800
2019-08-14,60.478458404541016,70.87999725341797,0.0,71.88999938964844,70.55000305175781,70.63999938964844,0.0,10336900
2019-08-15,60.717384338378906,71.16000366210938,0.0,72.19000244140625,70.58999633789062,71.44000244140625,0.0,9107000
2019-08-16,62.526268005371094,73.27999877929688,0.0,73.41000366210938,71.7300033569336,71.8499984741211,0.0,10090600
2019-08-19,63.882938385009766,74.87000274658203,0.0,75.52999877929688,74.13999938964844,74.58000183105469,0.0,9688400
2019-08-20,64.90682983398438,76.06999969482422,0.0,76.44000244140625,74.33000183105469,74.56999969482422,0.0,9387300
2019-08-21,65.44436645507812,76.69999694824219,0.0,77.19000244140625,75.98999786376953,76.5,0.0,11004100
2019-08-22,65.8283462524414,77.1500015258789,0.0,77.94999694824219,76.5999984741211,76.91000366210938,0.0,7198800
2019-08-23,62.731040954589844,73.5199966430664,0.0,79.0999984741211,73.22000122070312,76.12000274658203,0.0,16479400
2019-08-26,62.2105712890625,72.91000366210938,0.0,75.08999633789062,72.5199966430664,74.9000015258789,0.0,11153800
2019-08-27,63.11499786376953,73.97000122070312,0.0,74.37999725341797,73.19999694824219,73.68000030517578,0.0,7303100
2019-08-28,63.439247131347656,74.3499984741211,0.0,74.87999725341797,72.91000366210938,73.79000091552734,0.0,5678500
2019-08-29,65.23104858398438,76.44999694824219,0.0,77.02999877929688,75.22000122070312,75.22000122070312,0.0,7348400
2019-08-30,66.35736846923828,77.7699966430664,0.0,78.05000305175781,77.0,77.18000030517578,0.0,8465300
2019-09-03,64.09626007080078,75.12000274658203,0.0,76.98999786376953,74.69999694824219,76.7699966430664,0.0,7580700
2019-09-04,65.77715301513672,77.08999633789062,0.0,77.12000274658203,75.62999725341797,75.98999786376953,0.0,4923700
2019-09-05,67.39833068847656,78.98999786376953,0.0,80.44000244140625,77.88999938964844,77.88999938964844,0.0,13480300
2019-09-06,67.27034759521484,78.83999633789062,0.0,79.08000183105469,78.44000244140625,78.95999908447266,0.0,5128000
2019-09-09,66.7327880859375,78.20999908447266,0.0,79.44999694824219,77.97000122070312,79.04000091552734,0.0,6885100
2019-09-10,67.159423828125,78.70999908447266,0.0,78.87999725341797,77.33999633789062,78.02999877929688,0.0,9373900
2019-09-11,68.71605682373047,79.9000015258789,0.62,79.91000366210938,78.12000274658203,78.16999816894531,0.0,6575700
2019-09-12,68.01084899902344,79.08000183105469,0.0,80.05000305175781,78.58000183105469,80.05000305175781,0.0,5847100
2019-09-13,67.43463134765625,78.41000366210938,0.0,79.54000091552734,78.37000274658203,79.18000030517578,0.0,5343700
2019-09-16,67.11640930175781,78.04000091552734,0.0,78.48999786376953,76.91000366210938,77.58000183105469,0.0,3756500
2019-09-17,67.67543029785156,78.69000244140625,0.0,78.79000091552734,77.51000213623047,77.61000061035156,0.0,4400800
2019-09-18,67.85604858398438,78.9000015258789,0.0,79.06999969482422,77.63999938964844,78.69000244140625,0.0,5147500
2019-09-19,67.27983093261719,78.2300033569336,0.0,80.0,78.20999908447266,79.23999786376953,0.0,5180900
2019-09-20,65.7403793334961,76.44000244140625,0.0,78.69999694824219,76.16999816894531,78.19999694824219,0.0,9122000
2019-09-23,66.42839050292969,77.23999786376953,0.0,77.91000366210938,76.05999755859375,76.66999816894531,0.0,5815700
2019-09-24,64.6997299194336,75.2300033569336,0.0,78.30000305175781,74.62999725341797,78.08000183105469,0.0,10177800
2019-09-25,66.44559478759766,77.26000213623047,0.0,77.48999786376953,74.87999725341797,75.02999877929688,0.0,5571600
2019-09-26,66.52301025390625,77.3499984741211,0.0,77.69000244140625,75.94000244140625,77.16000366210938,0.0,3760300
2019-09-27,65.90377807617188,76.62999725341797,0.0,78.19999694824219,76.20999908447266,77.01000213623047,0.0,5013200
2019-09-30,65.60275268554688,76.27999877929688,0.0,76.94999694824219,76.0199966430664,76.88999938964844,0.0,4775800
2019-10-01,64.90616607666016,75.47000122070312,0.0,78.05999755859375,74.97000122070312,77.05999755859375,0.0,7043700
2019-10-02,63.633304595947266,73.98999786376953,0.0,75.70999908447266,73.7699966430664,75.26000213623047,0.0,5997500
2019-10-03,65.1297607421875,75.7300033569336,0.0,75.83000183105469,73.16000366210938,73.93000030517578,0.0,5419400
2019-10-04,66.6434097290039,77.48999786376953,0.0,77.55999755859375,75.83999633789062,76.31999969482422,0.0,4893600
2019-10-07,65.65438079833984,76.33999633789062,0.0,77.55000305175781,76.2699966430664,77.01000213623047,0.0,4215500
2019-10-08,62.65288543701172,72.8499984741211,0.0,75.81999969482422,72.80999755859375,75.5199966430664,0.0,8489600
2019-10-09,63.942909240722656,74.3499984741211,0.0,74.80000305175781,73.55999755859375,73.91000366210938,0.0,5137500
2019-10-10,64.47614288330078,74.97000122070312,0.0,75.97000122070312,74.16999816894531,74.3499984741211,0.0,5580600
2019-10-11,65.96398162841797,76.69999694824219,0.0,77.81999969482422,76.01000213623047,76.19000244140625,0.0,7280800
2019-10-14,65.6199951171875,76.30000305175781,0.0,77.37000274658203,76.27999877929688,76.6500015258789,0.0,4545300
2019-10-15,66.92720794677734,77.81999969482422,0.0,77.9800033569336,76.27999877929688,76.87999725341797,0.0,5222500
2019-10-16,67.27983093261719,78.2300033569336,0.0,78.31999969482422,77.27999877929688,77.48999786376953,0.0,6218000
2019-10-17,67.91624450683594,78.97000122070312,0.0,79.95999908447266,78.4000015258789,78.69999694824219,0.0,5916700
2019-10-18,66.80683135986328,77.68000030517578,0.0,79.22000122070312,77.66999816894531,78.62000274658203,0.0,6107000
2019-10-21,67.92484283447266,78.9800033569336,0.0,79.08999633789062,78.01000213623047,78.37999725341797,0.0,5119800
2019-10-22,67.4862289428711,78.47000122070312,0.0,79.06999969482422,78.23999786376953,78.93000030517578,0.0,4944500
2019-10-23,66.42839050292969,77.23999786376953,0.0,78.12999725341797,76.87000274658203,77.20999908447266,0.0,5785700
2019-10-24,67.9334487915039,78.98999786376953,0.0,79.0199966430664,77.58999633789062,78.05999755859375,0.0,5271200
2019-10-25,68.9482421875,80.16999816894531,0.0,80.2300033569336,78.91000366210938,79.0,0.0,6712300
2019-10-28,71.42514038085938,83.05000305175781,0.0,83.12999725341797,80.54000091552734,80.55000305175781,0.0,9949800
2019-10-29,70.22972869873047,81.66000366210938,0.0,82.8499984741211,81.44000244140625,82.75,0.0,4993600
2019-10-30,70.04048919677734,81.44000244140625,0.0,82.25,80.8499984741211,82.0999984741211,0.0,3971000
2019-10-31,69.18048095703125,80.44000244140625,0.0,81.47000122070312,79.83999633789062,81.44000244140625,0.0,5693700
2019-11-01,71.88096618652344,83.58000183105469,0.0,83.6500015258789,81.25,81.58999633789062,0.0,8620300
2019-11-04,73.17961120605469,85.08999633789062,0.0,85.87000274658203,84.30999755859375,84.54000091552734,0.0,8389200
2019-11-05,73.49783325195312,85.45999908447266,0.0,85.73999786376953,84.7300033569336,85.19999694824219,0.0,7280000
2019-11-06,72.78398132324219,84.62999725341797,0.0,85.61000061035156,84.22000122070312,85.33999633789062,0.0,9755300
2019-11-07,77.38513946533203,89.9800033569336,0.0,92.5,88.31999969482422,89.83000183105469,0.0,30254000
2019-11-08,80.86824035644531,94.02999877929688,0.0,94.11000061035156,89.5999984741211,89.9800033569336,0.0,16371300
2019-11-11,78.9847640991211,91.83999633789062,0.0,92.5199966430664,90.88999938964844,91.70999908447266,0.0,11297700
2019-11-12,78.23655700683594,90.97000122070312,0.0,92.25,90.16999816894531,92.18000030517578,0.0,9332100
2019-11-13,77.80654907226562,90.47000122070312,0.0,91.9000015258789,89.62000274658203,90.69999694824219,0.0,9353200
2019-11-14,77.81511688232422,90.4800033569336,0.0,90.58000183105469,89.43000030517578,90.30999755859375,0.0,8793600
2019-11-15,78.09894561767578,90.80999755859375,0.0,93.94000244140625,90.58000183105469,92.5999984741211,0.0,25490200
2019-11-18,77.81511688232422,90.4800033569336,0.0,91.9800033569336,89.27999877929688,90.80999755859375,0.0,10360500
2019-11-19,75.64786529541016,87.95999908447266,0.0,91.38999938964844,86.68000030517578,91.25,0.0,18091300
2019-11-20,73.63540649414062,85.62000274658203,0.0,88.36000061035156,85.30999755859375,87.81999969482422,0.0,13045100
2019-11-21,73.1968002319336,85.11000061035156,0.0,86.30000305175781,84.55000305175781,84.79000091552734,0.0,10180400
2019-11-22,73.0075912475586,84.88999938964844,0.0,85.81999969482422,84.52999877929688,85.29000091552734,0.0,6166700
2019-11-25,73.35160064697266,85.29000091552734,0.0,86.29000091552734,85.08000183105469,85.76000213623047,0.0,8964100
2019-11-26,72.78398132324219,84.62999725341797,0.0,85.55000305175781,84.13999938964844,85.25,0.0,11584500
2019-11-27,72.93018341064453,84.80000305175781,0.0,85.30999755859375,84.47000122070312,85.16000366210938,0.0,5215000
2019-11-29,71.85517120361328,83.55000305175781,0.0,85.0999984741211,83.41999816894531,84.51000213623047,0.0,3882400
2019-12-02,70.90913391113281,82.44999694824219,0.0,84.29000091552734,82.30999755859375,83.9800033569336,0.0,7668800
2019-12-03,69.30089569091797,80.58000183105469,0.0,81.38999938964844,79.80999755859375,81.37999725341797,0.0,11126100
2019-12-04,71.13826751708984,82.08000183105469,0.62,82.44000244140625,80.44999694824219,80.91999816894531,0.0,8477400
2019-12-05,71.58027648925781,82.58999633789062,0.0,83.44000244140625,81.77999877929688,82.6500015258789,0.0,6358300
2019-12-06,72.64633178710938,83.81999969482422,0.0,84.25,83.41999816894531,83.44999694824219,0.0,6860400
2019-12-09,73.59968566894531,84.91999816894531,0.0,85.30000305175781,83.83999633789062,84.0,0.0,8382900
2019-12-10,72.90633392333984,84.12000274658203,0.0,85.33000183105469,83.69000244140625,85.04000091552734,0.0,8082200
2019-12-11,75.39374542236328,86.98999786376953,0.0,87.0999984741211,84.76000213623047,84.83999633789062,0.0,9571500
2019-12-12,77.17913818359375,89.05000305175781,0.0,89.2300033569336,86.37000274658203,86.83999633789062,0.0,12164600
2019-12-13,76.12178802490234,87.83000183105469,0.0,89.69999694824219,87.55999755859375,88.91000366210938,0.0,12269100
2019-12-16,76.64179992675781,88.43000030517578,0.0,90.45999908447266,88.3499984741211,89.27999877929688,0.0,8719100
2019-12-17,76.54644012451172,88.31999969482422,0.0,89.04000091552734,87.68000030517578,89.0,0.0,7485900
2019-12-18,76.25178527832031,87.9800033569336,0.0,88.6500015258789,87.58999633789062,88.54000091552734,0.0,5860600
2019-12-19,76.69379425048828,88.48999786376953,0.0,88.69999694824219,87.62000274658203,88.36000061035156,0.0,7471400
2019-12-20,77.00580596923828,88.8499984741211,0.0,89.8499984741211,88.18000030517578,88.81999969482422,0.0,17538000
2019-12-23,76.65911102294922,88.44999694824219,0.0,89.33000183105469,88.25,89.01000213623047,0.0,7274700
2019-12-24,76.93647766113281,88.7699966430664,0.0,88.80999755859375,87.9800033569336,88.62000274658203,0.0,2435200
2019-12-26,76.61579132080078,88.4000015258789,0.0,88.95999908447266,88.0,88.91999816894531,0.0,5070000
2019-12-27,76.96246337890625,88.80000305175781,0.0,88.94999694824219,88.08999633789062,88.9000015258789,0.0,5808900
2019-12-30,76.64179992675781,88.43000030517578,0.0,88.77999877929688,87.30999755859375,88.70999908447266,0.0,6543100
2019-12-31,76.46846008300781,88.2300033569336,0.0,88.7699966430664,87.87999725341797,87.98999786376953,0.0,5173400
2020-01-02,76.86711883544922,88.69000244140625,0.0,89.80999755859375,88.08000183105469,89.05000305175781,0.0,8413900
2020-01-03,75.41975402832031,87.0199966430664,0.0,87.63999938964844,86.44000244140625,87.26000213623047,0.0,8340300
2020-01-06,74.97773742675781,86.51000213623047,0.0,86.55000305175781,85.54000091552734,85.91000366210938,0.0,8381400
2020-01-07,77.10981750488281,88.97000122070312,0.0,89.48999786376953,86.91000366210938,87.04000091552734,0.0,8377400
2020-01-08,76.88446044921875,88.70999908447266,0.0,89.47000122070312,87.91999816894531,88.9000015258789,0.0,7619900
2020-01-09,77.92449951171875,89.91000366210938,0.0,90.72000122070312,88.83000183105469,89.66000366210938,0.0,9155500
2020-01-10,78.22782897949219,90.26000213623047,0.0,92.38999938964844,89.87000274658203,90.51000213623047,0.0,9668300
2020-01-13,78.84319305419922,90.97000122070312,0.0,92.7300033569336,90.55000305175781,91.05000305175781,0.0,10367800
2020-01-14,78.48784637451172,90.55999755859375,0.0,91.61000061035156,90.29000091552734,91.12999725341797,0.0,7800100
2020-01-15,77.71648406982422,89.66999816894531,0.0,91.18000030517578,89.25,90.75,0.0,7259100
2020-01-16,79.55388641357422,91.79000091552734,0.0,92.2300033569336,89.81999969482422,90.22000122070312,0.0,9295500
2020-01-17,83.12466430664062,95.91000366210938,0.0,96.16999816894531,92.94999694824219,93.0,0.0,23694400
2020-01-21,81.93728637695312,94.54000091552734,0.0,95.72000122070312,93.41999816894531,95.33000183105469,0.0,10868500
2020-01-22,80.57657623291016,92.97000122070312,0.0,95.38999938964844,92.70999908447266,95.26000213623047,0.0,8342300
2020-01-23,79.73588562011719,92.0,0.0,92.94999694824219,91.45999908447266,92.8499984741211,0.0,11282000
2020-01-24,77.69915771484375,89.6500015258789,0.0,93.25,88.83000183105469,92.68000030517578,0.0,9471700
2020-01-27,75.44574737548828,87.05000305175781,0.0,88.22000122070312,86.44999694824219,87.30000305175781,0.0,9240200
2020-01-28,77.26580810546875,89.1500015258789,0.0,89.54000091552734,87.38999938964844,88.1500015258789,0.0,9187000
2020-01-29,76.46846008300781,88.2300033569336,0.0,89.0199966430664,87.3499984741211,88.66000366210938,0.0,8158500
2020-01-30,76.07843017578125,87.77999877929688,0.0,87.86000061035156,86.19000244140625,87.30999755859375,0.0,8379400
2020-01-31,73.93769073486328,85.30999755859375,0.0,87.16999816894531,85.04000091552734,87.05000305175781,0.0,9503600
2020-02-03,74.95174407958984,86.4800033569336,0.0,86.58000183105469,85.16000366210938,85.55000305175781,0.0,7792700
2020-02-04,77.07511901855469,88.93000030517578,0.0,88.94999694824219,87.37000274658203,88.25,0.0,9236400
2020-02-05,78.79118347167969,90.91000366210938,0.0,91.13999938964844,89.2699966430664,90.98999786376953,0.0,14220900
2020-02-06,78.53118896484375,90.61000061035156,0.0,90.77999877929688,86.19000244140625,88.05999755859375,0.0,21059000
2020-02-07,75.76644897460938,87.41999816894531,0.0,90.02999877929688,87.37999725341797,89.62000274658203,0.0,10725100
2020-02-10,76.78910827636719,88.5999984741211,0.0,88.63999938964844,86.5,86.77999877929688,0.0,7481300
2020-02-11,78.00251007080078,90.0,0.0,91.47000122070312,88.9000015258789,89.37000274658203,0.0,9452800
2020-02-12,79.49321746826172,91.72000122070312,0.0,92.44000244140625,91.29000091552734,91.6500015258789,0.0,9824200
2020-02-13,78.02850341796875,90.02999877929688,0.0,91.37999725341797,89.77999877929688,91.02999877929688,0.0,8428300
2020-02-14,77.65583038330078,89.5999984741211,0.0,90.80000305175781,88.79000091552734,90.55000305175781,0.0,6256500
2020-02-18,76.29509735107422,88.02999877929688,0.0,89.0,87.52999877929688,87.83000183105469,0.0,7248100
2020-02-19,78.48784637451172,90.55999755859375,0.0,90.62000274658203,88.6500015258789,88.91999816894531,0.0,7820900
2020-02-20,77.54312896728516,89.47000122070312,0.0,91.87999725341797,88.68000030517578,90.80999755859375,0.0,9754900
2020-02-21,75.42840576171875,87.02999877929688,0.0,89.02999877929688,86.33000183105469,88.55999755859375,0.0,12257600
2020-02-24,72.21298217773438,83.31999969482422,0.0,84.83000183105469,82.70999908447266,83.9000015258789,0.0,12158500
2020-02-25,69.52623748779297,80.22000122070312,0.0,84.4000015258789,79.63999938964844,83.94000244140625,0.0,14725000
2020-02-26,69.04088592529297,79.66000366210938,0.0,82.02999877929688,79.08999633789062,81.0,0.0,13125000
2020-02-27,65.81678771972656,75.94000244140625,0.0,78.19000244140625,75.33000183105469,77.12999725341797,0.0,17898300
2020-02-28,67.86217498779297,78.30000305175781,0.0,79.80999755859375,73.33999633789062,73.76000213623047,0.0,20843300
2020-03-02,69.82089233398438,80.55999755859375,0.0,80.70999908447266,77.12999725341797,79.0199966430664,0.0,15043400
2020-03-03,68.08751678466797,78.55999755859375,0.0,82.6500015258789,77.83000183105469,80.81999969482422,0.0,16356200
2020-03-04,71.45956420898438,81.80000305175781,0.62,81.91000366210938,78.05000305175781,79.12000274658203,0.0,9894900
2020-03-05,69.16204833984375,79.16999816894531,0.0,81.37000274658203,78.69999694824219,79.45999908447266,0.0,9396200
2020-03-06,67.6769027709961,77.47000122070312,0.0,78.08000183105469,75.83000183105469,76.33000183105469,0.0,11536500
2020-03-09,63.457481384277344,72.63999938964844,0.0,76.0999984741211,71.83000183105469,72.4000015258789,0.0,13898500
2020-03-10,68.91743469238281,78.88999938964844,0.0,79.04000091552734,74.16000366210938,74.80000305175781,0.0,13615600
2020-03-11,65.18719482421875,74.62000274658203,0.0,77.79000091552734,73.72000122070312,76.29000091552734,0.0,13376500
2020-03-12,58.54793167114258,67.0199966430664,0.0,72.52999877929688,67.0,69.5199966430664,0.0,19386200
2020-03-13,66.22676086425781,75.80999755859375,0.0,76.66999816894531,67.26000213623047,71.18000030517578,0.0,15971400
2020-03-16,56.32901382446289,64.4800033569336,0.0,71.16999816894531,64.45999908447266,68.27999877929688,0.0,16134700
2020-03-17,60.15532684326172,68.86000061035156,0.0,69.80999755859375,62.20000076293945,65.91000366210938,0.0,16864500
2020-03-18,53.454891204833984,61.189998626708984,0.0,65.55999755859375,58.0,63.560001373291016,0.0,18381200
2020-03-19,56.78327178955078,65.0,0.0,67.55000305175781,59.040000915527344,61.119998931884766,0.0,17127400
2020-03-20,53.210289001464844,60.90999984741211,0.0,67.9800033569336,60.790000915527344,65.02999877929688,0.0,16591500
2020-03-23,54.62550735473633,62.529998779296875,0.0,64.86000061035156,59.11000061035156,61.54999923706055,0.0,14920300
2020-03-24,57.18511962890625,65.45999908447266,0.0,67.62000274658203,62.189998626708984,66.0,0.0,18966800
2020-03-25,55.10598373413086,63.08000183105469,0.0,66.95999908447266,62.459999084472656,65.9000015258789,0.0,15969800
2020-03-26,60.26017761230469,68.9800033569336,0.0,69.66000366210938,63.25,64.0,0.0,15820300
2020-03-27,58.17228317260742,66.58999633789062,0.0,69.12000274658203,65.93000030517578,66.5,0.0,9739100
2020-03-30,60.30382537841797,69.02999877929688,0.0,69.5,66.05999755859375,67.19000244140625,0.0,9880800
2020-03-31,59.098289489746094,67.6500015258789,0.0,70.36000061035156,66.66000366210938,69.30000305175781,0.0,13213900
2020-04-01,57.56950378417969,65.9000015258789,0.0,68.69999694824219,65.0,65.0,0.0,14167900
2020-04-02,59.42148971557617,68.0199966430664,0.0,68.26000213623047,65.30999755859375,65.87000274658203,0.0,15432900
2020-04-03,56.98419952392578,65.2300033569336,0.0,68.69000244140625,64.55000305175781,67.68000030517578,0.0,8600700
2020-04-06,61.98112869262695,70.94999694824219,0.0,71.37000274658203,67.6500015258789,68.5,0.0,12153100
2020-04-07,63.536128997802734,72.7300033569336,0.0,74.9000015258789,70.86000061035156,73.66000366210938,0.0,11285600
2020-04-08,64.06027221679688,73.33000183105469,0.0,74.37999725341797,72.41999816894531,73.69999694824219,0.0,10695600
2020-04-09,62.531490325927734,71.58000183105469,0.0,74.83999633789062,70.0,74.62000274658203,0.0,15459400
2020-04-13,64.03406524658203,73.30000305175781,0.0,73.51000213623047,71.44000244140625,71.70999908447266,0.0,7896500
2020-04-14,67.74683380126953,77.55000305175781,0.0,77.66999816894531,74.97000122070312,75.0,0.0,11314100
2020-04-15,66.38402557373047,75.98999786376953,0.0,76.33999633789062,74.02999877929688,75.86000061035156,0.0,9951700
2020-04-16,67.13529205322266,76.8499984741211,0.0,77.69000244140625,75.37999725341797,76.86000061035156,0.0,8819700
2020-04-17,66.54126739501953,76.16999816894531,0.0,78.25,75.4800033569336,77.31999969482422,0.0,9926000
2020-04-20,64.9164047241211,74.30999755859375,0.0,76.2300033569336,74.0999984741211,75.0199966430664,0.0,7217700
2020-04-21,62.75861740112305,71.83999633789062,0.0,73.97000122070312,71.75,73.30999755859375,0.0,9273800
2020-04-22,65.23960876464844,74.68000030517578,0.0,75.33999633789062,72.75,73.79000091552734,0.0,7365300
2020-04-23,64.47959899902344,73.80999755859375,0.0,76.16999816894531,73.76000213623047,75.0,0.0,7673800
2020-04-24,66.42768859863281,76.04000091552734,0.0,76.11000061035156,73.66000366210938,73.91999816894531,0.0,6071300
2020-04-27,66.3752670288086,75.9800033569336,0.0,77.81999969482422,75.48999786376953,76.58999633789062,0.0,7219500
2020-04-28,65.77249145507812,75.29000091552734,0.0,77.77999877929688,75.16000366210938,77.11000061035156,0.0,6250500
2020-04-29,68.98731994628906,78.97000122070312,0.0,79.23999786376953,76.83000183105469,77.16999816894531,0.0,11950200
2020-04-30,68.72522735595703,78.66999816894531,0.0,80.87000274658203,77.27999877929688,80.2699966430664,0.0,17113500
2020-05-01,66.07823944091797,75.63999938964844,0.0,77.58999633789062,74.68000030517578,76.8499984741211,0.0,9742100
2020-05-04,66.11321258544922,75.68000030517578,0.0,75.94000244140625,74.08999633789062,75.16000366210938,0.0,7202400
2020-05-05,67.81671142578125,77.62999725341797,0.0,78.80999755859375,76.55999755859375,76.75,0.0,7540800
2020-05-06,68.89996337890625,78.87000274658203,0.0,80.13999938964844,78.5199966430664,78.80999755859375,0.0,8179700
2020-05-07,68.86499786376953,78.83000183105469,0.0,80.16999816894531,78.26000213623047,79.69999694824219,0.0,7291800
2020-05-08,70.37631225585938,80.55999755859375,0.0,81.08999633789062,79.36000061035156,79.69999694824219,0.0,7887200
2020-05-11,70.3064193725586,80.4800033569336,0.0,81.2699966430664,79.54000091552734,80.29000091552734,0.0,6604600
2020-05-12,68.50684356689453,78.41999816894531,0.0,81.79000091552734,78.4000015258789,81.29000091552734,0.0,7318100
2020-05-13,68.13992309570312,78.0,0.0,79.51000213623047,76.75,78.86000061035156,0.0,9584800
2020-05-14,69.77352905273438,79.87000274658203,0.0,80.0,76.47000122070312,77.5,0.0,9956800
2020-05-15,66.19180297851562,75.7699966430664,0.0,77.69999694824219,74.37000274658203,74.66999816894531,0.0,29597800
2020-05-18,69.8346939086914,79.94000244140625,0.0,80.18000030517578,77.20999908447266,77.2699966430664,0.0,13191000
2020-05-19,68.21854400634766,78.08999633789062,0.0,80.1500015258789,78.0,79.75,0.0,8118400
2020-05-20,70.43746185302734,80.62999725341797,0.0,81.95999908447266,79.69000244140625,79.95999908447266,0.0,11379200
2020-05-21,68.13992309570312,78.0,0.0,80.08999633789062,77.87000274658203,79.47000122070312,0.0,8141500
2020-05-22,68.7514419555664,78.69999694824219,0.0,78.76000213623047,77.29000091552734,78.26000213623047,0.0,5530400
2020-05-26,68.15739440917969,78.0199966430664,0.0,80.56999969482422,77.77999877929688,80.19000244140625,0.0,10067300
2020-05-27,69.2668685913086,79.29000091552734,0.0,79.31999969482422,76.16000366210938,78.2699966430664,0.0,9125900
2020-05-28,68.23602294921875,78.11000061035156,0.0,81.4800033569336,77.7300033569336,80.23999786376953,0.0,11161700
2020-05-29,70.65587615966797,80.87999725341797,0.0,81.19999694824219,77.9000015258789,78.69999694824219,0.0,10558700
2020-06-01,69.6512451171875,79.7300033569336,0.0,80.4800033569336,79.23999786376953,79.88999938964844,0.0,6474800
2020-06-02,73.93181610107422,84.62999725341797,0.0,84.87999725341797,79.91000366210938,79.93000030517578,0.0,13255300
2020-06-03,74.04627990722656,84.11000061035156,0.65,85.94999694824219,83.62000274658203,84.94999694824219,0.0,13029300
2020-06-04,75.7453384399414,86.04000091552734,0.0,86.69999694824219,83.94999694824219,83.94999694824219,0.0,12109000
2020-06-05,77.95500183105469,88.55000305175781,0.0,89.4800033569336,87.81999969482422,88.0,0.0,11882100
2020-06-08,80.43760681152344,91.37000274658203,0.0,91.5,88.33999633789062,89.0,0.0,9748300
2020-06-09,79.01143646240234,89.75,0.0,90.38999938964844,89.05999755859375,90.2300033569336,0.0,7327700
2020-06-10,80.12068176269531,91.01000213623047,0.0,92.13999938964844,90.02999877929688,90.25,0.0,9079700
2020-06-11,73.96702575683594,84.0199966430664,0.0,89.05999755859375,83.91000366210938,88.62000274658203,0.0,15241700
2020-06-12,75.04106140136719,85.23999786376953,0.0,87.13999938964844,83.52999877929688,86.25,0.0,10113200
2020-06-15,76.05345916748047,86.38999938964844,0.0,86.56999969482422,83.0999984741211,83.66999816894531,0.0,9852600
2020-06-16,78.80892944335938,89.5199966430664,0.0,90.44000244140625,87.76000213623047,89.9000015258789,0.0,12639800
2020-06-17,79.1787109375,89.94000244140625,0.0,91.08999633789062,89.30000305175781,90.68000030517578,0.0,7620300
2020-06-18,79.16107940673828,89.91999816894531,0.0,90.48999786376953,89.02999877929688,89.8499984741211,0.0,5709500
2020-06-19,78.18389129638672,88.80999755859375,0.0,90.25,87.54000091552734,89.87000274658203,0.0,23213800
2020-06-22,78.46562957763672,89.12999725341797,0.0,89.44000244140625,87.61000061035156,88.72000122070312,0.0,8028000
2020-06-23,78.6593017578125,89.3499984741211,0.0,90.61000061035156,89.11000061035156,90.13999938964844,0.0,7778700
2020-06-24,78.47444152832031,89.13999938964844,0.0,89.83000183105469,87.41999816894531,89.16999816894531,0.0,8208800
2020-06-25,78.31597137451172,88.95999908447266,0.0,89.45999908447266,87.31999969482422,88.69999694824219,0.0,7062600
2020-06-26,77.48841857910156,88.0199966430664,0.0,89.7300033569336,87.54000091552734,89.06999969482422,0.0,9126500
2020-06-29,78.35999298095703,89.01000213623047,0.0,89.1500015258789,86.68000030517578,88.20999908447266,0.0,5870400
2020-06-30,80.29676055908203,91.20999908447266,0.0,91.93000030517578,89.0,89.19999694824219,0.0,9378500
2020-07-01,79.03784942626953,89.77999877929688,0.0,91.30000305175781,89.58000183105469,91.01000213623047,0.0,6990600
2020-07-02,80.8778076171875,91.87000274658203,0.0,92.5,90.80000305175781,91.08999633789062,0.0,8317300
2020-07-06,81.8021240234375,92.91999816894531,0.0,93.75,92.0999984741211,93.20999908447266,0.0,6933100
2020-07-07,81.115478515625,92.13999938964844,0.0,93.55000305175781,91.91000366210938,92.97000122070312,0.0,6722400
2020-07-08,82.33914947509766,93.52999877929688,0.0,93.5999984741211,92.33999633789062,93.2699966430664,0.0,6692700
2020-07-09,82.09268951416016,93.25,0.0,93.94999694824219,91.44000244140625,93.94999694824219,0.0,6287700
2020-07-10,81.44121551513672,92.51000213623047,0.0,93.5199966430664,91.55999755859375,93.0,0.0,5687600
2020-07-13,80.40240478515625,91.33000183105469,0.0,94.12999725341797,91.19999694824219,93.30000305175781,0.0,7606400
2020-07-14,81.32677459716797,92.37999725341797,0.0,92.62000274658203,89.19999694824219,90.86000061035156,0.0,6571000
2020-07-15,81.47640991210938,92.55000305175781,0.0,92.93000030517578,91.01000213623047,92.93000030517578,0.0,6154100
2020-07-16,80.28794860839844,91.19999694824219,0.0,91.75,90.68000030517578,91.26000213623047,0.0,6178700
2020-07-17,81.1947021484375,92.2300033569336,0.0,92.45999908447266,91.0,91.68000030517578,0.0,5985700
2020-07-20,82.02223205566406,93.16999816894531,0.0,93.2699966430664,91.30000305175781,92.19000244140625,0.0,5407500
2020-07-21,81.26514434814453,92.30999755859375,0.0,93.8499984741211,91.80999755859375,93.55000305175781,0.0,7098600
2020-07-22,81.52044677734375,92.5999984741211,0.0,93.29000091552734,91.66999816894531,92.73999786376953,0.0,4366400
2020-07-23,78.94100952148438,89.66999816894531,0.0,92.97000122070312,89.2300033569336,92.91000366210938,0.0,9438500
2020-07-24,78.25434112548828,88.88999938964844,0.0,90.29000091552734,87.51000213623047,89.20999908447266,0.0,9520000
2020-07-27,81.60847473144531,92.69999694824219,0.0,92.83999633789062,89.26000213623047,90.0199966430664,0.0,8021700
2020-07-28,80.50802612304688,91.44999694824219,0.0,92.58999633789062,90.56999969482422,92.16999816894531,0.0,5818400
2020-07-29,81.89899444580078,93.02999877929688,0.0,93.62000274658203,91.73999786376953,92.08000183105469,0.0,11453000
2020-07-30,94.36476135253906,107.19000244140625,0.0,107.69000244140625,100.69999694824219,102.41999816894531,0.0,42122500
2020-07-31,92.97379302978516,105.61000061035156,0.0,107.75,104.51000213623047,105.66000366210938,0.0,16765100
2020-08-03,96.47760772705078,109.58999633789062,0.0,113.0,107.02999877929688,107.4000015258789,0.0,18899400
2020-08-04,97.67486572265625,110.94999694824219,0.0,111.0199966430664,108.66000366210938,109.48999786376953,0.0,10205400
2020-08-05,98.0622329711914,111.38999938964844,0.0,112.45999908447266,110.08000183105469,111.0,0.0,7967400
2020-08-06,97.7717056274414,111.05999755859375,0.0,111.36000061035156,109.93000030517578,111.2300033569336,0.0,6392200
2020-08-07,95.29791259765625,108.25,0.0,111.05000305175781,106.0,110.01000213623047,0.0,11155900
2020-08-10,93.63406372070312,106.36000061035156,0.0,108.98999786376953,105.72000122070312,108.5999984741211,0.0,10087100
2020-08-11,95.80854797363281,108.83000183105469,0.0,112.01000213623047,104.73999786376953,106.19999694824219,0.0,17803000
2020-08-12,101.9357681274414,115.79000091552734,0.0,116.25,109.6500015258789,110.38999938964844,0.0,18664700
2020-08-13,99.84053039550781,113.41000366210938,0.0,116.19999694824219,112.7699966430664,116.19999694824219,0.0,9958400
2020-08-14,100.13105773925781,113.73999786376953,0.0,114.5199966430664,112.56999969482422,113.30000305175781,0.0,6641000
2020-08-17,98.75769805908203,112.18000030517578,0.0,114.48999786376953,110.62999725341797,113.29000091552734,0.0,10283000
2020-08-18,98.62564086914062,112.02999877929688,0.0,113.37999725341797,111.5199966430664,112.91000366210938,0.0,6387000
2020-08-19,97.75410461425781,111.04000091552734,0.0,113.47000122070312,110.75,112.33000183105469,0.0,7747600
2020-08-20,97.41957092285156,110.66000366210938,0.0,110.9800033569336,109.66999816894531,110.0,0.0,7200300
2020-08-21,99.4795913696289,113.0,0.0,113.1500015258789,109.94999694824219,110.2300033569336,0.0,8546900
2020-08-24,102.0413818359375,115.91000366210938,0.0,116.0,113.2699966430664,114.37000274658203,0.0,10235000
2020-08-25,102.07659912109375,115.94999694824219,0.0,117.0999984741211,114.44000244140625,116.11000061035156,0.0,6208000
2020-08-26,102.15584564208984,116.04000091552734,0.0,116.55000305175781,115.16999816894531,116.25,0.0,7487400
2020-08-27,102.13825225830078,116.0199966430664,0.0,118.18000030517578,115.3499984741211,116.43000030517578,0.0,8206200
2020-08-28,104.05740356445312,118.19999694824219,0.0,118.26000213623047,116.16999816894531,116.70999908447266,0.0,6280300
2020-08-31,104.84972381591797,119.0999984741211,0.0,121.05999755859375,118.12000274658203,118.33000183105469,0.0,9694600
2020-09-01,107.41155242919922,122.01000213623047,0.0,122.56999969482422,119.51000213623047,121.08000183105469,0.0,9091900
2020-09-02,109.0223617553711,123.18000030517578,0.65,123.93000030517578,121.80999755859375,123.26000213623047,0.0,9167700
2020-09-03,103.04817962646484,116.43000030517578,0.0,121.70999908447266,115.5999984741211,121.30000305175781,0.0,13560800
2020-09-04,102.64104461669922,115.97000122070312,0.0,117.81999969482422,112.37999725341797,115.69000244140625,0.0,11064300
2020-09-08,97.15362548828125,109.7699966430664,0.0,113.87999725341797,109.62000274658203,111.94000244140625,0.0,10245200
2020-09-09,100.91515350341797,114.0199966430664,0.0,115.7699966430664,112.30000305175781,113.4800033569336,0.0,9708400
2020-09-10,99.51675415039062,112.44000244140625,0.0,115.80999755859375,111.56999969482422,115.1500015258789,0.0,6166300
2020-09-11,100.38411712646484,113.41999816894531,0.0,114.8499984741211,112.4000015258789,113.37999725341797,0.0,6740200
2020-09-14,100.41952514648438,113.45999908447266,0.0,115.43000030517578,112.6500015258789,115.23999786376953,0.0,5397300
2020-09-15,103.18091583251953,116.58000183105469,0.0,117.80999755859375,114.79000091552734,114.94000244140625,0.0,8773700
2020-09-16,101.3930892944336,114.55999755859375,0.0,118.0,114.54000091552734,118.0,0.0,6340100
2020-09-17,101.67632293701172,114.87999725341797,0.0,115.69999694824219,111.0,111.91999816894531,0.0,7418100
2020-09-18,97.9678955078125,110.69000244140625,0.0,115.43000030517578,109.80000305175781,115.04000091552734,0.0,15443200
2020-09-21,99.05651092529297,111.91999816894531,0.0,112.13999938964844,108.30000305175781,109.16000366210938,0.0,8197600
2020-09-22,100.73814392089844,113.81999969482422,0.0,114.25,110.41999816894531,112.61000061035156,0.0,6911200
2020-09-23,97.86168670654297,110.56999969482422,0.0,113.93000030517578,110.06999969482422,113.63999938964844,0.0,6553300
2020-09-24,99.29548645019531,112.19000244140625,0.0,113.29000091552734,109.23999786376953,109.38999938964844,0.0,6849000
2020-09-25,101.34002685546875,114.5,0.0,115.75,111.80000305175781,113.55000305175781,0.0,11718000
2020-09-28,104.85369873046875,118.47000122070312,0.0,118.73999786376953,114.91999816894531,115.95999908447266,0.0,9043600
2020-09-29,103.88897705078125,117.37999725341797,0.0,119.25,117.19999694824219,118.13999938964844,0.0,5655700
2020-09-30,104.15451049804688,117.68000030517578,0.0,119.26000213623047,116.91999816894531,117.5,0.0,5829700
2020-10-01,105.78302001953125,119.5199966430664,0.0,120.20999908447266,117.69999694824219,119.93000030517578,0.0,5316800
2020-10-02,102.19850158691406,115.47000122070312,0.0,118.66000366210938,115.43000030517578,116.77999877929688,0.0,5834300
2020-10-05,106.6680908203125,120.5199966430664,0.0,120.6500015258789,116.7300033569336,116.9000015258789,0.0,5835900
2020-10-06,105.80072021484375,119.54000091552734,0.0,122.5199966430664,119.0999984741211,120.44999694824219,0.0,7637000
2020-10-07,108.88957214355469,123.02999877929688,0.0,123.36000061035156,120.6500015258789,121.23999786376953,0.0,7410300
2020-10-08,108.27890014648438,122.33999633789062,0.0,124.43000030517578,121.83999633789062,124.0,0.0,4757500
2020-10-09,110.51814270019531,124.87000274658203,0.0,125.88999938964844,122.79000091552734,123.93000030517578,0.0,11073400
2020-10-12,112.12894439697266,126.69000244140625,0.0,127.69999694824219,124.94999694824219,127.69999694824219,0.0,7893800
2020-10-13,112.81045532226562,127.45999908447266,0.0,128.17999267578125,125.4000015258789,127.47000122070312,0.0,7605700
2020-10-14,114.9522933959961,129.8800048828125,0.0,132.4199981689453,128.92999267578125,129.0800018310547,0.0,13177100
2020-10-15,113.80169677734375,128.5800018310547,0.0,129.13999938964844,126.6500015258789,127.30000305175781,0.0,7376600
2020-10-16,114.19998931884766,129.02999877929688,0.0,130.19000244140625,127.73999786376953,129.6999969482422,0.0,6625400
2020-10-19,113.66011047363281,128.4199981689453,0.0,131.9600067138672,127.69999694824219,130.1300048828125,0.0,5765800
2020-10-20,113.55388641357422,128.3000030517578,0.0,129.3300018310547,127.51000213623047,129.17999267578125,0.0,4409800
2020-10-21,113.7751693725586,128.5500030517578,0.0,130.4199981689453,126.37000274658203,128.0399932861328,0.0,4344000
2020-10-22,113.62469482421875,128.3800048828125,0.0,129.58999633789062,126.86000061035156,129.50999450683594,0.0,3895100
2020-10-23,114.0672378540039,128.8800048828125,0.0,129.10000610351562,127.0999984741211,128.58999633789062,0.0,3943100
2020-10-26,111.69527435302734,126.19999694824219,0.0,128.6699981689453,124.4000015258789,127.52999877929688,0.0,6065900
2020-10-27,111.4385986328125,125.91000366210938,0.0,126.95999908447266,125.19000244140625,126.51000213623047,0.0,5825500
2020-10-28,107.60626983642578,121.58000183105469,0.0,123.81999969482422,121.05000305175781,123.5,0.0,8234800
2020-10-29,111.90766906738281,126.44000244140625,0.0,127.69000244140625,121.88999938964844,122.05999755859375,0.0,7053300
2020-10-30,109.18167877197266,123.36000061035156,0.0,125.25,121.5999984741211,123.68000030517578,0.0,7811200
2020-11-02,109.72156524658203,123.97000122070312,0.0,126.16999816894531,122.41000366210938,124.5,0.0,5860300
2020-11-03,111.03144836425781,125.44999694824219,0.0,126.91999816894531,124.69000244140625,125.44000244140625,0.0,5832800
2020-11-04,114.14689636230469,128.97000122070312,0.0,129.57000732421875,126.06999969482422,129.32000732421875,0.0,12608900
2020-11-05,128.69735717773438,145.41000366210938,0.0,148.8000030517578,141.8300018310547,145.82000732421875,0.0,27910900
2020-11-06,128.34332275390625,145.00999450683594,0.0,146.22999572753906,143.9600067138672,146.00999450683594,0.0,7278500
2020-11-09,126.21918487548828,142.61000061035156,0.0,149.41000366210938,142.44000244140625,149.41000366210938,0.0,10666300
2020-11-10,124.00650787353516,140.11000061035156,0.0,143.1699981689453,138.52999877929688,140.14999389648438,0.0,12019900
2020-11-11,130.71530151367188,147.69000244140625,0.0,148.08999633789062,144.0,144.5,0.0,10222700
2020-11-12,127.36975860595703,143.91000366210938,0.0,148.50999450683594,143.07000732421875,147.57000732421875,0.0,8580700
2020-11-13,127.67953491210938,144.25999450683594,0.0,146.25,143.22999572753906,145.5399932861328,0.0,5899200
2020-11-16,131.93666076660156,149.07000732421875,0.0,149.25,144.5500030517578,145.1999969482422,0.0,7598500
2020-11-17,131.64463806152344,148.74000549316406,0.0,149.85000610351562,147.17999267578125,149.02000427246094,0.0,7438600
2020-11-18,130.14886474609375,147.0500030517578,0.0,153.3300018310547,146.91000366210938,149.24000549316406,0.0,12124500
2020-11-19,130.5736846923828,147.52999877929688,0.0,149.3000030517578,145.4600067138672,146.55999755859375,0.0,7743700
2020-11-20,129.24609375,146.02999877929688,0.0,149.10000610351562,145.94000244140625,148.27999877929688,0.0,5551900
2020-11-23,127.29011535644531,143.82000732421875,0.0,147.0,141.8800048828125,142.35000610351562,0.0,11649400
2020-11-24,129.15762329101562,145.92999267578125,0.0,146.3300018310547,141.11000061035156,143.38999938964844,0.0,10800800
2020-11-25,127.52025604248047,144.0800018310547,0.0,147.49000549316406,144.0399932861328,145.9499969482422,0.0,6398900
2020-11-27,127.29893493652344,143.8300018310547,0.0,146.42999267578125,143.6999969482422,145.49000549316406,0.0,3878000
2020-11-30,130.25509643554688,147.1699981689453,0.0,147.2899932861328,144.0500030517578,144.6300048828125,0.0,8712500
2020-12-01,133.87496948242188,151.25999450683594,0.0,152.38999938964844,147.7899932861328,148.7899932861328,0.0,11906100
2020-12-02,133.31503295898438,149.97999572753906,0.65,151.49000549316406,149.6199951171875,150.50999450683594,0.0,7800300
2020-12-03,133.2527618408203,149.91000366210938,0.0,152.77000427246094,149.63999938964844,151.0399932861328,0.0,6355300
2020-12-04,140.10606384277344,157.6199951171875,0.0,158.08999633789062,150.0,150.3000030517578,0.0,12759900
2020-12-07,140.461669921875,158.02000427246094,0.0,158.97000122070312,156.7100067138672,158.5500030517578,0.0,7009300
2020-12-08,141.1549530029297,158.8000030517578,0.0,159.2899932861328,155.8699951171875,157.4600067138672,0.0,6088300
2020-12-09,138.68385314941406,156.02000427246094,0.0,161.07000732421875,155.5500030517578,158.60000610351562,0.0,7947200
2020-12-10,138.44386291503906,155.75,0.0,157.85000610351562,152.72999572753906,154.4199981689453,0.0,7522200
2020-12-11,128.24838256835938,144.27999877929688,0.0,150.27000427246094,141.88999938964844,149.24000549316406,0.0,25923100
2020-12-14,130.03501892089844,146.2899932861328,0.0,147.75,143.3300018310547,144.89999389648438,0.0,12258500
2020-12-15,131.87501525878906,148.36000061035156,0.0,149.9199981689453,147.10000610351562,149.3699951171875,0.0,6616400
2020-12-16,133.1016845703125,149.74000549316406,0.0,150.44000244140625,146.7100067138672,149.13999938964844,0.0,6610900
2020-12-17,132.91497802734375,149.52999877929688,0.0,151.22999572753906,148.3800048828125,150.8699951171875,0.0,7039000
2020-12-18,131.0394744873047,147.4199981689453,0.0,150.7899932861328,146.1199951171875,150.7899932861328,0.0,13288300
2020-12-21,130.48838806152344,146.8000030517578,0.0,147.36000061035156,144.41000366210938,145.00999450683594,0.0,7024600
2020-12-22,130.07949829101562,146.33999633789062,0.0,147.02999877929688,144.72000122070312,146.61000061035156,0.0,5751500
2020-12-23,130.63055419921875,146.9600067138672,0.0,151.5399932861328,146.8699951171875,147.6300048828125,0.0,5186700
2020-12-24,132.25723266601562,148.7899932861328,0.0,148.89999389648438,147.1999969482422,147.8000030517578,0.0,2120200
2020-12-28,131.3238983154297,147.74000549316406,0.0,151.07000732421875,147.44000244140625,150.6199951171875,0.0,4576600
2020-12-29,131.99053955078125,148.49000549316406,0.0,148.99000549316406,147.02999877929688,148.97000122070312,0.0,3543800
2020-12-30,133.288330078125,149.9499969482422,0.0,151.61000061035156,148.9199981689453,149.1199951171875,0.0,3965600
2020-12-31,135.4127655029297,152.33999633789062,0.0,152.55999755859375,150.10000610351562,150.32000732421875,0.0,4941700
2021-01-04,131.9994659423828,148.5,0.0,155.14999389648438,147.13999938964844,153.00999450683594,0.0,9827000
2021-01-05,135.49276733398438,152.42999267578125,0.0,152.6999969482422,148.5,148.64999389648438,0.0,8507200
2021-01-06,134.3905792236328,151.19000244140625,0.0,153.8699951171875,149.47000122070312,151.52999877929688,0.0,7174600
2021-01-07,138.39942932128906,155.6999969482422,0.0,156.4199981689453,152.25999450683594,152.3300018310547,0.0,8482300
2021-01-08,139.23495483398438,156.63999938964844,0.0,157.52999877929688,154.5399932861328,157.22999572753906,0.0,6252400
2021-01-11,138.76382446289062,156.11000061035156,0.0,158.1300048828125,154.9199981689453,156.10000610351562,0.0,5147800
2021-01-12,137.28836059570312,154.4499969482422,0.0,156.8699951171875,153.9600067138672,156.63999938964844,0.0,4385700
2021-01-13,139.92828369140625,157.4199981689453,0.0,157.92999267578125,153.64999389648438,155.19000244140625,0.0,5479900
2021-01-14,142.97718811035156,160.85000610351562,0.0,163.17999267578125,158.5,159.39999389648438,0.0,10102400
2021-01-15,139.63497924804688,157.08999633789062,0.0,160.86000061035156,156.8800048828125,160.77000427246094,0.0,8607400
2021-01-19,145.57273864746094,163.77000427246094,0.0,164.10000610351562,158.4499969482422,158.94000244140625,0.0,8209000
2021-01-20,146.3105010986328,164.60000610351562,0.0,167.94000244140625,164.44000244140625,164.72000122070312,0.0,7943300
2021-01-21,146.44383239746094,164.75,0.0,166.49000549316406,163.33999633789062,165.80999755859375,0.0,6295700
2021-01-22,144.37277221679688,162.4199981689453,0.0,164.27000427246094,161.52000427246094,164.0,0.0,5062300
2021-01-25,146.13272094726562,164.39999389648438,0.0,167.0500030517578,161.72999572753906,164.32000732421875,0.0,5370800
2021-01-26,144.48828125,162.5500030517578,0.0,164.64999389648438,160.91000366210938,164.1999969482422,0.0,6554200
2021-01-27,136.594970703125,153.6699981689453,0.0,160.72999572753906,152.69000244140625,158.49000549316406,0.0,9854000
2021-01-28,138.26611328125,155.5500030517578,0.0,158.97000122070312,153.11000061035156,156.27999877929688,0.0,8087400
2021-01-29,138.91502380371094,156.27999877929688,0.0,160.63999938964844,154.75,160.25,0.0,9502100
2021-02-01,143.6260528564453,161.5800018310547,0.0,162.39999389648438,156.49000549316406,157.3699951171875,0.0,8265100
2021-02-02,146.47052001953125,164.77999877929688,0.0,165.3800048828125,161.3000030517578,164.50999450683594,0.0,6926500
2021-02-03,144.26605224609375,162.3000030517578,0.0,167.5800018310547,161.8000030517578,167.5800018310547,0.0,14156700
2021-02-04,131.52833557128906,147.97000122070312,0.0,151.77999877929688,145.1999969482422,150.17999267578125,0.0,46141800
2021-02-05,129.635009765625,145.83999633789062,0.0,148.89999389648438,144.6199951171875,148.85000610351562,0.0,24695400
2021-02-08,131.00393676757812,147.3800048828125,0.0,147.60000610351562,145.3000030517578,147.10000610351562,0.0,12181600
2021-02-09,129.875,146.11000061035156,0.0,148.5,145.89999389648438,147.5500030517578,0.0,11681300
2021-02-10,129.33277893066406,145.5,0.0,147.75,144.3699951171875,147.6199951171875,0.0,11701300
2021-02-11,129.38607788085938,145.55999755859375,0.0,146.57000732421875,143.52999877929688,145.77999877929688,0.0,11600200
2021-02-12,131.53724670410156,147.97999572753906,0.0,151.39999389648438,144.8699951171875,145.57000732421875,0.0,9155200
2021-02-16,130.80833435058594,147.16000366210938,0.0,149.74000549316406,146.05999755859375,149.0,0.0,10211900
2021-02-17,128.6661376953125,144.75,0.0,146.88999938964844,143.4199981689453,145.82000732421875,0.0,11937200
2021-02-18,127.91948699951172,143.91000366210938,0.0,144.6999969482422,142.9600067138672,143.5399932861328,0.0,8404400
2021-02-19,128.8350372314453,144.94000244140625,0.0,145.85000610351562,143.49000549316406,144.77999877929688,0.0,10012500
2021-02-22,123.96393585205078,139.4600067138672,0.0,144.1199951171875,139.0800018310547,142.25,0.0,12763900
2021-02-23,121.8839340209961,137.1199951171875,0.0,138.47999572753906,134.44000244140625,136.3800048828125,0.0,14425300
2021-02-24,125.42168426513672,141.10000610351562,0.0,141.17999267578125,135.08999633789062,136.39999389648438,0.0,13146200
2021-02-25,120.47058868408203,135.52999877929688,0.0,140.8300018310547,135.02000427246094,139.55999755859375,0.0,12701100
2021-02-26,121.05728149414062,136.19000244140625,0.0,138.14999389648438,134.6999969482422,136.75999450683594,0.0,11772600
2021-03-01,123.99061584472656,139.49000549316406,0.0,139.6300048828125,136.4600067138672,137.5,0.0,9421400
2021-03-02,121.81278991699219,137.0399932861328,0.0,140.10000610351562,136.77000427246094,140.0,0.0,8693200
2021-03-03,117.58836364746094,131.66000366210938,0.65,136.17999267578125,131.5399932861328,135.60000610351562,0.0,14862700
2021-03-04,114.14093780517578,127.80000305175781,0.0,134.1999969482422,126.58000183105469,132.35000610351562,0.0,15831100
2021-03-05,115.88250732421875,129.75,0.0,131.1699981689453,125.4000015258789,130.9199981689453,0.0,13292000
2021-03-08,110.03256225585938,123.19999694824219,0.0,129.77000427246094,122.98999786376953,129.0,0.0,15256100
2021-03-09,115.3109130859375,129.11000061035156,0.0,129.9199981689453,126.33000183105469,127.38999938964844,0.0,13130200
2021-03-10,114.20345306396484,127.87000274658203,0.0,131.10000610351562,127.63999938964844,130.6699981689453,0.0,12492300
2021-03-11,117.65982055664062,131.74000549316406,0.0,133.24000549316406,130.00999450683594,131.00999450683594,0.0,11920200
2021-03-12,116.08792877197266,129.97999572753906,0.0,130.3300018310547,127.62000274658203,129.89999389648438,0.0,9365700
2021-03-15,117.57048034667969,131.63999938964844,0.0,131.75999450683594,129.1199951171875,130.05999755859375,0.0,7807200
2021-03-16,119.36566925048828,133.64999389648438,0.0,135.44000244140625,132.2899932861328,132.88999938964844,0.0,10434700
2021-03-17,119.60680389404297,133.9199981689453,0.0,135.60000610351562,129.67999267578125,131.30999755859375,0.0,10781500
2021-03-18,115.88250732421875,129.75,0.0,133.60000610351562,129.66000366210938,132.44000244140625,0.0,9579000
2021-03-19,117.01677703857422,131.02000427246094,0.0,132.47999572753906,129.1699981689453,129.7899932861328,0.0,17599900
2021-03-22,119.75865173339844,134.08999633789062,0.0,135.5500030517578,132.60000610351562,132.9600067138672,0.0,9036900
2021-03-23,118.35646057128906,132.52000427246094,0.0,134.35000610351562,131.41000366210938,134.0,0.0,7425700
2021-03-24,113.5871810913086,127.18000030517578,0.0,133.05999755859375,127.11000061035156,132.99000549316406,0.0,10962300
2021-03-25,113.676513671875,127.27999877929688,0.0,127.63999938964844,124.38999938964844,126.66000366210938,0.0,10460800
2021-03-26,118.7762451171875,132.99000549316406,0.0,133.35000610351562,127.04000091552734,127.05999755859375,0.0,11071600
2021-03-29,117.24005126953125,131.27000427246094,0.0,133.33999633789062,129.77000427246094,132.5399932861328,0.0,9750100
2021-03-30,116.20402526855469,130.11000061035156,0.0,131.24000549316406,129.07000732421875,130.1699981689453,0.0,7097300
2021-03-31,118.4189453125,132.58999633789062,0.0,133.52000427246094,130.57000732421875,130.9600067138672,0.0,8361300
2021-04-01,123.06318664550781,137.7899932861328,0.0,138.42999267578125,133.60000610351562,134.5,0.0,14069600
2021-04-05,125.33174133300781,140.3300018310547,0.0,140.5,138.22999572753906,139.0399932861328,0.0,12562800
2021-04-06,123.3043441772461,138.05999755859375,0.0,140.22999572753906,137.63999938964844,139.85000610351562,0.0,9100000
2021-04-07,124.52792358398438,139.42999267578125,0.0,139.9499969482422,137.39999389648438,138.3300018310547,0.0,6958500
2021-04-08,125.34066009521484,140.33999633789062,0.0,140.3699951171875,138.80999755859375,140.0,0.0,7304900
2021-04-09,125.54606628417969,140.57000732421875,0.0,140.67999267578125,138.8800048828125,139.89999389648438,0.0,6033200
2021-04-12,122.75057983398438,137.44000244140625,0.0,139.88999938964844,136.0500030517578,138.86000061035156,0.0,10355500
2021-04-13,122.62560272216797,137.3000030517578,0.0,138.77000427246094,135.75,138.3800048828125,0.0,9225200
2021-04-14,120.34810638427734,134.75,0.0,137.83999633789062,133.91000366210938,137.0800018310547,0.0,9967800
2021-04-15,123.10783386230469,137.83999633789062,0.0,137.99000549316406,135.57000732421875,136.0,0.0,11733200
2021-04-16,123.43832397460938,138.2100067138672,0.0,139.00999450683594,136.64999389648438,137.6199951171875,0.0,6583900
2021-04-19,120.7946548461914,135.25,0.0,137.0500030517578,134.08999633789062,136.89999389648438,0.0,8728900
2021-04-20,119.14237976074219,133.39999389648438,0.0,134.77999877929688,132.7899932861328,134.5500030517578,0.0,7473700
2021-04-21,121.63421630859375,136.19000244140625,0.0,136.3699951171875,132.5,132.82000732421875,0.0,7237900
2021-04-22,118.75836944580078,132.97000122070312,0.0,135.9600067138672,132.47000122070312,135.3699951171875,0.0,8345100
2021-04-23,120.95543670654297,135.42999267578125,0.0,136.11000061035156,133.5399932861328,133.74000549316406,0.0,7666600
2021-04-26,124.108154296875,138.9600067138672,0.0,139.69000244140625,135.1199951171875,135.3300018310547,0.0,9715400
2021-04-27,123.25967407226562,138.00999450683594,0.0,139.3800048828125,136.97999572753906,138.7100067138672,0.0,9284500
2021-04-28,121.9736099243164,136.57000732421875,0.0,138.27000427246094,135.75,138.1699981689453,0.0,13118100
2021-04-29,127.43054962158203,142.67999267578125,0.0,145.3000030517578,140.6699981689453,145.00999450683594,0.0,20502100
2021-04-30,123.96527862548828,138.8000030517578,0.0,142.08999633789062,138.25999450683594,141.07000732421875,0.0,11374600
2021-05-03,122.74168395996094,137.42999267578125,0.0,139.75999450683594,136.8699951171875,139.6999969482422,0.0,7920300
2021-05-04,119.78545379638672,134.1199951171875,0.0,136.0,132.4199981689453,136.0,0.0,11996300
2021-05-05,120.2588119506836,134.64999389648438,0.0,136.4499969482422,134.11000061035156,136.0800018310547,0.0,6285500
2021-05-06,121.4645004272461,136.0,0.0,136.5399932861328,133.10000610351562,134.49000549316406,0.0,8352500
2021-05-07,123.11677551269531,137.85000610351562,0.0,138.69000244140625,136.2899932861328,136.94000244140625,0.0,6893700
2021-05-10,115.15908813476562,128.94000244140625,0.0,136.67999267578125,128.82000732421875,136.02000427246094,0.0,19537200
2021-05-11,114.64998626708984,128.3699951171875,0.0,128.55999755859375,124.7699966430664,125.25,0.0,11948000
2021-05-12,111.30077362060547,124.62000274658203,0.0,127.12999725341797,123.68000030517578,126.02999877929688,0.0,13529600
2021-05-13,113.52466583251953,127.11000061035156,0.0,128.47999572753906,125.87000274658203,127.12000274658203,0.0,10633000
2021-05-14,116.23973083496094,130.14999389648438,0.0,131.4199981689453,127.80999755859375,128.6300048828125,0.0,9391100
2021-05-17,115.92715454101562,129.8000030517578,0.0,129.8300018310547,127.70999908447266,129.2899932861328,0.0,5917400
2021-05-18,115.13226318359375,128.91000366210938,0.0,131.24000549316406,128.7899932861328,130.63999938964844,0.0,8651100
2021-05-19,116.69525909423828,130.66000366210938,0.0,130.8300018310547,126.44999694824219,127.19000244140625,0.0,8112900
2021-05-20,118.46363067626953,132.63999938964844,0.0,133.27999877929688,131.4600067138672,131.52999877929688,0.0,9208400
2021-05-21,117.40975189208984,131.4600067138672,0.0,132.69000244140625,130.49000549316406,132.13999938964844,0.0,8674000
2021-05-24,118.70475769042969,132.91000366210938,0.0,134.0,131.3300018310547,131.3300018310547,0.0,8229300
2021-05-25,119.4549789428711,133.75,0.0,134.3000030517578,132.8000030517578,133.5399932861328,0.0,7271400
2021-05-26,118.86554718017578,133.08999633789062,0.0,134.52000427246094,132.22000122070312,133.8699951171875,0.0,6663300
2021-05-27,119.35672760009766,133.63999938964844,0.0,134.63999938964844,132.7100067138672,132.72999572753906,0.0,7379300
2021-05-28,120.16053009033203,134.5399932861328,0.0,135.63999938964844,133.9499969482422,134.14999389648438,0.0,7042200
2021-06-01,119.62468719482422,133.94000244140625,0.0,136.07000732421875,133.52999877929688,135.10000610351562,0.0,7059600
2021-06-02,120.12738800048828,133.82000732421875,0.68,134.72999572753906,132.47000122070312,133.17999267578125,0.0,6026000
2021-06-03,118.29610443115234,131.77999877929688,0.0,133.38999938964844,131.4199981689453,132.64999389648438,0.0,6644000
2021-06-04,120.59416198730469,134.33999633789062,0.0,135.0500030517578,132.1999969482422,132.52999877929688,0.0,7416700
2021-06-07,119.67855834960938,133.32000732421875,0.0,133.77000427246094,132.63999938964844,133.6999969482422,0.0,5563300
2021-06-08,120.46852111816406,134.1999969482422,0.0,135.38999938964844,133.0,134.05999755859375,0.0,9657900
2021-06-09,119.29254150390625,132.88999938964844,0.0,135.35000610351562,132.7899932861328,135.10000610351562,0.0,6717200
2021-06-10,120.48646545410156,134.22000122070312,0.0,135.10000610351562,132.5800018310547,133.0500030517578,0.0,5522300
2021-06-11,120.84549713134766,134.6199951171875,0.0,134.64999389648438,133.64999389648438,133.8000030517578,0.0,6529900
2021-06-14,123.26029205322266,137.30999755859375,0.0,137.30999755859375,134.7899932861328,135.1999969482422,0.0,7912600
2021-06-15,121.7072982788086,135.5800018310547,0.0,137.3800048828125,135.22999572753906,137.13999938964844,0.0,5723600
2021-06-16,121.14176177978516,134.9499969482422,0.0,137.0500030517578,133.66000366210938,136.47000122070312,0.0,7404700
2021-06-17,121.50083923339844,135.35000610351562,0.0,136.6199951171875,134.08999633789062,134.30999755859375,0.0,6618300
2021-06-18,119.39128112792969,133.0,0.0,134.5800018310547,132.24000549316406,134.5500030517578,0.0,12753600
2021-06-21,120.2530746459961,133.9600067138672,0.0,135.10000610351562,132.66000366210938,133.0500030517578,0.0,6371400
2021-06-22,121.25845336914062,135.0800018310547,0.0,135.30999755859375,133.2899932861328,134.22000122070312,0.0,5976400
2021-06-23,121.6534423828125,135.52000427246094,0.0,136.22999572753906,134.80999755859375,134.88999938964844,0.0,6613800
2021-06-24,123.8078842163086,137.9199981689453,0.0,138.50999450683594,136.35000610351562,136.6199951171875,0.0,7941700
2021-06-25,123.56548309326172,137.64999389648438,0.0,139.47000122070312,136.97000122070312,138.4499969482422,0.0,7949200
2021-06-28,125.42365264892578,139.72000122070312,0.0,140.1699981689453,137.97999572753906,138.22999572753906,0.0,6645500
2021-06-29,128.0269317626953,142.6199951171875,0.0,142.9499969482422,139.25,139.6300048828125,0.0,6885400
2021-06-30,128.30523681640625,142.92999267578125,0.0,143.6300048828125,141.83999633789062,142.35000610351562,0.0,6449700
2021-07-01,126.39319610595703,140.8000030517578,0.0,143.02000427246094,140.35000610351562,142.91000366210938,0.0,6094100
2021-07-02,127.99105072021484,142.5800018310547,0.0,142.67999267578125,141.25,141.99000549316406,0.0,5399100
2021-07-06,126.74327850341797,141.19000244140625,0.0,143.17999267578125,139.67999267578125,143.0,0.0,7095200
2021-07-07,125.6480941772461,139.97000122070312,0.0,142.36000061035156,139.05999755859375,142.24000549316406,0.0,5034900
2021-07-08,124.14000701904297,138.2899932861328,0.0,138.8699951171875,135.60000610351562,137.72000122070312,0.0,7501100
2021-07-09,126.95872497558594,141.42999267578125,0.0,141.72999572753906,137.80999755859375,137.88999938964844,0.0,7356800
2021-07-12,127.89232635498047,142.47000122070312,0.0,143.02000427246094,141.1999969482422,141.39999389648438,0.0,6786500
2021-07-13,126.73431396484375,141.17999267578125,0.0,142.66000366210938,140.4199981689453,142.44000244140625,0.0,5657600
2021-07-14,129.04132080078125,143.75,0.0,146.33999633789062,142.5,143.5,0.0,11305700
2021-07-15,126.98565673828125,141.4600067138672,0.0,144.13999938964844,140.72000122070312,144.1199951171875,0.0,6667400
2021-07-16,125.41473388671875,139.7100067138672,0.0,142.50999450683594,139.52999877929688,141.8699951171875,0.0,5914300
2021-07-19,124.58882141113281,138.7899932861328,0.0,138.89999389648438,136.80999755859375,138.32000732421875,0.0,9371300
2021-07-20,125.27108764648438,139.5500030517578,0.0,140.4199981689453,137.1999969482422,139.02000427246094,0.0,6020400
2021-07-21,127.62303161621094,142.1699981689453,0.0,142.22000122070312,139.64999389648438,139.64999389648438,0.0,6161900
2021-07-22,127.86534881591797,142.44000244140625,0.0,142.85000610351562,141.5,142.0,0.0,3862600
2021-07-23,130.0557098388672,144.8800048828125,0.0,144.99000549316406,142.02999877929688,143.4499969482422,0.0,6310400
2021-07-26,128.81690979003906,143.5,0.0,144.3800048828125,142.24000549316406,143.9499969482422,0.0,6253900
2021-07-27,126.50984954833984,140.92999267578125,0.0,143.0,138.2100067138672,142.49000549316406,0.0,7575800
2021-07-28,127.86534881591797,142.44000244140625,0.0,142.91000366210938,140.13999938964844,141.27000427246094,0.0,9303400
2021-07-29,135.54051208496094,150.99000549316406,0.0,151.52000427246094,146.41000366210938,146.5,0.0,19446900
2021-07-30,134.4722900390625,149.8000030517578,0.0,150.41000366210938,148.36000061035156,149.1999969482422,0.0,8404800
2021-08-02,133.62847900390625,148.86000061035156,0.0,152.27999877929688,148.2100067138672,150.0,0.0,10823800
2021-08-03,132.8115997314453,147.9499969482422,0.0,149.5800018310547,146.55999755859375,148.91000366210938,0.0,6223400
2021-08-04,133.05393981933594,148.22000122070312,0.0,149.1999969482422,147.3300018310547,148.02000427246094,0.0,5556400
2021-08-05,131.8061981201172,146.8300018310547,0.0,147.47000122070312,144.57000732421875,147.24000549316406,0.0,7169200
2021-08-06,131.3124542236328,146.27999877929688,0.0,148.22999572753906,145.9199981689453,146.1300048828125,0.0,5733300
2021-08-09,131.88699340820312,146.9199981689453,0.0,147.72000122070312,145.75,146.7899932861328,0.0,4966600
2021-08-10,130.94442749023438,145.8699951171875,0.0,147.5,142.39999389648438,147.32000732421875,0.0,4197100
2021-08-11,131.67152404785156,146.67999267578125,0.0,146.7899932861328,144.39999389648438,146.05999755859375,0.0,6216000
2021-08-12,132.0934600830078,147.14999389648438,0.0,148.0,146.38999938964844,147.75999450683594,0.0,5777700
2021-08-13,133.43099975585938,148.63999938964844,0.0,149.30999755859375,146.92999267578125,147.0,0.0,5764000
2021-08-16,132.97320556640625,148.1300048828125,0.0,149.0800018310547,146.72000122070312,148.39999389648438,0.0,4410800
2021-08-17,129.63380432128906,144.41000366210938,0.0,147.0,143.57000732421875,146.9499969482422,0.0,7256800
2021-08-18,127.63196563720703,142.17999267578125,0.0,144.66000366210938,141.97999572753906,143.83999633789062,0.0,6546500
2021-08-19,126.22264099121094,140.61000061035156,0.0,141.4499969482422,138.9600067138672,140.64999389648438,0.0,8661000
2021-08-20,127.55118560791016,142.08999633789062,0.0,142.25999450683594,140.3000030517578,140.61000061035156,0.0,6141000
2021-08-23,129.39146423339844,144.13999938964844,0.0,144.61000061035156,142.35000610351562,142.64999389648438,0.0,6936900
2021-08-24,129.6786651611328,144.4600067138672,0.0,145.58999633789062,143.83999633789062,144.58999633789062,0.0,7066800
2021-08-25,129.1490478515625,143.8699951171875,0.0,145.42999267578125,143.47000122070312,144.4600067138672,0.0,5721600
2021-08-26,127.81151580810547,142.3800048828125,0.0,143.75999450683594,141.6199951171875,143.19000244140625,0.0,6825100
2021-08-27,130.02879333496094,144.85000610351562,0.0,144.9499969482422,141.9199981689453,142.1999969482422,0.0,6274500
2021-08-30,131.0072479248047,145.94000244140625,0.0,147.86000061035156,145.55999755859375,145.58999633789062,0.0,5263600
2021-08-31,131.68052673339844,146.69000244140625,0.0,147.52999877929688,144.55999755859375,146.8000030517578,0.0,7820500
2021-09-01,132.0773468017578,146.4499969482422,0.68,148.10000610351562,146.22000122070312,146.83999633789062,0.0,6451400
2021-09-02,130.87783813476562,145.1199951171875,0.0,146.88999938964844,144.50999450683594,146.6999969482422,0.0,6006700
2021-09-03,130.43589782714844,144.6300048828125,0.0,145.99000549316406,144.22999572753906,145.1199951171875,0.0,5505800
2021-09-07,129.642333984375,143.75,0.0,144.75999450683594,143.1199951171875,144.67999267578125,0.0,6361200
2021-09-08,128.53298950195312,142.52000427246094,0.0,143.6199951171875,141.49000549316406,143.36000061035156,0.0,5981300
2021-09-09,127.68526458740234,141.5800018310547,0.0,143.5399932861328,141.4499969482422,142.47000122070312,0.0,6190800
2021-09-10,128.6773223876953,142.67999267578125,0.0,146.0,142.5399932861328,143.1300048828125,0.0,6263300
2021-09-13,129.33566284179688,143.41000366210938,0.0,144.72999572753906,142.02999877929688,144.02000427246094,0.0,4312800
2021-09-14,127.28844451904297,141.13999938964844,0.0,144.80999755859375,140.6199951171875,144.47000122070312,0.0,6442100
2021-09-15,124.67303466796875,138.24000549316406,0.0,141.0,137.52000427246094,140.80999755859375,0.0,11289100
2021-09-16,124.81737518310547,138.39999389648438,0.0,138.9600067138672,137.32000732421875,137.32000732421875,0.0,6719900
2021-09-17,120.48843383789062,133.60000610351562,0.0,138.0,133.13999938964844,137.80999755859375,0.0,14550500
2021-09-20,119.73087310791016,132.75999450683594,0.0,133.1199951171875,130.61000061035156,131.47000122070312,0.0,9647100
2021-09-21,118.81998443603516,131.75,0.0,133.91000366210938,131.27999877929688,133.58999633789062,0.0,6175300
2021-09-22,119.95632934570312,133.00999450683594,0.0,133.49000549316406,131.97999572753906,132.58999633789062,0.0,5163000
2021-09-23,120.76802825927734,133.91000366210938,0.0,135.16000366210938,133.22000122070312,133.75,0.0,5918900
2021-09-24,120.74097442626953,133.8800048828125,0.0,134.5500030517578,132.8000030517578,133.11000061035156,0.0,4554600
2021-09-27,120.38018035888672,133.47999572753906,0.0,134.0399932861328,132.02000427246094,132.42999267578125,0.0,4319500
2021-09-28,117.15154266357422,129.89999389648438,0.0,132.74000549316406,129.6999969482422,131.75,0.0,8851700
2021-09-29,116.5924072265625,129.27999877929688,0.0,131.4499969482422,128.88999938964844,130.58999633789062,0.0,7037200
2021-09-30,116.32183837890625,128.97999572753906,0.0,131.0800018310547,128.6999969482422,130.35000610351562,0.0,6976800
2021-10-01,116.07833862304688,128.7100067138672,0.0,130.02000427246094,126.47000122070312,129.8000030517578,0.0,6863700
2021-10-04,114.24755859375,126.68000030517578,0.0,129.7899932861328,125.91999816894531,128.9199981689453,0.0,8470300
2021-10-05,115.0141372680664,127.52999877929688,0.0,128.77000427246094,125.69000244140625,126.12999725341797,0.0,9244300
2021-10-06,115.49211120605469,128.05999755859375,0.0,128.27000427246094,126.06999969482422,126.55000305175781,0.0,8513700
2021-10-07,115.29373168945312,127.83999633789062,0.0,130.72000122070312,127.58999633789062,129.25999450683594,0.0,8010600
2021-10-08,114.13033294677734,126.55000305175781,0.0,128.58999633789062,126.20999908447266,128.58999633789062,0.0,6920500
2021-10-11,112.6783447265625,124.94000244140625,0.0,127.2300033569336,124.87999725341797,126.05999755859375,0.0,6288200
2021-10-12,110.88363647460938,122.94999694824219,0.0,125.47000122070312,122.16999816894531,125.37999725341797,0.0,10531500
2021-10-13,112.76852416992188,125.04000091552734,0.0,126.31999969482422,123.5199966430664,125.19999694824219,0.0,12373800
2021-10-14,116.03324127197266,128.66000366210938,0.0,129.3000030517578,125.98999786376953,126.16000366210938,0.0,10637900
2021-10-15,117.422119140625,130.1999969482422,0.0,130.47999572753906,128.67999267578125,129.02000427246094,0.0,7609700
2021-10-18,117.3499526977539,130.1199951171875,0.0,130.27000427246094,128.24000549316406,129.32000732421875,0.0,5290000
2021-10-19,119.49639892578125,132.5,0.0,132.8000030517578,130.32000732421875,131.02000427246094,0.0,7330700
2021-10-20,119.18975830078125,132.16000366210938,0.0,133.00999450683594,131.25999450683594,132.5,0.0,4804100
2021-10-21,119.99239349365234,133.0500030517578,0.0,133.25999450683594,131.39999389648438,132.0,0.0,4579200
2021-10-22,118.7027359008789,131.6199951171875,0.0,133.69000244140625,131.42999267578125,132.89999389648438,0.0,5216200
2021-10-25,118.9823226928711,131.92999267578125,0.0,133.1699981689453,131.3000030517578,131.82000732421875,0.0,4876300
2021-10-26,118.99134063720703,131.94000244140625,0.0,133.7899932861328,131.07000732421875,132.89999389648438,0.0,5802200
2021-10-27,118.32394409179688,131.1999969482422,0.0,132.36000061035156,130.50999450683594,131.94000244140625,0.0,5090400
2021-10-28,120.569580078125,133.69000244140625,0.0,133.8300018310547,131.8699951171875,131.99000549316406,0.0,5016700
2021-10-29,119.98338317871094,133.0399932861328,0.0,133.67999267578125,132.4499969482422,132.86000061035156,0.0,5251100
2021-11-01,121.57967376708984,134.80999755859375,0.0,134.8699951171875,132.44000244140625,132.44000244140625,0.0,6903000
2021-11-02,121.95845031738281,135.22999572753906,0.0,135.72999572753906,134.1199951171875,134.5500030517578,0.0,7321900
2021-11-03,124.8895263671875,138.47999572753906,0.0,138.85000610351562,135.0399932861328,135.75,0.0,13216000
2021-11-04,140.78927612304688,156.11000061035156,0.0,159.5800018310547,153.3000030517578,156.32000732421875,0.0,48321500
2021-11-05,147.03018188476562,163.02999877929688,0.0,168.5500030517578,155.91000366210938,157.07000732421875,0.0,27226600
2021-11-08,149.57339477539062,165.85000610351562,0.0,167.7100067138672,161.27999877929688,163.2100067138672,0.0,14541400
2021-11-09,150.37608337402344,166.74000549316406,0.0,169.52000427246094,164.3800048828125,166.50999450683594,0.0,12353900
2021-11-10,144.1171417236328,159.8000030517578,0.0,166.1199951171875,159.02999877929688,165.08999633789062,0.0,11327100
2021-11-11,148.2837677001953,164.4199981689453,0.0,165.55999755859375,161.38999938964844,161.8000030517578,0.0,7624200
2021-11-12,148.752685546875,164.94000244140625,0.0,166.02000427246094,164.3300018310547,165.0,0.0,7371000
2021-11-15,151.9723358154297,168.50999450683594,0.0,169.94000244140625,165.80999755859375,166.5,0.0,12350200
2021-11-16,163.96705627441406,181.80999755859375,0.0,183.72999572753906,167.05999755859375,168.11000061035156,0.0,33338200
2021-11-17,165.5272674560547,183.5399932861328,0.0,186.3300018310547,178.6300048828125,180.7899932861328,0.0,21678900
2021-11-18,168.03445434570312,186.32000732421875,0.0,188.72000122070312,182.75,185.24000549316406,0.0,15542600
2021-11-19,166.84402465820312,185.0,0.0,186.60000610351562,182.3000030517578,184.69000244140625,0.0,11889100
2021-11-22,163.5973358154297,181.39999389648438,0.0,188.77000427246094,180.97999572753906,181.11000061035156,0.0,16062800
2021-11-23,163.18246459960938,180.94000244140625,0.0,181.3300018310547,177.02000427246094,180.33999633789062,0.0,10696200
2021-11-24,162.9750213623047,180.7100067138672,0.0,180.77999877929688,177.3300018310547,179.52000427246094,0.0,7886200
2021-11-26,158.49281311035156,175.74000549316406,0.0,180.25,175.05999755859375,175.6699981689453,0.0,7835900
2021-11-29,165.7076873779297,183.74000549316406,0.0,184.07000732421875,179.0,179.47999572753906,0.0,10440500
2021-11-30,162.8397979736328,180.55999755859375,0.0,186.80999755859375,180.33999633789062,183.22000122070312,0.0,19309200
2021-12-01,158.9923858642578,175.6300048828125,0.68,183.14999389648438,175.32000732421875,180.88999938964844,0.0,10637700
2021-12-02,160.259765625,177.02999877929688,0.0,177.88999938964844,171.2100067138672,172.08999633789062,0.0,13101400
2021-12-03,159.78897094726562,176.50999450683594,0.0,180.27000427246094,173.7100067138672,178.0399932861328,0.0,12111800
2021-12-06,158.8293914794922,175.4499969482422,0.0,176.97999572753906,172.27000427246094,176.8800048828125,0.0,8577500
2021-12-07,166.31597900390625,183.72000122070312,0.0,184.77999877929688,178.5,179.07000732421875,0.0,9910100
2021-12-08,165.32923889160156,182.6300048828125,0.0,183.72000122070312,180.77999877929688,183.00999450683594,0.0,4799400
2021-12-09,164.99429321289062,182.25999450683594,0.0,187.83999633789062,181.50999450683594,181.77000427246094,0.0,9398900
2021-12-10,166.4608154296875,183.8800048828125,0.0,185.5500030517578,181.14999389648438,185.5500030517578,0.0,6854800
2021-12-13,165.95387268066406,183.32000732421875,0.0,191.3000030517578,183.11000061035156,186.85000610351562,0.0,16346800
2021-12-14,164.7408447265625,181.97999572753906,0.0,183.89999389648438,179.41000366210938,181.1999969482422,0.0,8542800
2021-12-15,171.34930419921875,189.27999877929688,0.0,189.77999877929688,179.97999572753906,183.97000122070312,0.0,11082000
2021-12-16,161.27362060546875,178.14999389648438,0.0,192.67999267578125,176.11000061035156,190.3000030517578,0.0,14873000
2021-12-17,160.051513671875,176.8000030517578,0.0,180.1199951171875,175.02000427246094,175.72999572753906,0.0,16232300
2021-12-20,159.933837890625,176.6699981689453,0.0,177.0800018310547,173.4600067138672,174.2899932861328,0.0,6306400
2021-12-21,162.56814575195312,179.5800018310547,0.0,180.14999389648438,174.22000122070312,179.3800048828125,0.0,7702400
2021-12-22,164.19769287109375,181.3800048828125,0.0,181.52000427246094,177.6300048828125,179.0,0.0,5227200
2021-12-23,165.4288330078125,182.74000549316406,0.0,183.7100067138672,181.3800048828125,181.52999877929688,0.0,4918900
2021-12-27,168.67877197265625,186.3300018310547,0.0,186.41000366210938,183.02000427246094,183.2100067138672,0.0,4865900
2021-12-28,167.31178283691406,184.82000732421875,0.0,186.72999572753906,183.49000549316406,186.58999633789062,0.0,5399400
2021-12-29,168.56106567382812,186.1999969482422,0.0,187.38999938964844,184.55999755859375,184.67999267578125,0.0,5417200
2021-12-30,165.41973876953125,182.72999572753906,0.0,186.52000427246094,182.30999755859375,185.8800048828125,0.0,4108400
2021-12-31,165.54652404785156,182.8699951171875,0.0,185.14999389648438,182.60000610351562,183.30999755859375,0.0,4113300
2022-01-03,168.5701141357422,186.2100067138672,0.0,186.8800048828125,182.24000549316406,182.91000366210938,0.0,5990200
2022-01-04,169.4934539794922,187.22999572753906,0.0,188.92999267578125,181.00999450683594,187.0,0.0,8484200
2022-01-05,168.83265686035156,186.5,0.0,193.5800018310547,184.72999572753906,186.5,0.0,17141200
2022-01-06,168.33473205566406,185.9499969482422,0.0,188.47000122070312,183.0,184.52000427246094,0.0,9117700
2022-01-07,163.31954956054688,180.41000366210938,0.0,188.36000061035156,180.1199951171875,186.60000610351562,0.0,7386200
2022-01-10,162.65867614746094,179.67999267578125,0.0,180.0,173.75999450683594,178.27000427246094,0.0,11159300
2022-01-11,167.83680725097656,185.39999389648438,0.0,185.64999389648438,177.22000122070312,179.19000244140625,0.0,9591000
2022-01-12,168.76019287109375,186.4199981689453,0.0,189.4600067138672,185.19000244140625,186.60000610351562,0.0,7317500
2022-01-13,166.46987915039062,183.88999938964844,0.0,191.5800018310547,183.2899932861328,188.6999969482422,0.0,10190900
2022-01-14,170.815185546875,188.69000244140625,0.0,190.08999633789062,182.00999450683594,182.8000030517578,0.0,9587300
2022-01-18,161.9163818359375,178.86000061035156,0.0,186.0,178.27000427246094,185.8699951171875,0.0,10471200
2022-01-19,156.13169860839844,172.47000122070312,0.0,181.2100067138672,172.27000427246094,180.57000732421875,0.0,10082700
2022-01-20,150.7272491455078,166.5,0.0,174.99000549316406,166.2899932861328,174.52999877929688,0.0,9468500
2022-01-21,149.30599975585938,164.92999267578125,0.0,172.0399932861328,164.57000732421875,166.24000549316406,0.0,11898700
2022-01-24,153.95909118652344,170.07000732421875,0.0,170.82000732421875,158.60000610351562,162.17999267578125,0.0,17489100
2022-01-25,149.77670288085938,165.4499969482422,0.0,170.32000732421875,161.1999969482422,166.1699981689453,0.0,10708500
2022-01-26,151.17987060546875,167.0,0.0,174.5500030517578,163.89999389648438,168.5800018310547,0.0,10492200
2022-01-27,145.9293212890625,161.1999969482422,0.0,171.4499969482422,160.61000061035156,169.30999755859375,0.0,10743000
2022-01-28,151.00787353515625,166.80999755859375,0.0,166.94000244140625,157.3800048828125,162.00999450683594,0.0,10320800
2022-01-31,159.1100616455078,175.75999450683594,0.0,175.9499969482422,165.8000030517578,167.05999755859375,0.0,11273500
2022-02-01,160.3502655029297,177.1300048828125,0.0,177.42999267578125,173.11000061035156,176.44000244140625,0.0,9724600
2022-02-02,170.37159729003906,188.1999969482422,0.0,188.63999938964844,180.25999450683594,180.94000244140625,0.0,25646300
2022-02-03,162.13365173339844,179.10000610351562,0.0,192.10000610351562,177.2899932861328,180.8000030517578,0.0,36120200
2022-02-04,162.46859741210938,179.47000122070312,0.0,182.41000366210938,176.80999755859375,178.99000549316406,0.0,15708400
2022-02-07,158.5035400390625,175.08999633789062,0.0,180.64999389648438,174.44000244140625,179.6699981689453,0.0,10376300
2022-02-08,161.67193603515625,178.58999633789062,0.0,179.2899932861328,173.97999572753906,174.30999755859375,0.0,10163900
2022-02-09,166.52420043945312,183.9499969482422,0.0,184.0,178.9499969482422,181.39999389648438,0.0,9666900
2022-02-10,157.58013916015625,174.07000732421875,0.0,181.99000549316406,173.4499969482422,179.39999389648438,0.0,14362200
2022-02-11,149.04347229003906,164.63999938964844,0.0,175.47999572753906,163.5500030517578,174.6999969482422,0.0,13572000
2022-02-14,149.487060546875,165.1300048828125,0.0,167.85000610351562,162.47999572753906,165.35000610351562,0.0,8381700
2022-02-15,156.61148071289062,173.0,0.0,173.9600067138672,168.25,169.0,0.0,11100000
2022-02-16,156.2493896484375,172.60000610351562,0.0,173.2100067138672,168.25999450683594,170.67999267578125,0.0,8340600
2022-02-17,150.99884033203125,166.8000030517578,0.0,170.77000427246094,166.6999969482422,169.8800048828125,0.0,8878900
2022-02-18,151.75924682617188,167.63999938964844,0.0,170.4499969482422,164.24000549316406,167.47000122070312,0.0,9591700
2022-02-22,150.17501831054688,165.88999938964844,0.0,169.9600067138672,163.60000610351562,164.05999755859375,0.0,9835500
2022-02-23,146.30955505371094,161.6199951171875,0.0,169.16000366210938,161.32000732421875,166.64999389648438,0.0,9749000
2022-02-24,152.06704711914062,167.97999572753906,0.0,168.36000061035156,155.7899932861328,156.88999938964844,0.0,12567000
2022-02-25,154.73760986328125,170.92999267578125,0.0,171.08999633789062,165.60000610351562,167.61000061035156,0.0,7350200
2022-02-28,155.6971893310547,171.99000549316406,0.0,172.99000549316406,168.1999969482422,168.3000030517578,0.0,10638900
2022-03-01,148.1834259033203,163.69000244140625,0.0,171.83999633789062,161.72000122070312,170.9600067138672,0.0,10723300
2022-03-02,153.8558807373047,169.25,0.68,170.49000549316406,164.35000610351562,165.25,0.0,7299400
2022-03-03,150.3106231689453,165.35000610351562,0.0,170.8300018310547,164.5,170.6699981689453,0.0,8553900
2022-03-04,147.5016632080078,162.25999450683594,0.0,166.07000732421875,159.88999938964844,163.85000610351562,0.0,9057300
2022-03-07,136.4477081298828,150.10000610351562,0.0,163.16000366210938,150.0,162.32000732421875,0.0,13416100
2022-03-08,137.04763793945312,150.75999450683594,0.0,158.33999633789062,147.8800048828125,150.66000366210938,0.0,11878400
2022-03-09,142.8201141357422,157.11000061035156,0.0,158.47999572753906,154.1699981689453,156.00999450683594,0.0,9276800
2022-03-10,140.63836669921875,154.7100067138672,0.0,155.3000030517578,150.3300018310547,154.0399932861328,0.0,8888800
2022-03-11,138.48391723632812,152.33999633789062,0.0,158.32000732421875,152.02000427246094,157.9499969482422,0.0,7394400
2022-03-14,128.4390106201172,141.2899932861328,0.0,151.2899932861328,140.47000122070312,150.8000030517578,0.0,16154200
2022-03-15,131.09341430664062,144.2100067138672,0.0,144.42999267578125,139.0500030517578,142.5,0.0,13893000
2022-03-16,136.76585388183594,150.4499969482422,0.0,151.55999755859375,143.57000732421875,146.97000122070312,0.0,11727700
2022-03-17,138.92938232421875,152.8300018310547,0.0,152.94000244140625,146.5800018310547,149.19000244140625,0.0,8602900
2022-03-18,139.98391723632812,153.99000549316406,0.0,156.02999877929688,149.00999450683594,152.52000427246094,0.0,18454200
2022-03-21,141.43832397460938,155.58999633789062,0.0,157.7100067138672,152.80999755859375,153.99000549316406,0.0,8986400
2022-03-22,143.27459716796875,157.61000061035156,0.0,159.94000244140625,154.77000427246094,155.4499969482422,0.0,7220500
2022-03-23,138.9657440185547,152.8699951171875,0.0,157.2100067138672,152.5800018310547,156.11000061035156,0.0,7245600
2022-03-24,144.0472869873047,158.4600067138672,0.0,158.55999755859375,153.58999633789062,154.3000030517578,0.0,9261000
2022-03-25,143.60186767578125,157.97000122070312,0.0,158.4600067138672,155.17999267578125,157.97000122070312,0.0,7198700
2022-03-28,144.0382080078125,158.4499969482422,0.0,158.5,154.0500030517578,156.5,0.0,9470800
2022-03-29,146.419921875,161.07000732421875,0.0,161.3000030517578,156.64999389648438,161.2100067138672,0.0,10212400
2022-03-30,138.83847045898438,152.72999572753906,0.0,160.27000427246094,151.7899932861328,159.38999938964844,0.0,14777800
2022-03-31,138.9202880859375,152.82000732421875,0.0,155.13999938964844,151.02999877929688,152.88999938964844,0.0,13364200
2022-04-01,133.6205596923828,146.99000549316406,0.0,152.8699951171875,142.55999755859375,151.94000244140625,0.0,19762100
2022-04-04,139.82022094726562,153.80999755859375,0.0,154.1300048828125,146.66000366210938,147.74000549316406,0.0,12116000
2022-04-05,132.229736328125,145.4600067138672,0.0,152.00999450683594,145.27000427246094,151.80999755859375,0.0,15946100
2022-04-06,126.61182403564453,139.27999877929688,0.0,143.0,137.4600067138672,142.89999389648438,0.0,21054200
2022-04-07,126.5572738647461,139.22000122070312,0.0,141.49000549316406,136.9199981689453,139.7899932861328,0.0,10201200
2022-04-08,124.25740051269531,136.69000244140625,0.0,139.9600067138672,136.36000061035156,138.5399932861328,0.0,12992500
2022-04-11,123.04834747314453,135.36000061035156,0.0,137.61000061035156,133.69000244140625,134.2899932861328,0.0,11210400
2022-04-12,123.71195220947266,136.08999633789062,0.0,140.16000366210938,135.5,137.9199981689453,0.0,10591300
2022-04-13,127.72083282470703,140.5,0.0,142.58999633789062,136.47999572753906,137.5399932861328,0.0,10440800
2022-04-14,124.4573974609375,136.91000366210938,0.0,141.55999755859375,136.67999267578125,141.0500030517578,0.0,8002600
2022-04-18,126.64818572998047,139.32000732421875,0.0,140.35000610351562,135.55999755859375,135.6199951171875,0.0,8785700
2022-04-19,128.22084045410156,141.0500030517578,0.0,141.39999389648438,137.5399932861328,138.8300018310547,0.0,7213800
2022-04-20,127.57538604736328,140.33999633789062,0.0,144.80999755859375,140.05999755859375,143.2100067138672,0.0,7731600
2022-04-21,123.73013305664062,136.11000061035156,0.0,143.63999938964844,135.25999450683594,142.33999633789062,0.0,8576500
2022-04-22,120.73029327392578,132.80999755859375,0.0,137.3300018310547,132.64999389648438,136.1300048828125,0.0,8315100
2022-04-25,124.13922882080078,136.55999755859375,0.0,136.80999755859375,130.91000366210938,131.32000732421875,0.0,9673200
2022-04-26,121.35750579833984,133.5,0.0,136.35000610351562,132.6300048828125,135.02000427246094,0.0,9262800
2022-04-27,122.81202697753906,135.10000610351562,0.0,138.11000061035156,130.66000366210938,130.82000732421875,0.0,13855900
2022-04-28,134.7113800048828,148.19000244140625,0.0,151.1999969482422,139.1300048828125,142.8699951171875,0.0,31111100
2022-04-29,126.9845199584961,139.69000244140625,0.0,147.5,139.52000427246094,145.80999755859375,0.0,13693100
2022-05-02,132.05699157714844,145.27000427246094,0.0,145.66000366210938,139.16000366210938,140.60000610351562,0.0,13320900
2022-05-03,131.13885498046875,144.25999450683594,0.0,145.69000244140625,142.75999450683594,144.7100067138672,0.0,7556800
2022-05-04,135.49317932128906,149.0500030517578,0.0,149.5,140.35000610351562,144.5800018310547,0.0,11038100
2022-05-05,128.75714111328125,141.63999938964844,0.0,146.97999572753906,139.17999267578125,146.97999572753906,0.0,14561400
2022-05-06,127.7936019897461,140.5800018310547,0.0,144.10000610351562,137.8800048828125,141.25,0.0,10080600
2022-05-09,122.6484146118164,134.9199981689453,0.0,140.11000061035156,134.05999755859375,137.99000549316406,0.0,11668100
2022-05-10,124.366455078125,136.80999755859375,0.0,139.8000030517578,134.6300048828125,139.5,0.0,8841200
2022-05-11,120.26667785644531,132.3000030517578,0.0,138.2899932861328,131.88999938964844,135.02999877929688,0.0,11530900
2022-05-12,119.7848892211914,131.77000427246094,0.0,133.05999755859375,127.81999969482422,131.0,0.0,10749800
2022-05-13,122.6574478149414,134.92999267578125,0.0,135.99000549316406,132.5,134.2899932861328,0.0,9280700
2022-05-16,121.73023986816406,133.91000366210938,0.0,135.97999572753906,132.0,133.97999572753906,0.0,6378800
2022-05-17,126.9845199584961,139.69000244140625,0.0,140.0,136.6999969482422,137.25,0.0,9094100
2022-05-18,118.58495330810547,130.4499969482422,0.0,137.27999877929688,129.8800048828125,136.8300018310547,0.0,11992700
2022-05-19,118.69403839111328,130.57000732421875,0.0,133.38999938964844,129.47999572753906,130.4499969482422,0.0,8419500
2022-05-20,119.6303482055664,131.60000610351562,0.0,133.2899932861328,125.86000061035156,132.8800048828125,0.0,11370100
2022-05-23,120.1030502319336,132.1199951171875,0.0,132.42999267578125,128.14999389648438,129.9499969482422,0.0,10023400
2022-05-24,116.8395767211914,128.52999877929688,0.0,130.33999633789062,126.05000305175781,130.33999633789062,0.0,9157100
2022-05-25,119.29398345947266,131.22999572753906,0.0,132.07000732421875,127.25,127.80000305175781,0.0,9766000
2022-05-26,122.57563781738281,134.83999633789062,0.0,136.0,129.86000061035156,130.00999450683594,0.0,7932800
2022-05-27,127.04814147949219,139.75999450683594,0.0,140.13999938964844,136.10000610351562,136.10000610351562,0.0,9180800
2022-05-31,130.1934356689453,143.22000122070312,0.0,143.97000122070312,137.44000244140625,139.5,0.0,16007300
2022-06-01,127.95458221435547,140.02000427246094,0.75,143.91000366210938,138.1699981689453,142.5500030517578,0.0,8514300
2022-06-02,133.60203552246094,146.1999969482422,0.0,146.25,139.6999969482422,140.25999450683594,0.0,9589500
2022-06-03,129.0511474609375,141.22000122070312,0.0,143.44000244140625,140.61000061035156,142.17999267578125,0.0,7458900
2022-06-06,128.33837890625,140.44000244140625,0.0,144.97000122070312,139.9199981689453,144.9499969482422,0.0,7238700
2022-06-07,129.66339111328125,141.88999938964844,0.0,142.14999389648438,138.49000549316406,139.1300048828125,0.0,6062800
2022-06-08,126.9859390258789,138.9600067138672,0.0,141.75999450683594,137.4499969482422,140.75,0.0,6773000
2022-06-09,124.9297866821289,136.7100067138672,0.0,140.44000244140625,136.69000244140625,137.77000427246094,0.0,7153200
2022-06-10,121.72225189208984,133.1999969482422,0.0,136.05999755859375,132.4199981689453,134.75,0.0,8544700
2022-06-13,117.57344818115234,128.66000366210938,0.0,131.35000610351562,126.5999984741211,130.58999633789062,0.0,12320900
2022-06-14,119.03556823730469,130.25999450683594,0.0,131.92999267578125,128.82000732421875,130.2100067138672,0.0,6794700
2022-06-15,119.73921966552734,131.02999877929688,0.0,133.27999877929688,128.2100067138672,131.6699981689453,0.0,7860000
2022-06-16,110.40901184082031,120.81999969482422,0.0,126.6500015258789,119.02999877929688,126.26000213623047,0.0,16422800
2022-06-17,110.5643539428711,120.98999786376953,0.0,122.83000183105469,118.36000061035156,121.41999816894531,0.0,17273400
2022-06-21,113.67138671875,124.38999938964844,0.0,126.12000274658203,123.72000122070312,123.7699966430664,0.0,9208500
2022-06-22,111.63356018066406,122.16000366210938,0.0,123.66000366210938,120.36000061035156,121.80000305175781,0.0,9081000
2022-06-23,109.74192810058594,120.08999633789062,0.0,122.93000030517578,118.2300033569336,122.75,0.0,7908900
2022-06-24,114.3202133178711,125.0999984741211,0.0,125.37000274658203,121.76000213623047,122.37999725341797,0.0,8128000
2022-06-27,116.22098541259766,127.18000030517578,0.0,130.0399932861328,125.44000244140625,126.19999694824219,0.0,9947300
2022-06-28,120.2601089477539,131.60000610351562,0.0,136.4499969482422,126.5999984741211,129.77999877929688,0.0,27081900
2022-06-29,119.0081558227539,130.22999572753906,0.0,131.57000732421875,126.9000015258789,130.0800018310547,0.0,9973300
2022-06-30,116.73271179199219,127.73999786376953,0.0,130.08999633789062,125.33000183105469,127.61000061035156,0.0,9277900
2022-07-01,112.88548278808594,123.52999877929688,0.0,126.76000213623047,122.0999984741211,125.75,0.0,7672800
2022-07-05,114.98729705810547,125.83000183105469,0.0,126.16999816894531,120.36000061035156,121.0999984741211,0.0,8113100
2022-07-06,116.11131286621094,127.05999755859375,0.0,128.22999572753906,125.05999755859375,126.05999755859375,0.0,6038400
2022-07-07,122.8188247680664,134.39999389648438,0.0,134.7100067138672,130.25999450683594,130.64999389648438,0.0,9408100
2022-07-08,124.29010009765625,136.00999450683594,0.0,136.38999938964844,131.6199951171875,132.52000427246094,0.0,8393200
2022-07-11,120.84496307373047,132.24000549316406,0.0,134.60000610351562,131.32000732421875,133.58999633789062,0.0,5887200
2022-07-12,121.4937744140625,132.9499969482422,0.0,135.35000610351562,131.9600067138672,133.74000549316406,0.0,5991300
2022-07-13,123.95198822021484,135.63999938964844,0.0,136.77999877929688,130.52000427246094,130.5500030517578,0.0,7200200
2022-07-14,129.6725616455078,141.89999389648438,0.0,142.35000610351562,133.85000610351562,134.94000244140625,0.0,10718700
2022-07-15,131.92974853515625,144.3699951171875,0.0,145.47999572753906,142.02999877929688,143.75999450683594,0.0,11880500
2022-07-18,129.4806671142578,141.69000244140625,0.0,146.42999267578125,140.82000732421875,145.97000122070312,0.0,7856600
2022-07-19,134.6711883544922,147.3699951171875,0.0,148.47000122070312,143.17999267578125,144.13999938964844,0.0,9686500
2022-07-20,138.63726806640625,151.7100067138672,0.0,152.3300018310547,146.6199951171875,147.42999267578125,0.0,8517400
2022-07-21,142.4296417236328,155.86000061035156,0.0,155.9199981689453,150.6300048828125,152.8800048828125,0.0,8060400
2022-07-22,140.4557647705078,153.6999969482422,0.0,156.66000366210938,152.35000610351562,155.66000366210938,0.0,7200100
2022-07-25,140.04454040527344,153.25,0.0,154.0399932861328,151.6699981689453,152.8000030517578,0.0,4928900
2022-07-26,137.04714965820312,149.97000122070312,0.0,152.6999969482422,149.80999755859375,152.6199951171875,0.0,5941800
2022-07-27,140.1998748779297,153.4199981689453,0.0,154.8000030517578,150.5500030517578,151.52999877929688,0.0,12863000
2022-07-28,133.8305206298828,146.4499969482422,0.0,149.99000549316406,143.0,149.77999877929688,0.0,17051000
2022-07-29,132.560302734375,145.05999755859375,0.0,145.30999755859375,140.6699981689453,144.60000610351562,0.0,11749400
2022-08-01,134.72605895996094,147.42999267578125,0.0,149.4600067138672,144.07000732421875,144.30999755859375,0.0,7611400
2022-08-02,134.36050415039062,147.02999877929688,0.0,149.39999389648438,144.83999633789062,145.69000244140625,0.0,5946400
2022-08-03,136.30699157714844,149.16000366210938,0.0,150.33999633789062,146.58999633789062,147.66000366210938,0.0,6890200
2022-08-04,137.99752807617188,151.00999450683594,0.0,151.16000366210938,147.7100067138672,148.67999267578125,0.0,6254700
2022-08-05,137.26649475097656,150.2100067138672,0.0,151.27999877929688,147.6699981689453,148.57000732421875,0.0,5041300
2022-08-08,135.0732879638672,147.80999755859375,0.0,151.19000244140625,146.5500030517578,149.80999755859375,0.0,5553300
2022-08-09,130.22999572753906,142.50999450683594,0.0,146.5,141.30999755859375,145.58999633789062,0.0,6770800
2022-08-10,134.32398986816406,146.99000549316406,0.0,147.17999267578125,143.69000244140625,145.85000610351562,0.0,6840000
2022-08-11,135.0915985107422,147.8300018310547,0.0,151.63999938964844,147.02000427246094,148.30999755859375,0.0,6243200
2022-08-12,138.25341796875,151.2899932861328,0.0,151.47000122070312,147.17999267578125,148.0,0.0,4967500
2022-08-15,139.02105712890625,152.1300048828125,0.0,152.6999969482422,148.39999389648438,150.32000732421875,0.0,4502900
2022-08-16,137.1020050048828,150.02999877929688,0.0,152.49000549316406,148.85000610351562,151.4499969482422,0.0,5270800
2022-08-17,135.7312774658203,148.52999877929688,0.0,149.6300048828125,146.36000061035156,148.22999572753906,0.0,5169600
2022-08-18,138.335693359375,151.3800048828125,0.0,152.91000366210938,147.75999450683594,148.07000732421875,0.0,7808200
2022-08-19,134.88140869140625,147.60000610351562,0.0,150.3800048828125,146.89999389648438,149.2899932861328,0.0,5400300
2022-08-22,129.4075469970703,141.61000061035156,0.0,145.80999755859375,141.10000610351562,145.3000030517578,0.0,6736800
2022-08-23,128.59425354003906,140.72000122070312,0.0,143.61000061035156,140.55999755859375,142.08999633789062,0.0,4499300
2022-08-24,129.13340759277344,141.30999755859375,0.0,141.7100067138672,138.61000061035156,140.25,0.0,5113100
2022-08-25,133.64776611328125,146.25,0.0,147.0,142.02000427246094,142.33999633789062,0.0,5618800
2022-08-26,126.45588684082031,138.3800048828125,0.0,147.36000061035156,138.0500030517578,146.16000366210938,0.0,7918600
2022-08-29,125.26791381835938,137.0800018310547,0.0,139.1300048828125,136.11000061035156,137.80999755859375,0.0,6852300
2022-08-30,122.82799530029297,134.41000366210938,0.0,138.3000030517578,132.94000244140625,137.8000030517578,0.0,6147400
2022-08-31,121.55062866210938,132.27000427246094,0.75,134.1699981689453,131.3000030517578,133.7899932861328,0.0,8701100
2022-09-01,119.39105987548828,129.9199981689453,0.0,130.1300048828125,126.08000183105469,129.97999572753906,0.0,8716300
2022-09-02,118.0677719116211,128.47999572753906,0.0,132.6699981689453,127.55999755859375,131.63999938964844,0.0,6121400
2022-09-06,116.40445709228516,126.66999816894531,0.0,129.52000427246094,126.20999908447266,128.83999633789062,0.0,6674200
2022-09-07,118.17805480957031,128.60000610351562,0.0,129.77999877929688,126.37000274658203,127.47000122070312,0.0,5340100
2022-09-08,118.40779113769531,128.85000610351562,0.0,129.8000030517578,125.9000015258789,127.47000122070312,0.0,6618800
2022-09-09,121.34844970703125,132.0500030517578,0.0,132.61000061035156,130.30999755859375,130.67999267578125,0.0,5097300
2022-09-12,122.22146606445312,133.0,0.0,134.22000122070312,132.32000732421875,133.0,0.0,7081300
2022-09-13,114.80545806884766,124.93000030517578,0.0,129.89999389648438,124.48999786376953,128.3800048828125,0.0,9610900
2022-09-14,117.19475555419922,127.52999877929688,0.0,127.9000015258789,125.5,126.2699966430664,0.0,7509300
2022-09-15,114.8514175415039,124.9800033569336,0.0,128.0800018310547,124.2300033569336,126.69999694824219,0.0,7459600
2022-09-16,114.8238296508789,124.94999694824219,0.0,125.73999786376953,123.05000305175781,124.12000274658203,0.0,13818500
2022-09-19,116.3860855102539,126.6500015258789,0.0,127.18000030517578,123.41000366210938,123.62000274658203,0.0,5922700
2022-09-20,114.6584243774414,124.7699966430664,0.0,126.55000305175781,123.88999938964844,125.73999786376953,0.0,5672700
2022-09-21,114.52059936523438,124.62000274658203,0.0,129.7899932861328,124.5,125.44000244140625,0.0,8123700
2022-09-22,113.65677642822266,123.68000030517578,0.0,125.16000366210938,122.47000122070312,124.75,0.0,8753000
2022-09-23,111.36856842041016,121.19000244140625,0.0,122.68000030517578,119.05000305175781,122.33999633789062,0.0,10681300
2022-09-26,110.03605651855469,119.73999786376953,0.0,123.18000030517578,119.58999633789062,121.54000091552734,0.0,6424600
2022-09-27,110.5874252319336,120.33999633789062,0.0,122.68000030517578,118.75,121.55999755859375,0.0,5544400
2022-09-28,109.2917251586914,118.93000030517578,0.0,120.44999694824219,117.77999877929688,118.58000183105469,0.0,11321200
2022-09-29,105.5331802368164,114.83999633789062,0.0,117.47000122070312,113.45999908447266,117.27999877929688,0.0,12125800
2022-09-30,103.82391357421875,112.9800033569336,0.0,116.27999877929688,112.91999816894531,113.76000213623047,0.0,7568100
2022-10-03,107.72029876708984,117.22000122070312,0.0,118.31999969482422,113.66999816894531,114.98999786376953,0.0,7481700
2022-10-04,112.45294189453125,122.37000274658203,0.0,122.44999694824219,120.31999969482422,120.4000015258789,0.0,6637200
2022-10-05,114.76870727539062,124.88999938964844,0.0,125.55999755859375,120.52999877929688,120.87999725341797,0.0,7070300
2022-10-06,115.12710571289062,125.27999877929688,0.0,127.20999908447266,124.4000015258789,124.51000213623047,0.0,6238600
2022-10-07,111.11125183105469,120.91000366210938,0.0,124.11000061035156,120.31999969482422,122.62000274658203,0.0,8618500
2022-10-10,105.31263732910156,114.5999984741211,0.0,121.04000091552734,113.44999694824219,120.58999633789062,0.0,9512600
2022-10-11,101.11299133300781,110.02999877929688,0.0,112.48999786376953,108.6500015258789,112.0,0.0,10758800
2022-10-12,99.83563995361328,108.63999938964844,0.0,110.80000305175781,108.37999725341797,110.31999969482422,0.0,6987900
2022-10-13,103.71363830566406,112.86000061035156,0.0,115.19999694824219,104.66000366210938,105.37999725341797,0.0,10455000
2022-10-14,101.03947448730469,109.94999694824219,0.0,114.98999786376953,109.79000091552734,114.62999725341797,0.0,7989800
2022-10-17,102.54654693603516,111.58999633789062,0.0,114.4800033569336,110.61000061035156,113.91999816894531,0.0,7886400
2022-10-18,102.19735717773438,111.20999908447266,0.0,116.08999633789062,109.54000091552734,114.94999694824219,0.0,8908900
2022-10-19,103.70445251464844,112.8499984741211,0.0,113.66999816894531,110.75,110.86000061035156,0.0,5620200
2022-10-20,102.90496826171875,111.9800033569336,0.0,116.08999633789062,111.72000122070312,113.16999816894531,0.0,7736400
2022-10-21,106.36024475097656,115.73999786376953,0.0,115.98999786376953,111.0199966430664,111.75,0.0,7490100
2022-10-24,106.9483642578125,116.37999725341797,0.0,117.0199966430664,114.23999786376953,116.33999633789062,0.0,6525700
2022-10-25,109.51226806640625,119.16999816894531,0.0,119.94000244140625,116.2300033569336,116.56999969482422,0.0,6205100
2022-10-26,108.53816986083984,118.11000061035156,0.0,120.73999786376953,116.16000366210938,118.04000091552734,0.0,7342300
2022-10-27,105.4045181274414,114.69999694824219,0.0,120.5999984741211,114.37999725341797,119.31999969482422,0.0,8937200
2022-10-28,109.54901885986328,119.20999908447266,0.0,119.44999694824219,112.33000183105469,114.16999816894531,0.0,9418700
2022-10-31,108.1246566772461,117.66000366210938,0.0,118.37999725341797,115.4000015258789,118.12999725341797,0.0,6870800
2022-11-01,107.8213882446289,117.33000183105469,0.0,120.62999725341797,116.75,119.73999786376953,0.0,5749100
2022-11-02,103.38282012939453,112.5,0.0,118.79000091552734,112.25,118.70999908447266,0.0,13936300
2022-11-03,95.46139526367188,103.87999725341797,0.0,106.5,101.93000030517578,104.37999725341797,0.0,24706100
2022-11-04,98.04368591308594,106.69000244140625,0.0,107.5,104.33000183105469,106.61000061035156,0.0,11977900
2022-11-07,101.16814422607422,110.08999633789062,0.0,110.27999877929688,106.26000213623047,107.4800033569336,0.0,7570800
2022-11-08,103.41957092285156,112.54000091552734,0.0,114.88999938964844,109.91999816894531,111.56999969482422,0.0,9383600
2022-11-09,101.48057556152344,110.43000030517578,0.0,113.51000213623047,110.2699966430664,111.45999908447266,0.0,9581300
2022-11-10,110.89990997314453,120.68000030517578,0.0,121.0,114.52999877929688,115.91000366210938,0.0,11673200
2022-11-11,111.58911895751953,121.43000030517578,0.0,122.16000366210938,118.98999786376953,118.98999786376953,0.0,9433800
2022-11-14,111.01016998291016,120.80000305175781,0.0,123.20999908447266,120.26000213623047,120.73999786376953,0.0,6971000
2022-11-15,115.8071517944336,126.0199966430664,0.0,128.1300048828125,123.41999816894531,125.6500015258789,0.0,12470200
2022-11-16,110.94584655761719,120.7300033569336,0.0,123.83999633789062,119.95999908447266,123.19999694824219,0.0,9561700
2022-11-17,112.90321350097656,122.86000061035156,0.0,123.12000274658203,118.70999908447266,118.94999694824219,0.0,7273700
2022-11-18,113.81297302246094,123.8499984741211,0.0,124.48999786376953,122.12999725341797,124.04000091552734,0.0,6436600
2022-11-21,110.45880889892578,120.19999694824219,0.0,122.5,120.0999984741211,121.08999633789062,0.0,8204200
2022-11-22,113.62921142578125,123.6500015258789,0.0,123.79000091552734,120.02999877929688,120.83999633789062,0.0,7010200
2022-11-23,115.00764465332031,125.1500015258789,0.0,127.04000091552734,123.29000091552734,123.54000091552734,0.0,5481500
2022-11-25,113.44540405273438,123.44999694824219,0.0,125.36000061035156,123.4000015258789,124.86000061035156,0.0,3153800
2022-11-28,109.85227966308594,119.54000091552734,0.0,123.44999694824219,118.8499984741211,122.16000366210938,0.0,7087500
2022-11-29,108.78628540039062,118.37999725341797,0.0,121.37000274658203,118.31999969482422,120.13999938964844,0.0,6277600
2022-11-30,116.98018646240234,126.48999786376953,0.75,126.5999984741211,118.06999969482422,118.75,0.0,12776700
2022-12-01,117.276123046875,126.80999755859375,0.0,128.1999969482422,125.68000030517578,126.72000122070312,0.0,7924800
2022-12-02,116.21258544921875,125.66000366210938,0.0,125.81999969482422,123.12000274658203,123.70999908447266,0.0,6122200
2022-12-05,114.0300064086914,123.30000305175781,0.0,125.47000122070312,122.43000030517578,124.58000183105469,0.0,6091600
2022-12-06,110.77464294433594,119.77999877929688,0.0,123.0,118.56999969482422,122.81999969482422,0.0,5968000
2022-12-07,109.32268524169922,118.20999908447266,0.0,120.31999969482422,117.76000213623047,118.5,0.0,5427100
2022-12-08,112.59654998779297,121.75,0.0,122.3499984741211,118.18000030517578,118.9800033569336,0.0,7347600
2022-12-09,110.09953308105469,119.05000305175781,0.0,121.4000015258789,118.8499984741211,120.41000366210938,0.0,6036000
2022-12-12,112.0971450805664,121.20999908447266,0.0,121.25,116.05999755859375,116.05999755859375,0.0,9008400
2022-12-13,114.20572662353516,123.48999786376953,0.0,127.94999694824219,121.81999969482422,126.9800033569336,0.0,9712700
2022-12-14,112.55955505371094,121.70999908447266,0.0,126.58000183105469,120.0999984741211,124.2300033569336,0.0,9444100
2022-12-15,107.87071990966797,116.63999938964844,0.0,120.5199966430664,116.08000183105469,120.25,0.0,10207800
2022-12-16,105.91936492919922,114.52999877929688,0.0,116.66000366210938,113.3499984741211,116.08000183105469,0.0,12733900
2022-12-19,104.14372253417969,112.61000061035156,0.0,115.16000366210938,111.51000213623047,114.01000213623047,0.0,7720200
2022-12-20,103.67205047607422,112.0999984741211,0.0,112.77999877929688,111.0999984741211,111.4000015258789,0.0,6260200
2022-12-21,105.97484588623047,114.58999633789062,0.0,114.95999908447266,112.69000244140625,112.76000213623047,0.0,5843800
2022-12-22,102.35881042480469,110.68000030517578,0.0,112.58999633789062,107.37999725341797,112.56999969482422,0.0,12051400
2022-12-23,102.50678253173828,110.83999633789062,0.0,110.91999816894531,108.20999908447266,109.69999694824219,0.0,5356700
2022-12-27,101.23053741455078,109.45999908447266,0.0,110.69000244140625,108.88999938964844,109.75,0.0,6158100
2022-12-28,98.927734375,106.97000122070312,0.0,110.2699966430664,106.81999969482422,108.87000274658203,0.0,5395600
2022-12-29,101.58195495605469,109.83999633789062,0.0,110.66000366210938,108.11000061035156,108.3499984741211,0.0,6668600
2022-12-30,101.67445373535156,109.94000244140625,0.0,110.05999755859375,107.22000122070312,107.97000122070312,0.0,5642300
2023-01-03,99.14044189453125,107.19999694824219,0.0,111.73999786376953,107.12999725341797,111.3499984741211,0.0,8110400
2023-01-04,103.14491271972656,111.52999877929688,0.0,112.2300033569336,108.80999755859375,109.80000305175781,0.0,7614200
2023-01-05,101.17504119873047,109.4000015258789,0.0,110.91999816894531,109.12999725341797,109.93000030517578,0.0,7546000
2023-01-06,106.66845703125,115.33999633789062,0.0,115.9800033569336,110.05000305175781,110.95999908447266,0.0,10259300
2023-01-09,105.99334716796875,114.61000061035156,0.0,118.8499984741211,113.54000091552734,116.7300033569336,0.0,10291800
2023-01-10,108.12042999267578,116.91000366210938,0.0,116.97000122070312,113.72000122070312,114.0199966430664,0.0,6384800
2023-01-11,109.48915100097656,118.38999938964844,0.0,118.5,115.16999816894531,117.44000244140625,0.0,7374400
2023-01-12,112.44857788085938,121.58999633789062,0.0,122.37999725341797,117.6500015258789,119.23999786376953,0.0,9527600
2023-01-13,111.20008087158203,120.23999786376953,0.0,121.41999816894531,119.72000122070312,119.81999969482422,0.0,8040400
2023-01-17,111.23706817626953,120.27999877929688,0.0,121.31999969482422,119.0199966430664,119.73999786376953,0.0,6179500
2023-01-18,112.86474609375,122.04000091552734,0.0,123.98999786376953,121.01000213623047,121.62000274658203,0.0,10960400
2023-01-19,108.74005126953125,117.58000183105469,0.0,121.0999984741211,117.41999816894531,121.05999755859375,0.0,8716200
2023-01-20,113.66009521484375,122.9000015258789,0.0,122.95999908447266,117.33999633789062,118.41999816894531,0.0,8895000
2023-01-23,121.1788558959961,131.02999877929688,0.0,132.05999755859375,125.81999969482422,126.54000091552734,0.0,13419500
2023-01-24,120.87364959716797,130.6999969482422,0.0,132.97000122070312,130.14999389648438,130.5500030517578,0.0,7952400
2023-01-25,121.30830383300781,131.1699981689453,0.0,131.5399932861328,127.69999694824219,128.4499969482422,0.0,6880300
2023-01-26,123.88855743408203,133.9600067138672,0.0,134.85000610351562,131.16000366210938,134.41000366210938,0.0,7413600
2023-01-27,123.37066650390625,133.39999389648438,0.0,134.88999938964844,131.4199981689453,131.49000549316406,0.0,6581900
2023-01-30,121.7337417602539,131.6300048828125,0.0,132.39999389648438,130.14999389648438,131.0500030517578,0.0,9854300
2023-01-31,123.19497680664062,133.2100067138672,0.0,133.63999938964844,131.32000732421875,131.32000732421875,0.0,7125100
2023-02-01,128.05023193359375,138.4600067138672,0.0,139.94000244140625,132.67999267578125,132.67999267578125,0.0,10500600
2023-02-02,125.636474609375,135.85000610351562,0.0,139.16000366210938,134.8000030517578,138.4600067138672,0.0,17673200
2023-02-03,124.8688735961914,135.02000427246094,0.0,138.39999389648438,128.57000732421875,131.16000366210938,0.0,13187300
2023-02-06,122.93599700927734,132.92999267578125,0.0,134.8800048828125,131.86000061035156,132.27000427246094,0.0,6830500
2023-02-07,126.35782623291016,136.6300048828125,0.0,137.3800048828125,132.3300018310547,133.14999389648438,0.0,7664200
2023-02-08,122.23313903808594,132.1699981689453,0.0,136.27999877929688,131.75999450683594,135.30999755859375,0.0,7151700
2023-02-09,120.71644592285156,130.52999877929688,0.0,135.22999572753906,129.9199981689453,133.88999938964844,0.0,5717500
2023-02-10,119.29222106933594,128.99000549316406,0.0,129.94000244140625,127.62000274658203,129.2899932861328,0.0,5319200
2023-02-13,121.00312042236328,130.83999633789062,0.0,131.42999267578125,128.38999938964844,129.4600067138672,0.0,5550400
2023-02-14,122.39034271240234,132.33999633789062,0.0,132.8800048828125,128.36000061035156,129.1999969482422,0.0,5579900
2023-02-15,123.0654525756836,133.07000732421875,0.0,133.3300018310547,130.3000030517578,130.60000610351562,0.0,3501100
2023-02-16,120.37425994873047,130.16000366210938,0.0,132.58999633789062,129.9499969482422,130.75,0.0,5788400
2023-02-17,118.11770629882812,127.72000122070312,0.0,129.80999755859375,126.95999908447266,129.5,0.0,6022500
2023-02-21,114.39993286132812,123.69999694824219,0.0,127.62000274658203,123.55000305175781,125.45999908447266,0.0,8164400
2023-02-22,114.63114929199219,123.94999694824219,0.0,124.97000122070312,122.91999816894531,124.31999969482422,0.0,5517800
2023-02-23,116.71197509765625,126.19999694824219,0.0,127.2300033569336,123.66999816894531,126.61000061035156,0.0,6440200
2023-02-24,114.99181365966797,124.33999633789062,0.0,124.70999908447266,123.18000030517578,124.23999786376953,0.0,7357200
2023-02-27,114.14099884033203,123.41999816894531,0.0,126.5999984741211,123.04000091552734,126.5,0.0,7787200
2023-02-28,114.24272155761719,123.52999877929688,0.0,125.0999984741211,122.91999816894531,123.62000274658203,0.0,6491800
2023-03-01,115.08013916015625,123.68000030517578,0.75,125.47000122070312,122.9800033569336,123.77999877929688,0.0,5530600
2023-03-02,115.17318725585938,123.77999877929688,0.0,124.26000213623047,120.86000061035156,122.16000366210938,0.0,5258900
2023-03-03,115.00569915771484,123.5999984741211,0.0,124.20999908447266,121.66999816894531,123.98999786376953,0.0,7052100
2023-03-06,113.89844512939453,122.41000366210938,0.0,125.16999816894531,122.02999877929688,124.27999877929688,0.0,7031300
2023-03-07,110.90233612060547,119.19000244140625,0.0,122.5,118.27999877929688,122.4800033569336,0.0,8879700
2023-03-08,112.77257537841797,121.19999694824219,0.0,121.75,119.3499984741211,119.55000305175781,0.0,7633900
2023-03-09,109.06932067871094,117.22000122070312,0.0,121.91999816894531,116.94000244140625,121.27999877929688,0.0,8055500
2023-03-10,107.18047332763672,115.19000244140625,0.0,118.2300033569336,114.52999877929688,117.54000091552734,0.0,6884500
2023-03-13,106.47332763671875,114.43000030517578,0.0,116.23999786376953,113.27999877929688,113.76000213623047,0.0,7673700
2023-03-14,108.4458999633789,116.55000305175781,0.0,117.05999755859375,113.91999816894531,116.41000366210938,0.0,8312100
2023-03-15,107.4596176147461,115.48999786376953,0.0,116.18000030517578,113.13999938964844,115.25,0.0,8596900
2023-03-16,112.13056182861328,120.51000213623047,0.0,120.83000183105469,115.91000366210938,117.0,0.0,11207800
2023-03-17,112.33525848388672,120.7300033569336,0.0,122.87000274658203,119.1500015258789,120.77999877929688,0.0,12304100
2023-03-20,113.34947967529297,121.81999969482422,0.0,122.0199966430664,119.80999755859375,120.7699966430664,0.0,5945000
2023-03-21,115.19178771972656,123.80000305175781,0.0,125.06999969482422,122.1500015258789,122.98999786376953,0.0,6900600
2023-03-22,113.48904418945312,121.97000122070312,0.0,126.23999786376953,121.87000274658203,124.0,0.0,7072700
2023-03-23,115.51746368408203,124.1500015258789,0.0,127.0,122.0999984741211,123.94000244140625,0.0,7353800
2023-03-24,116.08503723144531,124.76000213623047,0.0,124.93000030517578,122.25,123.62999725341797,0.0,6987200
2023-03-27,115.00569915771484,123.5999984741211,0.0,126.05999755859375,123.31999969482422,125.73999786376953,0.0,4818000
2023-03-28,112.90283966064453,121.33999633789062,0.0,123.68000030517578,120.20999908447266,123.5999984741211,0.0,5272100
2023-03-29,116.39208984375,125.08999633789062,0.0,125.95999908447266,123.25,123.41999816894531,0.0,6410100
2023-03-30,118.5414810180664,127.4000015258789,0.0,128.19000244140625,126.43000030517578,127.08000183105469,0.0,8156400
2023-03-31,118.70895385742188,127.58000183105469,0.0,127.97000122070312,126.29000091552734,126.6500015258789,0.0,6222400
2023-04-03,116.06642150878906,124.73999786376953,0.0,127.56999969482422,123.61000061035156,126.98999786376953,0.0,6367800
2023-04-04,113.79609680175781,122.30000305175781,0.0,125.22000122070312,121.80999755859375,124.93000030517578,0.0,6962700
2023-04-05,114.4846420288086,123.04000091552734,0.0,123.22000122070312,121.25,121.41999816894531,0.0,6920900
2023-04-06,114.44741821289062,123.0,0.0,123.8499984741211,121.05000305175781,122.33999633789062,0.0,5260600
2023-04-10,115.64773559570312,124.29000091552734,0.0,124.58000183105469,121.68000030517578,122.08999633789062,0.0,5243700
2023-04-11,114.977783203125,123.56999969482422,0.0,125.25,123.16999816894531,125.25,0.0,5001400
2023-04-12,111.9072494506836,120.2699966430664,0.0,124.5,120.1500015258789,124.41000366210938,0.0,5288300
2023-04-13,112.70745086669922,121.12999725341797,0.0,121.66000366210938,119.12000274658203,120.05000305175781,0.0,6077100
2023-04-14,111.80490112304688,120.16000366210938,0.0,121.91999816894531,118.76000213623047,120.87000274658203,0.0,4833100
2023-04-17,111.0791244506836,119.37999725341797,0.0,119.83999633789062,118.16999816894531,119.12999725341797,0.0,6370200
2023-04-18,110.13004302978516,118.36000061035156,0.0,120.80000305175781,117.41000366210938,120.33999633789062,0.0,4829900
2023-04-19,110.29753112792969,118.54000091552734,0.0,118.69000244140625,116.44999694824219,117.25,0.0,4241900
2023-04-20,110.39059448242188,118.63999938964844,0.0,119.9000015258789,117.12000274658203,117.29000091552734,0.0,5125000
2023-04-21,109.57178497314453,117.76000213623047,0.0,118.19000244140625,116.55000305175781,117.87000274658203,0.0,4980700
2023-04-24,109.19027709960938,117.3499984741211,0.0,117.83000183105469,116.56999969482422,117.81999969482422,0.0,4097900
2023-04-25,106.1197509765625,114.05000305175781,0.0,116.83999633789062,113.68000030517578,116.73999786376953,0.0,7045200
2023-04-26,106.22209930419922,114.16000366210938,0.0,115.0999984741211,113.20999908447266,114.29000091552734,0.0,4671100
2023-04-27,105.998779296875,113.91999816894531,0.0,114.30999755859375,112.1500015258789,113.87999725341797,0.0,6945700
2023-04-28,108.67852783203125,116.80000305175781,0.0,116.9000015258789,113.7300033569336,115.0999984741211,0.0,8652500
2023-05-01,107.7852783203125,115.83999633789062,0.0,117.58000183105469,115.51000213623047,117.20999908447266,0.0,6208500
2023-05-02,108.03651428222656,116.11000061035156,0.0,117.05999755859375,114.44000244140625,116.12999725341797,0.0,7081200
2023-05-03,104.98456573486328,112.83000183105469,0.0,116.81999969482422,112.5999984741211,116.66000366210938,0.0,11491700
2023-05-04,99.16915130615234,106.58000183105469,0.0,107.12000274658203,103.5,104.02999877929688,0.0,22117500
2023-05-05,101.2161865234375,108.77999877929688,0.0,109.2699966430664,105.7699966430664,108.20999908447266,0.0,10745600
2023-05-08,100.77885437011719,108.30999755859375,0.0,108.83000183105469,106.87000274658203,108.37999725341797,0.0,6694400
2023-05-09,98.41547393798828,105.7699966430664,0.0,107.43000030517578,105.30000305175781,107.0,0.0,7804100
2023-05-10,99.05748748779297,106.45999908447266,0.0,107.4800033569336,105.13999938964844,107.0,0.0,7980100
2023-05-11,96.8243637084961,104.05999755859375,0.0,106.51000213623047,103.68000030517578,106.29000091552734,0.0,10630500
2023-05-12,96.41498565673828,103.62000274658203,0.0,104.73999786376953,102.61000061035156,104.47000122070312,0.0,7635900
2023-05-15,98.88999938964844,106.27999877929688,0.0,106.4000015258789,102.88999938964844,103.76000213623047,0.0,7444900
2023-05-16,96.57315063476562,103.79000091552734,0.0,106.4800033569336,103.72000122070312,105.66999816894531,0.0,7027000
2023-05-17,97.52223205566406,104.80999755859375,0.0,105.44999694824219,103.58000183105469,104.19000244140625,0.0,9504700
2023-05-18,99.52272033691406,106.95999908447266,0.0,107.12000274658203,104.80999755859375,104.80999755859375,0.0,9142000
2023-05-19,98.49922180175781,105.86000061035156,0.0,107.12000274658203,105.5199966430664,106.94999694824219,0.0,5783200
2023-05-22,97.95954132080078,105.27999877929688,0.0,105.87000274658203,103.25,103.66999816894531,0.0,7912400
2023-05-23,96.35913848876953,103.55999755859375,0.0,105.63999938964844,103.47000122070312,104.06999969482422,0.0,7452500
2023-05-24,95.85669708251953,103.0199966430664,0.0,103.13999938964844,101.58000183105469,102.08000183105469,0.0,8193700
2023-05-25,96.78716278076172,104.0199966430664,0.0,104.11000061035156,101.47000122070312,101.93000030517578,0.0,11677400
2023-05-26,102.67701721191406,110.3499984741211,0.0,111.27999877929688,104.81999969482422,104.94000244140625,0.0,15969900
2023-05-30,107.93415069580078,116.0,0.0,116.69000244140625,112.61000061035156,114.5,0.0,18291800
2023-05-31,106.25704956054688,113.41000366210938,0.8,114.0,111.5999984741211,113.55999755859375,0.0,14924000
2023-06-01,108.5244140625,115.83000183105469,0.0,116.55999755859375,112.30999755859375,114.55999755859375,0.0,8616500
2023-06-02,108.3276596069336,115.62000274658203,0.0,117.4000015258789,114.69000244140625,117.23999786376953,0.0,7873400
2023-06-05,105.61993408203125,112.7300033569336,0.0,115.91999816894531,112.63999938964844,115.43000030517578,0.0,7769300
2023-06-06,109.02099609375,116.36000061035156,0.0,116.79000091552734,112.23999786376953,112.58000183105469,0.0,7594500
2023-06-07,107.91541290283203,115.18000030517578,0.0,117.16000366210938,114.48999786376953,116.62999725341797,0.0,7555400
2023-06-08,109.01163482666016,116.3499984741211,0.0,116.63999938964844,114.0999984741211,115.5999984741211,0.0,5793400
2023-06-09,111.59754180908203,119.11000061035156,0.0,120.8499984741211,117.37999725341797,117.48999786376953,0.0,13807000
2023-06-12,114.43643188476562,122.13999938964844,0.0,122.30999755859375,119.7699966430664,121.04000091552734,0.0,9675100
2023-06-13,116.5820083618164,124.43000030517578,0.0,125.4000015258789,122.75,124.27999877929688,0.0,8873200
2023-06-14,115.61695861816406,123.4000015258789,0.0,124.43000030517578,121.5,124.3499984741211,0.0,7324600
2023-06-15,115.81372833251953,123.61000061035156,0.0,124.69000244140625,121.04000091552734,121.58000183105469,0.0,8132600
2023-06-16,114.9423828125,122.68000030517578,0.0,124.9800033569336,122.0999984741211,124.58999633789062,0.0,12905700
2023-06-20,112.26275634765625,119.81999969482422,0.0,122.37000274658203,118.70999908447266,121.94000244140625,0.0,8667400
2023-06-21,108.4588394165039,115.76000213623047,0.0,119.0199966430664,115.66999816894531,118.61000061035156,0.0,7925400
2023-06-22,109.05847930908203,116.4000015258789,0.0,116.68000030517578,114.91000366210938,116.01000213623047,0.0,7283000
2023-06-23,106.27578735351562,113.43000030517578,0.0,115.27999877929688,113.02999877929688,114.08999633789062,0.0,11958500
2023-06-26,109.2739486694336,116.62999725341797,0.0,117.61000061035156,114.30000305175781,114.55999755859375,0.0,9377000
2023-06-27,112.23464965820312,119.79000091552734,0.0,119.94000244140625,115.6500015258789,116.73999786376953,0.0,7308900
2023-06-28,110.12657165527344,117.54000091552734,0.0,118.0999984741211,116.58000183105469,117.0199966430664,0.0,6384800
2023-06-29,110.61375427246094,118.05999755859375,0.0,118.1500015258789,116.87999725341797,117.55999755859375,0.0,5138500
2023-06-30,111.5319595336914,119.04000091552734,0.0,119.86000061035156,118.37999725341797,119.5999984741211,0.0,6565100
2023-07-03,112.5157241821289,120.08999633789062,0.0,120.4800033569336,118.45999908447266,119.2699966430664,0.0,2662000
2023-07-05,109.74241638183594,117.12999725341797,0.0,119.05000305175781,117.0999984741211,119.0199966430664,0.0,6249200
2023-07-06,107.95288848876953,115.22000122070312,0.0,116.19999694824219,113.62000274658203,115.16000366210938,0.0,7544600
2023-07-07,108.62747192382812,115.94000244140625,0.0,117.7300033569336,114.76000213623047,115.37000274658203,0.0,6108400
2023-07-10,109.7330551147461,117.12000274658203,0.0,118.27999877929688,116.47000122070312,116.47000122070312,0.0,6037000
2023-07-11,109.49881744384766,116.87000274658203,0.0,117.87000274658203,114.88999938964844,117.80000305175781,0.0,5784000
2023-07-12,111.19464874267578,118.68000030517578,0.0,119.2300033569336,117.0999984741211,117.55999755859375,0.0,8371300
2023-07-13,115.3546371459961,123.12000274658203,0.0,123.41999816894531,119.87999725341797,120.0,0.0,9823000
2023-07-14,114.82994079589844,122.55999755859375,0.0,123.18000030517578,121.12999725341797,123.0,0.0,7892200
2023-07-17,115.61695861816406,123.4000015258789,0.0,124.45999908447266,120.76000213623047,122.33000183105469,0.0,6125000
2023-07-18,115.11102294921875,122.86000061035156,0.0,123.2300033569336,121.26000213623047,122.31999969482422,0.0,7481200
2023-07-19,116.57263946533203,124.41999816894531,0.0,127.0999984741211,124.30000305175781,125.33999633789062,0.0,8866700
2023-07-20,113.10599517822266,120.72000122070312,0.0,124.5999984741211,120.2300033569336,123.5199966430664,0.0,9148600
2023-07-21,116.85371398925781,124.72000122070312,0.0,126.66000366210938,121.37999725341797,121.93000030517578,0.0,23704100
2023-07-24,116.27279663085938,124.0999984741211,0.0,125.5999984741211,123.16999816894531,124.72000122070312,0.0,5859300
2023-07-25,117.18163299560547,125.06999969482422,0.0,125.9800033569336,124.19999694824219,124.19999694824219,0.0,5592100
2023-07-26,116.19786071777344,124.0199966430664,0.0,125.23999786376953,122.33999633789062,123.19999694824219,0.0,5291800
2023-07-27,117.91244506835938,125.8499984741211,0.0,127.7699966430664,124.91999816894531,126.55999755859375,0.0,7917900
2023-07-28,121.31349182128906,129.47999572753906,0.0,129.9199981689453,127.55999755859375,128.3000030517578,0.0,11762200
2023-07-31,123.83381652832031,132.1699981689453,0.0,132.97000122070312,129.10000610351562,129.99000549316406,0.0,11029600
2023-08-01,123.74950408935547,132.0800018310547,0.0,132.38999938964844,130.24000549316406,131.9199981689453,0.0,7128700
2023-08-02,121.11674499511719,129.27000427246094,0.0,131.5800018310547,128.8300018310547,130.1999969482422,0.0,13711100
2023-08-03,111.2134017944336,118.69999694824219,0.0,119.11000061035156,114.88999938964844,116.97000122070312,0.0,29239600
2023-08-04,113.8367919921875,121.5,0.0,122.0,117.76000213623047,117.76000213623047,0.0,12658700
2023-08-07,111.81302642822266,119.33999633789062,0.0,122.73999786376953,117.91999816894531,122.20999908447266,0.0,7706500
2023-08-08,110.23899841308594,117.66000366210938,0.0,117.87999725341797,115.95999908447266,117.0,0.0,8934600
2023-08-09,109.21774291992188,116.56999969482422,0.0,118.11000061035156,116.5199966430664,117.2300033569336,0.0,5642500
2023-08-10,108.31829071044922,115.61000061035156,0.0,118.38999938964844,115.06999969482422,117.68000030517578,0.0,6224500
2023-08-11,107.3813705444336,114.61000061035156,0.0,115.45999908447266,113.72000122070312,114.12999725341797,0.0,5712500
2023-08-14,106.82857513427734,114.0199966430664,0.0,114.5199966430664,112.80999755859375,113.87999725341797,0.0,8537500
2023-08-15,104.63616943359375,111.68000030517578,0.0,113.51000213623047,111.4000015258789,113.33999633789062,0.0,6843600
2023-08-16,103.2026596069336,110.1500015258789,0.0,111.91999816894531,110.05000305175781,111.3499984741211,0.0,6426700
2023-08-17,103.13707733154297,110.08000183105469,0.0,111.12999725341797,109.66000366210938,110.19000244140625,0.0,6250500
2023-08-18,103.15581512451172,110.0999984741211,0.0,110.5199966430664,108.5,108.81999969482422,0.0,6384700
2023-08-21,103.6992416381836,110.68000030517578,0.0,110.95999908447266,109.0,109.83999633789062,0.0,6539800
2023-08-22,102.56555938720703,109.47000122070312,0.0,111.83999633789062,109.13999938964844,111.47000122070312,0.0,4587000
2023-08-23,104.1583251953125,111.16999816894531,0.0,111.52999877929688,108.8499984741211,109.33999633789062,0.0,6873900
2023-08-24,101.66609954833984,108.51000213623047,0.0,112.56999969482422,108.16000366210938,112.16000366210938,0.0,8698100
2023-08-25,103.3619384765625,110.31999969482422,0.0,110.5199966430664,107.76000213623047,108.88999938964844,0.0,6669900
2023-08-28,104.63616943359375,111.68000030517578,0.0,112.19000244140625,110.62000274658203,111.30000305175781,0.0,4316400
2023-08-29,106.60371398925781,113.77999877929688,0.0,113.98999786376953,110.5199966430664,110.5199966430664,0.0,6971400
2023-08-30,106.87733459472656,113.2699966430664,0.8,113.45999908447266,111.66999816894531,112.55999755859375,0.0,6490300
2023-08-31,108.06623840332031,114.52999877929688,0.0,115.16000366210938,112.43000030517578,112.43000030517578,0.0,7962500
2023-09-01,108.87769317626953,115.38999938964844,0.0,115.69999694824219,114.41000366210938,115.69999694824219,0.0,5310700
2023-09-05,109.97222900390625,116.55000305175781,0.0,117.05999755859375,114.91000366210938,114.91000366210938,0.0,7294800
2023-09-06,108.20777130126953,114.68000030517578,0.0,116.72000122070312,113.62999725341797,116.0,0.0,7411900
2023-09-07,100.39506530761719,106.4000015258789,0.0,110.69999694824219,106.06999969482422,110.5999984741211,0.0,17947800
2023-09-08,100.14974212646484,106.13999938964844,0.0,107.06999969482422,105.51000213623047,106.16999816894531,0.0,9819300
2023-09-11,104.05609893798828,110.27999877929688,0.0,111.83999633789062,108.81999969482422,111.2699966430664,0.0,18771700
2023-09-12,104.95248413085938,111.2300033569336,0.0,112.73999786376953,109.51000213623047,109.58000183105469,0.0,9250100
2023-09-13,106.28290557861328,112.63999938964844,0.0,113.5999984741211,111.52999877929688,111.58000183105469,0.0,8131500
2023-09-14,107.60389709472656,114.04000091552734,0.0,114.73999786376953,113.0,113.7699966430664,0.0,7138100
2023-09-15,106.75467681884766,113.13999938964844,0.0,115.19000244140625,112.45999908447266,113.97000122070312,0.0,12247400
2023-09-18,106.38668060302734,112.75,0.0,113.83000183105469,112.45999908447266,112.88999938964844,0.0,5065100
2023-09-19,104.47126770019531,110.72000122070312,0.0,112.33999633789062,109.91000366210938,112.19999694824219,0.0,5658800
2023-09-20,103.05591583251953,109.22000122070312,0.0,111.80000305175781,109.16000366210938,111.73999786376953,0.0,7073800
2023-09-21,101.86702728271484,107.95999908447266,0.0,109.58999633789062,107.8499984741211,107.9800033569336,0.0,7007200
2023-09-22,101.60282897949219,107.68000030517578,0.0,109.77999877929688,107.36000061035156,108.7699966430664,0.0,6965500
2023-09-25,104.19761657714844,110.43000030517578,0.0,110.4800033569336,106.70999908447266,106.83999633789062,0.0,6782500
2023-09-26,103.52770233154297,109.72000122070312,0.0,110.63999938964844,109.33999633789062,109.8499984741211,0.0,6559800
2023-09-27,103.02761840820312,109.19000244140625,0.0,110.80999755859375,107.43000030517578,110.7300033569336,0.0,7225000
2023-09-28,104.8298110961914,111.0999984741211,0.0,111.91000366210938,109.18000030517578,109.76000213623047,0.0,4851300
2023-09-29,104.79206848144531,111.05999755859375,0.0,112.2300033569336,110.63999938964844,111.87999725341797,0.0,4869300
2023-10-02,104.8298110961914,111.0999984741211,0.0,111.79000091552734,109.5999984741211,110.4000015258789,0.0,5751500
2023-10-03,103.9711685180664,110.19000244140625,0.0,112.26000213623047,109.37999725341797,110.80999755859375,0.0,7750700
2023-10-04,103.65035247802734,109.8499984741211,0.0,111.06999969482422,108.80000305175781,110.80000305175781,0.0,7189400
2023-10-05,103.60318756103516,109.80000305175781,0.0,110.45999908447266,108.94999694824219,109.69999694824219,0.0,5089700
2023-10-06,104.62222290039062,110.87999725341797,0.0,111.33000183105469,108.05000305175781,110.87000274658203,0.0,7930600
2023-10-09,105.49031066894531,111.80000305175781,0.0,111.9800033569336,109.4800033569336,110.31999969482422,0.0,4714500
2023-10-10,105.97152709960938,112.30999755859375,0.0,112.98999786376953,110.43000030517578,111.5,0.0,6253000
2023-10-11,104.84867858886719,111.12000274658203,0.0,112.63999938964844,109.58000183105469,112.27999877929688,0.0,6378600
2023-10-12,105.16949462890625,111.45999908447266,0.0,112.20999908447266,110.31999969482422,111.9800033569336,0.0,5371700
2023-10-13,102.52751922607422,108.66000366210938,0.0,111.97000122070312,108.54000091552734,111.72000122070312,0.0,6035600
2023-10-16,104.27313232421875,110.51000213623047,0.0,111.08000183105469,108.94999694824219,109.08999633789062,0.0,6254700
2023-10-17,105.86773681640625,112.19999694824219,0.0,112.2699966430664,108.0199966430664,108.80999755859375,0.0,7334000
2023-10-18,104.71658325195312,110.9800033569336,0.0,112.11000061035156,110.02999877929688,111.05999755859375,0.0,7174500
2023-10-19,104.99964904785156,111.27999877929688,0.0,114.4000015258789,110.83999633789062,112.38999938964844,0.0,10511500
2023-10-20,102.49919128417969,108.62999725341797,0.0,111.61000061035156,108.62999725341797,111.5199966430664,0.0,7756500
2023-10-23,102.52751922607422,108.66000366210938,0.0,110.56999969482422,107.68000030517578,107.94000244140625,0.0,6679200
2023-10-24,103.21630859375,109.38999938964844,0.0,110.33000183105469,108.44000244140625,109.30000305175781,0.0,8578600
2023-10-25,98.86650085449219,104.77999877929688,0.0,109.29000091552734,104.43000030517578,108.80999755859375,0.0,8571600
2023-10-26,99.65909576416016,105.62000274658203,0.0,106.47000122070312,104.33000183105469,104.75,0.0,8705200
2023-10-27,100.45166015625,106.45999908447266,0.0,107.88999938964844,105.83999633789062,106.9000015258789,0.0,7292000
2023-10-30,101.7443618774414,107.83000183105469,0.0,109.33000183105469,106.18000030517578,106.70999908447266,0.0,6634000
2023-10-31,102.8388900756836,108.98999786376953,0.0,109.20999908447266,106.69000244140625,108.30000305175781,0.0,6485500
2023-11-01,104.63168334960938,110.88999938964844,0.0,111.19000244140625,108.69999694824219,109.16999816894531,0.0,12809900
2023-11-02,110.73650360107422,117.36000061035156,0.0,119.08000183105469,114.44999694824219,117.97000122070312,0.0,22106100
2023-11-03,112.77462005615234,119.5199966430664,0.0,120.0999984741211,117.36000061035156,117.94999694824219,0.0,10670100
2023-11-06,113.16148376464844,119.93000030517578,0.0,120.55999755859375,118.37999725341797,120.0,0.0,7756400
2023-11-07,113.90689086914062,120.72000122070312,0.0,121.08000183105469,119.16999816894531,119.8499984741211,0.0,7898400
2023-11-08,113.28412628173828,120.05999755859375,0.0,122.05999755859375,119.1500015258789,121.4000015258789,0.0,7681900
2023-11-09,113.32186889648438,120.0999984741211,0.0,122.43000030517578,119.8499984741211,121.12000274658203,0.0,9002700
2023-11-10,117.1999282836914,124.20999908447266,0.0,124.80999755859375,120.97000122070312,121.9000015258789,0.0,12191600
2023-11-13,116.86023712158203,123.8499984741211,0.0,124.55000305175781,122.62999725341797,124.0,0.0,7959200
2023-11-14,120.1721420288086,127.36000061035156,0.0,128.22000122070312,126.08000183105469,127.33999633789062,0.0,11255400
2023-11-15,121.64408874511719,128.9199981689453,0.0,129.72999572753906,127.55999755859375,127.91999816894531,0.0,7789100
2023-11-16,121.4365234375,128.6999969482422,0.0,130.3699951171875,128.30999755859375,129.08999633789062,0.0,11655700
2023-11-17,122.1630630493164,129.47000122070312,0.0,129.7899932861328,128.4199981689453,129.3000030517578,0.0,6543300
2023-11-20,122.2008056640625,129.50999450683594,0.0,130.1199951171875,129.02000427246094,129.44000244140625,0.0,7148600
2023-11-21,119.85133361816406,127.0199966430664,0.0,127.47000122070312,125.75,126.88999938964844,0.0,14641800
2023-11-22,120.30424499511719,127.5,0.0,129.50999450683594,127.16000366210938,127.88999938964844,0.0,6647400
2023-11-24,120.54012298583984,127.75,0.0,128.22999572753906,127.55999755859375,128.22999572753906,0.0,3708200
2023-11-27,120.96472930908203,128.1999969482422,0.0,129.02000427246094,126.79000091552734,127.2699966430664,0.0,8586400
2023-11-28,119.44560241699219,126.58999633789062,0.0,127.30999755859375,125.66999816894531,127.19999694824219,0.0,8817900
2023-11-29,121.45867919921875,127.91000366210938,0.8,130.60000610351562,127.62000274658203,129.24000549316406,0.0,10608300
2023-11-30,122.54118347167969,129.0500030517578,0.0,129.39999389648438,127.48999786376953,129.27000427246094,0.0,11731800
2023-12-01,123.12989044189453,129.6699981689453,0.0,130.27000427246094,128.50999450683594,129.05999755859375,0.0,8866500
2023-12-04,123.3957748413086,129.9499969482422,0.0,130.0500030517578,128.02999877929688,129.3300018310547,0.0,7485000
2023-12-05,124.15543365478516,130.75,0.0,130.85000610351562,128.9499969482422,129.08999633789062,0.0,6231600
2023-12-06,123.4052963256836,129.9600067138672,0.0,132.13999938964844,129.66000366210938,131.97999572753906,0.0,6912400
2023-12-07,126.2349853515625,132.94000244140625,0.0,133.3300018310547,130.38999938964844,131.3300018310547,0.0,7815700
2023-12-08,126.26348114013672,132.97000122070312,0.0,133.97000122070312,131.17999267578125,131.22000122070312,0.0,7678600
2023-12-11,129.23561096191406,136.10000610351562,0.0,136.60000610351562,134.07000732421875,134.50999450683594,0.0,11010700
2023-12-12,129.78634643554688,136.67999267578125,0.0,137.22999572753906,135.5,135.97999572753906,0.0,7380400
2023-12-13,131.79942321777344,138.8000030517578,0.0,138.99000549316406,136.0800018310547,136.3800048828125,0.0,7507700
2023-12-14,134.36325073242188,141.5,0.0,142.75999450683594,139.60000610351562,139.60000610351562,0.0,11468900
2023-12-15,135.9110565185547,143.1300048828125,0.0,143.49000549316406,141.3800048828125,142.0500030517578,0.0,25053500
2023-12-18,134.5056915283203,141.64999389648438,0.0,143.1199951171875,141.2899932861328,142.50999450683594,0.0,7832100
2023-12-19,136.0059814453125,143.22999572753906,0.0,143.42999267578125,141.44000244140625,142.02999877929688,0.0,5658400
2023-12-20,133.35670471191406,140.44000244140625,0.0,142.97999572753906,140.36000061035156,141.97000122070312,0.0,7264800
2023-12-21,135.25584411621094,142.44000244140625,0.0,142.69000244140625,140.99000549316406,141.8000030517578,0.0,8361600
2023-12-22,136.25286865234375,143.49000549316406,0.0,144.39999389648438,142.75,143.25,0.0,4659200
2023-12-26,138.12351989746094,145.4600067138672,0.0,146.0500030517578,143.9600067138672,144.1699981689453,0.0,4381200
2023-12-27,138.3704071044922,145.72000122070312,0.0,146.22000122070312,145.0399932861328,145.85000610351562,0.0,4470300
2023-12-28,138.5033416748047,145.86000061035156,0.0,146.88999938964844,145.72999572753906,146.17999267578125,0.0,4928800
2023-12-29,137.3354034423828,144.6300048828125,0.0,145.6199951171875,143.7899932861328,145.41000366210938,0.0,4839300
2024-01-02,133.1573028564453,140.22999572753906,0.0,142.1999969482422,138.77999877929688,142.19000244140625,0.0,8495800
2024-01-03,130.65994262695312,137.60000610351562,0.0,138.88999938964844,136.99000549316406,138.88999938964844,0.0,8133300
2024-01-04,129.30209350585938,136.1699981689453,0.0,137.3300018310547,134.94000244140625,135.44000244140625,0.0,6770300
2024-01-05,129.83383178710938,136.72999572753906,0.0,138.07000732421875,135.85000610351562,136.16000366210938,0.0,6827300
2024-01-08,132.017822265625,139.02999877929688,0.0,139.14999389648438,136.63999938964844,136.99000549316406,0.0,7729400
2024-01-09,132.83447265625,139.88999938964844,0.0,140.9499969482422,137.13999938964844,137.5399932861328,0.0,5856900
2024-01-10,132.28370666503906,139.30999755859375,0.0,140.02999877929688,137.7899932861328,139.88999938964844,0.0,5652500
2024-01-11,132.017822265625,139.02999877929688,0.0,139.9499969482422,136.02999877929688,139.0,0.0,7374900
2024-01-12,133.12881469726562,140.1999969482422,0.0,142.66000366210938,139.16000366210938,142.1199951171875,0.0,6546600
2024-01-16,134.00241088867188,141.1199951171875,0.0,141.22999572753906,137.97999572753906,140.0,0.0,7483000
2024-01-17,132.29319763183594,139.32000732421875,0.0,139.6300048828125,137.35000610351562,139.6199951171875,0.0,6584700
2024-01-18,137.96209716796875,145.2899932861328,0.0,145.64999389648438,142.3300018310547,143.14999389648438,0.0,12893000
2024-01-19,144.29568481445312,151.9600067138672,0.0,152.77000427246094,146.74000549316406,147.25999450683594,0.0,16193900
2024-01-22,145.15977478027344,152.8699951171875,0.0,154.57000732421875,151.8699951171875,152.75,0.0,10456100
2024-01-23,145.7580108642578,153.5,0.0,153.74000549316406,151.41000366210938,152.8699951171875,0.0,6232300
2024-01-24,146.58409118652344,154.3699951171875,0.0,156.32000732421875,153.89999389648438,154.7899932861328,0.0,8331900
2024-01-25,146.67909240722656,154.47000122070312,0.0,157.97999572753906,153.6699981689453,157.60000610351562,0.0,7740900
2024-01-26,143.11822509765625,150.72000122070312,0.0,152.97999572753906,150.3800048828125,152.2100067138672,0.0,7744700
2024-01-29,142.09268188476562,149.63999938964844,0.0,151.24000549316406,148.4199981689453,150.39999389648438,0.0,10770700
2024-01-30,138.61729431152344,145.97999572753906,0.0,148.8000030517578,145.57000732421875,148.0,0.0,9132800
2024-01-31,141.01968383789062,148.50999450683594,0.0,150.16000366210938,144.33999633789062,145.33999633789062,0.0,21184200
2024-02-01,133.99288940429688,141.11000061035156,0.0,143.91000366210938,140.08999633789062,140.8699951171875,0.0,22810600
2024-02-02,134.5436553955078,141.69000244140625,0.0,142.13999938964844,139.25999450683594,140.64999389648438,0.0,10442700
2024-02-05,136.76564025878906,144.02999877929688,0.0,144.64999389648438,141.2100067138672,141.86000061035156,0.0,8032600
2024-02-06,136.8321075439453,144.10000610351562,0.0,144.80999755859375,142.42999267578125,144.5,0.0,7286300
2024-02-07,138.53184509277344,145.88999938964844,0.0,145.9499969482422,143.6300048828125,145.16000366210938,0.0,7361900
2024-02-08,140.70632934570312,148.17999267578125,0.0,148.61000061035156,146.2899932861328,146.85000610351562,0.0,9448700
2024-02-09,143.3840789794922,151.0,0.0,153.39999389648438,148.35000610351562,149.0,0.0,11981500
2024-02-12,145.378173828125,153.10000610351562,0.0,154.75999450683594,150.25,150.3800048828125,0.0,11806300
2024-02-13,142.47251892089844,150.0399932861328,0.0,151.25,148.41000366210938,150.0,0.0,8976300
2024-02-14,146.17584228515625,153.94000244140625,0.0,154.38999938964844,151.0500030517578,151.30999755859375,0.0,8715100
2024-02-15,148.11289978027344,155.97999572753906,0.0,157.1699981689453,154.49000549316406,155.0,0.0,9372400
2024-02-16,144.9888458251953,152.69000244140625,0.0,157.75999450683594,152.60000610351562,157.47000122070312,0.0,8429100
2024-02-20,144.29568481445312,151.9600067138672,0.0,152.89999389648438,149.8699951171875,151.88999938964844,0.0,8745500
2024-02-21,144.34315490722656,152.00999450683594,0.0,152.0500030517578,148.89999389648438,149.8300018310547,0.0,9760300
2024-02-22,146.94496154785156,154.75,0.0,155.50999450683594,152.32000732421875,154.77000427246094,0.0,11407500
2024-02-23,147.09690856933594,154.91000366210938,0.0,156.91000366210938,154.3300018310547,155.6999969482422,0.0,5953300
2024-02-26,149.10995483398438,157.02999877929688,0.0,157.47999572753906,155.7899932861328,156.0,0.0,6307600
2024-02-27,150.31588745117188,158.3000030517578,0.0,159.1999969482422,157.49000549316406,157.75,0.0,6021400
2024-02-28,148.74118041992188,155.85000610351562,0.8,156.5399932861328,154.9600067138672,156.0,0.0,5211000
2024-02-29,150.5926971435547,157.7899932861328,0.0,158.1999969482422,156.17999267578125,156.8699951171875,0.0,8321400
2024-03-01,155.6509552001953,163.08999633789062,0.0,164.0,158.07000732421875,159.38999938964844,0.0,10405700
2024-03-04,158.962646484375,166.55999755859375,0.0,167.8300018310547,164.72000122070312,165.1199951171875,0.0,11865100
2024-03-05,154.0857391357422,161.4499969482422,0.0,165.58999633789062,160.22999572753906,164.72999572753906,0.0,9608800
2024-03-06,160.23199462890625,167.88999938964844,0.0,169.25,164.3300018310547,164.82000732421875,0.0,12230500
2024-03-07,167.70484924316406,175.72000122070312,0.0,177.58999633789062,169.42999267578125,169.60000610351562,0.0,14495100
2024-03-08,162.78976440429688,170.57000732421875,0.0,175.47000122070312,170.5399932861328,174.82000732421875,0.0,11318000
2024-03-11,163.31466674804688,171.1199951171875,0.0,171.97999572753906,168.1199951171875,169.0,0.0,7256300
2024-03-12,165.18527221679688,173.0800018310547,0.0,173.89999389648438,170.5800018310547,172.91000366210938,0.0,7642200
2024-03-13,161.52996826171875,169.25,0.0,171.5,168.60000610351562,171.22000122070312,0.0,8730500
2024-03-14,160.76641845703125,168.4499969482422,0.0,169.9499969482422,166.7100067138672,169.60000610351562,0.0,8151000
2024-03-15,159.573486328125,167.1999969482422,0.0,168.77000427246094,165.85000610351562,167.10000610351562,0.0,16414600
2024-03-18,159.3062286376953,166.9199981689453,0.0,171.4600067138672,166.35000610351562,170.91000366210938,0.0,6653700
2024-03-19,156.61485290527344,164.10000610351562,0.0,166.4600067138672,163.6300048828125,166.08999633789062,0.0,7404400
2024-03-20,160.0220184326172,167.6699981689453,0.0,168.1699981689453,163.8300018310547,164.10000610351562,0.0,5995800
2024-03-21,163.05699157714844,170.85000610351562,0.0,172.9199981689453,169.6300048828125,170.74000549316406,0.0,8497500
2024-03-22,162.34120178222656,170.10000610351562,0.0,171.89999389648438,169.3000030517578,169.5500030517578,0.0,5645500
2024-03-25,159.8788604736328,167.52000427246094,0.0,168.77000427246094,166.97000122070312,167.8800048828125,0.0,5682500
2024-03-26,159.44937133789062,167.07000732421875,0.0,169.4199981689453,167.0,168.0500030517578,0.0,5289900
2024-03-27,161.41543579101562,169.1300048828125,0.0,169.47999572753906,166.97000122070312,169.4499969482422,0.0,6309700
2024-03-28,161.57766723632812,169.3000030517578,0.0,169.88999938964844,167.97999572753906,169.10000610351562,0.0,5324000
2024-04-01,163.88729858398438,171.72000122070312,0.0,172.8000030517578,168.2100067138672,168.27000427246094,0.0,6679100
2024-04-02,163.23831176757812,171.0399932861328,0.0,171.39999389648438,169.27999877929688,170.47000122070312,0.0,7436300
2024-04-03,165.97740173339844,173.91000366210938,0.0,173.9600067138672,169.3300018310547,170.0,0.0,6943200
2024-04-04,162.01670837402344,169.75999450683594,0.0,175.9499969482422,169.41000366210938,175.0,0.0,9031200
2024-04-05,163.70596313476562,171.52999877929688,0.0,172.24000549316406,169.7100067138672,170.17999267578125,0.0,5863300
2024-04-08,165.70062255859375,173.6199951171875,0.0,174.38999938964844,172.36000061035156,172.92999267578125,0.0,4812000
2024-04-09,167.5616912841797,175.57000732421875,0.0,175.99000549316406,173.3699951171875,175.27000427246094,0.0,5028500
2024-04-10,163.06651306152344,170.86000061035156,0.0,173.7100067138672,170.07000732421875,172.4199981689453,0.0,6177400
2024-04-11,167.1417236328125,175.1300048828125,0.0,175.6300048828125,170.5,171.6699981689453,0.0,6262600
2024-04-12,163.47689819335938,171.2899932861328,0.0,173.38999938964844,170.9600067138672,172.27999877929688,0.0,8216700
2024-04-15,162.09303283691406,169.83999633789062,0.0,174.3800048828125,168.5800018310547,174.27000427246094,0.0,6570600
2024-04-16,160.89053344726562,168.5800018310547,0.0,169.57000732421875,167.4499969482422,169.5,0.0,6390100
2024-04-17,156.82484436035156,164.32000732421875,0.0,170.19000244140625,163.77000427246094,169.22000122070312,0.0,8082000
2024-04-18,154.0762176513672,161.44000244140625,0.0,164.10000610351562,159.86000061035156,162.36000061035156,0.0,9209400
2024-04-19,150.44000244140625,157.6300048828125,0.0,161.38999938964844,156.33999633789062,161.2899932861328,0.0,10292200
2024-04-22,152.8736572265625,160.17999267578125,0.0,161.63999938964844,157.16000366210938,158.0399932861328,0.0,7848700
2024-04-23,153.99032592773438,161.35000610351562,0.0,162.25999450683594,159.67999267578125,160.9600067138672,0.0,6616700
2024-04-24,156.16632080078125,163.6300048828125,0.0,165.92999267578125,162.0,163.8699951171875,0.0,6130500
2024-04-25,155.85137939453125,163.3000030517578,0.0,164.6300048828125,161.72999572753906,164.0800018310547,0.0,6230700
2024-04-26,158.10369873046875,165.66000366210938,0.0,166.52000427246094,162.50999450683594,162.89999389648438,0.0,7141300
2024-04-29,161.4822540283203,169.1999969482422,0.0,169.27000427246094,165.1999969482422,165.1999969482422,0.0,6623900
2024-04-30,158.2850341796875,165.85000610351562,0.0,169.24000549316406,165.80999755859375,169.22999572753906,0.0,6914200
2024-05-01,156.62442016601562,164.11000061035156,0.0,169.63999938964844,163.7899932861328,164.50999450683594,0.0,13113600
2024-05-02,171.8850555419922,180.10000610351562,0.0,181.69000244140625,175.2899932861328,175.47000122070312,0.0,25894800
2024-05-03,171.446044921875,179.63999938964844,0.0,183.19000244140625,177.8000030517578,182.24000549316406,0.0,10043900
2024-05-06,173.55523681640625,181.85000610351562,0.0,182.39999389648438,180.39999389648438,181.91000366210938,0.0,6980100
2024-05-07,171.93275451660156,180.14999389648438,0.0,184.30999755859375,179.22000122070312,182.4499969482422,0.0,8011100
2024-05-08,172.31451416015625,180.5500030517578,0.0,180.7899932861328,176.6199951171875,176.72999572753906,0.0,6242600
2024-05-09,172.30496215820312,180.5399932861328,0.0,181.7100067138672,179.44000244140625,181.0,0.0,5513500
2024-05-10,173.77474975585938,182.0800018310547,0.0,183.5500030517578,181.24000549316406,182.0,0.0,4702500
2024-05-13,175.80760192871094,184.2100067138672,0.0,184.72999572753906,182.89999389648438,183.17999267578125,0.0,6384800
2024-05-14,180.35047912597656,188.97000122070312,0.0,189.2899932861328,184.49000549316406,184.50999450683594,0.0,7713400
2024-05-15,185.73321533203125,194.61000061035156,0.0,196.0800018310547,190.0,190.00999450683594,0.0,11349100
2024-05-16,184.45433044433594,193.27000427246094,0.0,195.6300048828125,192.77999877929688,195.0,0.0,8173400
2024-05-17,185.01742553710938,193.86000061035156,0.0,195.44000244140625,191.8699951171875,192.89999389648438,0.0,5799700
2024-05-20,188.73951721191406,197.75999450683594,0.0,199.99000549316406,193.27999877929688,194.0,0.0,8879700
2024-05-21,191.6885986328125,200.85000610351562,0.0,201.97999572753906,195.75999450683594,196.00999450683594,0.0,11498800
2024-05-22,193.6737060546875,202.92999267578125,0.0,204.83999633789062,201.6999969482422,202.92999267578125,0.0,11170100
2024-05-23,192.5570526123047,201.75999450683594,0.0,207.9499969482422,199.4199981689453,205.8800048828125,0.0,14475100
2024-05-24,200.7648162841797,210.36000061035156,0.0,211.3000030517578,203.55999755859375,203.88999938964844,0.0,13809900
2024-05-28,203.36073303222656,213.0800018310547,0.0,217.42999267578125,211.3000030517578,217.22999572753906,0.0,12485400
2024-05-29,198.76058959960938,208.25999450683594,0.0,210.66000366210938,206.6999969482422,208.64999389648438,0.0,12552500
2024-05-30,196.25941467285156,204.8000030517578,0.85,209.3699951171875,203.82000732421875,208.0,0.0,12245300
2024-05-31,195.5406951904297,204.0500030517578,0.0,209.0500030517578,198.7100067138672,208.0,0.0,15064900
2024-06-03,197.3231201171875,205.91000366210938,0.0,210.97999572753906,202.41000366210938,209.55999755859375,0.0,12419500
2024-06-04,195.8473358154297,204.3699951171875,0.0,206.22999572753906,201.66000366210938,205.91000366210938,0.0,6629100
2024-06-05,203.06333923339844,211.89999389648438,0.0,212.5,205.3699951171875,206.92999267578125,0.0,11626300
2024-06-06,200.7059326171875,209.44000244140625,0.0,212.24000549316406,208.7899932861328,211.89999389648438,0.0,7597200
2024-06-07,198.0035400390625,206.6199951171875,0.0,209.8000030517578,204.88999938964844,209.72999572753906,0.0,5714400
2024-06-10,200.6196746826172,209.35000610351562,0.0,210.5800018310547,204.55999755859375,205.2899932861328,0.0,6465100
2024-06-11,199.82431030273438,208.52000427246094,0.0,209.4499969482422,204.77999877929688,207.14999389648438,0.0,8197500
2024-06-12,206.40782165527344,215.38999938964844,0.0,215.6199951171875,210.8800048828125,212.5,0.0,9502800
2024-06-13,208.7268829345703,217.80999755859375,0.0,218.36000061035156,213.00999450683594,216.36000061035156,0.0,10102800
2024-06-14,206.35028076171875,215.3300018310547,0.0,218.0500030517578,213.64999389648438,217.63999938964844,0.0,6438200
2024-06-17,212.9529571533203,222.22000122070312,0.0,222.6699981689453,213.39999389648438,217.08999633789062,0.0,12109100
2024-06-18,217.61988830566406,227.08999633789062,0.0,230.6300048828125,226.0,226.82000732421875,0.0,22037500
2024-06-20,206.48446655273438,215.47000122070312,0.0,225.89999389648438,212.83999633789062,224.1999969482422,0.0,18701200
2024-06-21,203.66708374023438,212.52999877929688,0.0,215.47000122070312,209.41000366210938,211.75999450683594,0.0,22286500
2024-06-24,192.4645538330078,200.83999633789062,0.0,207.02999877929688,200.24000549316406,206.91000366210938,0.0,16087700
2024-06-25,193.73910522460938,202.1699981689453,0.0,203.14999389648438,199.1699981689453,203.13999938964844,0.0,11974900
2024-06-26,189.10093688964844,197.3300018310547,0.0,201.14999389648438,195.6999969482422,200.30999755859375,0.0,10023800
2024-06-27,187.0118408203125,195.14999389648438,0.0,198.57000732421875,193.83999633789062,196.8699951171875,0.0,11936600
2024-06-28,190.873779296875,199.17999267578125,0.0,203.94000244140625,195.61000061035156,196.0,0.0,15547500
2024-07-01,191.68833923339844,200.02999877929688,0.0,200.6699981689453,196.0800018310547,199.47000122070312,0.0,6800600
2024-07-02,191.81295776367188,200.16000366210938,0.0,200.47999572753906,197.08999633789062,198.25,0.0,5632900
2024-07-03,195.31069946289062,203.80999755859375,0.0,204.86000061035156,200.44000244140625,202.67999267578125,0.0,4996200
2024-07-05,197.16983032226562,205.75,0.0,206.75,203.97999572753906,205.85000610351562,0.0,6375200
2024-07-08,199.22056579589844,207.88999938964844,0.0,210.44000244140625,206.14999389648438,207.24000549316406,0.0,6920400
2024-07-09,198.482666015625,207.1199951171875,0.0,208.5500030517578,204.66000366210938,206.47999572753906,0.0,5272600
2024-07-10,200.09263610839844,208.8000030517578,0.0,209.24000549316406,206.55999755859375,208.74000549316406,0.0,5159400
2024-07-11,191.515869140625,199.85000610351562,0.0,210.1300048828125,199.77000427246094,210.02000427246094,0.0,8602200
2024-07-12,193.98826599121094,202.42999267578125,0.0,206.0800018310547,200.25,201.66000366210938,0.0,7217200
2024-07-15,199.4984588623047,208.17999267578125,0.0,209.24000549316406,202.7899932861328,203.0,0.0,7463700
2024-07-16,200.8975830078125,209.63999938964844,0.0,211.08999633789062,206.6199951171875,210.0,0.0,5998500
2024-07-17,183.60987854003906,191.60000610351562,0.0,200.0,190.55999755859375,199.72999572753906,0.0,16156200
2024-07-18,183.47573852539062,191.4600067138672,0.0,193.89999389648438,186.9499969482422,193.77999877929688,0.0,9960600
2024-07-19,178.4447021484375,186.2100067138672,0.0,193.08999633789062,185.75999450683594,191.69000244140625,0.0,9195700
2024-07-22,186.83937072753906,194.97000122070312,0.0,195.5,189.0500030517578,191.0,0.0,7590000
2024-07-23,185.28692626953125,193.35000610351562,0.0,196.24000549316406,192.14999389648438,194.1999969482422,0.0,5796700
2024-07-24,173.51902770996094,181.07000732421875,0.0,189.61000061035156,180.69000244140625,189.33999633789062,0.0,13295300
2024-07-25,168.07589721679688,175.38999938964844,0.0,180.24000549316406,173.27000427246094,179.6199951171875,0.0,12700100
2024-07-26,172.54156494140625,180.0500030517578,0.0,181.3000030517578,177.57000732421875,179.00999450683594,0.0,6567800
2024-07-29,171.1903533935547,178.63999938964844,0.0,182.63999938964844,177.85000610351562,181.5,0.0,6051600
2024-07-30,159.978271484375,166.94000244140625,0.0,179.39999389648438,166.77000427246094,179.33999633789062,0.0,15338900
2024-07-31,173.40402221679688,180.9499969482422,0.0,181.0800018310547,173.41000366210938,175.5800018310547,0.0,19222200
2024-08-01,157.16087341308594,164.0,0.0,176.97000122070312,161.3300018310547,171.75999450683594,0.0,24795000
2024-08-02,152.66644287109375,159.30999755859375,0.0,164.25999450683594,157.52999877929688,160.52000427246094,0.0,16618900
2024-08-05,151.3631591796875,157.9499969482422,0.0,162.82000732421875,151.38999938964844,153.27000427246094,0.0,12733900
2024-08-06,152.10105895996094,158.72000122070312,0.0,163.6300048828125,156.5,158.4199981689453,0.0,9301000
2024-08-07,149.60946655273438,156.1199951171875,0.0,164.32000732421875,155.5,163.5800018310547,0.0,9266900
2024-08-08,158.07122802734375,164.9499969482422,0.0,165.58999633789062,157.8699951171875,160.74000549316406,0.0,9590900
2024-08-09,157.620849609375,164.47999572753906,0.0,165.88999938964844,161.97999572753906,164.07000732421875,0.0,4824600
2024-08-12,156.09715270996094,162.88999938964844,0.0,163.38999938964844,157.4199981689453,160.55999755859375,0.0,8548000
2024-08-13,162.40277099609375,169.47000122070312,0.0,169.55999755859375,163.27999877929688,164.3000030517578,0.0,11102100
2024-08-14,160.17947387695312,167.14999389648438,0.0,171.25999450683594,164.72000122070312,170.63999938964844,0.0,7208200
2024-08-15,166.11135864257812,173.33999633789062,0.0,174.63999938964844,170.61000061035156,171.75,0.0,10752100
2024-08-16,164.99974060058594,172.17999267578125,0.0,173.3800048828125,170.6300048828125,172.2899932861328,0.0,5435700
2024-08-19,166.9929962158203,174.25999450683594,0.0,174.32000732421875,168.74000549316406,171.57000732421875,0.0,6708100
2024-08-20,164.93267822265625,172.11000061035156,0.0,175.42999267578125,171.14999389648438,173.86000061035156,0.0,6222400
2024-08-21,166.9546661376953,174.22000122070312,0.0,174.8699951171875,172.0800018310547,172.99000549316406,0.0,6309500
2024-08-22,161.95236206054688,169.0,0.0,174.58999633789062,168.3800048828125,174.3000030517578,0.0,6743500
2024-08-23,166.2646942138672,173.5,0.0,174.6199951171875,170.6300048828125,171.75999450683594,0.0,6823600
2024-08-26,162.42190551757812,169.49000549316406,0.0,172.3800048828125,168.52999877929688,171.97000122070312,0.0,7437600
2024-08-27,166.67677307128906,173.92999267578125,0.0,174.44000244140625,168.27000427246094,169.1699981689453,0.0,6498800
2024-08-28,164.6835174560547,171.85000610351562,0.0,175.72000122070312,169.6300048828125,174.3800048828125,0.0,6534600
2024-08-29,162.42190551757812,169.49000549316406,0.0,176.36000061035156,168.92999267578125,173.4199981689453,0.0,12514200
2024-08-30,167.9896240234375,175.3000030517578,0.0,175.4600067138672,170.8000030517578,172.2899932861328,0.0,11110800
2024-09-03,156.4325714111328,163.24000549316406,0.0,172.16000366210938,162.0,171.88999938964844,0.0,11620300
2024-09-04,158.43539428710938,165.3300018310547,0.0,168.24000549316406,162.6300048828125,163.0,0.0,6737000
2024-09-05,157.68406677246094,163.6999969482422,0.85,165.8000030517578,161.85000610351562,163.0800018310547,0.0,5600000
2024-09-06,152.37657165527344,158.19000244140625,0.0,163.19000244140625,157.1300048828125,162.74000549316406,0.0,10703000
2024-09-09,154.8617706298828,160.77000427246094,0.0,162.3699951171875,158.57000732421875,161.08999633789062,0.0,7494900
2024-09-10,155.73831176757812,161.67999267578125,0.0,162.05999755859375,157.67999267578125,160.0,0.0,7918100
2024-09-11,160.43898010253906,166.55999755859375,0.0,166.89999389648438,159.25,162.36000061035156,0.0,8275400
2024-09-12,158.9170379638672,164.97999572753906,0.0,166.30999755859375,162.89999389648438,165.8800048828125,0.0,6039200
2024-09-13,161.5659637451172,167.72999572753906,0.0,168.3000030517578,165.44000244140625,165.80999755859375,0.0,4049900
2024-09-16,160.48712158203125,166.61000061035156,0.0,167.33999633789062,163.7899932861328,164.92999267578125,0.0,6510000
2024-09-17,162.50033569335938,168.6999969482422,0.0,169.5,166.0800018310547,168.8800048828125,0.0,5828000
2024-09-18,162.1150360107422,168.3000030517578,0.0,172.4199981689453,167.6999969482422,169.52000427246094,0.0,5877600
2024-09-19,167.5284881591797,173.9199981689453,0.0,176.8000030517578,172.49000549316406,174.4199981689453,0.0,10900000
2024-09-20,162.71226501464844,168.9199981689453,0.0,173.07000732421875,164.3000030517578,172.69000244140625,0.0,27546400
2024-09-23,159.8610382080078,165.9600067138672,0.0,169.97999572753906,165.35000610351562,168.4199981689453,0.0,9810000
2024-09-24,160.81463623046875,166.9499969482422,0.0,169.36000061035156,165.97999572753906,167.4199981689453,0.0,9666800
2024-09-25,162.08615112304688,168.27000427246094,0.0,168.58999633789062,165.75999450683594,166.27999877929688,0.0,5095500
2024-09-26,166.31480407714844,172.66000366210938,0.0,175.75,166.77999877929688,174.91000366210938,0.0,8475000
2024-09-27,163.87777709960938,170.1300048828125,0.0,173.4499969482422,169.8300018310547,173.0,0.0,5880700
2024-09-30,163.8007049560547,170.0500030517578,0.0,172.22999572753906,167.75,171.3699951171875,0.0,8099700
2024-10-01,159.6876220703125,165.77999877929688,0.0,170.2899932861328,164.0800018310547,169.8000030517578,0.0,8277600
2024-10-02,162.13429260253906,168.32000732421875,0.0,169.75,165.14999389648438,166.14999389648438,0.0,4484600
2024-10-03,162.71226501464844,168.9199981689453,0.0,169.52999877929688,165.66000366210938,165.9499969482422,0.0,6260200
2024-10-04,162.69296264648438,168.89999389648438,0.0,172.8000030517578,166.47999572753906,172.5500030517578,0.0,6586500
2024-10-07,160.80499267578125,166.94000244140625,0.0,168.72000122070312,165.74000549316406,167.63999938964844,0.0,4359300
2024-10-08,160.22705078125,166.33999633789062,0.0,167.72000122070312,163.66000366210938,164.86000061035156,0.0,7843500
2024-10-09,163.9644775390625,170.22000122070312,0.0,170.3000030517578,164.6699981689453,165.9499969482422,0.0,5486500
2024-10-10,162.3269500732422,168.52000427246094,0.0,168.75,165.3300018310547,167.22999572753906,0.0,5048000
2024-10-11,163.7332763671875,169.97999572753906,0.0,170.42999267578125,166.8699951171875,168.0,0.0,3801400
2024-10-14,171.49708557128906,178.0399932861328,0.0,178.8699951171875,170.89999389648438,171.33999633789062,0.0,9933600
2024-10-15,167.69223022460938,174.08999633789062,0.0,179.8300018310547,172.75,177.22000122070312,0.0,12910400
2024-10-16,165.17816162109375,171.47999572753906,0.0,174.6699981689453,170.22000122070312,174.6199951171875,0.0,6495700
2024-10-17,164.81211853027344,171.10000610351562,0.0,175.6199951171875,171.02000427246094,175.6199951171875,0.0,6093200
2024-10-18,164.63873291015625,170.9199981689453,0.0,172.5800018310547,169.4199981689453,172.11000061035156,0.0,6432700
2024-10-21,162.79891967773438,169.00999450683594,0.0,170.1699981689453,166.07000732421875,169.63999938964844,0.0,7297700
2024-10-22,166.81568908691406,173.17999267578125,0.0,173.47999572753906,168.22999572753906,169.00999450683594,0.0,7313000
2024-10-23,160.47752380371094,166.60000610351562,0.0,172.63999938964844,164.3000030517578,169.33999633789062,0.0,9788200
2024-10-24,161.92237854003906,168.10000610351562,0.0,168.94000244140625,165.52999877929688,166.61000061035156,0.0,4933400
2024-10-25,164.0126190185547,170.27000427246094,0.0,173.17999267578125,169.80999755859375,170.27999877929688,0.0,5496600
2024-10-28,165.89097595214844,172.22000122070312,0.0,173.14999389648438,169.3699951171875,169.4199981689453,0.0,5024600
2024-10-29,169.5320587158203,176.0,0.0,176.57000732421875,171.25999450683594,172.1999969482422,0.0,6427700
2024-10-30,161.45999145507812,167.6199951171875,0.0,171.74000549316406,167.52999877929688,169.9199981689453,0.0,8819700
2024-10-31,156.78826904296875,162.77000427246094,0.0,167.77999877929688,162.0800018310547,167.6199951171875,0.0,10261200
2024-11-01,159.19638061523438,165.27000427246094,0.0,166.0800018310547,162.77000427246094,163.0800018310547,0.0,6498100
2024-11-04,159.1096954345703,165.17999267578125,0.0,167.5,163.63999938964844,165.05999755859375,0.0,4949800
2024-11-05,159.81285095214844,165.91000366210938,0.0,167.58999633789062,164.25,165.0,0.0,5373200
2024-11-06,166.63265991210938,172.99000549316406,0.0,178.4499969482422,168.6699981689453,169.25,0.0,17661900
2024-11-07,166.55560302734375,172.91000366210938,0.0,182.10000610351562,171.6300048828125,180.27000427246094,0.0,23586300
2024-11-08,164.6291046142578,170.91000366210938,0.0,173.49000549316406,168.75,172.08999633789062,0.0,10736600
2024-11-11,162.10536193847656,168.2899932861328,0.0,170.7899932861328,166.08999633789062,170.0,0.0,7829500
2024-11-12,157.40475463867188,163.41000366210938,0.0,167.3300018310547,161.86000061035156,167.0500030517578,0.0,8483300
2024-11-13,154.52462768554688,160.4199981689453,0.0,162.94000244140625,159.75,162.7899932861328,0.0,7921700
2024-11-14,157.9441680908203,163.97000122070312,0.0,164.91000366210938,161.8699951171875,162.9499969482422,0.0,7012600
2024-11-15,154.60166931152344,160.5,0.0,164.3300018310547,159.60000610351562,163.0,0.0,9737000
2024-11-18,158.4546661376953,164.5,0.0,165.13999938964844,162.0,162.60000610351562,0.0,7814200
2024-11-19,158.65696716308594,164.7100067138672,0.0,166.22999572753906,162.64999389648438,164.02999877929688,0.0,6176800
2024-11-20,148.60061645507812,154.27000427246094,0.0,164.1999969482422,152.9499969482422,164.0,0.0,14483000
2024-11-21,149.7469024658203,155.4600067138672,0.0,156.94000244140625,153.58999633789062,155.16000366210938,0.0,10685800
2024-11-22,151.0279998779297,156.7899932861328,0.0,156.8800048828125,153.72999572753906,154.7899932861328,0.0,5709300
2024-11-25,152.98342895507812,158.82000732421875,0.0,159.64999389648438,157.22000122070312,158.94000244140625,0.0,9189800
2024-11-26,151.16285705566406,156.92999267578125,0.0,161.47000122070312,156.08999633789062,159.75,0.0,9489900
2024-11-27,150.65232849121094,156.39999389648438,0.0,157.64999389648438,154.4600067138672,156.92999267578125,0.0,6337900
2024-11-29,152.7040557861328,158.52999877929688,0.0,161.52000427246094,157.75,158.11000061035156,0.0,6112000
2024-12-02,157.0386962890625,163.02999877929688,0.0,163.3699951171875,158.3800048828125,158.3800048828125,0.0,9812700
2024-12-03,156.60523986816406,162.5800018310547,0.0,163.86000061035156,161.32000732421875,161.5,0.0,6961400
2024-12-04,157.33729553222656,163.33999633789062,0.0,165.0,162.24000549316406,164.47999572753906,0.0,6721600
2024-12-05,155.30389404296875,160.38999938964844,0.85,164.4499969482422,159.92999267578125,162.58999633789062,0.0,7279800
2024-12-06,154.45179748535156,159.50999450683594,0.0,160.38999938964844,157.24000549316406,160.38999938964844,0.0,9918400
2024-12-09,155.64280700683594,160.74000549316406,0.0,162.92999267578125,157.47000122070312,157.47999572753906,0.0,9481200
2024-12-10,151.4984893798828,156.4600067138672,0.0,161.49000549316406,156.0399932861328,160.77000427246094,0.0,8683600
2024-12-11,154.7616424560547,159.8300018310547,0.0,160.4600067138672,156.97000122070312,157.2899932861328,0.0,7081800
2024-12-12,153.22207641601562,158.24000549316406,0.0,159.4600067138672,156.9199981689453,158.6699981689453,0.0,5796100
2024-12-13,153.5028533935547,158.52999877929688,0.0,159.67999267578125,156.6199951171875,158.24000549316406,0.0,8886700
2024-12-16,152.88316345214844,157.88999938964844,0.0,158.7100067138672,154.02000427246094,158.16000366210938,0.0,9951100
2024-12-17,152.91220092773438,157.9199981689453,0.0,159.97999572753906,156.49000549316406,156.49000549316406,0.0,7187400
2024-12-18,148.19667053222656,153.0500030517578,0.0,161.16000366210938,152.32000732421875,158.25,0.0,10295200
2024-12-19,145.6306915283203,150.39999389648438,0.0,155.47000122070312,150.05999755859375,154.02999877929688,0.0,8414800
2024-12-20,148.04173278808594,152.88999938964844,0.0,154.57000732421875,149.42999267578125,149.5800018310547,0.0,17347100
2024-12-23,153.22207641601562,158.24000549316406,0.0,158.69000244140625,154.5500030517578,155.66000366210938,0.0,8863200
2024-12-24,154.3065643310547,159.36000061035156,0.0,159.39999389648438,157.5399932861328,158.63999938964844,0.0,2839600
2024-12-26,153.5028533935547,158.52999877929688,0.0,159.55999755859375,157.35000610351562,157.39999389648438,0.0,3846900
2024-12-27,152.25379943847656,157.24000549316406,0.0,157.75,155.52000427246094,157.19000244140625,0.0,7232500
2024-12-30,149.6781463623047,154.5800018310547,0.0,156.1300048828125,153.8000030517578,155.22999572753906,0.0,5356000
2024-12-31,148.7485809326172,153.6199951171875,0.0,155.83999633789062,153.2100067138672,154.72000122070312,0.0,4423300
2025-01-02,148.7679443359375,153.63999938964844,0.0,157.50999450683594,152.7899932861328,155.00999450683594,0.0,5009100
2025-01-03,152.8250732421875,157.8300018310547,0.0,158.44000244140625,154.49000549316406,155.4199981689453,0.0,5885800
2025-01-06,154.78102111816406,159.85000610351562,0.0,165.6699981689453,159.3300018310547,159.3300018310547,0.0,9599800
2025-01-07,155.42977905273438,160.52000427246094,0.0,163.4499969482422,159.25,162.0,0.0,7666000
2025-01-08,154.03543090820312,159.0800018310547,0.0,160.19000244140625,156.94000244140625,160.0500030517578,0.0,7731900
2025-01-10,152.00204467773438,156.97999572753906,0.0,158.27999877929688,155.5500030517578,157.6999969482422,0.0,6236800
2025-01-13,152.1472625732422,157.1300048828125,0.0,157.3699951171875,154.8000030517578,155.22000122070312,0.0,5714700
2025-01-14,154.47117614746094,159.52999877929688,0.0,161.00999450683594,156.55999755859375,160.13999938964844,0.0,6476500
2025-01-15,159.1964111328125,164.41000366210938,0.0,165.4499969482422,162.08999633789062,162.10000610351562,0.0,9284000
2025-01-16,156.3109130859375,161.42999267578125,0.0,165.83999633789062,161.27999877929688,165.35000610351562,0.0,7188900
2025-01-17,159.34164428710938,164.55999755859375,0.0,165.61000061035156,163.10000610351562,165.3800048828125,0.0,8097500
2025-01-21,161.96572875976562,167.27000427246094,0.0,168.67999267578125,165.35000610351562,166.0,0.0,7380500
2025-01-22,164.84153747558594,170.24000549316406,0.0,172.08999633789062,168.19000244140625,168.32000732421875,0.0,7281700
2025-01-23,168.8308868408203,174.36000061035156,0.0,174.3800048828125,169.3800048828125,170.3800048828125,0.0,7172300
2025-01-24,166.65223693847656,172.11000061035156,0.0,175.1999969482422,171.94000244140625,175.10000610351562,0.0,5825800
2025-01-27,165.7517547607422,171.17999267578125,0.0,172.1999969482422,167.27999877929688,172.10000610351562,0.0,15632600
2025-01-28,166.1099853515625,171.5500030517578,0.0,173.49000549316406,169.80999755859375,170.22000122070312,0.0,8720200
2025-01-29,166.2649383544922,171.7100067138672,0.0,173.49000549316406,170.22000122070312,171.5500030517578,0.0,5118900
2025-01-30,166.4779510498047,171.92999267578125,0.0,173.5399932861328,170.97000122070312,172.33999633789062,0.0,6010600
2025-01-31,167.44622802734375,172.92999267578125,0.0,176.7899932861328,172.2899932861328,172.50999450683594,0.0,7800500
2025-02-03,164.84153747558594,170.24000549316406,0.0,172.5800018310547,168.05999755859375,168.8800048828125,0.0,7447100
2025-02-04,167.55274963378906,173.0399932861328,0.0,173.7899932861328,168.5,168.5,0.0,5457900
2025-02-05,170.2833251953125,175.86000061035156,0.0,177.0,169.89999389648438,173.0,0.0,15197800
2025-02-06,163.95071411132812,169.32000732421875,0.0,169.49000549316406,165.39999389648438,167.83999633789062,0.0,16293500
2025-02-07,162.6338348388672,167.9600067138672,0.0,171.3000030517578,166.05999755859375,169.8300018310547,0.0,7841700
2025-02-10,165.92604064941406,171.36000061035156,0.0,171.8000030517578,169.0,169.72999572753906,0.0,6237700
2025-02-11,166.53607177734375,171.99000549316406,0.0,172.6999969482422,169.11000061035156,169.64999389648438,0.0,6588100
2025-02-12,164.8899383544922,170.2899932861328,0.0,170.92999267578125,168.24000549316406,169.5500030517578,0.0,5505700
2025-02-13,166.69097900390625,172.14999389648438,0.0,172.36000061035156,169.47000122070312,170.19000244140625,0.0,6362200
2025-02-14,166.7684326171875,172.22999572753906,0.0,172.82000732421875,171.0399932861328,172.60000610351562,0.0,4691300
2025-02-18,168.1337127685547,173.63999938964844,0.0,173.72000122070312,171.24000549316406,173.25999450683594,0.0,7292600
2025-02-19,169.6636199951172,175.22000122070312,0.0,176.5,173.35000610351562,173.99000549316406,0.0,6849600
2025-02-20,168.1918182373047,173.6999969482422,0.0,176.38999938964844,172.89999389648438,176.0,0.0,6316400
2025-02-21,160.18405151367188,165.42999267578125,0.0,175.42999267578125,165.2100067138672,174.97999572753906,0.0,12531900
2025-02-24,155.99139404296875,161.10000610351562,0.0,166.58999633789062,160.99000549316406,165.91000366210938,0.0,9827800
2025-02-25,156.10755920410156,161.22000122070312,0.0,163.3300018310547,159.44000244140625,161.66000366210938,0.0,8244900
2025-02-26,156.9596710205078,162.10000610351562,0.0,164.13999938964844,160.92999267578125,161.8300018310547,0.0,9161900
2025-02-27,149.54258728027344,154.44000244140625,0.0,163.25,154.10000610351562,162.33999633789062,0.0,10807200
2025-02-28,152.1859893798828,157.1699981689453,0.0,157.30999755859375,153.39999389648438,155.10000610351562,0.0,10149500
2025-03-03,148.7485809326172,153.6199951171875,0.0,160.0800018310547,152.52000427246094,158.99000549316406,0.0,9601900
2025-03-04,149.56195068359375,154.4600067138672,0.0,157.1999969482422,151.35000610351562,155.27000427246094,0.0,8956800
2025-03-05,153.4641571044922,158.49000549316406,0.0,159.14999389648438,153.02999877929688,155.0399932861328,0.0,6786900
2025-03-06,151.90652465820312,156.0399932861328,0.85,157.8800048828125,154.08999633789062,154.11000061035156,0.0,7808100
2025-03-07,156.9492950439453,161.22000122070312,0.0,161.82000732421875,155.22000122070312,155.22000122070312,0.0,8727600
2025-03-10,150.87460327148438,154.97999572753906,0.0,159.25999450683594,152.61000061035156,157.35000610351562,0.0,10139900
2025-03-11,149.04441833496094,153.10000610351562,0.0,156.22999572753906,150.86000061035156,154.85000610351562,0.0,8692900
2025-03-12,148.75238037109375,152.8000030517578,0.0,155.86000061035156,151.9199981689453,154.2100067138672,0.0,7117400
2025-03-13,147.91513061523438,151.94000244140625,0.0,155.6300048828125,150.4199981689453,152.60000610351562,0.0,5861700
2025-03-14,152.43222045898438,156.5800018310547,0.0,156.9499969482422,153.5399932861328,153.55999755859375,0.0,5309400
2025-03-17,153.7659149169922,157.9499969482422,0.0,158.72000122070312,155.44000244140625,155.60000610351562,0.0,5781000
2025-03-18,152.14990234375,156.2899932861328,0.0,159.72999572753906,155.9199981689453,157.9499969482422,0.0,6898400
2025-03-19,154.0677032470703,158.25999450683594,0.0,160.50999450683594,155.05999755859375,156.42999267578125,0.0,5871000
2025-03-20,153.7659149169922,157.9499969482422,0.0,159.1199951171875,156.52000427246094,158.0,0.0,5089300
2025-03-21,152.66587829589844,156.82000732421875,0.0,157.4199981689453,153.55999755859375,154.97999572753906,0.0,10949300
2025-03-24,155.8395233154297,160.0800018310547,0.0,161.0,158.8000030517578,160.0,0.0,6033400
2025-03-25,155.9076385498047,160.14999389648438,0.0,161.47000122070312,159.4199981689453,159.8800048828125,0.0,3978200
2025-03-26,154.1942596435547,158.38999938964844,0.0,160.80999755859375,156.85000610351562,159.4499969482422,0.0,5960300
2025-03-27,153.785400390625,157.97000122070312,0.0,159.25,155.75,158.2100067138672,0.0,6102000
2025-03-28,148.6744842529297,152.72000122070312,0.0,157.63999938964844,151.55999755859375,156.9199981689453,0.0,8918000
2025-03-31,149.54090881347656,153.61000061035156,0.0,153.85000610351562,147.8800048828125,150.80999755859375,0.0,8613600
2025-04-01,148.99574279785156,153.0500030517578,0.0,153.32000732421875,150.25999450683594,152.38999938964844,0.0,5708900
2025-04-02,149.9984588623047,154.0800018310547,0.0,155.4600067138672,150.3699951171875,150.7899932861328,0.0,5377200
2025-04-03,135.726806640625,139.4199981689453,0.0,147.39999389648438,138.55999755859375,147.0,0.0,16465000
2025-04-04,124.08361053466797,127.45999908447266,0.0,135.86000061035156,126.68000030517578,134.33999633789062,0.0,19018600
2025-04-07,126.28373718261719,129.72000122070312,0.0,137.1999969482422,120.80000305175781,124.58999633789062,0.0,17938300
2025-04-08,121.35778045654297,124.66000366210938,0.0,135.2899932861328,121.73999786376953,131.1300048828125,0.0,14965900
2025-04-09,139.7863311767578,143.58999633789062,0.0,144.86000061035156,124.19000244140625,125.16000366210938,0.0,21242600
2025-04-10,130.83975219726562,134.39999389648438,0.0,139.05999755859375,129.2899932861328,137.00999450683594,0.0,14898800
2025-04-11,135.561279296875,139.25,0.0,140.64999389648438,131.11000061035156,134.0,0.0,10955300
2025-04-14,135.5028839111328,139.19000244140625,0.0,143.11000061035156,136.8300018310547,142.75,0.0,6930300
2025-04-15,134.92849731445312,138.60000610351562,0.0,140.83999633789062,138.02999877929688,139.4600067138672,0.0,6346800
2025-04-16,132.144287109375,135.74000549316406,0.0,137.30999755859375,131.7899932861328,133.67999267578125,0.0,10417200
2025-04-17,133.0399169921875,136.66000366210938,0.0,138.14999389648438,135.7100067138672,137.3800048828125,0.0,7135900
2025-04-21,132.53366088867188,136.13999938964844,0.0,136.5500030517578,133.36000061035156,134.72999572753906,0.0,8128300
2025-04-22,135.06480407714844,138.74000549316406,0.0,139.10000610351562,136.49000549316406,136.75,0.0,8228000
2025-04-23,136.73924255371094,140.4600067138672,0.0,143.8800048828125,139.77999877929688,142.5800018310547,0.0,9073500
2025-04-24,143.31044006347656,147.2100067138672,0.0,147.82000732421875,141.99000549316406,142.77999877929688,0.0,8810600
2025-04-25,144.6246795654297,148.55999755859375,0.0,149.1999969482422,146.0800018310547,146.0800018310547,0.0,5145600
2025-04-28,143.70956420898438,147.6199951171875,0.0,149.3000030517578,145.44000244140625,148.17999267578125,0.0,5743500
2025-04-29,142.9891815185547,146.8800048828125,0.0,148.25999450683594,145.52000427246094,146.66000366210938,0.0,6692000
2025-04-30,144.52731323242188,148.4600067138672,0.0,148.85000610351562,143.8800048828125,145.1999969482422,0.0,10851900
2025-05-01,131.62831115722656,135.2100067138672,0.0,138.9600067138672,134.8699951171875,138.7899932861328,0.0,22836600
2025-05-02,136.1064453125,139.80999755859375,0.0,141.41000366210938,137.2899932861328,137.85000610351562,0.0,13185600
2025-05-05,135.7462615966797,139.44000244140625,0.0,140.77000427246094,138.2899932861328,138.3000030517578,0.0,7165300
2025-05-06,136.19407653808594,139.89999389648438,0.0,140.8000030517578,137.4600067138672,137.82000732421875,0.0,6957900
2025-05-07,140.47750854492188,144.3000030517578,0.0,144.6999969482422,140.25,140.3800048828125,0.0,10196400
2025-05-08,141.25634765625,145.10000610351562,0.0,147.5,143.88999938964844,145.63999938964844,0.0,8489100
2025-05-09,141.33419799804688,145.17999267578125,0.0,146.97999572753906,144.60000610351562,145.66000366210938,0.0,6217100
2025-05-12,148.09036254882812,152.1199951171875,0.0,154.36000061035156,149.8300018310547,154.0800018310547,0.0,11414600
2025-05-13,147.33102416992188,151.33999633789062,0.0,153.2899932861328,150.9600067138672,152.00999450683594,0.0,10160900
2025-05-14,148.9275665283203,152.97999572753906,0.0,153.27000427246094,150.42999267578125,151.92999267578125,0.0,6971200
2025-05-15,148.5673828125,152.61000061035156,0.0,153.38999938964844,150.17999267578125,151.7100067138672,0.0,6941200
2025-05-16,148.46031188964844,152.5,0.0,153.05999755859375,151.3000030517578,152.8699951171875,0.0,6668000
2025-05-19,149.62850952148438,153.6999969482422,0.0,153.82000732421875,150.11000061035156,150.5500030517578,0.0,7241100
2025-05-20,149.74534606933594,153.82000732421875,0.0,153.88999938964844,151.92999267578125,153.0399932861328,0.0,5269500
2025-05-21,147.3018341064453,151.30999755859375,0.0,156.1300048828125,150.8300018310547,153.5800018310547,0.0,9684500
2025-05-22,143.46620178222656,147.3699951171875,0.0,151.5800018310547,147.22000122070312,151.38999938964844,0.0,9539100
2025-05-23,141.52891540527344,145.3800048828125,0.0,146.49000549316406,141.77000427246094,143.4199981689453,0.0,8994600
2025-05-27,144.6928253173828,148.6300048828125,0.0,149.35000610351562,146.42999267578125,147.5500030517578,0.0,9788800
2025-05-28,143.69012451171875,147.60000610351562,0.0,149.49000549316406,147.36000061035156,148.82000732421875,0.0,7032300
2025-05-29,144.41050720214844,148.33999633789062,0.0,150.5,147.24000549316406,149.86000061035156,0.0,5980700
2025-05-30,141.35366821289062,145.1999969482422,0.0,148.02000427246094,143.47999572753906,148.0,0.0,13755600
2025-06-02,142.7458038330078,146.6300048828125,0.0,147.2100067138672,144.47999572753906,144.8000030517578,0.0,6419500
2025-06-03,144.99461364746094,148.94000244140625,0.0,149.77999877929688,145.50999450683594,146.7100067138672,0.0,6164100
2025-06-04,145.1016845703125,149.0500030517578,0.0,150.0500030517578,147.3800048828125,150.0,0.0,7143800
2025-06-05,144.51406860351562,147.55999755859375,0.89,150.0800018310547,147.0,148.8000030517578,0.0,5605500
2025-06-06,146.15940856933594,149.24000549316406,0.0,150.58999633789062,149.0500030517578,149.8000030517578,0.0,5794700
2025-06-09,152.20204162597656,155.41000366210938,0.0,156.1199951171875,151.1699981689453,151.80999755859375,0.0,10589400
2025-06-10,155.84524536132812,159.1300048828125,0.0,159.50999450683594,155.07000732421875,156.19000244140625,0.0,9068400
2025-06-11,156.18801879882812,159.47999572753906,0.0,162.13999938964844,157.6999969482422,160.0,0.0,8859900
2025-06-12,155.4241180419922,158.6999969482422,0.0,159.61000061035156,157.9499969482422,159.0,0.0,5689400
2025-06-13,151.5262908935547,154.72000122070312,0.0,157.1699981689453,154.44000244140625,156.33999633789062,0.0,8446400
2025-06-16,153.63189697265625,156.8699951171875,0.0,158.4499969482422,155.63999938964844,157.02999877929688,0.0,8686300
2025-06-17,151.2716522216797,154.4600067138672,0.0,157.5800018310547,154.38999938964844,156.64999389648438,0.0,7146900
2025-06-18,150.45877075195312,153.6300048828125,0.0,156.10000610351562,153.14999389648438,155.0,0.0,6708700
2025-06-20,148.19647216796875,151.32000732421875,0.0,155.1199951171875,150.6300048828125,154.22999572753906,0.0,15501900
2025-06-23,149.9788818359375,153.13999938964844,0.0,153.52000427246094,149.67999267578125,151.22999572753906,0.0,6860700
2025-06-24,152.495849609375,155.7100067138672,0.0,156.3000030517578,154.14999389648438,154.72999572753906,0.0,7692700
2025-06-25,152.71128845214844,155.92999267578125,0.0,156.52999877929688,154.58999633789062,156.10000610351562,0.0,5280100
2025-06-26,154.92465209960938,158.19000244140625,0.0,158.4199981689453,155.91000366210938,156.5,0.0,6278200
2025-06-27,155.26742553710938,158.5399932861328,0.0,161.10000610351562,157.57000732421875,158.64999389648438,0.0,22100300
2025-06-30,155.97254943847656,159.25999450683594,0.0,159.86000061035156,157.8000030517578,158.38999938964844,0.0,7988200
2025-07-01,156.10968017578125,159.39999389648438,0.0,161.64999389648438,157.97999572753906,158.22000122070312,0.0,8942300
2025-07-02,158.9694061279297,162.32000732421875,0.0,162.7899932861328,158.8000030517578,159.67999267578125,0.0,8916400
2025-07-03,158.86166381835938,162.2100067138672,0.0,163.9600067138672,162.08999633789062,163.0399932861328,0.0,4280800
2025-07-07,154.8267059326172,158.08999633789062,0.0,161.49000549316406,157.57000732421875,161.11000061035156,0.0,7187400
2025-07-08,156.15863037109375,159.4499969482422,0.0,161.8300018310547,158.61000061035156,159.47000122070312,0.0,6879100
2025-07-09,156.0607147216797,159.35000610351562,0.0,161.47999572753906,158.25,159.39999389648438,0.0,4190100
2025-07-10,155.8060760498047,159.08999633789062,0.0,160.2899932861328,157.7899932861328,158.99000549316406,0.0,5674400
2025-07-11,154.209716796875,157.4600067138672,0.0,159.1699981689453,157.14999389648438,159.0,0.0,5907700
2025-07-14,151.10513305664062,154.2899932861328,0.0,156.5,153.47999572753906,156.4199981689453,0.0,7382600
2025-07-15,151.1149444580078,154.3000030517578,0.0,156.7100067138672,154.1199951171875,156.2899932861328,0.0,6467300
2025-07-16,150.8896942138672,154.07000732421875,0.0,154.5,151.5399932861328,154.3000030517578,0.0,7106700
2025-07-17,149.4598388671875,152.61000061035156,0.0,153.52999877929688,151.8000030517578,153.0,0.0,7018600
2025-07-18,151.60462951660156,154.8000030517578,0.0,155.42999267578125,152.72999572753906,153.0399932861328,0.0,7433900
2025-07-21,155.6885528564453,158.97000122070312,0.0,159.92999267578125,154.91000366210938,154.9199981689453,0.0,7662300
2025-07-22,154.72877502441406,157.99000549316406,0.0,159.0399932861328,156.1699981689453,158.9600067138672,0.0,6951600
2025-07-23,156.5797576904297,159.8800048828125,0.0,160.0399932861328,156.92999267578125,158.58999633789062,0.0,7296200
2025-07-24,155.56121826171875,158.83999633789062,0.0,159.08999633789062,156.7899932861328,158.35000610351562,0.0,5014800
2025-07-25,155.13031005859375,158.39999389648438,0.0,159.1999969482422,157.41000366210938,158.89999389648438,0.0,4808200
2025-07-28,157.72561645507812,161.0500030517578,0.0,161.9600067138672,159.16000366210938,159.75999450683594,0.0,9627300
2025-07-29,158.73435974121094,162.0800018310547,0.0,163.60000610351562,161.13999938964844,162.0399932861328,0.0,9460900
2025-07-30,155.7766876220703,159.05999755859375,0.0,163.27000427246094,158.0,163.0,0.0,14382500
2025-07-31,143.7305908203125,146.75999450683594,0.0,156.8000030517578,145.5800018310547,153.11000061035156,0.0,24440100
2025-08-01,145.1310577392578,148.19000244140625,0.0,149.1699981689453,145.7899932861328,146.4600067138672,0.0,12706700
2025-08-04,144.46511840820312,147.50999450683594,0.0,150.7899932861328,147.07000732421875,148.50999450683594,0.0,8150200
2025-08-05,143.68161010742188,146.7100067138672,0.0,148.64999389648438,145.6699981689453,148.52000427246094,0.0,7794500
2025-08-06,142.82957458496094,145.83999633789062,0.0,146.7100067138672,144.11000061035156,146.64999389648438,0.0,8475700
2025-08-07,142.88832092285156,145.89999389648438,0.0,148.32000732421875,144.80999755859375,148.32000732421875,0.0,6753500
2025-08-08,144.51406860351562,147.55999755859375,0.0,148.02000427246094,145.69000244140625,146.35000610351562,0.0,5028700
2025-08-11,144.91561889648438,147.97000122070312,0.0,151.05999755859375,147.7100067138672,148.57000732421875,0.0,6215900
2025-08-12,150.5567169189453,153.72999572753906,0.0,153.89999389648438,148.57000732421875,148.7899932861328,0.0,9304100
2025-08-13,153.35768127441406,156.58999633789062,0.0,157.11000061035156,153.6300048828125,153.97000122070312,0.0,7103300
2025-08-14,154.8267059326172,158.08999633789062,0.0,158.64999389648438,154.89999389648438,154.89999389648438,0.0,6294800
2025-08-15,154.5916748046875,157.85000610351562,0.0,159.25999450683594,156.69000244140625,158.0399932861328,0.0,7583700
2025-08-18,155.61997985839844,158.89999389648438,0.0,159.75,157.24000549316406,157.77999877929688,0.0,4774400
2025-08-19,153.02468872070312,156.25,0.0,159.42999267578125,156.0500030517578,159.07000732421875,0.0,6396500
2025-08-20,152.23141479492188,155.44000244140625,0.0,156.63999938964844,153.4600067138672,156.38999938964844,0.0,7151700
2025-08-21,150.94845581054688,154.1300048828125,0.0,155.1999969482422,153.0500030517578,154.82000732421875,0.0,4997300
2025-08-22,154.74835205078125,158.00999450683594,0.0,159.88999938964844,154.55999755859375,154.8300018310547,0.0,7711500
2025-08-25,153.191162109375,156.4199981689453,0.0,158.0500030517578,155.39999389648438,157.61000061035156,0.0,4653000
2025-08-26,155.88442993164062,159.1699981689453,0.0,159.9600067138672,157.41000366210938,157.66000366210938,0.0,9173000
2025-08-27,156.47203063964844,159.77000427246094,0.0,159.97000122070312,157.8000030517578,158.36000061035156,0.0,4549900
2025-08-28,157.48077392578125,160.8000030517578,0.0,161.22000122070312,159.02999877929688,159.91000366210938,0.0,8156300
2025-08-29,157.4122314453125,160.72999572753906,0.0,161.60000610351562,159.39999389648438,159.52999877929688,0.0,9949100
2025-09-02,155.50247192382812,158.77999877929688,0.0,158.94000244140625,154.60000610351562,157.82000732421875,0.0,7520300
2025-09-03,154.03343200683594,157.27999877929688,0.0,159.57000732421875,156.05999755859375,159.39999389648438,0.0,6336400
2025-09-04,157.30340576171875,159.7100067138672,0.89,159.86000061035156,154.47000122070312,156.1999969482422,0.0,7781200
2025-09-05,157.4314422607422,159.83999633789062,0.0,163.49000549316406,159.14999389648438,160.0800018310547,0.0,7954200
2025-09-08,157.82542419433594,160.24000549316406,0.0,160.2899932861328,158.00999450683594,160.2899932861328,0.0,7019700
2025-09-09,156.26922607421875,158.66000366210938,0.0,161.60000610351562,157.57000732421875,160.3699951171875,0.0,6126000
2025-09-10,156.5548553466797,158.9499969482422,0.0,159.2100067138672,156.61000061035156,158.6199951171875,0.0,8256900
2025-09-11,159.07627868652344,161.50999450683594,0.0,162.07000732421875,157.9600067138672,159.19000244140625,0.0,8360200
2025-09-12,159.39146423339844,161.8300018310547,0.0,162.3300018310547,159.5800018310547,161.3300018310547,0.0,5430600
2025-09-15,158.7906494140625,161.22000122070312,0.0,162.67999267578125,160.2100067138672,161.39999389648438,0.0,5604800
2025-09-16,161.66664123535156,164.13999938964844,0.0,165.0,161.5,161.82000732421875,0.0,7997500
2025-09-17,162.76976013183594,165.25999450683594,0.0,166.3699951171875,163.22999572753906,164.67999267578125,0.0,6057800
2025-09-18,165.59654235839844,168.1300048828125,0.0,168.86000061035156,166.22999572753906,166.8800048828125,0.0,10421200
2025-09-19,164.33583068847656,166.85000610351562,0.0,169.5800018310547,166.2899932861328,169.1699981689453,0.0,19444400
2025-09-22,167.16256713867188,169.72000122070312,0.0,170.22000122070312,165.9199981689453,166.85000610351562,0.0,6196600
2025-09-23,166.97543334960938,169.52999877929688,0.0,170.85000610351562,168.3000030517578,169.82000732421875,0.0,5468400
2025-09-24,170.93484497070312,173.5500030517578,0.0,174.44000244140625,168.6699981689453,169.0500030517578,0.0,9213700
2025-09-25,167.1231689453125,169.67999267578125,0.0,171.97000122070312,167.94000244140625,171.2100067138672,0.0,8093700
2025-09-26,166.650390625,169.1999969482422,0.0,170.92999267578125,168.1300048828125,169.67999267578125,0.0,4846000
2025-09-29,162.80917358398438,165.3000030517578,0.0,169.83999633789062,164.75999450683594,169.1999969482422,0.0,7523100
2025-09-30,163.85321044921875,166.36000061035156,0.0,166.83999633789062,164.8800048828125,165.63999938964844,0.0,5593300
2025-10-01,163.98126220703125,166.49000549316406,0.0,166.77000427246094,164.49000549316406,165.8000030517578,0.0,6153000
2025-10-02,166.30567932128906,168.85000610351562,0.0,169.5399932861328,167.17999267578125,167.75,0.0,5499500
2025-10-03,166.6306915283203,169.17999267578125,0.0,171.75,168.74000549316406,168.85000610351562,0.0,5137900
2025-10-06,166.0791473388672,168.6199951171875,0.0,170.8800048828125,167.72000122070312,170.5399932861328,0.0,8265800
2025-10-07,162.96676635742188,165.4600067138672,0.0,171.97999572753906,165.13999938964844,169.89999389648438,0.0,7147500
2025-10-08,165.241943359375,167.77000427246094,0.0,168.5500030517578,163.88999938964844,166.24000549316406,0.0,7302200
2025-10-09,163.1637420654297,165.66000366210938,0.0,167.61000061035156,163.22999572753906,167.3699951171875,0.0,6928400
2025-10-10,151.27561950683594,153.58999633789062,0.0,165.08999633789062,153.35000610351562,164.82000732421875,0.0,15818600
2025-10-13,159.3422088623047,161.77999877929688,0.0,162.38999938964844,155.77999877929688,155.9499969482422,0.0,10311000
2025-10-14,159.30282592773438,161.74000549316406,0.0,164.27000427246094,159.25999450683594,159.3000030517578,0.0,8675200
2025-10-15,160.5142822265625,162.97000122070312,0.0,164.24000549316406,160.30999755859375,164.24000549316406,0.0,7334100
2025-10-16,161.6075439453125,164.0800018310547,0.0,165.19000244140625,162.2100067138672,164.49000549316406,0.0,5686700
2025-10-17,160.98703002929688,163.4499969482422,0.0,163.7899932861328,161.6699981689453,162.86000061035156,0.0,4833100
2025-10-20,164.52293395996094,167.0399932861328,0.0,167.64999389648438,162.05999755859375,163.33999633789062,0.0,8194100
2025-10-21,166.28598022460938,168.8300018310547,0.0,169.24000549316406,166.1999969482422,166.8000030517578,0.0,6176100
2025-10-22,166.71934509277344,169.27000427246094,0.0,169.77999877929688,166.02000427246094,167.49000549316406,0.0,10083800
2025-10-23,167.4678955078125,170.02999877929688,0.0,171.25,167.8800048828125,168.3300018310547,0.0,6546400
2025-10-24,166.39431762695312,168.94000244140625,0.0,172.4199981689453,168.47000122070312,171.69000244140625,0.0,6256000
2025-10-27,184.85194396972656,187.67999267578125,0.0,205.9499969482422,168.82000732421875,168.9499969482422,0.0,81799300
2025-10-28,178.30213928222656,181.02999877929688,0.0,185.91000366210938,179.41000366210938,183.92999267578125,0.0,20323100
2025-10-29,175.9777069091797,178.6699981689453,0.0,183.49000549316406,178.1999969482422,182.0,0.0,11614600
2025-10-30,174.5889434814453,177.25999450683594,0.0,179.8800048828125,177.19000244140625,178.67999267578125,0.0,7862900
2025-10-31,178.17410278320312,180.89999389648438,0.0,182.14999389648438,176.8300018310547,178.52000427246094,0.0,9452800
2025-11-03,177.996826171875,180.72000122070312,0.0,183.4499969482422,179.08999633789062,182.9499969482422,0.0,8535100
2025-11-04,170.2355499267578,172.83999633789062,0.0,179.33999633789062,172.2899932861328,177.47999572753906,0.0,12323600
2025-11-05,177.0118865966797,179.72000122070312,0.0,183.42999267578125,174.32000732421875,174.75999450683594,0.0,18845500
2025-11-06,170.5901336669922,173.1999969482422,0.0,178.50999450683594,170.05999755859375,177.8000030517578,0.0,16184700
2025-11-07,168.31495666503906,170.88999938964844,0.0,174.25,168.25,172.72999572753906,0.0,10614700
2025-11-10,168.9846954345703,171.57000732421875,0.0,174.8000030517578,169.5,173.75999450683594,0.0,10129300
2025-11-11,171.35836791992188,173.97999572753906,0.0,175.97999572753906,171.0,171.0,0.0,8419100
2025-11-12,174.00784301757812,176.6699981689453,0.0,177.4199981689453,174.8800048828125,175.0,0.0,8785800
2025-11-13,171.87054443359375,174.5,0.0,178.8300018310547,173.02999877929688,176.6300048828125,0.0,9526100
2025-11-14,171.35836791992188,173.97999572753906,0.0,175.69000244140625,171.39999389648438,171.77999877929688,0.0,7949900
2025-11-17,164.23733520507812,166.75,0.0,174.83999633789062,165.1699981689453,172.8000030517578,0.0,10211100
2025-11-18,162.57278442382812,165.05999755859375,0.0,166.7899932861328,161.38999938964844,164.88999938964844,0.0,11073200
2025-11-19,163.60696411132812,166.11000061035156,0.0,167.50999450683594,164.11000061035156,164.69000244140625,0.0,8176500
2025-11-20,157.18521118164062,159.58999633789062,0.0,168.8800048828125,158.85000610351562,167.1300048828125,0.0,12075400
2025-11-21,160.8393096923828,163.3000030517578,0.0,165.27000427246094,159.10000610351562,160.75,0.0,10815000
2025-11-24,162.57278442382812,165.05999755859375,0.0,166.94000244140625,163.72000122070312,164.3699951171875,0.0,12070100
2025-11-25,160.8393096923828,163.3000030517578,0.0,164.97000122070312,161.8699951171875,163.99000549316406,0.0,7758100
2025-11-26,162.6515655517578,165.13999938964844,0.0,166.25,163.14999389648438,164.1199951171875,0.0,7967700
2025-11-28,165.55711364746094,168.08999633789062,0.0,168.19000244140625,164.1300048828125,165.02999877929688,0.0,5068800
2025-12-01,165.50787353515625,168.0399932861328,0.0,169.02999877929688,165.5,165.91000366210938,0.0,6818300
2025-12-02,168.1278076171875,170.6999969482422,0.0,171.1699981689453,167.63999938964844,168.75,0.0,9159100
2025-12-03,172.4319610595703,175.07000732421875,0.0,175.08999633789062,170.35000610351562,170.89999389648438,0.0,7624300
2025-12-04,172.60025024414062,174.35000610351562,0.89,174.92999267578125,173.22999572753906,174.3300018310547,0.0,7245000
2025-12-05,173.0556182861328,174.80999755859375,0.0,177.25,174.5,174.74000549316406,0.0,8400100
2025-12-08,173.55059814453125,175.30999755859375,0.0,175.5,173.72000122070312,174.74000549316406,0.0,6690200
2025-12-09,174.2336883544922,176.0,0.0,176.35000610351562,172.32000732421875,174.5,0.0,7719100
2025-12-10,180.38137817382812,182.2100067138672,0.0,183.44000244140625,175.25,175.80999755859375,0.0,11100100
2025-12-11,179.4508056640625,181.27000427246094,0.0,181.63999938964844,178.08999633789062,181.3699951171875,0.0,6319200
2025-12-12,176.5006866455078,178.2899932861328,0.0,183.11000061035156,177.8699951171875,181.25,0.0,8865800
2025-12-15,177.46096801757812,179.25999450683594,0.0,180.30999755859375,176.38999938964844,179.72000122070312,0.0,6954700
2025-12-16,174.35247802734375,176.1199951171875,0.0,179.19000244140625,174.80999755859375,179.19000244140625,0.0,7136000
2025-12-17,170.61041259765625,172.33999633789062,0.0,177.47999572753906,172.0500030517578,176.1199951171875,0.0,8501900
2025-12-18,172.44186401367188,174.19000244140625,0.0,177.0800018310547,173.52999877929688,175.7100067138672,0.0,8967500
2025-12-19,173.4912109375,175.25,0.0,177.19000244140625,174.1999969482422,174.44000244140625,0.0,25223500
2025-12-22,172.47154235839844,174.22000122070312,0.0,178.32000732421875,173.89999389648438,177.55999755859375,0.0,6422100
2025-12-23,172.9962158203125,174.75,0.0,175.27000427246094,173.50999450683594,173.61000061035156,0.0,4690400
2025-12-24,173.0160369873047,174.77000427246094,0.0,175.49000549316406,174.4199981689453,175.0399932861328,0.0,1645300
2025-12-26,173.0556182861328,174.80999755859375,0.0,175.5,174.35000610351562,175.0,0.0,2442800
2025-12-29,171.68946838378906,173.42999267578125,0.0,175.19000244140625,172.7899932861328,174.00999450683594,0.0,3978400
2025-12-30,171.90725708007812,173.64999389648438,0.0,174.39999389648438,173.33999633789062,174.05999755859375,0.0,3429300
2025-12-31,169.33335876464844,171.0500030517578,0.0,173.77999877929688,171.00999450683594,173.61000061035156,0.0,4682600
2026-01-02,171.24398803710938,172.97999572753906,0.0,174.67999267578125,172.1999969482422,173.8000030517578,0.0,6532200
2026-01-05,174.5405731201172,176.30999755859375,0.0,178.85000610351562,174.00999450683594,175.4600067138672,0.0,8972200
2026-01-06,180.6189422607422,182.4499969482422,0.0,184.4499969482422,176.6199951171875,177.2100067138672,0.0,11033900
2026-01-07,178.3816375732422,180.19000244140625,0.0,184.07000732421875,177.11000061035156,182.38999938964844,0.0,9853000
2026-01-08,180.04476928710938,181.8699951171875,0.0,184.30999755859375,176.1999969482422,178.8000030517578,0.0,8353500
2026-01-09,175.99581909179688,177.77999877929688,0.0,179.44000244140625,174.8000030517578,178.1199951171875,0.0,9662200
2026-01-12,167.5712432861328,169.27000427246094,0.0,175.8800048828125,169.24000549316406,175.8800048828125,0.0,13657600
2026-01-13,163.63116455078125,165.2899932861328,0.0,168.35000610351562,164.97000122070312,166.97999572753906,0.0,9993300
2026-01-14,162.88868713378906,164.5399932861328,0.0,164.74000549316406,162.35000610351562,163.69000244140625,0.0,7959900
2026-01-15,159.7703094482422,161.38999938964844,0.0,166.5,161.02999877929688,166.4499969482422,0.0,9241600
2026-01-16,157.82008361816406,159.4199981689453,0.0,161.6999969482422,159.2100067138672,161.38999938964844,0.0,11990800
2026-01-20,152.52377319335938,154.07000732421875,0.0,157.72000122070312,153.25,154.9499969482422,0.0,11971400
2026-01-21,154.80068969726562,156.3699951171875,0.0,157.52999877929688,154.6199951171875,156.3300018310547,0.0,9181900
2026-01-22,156.21633911132812,157.8000030517578,0.0,159.42999267578125,156.80999755859375,158.47000122070312,0.0,7450300
2026-01-23,154.2562255859375,155.82000732421875,0.0,157.97999572753906,154.85000610351562,157.0399932861328,0.0,7106700
2026-01-26,152.96925354003906,154.52000427246094,0.0,156.1999969482422,154.3000030517578,154.8000030517578,0.0,8004200
2026-01-27,151.5041046142578,153.0399932861328,0.0,156.74000549316406,152.66000366210938,156.3300018310547,0.0,8354600
2026-01-28,151.16751098632812,152.6999969482422,0.0,154.0,150.39999389648438,152.0,0.0,8539000
2026-01-29,150.6923370361328,152.22000122070312,0.0,153.22999572753906,149.72999572753906,153.08999633789062,0.0,9142900
2026-01-30,150.0686492919922,151.58999633789062,0.0,153.07000732421875,149.8300018310547,149.9600067138672,0.0,9577200
2026-02-02,151.08831787109375,152.6199951171875,0.0,153.63999938964844,150.82000732421875,150.97000122070312,0.0,9099100
2026-02-03,145.70291137695312,147.17999267578125,0.0,150.72000122070312,144.3000030517578,150.72000122070312,0.0,11966400
2026-02-04,147.395751953125,148.88999938964844,0.0,153.47000122070312,148.1699981689453,148.7100067138672,0.0,19249300
2026-02-05,134.93211364746094,136.3000030517578,0.0,139.3300018310547,132.72999572753906,132.9199981689453,0.0,30229600
2026-02-06,135.961669921875,137.33999633789062,0.0,139.14999389648438,135.27999877929688,136.8699951171875,0.0,15036800
2026-02-09,137.53570556640625,138.92999267578125,0.0,139.94000244140625,136.5,137.10000610351562,0.0,11022700
2026-02-10,138.68406677246094,140.08999633789062,0.0,140.41000366210938,136.7899932861328,138.14999389648438,0.0,9762900
2026-02-11,139.62452697753906,141.0399932861328,0.0,142.38999938964844,139.11000061035156,140.02999877929688,0.0,9379300
2026-02-12,137.08033752441406,138.47000122070312,0.0,141.5,136.74000549316406,140.86000061035156,0.0,12416600
2026-02-13,139.28794860839844,140.6999969482422,0.0,141.47999572753906,136.74000549316406,137.1199951171875,0.0,13134400
2026-02-17,141.19857788085938,142.6300048828125,0.0,143.5,140.00999450683594,141.0,0.0,10670700
2026-02-18,141.80245971679688,143.24000549316406,0.0,144.47999572753906,140.72000122070312,143.5,0.0,9944500
2026-02-19,139.85223388671875,141.27000427246094,0.0,142.32000732421875,139.89999389648438,141.8800048828125,0.0,8219400
2026-02-20,141.44607543945312,142.8800048828125,0.0,144.07000732421875,140.10000610351562,140.30999755859375,0.0,10265100
2026-02-23,139.00086975097656,140.41000366210938,0.0,144.05999755859375,139.63999938964844,141.97000122070312,0.0,8260100
2026-02-24,143.32701110839844,144.77999877929688,0.0,146.3699951171875,142.05999755859375,142.55999755859375,0.0,11085700
2026-02-25,144.35658264160156,145.82000732421875,0.0,146.02999877929688,144.02000427246094,145.60000610351562,0.0,7358300
2026-02-26,144.12887573242188,145.58999633789062,0.0,146.94000244140625,144.52000427246094,145.9199981689453,0.0,8642100
2026-02-27,140.93128967285156,142.36000061035156,0.0,143.91000366210938,141.35000610351562,142.86000061035156,0.0,12439900
2026-03-02,139.61463928222656,141.02999877929688,0.0,142.00999450683594,136.88999938964844,137.8300018310547,0.0,8963900
2026-03-03,136.74375915527344,138.1300048828125,0.0,139.1999969482422,136.3000030517578,138.27000427246094,0.0,10372400
2026-03-04,138.10989379882812,139.50999450683594,0.0,139.88999938964844,137.4199981689453,138.22000122070312,0.0,9309800
2026-03-05,136.49586486816406,137.0,0.89,139.66000366210938,135.8000030517578,137.58999633789062,0.0,8981000
2026-03-06,135.190673828125,135.69000244140625,0.0,137.17999267578125,133.4199981689453,134.1699981689453,0.0,9197000
2026-03-09,137.60177612304688,138.11000061035156,0.0,138.5800018310547,132.4600067138672,133.49000549316406,0.0,12304600
2026-03-10,134.70248413085938,135.1999969482422,0.0,136.75,132.16000366210938,134.6999969482422,0.0,10447300
2026-03-11,133.62644958496094,134.1199951171875,0.0,138.1999969482422,133.9600067138672,136.4499969482422,0.0,7830500
2026-03-12,130.66737365722656,131.14999389648438,0.0,134.8699951171875,130.61000061035156,133.47000122070312,0.0,9162800
2026-03-13,129.34228515625,129.82000732421875,0.0,133.4199981689453,129.22000122070312,131.14999389648438,0.0,7786700
2026-03-16,128.9138641357422,129.38999938964844,0.0,131.8699951171875,128.94000244140625,131.07000732421875,0.0,10132900
2026-03-17,131.1057586669922,131.58999633789062,0.0,134.0500030517578,131.17999267578125,133.52000427246094,0.0,10544300
2026-03-18,129.98988342285156,130.47000122070312,0.0,132.74000549316406,129.92999267578125,130.72999572753906,0.0,9894300
2026-03-19,130.79690551757812,131.27999877929688,0.0,132.67999267578125,128.89999389648438,129.13999938964844,0.0,9846700
2026-03-20,129.42198181152344,129.89999389648438,0.0,132.75,129.77999877929688,131.30999755859375,0.0,78568000
2026-03-23,127.87769317626953,128.35000610351562,0.0,133.97000122070312,127.41000366210938,133.14999389648438,0.0,11431600
2026-03-24,128.19650268554688,128.6699981689453,0.0,129.17999267578125,127.30999755859375,128.33999633789062,0.0,8409200
2026-03-25,129.87033081054688,130.35000610351562,0.0,131.92999267578125,129.9499969482422,130.16000366210938,0.0,6669400
2026-03-26,130.0596160888672,130.5399932861328,0.0,132.33999633789062,128.30999755859375,128.7899932861328,0.0,11912500
2026-03-27,126.64225006103516,127.11000061035156,0.0,130.0399932861328,126.68000030517578,129.88999938964844,0.0,8964900
2026-03-30,126.60240173339844,127.06999969482422,0.0,128.60000610351562,126.33999633789062,127.44999694824219,0.0,11555900
2026-03-31,128.3061065673828,128.77999877929688,0.0,129.2899932861328,125.77999877929688,128.39999389648438,0.0,12219800
2026-04-01,126.8116226196289,127.27999877929688,0.0,130.22999572753906,126.9800033569336,128.0,0.0,10210700
2026-04-02,126.3333969116211,126.80000305175781,0.0,127.0,124.01000213623047,125.2300033569336,0.0,8575300
2026-04-06,125.267333984375,125.7300033569336,0.0,127.43000030517578,123.70999908447266,126.55999755859375,0.0,8038600
2026-04-07,123.61344146728516,124.06999969482422,0.0,125.41000366210938,121.98999786376953,125.06999969482422,0.0,8840400
2026-04-08,127.04077911376953,127.51000213623047,0.0,128.88999938964844,125.62000274658203,128.64999389648438,0.0,12535800
2026-04-09,127.27989959716797,127.75,0.0,128.58999633789062,126.80000305175781,127.26000213623047,0.0,9352700
2026-04-10,127.58875274658203,128.05999755859375,0.0,130.61000061035156,127.8499984741211,128.8000030517578,0.0,8427400
2026-04-13,130.75706481933594,131.24000549316406,0.0,131.30999755859375,126.45999908447266,128.0,0.0,8615000
2026-04-14,132.35116577148438,132.83999633789062,0.0,132.94000244140625,131.0500030517578,132.1999969482422,0.0,7608300
2026-04-15,132.56039428710938,133.0500030517578,0.0,134.33999633789062,132.27999877929688,133.44000244140625,0.0,9691500
2026-04-16,133.9751739501953,134.47000122070312,0.0,135.6999969482422,131.7899932861328,131.7899932861328,0.0,8163700
2026-04-17,135.69879150390625,136.1999969482422,0.0,136.97000122070312,134.41000366210938,136.69000244140625,0.0,9667600
2026-04-20,137.01394653320312,137.52000427246094,0.0,138.5,136.0800018310547,136.41000366210938,0.0,7953800
2026-04-21,135.0611572265625,135.55999755859375,0.0,138.25999450683594,135.0500030517578,138.1199951171875,0.0,11874600
2026-04-22,135.5692901611328,136.07000732421875,0.0,137.49000549316406,135.5500030517578,136.63999938964844,0.0,9432700
2026-04-23,133.4570770263672,133.9499969482422,0.0,136.99000549316406,132.0500030517578,136.0,0.0,10164900
2026-04-24,148.30226135253906,148.85000610351562,0.0,151.5399932861328,143.5800018310547,145.61000061035156,0.0,29449600
2026-04-27,149.70706176757812,150.25999450683594,0.0,161.0,147.0500030517578,156.30999755859375,0.0,41744000
2026-04-28,149.44801330566406,150.0,0.0,151.5,144.0,145.0800018310547,0.0,22921300
2026-04-29,155.42593383789062,156.0,0.0,157.2899932861328,151.0,151.4499969482422,0.0,37571200
2026-04-30,178.91917419433594,179.5800018310547,0.0,186.88999938964844,163.55999755859375,172.0500030517578,0.0,61132700
2026-05-01,176.35862731933594,177.00999450683594,0.0,179.99000549316406,171.14999389648438,179.1300048828125,0.0,21111500
2026-05-04,167.76039123535156,168.3800048828125,0.0,180.49000549316406,166.8300018310547,177.22000122070312,0.0,23117400
2026-05-05,185.863525390625,186.5500030517578,0.0,187.22000122070312,164.7899932861328,167.64999389648438,0.0,34274900
2026-05-06,191.8613739013672,192.57000732421875,0.0,197.5,188.22000122070312,195.17999267578125,0.0,30145000
2026-05-07,201.8046417236328,202.5500030517578,0.0,223.66000366210938,187.63999938964844,190.6699981689453,0.0,51092200
2026-05-08,218.2837677001953,219.08999633789062,0.0,228.0500030517578,208.6300048828125,213.0,0.0,37850000
2026-05-11,236.65591430664062,237.52999877929688,0.0,247.89999389648438,231.1999969482422,232.00999450683594,0.0,45474000
2026-05-12,209.5360870361328,210.30999755859375,0.0,230.0,202.0,229.83999633789062,0.0,38590100
2026-05-13,212.38555908203125,213.1699981689453,0.0,219.49000549316406,207.14999389648438,216.6300048828125,0.0,26226300
2026-05-14,199.34373474121094,200.0800018310547,0.0,209.52999877929688,199.66000366210938,208.50999450683594,0.0,24883900
2026-05-15,200.74855041503906,201.49000549316406,0.0,207.39999389648438,199.16000366210938,201.64999389648438,0.0,25876800
2026-05-18,202.890625,203.63999938964844,0.0,210.8000030517578,193.5800018310547,206.77000427246094,0.0,21082500
2026-05-19,194.8901824951172,195.61000061035156,0.0,201.5,191.02000427246094,196.86000061035156,0.0,19605200
2026-05-20,201.76478576660156,202.50999450683594,0.0,203.58999633789062,194.0,197.0,0.0,19037500
2026-05-21,212.6246795654297,213.41000366210938,0.0,214.00999450683594,197.60000610351562,202.77999877929688,0.0,28163700
2026-05-22,237.28359985351562,238.16000366210938,0.0,243.0,214.1699981689453,214.42999267578125,0.0,30375700
2026-05-26,247.90438842773438,248.82000732421875,0.0,258.0,235.8000030517578,240.72000122070312,0.0,30646400
2026-05-27,232.54110717773438,233.39999389648438,0.0,248.27000427246094,224.17999267578125,245.42999267578125,0.0,25694700
2026-05-28,242.39471435546875,243.2899932861328,0.0,249.4600067138672,231.52000427246094,236.0,0.0,21118400
2026-05-29,250.09628295898438,251.02000427246094,0.0,259.9200134277344,247.50999450683594,250.19000244140625,0.0,28781800
2026-06-01,228.14735412597656,228.99000549316406,0.0,238.02000427246094,226.80999755859375,233.3300018310547,0.0,21185200
2026-06-02,239.9537353515625,240.83999633789062,0.0,245.19000244140625,226.0500030517578,232.0,0.0,18508500
2026-06-03,249.08999633789062,250.00999450683594,0.0,255.08999633789062,233.02000427246094,235.02000427246094,0.0,19467000
2026-06-04,242.57000732421875,242.57000732421875,0.92,246.6999969482422,235.32000732421875,239.4499969482422,0.0,14185600
2026-06-05,215.94000244140625,215.94000244140625,0.0,238.44000244140625,215.0,237.64999389648438,0.0,24189200
2026-06-08,217.77000427246094,217.77000427246094,0.0,221.92999267578125,214.6300048828125,221.02999877929688,0.0,17180600
2026-06-09,205.4199981689453,205.4199981689453,0.0,219.63999938964844,192.6699981689453,216.4600067138672,0.0,29906300
2026-06-10,191.1999969482422,191.1999969482422,0.0,204.89999389648438,190.10000610351562,199.4600067138672,0.0,18426600
2026-06-11,202.9600067138672,202.9600067138672,0.0,203.83999633789062,190.75,190.9199981689453,0.0,18933100
2026-06-12,211.72000122070312,211.72000122070312,0.0,215.00999450683594,200.10000610351562,201.85000610351562,0.0,14123700
2026-06-15,220.80999755859375,220.80999755859375,0.0,226.4600067138672,216.27999877929688,219.77000427246094,0.0,13993800
2026-06-16,214.07000732421875,214.07000732421875,0.0,231.19000244140625,213.8000030517578,225.8300018310547,0.0,19629600
2026-06-17,212.97000122070312,212.97000122070312,0.0,221.32000732421875,212.67999267578125,219.0399932861328,0.0,11955800
2026-06-18,226.11000061035156,226.11000061035156,0.0,229.4199981689453,214.72999572753906,220.7100067138672,0.0,47081500
2026-06-22,221.89999389648438,221.89999389648438,0.0,233.44000244140625,215.5,222.92999267578125,0.0,18203400
2026-06-23,204.1300048828125,204.1300048828125,0.0,209.17999267578125,198.44000244140625,207.33999633789062,0.0,23781900
2026-06-24,197.41000366210938,197.41000366210938,0.0,202.97000122070312,191.02000427246094,202.57000732421875,0.0,25519600
2026-06-25,204.89999389648438,204.89999389648438,0.0,219.42999267578125,199.82000732421875,219.42999267578125,0.0,34793200
2026-06-26,189.38999938964844,189.38999938964844,0.0,208.86000061035156,186.17999267578125,201.6999969482422,0.0,37128900
2026-06-29,188.72000122070312,188.72000122070312,0.0,194.58999633789062,183.5800018310547,193.02999877929688,0.0,21599500
2026-06-30,184.7899932861328,184.7899932861328,0.0,193.5,183.5,188.99000549316406,0.0,22056100
