Date,Adj Close,Close,Dividends,High,Low,Open,Stock Splits,Volume
,TXN,TXN,TXN,TXN,TXN,TXN,TXN,TXN
2016-07-01,47.24650955200195,62.11000061035156,0.0,62.439998626708984,61.88999938964844,62.33000183105469,0.0,4934500
2016-07-05,46.592308044433594,61.25,0.0,61.84000015258789,60.9900016784668,61.59000015258789,0.0,5538700
2016-07-06,46.447776794433594,61.060001373291016,0.0,61.349998474121094,60.459999084472656,60.9900016784668,0.0,6064100
2016-07-07,46.98786163330078,61.77000045776367,0.0,61.939998626708984,61.040000915527344,61.06999969482422,0.0,6876800
2016-07-08,48.1288948059082,63.27000045776367,0.0,63.279998779296875,62.04999923706055,62.290000915527344,0.0,5345300
2016-07-11,48.2277946472168,63.400001525878906,0.0,63.880001068115234,63.2599983215332,63.5,0.0,4533900
2016-07-12,48.973262786865234,64.37999725341797,0.0,64.41000366210938,63.72999954223633,63.77000045776367,0.0,5405100
2016-07-13,49.09497833251953,64.54000091552734,0.0,64.80000305175781,64.3499984741211,64.54000091552734,0.0,4068500
2016-07-14,49.300357818603516,64.80999755859375,0.0,65.22000122070312,64.7300033569336,65.0,0.0,3999900
2016-07-15,49.330780029296875,64.8499984741211,0.0,65.26000213623047,64.54000091552734,65.26000213623047,0.0,5952300
2016-07-18,49.58942794799805,65.19000244140625,0.0,65.5199966430664,64.8499984741211,64.8499984741211,0.0,3452500
2016-07-19,49.399253845214844,64.94000244140625,0.0,65.26000213623047,64.76000213623047,64.88999938964844,0.0,3065900
2016-07-20,49.78719711303711,65.44999694824219,0.0,65.68000030517578,65.0,65.31999969482422,0.0,4744100
2016-07-21,49.376434326171875,64.91000366210938,0.0,65.5,64.80000305175781,65.38999938964844,0.0,5391700
2016-07-22,49.817623138427734,65.48999786376953,0.0,65.66999816894531,64.73999786376953,65.12999725341797,0.0,5555900
2016-07-25,50.372928619384766,66.22000122070312,0.0,66.22000122070312,65.31999969482422,65.5,0.0,9945900
2016-07-26,54.32853317260742,71.41999816894531,0.0,72.58000183105469,69.93000030517578,70.6500015258789,0.0,22033100
2016-07-27,54.214412689208984,71.2699966430664,0.0,71.56999969482422,70.16000366210938,70.9800033569336,0.0,13973400
2016-07-28,53.70968246459961,70.2300033569336,0.38,70.80999755859375,69.83000183105469,70.62999725341797,0.0,9143200
2016-07-29,53.342594146728516,69.75,0.0,70.47000122070312,69.62999725341797,70.31999969482422,0.0,7963100
2016-08-01,53.4420051574707,69.87999725341797,0.0,70.26000213623047,69.5199966430664,69.83000183105469,0.0,5983000
2016-08-02,52.654300689697266,68.8499984741211,0.0,69.87999725341797,68.44000244140625,69.69000244140625,0.0,6391300
2016-08-03,52.6772346496582,68.87999725341797,0.0,69.08999633789062,68.51000213623047,68.83999633789062,0.0,4231800
2016-08-04,53.23551940917969,69.61000061035156,0.0,69.70999908447266,68.54000091552734,69.5,0.0,4382100
2016-08-05,53.64849853515625,70.1500015258789,0.0,70.20999908447266,69.70999908447266,70.0,0.0,4547400
2016-08-08,53.6408576965332,70.13999938964844,0.0,70.31999969482422,69.98999786376953,70.02999877929688,0.0,4865900
2016-08-09,53.724979400634766,70.25,0.0,70.8499984741211,70.16999816894531,70.41999816894531,0.0,3434300
2016-08-10,53.449649810791016,69.88999938964844,0.0,70.30999755859375,69.80999755859375,70.2300033569336,0.0,5012500
2016-08-11,53.533782958984375,70.0,0.0,70.19999694824219,69.7699966430664,70.0,0.0,3002900
2016-08-12,53.411415100097656,69.83999633789062,0.0,70.22000122070312,69.77999877929688,70.0,0.0,3445000
2016-08-15,53.7861328125,70.33000183105469,0.0,70.69999694824219,69.93000030517578,70.19000244140625,0.0,4148800
2016-08-16,53.396114349365234,69.81999969482422,0.0,70.33000183105469,69.81999969482422,70.08999633789062,0.0,3682600
2016-08-17,53.396114349365234,69.81999969482422,0.0,70.0199966430664,69.54000091552734,69.91999816894531,0.0,5914700
2016-08-18,53.63319778442383,70.12999725341797,0.0,70.16999816894531,69.79000091552734,69.9800033569336,0.0,3816700
2016-08-19,53.74026107788086,70.2699966430664,0.0,70.54000091552734,69.94000244140625,70.12000274658203,0.0,3482000
2016-08-22,53.533782958984375,70.0,0.0,70.61000061035156,69.83999633789062,70.3499984741211,0.0,4361400
2016-08-23,53.51847457885742,69.9800033569336,0.0,70.54000091552734,69.93000030517578,70.41999816894531,0.0,4779200
2016-08-24,53.45732498168945,69.9000015258789,0.0,70.22000122070312,69.70999908447266,70.11000061035156,0.0,3749300
2016-08-25,53.396114349365234,69.81999969482422,0.0,70.05999755859375,69.69999694824219,69.9000015258789,0.0,3044900
2016-08-26,53.342594146728516,69.75,0.0,70.3499984741211,69.4000015258789,69.98999786376953,0.0,4160900
2016-08-29,53.51847457885742,69.9800033569336,0.0,70.37000274658203,69.8499984741211,69.9000015258789,0.0,3669100
2016-08-30,53.00608444213867,69.30999755859375,0.0,70.19999694824219,69.08999633789062,70.0,0.0,4382800
2016-08-31,53.1819953918457,69.54000091552734,0.0,69.61000061035156,69.2300033569336,69.36000061035156,0.0,3870200
2016-09-01,53.304344177246094,69.69999694824219,0.0,69.79000091552734,68.30000305175781,68.77999877929688,0.0,4536000
2016-09-02,53.28905487060547,69.68000030517578,0.0,70.0999984741211,69.26000213623047,70.0199966430664,0.0,4584200
2016-09-06,53.37318801879883,69.79000091552734,0.0,70.02999877929688,69.26000213623047,69.93000030517578,0.0,3870300
2016-09-07,53.14374923706055,69.48999786376953,0.0,70.0,69.26000213623047,69.75,0.0,4214100
2016-09-08,52.76136016845703,68.98999786376953,0.0,69.41000366210938,68.69999694824219,69.23999786376953,0.0,4151600
2016-09-09,50.98711013793945,66.66999816894531,0.0,68.41999816894531,66.66999816894531,68.19000244140625,0.0,6995600
2016-09-12,51.95836639404297,67.94000244140625,0.0,68.0199966430664,66.30000305175781,66.30999755859375,0.0,6049900
2016-09-13,51.583621978759766,67.44999694824219,0.0,68.55000305175781,67.2699966430664,68.01000213623047,0.0,5472600
2016-09-14,51.8436393737793,67.79000091552734,0.0,68.06999969482422,67.22000122070312,67.45999908447266,0.0,4011500
2016-09-15,52.937259674072266,69.22000122070312,0.0,69.36000061035156,67.5999984741211,67.80000305175781,0.0,6257900
2016-09-16,53.04433059692383,69.36000061035156,0.0,69.97000122070312,68.4800033569336,69.97000122070312,0.0,6506200
2016-09-19,53.1819953918457,69.54000091552734,0.0,70.29000091552734,69.29000091552734,69.83000183105469,0.0,4100600
2016-09-20,52.90665817260742,69.18000030517578,0.0,69.9000015258789,69.01000213623047,69.7699966430664,0.0,3026700
2016-09-21,53.1972770690918,69.55999755859375,0.0,69.70999908447266,68.83000183105469,69.41000366210938,0.0,4202100
2016-09-22,53.3502311706543,69.76000213623047,0.0,70.12999725341797,69.47000122070312,70.01000213623047,0.0,3566300
2016-09-23,52.753719329833984,68.9800033569336,0.0,70.0,68.9800033569336,70.0,0.0,3088100
2016-09-26,52.32544708251953,68.41999816894531,0.0,68.7699966430664,68.12999725341797,68.55000305175781,0.0,3475600
2016-09-27,53.11316680908203,69.44999694824219,0.0,69.47000122070312,68.08000183105469,68.38999938964844,0.0,4560200
2016-09-28,53.334938049316406,69.73999786376953,0.0,69.77999877929688,69.22000122070312,69.4000015258789,0.0,3241300
2016-09-29,53.411415100097656,69.83999633789062,0.0,70.27999877929688,69.22000122070312,69.62999725341797,0.0,4337900
2016-09-30,53.67145538330078,70.18000030517578,0.0,70.58000183105469,69.83999633789062,69.94999694824219,0.0,5071000
2016-10-03,53.273773193359375,69.66000366210938,0.0,70.26000213623047,69.47000122070312,70.08000183105469,0.0,3627800
2016-10-04,53.220218658447266,69.58999633789062,0.0,69.91000366210938,69.0999984741211,69.66000366210938,0.0,4089500
2016-10-05,53.99263381958008,70.5999984741211,0.0,70.83999633789062,69.01000213623047,69.8499984741211,0.0,4789600
2016-10-06,54.2679557800293,70.95999908447266,0.0,71.0,70.02999877929688,70.44000244140625,0.0,4061500
2016-10-07,54.199119567871094,70.87000274658203,0.0,71.05999755859375,70.44999694824219,71.0,0.0,3673600
2016-10-10,53.480247497558594,69.93000030517578,0.0,71.33000183105469,69.9000015258789,71.08000183105469,0.0,4893200
2016-10-11,52.585479736328125,68.76000213623047,0.0,69.97000122070312,68.05999755859375,69.93000030517578,0.0,5204400
2016-10-12,52.356040954589844,68.45999908447266,0.0,68.83000183105469,67.98999786376953,68.83000183105469,0.0,3563900
2016-10-13,51.828338623046875,67.7699966430664,0.0,67.95999908447266,67.05999755859375,67.91000366210938,0.0,3897700
2016-10-14,52.37897491455078,68.48999786376953,0.0,69.22000122070312,68.20999908447266,68.2699966430664,0.0,4329300
2016-10-17,52.32544708251953,68.41999816894531,0.0,68.98999786376953,68.37000274658203,68.5,0.0,2620900
2016-10-18,52.960201263427734,69.25,0.0,69.93000030517578,69.16999816894531,69.86000061035156,0.0,3590700
2016-10-19,53.14374923706055,69.48999786376953,0.0,69.61000061035156,68.5999984741211,68.88999938964844,0.0,5530800
2016-10-20,53.342594146728516,69.75,0.0,70.05000305175781,68.7699966430664,69.41999816894531,0.0,3850400
2016-10-21,53.51084518432617,69.97000122070312,0.0,70.04000091552734,68.80000305175781,69.41000366210938,0.0,7027500
2016-10-24,54.81856918334961,71.68000030517578,0.0,71.73999786376953,70.2300033569336,70.26000213623047,0.0,5888000
2016-10-25,54.451499938964844,71.19999694824219,0.0,71.8499984741211,71.08000183105469,71.56999969482422,0.0,4614200
2016-10-26,54.841529846191406,71.70999908447266,0.0,71.94000244140625,70.7699966430664,71.0,0.0,8151000
2016-10-27,54.092071533203125,70.7300033569336,0.0,72.18000030517578,70.41000366210938,71.4000015258789,0.0,9627000
2016-10-28,54.14560317993164,70.80000305175781,0.0,71.69000244140625,70.5199966430664,70.95999908447266,0.0,6360100
2016-10-31,54.183834075927734,70.8499984741211,0.0,71.44000244140625,70.80000305175781,71.30999755859375,0.0,5411400
2016-11-01,53.10551834106445,69.44000244140625,0.0,71.12999725341797,68.91999816894531,71.12999725341797,0.0,7375300
2016-11-02,52.646644592285156,68.83999633789062,0.0,69.94999694824219,68.72000122070312,69.56999969482422,0.0,6516800
2016-11-03,52.30769729614258,67.9000015258789,0.5,68.72000122070312,67.52999877929688,68.69999694824219,0.0,6723600
2016-11-04,52.07658386230469,67.5999984741211,0.0,68.0,66.80000305175781,66.87999725341797,0.0,6056300
2016-11-07,53.162803649902344,69.01000213623047,0.0,69.4800033569336,68.29000091552734,68.83000183105469,0.0,5751100
2016-11-08,53.79449462890625,69.83000183105469,0.0,69.97000122070312,68.94999694824219,69.01000213623047,0.0,5409600
2016-11-09,53.76365661621094,69.79000091552734,0.0,69.94999694824219,67.5999984741211,67.80000305175781,0.0,5697800
2016-11-10,53.262939453125,69.13999938964844,0.0,70.72000122070312,68.12999725341797,70.0,0.0,7190600
2016-11-11,53.80990982055664,69.8499984741211,0.0,70.05999755859375,69.0,69.0199966430664,0.0,4974900
2016-11-14,53.940860748291016,70.0199966430664,0.0,70.3499984741211,69.63999938964844,70.13999938964844,0.0,6493000
2016-11-15,54.71891784667969,71.02999877929688,0.0,71.36000061035156,70.05000305175781,70.19999694824219,0.0,4736500
2016-11-16,54.849884033203125,71.19999694824219,0.0,71.30000305175781,70.55999755859375,71.01000213623047,0.0,4880400
2016-11-17,55.5278205871582,72.08000183105469,0.0,72.27999877929688,70.62999725341797,71.16999816894531,0.0,3773800
2016-11-18,55.92839813232422,72.5999984741211,0.0,73.1500015258789,71.75,71.83999633789062,0.0,5484200
2016-11-21,56.76039123535156,73.68000030517578,0.0,73.7300033569336,72.69999694824219,72.75,0.0,5447000
2016-11-22,57.315067291259766,74.4000015258789,0.0,74.63999938964844,74.02999877929688,74.08999633789062,0.0,6824100
2016-11-23,57.05314254760742,74.05999755859375,0.0,74.55000305175781,73.91999816894531,74.37999725341797,0.0,3995500
2016-11-25,57.338191986083984,74.43000030517578,0.0,74.61000061035156,73.7300033569336,73.87000274658203,0.0,1978800
2016-11-28,57.41518783569336,74.52999877929688,0.0,74.88999938964844,74.04000091552734,74.29000091552734,0.0,4512000
2016-11-29,57.315067291259766,74.4000015258789,0.0,75.25,74.2300033569336,74.66000366210938,0.0,6347000
2016-11-30,56.95298767089844,73.93000030517578,0.0,74.69000244140625,73.93000030517578,74.66999816894531,0.0,6768200
2016-12-01,54.24129104614258,70.41000366210938,0.0,73.91000366210938,69.95999908447266,73.87999725341797,0.0,9631100
2016-12-02,54.4801139831543,70.72000122070312,0.0,71.16000366210938,69.91999816894531,69.98999786376953,0.0,5946400
2016-12-05,54.31834030151367,70.51000213623047,0.0,71.52999877929688,70.37999725341797,71.33999633789062,0.0,6405100
2016-12-06,54.98086166381836,71.37000274658203,0.0,71.38999938964844,70.61000061035156,71.11000061035156,0.0,7039800
2016-12-07,55.620243072509766,72.19999694824219,0.0,72.43000030517578,71.12000274658203,71.5,0.0,6045900
2016-12-08,55.56634521484375,72.12999725341797,0.0,72.58000183105469,71.87999725341797,72.31999969482422,0.0,5473600
2016-12-09,55.45848083496094,71.98999786376953,0.0,72.6500015258789,71.55999755859375,72.3499984741211,0.0,6101200
2016-12-12,55.2581787109375,71.7300033569336,0.0,71.93000030517578,71.19000244140625,71.88999938964844,0.0,3340600
2016-12-13,56.390621185302734,73.19999694824219,0.0,73.5999984741211,71.7699966430664,71.94999694824219,0.0,6950900
2016-12-14,55.85134506225586,72.5,0.0,73.69999694824219,72.4000015258789,73.55000305175781,0.0,6474100
2016-12-15,56.58320999145508,73.44999694824219,0.0,73.58999633789062,72.44999694824219,72.7300033569336,0.0,5079500
2016-12-16,56.151824951171875,72.88999938964844,0.0,73.75,72.68000030517578,73.36000061035156,0.0,6478700
2016-12-19,56.6756477355957,73.56999969482422,0.0,74.08000183105469,72.95999908447266,73.11000061035156,0.0,3818000
2016-12-20,57.03772735595703,74.04000091552734,0.0,74.19000244140625,73.5999984741211,73.93000030517578,0.0,3182000
2016-12-21,57.137874603271484,74.16999816894531,0.0,74.72000122070312,74.13999938964844,74.22000122070312,0.0,4272200
2016-12-22,57.160987854003906,74.19999694824219,0.0,74.31999969482422,73.75,74.25,0.0,3470700
2016-12-23,57.29964828491211,74.37999725341797,0.0,74.38999938964844,74.0,74.11000061035156,0.0,1690800
2016-12-27,57.6771240234375,74.87000274658203,0.0,75.1500015258789,74.16000366210938,74.41999816894531,0.0,2037200
2016-12-28,57.04542541503906,74.05000305175781,0.0,75.05000305175781,73.9800033569336,74.95999908447266,0.0,2683400
2016-12-29,57.12247085571289,74.1500015258789,0.0,74.4000015258789,73.80000305175781,73.83999633789062,0.0,3292600
2016-12-30,56.21342849731445,72.97000122070312,0.0,74.45999908447266,72.7699966430664,74.43000030517578,0.0,4311800
2017-01-03,56.683349609375,73.58000183105469,0.0,74.30999755859375,73.05000305175781,73.52999877929688,0.0,4847900
2017-01-04,56.61402893066406,73.48999786376953,0.0,73.97000122070312,73.25,73.6500015258789,0.0,4507100
2017-01-05,56.1749153137207,72.91999816894531,0.0,73.69999694824219,72.88999938964844,73.29000091552734,0.0,4301100
2017-01-06,57.12247085571289,74.1500015258789,0.0,74.27999877929688,72.47000122070312,72.87999725341797,0.0,5244600
2017-01-09,57.268821716308594,74.33999633789062,0.0,75.22000122070312,74.16999816894531,74.51000213623047,0.0,4782900
2017-01-10,57.4691276550293,74.5999984741211,0.0,74.83000183105469,74.05999755859375,74.62000274658203,0.0,3712500
2017-01-11,57.93134307861328,75.19999694824219,0.0,75.19999694824219,74.45999908447266,74.63999938964844,0.0,4361400
2017-01-12,57.66172409057617,74.8499984741211,0.0,75.13999938964844,74.08999633789062,75.0,0.0,4408200
2017-01-13,57.77726745605469,75.0,0.0,75.30000305175781,74.7300033569336,74.83000183105469,0.0,3372500
2017-01-17,57.38439178466797,74.48999786376953,0.0,74.94999694824219,74.29000091552734,74.66999816894531,0.0,4413100
2017-01-18,57.29964828491211,74.37999725341797,0.0,74.83999633789062,74.25,74.7300033569336,0.0,5531400
2017-01-19,56.91447067260742,73.87999725341797,0.0,74.80999755859375,73.87000274658203,74.22000122070312,0.0,4468500
2017-01-20,57.58466339111328,74.75,0.0,74.88999938964844,74.16000366210938,74.16000366210938,0.0,6661400
2017-01-23,58.33963394165039,75.7300033569336,0.0,75.73999786376953,74.63999938964844,74.80000305175781,0.0,6895100
2017-01-24,59.37961959838867,77.08000183105469,0.0,77.31999969482422,75.91000366210938,76.19000244140625,0.0,8561600
2017-01-25,60.5351676940918,78.58000183105469,0.0,78.72000122070312,77.19000244140625,77.72000122070312,0.0,8112800
2017-01-26,61.05902099609375,79.26000213623047,0.0,79.47000122070312,78.01000213623047,78.0199966430664,0.0,8991500
2017-01-27,60.49308776855469,78.02999877929688,0.5,79.44999694824219,77.73999786376953,79.05999755859375,0.0,9737300
2017-01-30,60.392295837402344,77.9000015258789,0.0,78.08000183105469,77.3499984741211,77.5199966430664,0.0,8355200
2017-01-31,58.562705993652344,75.54000091552734,0.0,77.54000091552734,75.25,77.4000015258789,0.0,11129400
2017-02-01,59.1286506652832,76.2699966430664,0.0,76.87000274658203,75.86000061035156,76.05999755859375,0.0,7815800
2017-02-02,58.834049224853516,75.88999938964844,0.0,76.0999984741211,75.33999633789062,75.61000061035156,0.0,4434500
2017-02-03,59.30693435668945,76.5,0.0,76.55999755859375,76.02999877929688,76.29000091552734,0.0,4547000
2017-02-06,59.089881896972656,76.22000122070312,0.0,76.47000122070312,75.8499984741211,76.37999725341797,0.0,4633000
2017-02-07,59.058876037597656,76.18000030517578,0.0,76.75,76.04000091552734,76.37000274658203,0.0,4500900
2017-02-08,58.88054656982422,75.94999694824219,0.0,76.55000305175781,75.91999816894531,76.48999786376953,0.0,5864700
2017-02-09,58.376651763916016,75.30000305175781,0.0,76.3499984741211,75.2699966430664,76.30000305175781,0.0,6950500
2017-02-10,58.268104553222656,75.16000366210938,0.0,75.66000366210938,74.5199966430664,75.62000274658203,0.0,6289400
2017-02-13,58.54718780517578,75.5199966430664,0.0,75.73999786376953,75.38999938964844,75.52999877929688,0.0,5466200
2017-02-14,58.64024353027344,75.63999938964844,0.0,75.63999938964844,75.30000305175781,75.45999908447266,0.0,3999800
2017-02-15,58.66348648071289,75.66999816894531,0.0,75.80999755859375,74.93000030517578,75.6500015258789,0.0,5731500
2017-02-16,59.11313247680664,76.25,0.0,76.31999969482422,75.5199966430664,75.80000305175781,0.0,4882000
2017-02-17,59.26043701171875,76.44000244140625,0.0,76.44000244140625,75.66000366210938,76.11000061035156,0.0,3955300
2017-02-21,59.7565803527832,77.08000183105469,0.0,77.12999725341797,76.58999633789062,76.79000091552734,0.0,5104700
2017-02-22,59.87286376953125,77.2300033569336,0.0,77.27999877929688,76.80000305175781,77.19999694824219,0.0,4056600
2017-02-23,59.8031005859375,77.13999938964844,0.0,77.37999725341797,76.69000244140625,77.2300033569336,0.0,4921700
2017-02-24,59.88063049316406,77.23999786376953,0.0,77.23999786376953,76.4000015258789,76.94000244140625,0.0,3516600
2017-02-27,59.841888427734375,77.19000244140625,0.0,77.33999633789062,76.76000213623047,77.30999755859375,0.0,3055400
2017-02-28,59.39997482299805,76.62000274658203,0.0,77.16999816894531,76.45999908447266,77.05999755859375,0.0,4770500
2017-03-01,60.58610916137695,78.1500015258789,0.0,78.18000030517578,76.68000030517578,77.12999725341797,0.0,5332500
2017-03-02,60.53183364868164,78.08000183105469,0.0,78.76000213623047,77.94000244140625,78.36000061035156,0.0,7605500
2017-03-03,60.361297607421875,77.86000061035156,0.0,78.19999694824219,77.45999908447266,78.19999694824219,0.0,3994800
2017-03-06,60.71017074584961,78.30999755859375,0.0,78.45999908447266,77.4000015258789,77.69000244140625,0.0,4066400
2017-03-07,61.338111877441406,79.12000274658203,0.0,80.37000274658203,78.20999908447266,78.3499984741211,0.0,10556800
2017-03-08,61.50869369506836,79.33999633789062,0.0,79.94000244140625,79.16000366210938,79.44000244140625,0.0,5386500
2017-03-09,61.345863342285156,79.12999725341797,0.0,79.79000091552734,78.80000305175781,79.48999786376953,0.0,4255400
2017-03-10,62.27615737915039,80.33000183105469,0.0,80.62999725341797,79.30000305175781,79.72000122070312,0.0,5118200
2017-03-13,62.81107711791992,81.0199966430664,0.0,81.08999633789062,80.18000030517578,80.31999969482422,0.0,6082600
2017-03-14,62.86537170410156,81.08999633789062,0.0,81.20999908447266,80.62000274658203,80.94999694824219,0.0,4271400
2017-03-15,63.43130111694336,81.81999969482422,0.0,81.94999694824219,80.95999908447266,81.41999816894531,0.0,3668800
2017-03-16,63.346004486083984,81.70999908447266,0.0,82.18000030517578,81.37999725341797,81.98999786376953,0.0,4195600
2017-03-17,63.725887298583984,82.19999694824219,0.0,82.44000244140625,81.44000244140625,82.23999786376953,0.0,9231700
2017-03-20,63.253013610839844,81.58999633789062,0.0,82.2699966430664,81.54000091552734,81.98999786376953,0.0,4383000
2017-03-21,61.82653045654297,79.75,0.0,82.08000183105469,79.66999816894531,81.93000030517578,0.0,6221000
2017-03-22,62.55525588989258,80.69000244140625,0.0,80.79000091552734,79.58000183105469,80.08999633789062,0.0,4307300
2017-03-23,62.53974914550781,80.66999816894531,0.0,81.04000091552734,80.2300033569336,80.69000244140625,0.0,3335200
2017-03-24,62.47772979736328,80.58999633789062,0.0,82.05000305175781,80.43000030517578,81.91999816894531,0.0,4100300
2017-03-27,62.431236267089844,80.52999877929688,0.0,80.81999969482422,79.70999908447266,79.94999694824219,0.0,3260800
2017-03-28,62.493228912353516,80.61000061035156,0.0,80.98999786376953,80.22000122070312,80.30000305175781,0.0,3577900
2017-03-29,62.40021514892578,80.48999786376953,0.0,80.66000366210938,80.26000213623047,80.3499984741211,0.0,2811600
2017-03-30,62.82658767700195,81.04000091552734,0.0,81.08000183105469,80.2300033569336,80.2300033569336,0.0,3372800
2017-03-31,62.45448684692383,80.55999755859375,0.0,81.1500015258789,80.54000091552734,80.79000091552734,0.0,3760900
2017-04-03,62.29941177368164,80.36000061035156,0.0,81.5,79.79000091552734,80.87000274658203,0.0,4563900
2017-04-04,62.48550033569336,80.5999984741211,0.0,80.66999816894531,80.11000061035156,80.11000061035156,0.0,2761500
2017-04-05,62.082340240478516,80.08000183105469,0.0,81.18000030517578,79.9800033569336,80.5999984741211,0.0,3547900
2017-04-06,62.09786605834961,80.0999984741211,0.0,80.37000274658203,79.4000015258789,79.9800033569336,0.0,4177700
2017-04-07,62.431236267089844,80.52999877929688,0.0,80.91999816894531,80.08000183105469,80.30000305175781,0.0,2686800
2017-04-10,62.121124267578125,80.12999725341797,0.0,80.76000213623047,79.91999816894531,80.41999816894531,0.0,3314700
2017-04-11,61.562950134277344,79.41000366210938,0.0,79.87999725341797,78.19999694824219,79.87999725341797,0.0,5321300
2017-04-12,60.84194564819336,78.4800033569336,0.0,79.68000030517578,78.19999694824219,79.4800033569336,0.0,6335000
2017-04-13,60.34580612182617,77.83999633789062,0.0,79.33000183105469,77.83000183105469,78.47000122070312,0.0,4658300
2017-04-17,61.02800369262695,78.72000122070312,0.0,78.75,78.12000274658203,78.30000305175781,0.0,4462400
2017-04-18,61.7180061340332,79.61000061035156,0.0,79.83999633789062,78.3499984741211,78.51000213623047,0.0,4528900
2017-04-19,61.53193283081055,79.37000274658203,0.0,80.66000366210938,79.27999877929688,79.95999908447266,0.0,4673700
2017-04-20,62.60951232910156,80.76000213623047,0.0,80.88999938964844,79.51000213623047,79.72000122070312,0.0,3586300
2017-04-21,61.8730354309082,79.80999755859375,0.0,80.41000366210938,79.23999786376953,79.58000183105469,0.0,6314400
2017-04-24,62.857608795166016,81.08000183105469,0.0,81.51000213623047,80.8499984741211,81.0199966430664,0.0,5129200
2017-04-25,63.849952697753906,82.36000061035156,0.0,82.43000030517578,81.11000061035156,81.30000305175781,0.0,7604100
2017-04-26,62.880889892578125,81.11000061035156,0.0,82.91999816894531,80.79000091552734,82.16999816894531,0.0,6763900
2017-04-27,63.02909469604492,80.80000305175781,0.5,81.2699966430664,80.36000061035156,80.75,0.0,5762500
2017-04-28,61.765384674072266,79.18000030517578,0.0,81.04000091552734,78.6500015258789,81.04000091552734,0.0,10521800
2017-05-01,61.85118865966797,79.29000091552734,0.0,79.5,78.4000015258789,79.25,0.0,5065500
2017-05-02,61.81999206542969,79.25,0.0,79.41000366210938,78.79000091552734,79.16000366210938,0.0,6234500
2017-05-03,62.22560501098633,79.7699966430664,0.0,79.93000030517578,79.0,79.19999694824219,0.0,4665000
2017-05-04,61.85899353027344,79.30000305175781,0.0,80.02999877929688,79.08000183105469,79.9800033569336,0.0,3241300
2017-05-05,62.116416931152344,79.62999725341797,0.0,79.63999938964844,79.13999938964844,79.44999694824219,0.0,3653900
2017-05-08,61.98379898071289,79.45999908447266,0.0,79.81999969482422,79.36000061035156,79.69999694824219,0.0,2776600
2017-05-09,61.97602081298828,79.44999694824219,0.0,79.83000183105469,79.2699966430664,79.37999725341797,0.0,4433900
2017-05-10,62.787254333496094,80.48999786376953,0.0,80.66999816894531,79.7699966430664,79.9800033569336,0.0,5180400
2017-05-11,62.71704864501953,80.4000015258789,0.0,80.68000030517578,79.6500015258789,80.19999694824219,0.0,3168400
2017-05-12,62.943267822265625,80.69000244140625,0.0,80.7699966430664,80.27999877929688,80.7699966430664,0.0,2648900
2017-05-15,63.614139556884766,81.55000305175781,0.0,81.62000274658203,80.45999908447266,80.6500015258789,0.0,3596100
2017-05-16,64.17579650878906,82.2699966430664,0.0,82.31999969482422,81.44999694824219,81.87999725341797,0.0,3918500
2017-05-17,61.37534713745117,78.68000030517578,0.0,82.05999755859375,78.61000061035156,81.54000091552734,0.0,6401800
2017-05-18,61.804386138916016,79.2300033569336,0.0,79.69000244140625,78.41999816894531,78.91999816894531,0.0,4930900
2017-05-19,62.639076232910156,80.30000305175781,0.0,81.04000091552734,79.30000305175781,79.38999938964844,0.0,7506600
2017-05-22,62.69365692138672,80.37000274658203,0.0,80.93000030517578,80.05000305175781,80.4800033569336,0.0,3672100
2017-05-23,62.16321563720703,79.69000244140625,0.0,80.55000305175781,79.44999694824219,80.5,0.0,3683700
2017-05-24,62.44403839111328,80.05000305175781,0.0,80.30000305175781,79.73999786376953,80.30000305175781,0.0,3671500
2017-05-25,63.02127456665039,80.79000091552734,0.0,80.98999786376953,79.9800033569336,80.48999786376953,0.0,3226100
2017-05-26,63.27870559692383,81.12000274658203,0.0,81.18000030517578,80.31999969482422,80.86000061035156,0.0,2812200
2017-05-30,63.941741943359375,81.97000122070312,0.0,82.19999694824219,81.0,81.0,0.0,3258100
2017-05-31,64.34739685058594,82.48999786376953,0.0,83.23999786376953,82.18000030517578,82.19999694824219,0.0,6503900
2017-06-01,63.56731414794922,81.48999786376953,0.0,82.86000061035156,81.22000122070312,82.61000061035156,0.0,4320100
2017-06-02,63.676536560058594,81.62999725341797,0.0,81.97000122070312,80.86000061035156,81.95999908447266,0.0,4725900
2017-06-05,63.87934112548828,81.88999938964844,0.0,82.37999725341797,81.66000366210938,81.66000366210938,0.0,2589900
2017-06-06,64.13676452636719,82.22000122070312,0.0,82.87999725341797,81.51000213623047,81.6500015258789,0.0,3279300
2017-06-07,64.65940856933594,82.88999938964844,0.0,83.43000030517578,82.29000091552734,82.80000305175781,0.0,3763000
2017-06-08,65.79048919677734,84.33999633789062,0.0,84.36000061035156,82.62000274658203,83.19999694824219,0.0,4410200
2017-06-09,63.10710144042969,80.9000015258789,0.0,84.6500015258789,79.94000244140625,84.2300033569336,0.0,6815700
2017-06-12,63.22410202026367,81.05000305175781,0.0,81.31999969482422,79.66999816894531,79.81999969482422,0.0,6746200
2017-06-13,63.17729949951172,80.98999786376953,0.0,81.80000305175781,80.5999984741211,81.41000366210938,0.0,4324800
2017-06-14,62.52983856201172,80.16000366210938,0.0,81.48999786376953,79.44000244140625,81.26000213623047,0.0,3944200
2017-06-15,62.467411041259766,80.08000183105469,0.0,80.4000015258789,79.22000122070312,79.3499984741211,0.0,3061900
2017-06-16,62.171016693115234,79.69999694824219,0.0,80.2300033569336,79.0199966430664,79.8499984741211,0.0,6246800
2017-06-19,63.512718200683594,81.41999816894531,0.0,81.44999694824219,80.27999877929688,80.37000274658203,0.0,3569100
2017-06-20,62.069602966308594,79.56999969482422,0.0,81.2300033569336,79.54000091552734,81.16000366210938,0.0,3831300
2017-06-21,62.147621154785156,79.66999816894531,0.0,79.91999816894531,79.2300033569336,79.69999694824219,0.0,4318600
2017-06-22,61.66397476196289,79.05000305175781,0.0,80.05000305175781,78.94999694824219,79.94999694824219,0.0,3327400
2017-06-23,62.07741928100586,79.58000183105469,0.0,80.0199966430664,78.63999938964844,79.05999755859375,0.0,4052600
2017-06-26,61.08673858642578,78.30999755859375,0.0,80.08999633789062,78.23999786376953,80.04000091552734,0.0,4913100
2017-06-27,60.025821685791016,76.94999694824219,0.0,78.2699966430664,76.94000244140625,78.0,0.0,5797000
2017-06-28,60.891719818115234,78.05999755859375,0.0,78.20999908447266,76.94999694824219,77.61000061035156,0.0,6362100
2017-06-29,59.98683547973633,76.9000015258789,0.0,77.93000030517578,75.91999816894531,77.5,0.0,6644600
2017-06-30,60.01025390625,76.93000030517578,0.0,77.69000244140625,76.61000061035156,77.69000244140625,0.0,4696100
2017-07-03,59.60463333129883,76.41000366210938,0.0,77.63999938964844,76.4000015258789,77.44999694824219,0.0,3494200
2017-07-05,59.994651794433594,76.91000366210938,0.0,77.51000213623047,76.23999786376953,76.62999725341797,0.0,6680800
2017-07-06,59.955650329589844,76.86000061035156,0.0,77.69000244140625,76.19000244140625,76.19000244140625,0.0,5047000
2017-07-07,61.21933364868164,78.4800033569336,0.0,78.66000366210938,77.30999755859375,77.30999755859375,0.0,5342900
2017-07-10,61.453346252441406,78.77999877929688,0.0,79.08999633789062,77.93000030517578,78.43000030517578,0.0,3611500
2017-07-11,61.656150817871094,79.04000091552734,0.0,79.1500015258789,78.27999877929688,78.77999877929688,0.0,2729200
2017-07-12,62.81065368652344,80.5199966430664,0.0,80.54000091552734,79.45999908447266,79.45999908447266,0.0,3891700
2017-07-13,62.826263427734375,80.54000091552734,0.0,80.9800033569336,80.2699966430664,80.41000366210938,0.0,3372800
2017-07-14,63.96516418457031,82.0,0.0,82.11000061035156,80.8499984741211,80.94999694824219,0.0,3654700
2017-07-17,63.6999397277832,81.66000366210938,0.0,82.0,81.4800033569336,81.81999969482422,0.0,2972700
2017-07-18,64.08995819091797,82.16000366210938,0.0,82.20999908447266,81.1500015258789,81.5,0.0,2773500
2017-07-19,64.08995819091797,82.16000366210938,0.0,82.69999694824219,81.86000061035156,82.48999786376953,0.0,3133500
2017-07-20,64.50338745117188,82.69000244140625,0.0,82.80999755859375,81.86000061035156,82.19999694824219,0.0,3766700
2017-07-21,63.731136322021484,81.69999694824219,0.0,82.0,81.0,81.45999908447266,0.0,4597600
2017-07-24,63.1226692199707,80.91999816894531,0.0,81.87000274658203,80.5999984741211,81.86000061035156,0.0,4350900
2017-07-25,63.48933410644531,81.38999938964844,0.0,81.93000030517578,80.58000183105469,81.05000305175781,0.0,6439700
2017-07-26,64.37860870361328,82.52999877929688,0.0,84.23999786376953,81.95999908447266,83.0,0.0,6983000
2017-07-27,63.546669006347656,80.97000122070312,0.5,82.52999877929688,80.08999633789062,82.12999725341797,0.0,7152200
2017-07-28,63.342628479003906,80.70999908447266,0.0,81.04000091552734,80.05000305175781,80.41999816894531,0.0,5228000
2017-07-31,63.86845397949219,81.37999725341797,0.0,81.66000366210938,80.77999877929688,80.83000183105469,0.0,5954600
2017-08-01,64.12744903564453,81.70999908447266,0.0,81.83999633789062,81.0199966430664,81.5999984741211,0.0,3366100
2017-08-02,63.81352615356445,81.30999755859375,0.0,82.01000213623047,80.63999938964844,82.01000213623047,0.0,3179800
2017-08-03,63.85275650024414,81.36000061035156,0.0,81.7300033569336,80.97000122070312,81.30000305175781,0.0,2748500
2017-08-04,63.9077033996582,81.43000030517578,0.0,81.95999908447266,81.25,81.62999725341797,0.0,2325200
2017-08-07,64.48844909667969,82.16999816894531,0.0,82.19999694824219,81.44000244140625,81.44000244140625,0.0,2827700
2017-08-08,64.70820617675781,82.44999694824219,0.0,83.69000244140625,81.88999938964844,81.98999786376953,0.0,7184600
2017-08-09,64.57478332519531,82.27999877929688,0.0,82.30999755859375,81.37999725341797,81.97000122070312,0.0,4274000
2017-08-10,63.06792449951172,80.36000061035156,0.0,82.0,80.27999877929688,81.80000305175781,0.0,4469200
2017-08-11,63.48387908935547,80.88999938964844,0.0,81.33999633789062,80.43000030517578,80.58000183105469,0.0,3426100
2017-08-14,64.39429473876953,82.05000305175781,0.0,82.20999908447266,81.19999694824219,81.4800033569336,0.0,3788600
2017-08-15,64.3158187866211,81.94999694824219,0.0,82.30999755859375,81.69000244140625,82.06999969482422,0.0,3750300
2017-08-16,64.71607208251953,82.45999908447266,0.0,82.66000366210938,81.94999694824219,82.41999816894531,0.0,3291900
2017-08-17,62.903141021728516,80.1500015258789,0.0,82.16000366210938,80.08999633789062,81.94999694824219,0.0,4151500
2017-08-18,62.76185607910156,79.97000122070312,0.0,80.69000244140625,79.94000244140625,80.08999633789062,0.0,3626000
2017-08-21,62.699073791503906,79.88999938964844,0.0,80.23999786376953,79.5999984741211,80.13999938964844,0.0,3347300
2017-08-22,63.374027252197266,80.75,0.0,81.12999725341797,80.05999755859375,80.33999633789062,0.0,4359200
2017-08-23,63.48387908935547,80.88999938964844,0.0,81.12000274658203,80.06999969482422,80.23999786376953,0.0,4109300
2017-08-24,63.76644515991211,81.25,0.0,81.5,80.81999969482422,81.16000366210938,0.0,3511100
2017-08-25,63.554527282714844,80.9800033569336,0.0,81.9000015258789,80.94000244140625,81.58000183105469,0.0,2627700
2017-08-28,63.38185119628906,80.76000213623047,0.0,81.66000366210938,80.58000183105469,81.44000244140625,0.0,3088500
2017-08-29,63.59376907348633,81.02999877929688,0.0,81.25,80.02999877929688,80.08000183105469,0.0,3729600
2017-08-30,64.59835052490234,82.30999755859375,0.0,82.41000366210938,81.0999984741211,81.20999908447266,0.0,4522200
2017-08-31,64.99858093261719,82.81999969482422,0.0,82.94999694824219,82.12999725341797,82.44000244140625,0.0,4411300
2017-09-01,64.77884674072266,82.54000091552734,0.0,83.11000061035156,82.37999725341797,82.73999786376953,0.0,2665200
2017-09-05,64.23731994628906,81.8499984741211,0.0,82.48999786376953,81.2699966430664,82.31999969482422,0.0,3691900
2017-09-06,64.40999603271484,82.06999969482422,0.0,82.37000274658203,81.58999633789062,82.23999786376953,0.0,3682700
2017-09-07,64.35505676269531,82.0,0.0,83.98999786376953,81.79000091552734,82.44999694824219,0.0,3599900
2017-09-08,63.86845397949219,81.37999725341797,0.0,82.04000091552734,81.25,81.9800033569336,0.0,2505600
2017-09-11,64.52770233154297,82.22000122070312,0.0,82.7300033569336,81.80999755859375,81.9000015258789,0.0,3916800
2017-09-12,65.05352783203125,82.88999938964844,0.0,82.94999694824219,82.16000366210938,82.33999633789062,0.0,4596300
2017-09-13,64.90442657470703,82.69999694824219,0.0,82.94000244140625,82.27999877929688,82.83999633789062,0.0,2626800
2017-09-14,65.36746978759766,83.29000091552734,0.0,83.66999816894531,82.4000015258789,82.4000015258789,0.0,3503300
2017-09-15,66.58393096923828,84.83999633789062,0.0,85.02999877929688,82.87000274658203,83.13999938964844,0.0,10333200
2017-09-18,67.60418701171875,86.13999938964844,0.0,86.47000122070312,84.88999938964844,85.0,0.0,5593600
2017-09-19,68.13003540039062,86.80999755859375,0.0,87.23999786376953,85.63999938964844,86.37000274658203,0.0,4036800
2017-09-20,67.36090087890625,85.83000183105469,0.0,87.0,84.4800033569336,87.0,0.0,4922800
2017-09-21,67.53356170654297,86.05000305175781,0.0,86.58999633789062,85.66999816894531,86.0199966430664,0.0,4863900
2017-09-22,69.27582550048828,88.2699966430664,0.0,88.44999694824219,86.5,86.58999633789062,0.0,6440900
2017-09-25,68.67153930664062,87.5,0.0,88.08000183105469,86.91999816894531,87.6500015258789,0.0,5625600
2017-09-26,68.82848358154297,87.69999694824219,0.0,88.29000091552734,87.44999694824219,87.98999786376953,0.0,3121200
2017-09-27,69.69966888427734,88.80999755859375,0.0,89.1500015258789,87.8499984741211,88.4800033569336,0.0,3806900
2017-09-28,70.35890197753906,89.6500015258789,0.0,89.66000366210938,88.3499984741211,88.44000244140625,0.0,5332700
2017-09-29,70.3510513305664,89.63999938964844,0.0,89.88999938964844,89.08999633789062,89.7699966430664,0.0,3283500
2017-10-02,70.35890197753906,89.6500015258789,0.0,90.23999786376953,89.30999755859375,89.87999725341797,0.0,3280600
2017-10-03,70.58650207519531,89.94000244140625,0.0,90.23999786376953,89.5,89.6500015258789,0.0,2374800
2017-10-04,71.01814270019531,90.48999786376953,0.0,90.55999755859375,89.58000183105469,89.9000015258789,0.0,3933300
2017-10-05,71.5282974243164,91.13999938964844,0.0,91.30000305175781,90.11000061035156,90.55000305175781,0.0,3241800
2017-10-06,71.69308471679688,91.3499984741211,0.0,91.54000091552734,90.73999786376953,90.73999786376953,0.0,2335000
2017-10-09,71.87361145019531,91.58000183105469,0.0,91.86000061035156,91.30999755859375,91.61000061035156,0.0,1749800
2017-10-10,72.50144958496094,92.37999725341797,0.0,92.41000366210938,91.47000122070312,91.97000122070312,0.0,2810500
2017-10-11,72.88602447509766,92.87000274658203,0.0,92.91999816894531,91.72000122070312,91.98999786376953,0.0,3161900
2017-10-12,72.68981170654297,92.62000274658203,0.0,93.30999755859375,92.58999633789062,92.87999725341797,0.0,3537900
2017-10-13,73.4510726928711,93.58999633789062,0.0,93.7300033569336,92.80000305175781,93.08999633789062,0.0,2674800
2017-10-16,73.953369140625,94.2300033569336,0.0,94.41000366210938,93.66999816894531,94.20999908447266,0.0,3111900
2017-10-17,73.98474884033203,94.2699966430664,0.0,94.30999755859375,93.54000091552734,94.16999816894531,0.0,3248500
2017-10-18,73.32550811767578,93.43000030517578,0.0,94.29000091552734,93.19999694824219,94.26000213623047,0.0,3532400
2017-10-19,73.3412094116211,93.44999694824219,0.0,93.63999938964844,92.56999969482422,92.97000122070312,0.0,4164600
2017-10-20,74.6989517211914,95.18000030517578,0.0,95.4000015258789,94.0,94.05000305175781,0.0,5272400
2017-10-23,75.50729370117188,96.20999908447266,0.0,96.73999786376953,95.44000244140625,96.0,0.0,7292200
2017-10-24,75.68779754638672,96.44000244140625,0.0,96.62000274658203,95.45999908447266,96.30000305175781,0.0,8061100
2017-10-25,75.20121002197266,95.81999969482422,0.0,96.69999694824219,94.16000366210938,95.0,0.0,6967100
2017-10-26,75.4602279663086,96.1500015258789,0.0,96.94000244140625,95.83999633789062,96.44000244140625,0.0,5556900
2017-10-27,76.51973724365234,97.5,0.0,97.55999755859375,95.70999908447266,95.94000244140625,0.0,5725300
2017-10-30,75.87206268310547,96.05999755859375,0.62,97.12999725341797,95.91999816894531,96.68000030517578,0.0,4922400
2017-10-31,76.36965942382812,96.69000244140625,0.0,97.04000091552734,96.18000030517578,96.27999877929688,0.0,3770600
2017-11-01,76.10111236572266,96.3499984741211,0.0,97.25,95.7699966430664,96.97000122070312,0.0,3873800
2017-11-02,76.44863891601562,96.79000091552734,0.0,96.87999725341797,95.5999984741211,96.25,0.0,3292200
2017-11-03,77.3885498046875,97.9800033569336,0.0,98.0,96.33999633789062,97.0,0.0,3346700
2017-11-06,77.83084869384766,98.54000091552734,0.0,98.66999816894531,97.66999816894531,97.81999969482422,0.0,4391700
2017-11-07,77.72028350830078,98.4000015258789,0.0,99.05000305175781,98.27999877929688,98.55000305175781,0.0,4314600
2017-11-08,77.75187683105469,98.44000244140625,0.0,98.76000213623047,97.88999938964844,98.30999755859375,0.0,3265600
2017-11-09,76.65399169921875,97.05000305175781,0.0,98.02999877929688,95.62999725341797,97.5999984741211,0.0,4239800
2017-11-10,76.5671157836914,96.94000244140625,0.0,97.05000305175781,96.4000015258789,96.66999816894531,0.0,3416700
2017-11-13,76.63819122314453,97.02999877929688,0.0,97.29000091552734,96.3499984741211,96.4000015258789,0.0,2284000
2017-11-14,76.58290100097656,96.95999908447266,0.0,97.2300033569336,96.3499984741211,96.69999694824219,0.0,3252600
2017-11-15,76.43284606933594,96.7699966430664,0.0,98.02999877929688,96.27999877929688,96.62000274658203,0.0,3355600
2017-11-16,77.65706634521484,98.31999969482422,0.0,98.62999725341797,97.05000305175781,97.06999969482422,0.0,3564400
2017-11-17,77.19898986816406,97.73999786376953,0.0,98.55999755859375,97.61000061035156,98.55999755859375,0.0,3788200
2017-11-20,77.62550354003906,98.27999877929688,0.0,98.91999816894531,97.80000305175781,97.80999755859375,0.0,2953700
2017-11-21,78.34428405761719,99.19000244140625,0.0,99.6500015258789,98.6500015258789,98.75,0.0,3998500
2017-11-22,77.46751403808594,98.08000183105469,0.0,99.3499984741211,98.06999969482422,99.1500015258789,0.0,2142000
2017-11-24,78.43113708496094,99.30000305175781,0.0,99.33000183105469,98.19000244140625,98.19999694824219,0.0,1288300
2017-11-27,77.90193176269531,98.62999725341797,0.0,99.25,98.61000061035156,98.94999694824219,0.0,3166300
2017-11-28,78.57330322265625,99.4800033569336,0.0,99.7300033569336,98.62000274658203,99.08999633789062,0.0,3037400
2017-11-29,76.51972198486328,96.87999725341797,0.0,99.79000091552734,96.44999694824219,99.7300033569336,0.0,5562200
2017-11-30,76.84354400634766,97.29000091552734,0.0,98.47000122070312,96.69999694824219,97.37999725341797,0.0,7591200
2017-12-01,76.75666046142578,97.18000030517578,0.0,97.41000366210938,94.72000122070312,96.54000091552734,0.0,5020500
2017-12-04,75.80097961425781,95.97000122070312,0.0,97.87999725341797,95.2699966430664,97.54000091552734,0.0,5183800
2017-12-05,76.53551483154297,96.9000015258789,0.0,98.72000122070312,95.36000061035156,95.9800033569336,0.0,4898100
2017-12-06,76.63027954101562,97.0199966430664,0.0,97.44999694824219,95.87000274658203,96.25,0.0,4675500
2017-12-07,77.2305679321289,97.77999877929688,0.0,98.13999938964844,96.94000244140625,97.31999969482422,0.0,4848200
2017-12-08,77.42011260986328,98.0199966430664,0.0,99.30999755859375,97.77999877929688,98.91999816894531,0.0,5591400
2017-12-11,78.0599365234375,98.83000183105469,0.0,98.87999725341797,97.7699966430664,98.06999969482422,0.0,5579200
2017-12-12,77.74396514892578,98.43000030517578,0.0,99.19000244140625,98.2300033569336,98.69999694824219,0.0,6083100
2017-12-13,78.08358764648438,98.86000061035156,0.0,99.18000030517578,98.20999908447266,98.97000122070312,0.0,5282100
2017-12-14,79.18148803710938,100.25,0.0,100.54000091552734,98.77999877929688,98.95999908447266,0.0,7106700
2017-12-15,79.94762420654297,101.22000122070312,0.0,101.5999984741211,100.06999969482422,101.27999877929688,0.0,9114800
2017-12-18,81.56678771972656,103.2699966430664,0.0,103.37000274658203,101.6500015258789,102.0999984741211,0.0,5927700
2017-12-19,82.22237396240234,104.0999984741211,0.0,104.30000305175781,103.08000183105469,103.19000244140625,0.0,5235700
2017-12-20,82.7752685546875,104.80000305175781,0.0,105.1500015258789,103.4800033569336,104.9000015258789,0.0,5529800
2017-12-21,82.19867706298828,104.06999969482422,0.0,105.33000183105469,104.01000213623047,105.16000366210938,0.0,4709100
2017-12-22,82.2460708618164,104.12999725341797,0.0,104.33999633789062,103.63999938964844,104.0,0.0,3041300
2017-12-26,82.2618637084961,104.1500015258789,0.0,104.19000244140625,103.05999755859375,103.58000183105469,0.0,1473800
2017-12-27,82.56199645996094,104.52999877929688,0.0,104.9000015258789,103.9800033569336,104.41999816894531,0.0,1775600
2017-12-28,82.7910385131836,104.81999969482422,0.0,104.91999816894531,104.22000122070312,104.91999816894531,0.0,1910700
2017-12-29,82.49091339111328,104.44000244140625,0.0,105.08000183105469,104.41999816894531,104.58000183105469,0.0,2813300
2018-01-02,83.38345336914062,105.56999969482422,0.0,105.62000274658203,104.5,105.11000061035156,0.0,4236200
2018-01-03,85.6423568725586,108.43000030517578,0.0,108.51000213623047,105.5999984741211,105.87999725341797,0.0,6918900
2018-01-04,85.53180694580078,108.29000091552734,0.0,109.20999908447266,108.05000305175781,108.4800033569336,0.0,5460400
2018-01-05,86.1873779296875,109.12000274658203,0.0,109.2300033569336,108.29000091552734,108.69999694824219,0.0,5254900
2018-01-08,86.59809112548828,109.63999938964844,0.0,110.37000274658203,108.41000366210938,108.55000305175781,0.0,4549400
2018-01-09,87.19046783447266,110.38999938964844,0.0,110.9800033569336,109.08000183105469,109.62000274658203,0.0,4747800
2018-01-10,86.64547729492188,109.69999694824219,0.0,109.98999786376953,108.20999908447266,109.8499984741211,0.0,5737400
2018-01-11,87.41162109375,110.66999816894531,0.0,110.76000213623047,109.43000030517578,110.05000305175781,0.0,3903700
2018-01-12,89.0307846069336,112.72000122070312,0.0,113.0,110.58000183105469,110.73999786376953,0.0,4577800
2018-01-16,89.18875885009766,112.91999816894531,0.0,113.91000366210938,111.94000244140625,113.55000305175781,0.0,9251500
2018-01-17,94.11735534667969,119.16000366210938,0.0,119.43000030517578,113.51000213623047,113.94999694824219,0.0,6916700
2018-01-18,91.9452896118164,116.41000366210938,0.0,119.9800033569336,116.0,119.0,0.0,7970300
2018-01-19,92.27703857421875,116.83000183105469,0.0,117.55999755859375,115.70999908447266,117.01000213623047,0.0,6367300
2018-01-22,94.3385009765625,119.44000244140625,0.0,119.4800033569336,117.45999908447266,117.91999816894531,0.0,7217400
2018-01-23,94.69396209716797,119.88999938964844,0.0,120.75,118.9000015258789,120.0199966430664,0.0,8087100
2018-01-24,86.64547729492188,109.69999694824219,0.0,114.0,108.68000030517578,111.13999938964844,0.0,19223900
2018-01-25,87.00089263916016,110.1500015258789,0.0,111.70999908447266,109.08000183105469,110.86000061035156,0.0,8564800
2018-01-26,89.79694366455078,113.69000244140625,0.0,114.0,109.54000091552734,110.93000030517578,0.0,7801600
2018-01-29,88.97551727294922,112.6500015258789,0.0,113.4000015258789,111.25,112.47000122070312,0.0,6389300
2018-01-30,87.27587890625,109.88999938964844,0.62,111.47000122070312,109.30000305175781,111.19999694824219,0.0,6492900
2018-01-31,87.10115051269531,109.66999816894531,0.0,110.98999786376953,108.30000305175781,110.9800033569336,0.0,7362500
2018-02-01,87.4267807006836,110.08000183105469,0.0,110.75,108.56999969482422,108.75,0.0,5828200
2018-02-02,85.50481414794922,107.66000366210938,0.0,110.2300033569336,107.5199966430664,109.0199966430664,0.0,7474400
2018-02-05,82.76476287841797,104.20999908447266,0.0,109.12000274658203,103.37999725341797,107.0199966430664,0.0,8460400
2018-02-06,84.0831527709961,105.87000274658203,0.0,106.66000366210938,102.25,102.62000274658203,0.0,9266900
2018-02-07,80.99366760253906,101.9800033569336,0.0,105.68000030517578,101.91000366210938,104.5999984741211,0.0,10009100
2018-02-08,77.56267547607422,97.66000366210938,0.0,102.61000061035156,97.5999984741211,102.02999877929688,0.0,11506600
2018-02-09,79.81031036376953,100.48999786376953,0.0,101.30000305175781,96.98999786376953,99.5199966430664,0.0,11599300
2018-02-12,80.9619140625,101.94000244140625,0.0,102.55000305175781,100.43000030517578,101.55000305175781,0.0,6673700
2018-02-13,80.19943237304688,100.9800033569336,0.0,101.7300033569336,100.12000274658203,101.11000061035156,0.0,5061400
2018-02-14,81.54962921142578,102.68000030517578,0.0,102.95999908447266,99.8499984741211,99.8499984741211,0.0,7413500
2018-02-15,83.05069732666016,104.56999969482422,0.0,104.58000183105469,101.54000091552734,103.81999969482422,0.0,5264800
2018-02-16,82.97128295898438,104.47000122070312,0.0,105.54000091552734,103.87999725341797,104.27999877929688,0.0,4910400
2018-02-20,83.62250518798828,105.29000091552734,0.0,106.86000061035156,103.91000366210938,103.98999786376953,0.0,4970500
2018-02-21,82.32793426513672,103.66000366210938,0.0,106.18000030517578,103.58999633789062,105.7699966430664,0.0,6536500
2018-02-22,82.54237365722656,103.93000030517578,0.0,105.08000183105469,103.41000366210938,104.0,0.0,4036500
2018-02-23,85.01239013671875,107.04000091552734,0.0,107.05999755859375,104.73999786376953,105.01000213623047,0.0,4936900
2018-02-26,87.06938934326172,109.62999725341797,0.0,109.73999786376953,107.27999877929688,107.27999877929688,0.0,5496100
2018-02-27,86.04484558105469,108.33999633789062,0.0,110.29000091552734,108.33999633789062,109.37999725341797,0.0,5311900
2018-02-28,86.05280303955078,108.3499984741211,0.0,110.22000122070312,108.31999969482422,109.04000091552734,0.0,7333000
2018-03-01,84.60734558105469,106.52999877929688,0.0,108.93000030517578,105.72000122070312,108.93000030517578,0.0,8626600
2018-03-02,85.94954681396484,108.22000122070312,0.0,108.4800033569336,104.66000366210938,104.79000091552734,0.0,6476300
2018-03-05,86.57696533203125,109.01000213623047,0.0,109.33000183105469,106.5199966430664,107.4800033569336,0.0,4417200
2018-03-06,87.1170425415039,109.69000244140625,0.0,110.18000030517578,108.94000244140625,109.97000122070312,0.0,4109600
2018-03-07,86.2195816040039,108.55999755859375,0.0,109.45999908447266,107.12999725341797,108.04000091552734,0.0,4637600
2018-03-08,86.95820617675781,109.48999786376953,0.0,109.48999786376953,108.2699966430664,109.18000030517578,0.0,3573500
2018-03-09,88.57838439941406,111.52999877929688,0.0,111.61000061035156,109.33000183105469,110.0,0.0,5535900
2018-03-12,88.65782165527344,111.62999725341797,0.0,113.0,111.45999908447266,112.04000091552734,0.0,4270800
2018-03-13,87.83184051513672,110.58999633789062,0.0,113.0,110.08999633789062,112.04000091552734,0.0,5845500
2018-03-14,87.33943939208984,109.97000122070312,0.0,111.69999694824219,109.16999816894531,111.20999908447266,0.0,3240600
2018-03-15,87.13294219970703,109.70999908447266,0.0,110.91000366210938,109.2699966430664,109.94000244140625,0.0,3983300
2018-03-16,87.33943939208984,109.97000122070312,0.0,110.73999786376953,109.51000213623047,110.12000274658203,0.0,8049700
2018-03-19,85.66361999511719,107.86000061035156,0.0,109.37999725341797,105.94999694824219,109.37000274658203,0.0,6715200
2018-03-20,86.93437957763672,109.45999908447266,0.0,110.0,108.2699966430664,108.2699966430664,0.0,3781900
2018-03-21,86.28312683105469,108.63999938964844,0.0,110.29000091552734,108.05999755859375,109.12999725341797,0.0,3703800
2018-03-22,82.51856231689453,103.9000015258789,0.0,107.76000213623047,103.80000305175781,106.51000213623047,0.0,7208400
2018-03-23,80.50125885009766,101.36000061035156,0.0,104.94000244140625,101.33999633789062,104.02999877929688,0.0,6748900
2018-03-26,84.66293334960938,106.5999984741211,0.0,106.72000122070312,103.02999877929688,104.11000061035156,0.0,6760400
2018-03-27,81.45430755615234,102.55999755859375,0.0,108.0999984741211,101.81999969482422,108.0,0.0,5308400
2018-03-28,80.93809509277344,101.91000366210938,0.0,103.76000213623047,101.41000366210938,102.2699966430664,0.0,5352200
2018-03-29,82.5106201171875,103.88999938964844,0.0,105.04000091552734,102.23999786376953,102.81999969482422,0.0,4311100
2018-04-02,79.93736267089844,100.6500015258789,0.0,103.5199966430664,99.7300033569336,102.86000061035156,0.0,5865400
2018-04-03,81.15254211425781,102.18000030517578,0.0,102.73999786376953,100.58999633789062,101.91999816894531,0.0,6898700
2018-04-04,82.76476287841797,104.20999908447266,0.0,104.56999969482422,99.80999755859375,99.9800033569336,0.0,4515000
2018-04-05,81.2001724243164,102.23999786376953,0.0,104.01000213623047,100.87000274658203,103.83000183105469,0.0,5477400
2018-04-06,78.99227905273438,99.45999908447266,0.0,102.33999633789062,99.0199966430664,100.97000122070312,0.0,5095700
2018-04-09,79.27022552490234,99.80999755859375,0.0,102.88999938964844,99.5999984741211,100.04000091552734,0.0,5840900
2018-04-10,81.29547882080078,102.36000061035156,0.0,103.06999969482422,100.62999725341797,101.66999816894531,0.0,6011500
2018-04-11,81.27957916259766,102.33999633789062,0.0,103.08999633789062,101.02999877929688,101.41000366210938,0.0,3830000
2018-04-12,82.78858184814453,104.23999786376953,0.0,104.5,102.93000030517578,103.05000305175781,0.0,4578300
2018-04-13,81.13665008544922,102.16000366210938,0.0,105.0,101.9000015258789,104.94999694824219,0.0,3518900
2018-04-16,82.20088195800781,103.5,0.0,104.19000244140625,102.62000274658203,103.06999969482422,0.0,2831500
2018-04-17,83.70194244384766,105.38999938964844,0.0,105.69999694824219,103.69000244140625,104.08999633789062,0.0,4001100
2018-04-18,83.670166015625,105.3499984741211,0.0,105.9000015258789,104.08000183105469,105.06999969482422,0.0,3554700
2018-04-19,80.44569396972656,101.29000091552734,0.0,103.83999633789062,99.91000366210938,103.73999786376953,0.0,8624900
2018-04-20,79.38936614990234,99.95999908447266,0.0,101.62999725341797,98.87000274658203,100.95999908447266,0.0,7858000
2018-04-23,77.90421295166016,98.08999633789062,0.0,100.58999633789062,98.0199966430664,100.58999633789062,0.0,5934200
2018-04-24,78.16627502441406,98.41999816894531,0.0,101.22000122070312,97.38999938964844,99.76000213623047,0.0,8420300
2018-04-25,81.80374145507812,103.0,0.0,104.25,99.76000213623047,101.45999908447266,0.0,12696000
2018-04-26,81.58139038085938,102.72000122070312,0.0,104.31999969482422,102.19999694824219,104.0199966430664,0.0,6672900
2018-04-27,81.41461944580078,102.51000213623047,0.0,103.38999938964844,100.87000274658203,103.16999816894531,0.0,5114700
2018-04-30,80.55684661865234,101.43000030517578,0.0,104.2300033569336,101.33000183105469,102.93000030517578,0.0,5592700
2018-05-01,82.12144470214844,103.4000015258789,0.0,103.47000122070312,100.69999694824219,101.0999984741211,0.0,4234700
2018-05-02,81.77200317382812,102.95999908447266,0.0,104.22000122070312,101.87000274658203,103.27999877929688,0.0,5345000
2018-05-03,82.28030395507812,103.5999984741211,0.0,104.30000305175781,100.3499984741211,101.69999694824219,0.0,4788900
2018-05-04,83.64656829833984,104.69000244140625,0.62,104.75,101.86000061035156,102.5,0.0,6168000
2018-05-07,83.50275421142578,104.51000213623047,0.0,105.16999816894531,103.97000122070312,104.98999786376953,0.0,4113800
2018-05-08,84.26181030273438,105.45999908447266,0.0,108.0,104.05999755859375,104.55000305175781,0.0,5496500
2018-05-09,85.92369842529297,107.54000091552734,0.0,107.66999816894531,105.70999908447266,106.0,0.0,5131600
2018-05-10,87.8652572631836,109.97000122070312,0.0,110.04000091552734,107.80999755859375,108.1500015258789,0.0,4376500
2018-05-11,87.28998565673828,109.25,0.0,110.73999786376953,109.0,109.62000274658203,0.0,3583500
2018-05-14,88.40059661865234,110.63999938964844,0.0,111.0,109.69999694824219,109.7300033569336,0.0,4120400
2018-05-15,87.25802612304688,109.20999908447266,0.0,110.86000061035156,108.3499984741211,109.98999786376953,0.0,4336700
2018-05-16,89.00782012939453,111.4000015258789,0.0,111.56999969482422,109.04000091552734,109.75,0.0,3898200
2018-05-17,88.15290832519531,110.33000183105469,0.0,111.66000366210938,110.02999877929688,110.70999908447266,0.0,3792800
2018-05-18,88.3206787109375,110.54000091552734,0.0,111.06999969482422,109.27999877929688,109.91999816894531,0.0,4239600
2018-05-21,88.21683502197266,110.41000366210938,0.0,112.27999877929688,109.87999725341797,111.70999908447266,0.0,5199500
2018-05-22,88.57637023925781,110.86000061035156,0.0,111.83000183105469,110.69000244140625,111.05000305175781,0.0,2999600
2018-05-23,88.74414825439453,111.06999969482422,0.0,111.08000183105469,108.9000015258789,109.48999786376953,0.0,3123500
2018-05-24,88.48847198486328,110.75,0.0,111.19999694824219,109.58000183105469,110.98999786376953,0.0,2855500
2018-05-25,89.13565826416016,111.55999755859375,0.0,111.76000213623047,110.55000305175781,110.63999938964844,0.0,4100200
2018-05-29,88.64028930664062,110.94000244140625,0.0,111.76000213623047,110.01000213623047,110.63999938964844,0.0,3492800
2018-05-30,89.36738586425781,111.8499984741211,0.0,112.36000061035156,111.04000091552734,111.33999633789062,0.0,3621800
2018-05-31,89.41529846191406,111.91000366210938,0.0,112.87999725341797,111.5,112.0,0.0,6582100
2018-06-01,91.7243881225586,114.80000305175781,0.0,114.80000305175781,112.31999969482422,112.55000305175781,0.0,4728400
2018-06-04,92.4754409790039,115.73999786376953,0.0,116.37999725341797,114.30999755859375,114.73999786376953,0.0,3905700
2018-06-05,94.0094985961914,117.66000366210938,0.0,117.93000030517578,115.83000183105469,116.69000244140625,0.0,5366600
2018-06-06,94.36907196044922,118.11000061035156,0.0,118.12000274658203,116.91000366210938,117.56999969482422,0.0,4015400
2018-06-07,93.6739273071289,117.23999786376953,0.0,118.4800033569336,116.13999938964844,118.3499984741211,0.0,6985100
2018-06-08,92.4754409790039,115.73999786376953,0.0,116.66999816894531,115.3499984741211,116.29000091552734,0.0,4948600
2018-06-11,92.10789489746094,115.27999877929688,0.0,115.83000183105469,114.4800033569336,115.0,0.0,3741300
2018-06-12,92.21178436279297,115.41000366210938,0.0,115.7699966430664,114.58000183105469,115.48999786376953,0.0,3269100
2018-06-13,91.08522033691406,114.0,0.0,115.61000061035156,113.79000091552734,115.5,0.0,4948600
2018-06-14,91.66045379638672,114.72000122070312,0.0,115.54000091552734,113.97000122070312,114.86000061035156,0.0,2941200
2018-06-15,92.59529113769531,115.88999938964844,0.0,116.0199966430664,113.87000274658203,114.87000274658203,0.0,7027600
2018-06-18,91.39681243896484,114.38999938964844,0.0,114.93000030517578,113.02999877929688,114.5999984741211,0.0,3170600
2018-06-19,90.81353759765625,113.66000366210938,0.0,113.91000366210938,112.19999694824219,112.75,0.0,3486500
2018-06-20,91.27696990966797,114.23999786376953,0.0,115.11000061035156,113.56999969482422,114.41000366210938,0.0,3454800
2018-06-21,89.5750961303711,112.11000061035156,0.0,114.5,111.61000061035156,114.37999725341797,0.0,3480100
2018-06-22,89.79083251953125,112.37999725341797,0.0,113.22000122070312,111.41000366210938,112.75,0.0,3822600
2018-06-25,88.04104614257812,110.19000244140625,0.0,111.0,108.61000061035156,110.95999908447266,0.0,5331200
2018-06-26,89.09569549560547,111.51000213623047,0.0,112.01000213623047,110.12999725341797,110.62999725341797,0.0,4001900
2018-06-27,86.91447448730469,108.77999877929688,0.0,112.5,108.7699966430664,112.18000030517578,0.0,4364600
2018-06-28,87.17012023925781,109.0999984741211,0.0,109.5999984741211,107.44999694824219,108.2300033569336,0.0,4198800
2018-06-29,88.08895874023438,110.25,0.0,111.55000305175781,109.62000274658203,109.79000091552734,0.0,5343300
2018-07-02,88.08097839355469,110.23999786376953,0.0,110.33000183105469,108.37999725341797,108.94000244140625,0.0,3392500
2018-07-03,87.01831817626953,108.91000366210938,0.0,111.29000091552734,108.73999786376953,110.61000061035156,0.0,2201500
2018-07-05,89.09569549560547,111.51000213623047,0.0,111.6500015258789,109.41000366210938,109.83999633789062,0.0,4097700
2018-07-06,90.05451965332031,112.70999908447266,0.0,112.93000030517578,110.83000183105469,111.55999755859375,0.0,3419700
2018-07-09,89.55915069580078,112.08999633789062,0.0,113.5,110.83999633789062,113.4000015258789,0.0,3658000
2018-07-10,90.86947631835938,113.7300033569336,0.0,114.05000305175781,112.37999725341797,112.62999725341797,0.0,4512800
2018-07-11,89.29544830322266,111.76000213623047,0.0,113.79000091552734,111.5199966430664,113.29000091552734,0.0,5000200
2018-07-12,92.55535888671875,115.83999633789062,0.0,116.69000244140625,113.05999755859375,113.23999786376953,0.0,5818700
2018-07-13,91.99604797363281,115.13999938964844,0.0,115.9800033569336,114.83000183105469,115.52999877929688,0.0,2715800
2018-07-16,91.53263854980469,114.55999755859375,0.0,115.48999786376953,114.41999816894531,114.91000366210938,0.0,3013700
2018-07-17,92.52339172363281,115.80000305175781,0.0,115.86000061035156,113.19999694824219,113.66999816894531,0.0,3915100
2018-07-18,92.42752075195312,115.68000030517578,0.0,116.94999694824219,114.13999938964844,115.5,0.0,5491900
2018-07-19,91.55661010742188,114.58999633789062,0.0,115.66000366210938,114.2300033569336,115.52999877929688,0.0,5013900
2018-07-20,91.88420867919922,115.0,0.0,115.7300033569336,114.23999786376953,114.97000122070312,0.0,4358000
2018-07-23,91.62052154541016,114.66999816894531,0.0,114.83000183105469,113.04000091552734,114.3499984741211,0.0,3052800
2018-07-24,90.92542266845703,113.80000305175781,0.0,116.45999908447266,113.3499984741211,115.05999755859375,0.0,4286700
2018-07-25,90.46199035644531,113.22000122070312,0.0,114.38999938964844,110.02999877929688,113.4000015258789,0.0,8218400
2018-07-26,90.52592468261719,113.30000305175781,0.0,114.45999908447266,112.94000244140625,113.94999694824219,0.0,5520400
2018-07-27,89.96659851074219,112.5999984741211,0.0,114.29000091552734,112.0199966430664,113.30000305175781,0.0,4343900
2018-07-30,89.10694885253906,110.91000366210938,0.62,112.37000274658203,110.69999694824219,111.98999786376953,0.0,4422500
2018-07-31,89.43636322021484,111.31999969482422,0.0,112.58999633789062,110.91999816894531,111.98999786376953,0.0,5206300
2018-08-01,89.17925262451172,111.0,0.0,111.9800033569336,110.33000183105469,111.16000366210938,0.0,5303000
2018-08-02,90.1513900756836,112.20999908447266,0.0,113.0,110.0,110.1500015258789,0.0,4516700
2018-08-03,90.65753173828125,112.83999633789062,0.0,112.9800033569336,111.93000030517578,112.33000183105469,0.0,3337900
2018-08-06,90.87445831298828,113.11000061035156,0.0,113.5199966430664,112.12000274658203,112.27999877929688,0.0,2970800
2018-08-07,93.0035171508789,115.76000213623047,0.0,115.80999755859375,113.33999633789062,113.7699966430664,0.0,5234500
2018-08-08,93.32488250732422,116.16000366210938,0.0,116.61000061035156,115.16000366210938,115.66000366210938,0.0,2890800
2018-08-09,91.86267852783203,114.33999633789062,0.0,116.08999633789062,114.02999877929688,116.0,0.0,3505200
2018-08-10,88.44813537597656,110.08999633789062,0.0,112.31999969482422,109.3499984741211,111.73999786376953,0.0,7652600
2018-08-13,88.32762908935547,109.94000244140625,0.0,111.44000244140625,109.83999633789062,110.55999755859375,0.0,3989800
2018-08-14,88.6490249633789,110.33999633789062,0.0,110.98999786376953,109.87000274658203,110.66999816894531,0.0,3109600
2018-08-15,88.0544662475586,109.5999984741211,0.0,110.08000183105469,108.3499984741211,109.23999786376953,0.0,3532600
2018-08-16,87.8937759399414,109.4000015258789,0.0,110.54000091552734,109.08000183105469,110.12000274658203,0.0,2916300
2018-08-17,88.08661651611328,109.63999938964844,0.0,109.9800033569336,107.01000213623047,108.87000274658203,0.0,3744800
2018-08-20,87.59654998779297,109.02999877929688,0.0,109.80000305175781,108.54000091552734,109.75,0.0,3238200
2018-08-21,89.5890121459961,111.51000213623047,0.0,111.75,109.33999633789062,109.5,0.0,4714300
2018-08-22,90.13529205322266,112.19000244140625,0.0,112.69000244140625,109.2699966430664,110.63999938964844,0.0,3999200
2018-08-23,90.3040542602539,112.4000015258789,0.0,113.66000366210938,112.16000366210938,112.18000030517578,0.0,3038700
2018-08-24,91.3002700805664,113.63999938964844,0.0,113.79000091552734,112.33999633789062,112.95999908447266,0.0,3191900
2018-08-27,92.59379577636719,115.25,0.0,115.66000366210938,114.1500015258789,114.6500015258789,0.0,3686200
2018-08-28,92.40899658203125,115.0199966430664,0.0,116.06999969482422,114.66000366210938,115.73999786376953,0.0,3214400
2018-08-29,92.77051544189453,115.47000122070312,0.0,115.77999877929688,114.86000061035156,115.41000366210938,0.0,5113900
2018-08-30,90.44866180419922,112.58000183105469,0.0,115.36000061035156,112.48999786376953,114.91999816894531,0.0,5688600
2018-08-31,90.3040542602539,112.4000015258789,0.0,113.43000030517578,111.86000061035156,112.62999725341797,0.0,6550300
2018-09-04,90.41651153564453,112.54000091552734,0.0,112.66000366210938,110.6500015258789,111.0199966430664,0.0,6160300
2018-09-05,89.28369140625,111.12999725341797,0.0,112.94999694824219,110.8499984741211,112.37999725341797,0.0,5369300
2018-09-06,89.09088134765625,110.88999938964844,0.0,111.73999786376953,110.33999633789062,110.98999786376953,0.0,4813100
2018-09-07,87.13858795166016,108.45999908447266,0.0,111.0,108.25,110.44999694824219,0.0,5349300
2018-09-10,87.02611541748047,108.31999969482422,0.0,109.4800033569336,107.48999786376953,109.16999816894531,0.0,5138900
2018-09-11,85.20235443115234,106.05000305175781,0.0,108.1500015258789,105.91000366210938,108.05999755859375,0.0,8165600
2018-09-12,83.98918151855469,104.54000091552734,0.0,105.0,102.25,105.0,0.0,10182300
2018-09-13,84.93722534179688,105.72000122070312,0.0,106.91999816894531,104.5999984741211,105.1500015258789,0.0,6311100
2018-09-14,84.64800262451172,105.36000061035156,0.0,107.16000366210938,105.12999725341797,105.95999908447266,0.0,6485000
2018-09-17,83.31431579589844,103.69999694824219,0.0,105.66999816894531,103.3499984741211,105.29000091552734,0.0,5598300
2018-09-18,84.28643798828125,104.91000366210938,0.0,105.88999938964844,103.95999908447266,104.02999877929688,0.0,5654900
2018-09-19,86.26286315917969,107.37000274658203,0.0,107.51000213623047,105.0999984741211,105.12000274658203,0.0,6588900
2018-09-20,87.16268920898438,108.48999786376953,0.0,108.9800033569336,107.80000305175781,107.87999725341797,0.0,5562500
2018-09-21,88.41603088378906,110.05000305175781,0.0,110.9000015258789,109.54000091552734,110.5,0.0,10923900
2018-09-24,88.21516418457031,109.80000305175781,0.0,110.31999969482422,108.36000061035156,109.01000213623047,0.0,3531200
2018-09-25,86.40748596191406,107.55000305175781,0.0,109.55999755859375,106.80999755859375,109.25,0.0,6523800
2018-09-26,85.33893585205078,106.22000122070312,0.0,108.22000122070312,105.9800033569336,107.4800033569336,0.0,6478600
2018-09-27,86.19857025146484,107.29000091552734,0.0,107.68000030517578,106.12000274658203,106.44000244140625,0.0,4704200
2018-09-28,86.19857025146484,107.29000091552734,0.0,107.45999908447266,106.05999755859375,107.22000122070312,0.0,4556400
2018-10-01,86.56014251708984,107.73999786376953,0.0,108.62000274658203,107.43000030517578,107.66999816894531,0.0,3661800
2018-10-02,87.13858795166016,108.45999908447266,0.0,109.8499984741211,107.25,107.25,0.0,4718400
2018-10-03,86.91363525390625,108.18000030517578,0.0,109.19999694824219,107.41000366210938,109.02999877929688,0.0,5353400
2018-10-04,85.05772399902344,105.87000274658203,0.0,107.52999877929688,104.86000061035156,107.31999969482422,0.0,5846500
2018-10-05,82.97689056396484,103.27999877929688,0.0,105.93000030517578,101.76000213623047,105.55000305175781,0.0,8778800
2018-10-08,81.89226531982422,101.93000030517578,0.0,103.11000061035156,101.16999816894531,102.22000122070312,0.0,7458500
2018-10-09,82.64747619628906,102.87000274658203,0.0,103.1500015258789,101.55000305175781,101.93000030517578,0.0,6041500
2018-10-10,79.7310791015625,99.23999786376953,0.0,101.63999938964844,98.80999755859375,100.55999755859375,0.0,11243700
2018-10-11,79.96408081054688,99.52999877929688,0.0,102.01000213623047,99.01000213623047,100.5,0.0,10100300
2018-10-12,81.21739959716797,101.08999633789062,0.0,102.44999694824219,99.62999725341797,102.44999694824219,0.0,6889100
2018-10-15,79.88369750976562,99.43000030517578,0.0,100.48999786376953,98.62999725341797,99.69999694824219,0.0,6637400
2018-10-16,82.06903076171875,102.1500015258789,0.0,102.36000061035156,99.69000244140625,100.31999969482422,0.0,5894100
2018-10-17,81.57891845703125,101.54000091552734,0.0,103.16999816894531,100.9800033569336,102.9000015258789,0.0,5061400
2018-10-18,79.97212219238281,99.54000091552734,0.0,101.5,98.75,101.5,0.0,9668300
2018-10-19,78.94375610351562,98.26000213623047,0.0,100.41999816894531,97.30000305175781,99.1500015258789,0.0,10492500
2018-10-22,80.11671447753906,99.72000122070312,0.0,100.47000122070312,98.41000366210938,98.6500015258789,0.0,6881500
2018-10-23,80.54253387451172,100.25,0.0,100.47000122070312,95.20999908447266,97.18000030517578,0.0,13925900
2018-10-24,73.9223861694336,92.01000213623047,0.0,96.9800033569336,91.5,93.25,0.0,25121700
2018-10-25,73.72956085205078,91.7699966430664,0.0,93.4800033569336,90.80000305175781,92.26000213623047,0.0,21038900
2018-10-26,72.7574234008789,90.55999755859375,0.0,92.06999969482422,87.9000015258789,89.69000244140625,0.0,15855200
2018-10-29,72.45214080810547,90.18000030517578,0.0,93.51000213623047,88.5199966430664,93.08000183105469,0.0,9869400
2018-10-30,75.35311889648438,92.98999786376953,0.77,93.13999938964844,89.72000122070312,90.08999633789062,0.0,8734300
2018-10-31,75.22348022460938,92.83000183105469,0.0,94.43000030517578,92.76000213623047,94.0,0.0,10301100
2018-11-01,79.08876037597656,97.5999984741211,0.0,97.98999786376953,93.0,93.37999725341797,0.0,10972500
2018-11-02,77.030517578125,95.05999755859375,0.0,97.9000015258789,93.8499984741211,97.76000213623047,0.0,10088000
2018-11-05,77.5167236328125,95.66000366210938,0.0,96.0199966430664,94.25,94.91000366210938,0.0,6189400
2018-11-06,78.71603393554688,97.13999938964844,0.0,97.23999786376953,95.0,95.47000122070312,0.0,5413100
2018-11-07,78.7646255493164,97.19999694824219,0.0,97.97000122070312,96.3499984741211,97.80000305175781,0.0,5525700
2018-11-08,79.80187225341797,98.4800033569336,0.0,98.79000091552734,96.23999786376953,96.26000213623047,0.0,5948300
2018-11-09,77.87326049804688,96.0999984741211,0.0,98.12999725341797,95.83999633789062,98.11000061035156,0.0,6256400
2018-11-12,75.74209594726562,93.47000122070312,0.0,95.13999938964844,93.06999969482422,95.04000091552734,0.0,8688700
2018-11-13,76.56053161621094,94.4800033569336,0.0,96.16999816894531,93.9000015258789,94.11000061035156,0.0,5930800
2018-11-14,76.73881530761719,94.69999694824219,0.0,96.2699966430664,94.04000091552734,95.81999969482422,0.0,4975200
2018-11-15,79.38050079345703,97.95999908447266,0.0,98.43000030517578,94.16999816894531,94.51000213623047,0.0,7689000
2018-11-16,79.2913818359375,97.8499984741211,0.0,98.11000061035156,96.1500015258789,96.62999725341797,0.0,6767000
2018-11-19,76.67398071289062,94.62000274658203,0.0,97.72000122070312,94.55000305175781,97.5,0.0,8265300
2018-11-20,78.47290802001953,96.83999633789062,0.0,97.9000015258789,92.91000366210938,92.91000366210938,0.0,8230200
2018-11-21,77.89757537841797,96.12999725341797,0.0,98.06999969482422,95.8499984741211,97.75,0.0,6437700
2018-11-23,77.06294250488281,95.0999984741211,0.0,96.0,95.08000183105469,95.37000274658203,0.0,2066200
2018-11-26,78.10017395019531,96.37999725341797,0.0,96.66999816894531,95.31999969482422,96.41000366210938,0.0,4687400
2018-11-27,78.0191421508789,96.27999877929688,0.0,96.98999786376953,95.38999938964844,95.48999786376953,0.0,5044700
2018-11-28,79.62361145019531,98.26000213623047,0.0,98.29000091552734,95.18000030517578,96.69999694824219,0.0,5659300
2018-11-29,78.9510269165039,97.43000030517578,0.0,98.4800033569336,97.33000183105469,97.98999786376953,0.0,5938000
2018-11-30,80.91201782226562,99.8499984741211,0.0,99.88999938964844,96.91999816894531,97.77999877929688,0.0,8685900
2018-12-03,81.98167419433594,101.16999816894531,0.0,102.58000183105469,100.44999694824219,102.5,0.0,7828500
2018-12-04,77.88137817382812,96.11000061035156,0.0,101.08000183105469,95.95999908447266,100.76000213623047,0.0,7487100
2018-12-06,78.86186981201172,97.31999969482422,0.0,97.37000274658203,93.68000030517578,94.11000061035156,0.0,7329300
2018-12-07,74.85884094238281,92.37999725341797,0.0,97.02999877929688,92.23999786376953,96.66999816894531,0.0,8837800
2018-12-10,76.0094985961914,93.80000305175781,0.0,94.3499984741211,91.97000122070312,92.44000244140625,0.0,7549500
2018-12-11,76.6091537475586,94.54000091552734,0.0,96.5999984741211,94.5,95.76000213623047,0.0,9942500
2018-12-12,77.63827514648438,95.80999755859375,0.0,97.37000274658203,95.5999984741211,96.79000091552734,0.0,4945000
2018-12-13,77.6625747680664,95.83999633789062,0.0,96.61000061035156,95.0999984741211,96.23999786376953,0.0,3647500
2018-12-14,76.38224792480469,94.26000213623047,0.0,95.98999786376953,94.2300033569336,94.66000366210938,0.0,6318300
2018-12-17,74.48606872558594,91.91999816894531,0.0,94.7300033569336,91.4800033569336,94.27999877929688,0.0,8260200
2018-12-18,76.6091537475586,94.54000091552734,0.0,95.9800033569336,92.72000122070312,92.8499984741211,0.0,7675500
2018-12-19,73.35970306396484,90.52999877929688,0.0,94.91000366210938,89.54000091552734,94.33999633789062,0.0,9854500
2018-12-20,73.00313568115234,90.08999633789062,0.0,91.37999725341797,89.19999694824219,90.7699966430664,0.0,9235000
2018-12-21,73.26246643066406,90.41000366210938,0.0,93.31999969482422,89.87000274658203,90.44999694824219,0.0,14349200
2018-12-24,71.14749145507812,87.80000305175781,0.0,90.55000305175781,87.76000213623047,90.0,0.0,5621600
2018-12-26,75.34502410888672,92.9800033569336,0.0,93.02999877929688,87.69999694824219,88.80000305175781,0.0,8075200
2018-12-27,76.01761627197266,93.80999755859375,0.0,93.87999725341797,90.55000305175781,91.36000061035156,0.0,5882300
2018-12-28,76.01761627197266,93.80999755859375,0.0,95.75,93.08000183105469,94.05999755859375,0.0,5022200
2018-12-31,76.57673645019531,94.5,0.0,95.18000030517578,93.72000122070312,94.51000213623047,0.0,4113200
2019-01-02,76.53620147705078,94.44999694824219,0.0,95.25,92.45999908447266,92.76000213623047,0.0,6478800
2019-01-03,72.02263641357422,88.87999725341797,0.0,92.79000091552734,88.68000030517578,91.83000183105469,0.0,11667500
2019-01-04,75.28019714355469,92.9000015258789,0.0,93.37999725341797,89.47000122070312,89.93000030517578,0.0,7707600
2019-01-07,76.57673645019531,94.5,0.0,95.22000122070312,92.36000061035156,92.80000305175781,0.0,5023900
2019-01-08,76.47949981689453,94.37999725341797,0.0,95.63999938964844,93.02999877929688,95.26000213623047,0.0,5863500
2019-01-09,77.98673248291016,96.23999786376953,0.0,96.48999786376953,94.72000122070312,95.05000305175781,0.0,6909400
2019-01-10,79.18601989746094,97.72000122070312,0.0,97.94000244140625,95.47000122070312,95.76000213623047,0.0,6748500
2019-01-11,79.89099884033203,98.58999633789062,0.0,99.06999969482422,96.80999755859375,97.02999877929688,0.0,4738800
2019-01-14,78.05965423583984,96.33000183105469,0.0,97.81999969482422,95.98999786376953,97.30999755859375,0.0,5060100
2019-01-15,79.11309814453125,97.62999725341797,0.0,98.04000091552734,96.63999938964844,96.98999786376953,0.0,4690800
2019-01-16,78.74032592773438,97.16999816894531,0.0,98.11000061035156,97.02999877929688,97.68000030517578,0.0,4559500
2019-01-17,79.0401611328125,97.54000091552734,0.0,98.44000244140625,95.8499984741211,96.12000274658203,0.0,6872300
2019-01-18,80.5635986328125,99.41999816894531,0.0,99.9800033569336,97.94000244140625,98.44000244140625,0.0,6677500
2019-01-22,78.29464721679688,96.62000274658203,0.0,98.43000030517578,95.81999969482422,98.43000030517578,0.0,11068600
2019-01-23,77.37895202636719,95.48999786376953,0.0,97.37000274658203,94.80999755859375,96.87000274658203,0.0,10298700
2019-01-24,82.7271728515625,102.08999633789062,0.0,102.51000213623047,97.80000305175781,97.95999908447266,0.0,14260300
2019-01-25,84.6071548461914,104.41000366210938,0.0,104.87000274658203,102.72000122070312,102.81999969482422,0.0,11041700
2019-01-28,83.20527648925781,102.68000030517578,0.0,104.12999725341797,101.76000213623047,101.87999725341797,0.0,7292700
2019-01-29,82.12753295898438,101.3499984741211,0.0,103.47000122070312,101.30999755859375,102.86000061035156,0.0,6153100
2019-01-30,83.40132904052734,102.13999938964844,0.77,102.62999725341797,100.18000030517578,101.68000030517578,0.0,6430200
2019-01-31,82.20919799804688,100.68000030517578,0.0,101.79000091552734,100.16999816894531,101.0199966430664,0.0,8272300
2019-02-01,83.27884674072266,101.98999786376953,0.0,102.05999755859375,100.26000213623047,100.55000305175781,0.0,5615000
2019-02-04,83.12371826171875,101.80000305175781,0.0,102.33999633789062,101.06999969482422,101.9800033569336,0.0,5761200
2019-02-05,83.54830169677734,102.31999969482422,0.0,102.4000015258789,100.9800033569336,102.20999908447266,0.0,6372200
2019-02-06,86.94512176513672,106.4800033569336,0.0,106.88999938964844,104.05000305175781,104.26000213623047,0.0,9907800
2019-02-07,84.8057861328125,103.86000061035156,0.0,105.58000183105469,103.13999938964844,105.0999984741211,0.0,7045700
2019-02-08,85.36919403076172,104.55000305175781,0.0,104.80999755859375,102.13999938964844,102.44999694824219,0.0,5392400
2019-02-11,85.5406723022461,104.76000213623047,0.0,105.44999694824219,104.25,104.70999908447266,0.0,4553000
2019-02-12,86.9124755859375,106.44000244140625,0.0,106.58000183105469,105.75,105.93000030517578,0.0,5316800
2019-02-13,87.49220275878906,107.1500015258789,0.0,108.12000274658203,106.66000366210938,106.79000091552734,0.0,5965200
2019-02-14,87.34525299072266,106.97000122070312,0.0,108.38999938964844,106.43000030517578,106.77999877929688,0.0,3438800
2019-02-15,87.83514404296875,107.56999969482422,0.0,107.87000274658203,106.69000244140625,107.83000183105469,0.0,3604300
2019-02-19,87.59837341308594,107.27999877929688,0.0,107.88999938964844,106.61000061035156,107.11000061035156,0.0,3188000
2019-02-20,88.13726043701172,107.94000244140625,0.0,108.45999908447266,107.23999786376953,107.72000122070312,0.0,3692800
2019-02-21,87.07576751708984,106.63999938964844,0.0,107.75,106.19999694824219,106.97000122070312,0.0,3933500
2019-02-22,87.62284851074219,107.30999755859375,0.0,108.37999725341797,106.6500015258789,107.9000015258789,0.0,4392900
2019-02-25,88.34142303466797,108.19000244140625,0.0,109.48999786376953,107.83000183105469,109.0,0.0,5750200
2019-02-26,87.59017181396484,107.2699966430664,0.0,108.16999816894531,106.83000183105469,108.1500015258789,0.0,3740100
2019-02-27,86.3163833618164,105.70999908447266,0.0,106.41999816894531,104.70999908447266,106.41999816894531,0.0,4395800
2019-02-28,86.37351989746094,105.77999877929688,0.0,105.83999633789062,104.80999755859375,105.18000030517578,0.0,5465800
2019-03-01,87.17375946044922,106.76000213623047,0.0,107.08999633789062,105.77999877929688,106.86000061035156,0.0,4164200
2019-03-04,87.69632720947266,107.4000015258789,0.0,108.12999725341797,106.0,107.45999908447266,0.0,3278500
2019-03-05,87.01862335205078,106.56999969482422,0.0,107.79000091552734,106.5199966430664,107.66999816894531,0.0,4008600
2019-03-06,86.07959747314453,105.41999816894531,0.0,106.75,105.26000213623047,106.5999984741211,0.0,3568000
2019-03-07,85.69581604003906,104.94999694824219,0.0,105.72000122070312,103.68000030517578,104.8499984741211,0.0,5431000
2019-03-08,85.62232208251953,104.86000061035156,0.0,105.11000061035156,103.3499984741211,103.69000244140625,0.0,5180800
2019-03-11,86.9206314086914,106.44999694824219,0.0,106.9000015258789,105.0,105.16000366210938,0.0,3319800
2019-03-12,86.97779083251953,106.5199966430664,0.0,107.05000305175781,105.76000213623047,106.8499984741211,0.0,3047200
2019-03-13,87.84330749511719,107.58000183105469,0.0,108.29000091552734,106.66000366210938,107.16000366210938,0.0,3911100
2019-03-14,87.45138549804688,107.0999984741211,0.0,107.68000030517578,105.97000122070312,107.26000213623047,0.0,5393700
2019-03-15,90.42357635498047,110.73999786376953,0.0,110.80000305175781,107.98999786376953,108.0,0.0,13932300
2019-03-18,89.66419219970703,109.80999755859375,0.0,111.13999938964844,108.91999816894531,110.05000305175781,0.0,4408900
2019-03-19,89.83566284179688,110.0199966430664,0.0,110.80000305175781,109.55000305175781,110.58000183105469,0.0,3592100
2019-03-20,89.51720428466797,109.62999725341797,0.0,110.9000015258789,109.02999877929688,110.13999938964844,0.0,3829400
2019-03-21,91.6320571899414,112.22000122070312,0.0,112.9800033569336,109.94999694824219,110.01000213623047,0.0,5772700
2019-03-22,89.55804443359375,109.68000030517578,0.0,112.41000366210938,109.52999877929688,111.72000122070312,0.0,3773500
2019-03-25,87.45952606201172,107.11000061035156,0.0,109.22000122070312,106.26000213623047,108.12999725341797,0.0,5479100
2019-03-26,88.4557113647461,108.33000183105469,0.0,108.75,107.38999938964844,108.27999877929688,0.0,3085500
2019-03-27,86.52865600585938,105.97000122070312,0.0,108.83000183105469,105.44999694824219,108.38999938964844,0.0,4797200
2019-03-28,85.66316223144531,104.91000366210938,0.0,106.4000015258789,103.62999725341797,105.98999786376953,0.0,5386400
2019-03-29,86.6103286743164,106.06999969482422,0.0,106.62999725341797,105.36000061035156,106.05000305175781,0.0,4327700
2019-04-01,88.70885467529297,108.63999938964844,0.0,108.95999908447266,106.93000030517578,107.98999786376953,0.0,5349800
2019-04-02,90.04795837402344,110.27999877929688,0.0,110.43000030517578,108.18000030517578,108.97000122070312,0.0,7005500
2019-04-03,92.0648193359375,112.75,0.0,114.1500015258789,111.4000015258789,111.87999725341797,0.0,7036700
2019-04-04,92.4649429321289,113.23999786376953,0.0,114.2699966430664,112.36000061035156,112.37999725341797,0.0,5035600
2019-04-05,92.78336334228516,113.62999725341797,0.0,114.12000274658203,113.30999755859375,113.80999755859375,0.0,3318300
2019-04-08,94.08168029785156,115.22000122070312,0.0,115.41999816894531,113.31999969482422,113.80000305175781,0.0,4580800
2019-04-09,93.0364990234375,113.94000244140625,0.0,114.66999816894531,113.25,114.55000305175781,0.0,4648200
2019-04-10,93.83670806884766,114.91999816894531,0.0,115.19000244140625,113.54000091552734,113.87999725341797,0.0,3013300
2019-04-11,93.80403900146484,114.87999725341797,0.0,115.43000030517578,114.12999725341797,115.05999755859375,0.0,2799300
2019-04-12,95.33915710449219,116.76000213623047,0.0,117.02999877929688,115.77999877929688,115.77999877929688,0.0,4881100
2019-04-15,93.97553253173828,115.08999633789062,0.0,117.37000274658203,114.0199966430664,116.61000061035156,0.0,4265100
2019-04-16,95.02070617675781,116.37000274658203,0.0,116.8499984741211,115.62999725341797,115.83999633789062,0.0,4133700
2019-04-17,94.3919677734375,115.5999984741211,0.0,117.8499984741211,114.91000366210938,116.97000122070312,0.0,6227500
2019-04-18,94.3184585571289,115.51000213623047,0.0,116.18000030517578,115.12999725341797,116.18000030517578,0.0,4195800
2019-04-22,93.8612060546875,114.94999694824219,0.0,115.1500015258789,113.6500015258789,114.52999877929688,0.0,3691200
2019-04-23,95.02887725830078,116.37999725341797,0.0,116.52999877929688,114.5199966430664,115.4000015258789,0.0,7547400
2019-04-24,96.7027587890625,118.43000030517578,0.0,119.31999969482422,114.8499984741211,115.0,0.0,14483900
2019-04-25,95.67393493652344,117.16999816894531,0.0,118.41999816894531,115.6500015258789,117.83999633789062,0.0,5315400
2019-04-26,95.70658874511719,117.20999908447266,0.0,117.25,115.30999755859375,116.0,0.0,3582600
2019-04-29,95.2901382446289,116.69999694824219,0.0,117.33999633789062,116.0,116.7300033569336,0.0,3407600
2019-04-30,96.21284484863281,117.83000183105469,0.0,118.37000274658203,116.66000366210938,116.87999725341797,0.0,4533200
2019-05-01,94.95536804199219,116.29000091552734,0.0,118.91999816894531,116.19999694824219,118.05999755859375,0.0,3335800
2019-05-02,95.91071319580078,117.45999908447266,0.0,118.56999969482422,116.27999877929688,116.4000015258789,0.0,4532200
2019-05-03,96.55183410644531,117.47000122070312,0.77,117.97000122070312,116.11000061035156,117.45999908447266,0.0,3689000
2019-05-06,95.22853088378906,115.86000061035156,0.0,116.0,113.5,114.12000274658203,0.0,3974300
2019-05-07,93.6422119140625,113.93000030517578,0.0,114.43000030517578,112.25,114.0,0.0,5928100
2019-05-08,92.51616668701172,112.55999755859375,0.0,114.75,112.4800033569336,112.81999969482422,0.0,4819300
2019-05-09,92.17915344238281,112.1500015258789,0.0,112.83999633789062,110.19999694824219,110.87999725341797,0.0,4817500
2019-05-10,92.54902648925781,112.5999984741211,0.0,113.12999725341797,109.36000061035156,111.86000061035156,0.0,4189900
2019-05-13,88.03665161132812,107.11000061035156,0.0,110.3499984741211,106.7300033569336,109.16999816894531,0.0,7867600
2019-05-14,89.62299346923828,109.04000091552734,0.0,109.8499984741211,107.87999725341797,108.20999908447266,0.0,4068200
2019-05-15,90.65036010742188,110.29000091552734,0.0,110.87000274658203,107.70999908447266,108.0,0.0,4803600
2019-05-16,89.76270294189453,109.20999908447266,0.0,110.62999725341797,108.0999984741211,108.93000030517578,0.0,4690600
2019-05-17,87.77367401123047,106.79000091552734,0.0,109.4800033569336,106.11000061035156,108.18000030517578,0.0,6944000
2019-05-20,86.0804672241211,104.7300033569336,0.0,105.88999938964844,103.08999633789062,103.08999633789062,0.0,7519900
2019-05-21,87.94623565673828,107.0,0.0,108.0,106.2699966430664,106.9000015258789,0.0,4977200
2019-05-22,87.76541900634766,106.77999877929688,0.0,107.88999938964844,106.4000015258789,106.58999633789062,0.0,3297000
2019-05-23,86.98460388183594,105.83000183105469,0.0,105.98999786376953,104.3499984741211,105.77999877929688,0.0,4828000
2019-05-24,86.35171508789062,105.05999755859375,0.0,107.48999786376953,104.91999816894531,106.52999877929688,0.0,2786400
2019-05-28,84.83113098144531,103.20999908447266,0.0,105.94999694824219,103.1500015258789,105.88999938964844,0.0,5707100
2019-05-29,85.60374450683594,104.1500015258789,0.0,104.9000015258789,101.56999969482422,102.66000366210938,0.0,4923400
2019-05-30,86.6640396118164,105.44000244140625,0.0,106.0999984741211,104.12999725341797,104.4800033569336,0.0,3365700
2019-05-31,85.7352523803711,104.30999755859375,0.0,106.12000274658203,104.0,104.31999969482422,0.0,4463100
2019-06-03,86.4421157836914,105.16999816894531,0.0,106.9800033569336,104.58999633789062,105.04000091552734,0.0,4504500
2019-06-04,89.68875122070312,109.12000274658203,0.0,109.25,106.3499984741211,107.16000366210938,0.0,4924700
2019-06-05,89.98463439941406,109.4800033569336,0.0,110.29000091552734,107.77999877929688,110.0,0.0,3977400
2019-06-06,90.56817626953125,110.19000244140625,0.0,110.66999816894531,108.79000091552734,109.51000213623047,0.0,4734100
2019-06-07,91.3736801147461,111.16999816894531,0.0,111.83000183105469,110.58999633789062,111.13999938964844,0.0,5408600
2019-06-10,92.57368469238281,112.62999725341797,0.0,113.51000213623047,111.0,111.76000213623047,0.0,4656800
2019-06-11,92.82027435302734,112.93000030517578,0.0,114.33999633789062,111.97000122070312,114.30999755859375,0.0,4775700
2019-06-12,90.69148254394531,110.33999633789062,0.0,112.79000091552734,109.9800033569336,112.4800033569336,0.0,4105400
2019-06-13,91.38191223144531,111.18000030517578,0.0,111.36000061035156,110.31999969482422,110.76000213623047,0.0,3392000
2019-06-14,88.2010498046875,107.30999755859375,0.0,109.05000305175781,106.80000305175781,106.83999633789062,0.0,7137800
2019-06-17,87.71611785888672,106.72000122070312,0.0,108.0,106.55000305175781,107.30000305175781,0.0,3655300
2019-06-18,91.2668228149414,111.04000091552734,0.0,111.56999969482422,107.58000183105469,108.30000305175781,0.0,5207900
2019-06-19,91.48052978515625,111.30000305175781,0.0,112.30000305175781,110.69000244140625,111.80000305175781,0.0,2745900
2019-06-20,92.63944244384766,112.70999908447266,0.0,114.3499984741211,111.70999908447266,113.87000274658203,0.0,2789900
2019-06-21,92.31890106201172,112.31999969482422,0.0,113.37000274658203,111.66000366210938,111.87000274658203,0.0,5124900
2019-06-24,92.65589904785156,112.7300033569336,0.0,113.08999633789062,111.81999969482422,112.16999816894531,0.0,3356200
2019-06-25,91.62847137451172,111.4800033569336,0.0,113.23999786376953,111.33999633789062,112.91000366210938,0.0,3426200
2019-06-26,94.05317687988281,114.43000030517578,0.0,115.0199966430664,112.7699966430664,113.41000366210938,0.0,5308200
2019-06-27,95.22853088378906,115.86000061035156,0.0,116.66000366210938,115.0199966430664,115.22000122070312,0.0,4163800
2019-06-28,94.32440948486328,114.76000213623047,0.0,116.83000183105469,114.5,116.41999816894531,0.0,6129800
2019-07-01,96.32168579101562,117.19000244140625,0.0,118.9800033569336,116.23999786376953,117.5999984741211,0.0,6123700
2019-07-02,95.39291381835938,116.05999755859375,0.0,117.0,115.11000061035156,116.98999786376953,0.0,3818600
2019-07-03,95.29427337646484,115.94000244140625,0.0,116.4000015258789,114.91999816894531,116.19000244140625,0.0,2321700
2019-07-05,95.13810729980469,115.75,0.0,116.06999969482422,114.37000274658203,114.81999969482422,0.0,2915400
2019-07-08,94.46412658691406,114.93000030517578,0.0,115.81999969482422,114.68000030517578,115.19000244140625,0.0,2974500
2019-07-09,95.16276550292969,115.77999877929688,0.0,115.91999816894531,114.38999938964844,114.5999984741211,0.0,2754000
2019-07-10,95.86963653564453,116.63999938964844,0.0,118.44999694824219,116.19000244140625,116.62000274658203,0.0,3531800
2019-07-11,95.93537902832031,116.72000122070312,0.0,116.9800033569336,115.88999938964844,116.5999984741211,0.0,3044700
2019-07-12,97.2504653930664,118.31999969482422,0.0,118.4000015258789,116.66000366210938,117.6500015258789,0.0,2292500
2019-07-15,98.49978637695312,119.83999633789062,0.0,120.0,118.48999786376953,118.5,0.0,4020600
2019-07-16,97.54634857177734,118.68000030517578,0.0,119.05000305175781,117.54000091552734,118.5,0.0,4588800
2019-07-17,96.31346130371094,117.18000030517578,0.0,118.48999786376953,116.76000213623047,118.44000244140625,0.0,4027700
2019-07-18,97.45596313476562,118.56999969482422,0.0,118.72000122070312,117.01000213623047,117.48999786376953,0.0,2913000
2019-07-19,96.37921905517578,117.26000213623047,0.0,119.0,117.04000091552734,118.75,0.0,5596300
2019-07-22,97.1353988647461,118.18000030517578,0.0,118.48999786376953,117.56999969482422,117.9800033569336,0.0,3862700
2019-07-23,98.6888427734375,120.06999969482422,0.0,120.3499984741211,118.55000305175781,119.19999694824219,0.0,7146900
2019-07-24,106.02867126464844,129.0,0.0,129.8000030517578,125.95999908447266,126.5,0.0,16553300
2019-07-25,104.67247772216797,127.3499984741211,0.0,128.8000030517578,126.56999969482422,128.58999633789062,0.0,8504500
2019-07-26,105.33824157714844,128.16000366210938,0.0,128.92999267578125,127.30999755859375,127.81999969482422,0.0,5282300
2019-07-29,106.82592010498047,129.97000122070312,0.0,130.3699951171875,127.93000030517578,128.1999969482422,0.0,6070100
2019-07-30,106.28021240234375,128.5399932861328,0.77,128.97000122070312,127.48999786376953,128.19000244140625,0.0,3487300
2019-07-31,103.36152648925781,125.01000213623047,0.0,128.57000732421875,123.04000091552734,127.81999969482422,0.0,6601600
2019-08-01,102.07167053222656,123.44999694824219,0.0,128.72999572753906,123.2300033569336,125.5999984741211,0.0,7979300
2019-08-02,100.72394561767578,121.81999969482422,0.0,124.3499984741211,121.06999969482422,123.19000244140625,0.0,7368400
2019-08-05,96.68077087402344,116.93000030517578,0.0,119.29000091552734,116.22000122070312,119.22000122070312,0.0,8689800
2019-08-06,98.39229583740234,119.0,0.0,119.3499984741211,117.02999877929688,118.36000061035156,0.0,4783900
2019-08-07,99.8144302368164,120.72000122070312,0.0,120.98999786376953,117.05000305175781,117.29000091552734,0.0,7726600
2019-08-08,102.7827377319336,124.30999755859375,0.0,124.58000183105469,121.37999725341797,121.9800033569336,0.0,6226400
2019-08-09,99.72346496582031,120.61000061035156,0.0,124.31999969482422,120.5999984741211,123.97000122070312,0.0,5777500
2019-08-12,99.2852554321289,120.08000183105469,0.0,121.06999969482422,119.47000122070312,119.61000061035156,0.0,3728400
2019-08-13,101.98072052001953,123.33999633789062,0.0,124.44999694824219,119.27999877929688,120.36000061035156,0.0,6285300
2019-08-14,99.71522521972656,120.5999984741211,0.0,122.20999908447266,120.16000366210938,120.69999694824219,0.0,4531700
2019-08-15,99.09510803222656,119.8499984741211,0.0,121.61000061035156,118.7300033569336,121.2699966430664,0.0,3352600
2019-08-16,101.55078125,122.81999969482422,0.0,123.20999908447266,119.8499984741211,121.27999877929688,0.0,3675100
2019-08-19,103.02251434326172,124.5999984741211,0.0,126.36000061035156,124.01000213623047,125.55000305175781,0.0,3244500
2019-08-20,102.7827377319336,124.30999755859375,0.0,125.22000122070312,123.41000366210938,124.2300033569336,0.0,2706400
2019-08-21,104.21316528320312,126.04000091552734,0.0,126.08000183105469,124.69999694824219,125.5,0.0,3866100
2019-08-22,103.5268783569336,125.20999908447266,0.0,126.5999984741211,124.19000244140625,126.11000061035156,0.0,2997800
2019-08-23,99.45892333984375,120.29000091552734,0.0,125.08999633789062,119.83999633789062,124.12000274658203,0.0,6515900
2019-08-26,100.59992980957031,121.66999816894531,0.0,122.47000122070312,120.51000213623047,122.45999908447266,0.0,3294000
2019-08-27,101.02161407470703,122.18000030517578,0.0,123.58000183105469,121.52999877929688,122.93000030517578,0.0,3679700
2019-08-28,101.48462677001953,122.73999786376953,0.0,122.9800033569336,120.52999877929688,121.37000274658203,0.0,2470800
2019-08-29,102.17089080810547,123.56999969482422,0.0,125.30999755859375,123.38999938964844,124.18000030517578,0.0,3454600
2019-08-30,102.31973266601562,123.75,0.0,125.23999786376953,123.44000244140625,124.83000183105469,0.0,2747100
2019-09-03,100.65779876708984,121.73999786376953,0.0,123.4800033569336,120.66999816894531,123.05000305175781,0.0,3913200
2019-09-04,103.01425170898438,124.58999633789062,0.0,124.94000244140625,123.8499984741211,123.94999694824219,0.0,3858200
2019-09-05,104.84980773925781,126.80999755859375,0.0,129.00999450683594,126.1500015258789,126.75,0.0,5330400
2019-09-06,105.0813217163086,127.08999633789062,0.0,127.91000366210938,126.58999633789062,127.0999984741211,0.0,2457500
2019-09-09,105.0895767211914,127.0999984741211,0.0,127.94000244140625,125.68000030517578,127.94000244140625,0.0,3813700
2019-09-10,105.03999328613281,127.04000091552734,0.0,127.05999755859375,124.9000015258789,126.01000213623047,0.0,4725600
2019-09-11,106.31328582763672,128.5800018310547,0.0,128.64999389648438,126.4000015258789,127.0,0.0,4286100
2019-09-12,107.66928100585938,130.22000122070312,0.0,130.9199981689453,128.3699951171875,129.1999969482422,0.0,4472900
2019-09-13,107.16493225097656,129.61000061035156,0.0,130.88999938964844,129.55999755859375,130.47000122070312,0.0,3110800
2019-09-16,106.13139343261719,128.36000061035156,0.0,129.47999572753906,128.08999633789062,128.75999450683594,0.0,3065800
2019-09-17,107.12358093261719,129.55999755859375,0.0,129.6999969482422,127.62000274658203,128.3000030517578,0.0,2673600
2019-09-18,106.91686248779297,129.30999755859375,0.0,129.55999755859375,127.19999694824219,129.55999755859375,0.0,2328000
2019-09-19,106.5199966430664,128.8300018310547,0.0,130.25999450683594,128.5,129.5,0.0,2608100
2019-09-20,104.73405456542969,126.66999816894531,0.0,128.75,126.22000122070312,128.3000030517578,0.0,7471500
2019-09-23,105.64356231689453,127.7699966430664,0.0,128.35000610351562,126.30999755859375,126.66999816894531,0.0,3946200
2019-09-24,104.02297973632812,125.80999755859375,0.0,128.80999755859375,124.9000015258789,128.77000427246094,0.0,4694600
2019-09-25,105.61874389648438,127.73999786376953,0.0,128.3300018310547,124.52999877929688,125.30000305175781,0.0,3293400
2019-09-26,105.9247055053711,128.11000061035156,0.0,128.6699981689453,126.63999938964844,128.27999877929688,0.0,3297700
2019-09-27,105.12267303466797,127.13999938964844,0.0,129.63999938964844,125.86000061035156,129.52000427246094,0.0,5263500
2019-09-30,106.8590087890625,129.24000549316406,0.0,129.39999389648438,127.56999969482422,127.69000244140625,0.0,4233400
2019-10-01,106.32156372070312,128.58999633789062,0.0,131.8000030517578,127.58999633789062,130.0,0.0,5093900
2019-10-02,104.87460327148438,126.83999633789062,0.0,127.77999877929688,126.22000122070312,127.26000213623047,0.0,5334600
2019-10-03,106.41249084472656,128.6999969482422,0.0,129.25,125.86000061035156,127.2699966430664,0.0,5199700
2019-10-04,107.60314178466797,130.13999938964844,0.0,130.30999755859375,128.99000549316406,129.30999755859375,0.0,3893000
2019-10-07,106.53653717041016,128.85000610351562,0.0,130.49000549316406,128.74000549316406,130.0399932861328,0.0,2426200
2019-10-08,103.33670806884766,124.9800033569336,0.0,127.87000274658203,123.62999725341797,127.41999816894531,0.0,4769100
2019-10-09,105.37071990966797,127.44000244140625,0.0,128.17999267578125,126.31999969482422,126.75,0.0,2884800
2019-10-10,105.61048889160156,127.7300033569336,0.0,129.3699951171875,127.0999984741211,127.86000061035156,0.0,2679300
2019-10-11,107.5617904663086,130.08999633789062,0.0,131.75999450683594,129.55999755859375,130.10000610351562,0.0,4717200
2019-10-14,107.28067016601562,129.75,0.0,129.94000244140625,129.07000732421875,129.5800018310547,0.0,2292900
2019-10-15,108.88471984863281,131.69000244140625,0.0,132.1999969482422,129.7899932861328,130.27999877929688,0.0,2955400
2019-10-16,107.073974609375,129.5,0.0,131.4499969482422,129.19000244140625,130.8300018310547,0.0,4537600
2019-10-17,107.5948715209961,130.1300048828125,0.0,131.38999938964844,128.80999755859375,130.89999389648438,0.0,3003500
2019-10-18,107.0408935546875,129.4600067138672,0.0,130.4199981689453,128.5500030517578,129.7899932861328,0.0,4126000
2019-10-21,108.2563247680664,130.92999267578125,0.0,131.02000427246094,129.64999389648438,130.74000549316406,0.0,3355100
2019-10-22,106.30503845214844,128.57000732421875,0.0,131.10000610351562,128.22999572753906,130.27000427246094,0.0,5518900
2019-10-23,98.35094451904297,118.94999694824219,0.0,121.62000274658203,115.87000274658203,116.80000305175781,0.0,18450000
2019-10-24,97.90447235107422,118.41000366210938,0.0,120.29000091552734,117.31999969482422,118.80999755859375,0.0,6205400
2019-10-25,99.64080810546875,120.51000213623047,0.0,120.69000244140625,118.51000213623047,118.51000213623047,0.0,4788200
2019-10-28,99.2191162109375,120.0,0.0,122.0999984741211,119.23999786376953,121.05999755859375,0.0,6492900
2019-10-29,99.45892333984375,120.29000091552734,0.0,120.91999816894531,119.5199966430664,120.5199966430664,0.0,4622200
2019-10-30,98.12600708007812,117.79000091552734,0.9,120.06999969482422,117.58000183105469,119.7300033569336,0.0,5276200
2019-10-31,98.29261779785156,117.98999786376953,0.0,118.30999755859375,116.48999786376953,117.6500015258789,0.0,4778400
2019-11-01,98.33425903320312,118.04000091552734,0.0,119.58999633789062,117.87000274658203,119.19000244140625,0.0,4430100
2019-11-04,100.7751235961914,120.97000122070312,0.0,121.41000366210938,119.4800033569336,119.91999816894531,0.0,5175400
2019-11-05,99.85044860839844,119.86000061035156,0.0,121.7300033569336,119.66000366210938,121.0999984741211,0.0,3994500
2019-11-06,100.26695251464844,120.36000061035156,0.0,120.55000305175781,118.86000061035156,119.66999816894531,0.0,3904700
2019-11-07,99.90043640136719,119.91999816894531,0.0,121.86000061035156,119.08000183105469,120.94000244140625,0.0,4271200
2019-11-08,100.05870819091797,120.11000061035156,0.0,120.13999938964844,118.81999969482422,119.69999694824219,0.0,3804900
2019-11-11,98.36759948730469,118.08000183105469,0.0,119.69999694824219,117.97000122070312,119.06999969482422,0.0,5165300
2019-11-12,99.15066528320312,119.0199966430664,0.0,119.91000366210938,118.18000030517578,118.18000030517578,0.0,4761100
2019-11-13,98.65084075927734,118.41999816894531,0.0,118.95999908447266,117.61000061035156,118.05999755859375,0.0,4928800
2019-11-14,97.9427261352539,117.56999969482422,0.0,118.36000061035156,116.77999877929688,118.19000244140625,0.0,4568500
2019-11-15,98.30095672607422,118.0,0.0,118.76000213623047,117.55999755859375,118.56999969482422,0.0,4496800
2019-11-18,98.20931243896484,117.88999938964844,0.0,118.29000091552734,117.16999816894531,117.91999816894531,0.0,5337700
2019-11-19,98.16766357421875,117.83999633789062,0.0,118.4800033569336,116.9800033569336,118.4800033569336,0.0,3860600
2019-11-20,96.82643127441406,116.2300033569336,0.0,117.69999694824219,115.48999786376953,117.25,0.0,4368600
2019-11-21,96.71815490722656,116.0999984741211,0.0,116.3499984741211,114.58999633789062,116.19999694824219,0.0,5447700
2019-11-22,97.4762191772461,117.01000213623047,0.0,117.52999877929688,116.55000305175781,116.7300033569336,0.0,3008900
2019-11-25,99.14234161376953,119.01000213623047,0.0,119.47000122070312,117.70999908447266,117.79000091552734,0.0,3726400
2019-11-26,99.24230194091797,119.12999725341797,0.0,119.5,117.88999938964844,119.04000091552734,0.0,7099700
2019-11-27,101.40827941894531,121.7300033569336,0.0,121.80999755859375,119.5,119.91000366210938,0.0,4876200
2019-11-29,100.14200592041016,120.20999908447266,0.0,121.63999938964844,119.98999786376953,121.1500015258789,0.0,3498900
2019-12-02,98.95907592773438,118.79000091552734,0.0,120.19000244140625,117.91000366210938,120.12000274658203,0.0,4733500
2019-12-03,98.0926742553711,117.75,0.0,117.97000122070312,116.05999755859375,117.1500015258789,0.0,5307100
2019-12-04,100.20033264160156,120.27999877929688,0.0,121.47000122070312,119.41000366210938,119.9800033569336,0.0,4537600
2019-12-05,100.58352661132812,120.73999786376953,0.0,120.80999755859375,119.7699966430664,120.56999969482422,0.0,3260400
2019-12-06,101.94142150878906,122.37000274658203,0.0,122.69999694824219,121.87999725341797,121.94999694824219,0.0,3815900
2019-12-09,101.63317108154297,122.0,0.0,122.48999786376953,121.87000274658203,122.26000213623047,0.0,2801300
2019-12-10,101.10834503173828,121.37000274658203,0.0,122.98999786376953,121.16999816894531,122.19000244140625,0.0,4043400
2019-12-11,103.0660400390625,123.72000122070312,0.0,123.83999633789062,121.19999694824219,121.27999877929688,0.0,2959800
2019-12-12,105.02371978759766,126.06999969482422,0.0,126.9800033569336,123.02999877929688,123.80000305175781,0.0,5412700
2019-12-13,105.49858856201172,126.63999938964844,0.0,127.47000122070312,125.38999938964844,125.95999908447266,0.0,3451500
2019-12-16,105.8568115234375,127.06999969482422,0.0,128.6699981689453,127.06999969482422,127.58000183105469,0.0,4973100
2019-12-17,105.87345886230469,127.08999633789062,0.0,128.0,125.97000122070312,127.83999633789062,0.0,4354200
2019-12-18,105.2569808959961,126.3499984741211,0.0,127.38999938964844,126.0,127.38999938964844,0.0,5776200
2019-12-19,105.29865264892578,126.4000015258789,0.0,126.4800033569336,125.0,126.33999633789062,0.0,3961500
2019-12-20,107.42294311523438,128.9499969482422,0.0,129.0399932861328,125.8499984741211,127.25,0.0,9321400
2019-12-23,107.0897216796875,128.5500030517578,0.0,129.1699981689453,128.16000366210938,129.0,0.0,3095000
2019-12-24,107.07305908203125,128.52999877929688,0.0,128.85000610351562,127.88999938964844,128.72999572753906,0.0,1403400
2019-12-26,107.03137969970703,128.47999572753906,0.0,128.75,128.0500030517578,128.7100067138672,0.0,2339900
2019-12-27,107.10640716552734,128.57000732421875,0.0,128.9199981689453,128.08999633789062,128.86000061035156,0.0,1800600
2019-12-30,106.34832000732422,127.66000366210938,0.0,128.47000122070312,127.04000091552734,128.1999969482422,0.0,2283700
2019-12-31,106.87311553955078,128.2899932861328,0.0,128.38999938964844,127.05999755859375,127.25,0.0,2813300
2020-01-02,107.939453125,129.57000732421875,0.0,129.61000061035156,127.7699966430664,129.1300048828125,0.0,4614000
2020-01-03,106.50658416748047,127.8499984741211,0.0,129.25,127.2300033569336,127.45999908447266,0.0,4057200
2020-01-06,105.76512908935547,126.95999908447266,0.0,127.33000183105469,125.9000015258789,127.05999755859375,0.0,4345400
2020-01-07,107.80613708496094,129.41000366210938,0.0,130.89999389648438,128.4199981689453,129.14999389648438,0.0,7184100
2020-01-08,108.09772491455078,129.75999450683594,0.0,130.57000732421875,129.05999755859375,129.33999633789062,0.0,3546900
2020-01-09,109.40563201904297,131.3300018310547,0.0,131.74000549316406,130.24000549316406,130.6999969482422,0.0,3526600
2020-01-10,108.2976303100586,130.0,0.0,131.80999755859375,129.82000732421875,131.80999755859375,0.0,3234000
2020-01-13,108.25599670410156,129.9499969482422,0.0,130.74000549316406,129.77000427246094,130.57000732421875,0.0,4313200
2020-01-14,108.8558120727539,130.6699981689453,0.0,131.86000061035156,129.8300018310547,129.9499969482422,0.0,4626200
2020-01-15,107.6062240600586,129.1699981689453,0.0,130.42999267578125,128.86000061035156,130.42999267578125,0.0,3392300
2020-01-16,108.43093872070312,130.16000366210938,0.0,130.22999572753906,129.35000610351562,130.0,0.0,5475900
2020-01-17,109.71385955810547,131.6999969482422,0.0,132.0399932861328,130.44000244140625,130.75999450683594,0.0,5487100
2020-01-21,109.01407623291016,130.86000061035156,0.0,132.19000244140625,130.5800018310547,131.08999633789062,0.0,8631500
2020-01-22,111.080078125,133.33999633789062,0.0,135.6999969482422,131.82000732421875,132.02000427246094,0.0,8899700
2020-01-23,111.83815002441406,134.25,0.0,134.41000366210938,129.64999389648438,131.4199981689453,0.0,8598700
2020-01-24,108.73085021972656,130.52000427246094,0.0,135.44000244140625,129.75,134.8000030517578,0.0,5606800
2020-01-27,105.22367095947266,126.30999755859375,0.0,129.25,126.23999786376953,128.64999389648438,0.0,5890900
2020-01-28,106.66487121582031,128.0399932861328,0.0,128.30999755859375,126.76000213623047,127.1500015258789,0.0,4397500
2020-01-29,104.54055786132812,125.48999786376953,0.0,128.50999450683594,125.44000244140625,127.55000305175781,0.0,4535000
2020-01-30,104.39789581298828,124.41999816894531,0.9,124.66999816894531,122.22000122070312,123.22000122070312,0.0,5521300
2020-01-31,101.23458862304688,120.6500015258789,0.0,123.63999938964844,119.95999908447266,123.36000061035156,0.0,5782500
2020-02-03,103.54204559326172,123.4000015258789,0.0,123.68000030517578,121.05999755859375,121.05999755859375,0.0,5396400
2020-02-04,106.1180191040039,126.47000122070312,0.0,127.31999969482422,125.36000061035156,126.0,0.0,4434700
2020-02-05,111.12730407714844,132.44000244140625,0.0,132.91000366210938,128.66000366210938,128.66000366210938,0.0,7281800
2020-02-06,111.19444274902344,132.52000427246094,0.0,133.0,131.47999572753906,133.0,0.0,3686600
2020-02-07,107.98914337158203,128.6999969482422,0.0,131.25,128.50999450683594,131.25,0.0,4331700
2020-02-10,108.78630065917969,129.64999389648438,0.0,129.6999969482422,127.30000305175781,127.55000305175781,0.0,2882500
2020-02-11,109.6673355102539,130.6999969482422,0.0,131.97999572753906,130.1300048828125,130.47000122070312,0.0,2986800
2020-02-12,111.11052703857422,132.4199981689453,0.0,132.94000244140625,131.63999938964844,131.64999389648438,0.0,2839100
2020-02-13,111.43778228759766,132.80999755859375,0.0,133.38999938964844,131.16000366210938,131.8800048828125,0.0,4268700
2020-02-14,110.93433380126953,132.2100067138672,0.0,133.6199951171875,131.27000427246094,133.47999572753906,0.0,2605200
2020-02-18,110.12041473388672,131.24000549316406,0.0,131.77999877929688,130.58999633789062,131.10000610351562,0.0,3094400
2020-02-19,111.70626831054688,133.1300048828125,0.0,134.3000030517578,132.2100067138672,132.89999389648438,0.0,3931600
2020-02-20,110.31341552734375,131.47000122070312,0.0,133.25999450683594,130.33999633789062,132.61000061035156,0.0,2487800
2020-02-21,107.838134765625,128.52000427246094,0.0,130.8300018310547,127.95999908447266,130.75999450683594,0.0,4121000
2020-02-24,101.89746856689453,121.44000244140625,0.0,125.26000213623047,121.25,124.01000213623047,0.0,7483800
2020-02-25,99.32989501953125,118.37999725341797,0.0,123.02999877929688,118.0199966430664,122.9000015258789,0.0,6347200
2020-02-26,99.67391967773438,118.79000091552734,0.0,120.63999938964844,117.62999725341797,119.29000091552734,0.0,5778000
2020-02-27,94.92472839355469,113.12999725341797,0.0,118.48999786376953,113.06999969482422,116.3499984741211,0.0,8687300
2020-02-28,95.77220153808594,114.13999938964844,0.0,116.12000274658203,108.61000061035156,109.44999694824219,0.0,11431100
2020-03-02,99.82494354248047,118.97000122070312,0.0,119.06999969482422,113.31999969482422,115.16000366210938,0.0,7207500
2020-03-03,95.49530029296875,113.80999755859375,0.0,120.12000274658203,112.20999908447266,118.37999725341797,0.0,9217300
2020-03-04,99.8920669555664,119.05000305175781,0.0,119.08999633789062,114.33999633789062,115.7699966430664,0.0,5556500
2020-03-05,96.2588882446289,114.72000122070312,0.0,117.20999908447266,113.70999908447266,115.16999816894531,0.0,6162300
2020-03-06,94.9499282836914,113.16000366210938,0.0,113.87000274658203,110.13999938964844,111.08999633789062,0.0,6386200
2020-03-09,88.13661193847656,105.04000091552734,0.0,110.08000183105469,104.41999816894531,105.11000061035156,0.0,8454600
2020-03-10,94.07727813720703,112.12000274658203,0.0,112.13999938964844,104.75,108.83000183105469,0.0,9206200
2020-03-11,89.36167907714844,106.5,0.0,111.44000244140625,105.79000091552734,109.54000091552734,0.0,9636500
2020-03-12,81.83514404296875,97.52999877929688,0.0,104.7300033569336,96.55000305175781,99.41999816894531,0.0,15158500
2020-03-13,88.9756851196289,106.04000091552734,0.0,107.47000122070312,98.45999908447266,103.30999755859375,0.0,16040100
2020-03-16,78.45366668701172,93.5,0.0,104.5,93.08999633789062,95.87999725341797,0.0,12389200
2020-03-17,89.0679931640625,106.1500015258789,0.0,107.63999938964844,95.11000061035156,96.02999877929688,0.0,16243500
2020-03-18,83.9076919555664,100.0,0.0,105.81999969482422,94.1500015258789,100.05000305175781,0.0,16413900
2020-03-19,85.22502136230469,101.56999969482422,0.0,105.0,97.12000274658203,99.38999938964844,0.0,9298500
2020-03-20,81.89390563964844,97.5999984741211,0.0,105.5,97.0999984741211,104.5,0.0,10253200
2020-03-23,82.59870910644531,98.44000244140625,0.0,101.95999908447266,94.91999816894531,97.3499984741211,0.0,9680700
2020-03-24,88.40512084960938,105.36000061035156,0.0,105.68000030517578,99.45999908447266,102.1500015258789,0.0,9385700
2020-03-25,83.20284271240234,99.16000366210938,0.0,105.83000183105469,98.51000213623047,104.33000183105469,0.0,11862100
2020-03-26,90.41890716552734,107.76000213623047,0.0,108.83999633789062,99.01000213623047,99.4000015258789,0.0,10441400
2020-03-27,84.32721710205078,100.5,0.0,105.0,100.06999969482422,104.0,0.0,7579200
2020-03-30,85.60258483886719,102.0199966430664,0.0,103.44000244140625,100.30000305175781,100.4000015258789,0.0,6950800
2020-03-31,83.84892272949219,99.93000030517578,0.0,103.19000244140625,99.4800033569336,102.0199966430664,0.0,8968000
2020-04-01,81.29814147949219,96.88999938964844,0.0,100.37000274658203,96.06999969482422,96.0999984741211,0.0,8229700
2020-04-02,85.60258483886719,102.0199966430664,0.0,102.22000122070312,96.0999984741211,96.26000213623047,0.0,8353400
2020-04-03,83.89088439941406,99.9800033569336,0.0,103.63999938964844,98.8499984741211,102.44000244140625,0.0,6587300
2020-04-06,91.42579650878906,108.95999908447266,0.0,109.55999755859375,103.51000213623047,104.58000183105469,0.0,7189500
2020-04-07,89.16029357910156,106.26000213623047,0.0,112.93000030517578,105.83000183105469,111.69000244140625,0.0,7762200
2020-04-08,92.4410629272461,110.16999816894531,0.0,110.66999816894531,106.22000122070312,108.19000244140625,0.0,5426500
2020-04-09,90.36016082763672,107.69000244140625,0.0,112.20999908447266,107.08000183105469,111.0,0.0,5902300
2020-04-13,90.34337615966797,107.66999816894531,0.0,108.44999694824219,105.30000305175781,105.5,0.0,5209400
2020-04-14,93.09554290771484,110.94999694824219,0.0,111.43000030517578,108.97000122070312,109.5199966430664,0.0,8142400
2020-04-15,90.60350036621094,107.9800033569336,0.0,109.13999938964844,106.76000213623047,109.08000183105469,0.0,5381300
2020-04-16,93.46475219726562,111.38999938964844,0.0,111.91000366210938,107.80999755859375,109.41999816894531,0.0,5777700
2020-04-17,95.27715301513672,113.55000305175781,0.0,114.05999755859375,110.7300033569336,111.61000061035156,0.0,6100000
2020-04-20,93.58220672607422,111.52999877929688,0.0,115.12000274658203,111.30000305175781,111.5199966430664,0.0,7957200
2020-04-21,89.64694213867188,106.83999633789062,0.0,110.75,106.5,110.19999694824219,0.0,8799800
2020-04-22,93.95982360839844,111.9800033569336,0.0,112.45999908447266,108.61000061035156,109.68000030517578,0.0,10961000
2020-04-23,92.68440246582031,110.45999908447266,0.0,113.9000015258789,110.18000030517578,111.73999786376953,0.0,5374000
2020-04-24,95.59600830078125,113.93000030517578,0.0,114.0,111.04000091552734,111.3499984741211,0.0,5570200
2020-04-27,97.14830017089844,115.77999877929688,0.0,116.23999786376953,113.0199966430664,114.0,0.0,4728000
2020-04-28,95.85611724853516,114.23999786376953,0.0,119.80999755859375,114.06999969482422,118.12000274658203,0.0,5762300
2020-04-29,100.18573760986328,119.4000015258789,0.0,119.68000030517578,115.87000274658203,115.93000030517578,0.0,4936900
2020-04-30,97.39163208007812,116.06999969482422,0.0,117.98999786376953,115.19000244140625,117.54000091552734,0.0,5781000
2020-05-01,92.77445983886719,109.70999908447266,0.9,113.25,109.44999694824219,112.37999725341797,0.0,5839800
2020-05-04,93.4425277709961,110.5,0.0,110.66000366210938,107.83999633789062,108.91999816894531,0.0,4987000
2020-05-05,94.32197570800781,111.54000091552734,0.0,113.19000244140625,110.80000305175781,111.5,0.0,5242400
2020-05-06,95.06612396240234,112.41999816894531,0.0,113.8499984741211,111.9800033569336,112.4000015258789,0.0,3701300
2020-05-07,96.10626220703125,113.6500015258789,0.0,114.93000030517578,112.62000274658203,113.88999938964844,0.0,3601300
2020-05-08,97.24787139892578,115.0,0.0,115.54000091552734,112.75,113.95999908447266,0.0,4331200
2020-05-11,97.14639282226562,114.87999725341797,0.0,115.7699966430664,113.41000366210938,113.41000366210938,0.0,2723600
2020-05-12,94.44881439208984,111.69000244140625,0.0,115.87000274658203,111.33999633789062,115.13999938964844,0.0,3547100
2020-05-13,92.2332763671875,109.06999969482422,0.0,112.91999816894531,107.37999725341797,112.91999816894531,0.0,4653000
2020-05-14,93.31568145751953,110.3499984741211,0.0,110.44000244140625,106.41999816894531,109.0,0.0,4396100
2020-05-15,91.53138732910156,108.23999786376953,0.0,108.37000274658203,105.44999694824219,106.54000091552734,0.0,7237700
2020-05-18,96.75740814208984,114.41999816894531,0.0,115.1500015258789,110.26000213623047,111.18000030517578,0.0,6527200
2020-05-19,95.2859878540039,112.68000030517578,0.0,115.33999633789062,112.52999877929688,114.0199966430664,0.0,4594800
2020-05-20,99.34506225585938,117.4800033569336,0.0,118.83000183105469,114.63999938964844,115.13999938964844,0.0,4961600
2020-05-21,95.94558715820312,113.45999908447266,0.0,117.33000183105469,113.37999725341797,116.44000244140625,0.0,4381700
2020-05-22,95.92023468017578,113.43000030517578,0.0,113.87000274658203,112.31999969482422,113.52999877929688,0.0,3061600
2020-05-26,97.86519622802734,115.7300033569336,0.0,117.61000061035156,115.51000213623047,115.80999755859375,0.0,4822000
2020-05-27,99.63256072998047,117.81999969482422,0.0,117.97000122070312,115.54000091552734,116.43000030517578,0.0,4079400
2020-05-28,97.98358154296875,115.87000274658203,0.0,118.69000244140625,115.51000213623047,117.76000213623047,0.0,3798200
2020-05-29,100.4105453491211,118.73999786376953,0.0,119.26000213623047,115.66000366210938,116.80999755859375,0.0,5953600
2020-06-01,99.66639709472656,117.86000061035156,0.0,118.4000015258789,116.83000183105469,117.7699966430664,0.0,2842500
2020-06-02,103.73387145996094,122.66999816894531,0.0,122.93000030517578,117.83999633789062,118.5999984741211,0.0,7277700
2020-06-03,107.57305145263672,127.20999908447266,0.0,128.47000122070312,125.63999938964844,126.66999816894531,0.0,7650600
2020-06-04,108.7315673828125,128.5800018310547,0.0,129.0,126.29000091552734,126.37999725341797,0.0,5052500
2020-06-05,111.15007781982422,131.44000244140625,0.0,135.67999267578125,130.5500030517578,130.9600067138672,0.0,7788500
2020-06-08,112.35089874267578,132.86000061035156,0.0,133.2899932861328,129.6300048828125,130.66000366210938,0.0,5602500
2020-06-09,111.7251205444336,132.1199951171875,0.0,132.91000366210938,130.14999389648438,131.35000610351562,0.0,4450000
2020-06-10,111.11626434326172,131.39999389648438,0.0,132.7899932861328,130.99000549316406,132.4499969482422,0.0,4005700
2020-06-11,105.3744125366211,124.61000061035156,0.0,129.22000122070312,124.33000183105469,129.0500030517578,0.0,6013700
2020-06-12,104.83320617675781,123.97000122070312,0.0,127.73999786376953,122.4000015258789,127.2699966430664,0.0,5950800
2020-06-15,105.05306243896484,124.2300033569336,0.0,124.52999877929688,120.80000305175781,121.56999969482422,0.0,5152800
2020-06-16,106.64287567138672,126.11000061035156,0.0,129.1300048828125,124.4800033569336,128.27000427246094,0.0,3529000
2020-06-17,106.73587036132812,126.22000122070312,0.0,127.87000274658203,125.79000091552734,127.05999755859375,0.0,2934000
2020-06-18,106.53292846679688,125.9800033569336,0.0,126.62999725341797,125.08999633789062,125.7300033569336,0.0,3062500
2020-06-19,105.61119079589844,124.88999938964844,0.0,128.24000549316406,123.97000122070312,128.05999755859375,0.0,10377200
2020-06-22,105.89871215820312,125.2300033569336,0.0,125.45999908447266,123.11000061035156,124.7699966430664,0.0,3677600
2020-06-23,107.07414245605469,126.62000274658203,0.0,128.10000610351562,126.0,126.62999725341797,0.0,4679000
2020-06-24,104.85012817382812,123.98999786376953,0.0,126.80000305175781,123.12999725341797,125.29000091552734,0.0,4747100
2020-06-25,105.75494384765625,125.05999755859375,0.0,125.33999633789062,122.3499984741211,124.0,0.0,2617200
2020-06-26,104.32584381103516,123.37000274658203,0.0,124.88999938964844,122.4000015258789,124.62999725341797,0.0,9870700
2020-06-29,105.50971984863281,124.7699966430664,0.0,124.94999694824219,122.41999816894531,123.8499984741211,0.0,3540100
2020-06-30,107.37010955810547,126.97000122070312,0.0,127.69999694824219,124.3499984741211,124.4000015258789,0.0,5572400
2020-07-01,105.53507232666016,124.80000305175781,0.0,126.86000061035156,124.66999816894531,126.5999984741211,0.0,4022000
2020-07-02,106.38916015625,125.80999755859375,0.0,127.16999816894531,125.0199966430664,126.38999938964844,0.0,4799000
2020-07-06,109.53494262695312,129.52999877929688,0.0,130.52999877929688,126.19999694824219,127.51000213623047,0.0,4957000
2020-07-07,108.7485122680664,128.60000610351562,0.0,129.47000122070312,128.25,128.72999572753906,0.0,3778200
2020-07-08,109.30659484863281,129.25999450683594,0.0,129.74000549316406,127.69000244140625,129.6699981689453,0.0,3584300
2020-07-09,110.29598999023438,130.42999267578125,0.0,131.99000549316406,126.9000015258789,128.7899932861328,0.0,4977300
2020-07-10,110.38053894042969,130.52999877929688,0.0,131.24000549316406,128.9600067138672,130.22000122070312,0.0,2659200
2020-07-13,108.93455505371094,128.82000732421875,0.0,133.58999633789062,128.49000549316406,132.0,0.0,4861600
2020-07-14,111.53063201904297,131.88999938964844,0.0,132.22999572753906,126.70999908447266,127.79000091552734,0.0,4247500
2020-07-15,111.75048828125,132.14999389648438,0.0,132.4499969482422,130.08999633789062,131.42999267578125,0.0,3625100
2020-07-16,111.77586364746094,132.17999267578125,0.0,132.69000244140625,130.50999450683594,130.85000610351562,0.0,3337600
2020-07-17,113.22189331054688,133.88999938964844,0.0,135.0,132.25,133.50999450683594,0.0,4666100
2020-07-20,115.49665069580078,136.5800018310547,0.0,137.0,133.19000244140625,134.1999969482422,0.0,4623100
2020-07-21,114.56643676757812,135.47999572753906,0.0,137.64999389648438,135.25999450683594,137.08999633789062,0.0,7715800
2020-07-22,112.07183074951172,132.52999877929688,0.0,135.17999267578125,130.49000549316406,134.60000610351562,0.0,10911900
2020-07-23,109.12055969238281,129.0399932861328,0.0,133.14999389648438,128.32000732421875,133.0,0.0,7793500
2020-07-24,109.6195068359375,129.6300048828125,0.0,131.97000122070312,128.11000061035156,129.75,0.0,5077100
2020-07-27,111.7251205444336,132.1199951171875,0.0,132.3300018310547,130.0399932861328,130.35000610351562,0.0,3874500
2020-07-28,110.04230499267578,130.1300048828125,0.0,131.80999755859375,129.72000122070312,130.89999389648438,0.0,3545300
2020-07-29,111.31922149658203,131.63999938964844,0.0,132.3000030517578,130.58999633789062,130.92999267578125,0.0,2818300
2020-07-30,109.74403381347656,128.88999938964844,0.9,129.8699951171875,127.73999786376953,128.4499969482422,0.0,4146900
2020-07-31,108.60306549072266,127.55000305175781,0.0,128.60000610351562,125.43000030517578,128.35000610351562,0.0,8044000
2020-08-03,110.11015319824219,129.32000732421875,0.0,129.5,127.68000030517578,128.14999389648438,0.0,4311800
2020-08-04,112.587890625,132.22999572753906,0.0,132.3300018310547,128.7100067138672,129.0399932861328,0.0,5361500
2020-08-05,112.98809051513672,132.6999969482422,0.0,132.7899932861328,130.47999572753906,130.5,0.0,4370200
2020-08-06,113.87358093261719,133.74000549316406,0.0,133.82000732421875,132.02999877929688,132.58999633789062,0.0,2961800
2020-08-07,113.72029876708984,133.55999755859375,0.0,134.11000061035156,132.47000122070312,133.74000549316406,0.0,2856700
2020-08-10,115.29551696777344,135.41000366210938,0.0,135.80999755859375,132.47000122070312,133.22000122070312,0.0,5526400
2020-08-11,115.83194732666016,136.0399932861328,0.0,138.8300018310547,135.64999389648438,136.80999755859375,0.0,5383800
2020-08-12,118.04572296142578,138.63999938964844,0.0,139.13999938964844,136.64999389648438,137.47000122070312,0.0,3073700
2020-08-13,116.77703857421875,137.14999389648438,0.0,138.60000610351562,136.9499969482422,138.11000061035156,0.0,2945100
2020-08-14,116.94735717773438,137.35000610351562,0.0,138.30999755859375,137.0,137.72999572753906,0.0,2062900
2020-08-17,117.73916625976562,138.27999877929688,0.0,139.24000549316406,137.6300048828125,137.86000061035156,0.0,2380400
2020-08-18,118.6161880493164,139.30999755859375,0.0,139.4600067138672,138.1999969482422,138.9600067138672,0.0,2760400
2020-08-19,117.90949249267578,138.47999572753906,0.0,140.8800048828125,138.02999877929688,139.6699981689453,0.0,3803200
2020-08-20,117.98609161376953,138.57000732421875,0.0,139.1300048828125,136.6199951171875,137.30999755859375,0.0,2761200
2020-08-21,119.48468017578125,140.3300018310547,0.0,140.49000549316406,137.19000244140625,138.1199951171875,0.0,4382500
2020-08-24,120.0721664428711,141.02000427246094,0.0,141.80999755859375,139.9199981689453,140.86000061035156,0.0,2841300
2020-08-25,120.61711120605469,141.66000366210938,0.0,142.22000122070312,140.97999572753906,141.5800018310547,0.0,2840700
2020-08-26,121.28975677490234,142.4499969482422,0.0,142.69000244140625,141.1199951171875,141.32000732421875,0.0,2974100
2020-08-27,120.47237396240234,141.49000549316406,0.0,143.22999572753906,140.52000427246094,143.05999755859375,0.0,2801000
2020-08-28,122.1752700805664,143.49000549316406,0.0,143.58999633789062,141.10000610351562,141.50999450683594,0.0,2884700
2020-08-31,121.03430938720703,142.14999389648438,0.0,143.27000427246094,141.82000732421875,142.64999389648438,0.0,4344600
2020-09-01,123.42691802978516,144.9600067138672,0.0,145.05999755859375,142.0399932861328,143.0,0.0,3563400
2020-09-02,125.70880889892578,147.63999938964844,0.0,148.3699951171875,145.49000549316406,146.4499969482422,0.0,4579200
2020-09-03,120.6256332397461,141.6699981689453,0.0,147.44000244140625,140.55999755859375,147.0,0.0,5866400
2020-09-04,119.6038818359375,140.47000122070312,0.0,142.52000427246094,137.7100067138672,140.85000610351562,0.0,5251600
2020-09-08,115.83194732666016,136.0399932861328,0.0,138.7100067138672,135.75,136.1999969482422,0.0,5893700
2020-09-09,118.93122863769531,139.67999267578125,0.0,140.85000610351562,137.19000244140625,138.2100067138672,0.0,5418500
2020-09-10,116.81109619140625,137.19000244140625,0.0,141.25,136.22000122070312,139.4199981689453,0.0,3985800
2020-09-11,116.1129150390625,136.3699951171875,0.0,139.0,135.25,138.22000122070312,0.0,3524400
2020-09-14,117.95205688476562,138.52999877929688,0.0,139.11000061035156,137.6300048828125,138.32000732421875,0.0,3120400
2020-09-15,119.74862670898438,140.63999938964844,0.0,141.82000732421875,139.36000061035156,139.7899932861328,0.0,2718700
2020-09-16,118.93122863769531,139.67999267578125,0.0,142.1300048828125,139.61000061035156,142.08999633789062,0.0,3591700
2020-09-17,119.54430389404297,140.39999389648438,0.0,140.52999877929688,135.9199981689453,136.4199981689453,0.0,5646100
2020-09-18,118.06272888183594,138.66000366210938,0.0,141.8000030517578,137.0,141.13999938964844,0.0,7025900
2020-09-21,116.63229370117188,136.97999572753906,0.0,137.1199951171875,134.32000732421875,135.8699951171875,0.0,6036000
2020-09-22,118.0542221069336,138.64999389648438,0.0,138.82000732421875,135.6300048828125,137.77999877929688,0.0,3213200
2020-09-23,115.08264923095703,135.16000366210938,0.0,139.08999633789062,134.72000122070312,139.08999633789062,0.0,5766400
2020-09-24,116.38536071777344,136.69000244140625,0.0,138.32000732421875,134.1199951171875,134.1199951171875,0.0,2911000
2020-09-25,117.77325439453125,138.32000732421875,0.0,139.10000610351562,134.75,135.9499969482422,0.0,3036000
2020-09-28,120.85550689697266,141.94000244140625,0.0,142.0,139.72000122070312,140.22000122070312,0.0,3454100
2020-09-29,120.48086547851562,141.5,0.0,143.0500030517578,141.1999969482422,142.2899932861328,0.0,2722900
2020-09-30,121.57925415039062,142.7899932861328,0.0,144.25,140.50999450683594,141.16000366210938,0.0,5599600
2020-10-01,123.38435363769531,144.91000366210938,0.0,147.22000122070312,143.99000549316406,145.44000244140625,0.0,4431200
2020-10-02,120.13178253173828,141.08999633789062,0.0,143.92999267578125,140.83999633789062,142.0800018310547,0.0,3928600
2020-10-05,122.67761993408203,144.0800018310547,0.0,144.22999572753906,141.57000732421875,142.2899932861328,0.0,3052800
2020-10-06,122.4817886352539,143.85000610351562,0.0,147.13999938964844,142.97000122070312,143.85000610351562,0.0,3418700
2020-10-07,124.9510269165039,146.75,0.0,147.2899932861328,144.80999755859375,145.33999633789062,0.0,2845500
2020-10-08,126.06643676757812,148.05999755859375,0.0,148.30999755859375,146.55999755859375,146.8300018310547,0.0,2323700
2020-10-09,128.49307250976562,150.91000366210938,0.0,151.52000427246094,148.85000610351562,150.0800018310547,0.0,4209800
2020-10-12,131.8903350830078,154.89999389648438,0.0,155.75999450683594,151.8300018310547,152.5800018310547,0.0,5147800
2020-10-13,131.5413055419922,154.49000549316406,0.0,155.8800048828125,153.67999267578125,155.11000061035156,0.0,3524000
2020-10-14,130.07679748535156,152.77000427246094,0.0,154.72999572753906,152.17999267578125,154.5,0.0,3267400
2020-10-15,129.88943481445312,152.5500030517578,0.0,153.0500030517578,150.86000061035156,151.82000732421875,0.0,2936000
2020-10-16,130.374755859375,153.1199951171875,0.0,154.9199981689453,152.72999572753906,153.97000122070312,0.0,4599700
2020-10-19,128.36534118652344,150.75999450683594,0.0,154.9199981689453,150.25999450683594,153.27999877929688,0.0,4225400
2020-10-20,128.42494201660156,150.8300018310547,0.0,152.24000549316406,149.69000244140625,151.7899932861328,0.0,3916100
2020-10-21,124.4231185913086,146.1300048828125,0.0,149.4600067138672,144.66000366210938,149.10000610351562,0.0,6700600
2020-10-22,126.2026596069336,148.22000122070312,0.0,148.8800048828125,145.8300018310547,146.82000732421875,0.0,3167200
2020-10-23,127.6841812133789,149.9600067138672,0.0,150.0,148.32000732421875,148.4199981689453,0.0,3509100
2020-10-26,124.26985168457031,145.9499969482422,0.0,148.5,144.22000122070312,148.1999969482422,0.0,4290700
2020-10-27,125.26605987548828,147.1199951171875,0.0,148.3300018310547,146.5500030517578,147.6300048828125,0.0,4102400
2020-10-28,121.758056640625,143.0,0.0,145.86000061035156,141.75999450683594,144.6999969482422,0.0,7413600
2020-10-29,125.36841583251953,146.19000244140625,1.02,147.30999755859375,141.3300018310547,141.69000244140625,0.0,5600400
2020-10-30,123.996337890625,144.58999633789062,0.0,145.9499969482422,142.52999877929688,145.0,0.0,5427000
2020-11-02,124.86247253417969,145.60000610351562,0.0,146.89999389648438,144.22000122070312,146.4600067138672,0.0,3756600
2020-11-03,126.32037353515625,147.3000030517578,0.0,148.58999633789062,146.66000366210938,146.86000061035156,0.0,3588600
2020-11-04,130.37664794921875,152.02999877929688,0.0,153.5,148.44000244140625,150.8000030517578,0.0,5015300
2020-11-05,133.40386962890625,155.55999755859375,0.0,156.3000030517578,154.14999389648438,154.83999633789062,0.0,4638100
2020-11-06,135.27337646484375,157.74000549316406,0.0,158.2100067138672,154.94000244140625,156.0500030517578,0.0,4217700
2020-11-09,133.9698944091797,156.22000122070312,0.0,164.6300048828125,156.05999755859375,162.0,0.0,5308600
2020-11-10,129.91355895996094,151.49000549316406,0.0,156.35000610351562,151.02000427246094,155.3800048828125,0.0,5697900
2020-11-11,133.52392578125,155.6999969482422,0.0,155.94000244140625,153.63999938964844,154.94000244140625,0.0,3497200
2020-11-12,132.4948272705078,154.5,0.0,156.92999267578125,153.66000366210938,156.02000427246094,0.0,2607100
2020-11-13,134.33865356445312,156.64999389648438,0.0,157.97999572753906,155.16000366210938,156.63999938964844,0.0,2439800
2020-11-16,135.76217651367188,158.30999755859375,0.0,159.38999938964844,156.6199951171875,157.27000427246094,0.0,3456500
2020-11-17,133.35243225097656,155.5,0.0,158.30999755859375,155.17999267578125,157.38999938964844,0.0,3526700
2020-11-18,131.68017578125,153.5500030517578,0.0,156.33999633789062,153.41000366210938,155.74000549316406,0.0,2998400
2020-11-19,134.87034606933594,157.27000427246094,0.0,157.42999267578125,152.7100067138672,153.1199951171875,0.0,2465300
2020-11-20,134.4844207763672,156.82000732421875,0.0,158.75,156.5500030517578,157.32000732421875,0.0,3013000
2020-11-23,134.9989776611328,157.4199981689453,0.0,158.7100067138672,155.13999938964844,156.89999389648438,0.0,2803000
2020-11-24,136.65411376953125,159.35000610351562,0.0,159.4600067138672,156.69000244140625,158.6199951171875,0.0,4962800
2020-11-25,135.15338134765625,157.60000610351562,0.0,160.02000427246094,157.25999450683594,159.5500030517578,0.0,3543700
2020-11-27,136.3453826904297,158.99000549316406,0.0,160.2899932861328,158.77999877929688,159.3800048828125,0.0,3084400
2020-11-30,138.283447265625,161.25,0.0,161.50999450683594,157.72000122070312,159.22999572753906,0.0,4845200
2020-12-01,140.20440673828125,163.49000549316406,0.0,164.3300018310547,161.6300048828125,162.6300048828125,0.0,4894400
2020-12-02,139.54412841796875,162.72000122070312,0.0,163.57000732421875,161.82000732421875,162.7899932861328,0.0,4212300
2020-12-03,138.9095001220703,161.97999572753906,0.0,164.55999755859375,161.60000610351562,163.16000366210938,0.0,4778600
2020-12-04,142.8028564453125,166.52000427246094,0.0,166.60000610351562,162.52000427246094,163.00999450683594,0.0,3741600
2020-12-07,142.60562133789062,166.2899932861328,0.0,166.4499969482422,165.24000549316406,166.3699951171875,0.0,4645300
2020-12-08,142.94007873535156,166.67999267578125,0.0,167.24000549316406,165.0,166.3000030517578,0.0,3259900
2020-12-09,139.57839965820312,162.75999450683594,0.0,166.47000122070312,161.9600067138672,164.8000030517578,0.0,5593900
2020-12-10,138.92666625976562,162.0,0.0,162.8699951171875,160.77999877929688,162.16000366210938,0.0,5597300
2020-12-11,137.73463439941406,160.61000061035156,0.0,161.9499969482422,159.6300048828125,160.61000061035156,0.0,4145800
2020-12-14,137.314453125,160.1199951171875,0.0,162.75,159.99000549316406,161.4499969482422,0.0,5994200
2020-12-15,139.25254821777344,162.3800048828125,0.0,162.72999572753906,161.2100067138672,162.02000427246094,0.0,5732100
2020-12-16,139.02952575683594,162.1199951171875,0.0,163.36000061035156,160.9199981689453,162.94000244140625,0.0,3147900
2020-12-17,139.51840209960938,162.69000244140625,0.0,163.00999450683594,161.41000366210938,162.91000366210938,0.0,5253400
2020-12-18,140.70181274414062,164.07000732421875,0.0,164.61000061035156,162.10000610351562,163.3699951171875,0.0,7072600
2020-12-21,139.29544067382812,162.42999267578125,0.0,162.8000030517578,159.55999755859375,161.5500030517578,0.0,3077300
2020-12-22,139.37258911132812,162.52000427246094,0.0,163.4600067138672,162.05999755859375,162.19000244140625,0.0,2640900
2020-12-23,138.0518798828125,160.97999572753906,0.0,163.22999572753906,160.80999755859375,162.1999969482422,0.0,2012400
2020-12-24,138.61793518066406,161.63999938964844,0.0,161.85000610351562,160.47999572753906,160.72000122070312,0.0,1044400
2020-12-28,138.4721221923828,161.47000122070312,0.0,163.75999450683594,161.0,163.75999450683594,0.0,2139300
2020-12-29,138.22341918945312,161.17999267578125,0.0,162.67999267578125,160.57000732421875,161.9600067138672,0.0,2433700
2020-12-30,139.5269317626953,162.6999969482422,0.0,163.1300048828125,161.75999450683594,161.88999938964844,0.0,2213800
2020-12-31,140.7532958984375,164.1300048828125,0.0,164.38999938964844,161.88999938964844,162.8699951171875,0.0,2906200
2021-01-04,139.1153106689453,162.22000122070312,0.0,167.83999633789062,160.75999450683594,164.60000610351562,0.0,4659900
2021-01-05,140.13583374023438,163.41000366210938,0.0,163.52999877929688,161.27999877929688,161.6999969482422,0.0,4734100
2021-01-06,140.83047485351562,164.22000122070312,0.0,167.4499969482422,162.07000732421875,162.3000030517578,0.0,5254400
2021-01-07,144.02061462402344,167.94000244140625,0.0,168.6999969482422,164.82000732421875,165.3300018310547,0.0,5673600
2021-01-08,146.78199768066406,171.16000366210938,0.0,172.75,168.86000061035156,171.1199951171875,0.0,4556500
2021-01-11,146.91065979003906,171.30999755859375,0.0,172.0399932861328,169.13999938964844,170.24000549316406,0.0,4553100
2021-01-12,147.7596435546875,172.3000030517578,0.0,173.66000366210938,170.97000122070312,171.2899932861328,0.0,3406600
2021-01-13,146.99636840820312,171.41000366210938,0.0,172.85000610351562,170.8699951171875,172.2899932861328,0.0,2953900
2021-01-14,147.25364685058594,171.7100067138672,0.0,172.5399932861328,170.35000610351562,171.10000610351562,0.0,3416300
2021-01-15,145.09255981445312,169.19000244140625,0.0,171.08999633789062,167.57000732421875,170.97999572753906,0.0,3734600
2021-01-19,149.3804473876953,174.19000244140625,0.0,174.6999969482422,171.19000244140625,171.19000244140625,0.0,6277800
2021-01-20,148.64291381835938,173.3300018310547,0.0,175.17999267578125,172.7899932861328,174.83999633789062,0.0,4329500
2021-01-21,150.16085815429688,175.10000610351562,0.0,175.47000122070312,172.11000061035156,174.4199981689453,0.0,3583900
2021-01-22,148.19703674316406,172.80999755859375,0.0,175.4499969482422,172.75,174.49000549316406,0.0,3736800
2021-01-25,148.29129028320312,172.9199981689453,0.0,174.57000732421875,170.67999267578125,173.3699951171875,0.0,5401900
2021-01-26,147.0478973388672,171.47000122070312,0.0,174.27999877929688,171.3000030517578,172.07000732421875,0.0,5341900
2021-01-27,139.72418212890625,162.92999267578125,0.0,167.6199951171875,162.0399932861328,166.4499969482422,0.0,10011200
2021-01-28,145.1268768310547,169.22999572753906,0.0,171.10000610351562,165.13999938964844,167.8800048828125,0.0,6796600
2021-01-29,142.95272827148438,165.69000244140625,1.02,168.0,164.02000427246094,166.64999389648438,0.0,5969800
2021-02-01,148.79368591308594,172.4600067138672,0.0,173.0,167.02000427246094,167.36000061035156,0.0,5715600
2021-02-02,150.76942443847656,174.75,0.0,175.6999969482422,172.00999450683594,173.0500030517578,0.0,4861200
2021-02-03,145.44610595703125,168.5800018310547,0.0,175.25999450683594,168.5,174.77999877929688,0.0,5019200
2021-02-04,148.39678955078125,172.0,0.0,172.1199951171875,168.05999755859375,169.9600067138672,0.0,3519800
2021-02-05,146.61083984375,169.92999267578125,0.0,173.17999267578125,168.05999755859375,172.8000030517578,0.0,4045000
2021-02-08,151.08865356445312,175.1199951171875,0.0,175.38999938964844,170.83999633789062,171.33999633789062,0.0,4597600
2021-02-09,149.85488891601562,173.69000244140625,0.0,175.22000122070312,173.3300018310547,174.5,0.0,2777700
2021-02-10,150.43296813964844,174.36000061035156,0.0,176.13999938964844,172.6199951171875,175.1999969482422,0.0,3414600
2021-02-11,154.6260223388672,179.22000122070312,0.0,179.64999389648438,175.44000244140625,176.0,0.0,4776000
2021-02-12,154.98834228515625,179.63999938964844,0.0,179.89999389648438,177.3300018310547,178.0,0.0,2532500
2021-02-16,155.95468139648438,180.75999450683594,0.0,181.8000030517578,178.83999633789062,180.0,0.0,3887600
2021-02-17,154.0306854248047,178.52999877929688,0.0,180.2100067138672,176.36000061035156,178.32000732421875,0.0,4315100
2021-02-18,152.2878875732422,176.50999450683594,0.0,177.52000427246094,174.1999969482422,177.42999267578125,0.0,4195100
2021-02-19,153.87539672851562,178.35000610351562,0.0,179.57000732421875,176.63999938964844,177.86000061035156,0.0,4248500
2021-02-22,149.3372039794922,173.08999633789062,0.0,176.9199981689453,172.67999267578125,176.0,0.0,4386900
2021-02-23,149.1301727294922,172.85000610351562,0.0,174.44000244140625,168.50999450683594,174.1699981689453,0.0,6514400
2021-02-24,154.77267456054688,179.38999938964844,0.0,179.77000427246094,170.57000732421875,171.6300048828125,0.0,5100500
2021-02-25,147.12850952148438,170.52999877929688,0.0,178.5,170.05999755859375,178.5,0.0,6099600
2021-02-26,148.6297607421875,172.27000427246094,0.0,173.85000610351562,169.1300048828125,173.27999877929688,0.0,6060600
2021-03-01,153.28871154785156,177.6699981689453,0.0,177.86000061035156,173.08999633789062,174.5,0.0,4771500
2021-03-02,150.89019775390625,174.88999938964844,0.0,177.66000366210938,174.14999389648438,177.57000732421875,0.0,5401500
2021-03-03,147.18028259277344,170.58999633789062,0.0,175.6199951171875,170.36000061035156,174.08999633789062,0.0,4715900
2021-03-04,140.84751892089844,163.25,0.0,170.85000610351562,161.6699981689453,170.5,0.0,8318900
2021-03-05,144.8939208984375,167.94000244140625,0.0,168.8300018310547,162.02999877929688,167.5399932861328,0.0,5681200
2021-03-08,139.86399841308594,162.11000061035156,0.0,168.27000427246094,161.77000427246094,166.38999938964844,0.0,6065400
2021-03-09,146.9818572998047,170.36000061035156,0.0,171.85000610351562,166.2899932861328,167.1699981689453,0.0,7610300
2021-03-10,146.1708221435547,169.4199981689453,0.0,173.0,169.30999755859375,171.64999389648438,0.0,4270500
2021-03-11,150.94198608398438,174.9499969482422,0.0,175.60000610351562,172.47000122070312,172.50999450683594,0.0,5002700
2021-03-12,149.75135803222656,173.57000732421875,0.0,174.10000610351562,170.75,173.02000427246094,0.0,3514600
2021-03-15,150.9074249267578,174.91000366210938,0.0,175.08999633789062,171.75999450683594,173.47000122070312,0.0,3876500
2021-03-16,152.83140563964844,177.13999938964844,0.0,178.80999755859375,175.8300018310547,176.25,0.0,4132600
2021-03-17,154.73814392089844,179.35000610351562,0.0,180.17999267578125,174.4199981689453,175.44000244140625,0.0,4004800
2021-03-18,150.43296813964844,174.36000061035156,0.0,179.77000427246094,174.24000549316406,176.16000366210938,0.0,4214400
2021-03-19,151.83062744140625,175.97999572753906,0.0,178.0500030517578,172.4499969482422,175.69000244140625,0.0,8447300
2021-03-22,155.38526916503906,180.10000610351562,0.0,181.69000244140625,177.75,178.2899932861328,0.0,4476100
2021-03-23,154.24636840820312,178.77999877929688,0.0,182.57000732421875,177.7100067138672,181.91000366210938,0.0,4688500
2021-03-24,154.34991455078125,178.89999389648438,0.0,182.69000244140625,178.77999877929688,179.99000549316406,0.0,5056100
2021-03-25,153.99618530273438,178.49000549316406,0.0,179.4499969482422,173.75,177.52999877929688,0.0,4878500
2021-03-26,162.3737335205078,188.1999969482422,0.0,188.8699951171875,177.00999450683594,177.75999450683594,0.0,6363500
2021-03-29,160.63087463378906,186.17999267578125,0.0,187.6999969482422,183.74000549316406,184.85000610351562,0.0,4983600
2021-03-30,160.423828125,185.94000244140625,0.0,188.50999450683594,184.6199951171875,188.50999450683594,0.0,4458700
2021-03-31,163.05528259277344,188.99000549316406,0.0,190.4499969482422,186.52999877929688,187.60000610351562,0.0,5427500
2021-04-01,165.70399475097656,192.05999755859375,0.0,192.5399932861328,190.02000427246094,191.11000061035156,0.0,4581300
2021-04-05,169.9056854248047,196.92999267578125,0.0,197.5800018310547,193.6300048828125,194.0,0.0,4323900
2021-04-06,167.88681030273438,194.58999633789062,0.0,196.83999633789062,193.0399932861328,194.22000122070312,0.0,3506900
2021-04-07,166.5926513671875,193.08999633789062,0.0,194.49000549316406,191.50999450683594,194.4600067138672,0.0,3678900
2021-04-08,168.4130859375,195.1999969482422,0.0,196.08999633789062,193.35000610351562,196.08999633789062,0.0,3157200
2021-04-09,168.61155700683594,195.42999267578125,0.0,195.55999755859375,192.74000549316406,193.30999755859375,0.0,3127300
2021-04-12,166.02322387695312,192.42999267578125,0.0,194.72000122070312,191.33999633789062,192.63999938964844,0.0,4504800
2021-04-13,164.99655151367188,191.24000549316406,0.0,193.0,189.75999450683594,192.13999938964844,0.0,4009300
2021-04-14,164.21141052246094,190.3300018310547,0.0,191.5,189.00999450683594,190.4600067138672,0.0,3555000
2021-04-15,166.66168212890625,193.1699981689453,0.0,193.52999877929688,190.82000732421875,191.92999267578125,0.0,4471900
2021-04-16,165.59182739257812,191.92999267578125,0.0,194.77999877929688,191.63999938964844,193.66000366210938,0.0,5792900
2021-04-19,161.39016723632812,187.05999755859375,0.0,191.10000610351562,186.72000122070312,190.35000610351562,0.0,5334900
2021-04-20,159.84576416015625,185.27000427246094,0.0,186.97999572753906,184.27999877929688,186.97999572753906,0.0,4258900
2021-04-21,162.97764587402344,188.89999389648438,0.0,189.13999938964844,184.9600067138672,187.89999389648438,0.0,4796500
2021-04-22,160.30307006835938,185.8000030517578,0.0,188.7899932861328,184.77000427246094,186.66000366210938,0.0,3853100
2021-04-23,162.90859985351562,188.82000732421875,0.0,190.00999450683594,186.50999450683594,187.02000427246094,0.0,3512400
2021-04-26,165.10006713867188,191.36000061035156,0.0,192.17999267578125,187.88999938964844,188.86000061035156,0.0,3842300
2021-04-27,164.10784912109375,190.2100067138672,0.0,192.50999450683594,189.77999877929688,191.05999755859375,0.0,3864100
2021-04-28,156.86923217773438,181.82000732421875,0.0,184.0,180.0,181.63999938964844,0.0,9434200
2021-04-29,160.32034301757812,185.82000732421875,0.0,186.0500030517578,182.64999389648438,183.6300048828125,0.0,4547300
2021-04-30,156.5985870361328,180.50999450683594,1.02,182.89999389648438,179.1300048828125,182.17999267578125,0.0,6193600
2021-05-03,155.11508178710938,178.8000030517578,0.0,181.8000030517578,177.55999755859375,181.49000549316406,0.0,5136100
2021-05-04,155.31463623046875,179.02999877929688,0.0,179.25,175.52999877929688,178.25999450683594,0.0,5222300
2021-05-05,157.58753967285156,181.64999389648438,0.0,183.17999267578125,179.47999572753906,181.00999450683594,0.0,5257100
2021-05-06,159.8605194091797,184.27000427246094,0.0,184.83999633789062,179.9499969482422,181.92999267578125,0.0,4525800
2021-05-07,162.88821411132812,187.75999450683594,0.0,188.10000610351562,185.4199981689453,186.6999969482422,0.0,4591400
2021-05-10,157.9345703125,182.0500030517578,0.0,187.2899932861328,181.82000732421875,187.2899932861328,0.0,4580400
2021-05-11,158.93223571777344,183.1999969482422,0.0,183.52999877929688,177.41000366210938,178.41000366210938,0.0,4641300
2021-05-12,153.20654296875,176.60000610351562,0.0,180.10000610351562,176.27000427246094,179.69000244140625,0.0,5297900
2021-05-13,155.27992248535156,178.99000549316406,0.0,180.6300048828125,177.25,179.99000549316406,0.0,4361000
2021-05-14,158.99295043945312,183.27000427246094,0.0,184.9199981689453,179.5,180.6999969482422,0.0,4433500
2021-05-17,156.87615966796875,180.8300018310547,0.0,182.3800048828125,178.85000610351562,182.25,0.0,4162300
2021-05-18,155.17579650878906,178.8699951171875,0.0,181.86000061035156,178.58999633789062,181.11000061035156,0.0,3454100
2021-05-19,157.6483154296875,181.72000122070312,0.0,181.92999267578125,175.0,175.24000549316406,0.0,4780000
2021-05-20,160.7540740966797,185.3000030517578,0.0,186.5399932861328,182.27999877929688,182.27999877929688,0.0,5387000
2021-05-21,160.50247192382812,185.00999450683594,0.0,186.69000244140625,184.13999938964844,186.69000244140625,0.0,3682300
2021-05-24,163.69496154785156,188.69000244140625,0.0,189.35000610351562,186.4499969482422,186.4499969482422,0.0,4175900
2021-05-25,163.7036590576172,188.6999969482422,0.0,189.67999267578125,187.8800048828125,189.47000122070312,0.0,4270100
2021-05-26,163.40870666503906,188.36000061035156,0.0,189.77999877929688,186.92999267578125,188.05999755859375,0.0,4221600
2021-05-27,164.07672119140625,189.1300048828125,0.0,190.0500030517578,187.8800048828125,188.74000549316406,0.0,10107700
2021-05-28,164.67532348632812,189.82000732421875,0.0,191.02999877929688,189.27000427246094,190.0500030517578,0.0,3306500
2021-06-01,163.9639434814453,189.0,0.0,192.02999877929688,188.0399932861328,191.3800048828125,0.0,4817300
2021-06-02,165.48211669921875,190.75,0.0,190.86000061035156,188.33999633789062,189.5,0.0,3137900
2021-06-03,161.361328125,186.0,0.0,187.86000061035156,184.89999389648438,187.69000244140625,0.0,4205300
2021-06-04,164.89224243164062,190.07000732421875,0.0,190.3800048828125,187.47999572753906,187.77999877929688,0.0,3462900
2021-06-07,163.57350158691406,188.5500030517578,0.0,189.8000030517578,187.66000366210938,189.1999969482422,0.0,2726100
2021-06-08,162.16812133789062,186.92999267578125,0.0,189.97000122070312,186.11000061035156,189.97000122070312,0.0,3063600
2021-06-09,161.75173950195312,186.4499969482422,0.0,188.1300048828125,186.1699981689453,188.08999633789062,0.0,2866900
2021-06-10,163.09640502929688,188.0,0.0,188.89999389648438,185.89999389648438,186.33999633789062,0.0,3188700
2021-06-11,163.67764282226562,188.6699981689453,0.0,188.74000549316406,186.94000244140625,188.0800018310547,0.0,2309400
2021-06-14,165.05703735351562,190.25999450683594,0.0,190.35000610351562,187.07000732421875,188.25999450683594,0.0,3360300
2021-06-15,163.62564086914062,188.61000061035156,0.0,190.72999572753906,188.1199951171875,190.4600067138672,0.0,2600100
2021-06-16,162.86215209960938,187.72999572753906,0.0,190.49000549316406,186.3000030517578,189.91000366210938,0.0,3357900
2021-06-17,162.79278564453125,187.64999389648438,0.0,189.52999877929688,186.1999969482422,187.24000549316406,0.0,3222300
2021-06-18,158.81942749023438,183.07000732421875,0.0,186.30999755859375,182.5,186.00999450683594,0.0,7535200
2021-06-21,161.4567413330078,186.11000061035156,0.0,186.63999938964844,183.36000061035156,184.25,0.0,3771200
2021-06-22,162.2635498046875,187.0399932861328,0.0,187.27999877929688,184.33999633789062,185.49000549316406,0.0,3299700
2021-06-23,161.44808959960938,186.10000610351562,0.0,187.47999572753906,185.99000549316406,186.47999572753906,0.0,2473300
2021-06-24,163.62564086914062,188.61000061035156,0.0,188.6999969482422,187.4499969482422,188.0500030517578,0.0,2876700
2021-06-25,163.24391174316406,188.1699981689453,0.0,190.25,187.35000610351562,188.0500030517578,0.0,4639100
2021-06-28,166.15879821777344,191.52999877929688,0.0,192.3800048828125,188.97000122070312,188.97000122070312,0.0,3228700
2021-06-29,167.32998657226562,192.8800048828125,0.0,193.00999450683594,190.92999267578125,191.52000427246094,0.0,2108700
2021-06-30,166.8267822265625,192.3000030517578,0.0,193.0,191.49000549316406,192.83999633789062,0.0,2687600
2021-07-01,165.5602264404297,190.83999633789062,0.0,192.47999572753906,190.05999755859375,192.02000427246094,0.0,3455900
2021-07-02,166.7487335205078,192.2100067138672,0.0,192.8000030517578,190.91000366210938,192.6300048828125,0.0,2389900
2021-07-06,165.8725128173828,191.1999969482422,0.0,192.77000427246094,189.5500030517578,192.5800018310547,0.0,2619600
2021-07-07,164.64060974121094,189.77999877929688,0.0,192.99000549316406,188.97999572753906,192.77000427246094,0.0,2749500
2021-07-08,163.30462646484375,188.24000549316406,0.0,189.3000030517578,185.3699951171875,187.55999755859375,0.0,3146900
2021-07-09,165.06573486328125,190.27000427246094,0.0,190.8699951171875,187.0,188.1699981689453,0.0,3109200
2021-07-12,166.49717712402344,191.9199981689453,0.0,192.02000427246094,190.08999633789062,190.5500030517578,0.0,4069500
2021-07-13,165.8725128173828,191.1999969482422,0.0,192.4600067138672,190.72000122070312,191.22999572753906,0.0,2695100
2021-07-14,165.94190979003906,191.27999877929688,0.0,194.08999633789062,190.72999572753906,193.0,0.0,3590200
2021-07-15,163.32196044921875,188.25999450683594,0.0,191.27999877929688,187.39999389648438,190.47000122070312,0.0,4259900
2021-07-16,161.46543884277344,186.1199951171875,0.0,190.24000549316406,185.72999572753906,189.27000427246094,0.0,4337500
2021-07-19,161.56954956054688,186.24000549316406,0.0,186.3300018310547,183.3699951171875,184.27999877929688,0.0,4181300
2021-07-20,162.8968963623047,187.77000427246094,0.0,189.17999267578125,185.75999450683594,187.05999755859375,0.0,4287300
2021-07-21,168.5098114013672,194.24000549316406,0.0,194.25,188.4499969482422,188.4499969482422,0.0,6352800
2021-07-22,159.5481719970703,183.91000366210938,0.0,187.66000366210938,183.52999877929688,185.74000549316406,0.0,12673900
2021-07-23,163.0028076171875,186.85000610351562,1.02,186.92999267578125,182.16000366210938,184.19000244140625,0.0,5983000
2021-07-26,164.2328643798828,188.25999450683594,0.0,188.99000549316406,185.30999755859375,185.36000061035156,0.0,4516600
2021-07-27,161.5023193359375,185.1300048828125,0.0,187.83999633789062,182.22999572753906,187.52000427246094,0.0,4649900
2021-07-28,163.0028076171875,186.85000610351562,0.0,187.5,185.02000427246094,186.32000732421875,0.0,2956700
2021-07-29,165.6024932861328,189.8300018310547,0.0,190.4600067138672,187.4600067138672,187.83999633789062,0.0,3081800
2021-07-30,166.29165649414062,190.6199951171875,0.0,190.9499969482422,188.3699951171875,188.5,0.0,2521600
2021-08-02,166.37889099121094,190.72000122070312,0.0,193.60000610351562,190.41000366210938,192.39999389648438,0.0,2922600
2021-08-03,165.17498779296875,189.33999633789062,0.0,191.4499969482422,187.44000244140625,190.92999267578125,0.0,3703400
2021-08-04,167.82705688476562,192.3800048828125,0.0,193.3699951171875,189.25,189.88999938964844,0.0,3793600
2021-08-05,168.50747680664062,193.16000366210938,0.0,193.89999389648438,191.58999633789062,193.8000030517578,0.0,2769500
2021-08-06,168.33299255371094,192.9600067138672,0.0,193.6300048828125,192.19000244140625,192.3699951171875,0.0,2414300
2021-08-09,166.14332580566406,190.4499969482422,0.0,193.52999877929688,190.3300018310547,193.27999877929688,0.0,2395900
2021-08-10,165.4454345703125,189.64999389648438,0.0,190.5399932861328,186.82000732421875,190.5399932861328,0.0,3497100
2021-08-11,165.3145751953125,189.5,0.0,191.1699981689453,188.0,191.1699981689453,0.0,2339300
2021-08-12,163.89260864257812,187.8699951171875,0.0,189.05999755859375,186.16000366210938,188.85000610351562,0.0,3949600
2021-08-13,164.61666870117188,188.6999969482422,0.0,188.77999877929688,187.0,187.5399932861328,0.0,1923700
2021-08-16,165.61993408203125,189.85000610351562,0.0,189.9600067138672,188.10000610351562,188.49000549316406,0.0,2506100
2021-08-17,162.5404510498047,186.32000732421875,0.0,188.74000549316406,185.10000610351562,188.5500030517578,0.0,3411800
2021-08-18,160.342041015625,183.8000030517578,0.0,186.55999755859375,183.55999755859375,185.7100067138672,0.0,2862500
2021-08-19,161.42376708984375,185.0399932861328,0.0,185.97000122070312,181.9600067138672,182.75,0.0,3871700
2021-08-20,161.3627471923828,184.97000122070312,0.0,186.16000366210938,183.32000732421875,185.25999450683594,0.0,3855300
2021-08-23,163.8751678466797,187.85000610351562,0.0,188.63999938964844,185.57000732421875,185.8000030517578,0.0,3529000
2021-08-24,163.8489990234375,187.82000732421875,0.0,189.52999877929688,187.52999877929688,187.9199981689453,0.0,3268200
2021-08-25,164.08453369140625,188.08999633789062,0.0,189.1199951171875,187.3300018310547,188.3699951171875,0.0,3163600
2021-08-26,163.97982788085938,187.97000122070312,0.0,188.58999633789062,186.57000732421875,187.66000366210938,0.0,3643700
2021-08-27,166.20440673828125,190.52000427246094,0.0,190.8000030517578,188.05999755859375,188.39999389648438,0.0,2859800
2021-08-30,166.99826049804688,191.42999267578125,0.0,192.2899932861328,190.7100067138672,191.38999938964844,0.0,2356500
2021-08-31,166.54461669921875,190.91000366210938,0.0,192.6999969482422,189.11000061035156,192.10000610351562,0.0,4227500
2021-09-01,164.31137084960938,188.35000610351562,0.0,191.77999877929688,188.1699981689453,191.77999877929688,0.0,4536600
2021-09-02,165.23605346679688,189.41000366210938,0.0,189.4199981689453,188.0399932861328,189.2100067138672,0.0,2061400
2021-09-03,165.64610290527344,189.8800048828125,0.0,190.8300018310547,188.1999969482422,188.6699981689453,0.0,2103400
2021-09-07,165.27969360351562,189.4600067138672,0.0,190.10000610351562,188.47999572753906,189.3300018310547,0.0,2295900
2021-09-08,164.70391845703125,188.8000030517578,0.0,189.0399932861328,187.1199951171875,188.5,0.0,2021600
2021-09-09,164.41604614257812,188.47000122070312,0.0,190.6300048828125,188.25999450683594,189.66000366210938,0.0,1827900
2021-09-10,166.31781005859375,190.64999389648438,0.0,193.4499969482422,189.33999633789062,189.33999633789062,0.0,3331700
2021-09-13,169.2228240966797,193.97999572753906,0.0,194.1300048828125,191.24000549316406,192.9600067138672,0.0,3687200
2021-09-14,170.20860290527344,195.11000061035156,0.0,196.33999633789062,193.8000030517578,195.0,0.0,3239600
2021-09-15,172.2935791015625,197.5,0.0,197.58999633789062,194.8300018310547,196.1300048828125,0.0,3995900
2021-09-16,171.7003631591797,196.82000732421875,0.0,197.33999633789062,194.85000610351562,196.58999633789062,0.0,2661500
2021-09-17,171.20310974121094,196.25,0.0,197.30999755859375,194.61000061035156,197.30999755859375,0.0,5819300
2021-09-20,168.0101776123047,192.58999633789062,0.0,193.74000549316406,189.75999450683594,192.8800048828125,0.0,4614300
2021-09-21,168.33299255371094,192.9600067138672,0.0,194.49000549316406,190.83999633789062,193.9600067138672,0.0,3093400
2021-09-22,170.91522216796875,195.9199981689453,0.0,196.6999969482422,193.74000549316406,194.75,0.0,3526100
2021-09-23,173.31423950195312,198.6699981689453,0.0,199.10000610351562,195.7899932861328,196.3000030517578,0.0,2756900
2021-09-24,175.0415802001953,200.64999389648438,0.0,200.9199981689453,197.1199951171875,197.3699951171875,0.0,3191500
2021-09-27,174.76235961914062,200.3300018310547,0.0,200.4499969482422,197.6699981689453,198.22999572753906,0.0,3022300
2021-09-28,170.0166778564453,194.88999938964844,0.0,199.11000061035156,194.5500030517578,197.49000549316406,0.0,4274600
2021-09-29,168.42898559570312,193.07000732421875,0.0,195.82000732421875,192.11000061035156,194.52999877929688,0.0,3436800
2021-09-30,167.67872619628906,192.2100067138672,0.0,194.99000549316406,192.10000610351562,194.47999572753906,0.0,3270800
2021-10-01,169.05703735351562,193.7899932861328,0.0,194.3300018310547,190.17999267578125,193.42999267578125,0.0,2986100
2021-10-04,166.0996856689453,190.39999389648438,0.0,194.3800048828125,189.02999877929688,193.0399932861328,0.0,3934100
2021-10-05,169.13560485839844,193.8800048828125,0.0,195.22000122070312,190.67999267578125,192.22999572753906,0.0,3860200
2021-10-06,169.58047485351562,194.38999938964844,0.0,194.66000366210938,191.60000610351562,192.0500030517578,0.0,3103400
2021-10-07,170.38307189941406,195.30999755859375,0.0,197.75,195.02999877929688,195.80999755859375,0.0,2873200
2021-10-08,170.32199096679688,195.24000549316406,0.0,196.3699951171875,193.99000549316406,196.17999267578125,0.0,2574100
2021-10-11,168.690673828125,193.3699951171875,0.0,196.22999572753906,193.30999755859375,194.88999938964844,0.0,2280200
2021-10-12,164.4248046875,188.47999572753906,0.0,194.22999572753906,187.33999633789062,193.9199981689453,0.0,6225100
2021-10-13,163.22091674804688,187.10000610351562,0.0,189.3800048828125,186.52000427246094,189.16000366210938,0.0,3796500
2021-10-14,167.92298889160156,192.49000549316406,0.0,192.5800018310547,188.92999267578125,189.3699951171875,0.0,3412800
2021-10-15,169.63282775878906,194.4499969482422,0.0,194.8000030517578,192.63999938964844,192.86000061035156,0.0,2648900
2021-10-18,170.0341339111328,194.91000366210938,0.0,196.05999755859375,191.6199951171875,193.1699981689453,0.0,2804600
2021-10-19,172.93038940429688,198.22999572753906,0.0,198.5399932861328,193.83999633789062,194.61000061035156,0.0,2666100
2021-10-20,173.9336395263672,199.3800048828125,0.0,200.02000427246094,197.0500030517578,198.10000610351562,0.0,3043300
2021-10-21,175.59986877441406,201.2899932861328,0.0,201.5800018310547,199.0,199.64999389648438,0.0,3276300
2021-10-22,173.66319274902344,199.07000732421875,0.0,202.22000122070312,198.13999938964844,201.5500030517578,0.0,3649200
2021-10-25,174.64895629882812,200.1999969482422,0.0,202.25999450683594,199.05999755859375,200.0,0.0,4254900
2021-10-26,171.83990478515625,196.97999572753906,0.0,200.39999389648438,196.49000549316406,200.0800018310547,0.0,5837500
2021-10-27,163.22091674804688,187.10000610351562,0.0,188.52000427246094,183.5500030517578,185.63999938964844,0.0,10365500
2021-10-28,163.89260864257812,187.8699951171875,0.0,189.60000610351562,186.22999572753906,187.77000427246094,0.0,5123000
2021-10-29,164.55970764160156,187.47999572753906,1.15,188.36000061035156,186.22999572753906,186.38999938964844,0.0,4552200
2021-11-01,164.5509033203125,187.47000122070312,0.0,188.57000732421875,186.0800018310547,186.72999572753906,0.0,4203900
2021-11-02,166.19229125976562,189.33999633789062,0.0,189.3699951171875,186.11000061035156,186.14999389648438,0.0,4009600
2021-11-03,166.0606689453125,189.19000244140625,0.0,190.11000061035156,186.6699981689453,188.67999267578125,0.0,3666900
2021-11-04,167.7459259033203,191.11000061035156,0.0,191.22000122070312,188.4199981689453,189.5,0.0,4828000
2021-11-05,169.75595092773438,193.39999389648438,0.0,195.42999267578125,191.82000732421875,193.64999389648438,0.0,4510500
2021-11-08,168.84310913085938,192.36000061035156,0.0,195.3800048828125,191.72000122070312,194.0399932861328,0.0,5213900
2021-11-09,167.46502685546875,190.7899932861328,0.0,193.9499969482422,190.38999938964844,192.6300048828125,0.0,4314700
2021-11-10,164.15594482421875,187.02000427246094,0.0,190.97000122070312,186.47999572753906,189.63999938964844,0.0,4304600
2021-11-11,165.54281616210938,188.60000610351562,0.0,188.82000732421875,187.24000549316406,188.63999938964844,0.0,2554800
2021-11-12,166.8418731689453,190.0800018310547,0.0,191.83999633789062,187.30999755859375,188.91000366210938,0.0,3121700
2021-11-15,166.0957489013672,189.22999572753906,0.0,191.91000366210938,188.5,191.22000122070312,0.0,2985200
2021-11-16,165.4725799560547,188.52000427246094,0.0,190.25,188.16000366210938,189.10000610351562,0.0,3312000
2021-11-17,166.3942108154297,189.57000732421875,0.0,190.24000549316406,187.25,188.41000366210938,0.0,4167800
2021-11-18,169.81741333007812,193.47000122070312,0.0,194.16000366210938,190.13999938964844,190.57000732421875,0.0,4677300
2021-11-19,171.30079650878906,195.16000366210938,0.0,195.25,192.6199951171875,193.88999938964844,0.0,5129100
2021-11-22,168.96600341796875,192.5,0.0,196.91000366210938,192.22000122070312,195.6999969482422,0.0,4712300
2021-11-23,169.0888671875,192.63999938964844,0.0,193.64999389648438,190.47000122070312,193.61000061035156,0.0,4881400
2021-11-24,169.93148803710938,193.60000610351562,0.0,193.6699981689453,190.10000610351562,192.86000061035156,0.0,6494000
2021-11-26,165.24436950683594,188.25999450683594,0.0,192.52000427246094,187.3699951171875,189.86000061035156,0.0,3324900
2021-11-29,170.61614990234375,194.3800048828125,0.0,194.72999572753906,189.80999755859375,191.07000732421875,0.0,4576200
2021-11-30,168.85186767578125,192.3699951171875,0.0,194.6999969482422,191.0,193.30999755859375,0.0,8775600
2021-12-01,168.31646728515625,191.75999450683594,0.0,199.89999389648438,191.6300048828125,195.72999572753906,0.0,7279100
2021-12-02,169.91397094726562,193.5800018310547,0.0,194.91000366210938,190.0,190.4600067138672,0.0,4236700
2021-12-03,169.73837280273438,193.3800048828125,0.0,196.02999877929688,191.67999267578125,194.6300048828125,0.0,4901000
2021-12-06,170.8180694580078,194.61000061035156,0.0,195.25,189.75999450683594,195.1699981689453,0.0,4084600
2021-12-07,174.69766235351562,199.02999877929688,0.0,199.86000061035156,195.92999267578125,196.39999389648438,0.0,5815600
2021-12-08,172.3804168701172,196.38999938964844,0.0,198.5,193.8699951171875,198.5,0.0,4255900
2021-12-09,169.75595092773438,193.39999389648438,0.0,196.89999389648438,193.25,195.57000732421875,0.0,3626700
2021-12-10,172.0380859375,196.0,0.0,196.36000061035156,192.80999755859375,196.02000427246094,0.0,3264200
2021-12-13,169.61553955078125,193.24000549316406,0.0,196.74000549316406,192.91000366210938,196.10000610351562,0.0,6178300
2021-12-14,167.00863647460938,190.27000427246094,0.0,191.67999267578125,188.16000366210938,190.97000122070312,0.0,6130400
2021-12-15,169.79103088378906,193.44000244140625,0.0,193.7100067138672,187.8699951171875,192.0,0.0,6342000
2021-12-16,165.226806640625,188.24000549316406,0.0,194.22999572753906,187.72000122070312,194.0,0.0,5452300
2021-12-17,163.52395629882812,186.3000030517578,0.0,189.3800048828125,185.6300048828125,187.3800048828125,0.0,8427700
2021-12-20,161.71583557128906,184.24000549316406,0.0,185.05999755859375,182.77000427246094,183.64999389648438,0.0,4474300
2021-12-21,163.5854034423828,186.3699951171875,0.0,187.49000549316406,184.24000549316406,187.42999267578125,0.0,6089400
2021-12-22,164.07693481445312,186.92999267578125,0.0,187.00999450683594,184.16000366210938,185.99000549316406,0.0,3375500
2021-12-23,164.48948669433594,187.39999389648438,0.0,188.94000244140625,187.0,187.24000549316406,0.0,3266500
2021-12-27,168.38668823242188,191.83999633789062,0.0,191.9499969482422,188.07000732421875,188.0800018310547,0.0,3405600
2021-12-28,167.73715209960938,191.10000610351562,0.0,192.86000061035156,190.3800048828125,192.8000030517578,0.0,2806900
2021-12-29,167.48260498046875,190.80999755859375,0.0,193.27999877929688,190.75999450683594,191.38999938964844,0.0,2754900
2021-12-30,166.25375366210938,189.41000366210938,0.0,191.8699951171875,189.00999450683594,190.8699951171875,0.0,2109200
2021-12-31,165.42869567871094,188.47000122070312,0.0,190.0,188.27000427246094,189.41000366210938,0.0,2813900
2022-01-03,167.2982635498047,190.60000610351562,0.0,190.6199951171875,187.4600067138672,188.82000732421875,0.0,3781500
2022-01-04,167.4738006591797,190.8000030517578,0.0,192.10000610351562,188.1999969482422,191.0,0.0,4137500
2022-01-05,163.98040771484375,186.82000732421875,0.0,191.61000061035156,186.64999389648438,190.41000366210938,0.0,5047400
2022-01-06,163.92774963378906,186.75999450683594,0.0,188.52000427246094,185.7899932861328,186.6699981689453,0.0,4502600
2022-01-07,157.50265502929688,179.44000244140625,0.0,184.05999755859375,178.89999389648438,181.97000122070312,0.0,7414200
2022-01-10,160.59226989746094,182.9600067138672,0.0,183.22999572753906,176.8800048828125,177.89999389648438,0.0,7195800
2022-01-11,162.0669403076172,184.63999938964844,0.0,186.0800018310547,181.2100067138672,182.5,0.0,5239300
2022-01-12,163.28697204589844,186.02999877929688,0.0,187.33999633789062,184.39999389648438,186.0,0.0,4240100
2022-01-13,161.6367950439453,184.14999389648438,0.0,189.6300048828125,183.61000061035156,188.97000122070312,0.0,5361100
2022-01-14,164.14715576171875,187.00999450683594,0.0,187.1999969482422,183.0,183.25999450683594,0.0,4731400
2022-01-18,159.99542236328125,182.27999877929688,0.0,184.36000061035156,181.25999450683594,183.61000061035156,0.0,7382800
2022-01-19,156.5020294189453,178.3000030517578,0.0,183.5800018310547,178.19000244140625,183.44000244140625,0.0,5207300
2022-01-20,152.24496459960938,173.4499969482422,0.0,180.55999755859375,173.3800048828125,178.77999877929688,0.0,6057800
2022-01-21,154.16722106933594,175.63999938964844,0.0,179.5500030517578,173.3300018310547,174.05999755859375,0.0,11527900
2022-01-24,156.53707885742188,178.33999633789062,0.0,178.6199951171875,171.1199951171875,175.77999877929688,0.0,11717600
2022-01-25,152.6925811767578,173.9600067138672,0.0,178.00999450683594,173.0399932861328,174.91000366210938,0.0,8157600
2022-01-26,156.52833557128906,178.3300018310547,0.0,183.25,176.17999267578125,182.27000427246094,0.0,12852700
2022-01-27,153.4386749267578,174.80999755859375,0.0,181.02000427246094,173.10000610351562,180.89999389648438,0.0,6752900
2022-01-28,156.64596557617188,177.2899932861328,1.15,177.47000122070312,169.38999938964844,173.80999755859375,0.0,7322100
2022-01-31,158.58984375,179.49000549316406,0.0,179.63999938964844,175.83999633789062,177.67999267578125,0.0,6980800
2022-02-01,160.1802215576172,181.2899932861328,0.0,181.6699981689453,176.6300048828125,179.58999633789062,0.0,6233700
2022-02-02,165.96749877929688,187.83999633789062,0.0,188.25,181.49000549316406,181.5500030517578,0.0,8993800
2022-02-03,155.1439208984375,175.58999633789062,0.0,186.5500030517578,174.8800048828125,185.24000549316406,0.0,11691400
2022-02-04,151.45950317382812,171.4199981689453,0.0,172.77000427246094,167.50999450683594,172.47999572753906,0.0,11408600
2022-02-07,150.1606903076172,169.9499969482422,0.0,172.5,168.91000366210938,172.47999572753906,0.0,6418900
2022-02-08,152.52857971191406,172.6300048828125,0.0,173.19000244140625,168.5,170.02999877929688,0.0,4622000
2022-02-09,156.13356018066406,176.7100067138672,0.0,177.1999969482422,173.05999755859375,174.27000427246094,0.0,7140600
2022-02-10,150.78797912597656,170.66000366210938,0.0,176.8300018310547,169.74000549316406,172.16000366210938,0.0,7583400
2022-02-11,145.25692749023438,164.39999389648438,0.0,171.36000061035156,163.64999389648438,169.92999267578125,0.0,7564200
2022-02-14,143.55165100097656,162.47000122070312,0.0,165.64999389648438,161.0399932861328,163.94000244140625,0.0,7468000
2022-02-15,146.82080078125,166.1699981689453,0.0,166.77000427246094,164.0800018310547,164.80999755859375,0.0,6969700
2022-02-16,148.6497802734375,168.24000549316406,0.0,168.9600067138672,164.22999572753906,164.7899932861328,0.0,4594300
2022-02-17,145.47779846191406,164.64999389648438,0.0,167.38999938964844,164.1999969482422,166.07000732421875,0.0,6807700
2022-02-18,147.32444763183594,166.74000549316406,0.0,168.11000061035156,164.0399932861328,165.25,0.0,6359100
2022-02-22,147.28028869628906,166.69000244140625,0.0,171.13999938964844,165.00999450683594,166.05999755859375,0.0,7293800
2022-02-23,146.3525848388672,165.63999938964844,0.0,169.9600067138672,165.3699951171875,168.02000427246094,0.0,5893900
2022-02-24,149.84259033203125,169.58999633789062,0.0,169.92999267578125,161.19000244140625,163.77999877929688,0.0,7754800
2022-02-25,150.9293975830078,170.82000732421875,0.0,170.97000122070312,167.13999938964844,169.72999572753906,0.0,4830100
2022-02-28,150.19602966308594,169.99000549316406,0.0,170.5399932861328,166.99000549316406,168.6300048828125,0.0,5656600
2022-03-01,147.81040954589844,167.2899932861328,0.0,170.00999450683594,164.3699951171875,169.36000061035156,0.0,6049600
2022-03-02,150.29322814941406,170.10000610351562,0.0,171.50999450683594,167.83999633789062,168.49000549316406,0.0,5304100
2022-03-03,151.08839416503906,171.0,0.0,172.75,169.30999755859375,171.72000122070312,0.0,5154200
2022-03-04,150.1871795654297,169.97999572753906,0.0,171.75999450683594,168.13999938964844,169.47999572753906,0.0,6804700
2022-03-07,145.6898651123047,164.88999938964844,0.0,170.97000122070312,164.75999450683594,170.86000061035156,0.0,7064800
2022-03-08,147.8545684814453,167.33999633789062,0.0,172.6999969482422,162.38999938964844,164.8300018310547,0.0,7486500
2022-03-09,152.37840270996094,172.4600067138672,0.0,173.99000549316406,169.44000244140625,172.60000610351562,0.0,6047300
2022-03-10,152.63461303710938,172.75,0.0,173.4199981689453,168.58999633789062,169.47999572753906,0.0,6079100
2022-03-11,150.5229034423828,170.36000061035156,0.0,175.42999267578125,169.94000244140625,173.89999389648438,0.0,4869700
2022-03-14,147.30677795410156,166.72000122070312,0.0,171.64999389648438,166.08999633789062,169.9600067138672,0.0,4863200
2022-03-15,152.25469970703125,172.32000732421875,0.0,172.63999938964844,167.88999938964844,168.5800018310547,0.0,5138600
2022-03-16,155.7977752685547,176.3300018310547,0.0,176.47000122070312,171.42999267578125,173.75999450683594,0.0,5660400
2022-03-17,157.68858337402344,178.47000122070312,0.0,178.47999572753906,175.24000549316406,175.83999633789062,0.0,4930700
2022-03-18,159.1287841796875,180.10000610351562,0.0,180.35000610351562,175.74000549316406,178.1999969482422,0.0,9031500
2022-03-21,159.44688415527344,180.4600067138672,0.0,181.2100067138672,177.72999572753906,179.2899932861328,0.0,5030600
2022-03-22,161.11680603027344,182.35000610351562,0.0,182.74000549316406,180.0,180.8800048828125,0.0,3802900
2022-03-23,158.2275848388672,179.0800018310547,0.0,183.0,179.02999877929688,182.0,0.0,4821100
2022-03-24,162.76019287109375,184.2100067138672,0.0,184.3300018310547,179.6300048828125,180.33999633789062,0.0,4169400
2022-03-25,163.3698272705078,184.89999389648438,0.0,186.1999969482422,183.1999969482422,184.6699981689453,0.0,3738800
2022-03-28,164.05905151367188,185.67999267578125,0.0,185.7899932861328,182.00999450683594,183.16000366210938,0.0,3117000
2022-03-29,168.76840209960938,191.00999450683594,0.0,191.33999633789062,187.2899932861328,187.97000122070312,0.0,5835700
2022-03-30,165.6229248046875,187.4499969482422,0.0,190.89999389648438,186.7100067138672,190.0,0.0,3865700
2022-03-31,162.115234375,183.47999572753906,0.0,188.6199951171875,183.17999267578125,188.1300048828125,0.0,7170700
2022-04-01,160.8782196044922,182.0800018310547,0.0,184.8800048828125,179.75,184.42999267578125,0.0,4631700
2022-04-04,161.43484497070312,182.7100067138672,0.0,183.35000610351562,180.57000732421875,181.5500030517578,0.0,4644800
2022-04-05,156.54876708984375,177.17999267578125,0.0,181.85000610351562,176.3699951171875,181.6300048828125,0.0,6956500
2022-04-06,156.61065673828125,177.25,0.0,179.61000061035156,174.82000732421875,175.0,0.0,6932900
2022-04-07,156.91990661621094,177.60000610351562,0.0,178.92999267578125,175.3000030517578,176.25,0.0,4178500
2022-04-08,153.83628845214844,174.11000061035156,0.0,177.3000030517578,173.8300018310547,177.19000244140625,0.0,4504500
2022-04-11,151.91896057128906,171.94000244140625,0.0,174.44000244140625,171.77999877929688,172.77000427246094,0.0,4347800
2022-04-12,152.8555145263672,173.0,0.0,176.3699951171875,172.38999938964844,175.4199981689453,0.0,4550800
2022-04-13,154.7198486328125,175.11000061035156,0.0,175.49000549316406,172.41000366210938,173.30999755859375,0.0,5229100
2022-04-14,153.43869018554688,173.66000366210938,0.0,176.11000061035156,173.52999877929688,174.91000366210938,0.0,4578500
2022-04-18,156.0009765625,176.55999755859375,0.0,177.5800018310547,173.0,173.0,0.0,3564000
2022-04-19,158.20989990234375,179.05999755859375,0.0,179.33999633789062,175.22999572753906,175.41000366210938,0.0,4671900
2022-04-20,158.52798461914062,179.4199981689453,0.0,183.66000366210938,179.0800018310547,181.60000610351562,0.0,4553700
2022-04-21,156.59298706054688,177.22999572753906,0.0,183.24000549316406,176.77000427246094,181.36000061035156,0.0,4735000
2022-04-22,153.12942504882812,173.30999755859375,0.0,177.6300048828125,172.92999267578125,177.30999755859375,0.0,6355900
2022-04-25,153.65957641601562,173.91000366210938,0.0,175.1699981689453,171.6699981689453,173.05999755859375,0.0,8737600
2022-04-26,148.82652282714844,168.44000244140625,0.0,172.49000549316406,168.3699951171875,171.42999267578125,0.0,9591700
2022-04-27,149.66590881347656,169.38999938964844,0.0,171.9199981689453,160.5,160.5500030517578,0.0,12570400
2022-04-28,155.37364196777344,175.85000610351562,0.0,176.8800048828125,169.99000549316406,170.05999755859375,0.0,8233600
2022-04-29,150.4257354736328,170.25,0.0,176.02999877929688,169.92999267578125,174.0399932861328,0.0,6698600
2022-05-02,153.73910522460938,174.0,0.0,174.1199951171875,168.0800018310547,170.5500030517578,0.0,5851500
2022-05-03,152.44911193847656,172.5399932861328,0.0,174.7899932861328,172.0,173.8800048828125,0.0,5438600
2022-05-04,155.7093963623047,176.22999572753906,0.0,176.8699951171875,167.3300018310547,173.17999267578125,0.0,10311500
2022-05-05,150.45223999023438,170.27999877929688,0.0,174.97999572753906,168.64999389648438,174.39999389648438,0.0,7740400
2022-05-06,148.95777893066406,167.4499969482422,1.15,170.0800018310547,165.74000549316406,167.83999633789062,0.0,5724800
2022-05-09,146.72499084472656,164.94000244140625,0.0,168.4600067138672,164.10000610351562,166.11000061035156,0.0,7929700
2022-05-10,149.66053771972656,168.24000549316406,0.0,170.83999633789062,166.3000030517578,168.3800048828125,0.0,7033300
2022-05-11,146.50257873535156,164.69000244140625,0.0,170.33999633789062,164.24000549316406,166.72999572753906,0.0,5892800
2022-05-12,147.57891845703125,165.89999389648438,0.0,166.4499969482422,162.6699981689453,163.88999938964844,0.0,5936100
2022-05-13,150.99488830566406,169.74000549316406,0.0,170.67999267578125,167.5800018310547,168.41000366210938,0.0,5329900
2022-05-16,149.89178466796875,168.5,0.0,170.13999938964844,166.8300018310547,168.07000732421875,0.0,3648900
2022-05-17,155.65618896484375,174.97999572753906,0.0,175.11000061035156,171.32000732421875,172.10000610351562,0.0,5851300
2022-05-18,151.49305725097656,170.3000030517578,0.0,174.91000366210938,169.67999267578125,173.39999389648438,0.0,5747200
2022-05-19,149.10897827148438,167.6199951171875,0.0,170.74000549316406,167.16000366210938,169.86000061035156,0.0,5399600
2022-05-20,151.05715942382812,169.80999755859375,0.0,170.3000030517578,164.2100067138672,168.60000610351562,0.0,6278300
2022-05-23,151.16387939453125,169.92999267578125,0.0,170.88999938964844,168.22999572753906,170.27000427246094,0.0,5384100
2022-05-24,149.32249450683594,167.86000061035156,0.0,169.47999572753906,166.3699951171875,168.2899932861328,0.0,5121700
2022-05-25,151.23504638671875,170.00999450683594,0.0,170.97999572753906,167.00999450683594,168.08999633789062,0.0,4712100
2022-05-26,154.9000701904297,174.1300048828125,0.0,174.8300018310547,169.2899932861328,170.32000732421875,0.0,4536600
2022-05-27,158.31600952148438,177.97000122070312,0.0,178.35000610351562,175.52000427246094,175.52000427246094,0.0,5857900
2022-05-31,157.23960876464844,176.75999450683594,0.0,178.2899932861328,173.80999755859375,176.74000549316406,0.0,9408000
2022-06-01,155.15805053710938,174.4199981689453,0.0,177.58999633789062,172.6999969482422,177.50999450683594,0.0,4681600
2022-06-02,157.2040252685547,176.72000122070312,0.0,176.8000030517578,172.38999938964844,174.0,0.0,6521600
2022-06-03,153.29885864257812,172.3300018310547,0.0,175.5,171.99000549316406,174.8699951171875,0.0,4485500
2022-06-06,149.23355102539062,167.75999450683594,0.0,174.25999450683594,167.3800048828125,173.64999389648438,0.0,5603800
2022-06-07,151.0927276611328,169.85000610351562,0.0,170.0800018310547,165.24000549316406,166.1199951171875,0.0,4416100
2022-06-08,147.10748291015625,165.3699951171875,0.0,169.75,164.77000427246094,169.75,0.0,5112600
2022-06-09,143.73605346679688,161.5800018310547,0.0,166.72999572753906,161.4600067138672,165.00999450683594,0.0,5353200
2022-06-10,140.35565185546875,157.77999877929688,0.0,160.42999267578125,157.67999267578125,159.16000366210938,0.0,6511000
2022-06-13,136.57504272460938,153.52999877929688,0.0,156.92999267578125,153.13999938964844,154.89999389648438,0.0,7765000
2022-06-14,137.0642852783203,154.0800018310547,0.0,155.94000244140625,153.0399932861328,155.14999389648438,0.0,4772600
2022-06-15,138.7010955810547,155.9199981689453,0.0,157.91000366210938,153.32000732421875,155.72000122070312,0.0,5442100
2022-06-16,134.65353393554688,151.3699951171875,0.0,152.55999755859375,150.1999969482422,151.52000427246094,0.0,6843700
2022-06-17,133.61276245117188,150.1999969482422,0.0,153.2100067138672,149.10000610351562,151.83999633789062,0.0,11262500
2022-06-21,136.51275634765625,153.4600067138672,0.0,154.5800018310547,151.72999572753906,151.82000732421875,0.0,6283100
2022-06-22,135.7477264404297,152.60000610351562,0.0,153.94000244140625,151.16000366210938,151.9600067138672,0.0,4242900
2022-06-23,134.448974609375,151.13999938964844,0.0,153.2100067138672,149.25,152.8300018310547,0.0,4318200
2022-06-24,138.7277374267578,155.9499969482422,0.0,156.1300048828125,152.49000549316406,153.00999450683594,0.0,6425900
2022-06-27,138.4342041015625,155.6199951171875,0.0,157.6199951171875,155.1300048828125,156.99000549316406,0.0,5762300
2022-06-28,137.13543701171875,154.16000366210938,0.0,158.99000549316406,154.0800018310547,156.74000549316406,0.0,4687500
2022-06-29,135.9078369140625,152.77999877929688,0.0,153.2899932861328,150.94000244140625,152.44000244140625,0.0,4348300
2022-06-30,136.6817626953125,153.64999389648438,0.0,155.07000732421875,150.88999938964844,152.49000549316406,0.0,6807900
2022-07-01,132.1361083984375,148.5399932861328,0.0,152.27999877929688,147.02000427246094,150.35000610351562,0.0,8740200
2022-07-05,132.63427734375,149.10000610351562,0.0,149.69000244140625,144.4600067138672,145.72999572753906,0.0,8486400
2022-07-06,134.1553955078125,150.80999755859375,0.0,152.0399932861328,148.3699951171875,150.0,0.0,5238200
2022-07-07,137.6068878173828,154.69000244140625,0.0,155.39999389648438,153.16000366210938,153.16000366210938,0.0,5169400
2022-07-08,138.35415649414062,155.52999877929688,0.0,155.85000610351562,152.14999389648438,152.74000549316406,0.0,3467500
2022-07-11,136.60169982910156,153.55999755859375,0.0,155.02000427246094,152.6199951171875,154.1199951171875,0.0,4051100
2022-07-12,137.40231323242188,154.4600067138672,0.0,156.4600067138672,153.6999969482422,155.97000122070312,0.0,4085100
2022-07-13,137.2510986328125,154.2899932861328,0.0,155.2100067138672,151.6699981689453,151.9600067138672,0.0,3755400
2022-07-14,140.41793823242188,157.85000610351562,0.0,158.33999633789062,152.9600067138672,154.1300048828125,0.0,4758800
2022-07-15,142.8108673095703,160.5399932861328,0.0,160.7100067138672,157.63999938964844,159.1999969482422,0.0,7466100
2022-07-18,142.0369415283203,159.6699981689453,0.0,162.64999389648438,159.02000427246094,161.72000122070312,0.0,4088700
2022-07-19,146.45806884765625,164.63999938964844,0.0,165.67999267578125,160.64999389648438,161.36000061035156,0.0,5390800
2022-07-20,147.07192993164062,165.3300018310547,0.0,167.1199951171875,162.5399932861328,163.88999938964844,0.0,5889100
2022-07-21,148.1482391357422,166.5399932861328,0.0,166.82000732421875,163.67999267578125,165.97999572753906,0.0,5466700
2022-07-22,145.79981994628906,163.89999389648438,0.0,167.7100067138672,162.8699951171875,167.7100067138672,0.0,5269700
2022-07-25,145.1771240234375,163.1999969482422,0.0,163.86000061035156,161.27000427246094,163.8000030517578,0.0,4201400
2022-07-26,143.07777404785156,160.83999633789062,0.0,164.17999267578125,160.60000610351562,164.17999267578125,0.0,6080600
2022-07-27,152.59608459472656,171.5399932861328,0.0,171.99000549316406,165.57000732421875,166.77999877929688,0.0,11623100
2022-07-28,156.34117126464844,175.75,0.0,175.8300018310547,169.58999633789062,171.9199981689453,0.0,6468800
2022-07-29,160.18252563476562,178.88999938964844,1.15,179.27000427246094,174.05999755859375,174.42999267578125,0.0,6624000
2022-08-01,160.10194396972656,178.8000030517578,0.0,179.11000061035156,176.75,177.94000244140625,0.0,4865700
2022-08-02,158.6871795654297,177.22000122070312,0.0,179.92999267578125,176.4499969482422,177.5,0.0,4442500
2022-08-03,164.2836151123047,183.47000122070312,0.0,184.1300048828125,177.86000061035156,178.00999450683594,0.0,6201100
2022-08-04,165.57301330566406,184.91000366210938,0.0,185.99000549316406,183.22000122070312,183.77000427246094,0.0,4533900
2022-08-05,165.02676391601562,184.3000030517578,0.0,184.6699981689453,181.5800018310547,182.02999877929688,0.0,3690100
2022-08-08,163.68365478515625,182.8000030517578,0.0,184.4600067138672,181.1300048828125,182.5,0.0,3547300
2022-08-09,159.12594604492188,177.7100067138672,0.0,180.1999969482422,176.10000610351562,179.94000244140625,0.0,5306400
2022-08-10,163.97021484375,183.1199951171875,0.0,183.4499969482422,179.38999938964844,181.4499969482422,0.0,4276500
2022-08-11,163.02102661132812,182.05999755859375,0.0,185.6699981689453,181.66000366210938,183.42999267578125,0.0,3858300
2022-08-12,165.99386596679688,185.3800048828125,0.0,185.97999572753906,183.0399932861328,183.17999267578125,0.0,4160900
2022-08-15,166.0117645263672,185.39999389648438,0.0,185.64999389648438,182.9600067138672,184.8800048828125,0.0,2863400
2022-08-16,164.18507385253906,183.36000061035156,0.0,185.0,182.39999389648438,184.8000030517578,0.0,4541600
2022-08-17,158.23052978515625,176.7100067138672,0.0,180.9499969482422,174.8800048828125,180.61000061035156,0.0,6869000
2022-08-18,159.79750061035156,178.4600067138672,0.0,180.3300018310547,175.8000030517578,176.80999755859375,0.0,4390400
2022-08-19,157.9977264404297,176.4499969482422,0.0,177.47999572753906,175.1199951171875,176.9600067138672,0.0,4569500
2022-08-22,153.51162719726562,171.44000244140625,0.0,175.47000122070312,171.11000061035156,175.47000122070312,0.0,4919000
2022-08-23,154.47866821289062,172.52000427246094,0.0,173.88999938964844,170.27999877929688,170.33999633789062,0.0,3663900
2022-08-24,154.1831817626953,172.19000244140625,0.0,172.58999633789062,170.75,171.41000366210938,0.0,3037800
2022-08-25,158.76779174804688,177.30999755859375,0.0,177.50999450683594,173.25,173.64999389648438,0.0,4350000
2022-08-26,151.76553344726562,169.49000549316406,0.0,177.92999267578125,169.42999267578125,177.5,0.0,6583500
2022-08-29,150.3776397705078,167.94000244140625,0.0,170.50999450683594,167.75999450683594,169.94000244140625,0.0,4625800
2022-08-30,149.30313110351562,166.74000549316406,0.0,168.85000610351562,164.75999450683594,168.22000122070312,0.0,5343300
2022-08-31,147.93312072753906,165.2100067138672,0.0,167.58999633789062,164.02000427246094,166.8699951171875,0.0,6489900
2022-09-01,148.78378295898438,166.16000366210938,0.0,166.47000122070312,162.19000244140625,163.35000610351562,0.0,5593800
2022-09-02,145.95423889160156,163.0,0.0,168.77999877929688,162.3800048828125,168.0,0.0,4466200
2022-09-06,146.0438232421875,163.10000610351562,0.0,165.7899932861328,161.83999633789062,163.11000061035156,0.0,5057000
2022-09-07,148.47935485839844,165.82000732421875,0.0,167.4499969482422,163.47999572753906,163.6699981689453,0.0,5332400
2022-09-08,150.7985076904297,168.41000366210938,0.0,168.5399932861328,163.8699951171875,165.24000549316406,0.0,5473200
2022-09-09,152.8848419189453,170.74000549316406,0.0,171.9199981689453,169.36000061035156,169.42999267578125,0.0,5196200
2022-09-12,152.7415771484375,170.5800018310547,0.0,171.52000427246094,169.2100067138672,171.25,0.0,5216800
2022-09-13,145.64085388183594,162.64999389648438,0.0,167.33999633789062,162.0,166.0800018310547,0.0,7928700
2022-09-14,147.97789001464844,165.25999450683594,0.0,166.3300018310547,163.05999755859375,164.22999572753906,0.0,4792600
2022-09-15,145.6587371826172,162.6699981689453,0.0,165.67999267578125,161.72000122070312,164.22000122070312,0.0,6105400
2022-09-16,147.97789001464844,165.25999450683594,0.0,165.92999267578125,161.55999755859375,162.99000549316406,0.0,13417800
2022-09-19,148.8643798828125,166.25,0.0,166.6300048828125,163.52000427246094,163.5800018310547,0.0,4929500
2022-09-20,148.69422912597656,166.05999755859375,0.0,166.89999389648438,164.89999389648438,165.41000366210938,0.0,5220200
2022-09-21,146.22283935546875,163.3000030517578,0.0,170.25,163.19000244140625,166.52999877929688,0.0,6639800
2022-09-22,145.6139678955078,162.6199951171875,0.0,164.55999755859375,161.22000122070312,162.58999633789062,0.0,5696200
2022-09-23,144.42308044433594,161.2899932861328,0.0,161.85000610351562,158.3000030517578,161.22000122070312,0.0,6936100
2022-09-26,143.6798553466797,160.4600067138672,0.0,163.1999969482422,160.0,161.64999389648438,0.0,4605800
2022-09-27,143.9037322998047,160.7100067138672,0.0,163.42999267578125,159.3000030517578,162.22999572753906,0.0,4261500
2022-09-28,145.77516174316406,162.8000030517578,0.0,163.63999938964844,159.4199981689453,161.52000427246094,0.0,4881500
2022-09-29,141.88006591796875,158.4499969482422,0.0,161.39999389648438,156.1300048828125,160.82000732421875,0.0,6699000
2022-09-30,138.59385681152344,154.77999877929688,0.0,158.8000030517578,154.67999267578125,157.22000122070312,0.0,6074700
2022-10-03,143.12472534179688,159.83999633789062,0.0,160.63999938964844,156.0800018310547,157.41000366210938,0.0,6668500
2022-10-04,147.87940979003906,165.14999389648438,0.0,165.74000549316406,162.58999633789062,163.0500030517578,0.0,7233100
2022-10-05,150.25225830078125,167.8000030517578,0.0,169.22999572753906,163.47000122070312,164.32000732421875,0.0,5262600
2022-10-06,149.12400817871094,166.5399932861328,0.0,169.14999389648438,165.77000427246094,167.77999877929688,0.0,4171000
2022-10-07,142.62326049804688,159.27999877929688,0.0,165.05999755859375,158.61000061035156,164.02000427246094,0.0,8306400
2022-10-10,140.39366149902344,156.7899932861328,0.0,159.61000061035156,154.14999389648438,159.5500030517578,0.0,6573600
2022-10-11,137.40293884277344,153.4499969482422,0.0,155.33999633789062,151.39999389648438,154.61000061035156,0.0,9526900
2022-10-12,135.70166015625,151.5500030517578,0.0,153.8000030517578,151.47000122070312,153.36000061035156,0.0,4526100
2022-10-13,138.19985961914062,154.33999633789062,0.0,156.7899932861328,145.97000122070312,147.61000061035156,0.0,7913800
2022-10-14,132.8272705078125,148.33999633789062,0.0,156.08999633789062,148.08999633789062,155.89999389648438,0.0,7470600
2022-10-17,135.2001953125,150.99000549316406,0.0,152.5,149.52999877929688,152.0,0.0,5936100
2022-10-18,135.66580200195312,151.50999450683594,0.0,155.97999572753906,149.5399932861328,155.08999633789062,0.0,4866600
2022-10-19,136.6865692138672,152.64999389648438,0.0,153.02000427246094,149.86000061035156,150.6300048828125,0.0,5060100
2022-10-20,137.6446990966797,153.72000122070312,0.0,156.77999877929688,152.41000366210938,153.88999938964844,0.0,6506200
2022-10-21,143.01722717285156,159.72000122070312,0.0,160.02999877929688,153.94000244140625,155.41000366210938,0.0,7706200
2022-10-24,144.74539184570312,161.64999389648438,0.0,161.99000549316406,158.69000244140625,160.2100067138672,0.0,5467600
2022-10-25,145.2021026611328,162.16000366210938,0.0,164.86000061035156,161.19000244140625,161.61000061035156,0.0,8611200
2022-10-26,141.3607177734375,157.8699951171875,0.0,161.16000366210938,151.3300018310547,152.57000732421875,0.0,12964700
2022-10-27,140.36679077148438,156.75999450683594,0.0,159.94000244140625,155.42999267578125,159.8000030517578,0.0,7050500
2022-10-28,145.63775634765625,161.36000061035156,1.24,161.69000244140625,155.49000549316406,155.8800048828125,0.0,6776100
2022-10-31,144.97885131835938,160.6300048828125,0.0,161.5500030517578,159.25999450683594,160.39999389648438,0.0,6298800
2022-11-01,147.02769470214844,162.89999389648438,0.0,163.42999267578125,160.55999755859375,162.24000549316406,0.0,4972300
2022-11-02,143.0474090576172,158.49000549316406,0.0,166.3699951171875,158.27999877929688,163.25999450683594,0.0,6923900
2022-11-03,141.26934814453125,156.52000427246094,0.0,158.61000061035156,155.3300018310547,156.3800048828125,0.0,4555400
2022-11-04,146.8020782470703,162.64999389648438,0.0,162.6999969482422,158.4199981689453,161.61000061035156,0.0,6689900
2022-11-07,149.54586791992188,165.69000244140625,0.0,166.3000030517578,161.5500030517578,163.80999755859375,0.0,4928300
2022-11-08,151.73007202148438,168.11000061035156,0.0,169.83999633789062,165.75999450683594,167.44000244140625,0.0,5112300
2022-11-09,148.91407775878906,164.99000549316406,0.0,167.72999572753906,164.89999389648438,166.38999938964844,0.0,4800400
2022-11-10,157.66896057128906,174.69000244140625,0.0,175.19000244140625,168.8800048828125,172.10000610351562,0.0,9898200
2022-11-11,162.00125122070312,179.49000549316406,0.0,180.7899932861328,173.39999389648438,175.0500030517578,0.0,6911900
2022-11-14,160.1510009765625,177.44000244140625,0.0,181.1199951171875,177.25,179.0,0.0,5447300
2022-11-15,160.268310546875,177.57000732421875,0.0,182.6199951171875,176.80999755859375,182.0500030517578,0.0,6601000
2022-11-16,156.55880737304688,173.4600067138672,0.0,176.4199981689453,173.0500030517578,176.4199981689453,0.0,7664800
2022-11-17,158.27366638183594,175.36000061035156,0.0,175.42999267578125,170.6300048828125,170.67999267578125,0.0,5339800
2022-11-18,158.11123657226562,175.17999267578125,0.0,176.8000030517578,174.0399932861328,176.41000366210938,0.0,5474800
2022-11-21,155.60206604003906,172.39999389648438,0.0,174.6699981689453,172.27000427246094,174.4199981689453,0.0,4702700
2022-11-22,159.9524383544922,177.22000122070312,0.0,177.30999755859375,172.35000610351562,174.83999633789062,0.0,4673500
2022-11-23,161.5409393310547,178.97999572753906,0.0,179.77999877929688,176.5,177.0,0.0,3939100
2022-11-25,159.8170623779297,177.07000732421875,0.0,179.2899932861328,177.02999877929688,179.25,0.0,1586400
2022-11-28,156.1436004638672,173.0,0.0,176.02999877929688,172.3800048828125,175.7100067138672,0.0,5358800
2022-11-29,156.12554931640625,172.97999572753906,0.0,174.36000061035156,171.30999755859375,173.63999938964844,0.0,3134000
2022-11-30,162.87672424316406,180.4600067138672,0.0,180.50999450683594,170.97000122070312,173.3699951171875,0.0,9780300
2022-12-01,160.20518493652344,177.5,0.0,180.52000427246094,176.2100067138672,180.0399932861328,0.0,5479900
2022-12-02,160.3495635986328,177.66000366210938,0.0,177.99000549316406,173.47999572753906,175.13999938964844,0.0,3822900
2022-12-05,160.10585021972656,177.38999938964844,0.0,178.63999938964844,175.33999633789062,176.74000549316406,0.0,4875300
2022-12-06,157.35301208496094,174.33999633789062,0.0,178.16000366210938,173.17999267578125,178.13999938964844,0.0,4417900
2022-12-07,156.82052612304688,173.75,0.0,175.02999877929688,172.25,172.52999877929688,0.0,3242800
2022-12-08,159.17623901367188,176.36000061035156,0.0,176.52000427246094,172.85000610351562,173.75999450683594,0.0,3902700
2022-12-09,157.28085327148438,174.25999450683594,0.0,176.5800018310547,174.1199951171875,175.9600067138672,0.0,3966700
2022-12-12,160.18710327148438,177.47999572753906,0.0,177.57000732421875,172.91000366210938,174.11000061035156,0.0,5347000
2022-12-13,160.20518493652344,177.5,0.0,183.08999633789062,175.8699951171875,182.1300048828125,0.0,6951000
2022-12-14,158.68882751464844,175.82000732421875,0.0,179.80999755859375,174.13999938964844,176.75999450683594,0.0,5114600
2022-12-15,153.4449462890625,170.00999450683594,0.0,174.52000427246094,169.08999633789062,173.52999877929688,0.0,6007300
2022-12-16,153.02976989746094,169.5500030517578,0.0,170.0500030517578,167.47999572753906,169.0,0.0,10423600
2022-12-19,151.27879333496094,167.61000061035156,0.0,169.8699951171875,166.0500030517578,169.6300048828125,0.0,4507000
2022-12-20,149.90689086914062,166.08999633789062,0.0,167.77999877929688,165.72000122070312,166.66000366210938,0.0,3777600
2022-12-21,152.2896270751953,168.72999572753906,0.0,168.91000366210938,166.5,167.0,0.0,3632100
2022-12-22,148.65234375,164.6999969482422,0.0,166.52000427246094,161.49000549316406,166.07000732421875,0.0,7188700
2022-12-23,148.363525390625,164.3800048828125,0.0,164.8000030517578,162.27999877929688,163.02999877929688,0.0,2597000
2022-12-27,147.82196044921875,163.77999877929688,0.0,164.58999633789062,161.97000122070312,163.66000366210938,0.0,3535600
2022-12-28,145.4842987060547,161.19000244140625,0.0,165.16000366210938,160.8300018310547,163.61000061035156,0.0,2998600
2022-12-29,148.941162109375,165.02000427246094,0.0,166.0399932861328,162.82000732421875,163.25999450683594,0.0,4081600
2022-12-30,149.12164306640625,165.22000122070312,0.0,165.38999938964844,162.2100067138672,163.69000244140625,0.0,3249000
2023-01-03,147.30751037597656,163.2100067138672,0.0,167.64999389648438,162.58999633789062,167.22000122070312,0.0,4294100
2023-01-04,152.68675231933594,169.1699981689453,0.0,169.69000244140625,165.3000030517578,165.3000030517578,0.0,6285300
2023-01-05,150.66505432128906,166.92999267578125,0.0,170.0399932861328,165.83999633789062,167.7899932861328,0.0,6876800
2023-01-06,158.09317016601562,175.16000366210938,0.0,176.16000366210938,167.4199981689453,169.6199951171875,0.0,6725900
2023-01-09,159.46502685546875,176.67999267578125,0.0,180.3800048828125,176.32000732421875,177.14999389648438,0.0,5733900
2023-01-10,161.01744079589844,178.39999389648438,0.0,179.6199951171875,175.8300018310547,176.6300048828125,0.0,4267700
2023-01-11,161.4416961669922,178.8699951171875,0.0,179.0500030517578,176.92999267578125,178.22000122070312,0.0,5013900
2023-01-12,160.77378845214844,178.1300048828125,0.0,181.1699981689453,176.99000549316406,179.72000122070312,0.0,4324900
2023-01-13,161.56800842285156,179.00999450683594,0.0,179.11000061035156,176.22000122070312,177.07000732421875,0.0,3736700
2023-01-17,158.3097686767578,175.39999389648438,0.0,179.82000732421875,175.3000030517578,178.8000030517578,0.0,5659400
2023-01-18,156.82957458496094,173.75999450683594,0.0,177.32000732421875,173.58999633789062,176.3699951171875,0.0,5874300
2023-01-19,154.2752685546875,170.92999267578125,0.0,173.72999572753906,169.6199951171875,173.3800048828125,0.0,5995700
2023-01-20,156.1436004638672,173.0,0.0,173.58999633789062,169.75,172.44000244140625,0.0,7569900
2023-01-23,160.8098907470703,178.1699981689453,0.0,179.02000427246094,172.55999755859375,173.64999389648438,0.0,7847600
2023-01-24,159.7899627685547,177.0399932861328,0.0,178.52000427246094,175.33999633789062,176.75,0.0,5351600
2023-01-25,157.98483276367188,175.0399932861328,0.0,178.2100067138672,171.5,176.6300048828125,0.0,6720700
2023-01-26,157.1364288330078,174.10000610351562,0.0,175.27000427246094,171.7899932861328,175.27000427246094,0.0,6287900
2023-01-27,158.16537475585938,175.24000549316406,0.0,177.30999755859375,171.8699951171875,172.52999877929688,0.0,6074900
2023-01-30,157.37454223632812,173.1300048828125,1.24,175.17999267578125,172.2100067138672,172.33999633789062,0.0,5048900
2023-01-31,161.083251953125,177.2100067138672,0.0,177.3000030517578,172.97999572753906,173.1699981689453,0.0,5852400
2023-02-01,165.52821350097656,182.10000610351562,0.0,183.69000244140625,176.75999450683594,177.0,0.0,7835800
2023-02-02,167.90980529785156,184.72000122070312,0.0,185.4499969482422,175.75,183.8699951171875,0.0,11667100
2023-02-03,165.70095825195312,182.2899932861328,0.0,185.24000549316406,181.58999633789062,181.69000244140625,0.0,5732200
2023-02-06,164.52833557128906,181.0,0.0,182.5800018310547,179.44000244140625,180.50999450683594,0.0,4385700
2023-02-07,166.791748046875,183.49000549316406,0.0,184.27000427246094,179.3699951171875,181.07000732421875,0.0,4799900
2023-02-08,160.43785095214844,176.5,0.0,182.58999633789062,176.47000122070312,181.7899932861328,0.0,5657600
2023-02-09,159.06524658203125,174.99000549316406,0.0,180.5,174.57000732421875,179.22000122070312,0.0,5572000
2023-02-10,159.79246520996094,175.7899932861328,0.0,176.13999938964844,173.11000061035156,173.86000061035156,0.0,5466400
2023-02-13,160.6287384033203,176.7100067138672,0.0,177.8000030517578,175.69000244140625,176.52000427246094,0.0,3443200
2023-02-14,160.2924041748047,176.33999633789062,0.0,177.64999389648438,173.3699951171875,175.16000366210938,0.0,4179200
2023-02-15,162.25584411621094,178.5,0.0,178.7100067138672,174.77000427246094,174.8300018310547,0.0,3879700
2023-02-16,160.0560760498047,176.0800018310547,0.0,178.32000732421875,175.4199981689453,176.91000366210938,0.0,4212400
2023-02-17,159.36524963378906,175.32000732421875,0.0,177.08999633789062,174.47999572753906,175.17999267578125,0.0,4060800
2023-02-21,155.22019958496094,170.75999450683594,0.0,174.91000366210938,170.58999633789062,173.5500030517578,0.0,7030300
2023-02-22,154.34756469726562,169.8000030517578,0.0,171.94000244140625,168.75999450683594,171.02000427246094,0.0,4577400
2023-02-23,156.1837615966797,171.82000732421875,0.0,173.02000427246094,168.49000549316406,172.75,0.0,4856600
2023-02-24,153.7476348876953,169.13999938964844,0.0,170.1300048828125,167.8000030517578,169.35000610351562,0.0,4118300
2023-02-27,155.2020263671875,170.74000549316406,0.0,172.02000427246094,170.3800048828125,171.38999938964844,0.0,3310100
2023-02-28,155.84744262695312,171.4499969482422,0.0,172.57000732421875,169.36000061035156,169.9499969482422,0.0,3674500
2023-03-01,156.5018768310547,172.1699981689453,0.0,172.42999267578125,169.80999755859375,171.0399932861328,0.0,4649800
2023-03-02,158.2380828857422,174.0800018310547,0.0,174.9199981689453,170.11000061035156,171.1300048828125,0.0,4551100
2023-03-03,159.69248962402344,175.67999267578125,0.0,175.9499969482422,172.5,175.0,0.0,4379200
2023-03-06,157.3018035888672,173.0500030517578,0.0,176.5,172.8000030517578,175.2899932861328,0.0,4090100
2023-03-07,156.40187072753906,172.05999755859375,0.0,174.0,171.14999389648438,172.77000427246094,0.0,3844100
2023-03-08,160.183349609375,176.22000122070312,0.0,176.36000061035156,173.0500030517578,173.61000061035156,0.0,3805400
2023-03-09,157.6563262939453,173.44000244140625,0.0,177.91000366210938,172.97999572753906,176.36000061035156,0.0,4651200
2023-03-10,156.02015686035156,171.63999938964844,0.0,175.27000427246094,170.97999572753906,175.0,0.0,5929700
2023-03-13,158.06536865234375,173.88999938964844,0.0,175.8300018310547,169.91000366210938,170.17999267578125,0.0,5453400
2023-03-14,159.73789978027344,175.72999572753906,0.0,176.1999969482422,172.8300018310547,175.9499969482422,0.0,5034600
2023-03-15,158.51986694335938,174.38999938964844,0.0,175.1300048828125,171.8800048828125,174.22999572753906,0.0,4918300
2023-03-16,161.010498046875,177.1300048828125,0.0,177.67999267578125,172.8000030517578,173.4600067138672,0.0,5028500
2023-03-17,159.71975708007812,175.7100067138672,0.0,179.08999633789062,174.61000061035156,177.8800048828125,0.0,12963300
2023-03-20,162.85580444335938,179.16000366210938,0.0,179.8699951171875,175.52000427246094,175.8800048828125,0.0,4964600
2023-03-21,162.17405700683594,178.41000366210938,0.0,180.66000366210938,176.25,179.17999267578125,0.0,4217500
2023-03-22,160.2742462158203,176.32000732421875,0.0,181.47999572753906,176.25999450683594,177.3699951171875,0.0,4738000
2023-03-23,163.87384033203125,180.27999877929688,0.0,181.88999938964844,177.35000610351562,178.13999938964844,0.0,5083300
2023-03-24,163.17391967773438,179.50999450683594,0.0,180.49000549316406,177.66000366210938,179.8300018310547,0.0,5345400
2023-03-27,160.93780517578125,177.0500030517578,0.0,179.80999755859375,176.41000366210938,179.6300048828125,0.0,4453200
2023-03-28,161.33775329589844,177.49000549316406,0.0,177.58999633789062,174.25,176.3699951171875,0.0,4061500
2023-03-29,164.56468200683594,181.0399932861328,0.0,181.8699951171875,178.9600067138672,179.42999267578125,0.0,5227100
2023-03-30,167.4735107421875,184.24000549316406,0.0,184.49000549316406,181.86000061035156,182.0,0.0,5535800
2023-03-31,169.0823974609375,186.00999450683594,0.0,186.3000030517578,183.1199951171875,184.02000427246094,0.0,4793100
2023-04-03,167.40074157714844,184.16000366210938,0.0,186.17999267578125,182.72000122070312,185.3300018310547,0.0,4143000
2023-04-04,163.98294067382812,180.39999389648438,0.0,184.6699981689453,179.7899932861328,184.25999450683594,0.0,4724800
2023-04-05,161.07412719726562,177.1999969482422,0.0,179.72999572753906,175.1199951171875,179.49000549316406,0.0,5904900
2023-04-06,161.91043090820312,178.1199951171875,0.0,179.22999572753906,174.57000732421875,175.97000122070312,0.0,3743000
2023-04-10,163.09213256835938,179.4199981689453,0.0,179.72999572753906,176.2100067138672,176.9499969482422,0.0,3488500
2023-04-11,163.50115966796875,179.8699951171875,0.0,181.3800048828125,179.5,180.74000549316406,0.0,3296900
2023-04-12,161.39230346679688,177.5500030517578,0.0,181.1999969482422,177.22000122070312,181.1999969482422,0.0,3559400
2023-04-13,162.81033325195312,179.11000061035156,0.0,179.8800048828125,175.4499969482422,176.61000061035156,0.0,3264200
2023-04-14,162.6921844482422,178.97999572753906,0.0,180.5399932861328,177.25,178.91000366210938,0.0,2741900
2023-04-17,163.664794921875,180.0500030517578,0.0,180.5500030517578,177.77999877929688,178.27999877929688,0.0,2845800
2023-04-18,163.9102020263672,180.32000732421875,0.0,181.72999572753906,179.1999969482422,181.00999450683594,0.0,2774700
2023-04-19,160.96510314941406,177.0800018310547,0.0,179.4600067138672,176.9600067138672,179.1300048828125,0.0,3093900
2023-04-20,160.54693603515625,176.6199951171875,0.0,178.30999755859375,173.52999877929688,174.4199981689453,0.0,4710800
2023-04-21,160.91050720214844,177.02000427246094,0.0,177.55999755859375,174.86000061035156,175.60000610351562,0.0,6792000
2023-04-24,159.89244079589844,175.89999389648438,0.0,177.42999267578125,175.33999633789062,177.13999938964844,0.0,3360100
2023-04-25,153.97488403320312,169.38999938964844,0.0,176.0399932861328,169.33999633789062,175.58999633789062,0.0,7136000
2023-04-26,149.4935302734375,164.4600067138672,0.0,170.97000122070312,163.66000366210938,170.97000122070312,0.0,8647500
2023-04-27,150.22984313964844,165.27000427246094,0.0,165.61000061035156,161.10000610351562,162.72999572753906,0.0,6697900
2023-04-28,151.98419189453125,167.1999969482422,0.0,167.52000427246094,164.85000610351562,164.85000610351562,0.0,6575400
2023-05-01,151.51148986816406,166.67999267578125,0.0,168.3000030517578,166.1199951171875,168.2100067138672,0.0,4831200
2023-05-02,149.0208740234375,163.94000244140625,0.0,167.49000549316406,162.7899932861328,166.33999633789062,0.0,7312400
2023-05-03,148.48455810546875,163.35000610351562,0.0,165.99000549316406,163.27000427246094,164.9199981689453,0.0,4398800
2023-05-04,147.53009033203125,162.3000030517578,0.0,163.8699951171875,161.36000061035156,163.38999938964844,0.0,4309000
2023-05-05,151.89024353027344,165.82000732421875,1.24,166.00999450683594,161.2100067138672,161.4600067138672,0.0,5494700
2023-05-08,150.4246368408203,164.22000122070312,0.0,166.60000610351562,163.38999938964844,165.82000732421875,0.0,3831300
2023-05-09,149.30712890625,163.0,0.0,163.49000549316406,162.00999450683594,162.22999572753906,0.0,5736800
2023-05-10,149.35293579101562,163.0500030517578,0.0,165.0,161.0399932861328,164.80999755859375,0.0,4428800
2023-05-11,147.63087463378906,161.1699981689453,0.0,162.4199981689453,159.94000244140625,162.27000427246094,0.0,3320400
2023-05-12,148.28125,161.8800048828125,0.0,162.9600067138672,160.3699951171875,162.11000061035156,0.0,2400800
2023-05-15,151.37728881835938,165.25999450683594,0.0,165.47999572753906,160.6300048828125,161.38999938964844,0.0,3789100
2023-05-16,149.6552276611328,163.3800048828125,0.0,166.0500030517578,162.86000061035156,165.0,0.0,4272900
2023-05-17,151.45054626464844,165.33999633789062,0.0,165.6699981689453,163.07000732421875,164.5,0.0,4910300
2023-05-18,155.5450439453125,169.80999755859375,0.0,170.1699981689453,166.0800018310547,166.32000732421875,0.0,4916300
2023-05-19,155.8198699951172,170.11000061035156,0.0,170.99000549316406,168.94000244140625,170.58999633789062,0.0,4790500
2023-05-22,156.50682067871094,170.86000061035156,0.0,171.11000061035156,169.0500030517578,169.77000427246094,0.0,3334000
2023-05-23,155.48094177246094,169.74000549316406,0.0,170.74000549316406,169.22000122070312,169.7899932861328,0.0,5601200
2023-05-24,153.03524780273438,167.07000732421875,0.0,168.50999450683594,166.19000244140625,166.94000244140625,0.0,7502500
2023-05-25,155.37103271484375,169.6199951171875,0.0,170.50999450683594,163.60000610351562,165.0,0.0,7747200
2023-05-26,161.480712890625,176.2899932861328,0.0,177.0500030517578,170.6699981689453,171.32000732421875,0.0,8323200
2023-05-30,161.7188720703125,176.5500030517578,0.0,178.19000244140625,175.02999877929688,177.8300018310547,0.0,5677200
2023-05-31,159.27316284179688,173.8800048828125,0.0,175.8000030517578,173.16000366210938,174.77999877929688,0.0,8534000
2023-06-01,161.04103088378906,175.80999755859375,0.0,176.4499969482422,172.89999389648438,175.8699951171875,0.0,3955400
2023-06-02,160.509765625,175.22999572753906,0.0,176.6300048828125,174.10000610351562,176.5,0.0,4788000
2023-06-05,155.957275390625,170.25999450683594,0.0,175.19000244140625,169.77000427246094,175.19000244140625,0.0,5520400
2023-06-06,156.0488739013672,170.36000061035156,0.0,171.5399932861328,168.89999389648438,169.39999389648438,0.0,4032400
2023-06-07,157.5511016845703,172.0,0.0,173.7899932861328,170.4499969482422,171.1699981689453,0.0,4422700
2023-06-08,157.76174926757812,172.22999572753906,0.0,173.83999633789062,171.4199981689453,173.07000732421875,0.0,3343700
2023-06-09,156.25955200195312,170.58999633789062,0.0,173.82000732421875,169.47999572753906,173.42999267578125,0.0,4179000
2023-06-12,159.41973876953125,174.0399932861328,0.0,174.27999877929688,171.3800048828125,171.52999877929688,0.0,4709300
2023-06-13,162.50662231445312,177.41000366210938,0.0,178.30999755859375,174.32000732421875,176.55999755859375,0.0,5408100
2023-06-14,162.240966796875,177.1199951171875,0.0,178.27000427246094,174.7899932861328,175.82000732421875,0.0,4748400
2023-06-15,163.12948608398438,178.08999633789062,0.0,179.39999389648438,175.88999938964844,176.24000549316406,0.0,4224100
2023-06-16,161.91122436523438,176.75999450683594,0.0,179.8300018310547,176.25999450683594,179.4499969482422,0.0,10374500
2023-06-20,159.71282958984375,174.36000061035156,0.0,177.02999877929688,173.42999267578125,174.94000244140625,0.0,3516000
2023-06-21,156.1587677001953,170.47999572753906,0.0,173.60000610351562,170.3800048828125,172.5,0.0,4034300
2023-06-22,158.128173828125,172.6300048828125,0.0,172.66000366210938,169.80999755859375,170.0,0.0,3607800
2023-06-23,153.5939483642578,167.67999267578125,0.0,170.27999877929688,167.1999969482422,169.91000366210938,0.0,8541600
2023-06-26,154.5740966796875,168.75,0.0,170.97999572753906,168.02000427246094,168.49000549316406,0.0,4899600
2023-06-27,161.49903869628906,176.30999755859375,0.0,176.57000732421875,169.49000549316406,169.8300018310547,0.0,6257800
2023-06-28,160.26243591308594,174.9600067138672,0.0,176.3800048828125,174.27999877929688,174.64999389648438,0.0,3425300
2023-06-29,161.9386749267578,176.7899932861328,0.0,177.0399932861328,174.41000366210938,175.92999267578125,0.0,3704700
2023-06-30,164.8973846435547,180.02000427246094,0.0,180.5399932861328,178.3300018310547,178.8800048828125,0.0,6004400
2023-07-03,164.65919494628906,179.75999450683594,0.0,181.1999969482422,177.6199951171875,180.1699981689453,0.0,2007600
2023-07-05,161.70054626464844,176.52999877929688,0.0,178.86000061035156,176.4499969482422,178.8000030517578,0.0,3729100
2023-07-06,160.13418579101562,174.82000732421875,0.0,175.47999572753906,173.0800018310547,173.6999969482422,0.0,4555100
2023-07-07,159.1082763671875,173.6999969482422,0.0,177.07000732421875,173.5800018310547,174.11000061035156,0.0,4585400
2023-07-10,164.36607360839844,179.44000244140625,0.0,179.72999572753906,174.55999755859375,174.5800018310547,0.0,5563200
2023-07-11,163.79820251464844,178.82000732421875,0.0,179.97000122070312,176.85000610351562,179.8300018310547,0.0,2755800
2023-07-12,167.0499725341797,182.3699951171875,0.0,182.89999389648438,180.00999450683594,181.00999450683594,0.0,5708600
2023-07-13,167.73695373535156,183.1199951171875,0.0,184.00999450683594,181.75,183.5,0.0,4441200
2023-07-14,165.6576385498047,180.85000610351562,0.0,183.02999877929688,180.3300018310547,181.61000061035156,0.0,3701300
2023-07-17,167.993408203125,183.39999389648438,0.0,184.25999450683594,178.72000122070312,179.2899932861328,0.0,3918500
2023-07-18,168.24986267089844,183.67999267578125,0.0,184.1999969482422,181.0,182.44000244140625,0.0,3040500
2023-07-19,168.24075317382812,183.6699981689453,0.0,184.67999267578125,183.02999877929688,183.58999633789062,0.0,3686000
2023-07-20,164.80575561523438,179.9199981689453,0.0,182.1699981689453,179.27999877929688,180.64999389648438,0.0,7154600
2023-07-21,168.83615112304688,184.32000732421875,0.0,185.57000732421875,181.36000061035156,182.0,0.0,17251600
2023-07-24,168.4422607421875,183.88999938964844,0.0,185.75,183.3000030517578,184.5800018310547,0.0,4318500
2023-07-25,170.4483184814453,186.0800018310547,0.0,188.1199951171875,184.8000030517578,185.0,0.0,6267800
2023-07-26,161.21507263183594,176.0,0.0,177.6999969482422,174.2100067138672,176.88999938964844,0.0,11905100
2023-07-27,162.79055786132812,177.72000122070312,0.0,181.13999938964844,176.24000549316406,178.30999755859375,0.0,8300400
2023-07-28,164.53395080566406,178.3699951171875,1.24,179.52999877929688,176.92999267578125,178.5,0.0,7540400
2023-07-31,166.03753662109375,180.0,0.0,180.39999389648438,178.3300018310547,178.50999450683594,0.0,4065200
2023-08-01,164.53395080566406,178.3699951171875,0.0,179.47000122070312,177.69000244140625,179.0,0.0,4028700
2023-08-02,159.06396484375,172.44000244140625,0.0,176.67999267578125,171.7100067138672,176.25,0.0,6914500
2023-08-03,158.4735870361328,171.8000030517578,0.0,172.25999450683594,169.63999938964844,170.4499969482422,0.0,4515200
2023-08-04,155.3742218017578,168.44000244140625,0.0,170.8800048828125,167.11000061035156,169.60000610351562,0.0,6052800
2023-08-07,155.85391235351562,168.9600067138672,0.0,169.82000732421875,166.94000244140625,169.3699951171875,0.0,4315700
2023-08-08,153.79685974121094,166.72999572753906,0.0,167.4199981689453,164.42999267578125,167.3000030517578,0.0,4628000
2023-08-09,154.2949981689453,167.27000427246094,0.0,168.97999572753906,166.3699951171875,166.72000122070312,0.0,4701400
2023-08-10,154.56248474121094,167.55999755859375,0.0,170.5399932861328,166.92999267578125,168.64999389648438,0.0,4975300
2023-08-11,153.30796813964844,166.1999969482422,0.0,166.3699951171875,164.63999938964844,165.7899932861328,0.0,5454800
2023-08-14,157.25599670410156,170.47999572753906,0.0,170.61000061035156,165.6999969482422,166.1999969482422,0.0,5933600
2023-08-15,155.115966796875,168.16000366210938,0.0,170.16000366210938,167.6199951171875,169.77000427246094,0.0,3920900
2023-08-16,152.86524963378906,165.72000122070312,0.0,168.57000732421875,165.3000030517578,167.58999633789062,0.0,4558400
2023-08-17,152.90211486816406,165.75999450683594,0.0,167.16000366210938,165.22000122070312,165.72000122070312,0.0,3987800
2023-08-18,153.5754852294922,166.49000549316406,0.0,166.83999633789062,164.1699981689453,164.57000732421875,0.0,4456000
2023-08-21,154.92222595214844,167.9499969482422,0.0,168.5800018310547,166.08999633789062,166.72999572753906,0.0,3941800
2023-08-22,154.1474151611328,167.11000061035156,0.0,169.6300048828125,166.14999389648438,169.6300048828125,0.0,3035600
2023-08-23,156.65643310546875,169.8300018310547,0.0,170.5,163.92999267578125,163.92999267578125,0.0,4152900
2023-08-24,152.7452850341797,165.58999633789062,0.0,171.47999572753906,165.39999389648438,171.47999572753906,0.0,6003200
2023-08-25,154.7930908203125,167.80999755859375,0.0,168.4600067138672,164.6999969482422,166.49000549316406,0.0,3947500
2023-08-28,155.6140594482422,168.6999969482422,0.0,169.9199981689453,167.5800018310547,169.22000122070312,0.0,3995100
2023-08-29,157.44970703125,170.69000244140625,0.0,171.25999450683594,167.74000549316406,168.0800018310547,0.0,3981700
2023-08-30,156.1029510498047,169.22999572753906,0.0,170.27000427246094,165.32000732421875,166.52000427246094,0.0,5120400
2023-08-31,155.0237274169922,168.05999755859375,0.0,170.3000030517578,168.0,168.82000732421875,0.0,6026500
2023-09-01,156.65643310546875,169.8300018310547,0.0,170.02000427246094,168.52999877929688,169.97999572753906,0.0,2611200
2023-09-05,156.57339477539062,169.74000549316406,0.0,170.89999389648438,168.22000122070312,169.0800018310547,0.0,2882200
2023-09-06,155.0144805908203,168.0500030517578,0.0,170.02999877929688,166.89999389648438,169.6999969482422,0.0,4244000
2023-09-07,151.9335479736328,164.7100067138672,0.0,166.3800048828125,163.97000122070312,165.77000427246094,0.0,6272100
2023-09-08,151.887451171875,164.66000366210938,0.0,165.41000366210938,163.82000732421875,165.11000061035156,0.0,3301100
2023-09-11,152.97592163085938,165.83999633789062,0.0,166.69000244140625,164.10000610351562,166.52000427246094,0.0,3191900
2023-09-12,150.80821228027344,163.49000549316406,0.0,166.08999633789062,163.42999267578125,164.6699981689453,0.0,3739900
2023-09-13,151.61070251464844,164.36000061035156,0.0,165.5399932861328,163.52999877929688,163.91000366210938,0.0,3331900
2023-09-14,153.1696319580078,166.0500030517578,0.0,166.63999938964844,163.63999938964844,166.4199981689453,0.0,4071600
2023-09-15,150.00567626953125,162.6199951171875,0.0,166.5,162.42999267578125,166.2100067138672,0.0,9427900
2023-09-18,150.1994171142578,162.8300018310547,0.0,163.58999633789062,161.75999450683594,162.0,0.0,3180100
2023-09-19,150.4853515625,163.13999938964844,0.0,163.50999450683594,161.41000366210938,162.4600067138672,0.0,3244400
2023-09-20,149.5260467529297,162.10000610351562,0.0,164.5800018310547,161.0,163.97999572753906,0.0,5035700
2023-09-21,147.95787048339844,160.39999389648438,0.0,162.89999389648438,160.35000610351562,160.38999938964844,0.0,4492700
2023-09-22,147.8748779296875,160.30999755859375,0.0,162.0500030517578,160.2100067138672,161.82000732421875,0.0,3715300
2023-09-25,148.4190673828125,160.89999389648438,0.0,160.9199981689453,159.22999572753906,159.9499969482422,0.0,3107600
2023-09-26,145.70716857910156,157.9600067138672,0.0,159.72000122070312,157.3699951171875,159.61000061035156,0.0,4164000
2023-09-27,145.8731689453125,158.13999938964844,0.0,159.50999450683594,155.88999938964844,159.25,0.0,4232000
2023-09-28,146.74949645996094,159.08999633789062,0.0,161.3800048828125,158.07000732421875,158.13999938964844,0.0,4271400
2023-09-29,146.67567443847656,159.00999450683594,0.0,161.16000366210938,158.30999755859375,160.83999633789062,0.0,3664600
2023-10-02,147.5427703857422,159.9499969482422,0.0,160.63999938964844,157.8300018310547,159.50999450683594,0.0,2922300
2023-10-03,145.05223083496094,157.25,0.0,160.39999389648438,156.33999633789062,158.11000061035156,0.0,3510700
2023-10-04,145.71640014648438,157.97000122070312,0.0,158.47999572753906,156.49000549316406,157.66000366210938,0.0,4129900
2023-10-05,143.07823181152344,155.11000061035156,0.0,159.16000366210938,154.77999877929688,158.4600067138672,0.0,4389200
2023-10-06,144.82164001464844,157.0,0.0,158.10000610351562,153.55999755859375,154.27000427246094,0.0,5016200
2023-10-09,144.56336975097656,156.72000122070312,0.0,156.83999633789062,154.6999969482422,155.8300018310547,0.0,2747000
2023-10-10,145.43043518066406,157.66000366210938,0.0,159.22000122070312,156.27999877929688,156.72000122070312,0.0,3657400
2023-10-11,145.1260223388672,157.3300018310547,0.0,158.27000427246094,155.74000549316406,156.32000732421875,0.0,4452400
2023-10-12,142.97677612304688,155.0,0.0,158.27000427246094,154.22999572753906,158.0399932861328,0.0,5643300
2023-10-13,140.90130615234375,152.75,0.0,155.47999572753906,152.1999969482422,155.32000732421875,0.0,4319100
2023-10-16,142.3310089111328,154.3000030517578,0.0,154.72999572753906,153.08999633789062,153.36000061035156,0.0,4872200
2023-10-17,142.29417419433594,154.25999450683594,0.0,154.91000366210938,151.88999938964844,152.82000732421875,0.0,5098900
2023-10-18,140.04342651367188,151.82000732421875,0.0,154.02999877929688,151.4499969482422,152.9199981689453,0.0,4837500
2023-10-19,139.23170471191406,150.94000244140625,0.0,153.4600067138672,150.47000122070312,152.83999633789062,0.0,6041100
2023-10-20,136.34449768066406,147.80999755859375,0.0,151.80999755859375,147.61000061035156,151.4199981689453,0.0,5391500
2023-10-23,134.97006225585938,146.32000732421875,0.0,148.67999267578125,146.00999450683594,147.27999877929688,0.0,5398200
2023-10-24,135.52354431152344,146.9199981689453,0.0,147.61000061035156,145.9499969482422,146.83999633789062,0.0,7024400
2023-10-25,130.79144287109375,141.7899932861328,0.0,144.58999633789062,140.1300048828125,141.4199981689453,0.0,12349200
2023-10-26,132.83924865722656,144.00999450683594,0.0,146.6300048828125,142.00999450683594,142.1699981689453,0.0,7888800
2023-10-27,132.01828002929688,143.1199951171875,0.0,145.08999633789062,142.35000610351562,144.8800048828125,0.0,5327500
2023-10-30,130.78948974609375,140.5,1.3,141.41000366210938,139.47999572753906,140.8699951171875,0.0,6640800
2023-10-31,132.1951446533203,142.00999450683594,0.0,143.0399932861328,140.02999877929688,140.8000030517578,0.0,6570300
2023-11-01,133.2749786376953,143.1699981689453,0.0,143.30999755859375,140.82000732421875,142.63999938964844,0.0,7503200
2023-11-02,137.1288604736328,147.30999755859375,0.0,147.80999755859375,144.5,144.94000244140625,0.0,6297900
2023-11-03,139.84701538085938,150.22999572753906,0.0,151.58999633789062,149.0800018310547,149.3000030517578,0.0,5818700
2023-11-06,137.3057098388672,147.5,0.0,150.1999969482422,146.61000061035156,149.5800018310547,0.0,6601400
2023-11-07,136.45860290527344,146.58999633789062,0.0,147.24000549316406,145.50999450683594,146.8000030517578,0.0,5193000
2023-11-08,135.18331909179688,145.22000122070312,0.0,146.8300018310547,144.47000122070312,146.44000244140625,0.0,6901400
2023-11-09,133.3680877685547,143.27000427246094,0.0,146.5,143.1699981689453,145.92999267578125,0.0,7061200
2023-11-10,137.01715087890625,147.19000244140625,0.0,147.5800018310547,143.0800018310547,144.99000549316406,0.0,7214700
2023-11-13,135.7883758544922,145.8699951171875,0.0,146.41000366210938,145.19000244140625,146.22999572753906,0.0,4345400
2023-11-14,139.56777954101562,149.92999267578125,0.0,151.10000610351562,148.91000366210938,150.22000122070312,0.0,7051600
2023-11-15,141.37368774414062,151.8699951171875,0.0,153.63999938964844,150.14999389648438,151.00999450683594,0.0,5957000
2023-11-16,141.39230346679688,151.88999938964844,0.0,152.99000549316406,150.80999755859375,151.9600067138672,0.0,5599400
2023-11-17,143.93359375,154.6199951171875,0.0,155.5,151.89999389648438,152.3000030517578,0.0,7524200
2023-11-20,144.7900390625,155.5399932861328,0.0,156.27999877929688,153.9499969482422,154.02000427246094,0.0,5836900
2023-11-21,142.8258819580078,153.42999267578125,0.0,154.66000366210938,152.47000122070312,154.66000366210938,0.0,3877600
2023-11-22,143.29129028320312,153.92999267578125,0.0,156.16000366210938,153.27999877929688,154.5,0.0,3159800
2023-11-24,142.97482299804688,153.58999633789062,0.0,154.42999267578125,153.16000366210938,154.32000732421875,0.0,1604800
2023-11-27,142.05323791503906,152.60000610351562,0.0,153.35000610351562,151.39999389648438,152.57000732421875,0.0,4130700
2023-11-28,142.33253479003906,152.89999389648438,0.0,153.02999877929688,151.4199981689453,152.11000061035156,0.0,3883800
2023-11-29,142.6117706298828,153.1999969482422,0.0,155.85000610351562,152.9499969482422,154.8000030517578,0.0,3647100
2023-11-30,142.1556396484375,152.7100067138672,0.0,154.7100067138672,151.27000427246094,154.67999267578125,0.0,6641400
2023-12-01,144.4828643798828,155.2100067138672,0.0,155.30999755859375,151.91000366210938,153.11000061035156,0.0,4095500
2023-12-04,146.54010009765625,157.4199981689453,0.0,157.5399932861328,154.02000427246094,154.5800018310547,0.0,6572000
2023-12-05,146.38185119628906,157.25,0.0,157.74000549316406,154.83999633789062,156.4600067138672,0.0,4935600
2023-12-06,145.26478576660156,156.0500030517578,0.0,159.61000061035156,155.9499969482422,159.1300048828125,0.0,4952200
2023-12-07,146.7821502685547,157.67999267578125,0.0,158.69000244140625,154.67999267578125,156.83999633789062,0.0,6495400
2023-12-08,146.1770782470703,157.02999877929688,0.0,158.32000732421875,156.2899932861328,157.2899932861328,0.0,4732100
2023-12-11,148.9138946533203,159.97000122070312,0.0,161.22999572753906,157.99000549316406,158.57000732421875,0.0,7585500
2023-12-12,147.00555419921875,157.9199981689453,0.0,159.89999389648438,157.44000244140625,159.89999389648438,0.0,4714400
2023-12-13,150.626708984375,161.80999755859375,0.0,162.27999877929688,157.9600067138672,158.02000427246094,0.0,5940900
2023-12-14,157.11497497558594,168.77999877929688,0.0,169.22000122070312,163.16000366210938,163.6699981689453,0.0,11428500
2023-12-15,156.98464965820312,168.63999938964844,0.0,171.08999633789062,167.74000549316406,170.2100067138672,0.0,16337400
2023-12-18,155.84896850585938,167.4199981689453,0.0,168.97000122070312,165.86000061035156,168.4499969482422,0.0,5015200
2023-12-19,156.85433959960938,168.5,0.0,168.89999389648438,167.0800018310547,168.25999450683594,0.0,4379400
2023-12-20,153.76377868652344,165.17999267578125,0.0,168.58999633789062,165.07000732421875,168.0500030517578,0.0,5098700
2023-12-21,155.2811279296875,166.80999755859375,0.0,167.57000732421875,165.6699981689453,166.77999877929688,0.0,4040100
2023-12-22,156.61228942871094,168.24000549316406,0.0,168.9199981689453,166.82000732421875,167.25999450683594,0.0,3492400
2023-12-26,159.00466918945312,170.80999755859375,0.0,171.52999877929688,168.4499969482422,168.94000244140625,0.0,3202200
2023-12-27,159.39564514160156,171.22999572753906,0.0,171.6199951171875,170.3300018310547,171.22000122070312,0.0,3264900
2023-12-28,159.85177612304688,171.72000122070312,0.0,172.30999755859375,170.7100067138672,172.0,0.0,3023000
2023-12-29,158.6788787841797,170.4600067138672,0.0,171.6999969482422,169.9199981689453,171.5399932861328,0.0,2920600
2024-01-02,157.56179809570312,169.25999450683594,0.0,169.92999267578125,167.41000366210938,168.85000610351562,0.0,5652500
2024-01-03,155.2159881591797,166.74000549316406,0.0,168.5,166.2100067138672,167.99000549316406,0.0,5874900
2024-01-04,153.10284423828125,164.47000122070312,0.0,165.7100067138672,162.39999389648438,162.5,0.0,6445700
2024-01-05,153.6893310546875,165.10000610351562,0.0,166.22999572753906,164.14999389648438,164.89999389648438,0.0,3087200
2024-01-08,156.89154052734375,168.5399932861328,0.0,168.6699981689453,164.60000610351562,165.2100067138672,0.0,5717500
2024-01-09,156.97535705566406,168.6300048828125,0.0,170.52000427246094,166.0,166.0,0.0,5018500
2024-01-10,155.69073486328125,167.25,0.0,168.52000427246094,165.11000061035156,168.5,0.0,4045200
2024-01-11,154.15476989746094,165.60000610351562,0.0,167.8800048828125,165.02999877929688,167.16000366210938,0.0,5635600
2024-01-12,153.47518920898438,164.8699951171875,0.0,167.2100067138672,163.88999938964844,166.66000366210938,0.0,4205000
2024-01-16,152.5536346435547,163.8800048828125,0.0,165.47999572753906,162.60000610351562,164.39999389648438,0.0,6682800
2024-01-17,151.19456481933594,162.4199981689453,0.0,162.9199981689453,160.2899932861328,162.55999755859375,0.0,4079000
2024-01-18,155.37420654296875,166.91000366210938,0.0,167.3800048828125,163.17999267578125,164.6699981689453,0.0,6583700
2024-01-19,161.6483917236328,173.64999389648438,0.0,175.16000366210938,170.24000549316406,170.89999389648438,0.0,13345800
2024-01-22,162.74685668945312,174.8300018310547,0.0,176.64999389648438,173.6199951171875,174.0,0.0,6850700
2024-01-23,162.29071044921875,174.33999633789062,0.0,176.57000732421875,174.25999450683594,174.83999633789062,0.0,9459400
2024-01-24,158.31582641601562,170.07000732421875,0.0,172.89999389648438,168.5399932861328,171.2899932861328,0.0,15100400
2024-01-25,155.84896850585938,167.4199981689453,0.0,171.52999877929688,166.8300018310547,171.05999755859375,0.0,7088200
2024-01-26,152.74908447265625,164.08999633789062,0.0,166.1999969482422,163.27999877929688,166.1999969482422,0.0,8800900
2024-01-29,154.56436157226562,166.0399932861328,0.0,166.32000732421875,163.42999267578125,164.0800018310547,0.0,6076600
2024-01-30,152.04051208496094,162.0500030517578,1.3,163.77999877929688,161.5399932861328,162.89999389648438,0.0,4897600
2024-01-31,150.22972106933594,160.1199951171875,0.0,163.1699981689453,159.32000732421875,160.41000366210938,0.0,8665200
2024-02-01,149.82627868652344,159.69000244140625,0.0,159.8699951171875,156.66000366210938,159.22000122070312,0.0,6542100
2024-02-02,149.3665313720703,159.1999969482422,0.0,159.8000030517578,157.77000427246094,158.3800048828125,0.0,4922400
2024-02-05,149.08506774902344,158.89999389648438,0.0,159.99000549316406,157.58999633789062,159.99000549316406,0.0,4190100
2024-02-06,148.5878143310547,158.3699951171875,0.0,159.6999969482422,157.3300018310547,159.1699981689453,0.0,4139800
2024-02-07,148.9630889892578,158.77000427246094,0.0,160.2899932861328,158.22999572753906,159.92999267578125,0.0,4627900
2024-02-08,150.3141632080078,160.2100067138672,0.0,161.05999755859375,158.77999877929688,159.30999755859375,0.0,3487700
2024-02-09,152.36886596679688,162.39999389648438,0.0,162.47999572753906,160.6300048828125,161.27999877929688,0.0,3919500
2024-02-12,151.13043212890625,161.0800018310547,0.0,162.83999633789062,161.0500030517578,162.39999389648438,0.0,3853000
2024-02-13,147.16168212890625,156.85000610351562,0.0,159.4199981689453,155.4600067138672,158.25999450683594,0.0,5357900
2024-02-14,148.11868286132812,157.8699951171875,0.0,159.0399932861328,156.57000732421875,157.85000610351562,0.0,4528000
2024-02-15,150.7832794189453,160.7100067138672,0.0,161.27000427246094,158.89999389648438,158.89999389648438,0.0,3725300
2024-02-16,150.4736785888672,160.3800048828125,0.0,162.14999389648438,159.42999267578125,160.35000610351562,0.0,3167600
2024-02-20,152.68789672851562,162.74000549316406,0.0,162.91000366210938,159.25999450683594,159.3699951171875,0.0,5406200
2024-02-21,153.94512939453125,164.0800018310547,0.0,164.1199951171875,161.5,162.52000427246094,0.0,4530000
2024-02-22,155.21173095703125,165.42999267578125,0.0,166.1199951171875,163.49000549316406,164.89999389648438,0.0,5041200
2024-02-23,153.57919311523438,163.69000244140625,0.0,166.0,163.6300048828125,165.8300018310547,0.0,3479100
2024-02-26,154.1515350341797,164.3000030517578,0.0,165.50999450683594,163.77999877929688,164.6199951171875,0.0,5251300
2024-02-27,154.7519989013672,164.94000244140625,0.0,165.66000366210938,164.25,164.5800018310547,0.0,2886600
2024-02-28,152.96934509277344,163.0399932861328,0.0,163.8800048828125,162.3800048828125,163.5,0.0,2933000
2024-02-29,156.99436950683594,167.3300018310547,0.0,167.91000366210938,164.27999877929688,164.89999389648438,0.0,7267200
2024-03-01,160.48458862304688,171.0500030517578,0.0,172.08999633789062,167.32000732421875,167.5500030517578,0.0,5233700
2024-03-04,161.78872680664062,172.44000244140625,0.0,173.0500030517578,170.86000061035156,172.5,0.0,4401600
2024-03-05,160.0999298095703,170.63999938964844,0.0,172.72000122070312,169.27999877929688,171.36000061035156,0.0,6215600
2024-03-06,161.25393676757812,171.8699951171875,0.0,175.7899932861328,170.67999267578125,173.11000061035156,0.0,6312700
2024-03-07,164.44393920898438,175.27000427246094,0.0,177.75,172.27999877929688,172.27999877929688,0.0,5980400
2024-03-08,161.65736389160156,172.3000030517578,0.0,175.5800018310547,172.27000427246094,175.4600067138672,0.0,5632600
2024-03-11,163.43064880371094,174.19000244140625,0.0,174.27999877929688,171.52999877929688,172.27999877929688,0.0,4207300
2024-03-12,164.00294494628906,174.8000030517578,0.0,176.35000610351562,173.22999572753906,175.99000549316406,0.0,5802600
2024-03-13,162.013916015625,172.67999267578125,0.0,174.2899932861328,171.2100067138672,173.88999938964844,0.0,5199500
2024-03-14,160.56903076171875,171.13999938964844,0.0,173.6300048828125,169.8000030517578,173.30999755859375,0.0,5028200
2024-03-15,161.86380004882812,172.52000427246094,0.0,173.02999877929688,168.69000244140625,169.60000610351562,0.0,19078800
2024-03-18,158.75823974609375,169.2100067138672,0.0,174.7899932861328,169.05999755859375,174.5399932861328,0.0,5213800
2024-03-19,156.4595947265625,166.75999450683594,0.0,168.30999755859375,165.97999572753906,167.67999267578125,0.0,5640000
2024-03-20,159.4806671142578,169.97999572753906,0.0,170.13999938964844,166.27000427246094,167.0800018310547,0.0,4404600
2024-03-21,161.92947387695312,172.58999633789062,0.0,174.7899932861328,171.72000122070312,172.8300018310547,0.0,4371600
2024-03-22,161.8262481689453,172.47999572753906,0.0,173.72999572753906,171.25999450683594,171.72999572753906,0.0,4177200
2024-03-25,160.2969512939453,170.85000610351562,0.0,172.3300018310547,170.61000061035156,170.8300018310547,0.0,3298600
2024-03-26,157.53854370117188,167.91000366210938,0.0,171.86000061035156,167.50999450683594,171.44000244140625,0.0,5898300
2024-03-27,162.1921844482422,172.8699951171875,0.0,172.9199981689453,168.8300018310547,169.0,0.0,4272300
2024-03-28,163.4494171142578,174.2100067138672,0.0,175.85000610351562,173.3300018310547,173.47999572753906,0.0,4417800
2024-04-01,162.47361755371094,173.1699981689453,0.0,175.91000366210938,172.86000061035156,174.1199951171875,0.0,2303200
2024-04-02,159.8372039794922,170.36000061035156,0.0,172.35000610351562,169.60000610351562,172.35000610351562,0.0,3304500
2024-04-03,159.8184356689453,170.33999633789062,0.0,170.88999938964844,167.88999938964844,169.5800018310547,0.0,3295800
2024-04-04,158.12022399902344,168.52999877929688,0.0,173.0,168.10000610351562,171.77000427246094,0.0,7491300
2024-04-05,157.1538543701172,167.5,0.0,169.25,167.13999938964844,168.57000732421875,0.0,5012300
2024-04-08,158.99281311035156,169.4600067138672,0.0,170.2899932861328,167.25999450683594,167.61000061035156,0.0,3154000
2024-04-09,162.7457275390625,173.4600067138672,0.0,173.52000427246094,170.1300048828125,171.0,0.0,4830700
2024-04-10,158.4861602783203,168.9199981689453,0.0,170.41000366210938,167.89999389648438,169.8699951171875,0.0,5662800
2024-04-11,160.62533569335938,171.1999969482422,0.0,171.85000610351562,168.1300048828125,169.89999389648438,0.0,4352100
2024-04-12,156.05613708496094,166.3300018310547,0.0,169.42999267578125,165.77000427246094,168.4199981689453,0.0,5473600
2024-04-15,156.0749053955078,166.35000610351562,0.0,169.33999633789062,165.32000732421875,168.2899932861328,0.0,4739500
2024-04-16,157.23829650878906,167.58999633789062,0.0,168.52000427246094,166.82000732421875,167.47999572753906,0.0,3389000
2024-04-17,155.46505737304688,165.6999969482422,0.0,168.97999572753906,165.5,168.3800048828125,0.0,4564900
2024-04-18,153.56044006347656,163.6699981689453,0.0,164.67999267578125,161.5500030517578,163.67999267578125,0.0,5605500
2024-04-19,149.81687927246094,159.67999267578125,0.0,164.4199981689453,159.11000061035156,163.0800018310547,0.0,10497600
2024-04-22,153.33526611328125,163.42999267578125,0.0,164.13999938964844,160.0500030517578,160.25999450683594,0.0,5942400
2024-04-23,155.24923706054688,165.47000122070312,0.0,166.89999389648438,162.4600067138672,163.0399932861328,0.0,6833600
2024-04-24,164.01235961914062,174.80999755859375,0.0,179.49000549316406,173.61000061035156,178.22999572753906,0.0,13965900
2024-04-25,164.4251708984375,175.25,0.0,177.0500030517578,172.25999450683594,176.07000732421875,0.0,9130800
2024-04-26,166.5174102783203,177.47999572753906,0.0,178.3000030517578,175.0,175.25,0.0,5401900
2024-04-29,168.2156219482422,179.2899932861328,0.0,179.7899932861328,177.30999755859375,177.47999572753906,0.0,4191500
2024-04-30,165.5229034423828,176.4199981689453,0.0,179.24000549316406,176.30999755859375,178.4199981689453,0.0,6444300
2024-05-01,164.37823486328125,175.1999969482422,0.0,178.7100067138672,174.39999389648438,175.83999633789062,0.0,7167700
2024-05-02,164.9412078857422,175.8000030517578,0.0,179.80999755859375,173.64999389648438,179.80999755859375,0.0,4838300
2024-05-03,167.85911560058594,178.91000366210938,0.0,179.67999267578125,177.42999267578125,177.49000549316406,0.0,4545100
2024-05-06,170.44862365722656,181.6699981689453,0.0,181.88999938964844,179.27000427246094,179.89999389648438,0.0,4127400
2024-05-07,172.62210083007812,182.6699981689453,1.3,183.58999633789062,181.6699981689453,181.8699951171875,0.0,5152700
2024-05-08,173.83168029785156,183.9499969482422,0.0,184.07000732421875,181.49000549316406,181.75999450683594,0.0,4220900
2024-05-09,175.12635803222656,185.32000732421875,0.0,185.75,183.66000366210938,184.0,0.0,5843300
2024-05-10,176.76116943359375,187.0500030517578,0.0,187.35000610351562,185.72999572753906,185.8800048828125,0.0,5606800
2024-05-13,177.48883056640625,187.82000732421875,0.0,188.3800048828125,186.6699981689453,187.0,0.0,3686300
2024-05-14,180.61676025390625,191.1300048828125,0.0,191.4600067138672,187.10000610351562,187.44000244140625,0.0,4917500
2024-05-15,184.77468872070312,195.52999877929688,0.0,195.61000061035156,191.88999938964844,192.5800018310547,0.0,5936800
2024-05-16,184.2455291748047,194.97000122070312,0.0,195.8699951171875,192.58999633789062,192.60000610351562,0.0,5371800
2024-05-17,184.29278564453125,195.02000427246094,0.0,196.5500030517578,193.8300018310547,195.0,0.0,4534200
2024-05-20,188.2428436279297,199.1999969482422,0.0,199.27000427246094,194.5,195.02000427246094,0.0,5282800
2024-05-21,188.06333923339844,199.00999450683594,0.0,199.3000030517578,196.83999633789062,197.1699981689453,0.0,5489100
2024-05-22,191.39913940429688,202.5399932861328,0.0,203.6199951171875,199.64999389648438,199.97000122070312,0.0,9119000
2024-05-23,186.4379119873047,197.2899932861328,0.0,202.9499969482422,196.83999633789062,202.60000610351562,0.0,7125400
2024-05-24,188.22393798828125,199.17999267578125,0.0,199.77000427246094,197.75,198.8300018310547,0.0,4354100
2024-05-28,188.62083435058594,199.60000610351562,0.0,206.0,197.91000366210938,206.0,0.0,8661000
2024-05-29,184.18882751464844,194.91000366210938,0.0,197.66000366210938,194.75999450683594,196.66000366210938,0.0,5607800
2024-05-30,184.91647338867188,195.67999267578125,0.0,195.92999267578125,193.75,195.4499969482422,0.0,5213500
2024-05-31,184.2833251953125,195.00999450683594,0.0,196.69000244140625,190.25999450683594,195.3699951171875,0.0,9137300
2024-06-03,183.0642852783203,193.72000122070312,0.0,196.6300048828125,191.6999969482422,196.3699951171875,0.0,4153500
2024-06-04,182.6674041748047,193.3000030517578,0.0,194.42999267578125,192.05999755859375,193.30999755859375,0.0,7221600
2024-06-05,185.29449462890625,196.0800018310547,0.0,196.22000122070312,193.5399932861328,194.77999877929688,0.0,5988600
2024-06-06,185.44566345214844,196.24000549316406,0.0,196.63999938964844,194.52000427246094,195.97999572753906,0.0,3905500
2024-06-07,184.850341796875,195.61000061035156,0.0,197.38999938964844,194.77999877929688,195.9499969482422,0.0,3308400
2024-06-10,186.749755859375,197.6199951171875,0.0,197.8000030517578,194.0,194.17999267578125,0.0,4202400
2024-06-11,186.57965087890625,197.44000244140625,0.0,197.83999633789062,194.47999572753906,197.14999389648438,0.0,4193200
2024-06-12,188.0349578857422,198.97999572753906,0.0,201.2899932861328,197.3699951171875,199.47000122070312,0.0,4655700
2024-06-13,185.48348999023438,196.27999877929688,0.0,197.44000244140625,194.86000061035156,195.0,0.0,3409900
2024-06-14,183.23439025878906,193.89999389648438,0.0,195.6300048828125,193.07000732421875,193.83999633789062,0.0,3479100
2024-06-17,184.1793670654297,194.89999389648438,0.0,195.19000244140625,192.1699981689453,193.1699981689453,0.0,3804900
2024-06-18,185.45513916015625,196.25,0.0,196.7899932861328,194.22999572753906,195.24000549316406,0.0,3036900
2024-06-20,182.1571044921875,192.75999450683594,0.0,194.5,192.17999267578125,194.5,0.0,5464900
2024-06-21,184.77468872070312,195.52999877929688,0.0,197.47999572753906,193.72000122070312,194.99000549316406,0.0,12516800
2024-06-24,183.24383544921875,193.91000366210938,0.0,196.55999755859375,193.35000610351562,195.5800018310547,0.0,3655700
2024-06-25,183.77304077148438,194.47000122070312,0.0,194.94000244140625,192.82000732421875,194.94000244140625,0.0,3456400
2024-06-26,182.4783935546875,193.10000610351562,0.0,194.99000549316406,192.17999267578125,193.80999755859375,0.0,3301000
2024-06-27,182.79022216796875,193.42999267578125,0.0,193.89999389648438,191.8000030517578,192.6699981689453,0.0,3874500
2024-06-28,183.82974243164062,194.52999877929688,0.0,197.88999938964844,193.5,194.14999389648438,0.0,8861000
2024-07-01,183.89590454101562,194.60000610351562,0.0,194.97999572753906,192.74000549316406,193.6300048828125,0.0,2873600
2024-07-02,187.50575256347656,198.4199981689453,0.0,199.0500030517578,194.4499969482422,194.99000549316406,0.0,4168700
2024-07-03,187.99716186523438,198.94000244140625,0.0,199.57000732421875,196.10000610351562,198.1300048828125,0.0,2454800
2024-07-05,187.85540771484375,198.7899932861328,0.0,200.14999389648438,197.24000549316406,200.0,0.0,2887900
2024-07-08,190.38800048828125,201.47000122070312,0.0,201.7100067138672,199.39999389648438,200.00999450683594,0.0,3927100
2024-07-09,189.15003967285156,200.16000366210938,0.0,202.39999389648438,199.0800018310547,202.39999389648438,0.0,3742300
2024-07-10,192.41973876953125,203.6199951171875,0.0,203.77999877929688,201.0,201.30999755859375,0.0,4559500
2024-07-11,188.98941040039062,199.99000549316406,0.0,204.0,199.8800048828125,203.80999755859375,0.0,5585400
2024-07-12,190.76600646972656,201.8699951171875,0.0,205.2899932861328,201.30999755859375,202.1199951171875,0.0,3683800
2024-07-15,190.66204833984375,201.75999450683594,0.0,203.0800018310547,200.8300018310547,201.86000061035156,0.0,3089500
2024-07-16,195.2547149658203,206.6199951171875,0.0,206.77000427246094,202.58999633789062,203.47999572753906,0.0,3134400
2024-07-17,193.0245361328125,204.25999450683594,0.0,210.83999633789062,204.02999877929688,205.13999938964844,0.0,7792500
2024-07-18,194.5459747314453,205.8699951171875,0.0,207.0,203.27999877929688,204.8300018310547,0.0,5497200
2024-07-19,188.14834594726562,199.10000610351562,0.0,206.14999389648438,198.74000549316406,205.36000061035156,0.0,4868000
2024-07-22,194.55543518066406,205.8800048828125,0.0,206.0,201.00999450683594,203.10000610351562,0.0,6063800
2024-07-23,187.38290405273438,198.2899932861328,0.0,202.97999572753906,197.44000244140625,200.58999633789062,0.0,6083300
2024-07-24,187.3734588623047,198.27999877929688,0.0,206.5500030517578,196.91000366210938,206.36000061035156,0.0,11049100
2024-07-25,186.3055877685547,197.14999389648438,0.0,201.72999572753906,194.1199951171875,198.27999877929688,0.0,9555400
2024-07-26,190.87939453125,201.99000549316406,0.0,204.3800048828125,199.0800018310547,200.47000122070312,0.0,5384800
2024-07-29,190.7754364013672,201.8800048828125,0.0,204.1300048828125,200.75999450683594,203.27000427246094,0.0,3392000
2024-07-30,189.93441772460938,200.99000549316406,0.0,204.49000549316406,199.7100067138672,203.61000061035156,0.0,6062600
2024-07-31,193.85311889648438,203.80999755859375,1.3,204.4600067138672,199.49000549316406,204.4600067138672,0.0,7462400
2024-08-01,183.88510131835938,193.3300018310547,0.0,204.1199951171875,190.9600067138672,201.75,0.0,7958500
2024-08-02,178.3018798828125,187.4600067138672,0.0,189.6199951171875,186.07000732421875,187.50999450683594,0.0,8050200
2024-08-05,172.33819580078125,181.19000244140625,0.0,188.74000549316406,180.07000732421875,184.61000061035156,0.0,8659900
2024-08-06,177.81678771972656,186.9499969482422,0.0,190.32000732421875,182.60000610351562,183.52000427246094,0.0,6210900
2024-08-07,175.07748413085938,184.07000732421875,0.0,191.52000427246094,183.72000122070312,190.24000549316406,0.0,5013000
2024-08-08,183.85658264160156,193.3000030517578,0.0,194.00999450683594,185.5500030517578,187.22999572753906,0.0,6180400
2024-08-09,182.81982421875,192.2100067138672,0.0,193.4499969482422,189.97000122070312,191.02000427246094,0.0,3066500
2024-08-12,182.67715454101562,192.05999755859375,0.0,193.6300048828125,190.77999877929688,192.4499969482422,0.0,5235900
2024-08-13,187.6136016845703,197.25,0.0,197.7100067138672,193.39999389648438,193.8000030517578,0.0,4969000
2024-08-14,186.05372619628906,195.61000061035156,0.0,197.3800048828125,193.4499969482422,197.00999450683594,0.0,3072000
2024-08-15,192.06497192382812,201.92999267578125,0.0,203.16000366210938,198.5,200.5,0.0,5081900
2024-08-16,190.7333526611328,200.52999877929688,0.0,202.4499969482422,198.17999267578125,201.92999267578125,0.0,4236400
2024-08-19,190.85702514648438,200.66000366210938,0.0,201.0500030517578,198.0,200.5399932861328,0.0,3788900
2024-08-20,192.64517211914062,202.5399932861328,0.0,204.4499969482422,198.08999633789062,200.44000244140625,0.0,7111400
2024-08-21,198.19033813476562,208.3699951171875,0.0,210.8800048828125,204.89999389648438,206.35000610351562,0.0,8119300
2024-08-22,193.81507873535156,203.77000427246094,0.0,209.63999938964844,202.8000030517578,208.4600067138672,0.0,6879900
2024-08-23,199.6265869140625,209.8800048828125,0.0,210.50999450683594,206.30999755859375,206.82000732421875,0.0,6112000
2024-08-26,198.07620239257812,208.25,0.0,210.00999450683594,207.5500030517578,209.0,0.0,5806000
2024-08-27,200.3970184326172,210.69000244140625,0.0,211.11000061035156,207.55999755859375,207.9199981689453,0.0,4373400
2024-08-28,197.5911407470703,207.74000549316406,0.0,211.27000427246094,205.97000122070312,210.6300048828125,0.0,3998100
2024-08-29,200.7774658203125,211.08999633789062,0.0,214.41000366210938,209.64999389648438,210.63999938964844,0.0,5622800
2024-08-30,203.86868286132812,214.33999633789062,0.0,214.66000366210938,211.39999389648438,212.5800018310547,0.0,5860900
2024-09-03,191.96986389160156,201.8300018310547,0.0,211.9499969482422,201.19000244140625,211.9499969482422,0.0,9284000
2024-09-04,194.03382873535156,204.0,0.0,205.74000549316406,200.2899932861328,201.6199951171875,0.0,4650400
2024-09-05,191.7035369873047,201.5500030517578,0.0,204.27000427246094,199.67999267578125,202.3000030517578,0.0,4107400
2024-09-06,187.80384826660156,197.4499969482422,0.0,201.8699951171875,196.72999572753906,201.5,0.0,6314400
2024-09-09,191.34207153320312,201.1699981689453,0.0,202.2899932861328,198.99000549316406,202.08999633789062,0.0,4864100
2024-09-10,190.03903198242188,199.8000030517578,0.0,201.27999877929688,197.02999877929688,201.1699981689453,0.0,4859400
2024-09-11,192.5215301513672,202.41000366210938,0.0,202.82000732421875,195.0399932861328,199.6999969482422,0.0,5900500
2024-09-12,186.4056396484375,195.97999572753906,0.0,202.0,194.6699981689453,201.60000610351562,0.0,7201000
2024-09-13,190.16265869140625,199.92999267578125,0.0,200.8800048828125,196.8300018310547,197.11000061035156,0.0,4617000
2024-09-16,188.77398681640625,198.47000122070312,0.0,199.5,195.99000549316406,198.72000122070312,0.0,3717800
2024-09-17,191.55133056640625,201.38999938964844,0.0,202.25,198.92999267578125,199.44000244140625,0.0,3478500
2024-09-18,190.90455627441406,200.7100067138672,0.0,204.97000122070312,199.9600067138672,202.67999267578125,0.0,4262100
2024-09-19,197.4579620361328,207.60000610351562,0.0,210.55999755859375,205.69000244140625,207.61000061035156,0.0,5155600
2024-09-20,193.36802673339844,203.3000030517578,0.0,205.25999450683594,201.0800018310547,204.3800048828125,0.0,14502900
2024-09-23,193.89117431640625,203.85000610351562,0.0,204.82000732421875,202.83999633789062,203.88999938964844,0.0,2757400
2024-09-24,194.9279327392578,204.94000244140625,0.0,208.4199981689453,204.61000061035156,206.05999755859375,0.0,5573200
2024-09-25,195.04208374023438,205.05999755859375,0.0,205.3699951171875,203.1199951171875,203.13999938964844,0.0,4124600
2024-09-26,199.03684997558594,209.25999450683594,0.0,210.57000732421875,205.05999755859375,210.32000732421875,0.0,4521300
2024-09-27,198.92271423339844,209.13999938964844,0.0,211.72000122070312,208.80999755859375,210.8300018310547,0.0,3074400
2024-09-30,196.47830200195312,206.57000732421875,0.0,208.6999969482422,204.10000610351562,206.10000610351562,0.0,5459100
2024-10-01,191.75111389160156,201.60000610351562,0.0,207.02000427246094,199.6999969482422,206.05999755859375,0.0,9039900
2024-10-02,193.49166870117188,203.42999267578125,0.0,205.75,201.7100067138672,202.91000366210938,0.0,4389400
2024-10-03,191.81768798828125,201.6699981689453,0.0,203.44000244140625,200.27000427246094,201.0800018310547,0.0,3167000
2024-10-04,192.80686950683594,202.7100067138672,0.0,206.36000061035156,201.33999633789062,206.10000610351562,0.0,4092900
2024-10-07,191.4372100830078,201.27000427246094,0.0,202.77999877929688,199.6699981689453,200.58999633789062,0.0,2772400
2024-10-08,192.33128356933594,202.2100067138672,0.0,203.25,199.24000549316406,200.97999572753906,0.0,6283700
2024-10-09,194.9564666748047,204.97000122070312,0.0,205.5,201.3800048828125,201.5500030517578,0.0,3214900
2024-10-10,192.57858276367188,202.47000122070312,0.0,203.36000061035156,200.8800048828125,201.9600067138672,0.0,3649400
2024-10-11,195.08961486816406,205.11000061035156,0.0,205.7899932861328,201.3699951171875,201.3699951171875,0.0,2815800
2024-10-14,198.46615600585938,208.66000366210938,0.0,208.9600067138672,205.63999938964844,206.13999938964844,0.0,3291600
2024-10-15,190.0770721435547,199.83999633789062,0.0,208.64999389648438,198.89999389648438,208.02000427246094,0.0,6818800
2024-10-16,190.8855743408203,200.69000244140625,0.0,202.10000610351562,199.27999877929688,201.97999572753906,0.0,3311300
2024-10-17,188.61231994628906,198.3000030517578,0.0,204.89999389648438,198.11000061035156,204.89999389648438,0.0,4686900
2024-10-18,188.77398681640625,198.47000122070312,0.0,199.9600067138672,196.74000549316406,199.47999572753906,0.0,4029500
2024-10-21,186.2059326171875,195.77000427246094,0.0,197.92999267578125,194.1199951171875,196.74000549316406,0.0,4948100
2024-10-22,184.4938507080078,193.97000122070312,0.0,195.3000030517578,192.85000610351562,193.61000061035156,0.0,7910800
2024-10-23,191.88426208496094,201.74000549316406,0.0,203.0,198.0,201.0399932861328,0.0,10548500
2024-10-24,196.51632690429688,206.61000061035156,0.0,206.91000366210938,201.2100067138672,202.82000732421875,0.0,9309300
2024-10-25,196.82070922851562,206.92999267578125,0.0,211.38999938964844,206.75,207.61000061035156,0.0,5103100
2024-10-28,195.77442932128906,205.8300018310547,0.0,207.30999755859375,205.0,206.3699951171875,0.0,4409000
2024-10-29,201.0247802734375,211.35000610351562,0.0,211.58999633789062,205.30999755859375,206.13999938964844,0.0,5522800
2024-10-30,197.77186584472656,207.92999267578125,0.0,210.80999755859375,207.75,208.0,0.0,4914000
2024-10-31,194.507080078125,203.16000366210938,1.36,207.9600067138672,201.39999389648438,207.9600067138672,0.0,6543000
2024-11-01,196.19212341308594,204.9199981689453,0.0,206.72000122070312,203.0800018310547,203.0800018310547,0.0,4208800
2024-11-04,194.98577880859375,203.66000366210938,0.0,205.60000610351562,202.5500030517578,203.49000549316406,0.0,3693800
2024-11-05,193.83689880371094,202.4600067138672,0.0,205.52000427246094,199.72000122070312,202.07000732421875,0.0,5253200
2024-11-06,205.81407165527344,214.97000122070312,0.0,215.67999267578125,208.3699951171875,208.92999267578125,0.0,8527500
2024-11-07,208.27459716796875,217.5399932861328,0.0,218.25,215.57000732421875,215.8000030517578,0.0,6020800
2024-11-08,210.90748596191406,220.2899932861328,0.0,220.38999938964844,216.2100067138672,217.0500030517578,0.0,5020700
2024-11-11,206.6757354736328,215.8699951171875,0.0,219.72999572753906,214.3300018310547,218.00999450683594,0.0,6154700
2024-11-12,203.71734619140625,212.77999877929688,0.0,215.41000366210938,209.0,215.38999938964844,0.0,4990800
2024-11-13,196.9580535888672,205.72000122070312,0.0,211.85000610351562,205.33999633789062,211.00999450683594,0.0,7921800
2024-11-14,197.22613525390625,206.0,0.0,207.07000732421875,204.3800048828125,205.27000427246094,0.0,4783800
2024-11-15,192.553955078125,201.1199951171875,0.0,204.77000427246094,200.27999877929688,203.85000610351562,0.0,5970400
2024-11-18,198.35585021972656,207.17999267578125,0.0,207.6699981689453,201.52999877929688,202.1999969482422,0.0,7912100
2024-11-19,192.506103515625,201.07000732421875,0.0,206.3300018310547,200.99000549316406,205.88999938964844,0.0,6716000
2024-11-20,189.74874877929688,198.19000244140625,0.0,199.60000610351562,196.47000122070312,198.0800018310547,0.0,7344400
2024-11-21,189.7583465576172,198.1999969482422,0.0,200.42999267578125,195.89999389648438,198.25,0.0,8080300
2024-11-22,189.56686401367188,198.0,0.0,198.91000366210938,196.5,197.77000427246094,0.0,7861300
2024-11-25,194.286865234375,202.92999267578125,0.0,204.13999938964844,199.9600067138672,201.42999267578125,0.0,9274400
2024-11-26,192.39120483398438,200.9499969482422,0.0,206.91000366210938,199.14999389648438,206.0,0.0,5260500
2024-11-27,190.7061767578125,199.19000244140625,0.0,201.4199981689453,197.64999389648438,200.63999938964844,0.0,4732200
2024-11-29,192.46780395507812,201.02999877929688,0.0,202.50999450683594,199.6999969482422,200.0800018310547,0.0,3167400
2024-12-02,193.1858673095703,201.77999877929688,0.0,202.41000366210938,198.47999572753906,199.77999877929688,0.0,6373900
2024-12-03,188.82965087890625,197.22999572753906,0.0,199.97000122070312,197.0,198.66000366210938,0.0,4743400
2024-12-04,188.27435302734375,196.64999389648438,0.0,198.47000122070312,195.61000061035156,197.6999969482422,0.0,7172600
2024-12-05,184.770263671875,192.99000549316406,0.0,197.14999389648438,192.2100067138672,195.75,0.0,6049100
2024-12-06,184.87554931640625,193.10000610351562,0.0,195.13999938964844,192.60000610351562,193.66000366210938,0.0,5140700
2024-12-09,185.2106475830078,193.4499969482422,0.0,197.80999755859375,191.60000610351562,192.02999877929688,0.0,3880300
2024-12-10,182.07989501953125,190.17999267578125,0.0,193.69000244140625,189.44000244140625,193.3300018310547,0.0,6064200
2024-12-11,183.53518676757812,191.6999969482422,0.0,192.97000122070312,190.2100067138672,192.13999938964844,0.0,6057800
2024-12-12,183.54476928710938,191.7100067138672,0.0,192.25999450683594,189.60000610351562,190.5,0.0,4025600
2024-12-13,183.4298553466797,191.58999633789062,0.0,192.22999572753906,188.3000030517578,188.80999755859375,0.0,4772800
2024-12-16,181.39059448242188,189.4600067138672,0.0,191.97999572753906,189.17999267578125,191.86000061035156,0.0,5829700
2024-12-17,180.10765075683594,188.1199951171875,0.0,191.5,187.50999450683594,189.1199951171875,0.0,5046100
2024-12-18,177.12054443359375,185.0,0.0,192.36000061035156,184.80999755859375,188.4499969482422,0.0,8281900
2024-12-19,176.61312866210938,184.47000122070312,0.0,187.36000061035156,183.8800048828125,186.88999938964844,0.0,6290000
2024-12-20,178.910888671875,186.8699951171875,0.0,188.47000122070312,183.35000610351562,184.47000122070312,0.0,11462100
2024-12-23,182.0416259765625,190.13999938964844,0.0,190.4199981689453,186.02999877929688,186.02999877929688,0.0,4297600
2024-12-24,184.24368286132812,192.44000244140625,0.0,192.47000122070312,190.47000122070312,190.49000549316406,0.0,1950900
2024-12-26,183.5638885498047,191.72999572753906,0.0,192.72000122070312,190.52000427246094,190.61000061035156,0.0,2019000
2024-12-27,183.03732299804688,191.17999267578125,0.0,191.77999877929688,189.69000244140625,190.44000244140625,0.0,3253500
2024-12-30,179.9544677734375,187.9600067138672,0.0,189.69000244140625,187.2100067138672,189.69000244140625,0.0,4065200
2024-12-31,179.5236358642578,187.50999450683594,0.0,189.10000610351562,186.05999755859375,188.66000366210938,0.0,3050500
2025-01-02,178.9874725341797,186.9499969482422,0.0,190.1300048828125,184.97000122070312,189.32000732421875,0.0,4500500
2025-01-03,182.39585876464844,190.50999450683594,0.0,191.13999938964844,187.1999969482422,188.92999267578125,0.0,4574100
2025-01-06,183.99473571777344,192.17999267578125,0.0,193.77000427246094,189.24000549316406,190.25,0.0,4682000
2025-01-07,184.02346801757812,192.2100067138672,0.0,195.00999450683594,191.08999633789062,193.82000732421875,0.0,5035200
2025-01-08,183.49688720703125,191.66000366210938,0.0,192.69000244140625,188.07000732421875,191.8000030517578,0.0,4230400
2025-01-10,182.05120849609375,190.14999389648438,0.0,192.91000366210938,188.4199981689453,192.91000366210938,0.0,7223500
2025-01-13,182.95115661621094,191.08999633789062,0.0,191.75999450683594,187.64999389648438,189.8300018310547,0.0,4799600
2025-01-14,185.25851440429688,193.5,0.0,193.61000061035156,190.17999267578125,191.5399932861328,0.0,4254200
2025-01-15,189.0977020263672,197.50999450683594,0.0,198.9499969482422,195.6699981689453,195.6699981689453,0.0,6288600
2025-01-16,179.38958740234375,187.3699951171875,0.0,195.47999572753906,187.13999938964844,195.1699981689453,0.0,7463300
2025-01-17,184.22451782226562,192.4199981689453,0.0,192.92999267578125,190.02000427246094,192.5399932861328,0.0,5407500
2025-01-21,186.91481018066406,195.22999572753906,0.0,196.5,191.60000610351562,191.6699981689453,0.0,9621700
2025-01-22,188.65731811523438,197.0500030517578,0.0,198.67999267578125,195.3000030517578,195.77000427246094,0.0,8222000
2025-01-23,192.06568908691406,200.61000061035156,0.0,200.63999938964844,193.80999755859375,194.82000732421875,0.0,12694700
2025-01-24,177.618408203125,185.52000427246094,0.0,191.5,185.02999877929688,190.0,0.0,15856600
2025-01-27,179.0640869140625,187.02999877929688,0.0,190.08999633789062,183.6999969482422,185.75,0.0,11771300
2025-01-28,172.8792266845703,180.57000732421875,0.0,185.64999389648438,180.35000610351562,185.52999877929688,0.0,8720300
2025-01-29,172.59201049804688,180.27000427246094,0.0,181.6699981689453,179.61000061035156,181.02000427246094,0.0,4183800
2025-01-30,177.37904357910156,185.27000427246094,0.0,185.8699951171875,180.27000427246094,180.5,0.0,5807100
2025-01-31,178.05418395996094,184.61000061035156,1.36,189.02999877929688,183.0800018310547,183.77999877929688,0.0,6333700
2025-02-03,174.51451110839844,180.94000244140625,0.0,183.30999755859375,178.39999389648438,183.02999877929688,0.0,6311500
2025-02-04,174.1479949951172,180.55999755859375,0.0,183.0500030517578,179.5500030517578,180.02000427246094,0.0,5785700
2025-02-05,175.1414337158203,181.58999633789062,0.0,181.8000030517578,177.69000244140625,179.50999450683594,0.0,5939800
2025-02-06,176.7714080810547,183.27999877929688,0.0,183.63999938964844,180.33999633789062,181.27999877929688,0.0,5089800
2025-02-07,173.60789489746094,180.0,0.0,183.4199981689453,179.27999877929688,183.27999877929688,0.0,5380500
2025-02-10,173.90689086914062,180.30999755859375,0.0,181.57000732421875,179.10000610351562,181.35000610351562,0.0,3827100
2025-02-11,172.884521484375,179.25,0.0,181.92999267578125,179.0,179.35000610351562,0.0,3795300
2025-02-12,173.5982666015625,179.99000549316406,0.0,180.44000244140625,176.75999450683594,177.47999572753906,0.0,5364200
2025-02-13,174.37950134277344,180.8000030517578,0.0,182.3000030517578,178.61000061035156,179.14999389648438,0.0,3737300
2025-02-14,176.53028869628906,183.02999877929688,0.0,184.72000122070312,181.05999755859375,181.50999450683594,0.0,4137900
2025-02-18,179.83848571777344,186.4600067138672,0.0,187.16000366210938,182.66000366210938,182.66000366210938,0.0,4578700
2025-02-19,189.3483428955078,196.32000732421875,0.0,197.9600067138672,188.72999572753906,189.74000549316406,0.0,8438300
2025-02-20,196.717041015625,203.9600067138672,0.0,204.25999450683594,197.91000366210938,199.32000732421875,0.0,9190100
2025-02-21,194.82664489746094,202.0,0.0,205.75,201.30999755859375,204.66000366210938,0.0,7349900
2025-02-24,193.61138916015625,200.74000549316406,0.0,205.41000366210938,200.35000610351562,202.13999938964844,0.0,7675900
2025-02-25,192.8783721923828,199.97999572753906,0.0,202.58999633789062,198.44000244140625,201.47000122070312,0.0,7441700
2025-02-26,191.20016479492188,198.24000549316406,0.0,200.02999877929688,195.77999877929688,199.97999572753906,0.0,5611600
2025-02-27,184.50662231445312,191.3000030517578,0.0,198.1300048828125,191.14999389648438,197.5,0.0,7761700
2025-02-28,189.0300750732422,195.99000549316406,0.0,196.25,191.49000549316406,193.2899932861328,0.0,9024500
2025-03-03,187.4868927001953,194.38999938964844,0.0,200.25,193.58999633789062,199.00999450683594,0.0,6141300
2025-03-04,187.9208984375,194.83999633789062,0.0,198.92999267578125,193.02000427246094,196.3699951171875,0.0,7159200
2025-03-05,188.625,195.57000732421875,0.0,197.0,190.75999450683594,195.22000122070312,0.0,5484400
2025-03-06,182.61619567871094,189.33999633789062,0.0,193.9199981689453,188.5,191.75999450683594,0.0,7120200
2025-03-07,183.7543182373047,190.52000427246094,0.0,191.27000427246094,185.72000122070312,189.25999450683594,0.0,7706800
2025-03-10,179.86741638183594,186.49000549316406,0.0,189.47000122070312,183.41000366210938,187.6199951171875,0.0,9161400
2025-03-11,171.04234313964844,177.33999633789062,0.0,188.3300018310547,176.91000366210938,188.11000061035156,0.0,7981400
2025-03-12,169.46060180664062,175.6999969482422,0.0,179.6199951171875,174.75,178.25,0.0,5436100
2025-03-13,167.43516540527344,173.60000610351562,0.0,176.97000122070312,172.08999633789062,175.0800018310547,0.0,5277200
2025-03-14,170.155029296875,176.4199981689453,0.0,176.86000061035156,175.07000732421875,175.60000610351562,0.0,4927900
2025-03-17,173.5982666015625,179.99000549316406,0.0,181.2899932861328,175.97000122070312,176.10000610351562,0.0,4940400
2025-03-18,173.0774383544922,179.4499969482422,0.0,179.77000427246094,177.61000061035156,179.6999969482422,0.0,4077700
2025-03-19,175.28611755371094,181.74000549316406,0.0,183.66000366210938,178.7100067138672,179.6699981689453,0.0,5675000
2025-03-20,174.26373291015625,180.67999267578125,0.0,181.80999755859375,178.5,179.41000366210938,0.0,4980000
2025-03-21,172.64340209960938,179.0,0.0,179.83999633789062,177.0399932861328,178.52999877929688,0.0,11822900
2025-03-24,178.9222412109375,185.50999450683594,0.0,187.47999572753906,182.52999877929688,182.9499969482422,0.0,5694900
2025-03-25,177.43692016601562,183.97000122070312,0.0,186.83999633789062,183.5500030517578,184.49000549316406,0.0,4357200
2025-03-26,177.93844604492188,184.49000549316406,0.0,186.00999450683594,183.27999877929688,184.25999450683594,0.0,5814200
2025-03-27,174.3408966064453,180.75999450683594,0.0,183.02000427246094,177.52000427246094,183.02000427246094,0.0,5035900
2025-03-28,170.06822204589844,176.3300018310547,0.0,180.72999572753906,175.5800018310547,179.66000366210938,0.0,5490600
2025-03-31,173.31854248046875,179.6999969482422,0.0,180.1999969482422,173.9600067138672,175.4199981689453,0.0,9222700
2025-04-01,171.66928100585938,177.99000549316406,0.0,179.55999755859375,174.27000427246094,179.27999877929688,0.0,5965400
2025-04-02,171.86216735839844,178.19000244140625,0.0,179.92999267578125,175.19000244140625,175.82000732421875,0.0,4368900
2025-04-03,158.3689727783203,164.1999969482422,0.0,174.19000244140625,164.0,171.83999633789062,0.0,11895300
2025-04-04,146.01388549804688,151.38999938964844,0.0,161.07000732421875,150.9600067138672,159.6699981689453,0.0,14976900
2025-04-07,148.53118896484375,154.0,0.0,162.89999389648438,145.1999969482422,150.91000366210938,0.0,18337200
2025-04-08,140.82492065429688,146.00999450683594,0.0,159.02999877929688,143.30999755859375,156.75,0.0,13902800
2025-04-09,163.4807586669922,169.5,0.0,172.82000732421875,144.25,145.1699981689453,0.0,21578500
2025-04-10,151.03887939453125,156.60000610351562,0.0,162.92999267578125,150.02000427246094,160.7899932861328,0.0,16019500
2025-04-11,142.35848999023438,147.60000610351562,0.0,149.8800048828125,139.9499969482422,144.0,0.0,21113300
2025-04-14,145.61843872070312,150.97999572753906,0.0,153.58999633789062,149.13999938964844,151.0399932861328,0.0,10356600
2025-04-15,145.8113250732422,151.17999267578125,0.0,152.6999969482422,149.85000610351562,151.4199981689453,0.0,6958900
2025-04-16,141.34576416015625,146.5500030517578,0.0,149.72999572753906,142.55999755859375,147.22999572753906,0.0,10862500
2025-04-17,143.16864013671875,148.44000244140625,0.0,150.19000244140625,145.9199981689453,147.32000732421875,0.0,5739200
2025-04-21,140.4391326904297,145.61000061035156,0.0,146.74000549316406,142.63999938964844,145.4600067138672,0.0,8275000
2025-04-22,141.54827880859375,146.75999450683594,0.0,148.24000549316406,145.0800018310547,145.8699951171875,0.0,9139900
2025-04-23,146.7469024658203,152.14999389648438,0.0,155.33999633789062,151.27999877929688,153.1699981689453,0.0,14125000
2025-04-24,156.37249755859375,162.1300048828125,0.0,165.0,158.4199981689453,164.6300048828125,0.0,18950400
2025-04-25,157.0765838623047,162.86000061035156,0.0,163.6999969482422,160.52000427246094,161.83999633789062,0.0,8383300
2025-04-28,156.67147827148438,162.44000244140625,0.0,163.5399932861328,159.72000122070312,163.35000610351562,0.0,5170500
2025-04-29,155.06080627441406,160.77000427246094,0.0,162.35000610351562,158.75,159.49000549316406,0.0,6566500
2025-04-30,155.6833038330078,160.0500030517578,1.36,160.6300048828125,154.89999389648438,156.3699951171875,0.0,6158600
2025-05-01,153.94215393066406,158.25999450683594,0.0,162.07000732421875,158.05999755859375,160.83999633789062,0.0,6124900
2025-05-02,160.02163696289062,164.50999450683594,0.0,166.35000610351562,161.0800018310547,161.74000549316406,0.0,7642400
2025-05-05,157.9886474609375,162.4199981689453,0.0,164.10000610351562,161.11000061035156,162.42999267578125,0.0,4803600
2025-05-06,156.6949462890625,161.08999633789062,0.0,162.00999450683594,159.11000061035156,160.30999755859375,0.0,4531400
2025-05-07,160.29397583007812,164.7899932861328,0.0,165.52000427246094,161.89999389648438,162.3300018310547,0.0,5669700
2025-05-08,161.1208038330078,165.63999938964844,0.0,168.42999267578125,164.63999938964844,166.9199981689453,0.0,5171200
2025-05-09,167.56991577148438,172.27000427246094,0.0,172.60000610351562,169.61000061035156,170.07000732421875,0.0,8655100
2025-05-12,182.17039489746094,187.27999877929688,0.0,189.36000061035156,185.11000061035156,185.64999389648438,0.0,16210400
2025-05-13,183.0653076171875,188.1999969482422,0.0,189.50999450683594,186.33999633789062,186.33999633789062,0.0,9837500
2025-05-14,182.228759765625,187.33999633789062,0.0,187.72999572753906,185.0500030517578,187.47000122070312,0.0,6552300
2025-05-15,182.70541381835938,187.8300018310547,0.0,189.75999450683594,185.50999450683594,186.1699981689453,0.0,5534000
2025-05-16,183.35711669921875,188.5,0.0,189.30999755859375,186.80999755859375,189.30999755859375,0.0,4518700
2025-05-19,183.20147705078125,188.33999633789062,0.0,188.47999572753906,184.25,185.0,0.0,6460900
2025-05-20,183.5614013671875,188.7100067138672,0.0,189.0,186.9199981689453,188.33999633789062,0.0,5289200
2025-05-21,180.36114501953125,185.4199981689453,0.0,189.89999389648438,184.72999572753906,186.5,0.0,8977400
2025-05-22,175.2932891845703,180.2100067138672,0.0,186.91000366210938,179.97999572753906,185.94000244140625,0.0,7500800
2025-05-23,171.48997497558594,176.3000030517578,0.0,177.2899932861328,173.75,177.00999450683594,0.0,7416700
2025-05-27,178.24063110351562,183.24000549316406,0.0,183.3300018310547,177.83999633789062,179.10000610351562,0.0,7939400
2025-05-28,179.12579345703125,184.14999389648438,0.0,185.9199981689453,183.08999633789062,183.35000610351562,0.0,5752800
2025-05-29,179.94288635253906,184.99000549316406,0.0,186.47999572753906,182.92999267578125,186.24000549316406,0.0,4533800
2025-05-30,177.86126708984375,182.85000610351562,0.0,185.13999938964844,179.75999450683594,184.97999572753906,0.0,15101100
2025-06-02,179.1841583251953,184.2100067138672,0.0,184.7100067138672,181.61000061035156,181.85000610351562,0.0,5648300
2025-06-03,182.9485626220703,188.0800018310547,0.0,188.5,182.6199951171875,183.24000549316406,0.0,5612600
2025-06-04,185.5165252685547,190.72000122070312,0.0,192.10000610351562,188.47999572753906,188.91000366210938,0.0,5780600
2025-06-05,185.29281616210938,190.49000549316406,0.0,194.2899932861328,189.32000732421875,192.91000366210938,0.0,6017700
2025-06-06,187.170166015625,192.4199981689453,0.0,194.83999633789062,192.25999450683594,193.69000244140625,0.0,5338800
2025-06-09,193.77491760253906,199.2100067138672,0.0,200.42999267578125,193.47000122070312,193.74000549316406,0.0,6869700
2025-06-10,196.77085876464844,202.2899932861328,0.0,203.1699981689453,199.47999572753906,199.97999572753906,0.0,6247700
2025-06-11,194.2418212890625,199.69000244140625,0.0,203.35000610351562,198.14999389648438,203.30999755859375,0.0,5062100
2025-06-12,194.21263122558594,199.66000366210938,0.0,200.32000732421875,198.11000061035156,198.25,0.0,3257600
2025-06-13,189.6797637939453,195.0,0.0,199.0399932861328,194.47000122070312,196.08999633789062,0.0,5138200
2025-06-16,193.78463745117188,199.22000122070312,0.0,199.86000061035156,196.60000610351562,197.27999877929688,0.0,5864500
2025-06-17,192.29637145996094,197.69000244140625,0.0,200.6199951171875,196.8800048828125,198.0,0.0,4656300
2025-06-18,192.93838500976562,198.35000610351562,0.0,200.57000732421875,197.2899932861328,198.60000610351562,0.0,3742000
2025-06-20,192.79246520996094,198.1999969482422,0.0,200.92999267578125,196.5800018310547,200.41000366210938,0.0,12910000
2025-06-23,195.89541625976562,201.38999938964844,0.0,201.8300018310547,198.36000061035156,199.0,0.0,4565400
2025-06-24,200.19483947753906,205.80999755859375,0.0,206.1999969482422,203.0,203.22999572753906,0.0,7597800
2025-06-25,199.77658081054688,205.3800048828125,0.0,206.4199981689453,203.30999755859375,206.02999877929688,0.0,4748300
2025-06-26,200.68118286132812,206.30999755859375,0.0,207.32000732421875,205.77000427246094,206.30999755859375,0.0,4579200
2025-06-27,201.43019104003906,207.0800018310547,0.0,207.69000244140625,205.2899932861328,205.5,0.0,8585100
2025-06-30,201.95545959472656,207.6199951171875,0.0,208.3800048828125,206.44000244140625,207.08999633789062,0.0,5319900
2025-07-01,204.70823669433594,210.4499969482422,0.0,211.67999267578125,206.49000549316406,207.0,0.0,5856200
2025-07-02,209.7080078125,215.58999633789062,0.0,216.17999267578125,209.47999572753906,210.44000244140625,0.0,5533400
2025-07-03,210.1262664794922,216.02000427246094,0.0,216.94000244140625,214.72000122070312,215.25,0.0,2561100
2025-07-07,207.58749389648438,213.41000366210938,0.0,215.6300048828125,212.1999969482422,215.02000427246094,0.0,5221400
2025-07-08,210.71963500976562,216.6300048828125,0.0,219.3699951171875,214.02000427246094,215.0,0.0,6844600
2025-07-09,210.48617553710938,216.38999938964844,0.0,218.89999389648438,215.1999969482422,216.94000244140625,0.0,5231400
2025-07-10,213.66696166992188,219.66000366210938,0.0,220.77999877929688,217.55999755859375,219.27999877929688,0.0,3971400
2025-07-11,215.21359252929688,221.25,0.0,221.69000244140625,218.22000122070312,219.75,0.0,5396300
2025-07-14,214.04632568359375,220.0500030517578,0.0,220.25999450683594,217.3000030517578,219.41000366210938,0.0,4723600
2025-07-15,212.40243530273438,218.36000061035156,0.0,221.39999389648438,217.97000122070312,220.77000427246094,0.0,4419700
2025-07-16,210.7293701171875,216.63999938964844,0.0,218.61000061035156,211.7100067138672,218.39999389648438,0.0,6420900
2025-07-17,210.68072509765625,216.58999633789062,0.0,217.0,215.49000549316406,216.13999938964844,0.0,4920100
2025-07-18,210.70989990234375,216.6199951171875,0.0,218.64999389648438,215.91000366210938,218.49000549316406,0.0,4550100
2025-07-21,208.71585083007812,214.57000732421875,0.0,219.0,214.2100067138672,217.44000244140625,0.0,8269800
2025-07-22,209.0562744140625,214.9199981689453,0.0,216.0,212.16000366210938,214.0399932861328,0.0,11730800
2025-07-23,181.1685028076172,186.25,0.0,195.0,185.2899932861328,194.89999389648438,0.0,30755700
2025-07-24,180.623779296875,185.69000244140625,0.0,187.88999938964844,185.02999877929688,186.4199981689453,0.0,9049500
2025-07-25,179.94288635253906,184.99000549316406,0.0,185.8800048828125,183.1999969482422,185.6999969482422,0.0,7031800
2025-07-28,184.08665466308594,189.25,0.0,190.5399932861328,187.75,187.8800048828125,0.0,8586800
2025-07-29,186.15853881835938,191.3800048828125,0.0,192.88999938964844,188.89999389648438,189.7100067138672,0.0,7144700
2025-07-30,184.3492889404297,189.52000427246094,0.0,192.5800018310547,188.3000030517578,192.14999389648438,0.0,6985100
2025-07-31,177.39306640625,181.05999755859375,1.36,186.91000366210938,179.80999755859375,186.13999938964844,0.0,10144000
2025-08-01,177.19712829589844,180.86000061035156,0.0,181.58999633789062,177.9199981689453,179.6300048828125,0.0,6625100
2025-08-04,179.0292510986328,182.72999572753906,0.0,183.4499969482422,180.6300048828125,181.72000122070312,0.0,4682700
2025-08-05,181.6451873779297,185.39999389648438,0.0,186.49000549316406,183.58999633789062,184.9499969482422,0.0,5761900
2025-08-06,182.14486694335938,185.91000366210938,0.0,186.89999389648438,184.0,184.69000244140625,0.0,7089000
2025-08-07,182.14486694335938,185.91000366210938,0.0,191.49000549316406,184.72999572753906,190.75999450683594,0.0,6563900
2025-08-08,183.42832946777344,187.22000122070312,0.0,187.63999938964844,184.66000366210938,185.69000244140625,0.0,5946200
2025-08-11,179.98941040039062,183.7100067138672,0.0,188.8699951171875,183.39999389648438,187.44000244140625,0.0,6457800
2025-08-12,189.06187438964844,192.97000122070312,0.0,193.83999633789062,185.22000122070312,185.27999877929688,0.0,9961500
2025-08-13,189.37539672851562,193.2899932861328,0.0,194.1199951171875,190.9600067138672,193.5800018310547,0.0,4966300
2025-08-14,189.78688049316406,193.7100067138672,0.0,194.24000549316406,190.02999877929688,191.17999267578125,0.0,3917300
2025-08-15,190.6294708251953,194.57000732421875,0.0,195.3699951171875,192.49000549316406,193.60000610351562,0.0,5872900
2025-08-18,190.3943328857422,194.3300018310547,0.0,195.52000427246094,193.5,194.57000732421875,0.0,2763600
2025-08-19,191.97171020507812,195.94000244140625,0.0,197.64999389648438,193.7899932861328,194.6699981689453,0.0,5491100
2025-08-20,196.70391845703125,200.77000427246094,0.0,201.22999572753906,193.4499969482422,197.5,0.0,8107300
2025-08-21,196.64511108398438,200.7100067138672,0.0,202.17999267578125,199.4499969482422,199.5800018310547,0.0,5291100
2025-08-22,201.88674926757812,206.05999755859375,0.0,209.08999633789062,201.88999938964844,202.0800018310547,0.0,6177700
2025-08-25,201.79859924316406,205.97000122070312,0.0,207.0,204.5399932861328,206.0,0.0,3442600
2025-08-26,201.80838012695312,205.97999572753906,0.0,207.41000366210938,205.24000549316406,205.77999877929688,0.0,4549700
2025-08-27,201.30870056152344,205.47000122070312,0.0,205.6999969482422,203.25,204.9600067138672,0.0,4189700
2025-08-28,199.9566650390625,204.08999633789062,0.0,207.1300048828125,203.61000061035156,205.8300018310547,0.0,6166400
2025-08-29,198.3792724609375,202.47999572753906,0.0,204.0500030517578,201.55999755859375,203.50999450683594,0.0,5372700
2025-09-02,195.7633514404297,199.80999755859375,0.0,200.1699981689453,196.75999450683594,199.3800048828125,0.0,6238400
2025-09-03,191.77577209472656,195.74000549316406,0.0,200.0800018310547,191.3800048828125,199.22000122070312,0.0,7039600
2025-09-04,183.4969024658203,187.2899932861328,0.0,188.67999267578125,181.69000244140625,183.75999450683594,0.0,11335900
2025-09-05,184.12393188476562,187.92999267578125,0.0,189.27999877929688,185.2899932861328,187.0800018310547,0.0,9491200
2025-09-08,182.05667114257812,185.82000732421875,0.0,188.3699951171875,183.07000732421875,188.14999389648438,0.0,9701200
2025-09-09,181.28268432617188,185.02999877929688,0.0,185.66000366210938,183.66000366210938,184.39999389648438,0.0,6135000
2025-09-10,180.28330993652344,184.00999450683594,0.0,185.49000549316406,182.94000244140625,185.0399932861328,0.0,5957500
2025-09-11,180.616455078125,184.35000610351562,0.0,184.80999755859375,182.25999450683594,184.50999450683594,0.0,6596000
2025-09-12,178.9019012451172,182.60000610351562,0.0,184.33999633789062,182.33999633789062,184.11000061035156,0.0,6284200
2025-09-15,174.59100341796875,178.1999969482422,0.0,179.22000122070312,174.00999450683594,175.8800048828125,0.0,11658400
2025-09-16,174.0325469970703,177.6300048828125,0.0,181.13999938964844,177.27999877929688,178.74000549316406,0.0,7920300
2025-09-17,176.64846801757812,180.3000030517578,0.0,182.57000732421875,177.61000061035156,177.83999633789062,0.0,7209700
2025-09-18,177.9417266845703,181.6199951171875,0.0,183.72000122070312,180.30999755859375,183.24000549316406,0.0,7937100
2025-09-19,175.7373046875,179.3699951171875,0.0,183.25,178.1699981689453,182.58999633789062,0.0,16206700
2025-09-22,175.9822235107422,179.6199951171875,0.0,181.41000366210938,179.30999755859375,179.39999389648438,0.0,7030300
2025-09-23,178.3532257080078,182.0399932861328,0.0,182.6699981689453,179.67999267578125,179.8699951171875,0.0,5900800
2025-09-24,180.7046356201172,184.44000244140625,0.0,185.16000366210938,181.10000610351562,181.72000122070312,0.0,5905100
2025-09-25,178.3532257080078,182.0399932861328,0.0,183.66000366210938,180.11000061035156,183.64999389648438,0.0,4042300
2025-09-26,180.81240844726562,184.5500030517578,0.0,187.2899932861328,183.07000732421875,185.9600067138672,0.0,6206300
2025-09-29,179.5191192626953,183.22999572753906,0.0,186.10000610351562,183.0,185.47000122070312,0.0,5090700
2025-09-30,180.0089874267578,183.72999572753906,0.0,183.97000122070312,181.30999755859375,182.75,0.0,3873100
2025-10-01,176.7366485595703,180.38999938964844,0.0,184.50999450683594,178.3300018310547,181.97000122070312,0.0,7705000
2025-10-02,178.62757873535156,182.32000732421875,0.0,184.6199951171875,179.83999633789062,180.77000427246094,0.0,6798000
2025-10-03,176.66807556152344,180.32000732421875,0.0,185.4600067138672,180.16000366210938,182.77999877929688,0.0,5167600
2025-10-06,178.12786865234375,181.80999755859375,0.0,183.22999572753906,179.3000030517578,181.0,0.0,6019800
2025-10-07,173.4642791748047,177.0500030517578,0.0,182.02000427246094,176.9600067138672,181.75999450683594,0.0,5396100
2025-10-08,177.9221649169922,181.60000610351562,0.0,181.92999267578125,176.8300018310547,176.8300018310547,0.0,6377700
2025-10-09,175.33563232421875,178.9600067138672,0.0,180.6999969482422,177.6199951171875,180.49000549316406,0.0,5006100
2025-10-10,168.22262573242188,171.6999969482422,0.0,181.57000732421875,171.5,179.6199951171875,0.0,9630200
2025-10-13,171.56358337402344,175.11000061035156,0.0,176.10000610351562,172.39999389648438,172.8300018310547,0.0,8610300
2025-10-14,170.4172821044922,173.94000244140625,0.0,176.27000427246094,171.4499969482422,171.97000122070312,0.0,9919400
2025-10-15,171.7203369140625,175.27000427246094,0.0,176.16000366210938,171.1300048828125,174.02000427246094,0.0,9416800
2025-10-16,171.92608642578125,175.47999572753906,0.0,177.5,174.05999755859375,175.38999938964844,0.0,7188200
2025-10-17,173.00381469726562,176.5800018310547,0.0,177.6300048828125,174.57000732421875,175.0500030517578,0.0,5082600
2025-10-20,175.95285034179688,179.58999633789062,0.0,181.11000061035156,172.50999450683594,172.50999450683594,0.0,6620200
2025-10-21,177.1775360107422,180.83999633789062,0.0,181.83999633789062,178.83999633789062,179.47000122070312,0.0,10301500
2025-10-22,167.25270080566406,170.7100067138672,0.0,173.0800018310547,163.0399932861328,163.9600067138672,0.0,25834500
2025-10-23,168.70272827148438,172.19000244140625,0.0,173.75999450683594,169.75,170.0,0.0,8412500
2025-10-24,165.70468139648438,169.1300048828125,0.0,174.14999389648438,168.7899932861328,174.00999450683594,0.0,7691800
2025-10-27,165.97901916503906,169.41000366210938,0.0,170.3699951171875,168.67999267578125,169.82000732421875,0.0,8606300
2025-10-28,163.5296630859375,166.91000366210938,0.0,169.50999450683594,166.49000549316406,169.13999938964844,0.0,9646600
2025-10-29,157.0143280029297,160.25999450683594,0.0,166.72000122070312,159.8300018310547,166.72000122070312,0.0,11961900
2025-10-30,157.25927734375,160.50999450683594,0.0,162.63999938964844,159.97000122070312,160.14999389648438,0.0,9477600
2025-10-31,159.6020050048828,161.4600067138672,1.42,162.0,157.8000030517578,158.36000061035156,0.0,8707900
2025-11-03,159.6020050048828,161.4600067138672,0.0,163.4499969482422,160.07000732421875,162.33999633789062,0.0,5208300
2025-11-04,157.5261688232422,159.36000061035156,0.0,162.30999755859375,158.1300048828125,161.17999267578125,0.0,11462300
2025-11-05,161.68771362304688,163.57000732421875,0.0,165.6199951171875,159.38999938964844,159.38999938964844,0.0,9770200
2025-11-06,159.52291870117188,161.3800048828125,0.0,163.80999755859375,161.08999633789062,162.75,0.0,5859500
2025-11-07,158.7024688720703,160.5500030517578,0.0,160.60000610351562,156.88999938964844,160.3800048828125,0.0,8837700
2025-11-10,158.73211669921875,160.5800018310547,0.0,163.3699951171875,158.49000549316406,162.0,0.0,7677900
2025-11-11,157.8918914794922,159.72999572753906,0.0,162.1699981689453,159.24000549316406,160.4199981689453,0.0,7274200
2025-11-12,161.21322631835938,163.08999633789062,0.0,164.52999877929688,160.39999389648438,160.85000610351562,0.0,6241200
2025-11-13,160.36312866210938,162.22999572753906,0.0,165.44000244140625,161.47999572753906,162.52999877929688,0.0,7719600
2025-11-14,157.4965057373047,159.3300018310547,0.0,160.8800048828125,158.3000030517578,160.5,0.0,6041500
2025-11-17,153.20645141601562,154.99000549316406,0.0,159.75,153.5399932861328,158.6300048828125,0.0,7343400
2025-11-18,155.50965881347656,157.32000732421875,0.0,158.08999633789062,153.5399932861328,154.5500030517578,0.0,8164700
2025-11-19,155.2822723388672,157.08999633789062,0.0,159.1699981689453,155.1300048828125,156.57000732421875,0.0,5568500
2025-11-20,151.5655517578125,153.3300018310547,0.0,159.25,152.72999572753906,158.16000366210938,0.0,7890900
2025-11-21,157.56570434570312,159.39999389648438,0.0,161.16000366210938,153.41000366210938,153.4199981689453,0.0,11711300
2025-11-24,159.404296875,161.25999450683594,0.0,162.6999969482422,158.97000122070312,159.72000122070312,0.0,9466500
2025-11-25,159.90843200683594,161.77000427246094,0.0,161.9499969482422,158.69000244140625,159.72000122070312,0.0,7406700
2025-11-26,163.44723510742188,165.35000610351562,0.0,167.0399932861328,162.0500030517578,162.32000732421875,0.0,7346300
2025-11-28,166.33363342285156,168.27000427246094,0.0,169.25,165.4199981689453,166.0399932861328,0.0,4018100
2025-12-01,166.2248992919922,168.16000366210938,0.0,169.6699981689453,166.52999877929688,166.83999633789062,0.0,6170800
2025-12-02,173.24317932128906,175.25999450683594,0.0,177.8800048828125,168.00999450683594,168.7100067138672,0.0,9438900
2025-12-03,180.4987335205078,182.60000610351562,0.0,183.0,175.5800018310547,176.82000732421875,0.0,9259300
2025-12-04,178.04727172851562,180.1199951171875,0.0,183.91000366210938,178.94000244140625,183.24000549316406,0.0,6724100
2025-12-05,180.4394073486328,182.5399932861328,0.0,184.75999450683594,180.6300048828125,180.8699951171875,0.0,6584600
2025-12-08,178.8578338623047,180.94000244140625,0.0,183.6999969482422,179.52999877929688,183.50999450683594,0.0,6427600
2025-12-09,177.4541778564453,179.52000427246094,0.0,181.8800048828125,179.39999389648438,179.91000366210938,0.0,3760400
2025-12-10,179.5794219970703,181.6699981689453,0.0,182.72000122070312,177.5,177.8300018310547,0.0,5268900
2025-12-11,179.5794219970703,181.6699981689453,0.0,182.02000427246094,179.17999267578125,180.27999877929688,0.0,4838000
2025-12-12,177.35531616210938,179.4199981689453,0.0,183.22999572753906,178.64999389648438,181.7899932861328,0.0,5980500
2025-12-15,175.9219970703125,177.97000122070312,0.0,179.36000061035156,174.0,175.35000610351562,0.0,9037500
2025-12-16,175.5167236328125,177.55999755859375,0.0,179.02999877929688,176.0,178.33999633789062,0.0,5746900
2025-12-17,172.4820556640625,174.49000549316406,0.0,179.63999938964844,173.69000244140625,177.8699951171875,0.0,8865600
2025-12-18,174.16249084472656,176.19000244140625,0.0,178.89999389648438,175.89999389648438,176.8000030517578,0.0,8546200
2025-12-19,174.26132202148438,176.2899932861328,0.0,178.24000549316406,175.58999633789062,175.72000122070312,0.0,19091700
2025-12-22,176.76223754882812,178.82000732421875,0.0,179.89999389648438,177.97000122070312,179.49000549316406,0.0,5373100
2025-12-23,175.04225158691406,177.0800018310547,0.0,178.61000061035156,176.67999267578125,178.27000427246094,0.0,3500300
2025-12-24,175.0916748046875,177.1300048828125,0.0,178.02000427246094,176.8000030517578,177.33999633789062,0.0,1266500
2025-12-26,174.8445587158203,176.8800048828125,0.0,178.52000427246094,176.42999267578125,177.72000122070312,0.0,3191100
2025-12-29,173.66824340820312,175.69000244140625,0.0,177.64999389648438,175.10000610351562,176.50999450683594,0.0,4163200
2025-12-30,173.40135192871094,175.4199981689453,0.0,176.47000122070312,175.25,175.9499969482422,0.0,3904600
2025-12-31,171.49356079101562,173.49000549316406,0.0,176.17999267578125,173.44000244140625,175.8000030517578,0.0,3426900
2026-01-02,175.47718811035156,177.52000427246094,0.0,178.88999938964844,174.91000366210938,174.97000122070312,0.0,6133600
2026-01-05,175.13121032714844,177.1699981689453,0.0,182.88999938964844,176.88999938964844,178.02000427246094,0.0,6755000
2026-01-06,189.889404296875,192.10000610351562,0.0,192.9199981689453,180.08999633789062,180.08999633789062,0.0,13219400
2026-01-07,183.5729522705078,185.7100067138672,0.0,190.72000122070312,184.49000549316406,188.47000122070312,0.0,8341300
2026-01-08,186.28140258789062,188.4499969482422,0.0,189.0800018310547,182.5500030517578,182.8300018310547,0.0,6857300
2026-01-09,188.12001037597656,190.30999755859375,0.0,191.39999389648438,187.50999450683594,188.8000030517578,0.0,6018300
2026-01-12,186.894287109375,189.07000732421875,0.0,190.82000732421875,188.0,188.85000610351562,0.0,6502600
2026-01-13,186.3604736328125,188.52999877929688,0.0,189.75,187.64999389648438,189.27999877929688,0.0,4135000
2026-01-14,191.223876953125,193.4499969482422,0.0,193.61000061035156,187.44000244140625,187.5,0.0,7988800
2026-01-15,186.94369506835938,189.1199951171875,0.0,196.63999938964844,188.77000427246094,194.92999267578125,0.0,6942600
2026-01-16,189.37539672851562,191.5800018310547,0.0,192.47000122070312,190.07000732421875,190.22999572753906,0.0,6944800
2026-01-20,187.40829467773438,189.58999633789062,0.0,192.42999267578125,187.9499969482422,190.24000549316406,0.0,9516600
2026-01-21,192.17283630371094,194.41000366210938,0.0,196.1300048828125,191.25999450683594,191.4499969482422,0.0,7272000
2026-01-22,192.74615478515625,194.99000549316406,0.0,199.42999267578125,193.67999267578125,197.3000030517578,0.0,7264000
2026-01-23,191.08547973632812,193.30999755859375,0.0,196.41000366210938,191.1300048828125,195.75999450683594,0.0,6691300
2026-01-26,194.32772827148438,196.58999633789062,0.0,196.83999633789062,192.44000244140625,193.30999755859375,0.0,9169300
2026-01-27,194.36727905273438,196.6300048828125,0.0,198.41000366210938,194.33999633789062,194.69000244140625,0.0,10748800
2026-01-28,213.6824188232422,216.1699981689453,0.0,216.58999633789062,203.72000122070312,203.86000061035156,0.0,19603400
2026-01-29,216.45021057128906,218.97000122070312,0.0,222.0,214.82000732421875,216.39999389648438,0.0,14120000
2026-01-30,214.46031188964844,215.5500030517578,1.42,216.4600067138672,213.05999755859375,216.05999755859375,0.0,9086800
2026-02-02,223.8724822998047,225.00999450683594,0.0,225.25999450683594,214.83999633789062,215.44000244140625,0.0,11194900
2026-02-03,224.0714874267578,225.2100067138672,0.0,228.8300018310547,222.6999969482422,224.24000549316406,0.0,15207600
2026-02-04,221.79306030273438,222.9199981689453,0.0,228.2899932861328,218.66000366210938,222.1300048828125,0.0,14542500
2026-02-05,222.8477020263672,223.97999572753906,0.0,225.82000732421875,218.89999389648438,221.64999389648438,0.0,11044200
2026-02-06,220.32054138183594,221.44000244140625,0.0,226.75999450683594,218.58999633789062,225.6300048828125,0.0,9397500
2026-02-09,217.66404724121094,218.77000427246094,0.0,222.16000366210938,218.24000549316406,221.25999450683594,0.0,9246700
2026-02-10,219.80316162109375,220.9199981689453,0.0,222.0800018310547,216.1300048828125,216.8300018310547,0.0,5101000
2026-02-11,225.41465759277344,226.55999755859375,0.0,231.32000732421875,223.1300048828125,223.1300048828125,0.0,9132600
2026-02-12,221.87265014648438,223.0,0.0,229.5,221.8699951171875,226.67999267578125,0.0,8474700
2026-02-13,225.0166778564453,226.16000366210938,0.0,226.88999938964844,221.5399932861328,221.6699981689453,0.0,5011900
2026-02-17,224.54905700683594,225.69000244140625,0.0,228.4499969482422,222.80999755859375,226.52999877929688,0.0,5454800
2026-02-18,222.1910400390625,223.32000732421875,0.0,230.0,221.36000061035156,229.8800048828125,0.0,6667800
2026-02-19,216.9476776123047,218.0500030517578,0.0,222.0399932861328,217.4199981689453,221.14999389648438,0.0,5002200
2026-02-20,218.6191864013672,219.72999572753906,0.0,220.1999969482422,216.52999877929688,216.74000549316406,0.0,5457500
2026-02-23,218.74851989746094,219.86000061035156,0.0,222.7899932861328,218.89999389648438,218.89999389648438,0.0,7877400
2026-02-24,212.2714385986328,213.35000610351562,0.0,224.1699981689453,209.58999633789062,220.72000122070312,0.0,9494300
2026-02-25,212.8186492919922,213.89999389648438,0.0,215.89999389648438,210.22999572753906,214.39999389648438,0.0,6997300
2026-02-26,211.55508422851562,212.6300048828125,0.0,216.08999633789062,210.14999389648438,214.4499969482422,0.0,6041500
2026-02-27,211.03770446777344,212.11000061035156,0.0,212.6300048828125,208.25,211.22999572753906,0.0,8275100
2026-03-02,208.75929260253906,209.82000732421875,0.0,211.47000122070312,207.30999755859375,211.0399932861328,0.0,6811300
2026-03-03,201.6454315185547,202.6699981689453,0.0,206.57000732421875,201.75999450683594,205.88999938964844,0.0,7496500
2026-03-04,201.36683654785156,202.38999938964844,0.0,205.30999755859375,201.5,204.36000061035156,0.0,5451500
2026-03-05,196.97914123535156,197.97999572753906,0.0,201.94000244140625,194.77000427246094,200.91000366210938,0.0,8051800
2026-03-06,192.25314331054688,193.22999572753906,0.0,195.0500030517578,191.14999389648438,192.5,0.0,7220500
2026-03-09,195.2081298828125,196.1999969482422,0.0,197.16000366210938,189.67999267578125,192.75,0.0,7597500
2026-03-10,196.46177673339844,197.4600067138672,0.0,200.17999267578125,195.4499969482422,195.63999938964844,0.0,5929200
2026-03-11,197.6656494140625,198.6699981689453,0.0,201.42999267578125,197.49000549316406,198.5800018310547,0.0,4995200
2026-03-12,189.0892333984375,190.0500030517578,0.0,194.75999450683594,189.75,193.64999389648438,0.0,8156800
2026-03-13,189.81553649902344,190.77999877929688,0.0,193.75,190.13999938964844,191.47000122070312,0.0,3688400
2026-03-16,193.1486053466797,194.1300048828125,0.0,196.25999450683594,192.42999267578125,194.32000732421875,0.0,4754900
2026-03-17,193.46697998046875,194.4499969482422,0.0,196.42999267578125,193.77000427246094,195.8699951171875,0.0,3385200
2026-03-18,189.81553649902344,190.77999877929688,0.0,195.5399932861328,189.99000549316406,194.44000244140625,0.0,5069200
2026-03-19,187.33811950683594,188.2899932861328,0.0,190.0,184.89999389648438,187.77000427246094,0.0,5868100
2026-03-20,186.24368286132812,187.19000244140625,0.0,190.3300018310547,185.83999633789062,188.52000427246094,0.0,15025200
2026-03-23,187.67640686035156,188.6300048828125,0.0,194.97000122070312,188.42999267578125,194.60000610351562,0.0,7452800
2026-03-24,193.6460723876953,194.6300048828125,0.0,196.39999389648438,186.9499969482422,186.9499969482422,0.0,7015200
2026-03-25,195.77525329589844,196.77000427246094,0.0,198.97000122070312,195.52000427246094,197.52000427246094,0.0,4505800
2026-03-26,192.4322509765625,193.41000366210938,0.0,197.07000732421875,192.8800048828125,196.10000610351562,0.0,6314400
2026-03-27,189.36781311035156,190.3300018310547,0.0,192.97000122070312,189.3300018310547,191.7100067138672,0.0,5792700
2026-03-30,185.47756958007812,186.4199981689453,0.0,192.7100067138672,184.9499969482422,191.61000061035156,0.0,6024700
2026-03-31,193.15855407714844,194.13999938964844,0.0,194.55999755859375,188.47000122070312,190.27999877929688,0.0,7277900
2026-04-01,195.30763244628906,196.3000030517578,0.0,197.25999450683594,194.27999877929688,194.27999877929688,0.0,5432000
2026-04-02,193.88485717773438,194.8699951171875,0.0,196.07000732421875,191.0,192.3800048828125,0.0,3408100
2026-04-06,198.41184997558594,199.4199981689453,0.0,199.55999755859375,195.89999389648438,196.99000549316406,0.0,4235600
2026-04-07,198.73023986816406,199.74000549316406,0.0,200.3800048828125,195.4600067138672,198.50999450683594,0.0,4659000
2026-04-08,207.84393310546875,208.89999389648438,0.0,209.86000061035156,206.16000366210938,206.64999389648438,0.0,7454600
2026-04-09,213.8931884765625,214.97999572753906,0.0,215.92999267578125,210.8800048828125,212.57000732421875,0.0,5499100
2026-04-10,213.6444549560547,214.72999572753906,0.0,217.32000732421875,213.9199981689453,216.3800048828125,0.0,4268000
2026-04-13,215.6144561767578,216.7100067138672,0.0,217.1999969482422,212.11000061035156,213.9499969482422,0.0,4630500
2026-04-14,217.76351928710938,218.8699951171875,0.0,219.49000549316406,214.35000610351562,217.19000244140625,0.0,5495200
2026-04-15,215.19656372070312,216.2899932861328,0.0,218.30999755859375,211.6999969482422,217.55999755859375,0.0,4459600
2026-04-16,221.97215270996094,223.10000610351562,0.0,224.02000427246094,216.72000122070312,216.72000122070312,0.0,6709000
2026-04-17,228.65818786621094,229.82000732421875,0.0,230.52999877929688,224.6699981689453,228.25999450683594,0.0,7091700
2026-04-20,232.5185546875,233.6999969482422,0.0,233.97000122070312,230.02000427246094,232.57000732421875,0.0,6123300
2026-04-21,231.97132873535156,233.14999389648438,0.0,236.0,230.63999938964844,234.5,0.0,6833300
2026-04-22,235.1153564453125,236.30999755859375,0.0,238.8000030517578,234.49000549316406,236.41000366210938,0.0,11463100
2026-04-23,280.80322265625,282.2300109863281,0.0,284.1199951171875,259.30999755859375,260.30999755859375,0.0,25659100
2026-04-24,275.7389831542969,277.1400146484375,0.0,287.8299865722656,272.010009765625,287.8299865722656,0.0,13943600
2026-04-27,268.1375732421875,269.5,0.0,277.0199890136719,267.6300048828125,276.1700134277344,0.0,9962700
2026-04-28,263.66033935546875,265.0,0.0,270.69000244140625,264.239990234375,267.489990234375,0.0,8369400
2026-04-29,267.8590087890625,269.2200012207031,0.0,272.44000244140625,267.55999755859375,269.6300048828125,0.0,7821400
2026-04-30,279.6590270996094,281.0799865722656,0.0,281.9200134277344,266.3399963378906,270.2300109863281,0.0,11066700
2026-05-01,279.5993347167969,281.0199890136719,0.0,281.8699951171875,276.5400085449219,280.1000061035156,0.0,4494300
2026-05-04,279.4700012207031,280.8900146484375,0.0,283.7900085449219,276.6400146484375,283.69000244140625,0.0,5525700
2026-05-05,281.0,281.0,1.42,282.5,275.5799865722656,280.5,0.0,7295200
2026-05-06,289.44000244140625,289.44000244140625,0.0,292.6400146484375,279.04998779296875,279.04998779296875,0.0,10183200
2026-05-07,285.239990234375,285.239990234375,0.0,287.6600036621094,281.0,286.2900085449219,0.0,7017900
2026-05-08,287.79998779296875,287.79998779296875,0.0,292.5,286.3800048828125,292.489990234375,0.0,8881500
2026-05-11,297.760009765625,297.760009765625,0.0,298.17999267578125,289.0,291.2900085449219,0.0,9347300
2026-05-12,295.1700134277344,295.1700134277344,0.0,296.29998779296875,287.6300048828125,296.239990234375,0.0,6431000
2026-05-13,306.3399963378906,306.3399963378906,0.0,309.32000732421875,301.9200134277344,302.739990234375,0.0,7546500
2026-05-14,308.1700134277344,308.1700134277344,0.0,310.2900085449219,303.5,306.6700134277344,0.0,5767800
2026-05-15,302.7300109863281,302.7300109863281,0.0,307.55999755859375,297.79998779296875,302.69000244140625,0.0,6661600
2026-05-18,300.6000061035156,300.6000061035156,0.0,309.19000244140625,295.4599914550781,308.54998779296875,0.0,6513100
2026-05-19,302.30999755859375,302.30999755859375,0.0,305.5,291.95001220703125,292.6099853515625,0.0,7296900
2026-05-20,304.8800048828125,304.8800048828125,0.0,305.739990234375,298.95001220703125,305.2200012207031,0.0,7660700
2026-05-21,298.3900146484375,298.3900146484375,0.0,303.07000732421875,294.7799987792969,300.8900146484375,0.0,5663700
2026-05-22,309.2099914550781,309.2099914550781,0.0,315.57000732421875,303.0,305.3999938964844,0.0,7129100
2026-05-26,324.8900146484375,324.8900146484375,0.0,326.4200134277344,315.3500061035156,318.42999267578125,0.0,8480000
2026-05-27,317.45001220703125,317.45001220703125,0.0,331.510009765625,313.17999267578125,331.45001220703125,0.0,6740600
2026-05-28,315.95001220703125,315.95001220703125,0.0,321.2900085449219,313.1099853515625,320.1600036621094,0.0,5884400
2026-05-29,305.67999267578125,305.67999267578125,0.0,319.0,303.7699890136719,316.4800109863281,0.0,16785100
2026-06-01,293.20001220703125,293.20001220703125,0.0,302.0,289.92999267578125,297.3800048828125,0.0,9623100
2026-06-02,308.1199951171875,308.1199951171875,0.0,308.3999938964844,298.9800109863281,301.260009765625,0.0,11136800
2026-06-03,308.5899963378906,308.5899963378906,0.0,312.760009765625,301.6400146484375,308.6400146484375,0.0,6730100
2026-06-04,305.3699951171875,305.3699951171875,0.0,310.7200012207031,303.29998779296875,305.5299987792969,0.0,7924400
2026-06-05,285.05999755859375,285.05999755859375,0.0,298.80999755859375,284.17999267578125,298.7200012207031,0.0,11937400
2026-06-08,290.8999938964844,290.8999938964844,0.0,295.5799865722656,287.5299987792969,293.7300109863281,0.0,7791100
2026-06-09,288.6300048828125,288.6300048828125,0.0,298.0299987792969,273.8800048828125,297.8399963378906,0.0,8920600
2026-06-10,282.010009765625,282.010009765625,0.0,292.5799865722656,281.8399963378906,285.82000732421875,0.0,7325400
2026-06-11,297.1000061035156,297.1000061035156,0.0,298.67999267578125,285.7900085449219,289.8900146484375,0.0,9862700
2026-06-12,301.1199951171875,301.1199951171875,0.0,303.0299987792969,295.8500061035156,298.989990234375,0.0,5368300
2026-06-15,313.3399963378906,313.3399963378906,0.0,315.8599853515625,307.8699951171875,310.1099853515625,0.0,7459200
2026-06-16,305.7099914550781,305.7099914550781,0.0,319.2200012207031,305.489990234375,311.55999755859375,0.0,7706700
2026-06-17,301.8800048828125,301.8800048828125,0.0,311.7300109863281,299.239990234375,307.1199951171875,0.0,7098300
2026-06-18,322.8599853515625,322.8599853515625,0.0,323.6000061035156,311.55999755859375,313.1099853515625,0.0,21929600
2026-06-22,332.2799987792969,332.2799987792969,0.0,334.0299987792969,326.0400085449219,328.0,0.0,8954600
2026-06-23,304.3599853515625,304.3599853515625,0.0,316.260009765625,301.0799865722656,313.9100036621094,0.0,10814300
2026-06-24,303.1099853515625,303.1099853515625,0.0,307.82000732421875,300.07000732421875,303.1300048828125,0.0,8761600
2026-06-25,311.80999755859375,311.80999755859375,0.0,316.5899963378906,305.0,315.70001220703125,0.0,8782800
2026-06-26,285.42999267578125,285.42999267578125,0.0,305.0,279.54998779296875,302.4599914550781,0.0,29822600
2026-06-29,285.4800109863281,285.4800109863281,0.0,290.2699890136719,275.7799987792969,280.3299865722656,0.0,12982600
2026-06-30,298.07000732421875,298.07000732421875,0.0,300.2300109863281,286.2300109863281,286.2300109863281,0.0,10944300
