ticker,period_end,freq,filed_date,has_derived_flows,revenue_usd,cost_of_revenue_usd,gross_profit_usd,rd_expense_usd,capex_usd,eps_basic,eps_diluted,net_income_usd,operating_cf_usd,investing_cf_usd,financing_cf_usd,net_change_in_cash_usd,inventory_usd,lt_debt_noncurrent_usd,lt_debt_current_usd,stockholders_equity_usd,gross_margin,total_debt_usd,debt_to_equity
NVDA,2015-01-25,quarterly,2015-03-12,False,1250514000.0,550911000.0,699603000.0,,,0.008749999999999999,0.008749999999999999,193128000.0,,,,,482893000.0,1384342000.0,,4417982000.0,0.5594523531923673,1384342000.0,0.31334260755249793
NVDA,2015-04-26,quarterly,2015-05-20,False,1151000000.0,498000000.0,653000000.0,339000000.0,30000000.0,0.006,0.006,134000000.0,246000000.0,-235000000.0,-44000000.0,-33000000.0,438000000.0,1391000000.0,,4556000000.0,0.5673327541268463,1391000000.0,0.3053116769095698
NVDA,2015-07-26,quarterly,2015-08-19,True,1153000000.0,519000000.0,634000000.0,320000000.0,24000000.0,0.00125,0.00125,26000000.0,163000000.0,247000000.0,-439000000.0,-29000000.0,441000000.0,1399000000.0,,4185000000.0,0.5498699045967043,1399000000.0,0.3342891278375149
NVDA,2015-10-25,quarterly,2015-11-18,True,1305000000.0,571000000.0,734000000.0,329000000.0,17000000.0,0.01125,0.011,246000000.0,255000000.0,-199000000.0,-20000000.0,36000000.0,425000000.0,1406000000.0,,4465000000.0,0.5624521072796935,1406000000.0,0.3148936170212766
NVDA,2016-01-31,quarterly,2016-03-17,True,1401000000.0,610000000.0,791000000.0,344000000.0,,0.0095,0.008749999999999999,207000000.0,511000000.0,-213000000.0,-173000000.0,125000000.0,418000000.0,1413000000.0,,4469000000.0,0.5645967166309779,1413000000.0,0.3161781159095995
NVDA,2016-05-01,quarterly,2016-05-25,False,1305000000.0,554000000.0,751000000.0,346000000.0,55000000.0,0.009,0.00825,196000000.0,309000000.0,176000000.0,-534000000.0,-49000000.0,394000000.0,,,4196000000.0,0.5754789272030651,0.0,0.0
NVDA,2016-07-31,quarterly,2016-11-22,True,1428000000.0,602000000.0,826000000.0,350000000.0,32000000.0,0.01175,0.01,253000000.0,201000000.0,-269000000.0,-52000000.0,-121000000.0,521000000.0,,,4480000000.0,0.5784313725490197,0.0,0.0
NVDA,2016-10-30,quarterly,2016-11-22,True,2004000000.0,821000000.0,1183000000.0,373000000.0,38000000.0,0.02525,0.020749999999999998,542000000.0,458000000.0,-327000000.0,1383000000.0,1514000000.0,679000000.0,1982000000.0,,5324000000.0,0.5903193612774451,1982000000.0,0.3722764838467318
NVDA,2017-01-29,quarterly,2017-03-01,True,2173000000.0,870000000.0,1303000000.0,394000000.0,,0.0295,0.02475,655000000.0,721000000.0,-373000000.0,-522000000.0,-174000000.0,794000000.0,1983000000.0,,5762000000.0,0.5996318453750575,1983000000.0,0.3441513363415481
NVDA,2017-04-30,quarterly,2017-05-23,False,1937000000.0,787000000.0,1150000000.0,411000000.0,54000000.0,0.0215,0.01975,507000000.0,282000000.0,754000000.0,-813000000.0,223000000.0,821000000.0,1984000000.0,,6132000000.0,0.5937016004130098,1984000000.0,0.32354859752120024
NVDA,2017-07-30,quarterly,2017-08-23,True,2230000000.0,928000000.0,1302000000.0,416000000.0,54000000.0,0.0245,0.023,583000000.0,705000000.0,262000000.0,-968000000.0,-1000000.0,855000000.0,1984000000.0,,5973000000.0,0.5838565022421525,1984000000.0,0.3321613929348736
NVDA,2017-10-29,quarterly,2017-11-21,True,2636000000.0,1067000000.0,1569000000.0,462000000.0,69000000.0,0.034749999999999996,0.03325,838000000.0,1157000000.0,286000000.0,-629000000.0,814000000.0,857000000.0,1985000000.0,,6352000000.0,0.5952200303490136,1985000000.0,0.3125
NVDA,2018-01-28,quarterly,2018-02-28,True,2911000000.0,1110000000.0,1801000000.0,507000000.0,,0.046,0.0445,1118000000.0,1358000000.0,-24000000.0,-134000000.0,1200000000.0,796000000.0,1985000000.0,,7471000000.0,0.6186877361731363,1985000000.0,0.26569401686521216
NVDA,2018-04-29,quarterly,2018-05-22,False,3207000000.0,1139000000.0,2068000000.0,542000000.0,118000000.0,0.05125,0.0495,1244000000.0,1445000000.0,-3551000000.0,-1131000000.0,-3237000000.0,797000000.0,1986000000.0,,7717000000.0,0.6448394137823511,1986000000.0,0.25735389400025915
NVDA,2018-07-29,quarterly,2018-08-16,True,3123000000.0,1148000000.0,1975000000.0,581000000.0,129000000.0,0.04525,0.044,1101000000.0,913000000.0,-805000000.0,-155000000.0,-47000000.0,1090000000.0,1987000000.0,,8795000000.0,0.6324047390329811,1987000000.0,0.225923820352473
NVDA,2018-10-28,quarterly,2018-11-15,True,3181000000.0,1260000000.0,1921000000.0,605000000.0,150000000.0,0.0505,0.04925,1230000000.0,487000000.0,219000000.0,-703000000.0,3000000.0,1417000000.0,1987000000.0,,9475000000.0,0.6038981452373468,1987000000.0,0.20970976253298154
NVDA,2019-01-27,quarterly,2019-02-21,True,2205000000.0,998000000.0,1207000000.0,647000000.0,,0.02325,0.023,567000000.0,898000000.0,40000000.0,-877000000.0,61000000.0,1575000000.0,1988000000.0,,9342000000.0,0.5473922902494331,1988000000.0,0.21280239777349605
NVDA,2019-04-28,quarterly,2019-05-16,False,2220000000.0,924000000.0,1296000000.0,674000000.0,128000000.0,0.01625,0.016,394000000.0,720000000.0,1495000000.0,-225000000.0,1990000000.0,1426000000.0,1988000000.0,,9704000000.0,0.5837837837837838,1988000000.0,0.20486397361912614
NVDA,2019-07-28,quarterly,2019-08-15,True,2579000000.0,1038000000.0,1541000000.0,704000000.0,113000000.0,0.02275,0.0225,552000000.0,936000000.0,3545000000.0,-148000000.0,4333000000.0,1204000000.0,1989000000.0,,10336000000.0,0.5975184179914695,1989000000.0,0.1924342105263158
NVDA,2019-10-27,quarterly,2019-11-14,True,3014000000.0,1098000000.0,1916000000.0,712000000.0,103000000.0,0.03675,0.03625,899000000.0,1640000000.0,1256000000.0,-236000000.0,2660000000.0,1047000000.0,1990000000.0,,11214000000.0,0.6357000663570007,1990000000.0,0.17745675049045836
NVDA,2020-01-26,quarterly,2020-11-18,True,3105000000.0,1090000000.0,2015000000.0,738000000.0,,0.03875,0.03825,950000000.0,1465000000.0,-151000000.0,-183000000.0,1131000000.0,979000000.0,1991000000.0,0.0,12204000000.0,0.6489533011272142,1991000000.0,0.16314323172730252
NVDA,2020-04-26,quarterly,2020-05-21,False,3080000000.0,1076000000.0,2004000000.0,735000000.0,155000000.0,0.03725,0.03675,917000000.0,909000000.0,-1055000000.0,4744000000.0,4598000000.0,1128000000.0,6959000000.0,,13099000000.0,0.6506493506493507,6959000000.0,0.5312619283914802
NVDA,2020-07-26,quarterly,2020-08-19,True,3866000000.0,1591000000.0,2275000000.0,997000000.0,217000000.0,0.02525,0.02475,622000000.0,1567000000.0,-13490000000.0,-297000000.0,-12220000000.0,1401000000.0,6960000000.0,,13914000000.0,0.5884635281945163,6960000000.0,0.5002156101768004
NVDA,2020-10-25,quarterly,2020-11-18,True,4726000000.0,1766000000.0,2960000000.0,1047000000.0,473000000.0,0.054000000000000006,0.053000000000000005,1336000000.0,1279000000.0,-2001000000.0,-301000000.0,-1023000000.0,1495000000.0,5963000000.0,998000000.0,15334000000.0,0.6263224714346171,6961000000.0,0.4539585235424547
NVDA,2021-01-31,quarterly,2021-02-26,True,5003000000.0,1847000000.0,3156000000.0,1146000000.0,,0.05875,0.057750000000000024,1457000000.0,2067000000.0,-3129000000.0,-342000000.0,-1404000000.0,1826000000.0,5964000000.0,999000000.0,16893000000.0,0.6308215070957426,6963000000.0,0.41218256082400995
NVDA,2021-05-02,quarterly,2021-05-26,False,5661000000.0,2032000000.0,3629000000.0,1153000000.0,298000000.0,0.077,0.07575,1912000000.0,1874000000.0,-1272000000.0,-471000000.0,131000000.0,1992000000.0,5964000000.0,999000000.0,18774000000.0,0.6410528175234057,6963000000.0,0.3708852668584212
NVDA,2021-08-01,quarterly,2021-08-20,True,6507000000.0,2292000000.0,4215000000.0,1245000000.0,183000000.0,0.095,0.094,2374000000.0,2682000000.0,-2533000000.0,4501000000.0,4650000000.0,2114000000.0,10943000000.0,1000000000.0,21147000000.0,0.6477639465191333,11943000000.0,0.5647609590012768
NVDA,2021-10-31,quarterly,2021-11-22,True,7103000000.0,2472000000.0,4631000000.0,1403000000.0,222000000.0,0.099,0.097,2464000000.0,1519000000.0,-4439000000.0,-1420000000.0,-4340000000.0,2233000000.0,10944000000.0,0.0,23798000000.0,0.6519780374489652,10944000000.0,0.459870577359442
NVDA,2022-01-30,quarterly,2024-02-21,True,7643000000.0,2644000000.0,4999000000.0,1466000000.0,273000000.0,0.12,0.118,3003000000.0,3033000000.0,-1586000000.0,-745000000.0,702000000.0,2605000000.0,10946000000.0,0.0,26612000000.0,0.6540625408870863,10946000000.0,0.41131820231474525
NVDA,2022-05-01,quarterly,2022-05-27,False,8288000000.0,2857000000.0,5431000000.0,1618000000.0,,0.065,0.064,1618000000.0,1731000000.0,2612000000.0,-2446000000.0,1897000000.0,3163000000.0,10947000000.0,,26320000000.0,0.655284749034749,10947000000.0,0.415919452887538
NVDA,2022-07-31,quarterly,2022-08-31,True,6704000000.0,3789000000.0,2915000000.0,1824000000.0,,0.026000000000000002,0.026000000000000002,656000000.0,1270000000.0,1618000000.0,-3762000000.0,-874000000.0,3889000000.0,9700000000.0,1249000000.0,23851000000.0,0.4348150357995227,10949000000.0,0.459058320405853
NVDA,2022-10-30,quarterly,2022-11-18,True,5931000000.0,2754000000.0,3177000000.0,1945000000.0,,0.027000000000000003,0.027000000000000003,680000000.0,392000000.0,3148000000.0,-3753000000.0,-213000000.0,4454000000.0,9701000000.0,1249000000.0,21349000000.0,0.5356600910470409,10950000000.0,0.5129045856948803
NVDA,2023-01-29,quarterly,2024-02-21,True,6051000000.0,2218000000.0,3833000000.0,1952000000.0,509000000.0,0.057999999999999996,0.056999999999999995,1414000000.0,2248000000.0,-3000000.0,-1656000000.0,589000000.0,5159000000.0,9703000000.0,1250000000.0,22101000000.0,0.6334490166914559,10953000000.0,0.4955884349124474
NVDA,2023-04-30,quarterly,2024-05-29,False,7192000000.0,2544000000.0,4648000000.0,1875000000.0,248000000.0,0.08299999999999999,0.08199999999999999,2043000000.0,2911000000.0,-841000000.0,-380000000.0,1690000000.0,4611000000.0,9704000000.0,1250000000.0,24520000000.0,0.646273637374861,10954000000.0,0.4467373572593801
NVDA,2023-07-30,quarterly,2024-08-28,True,13507000000.0,4045000000.0,9462000000.0,2040000000.0,289000000.0,0.25,0.248,6188000000.0,6348000000.0,-446000000.0,-5099000000.0,803000000.0,4319000000.0,8456000000.0,1249000000.0,27501000000.0,0.7005256533649219,9705000000.0,0.35289625831787935
NVDA,2023-10-29,quarterly,2024-08-28,True,18120000000.0,4720000000.0,13400000000.0,2294000000.0,278000000.0,0.375,0.371,9243000000.0,7332000000.0,-3170000000.0,-4525000000.0,-363000000.0,4779000000.0,8457000000.0,1249000000.0,33265000000.0,0.739514348785872,9706000000.0,0.2917781451976552
NVDA,2024-01-28,quarterly,2024-02-21,True,22103000000.0,5312000000.0,16791000000.0,2465000000.0,254000000.0,0.498,0.4920000000000001,12285000000.0,11499000000.0,-6109000000.0,-3629000000.0,1761000000.0,5282000000.0,8459000000.0,1250000000.0,42978000000.0,0.759670632945754,9709000000.0,0.22590627763041557
NVDA,2024-04-28,quarterly,2024-05-29,False,26044000000.0,5638000000.0,20406000000.0,2720000000.0,369000000.0,0.604,0.5980000000000001,14881000000.0,15345000000.0,-5693000000.0,-9345000000.0,307000000.0,5864000000.0,8460000000.0,1250000000.0,49142000000.0,0.7835201965903855,9710000000.0,0.19759065565097067
NVDA,2024-07-28,quarterly,2024-08-28,True,30040000000.0,7466000000.0,22574000000.0,3090000000.0,977000000.0,0.68,0.67,16599000000.0,14488000000.0,-3184000000.0,-10320000000.0,984000000.0,6675000000.0,8461000000.0,0.0,58157000000.0,0.7514647137150466,8461000000.0,0.14548549615695444
NVDA,2024-10-27,quarterly,2024-11-20,True,35082000000.0,8926000000.0,26156000000.0,3390000000.0,813000000.0,0.79,0.78,19309000000.0,17627000000.0,-4346000000.0,-12745000000.0,536000000.0,7654000000.0,8462000000.0,0.0,65899000000.0,0.7455675275069836,8462000000.0,0.12840862532056632
NVDA,2025-01-26,quarterly,2025-02-26,True,39331000000.0,10608000000.0,28723000000.0,3714000000.0,1077000000.0,0.9000000000000004,0.8999999999999999,22091000000.0,16629000000.0,-7198000000.0,-9949000000.0,-518000000.0,10080000000.0,8463000000.0,0.0,79327000000.0,0.7302890849457171,8463000000.0,0.10668498745698186
NVDA,2025-04-27,quarterly,2025-05-28,False,44062000000.0,17394000000.0,26668000000.0,3989000000.0,1227000000.0,0.77,0.76,18775000000.0,27414000000.0,-5216000000.0,-15553000000.0,6645000000.0,11333000000.0,8464000000.0,,83843000000.0,0.6052380736235304,8464000000.0,0.10095058621471083
NVDA,2025-07-27,quarterly,2025-08-27,True,46743000000.0,12890000000.0,33853000000.0,4291000000.0,1895000000.0,1.08,1.08,26422000000.0,15365000000.0,-7127000000.0,-11833000000.0,-3595000000.0,14962000000.0,8466000000.0,,100131000000.0,0.724236784117408,8466000000.0,0.08454924049495162
NVDA,2025-10-26,quarterly,2025-11-19,True,57006000000.0,15157000000.0,41849000000.0,4705000000.0,1636000000.0,1.31,1.3,31910000000.0,23751000000.0,-9024000000.0,-14880000000.0,-153000000.0,19784000000.0,7468000000.0,999000000.0,118897000000.0,0.7341157071185489,8467000000.0,0.07121289855925718
NVDA,2026-01-25,quarterly,2026-02-25,True,68127000000.0,17034000000.0,51093000000.0,5512000000.0,1284000000.0,1.7699999999999996,1.7600000000000002,42960000000.0,36188000000.0,-30861000000.0,-6208000000.0,-881000000.0,21403000000.0,7469000000.0,999000000.0,157293000000.0,0.7499669734466511,8468000000.0,0.05383583503398117
NVDA,2026-04-26,quarterly,2026-05-20,False,81615000000.0,20458000000.0,61157000000.0,6321000000.0,1757000000.0,2.4,2.39,58321000000.0,50344000000.0,-26429000000.0,-21283000000.0,2632000000.0,25797000000.0,7470000000.0,1000000000.0,195474000000.0,0.749335293757275,8470000000.0,0.04333057081760234
NVDA,2015-01-25,annual,2015-03-12,False,4681507000.0,2082030000.0,2599477000.0,1359725000.0,,0.028499999999999998,0.028000000000000004,630587000.0,905656000.0,-727048000.0,-833541000.0,-654933000.0,482893000.0,1384342000.0,,4417982000.0,0.5552650033418726,1384342000.0,0.31334260755249793
NVDA,2016-01-31,annual,2016-03-17,False,5010000000.0,2199000000.0,2811000000.0,1331000000.0,,0.028249999999999997,0.027000000000000003,614000000.0,1175000000.0,-400000000.0,-676000000.0,99000000.0,418000000.0,1413000000.0,,4469000000.0,0.5610778443113772,1413000000.0,0.3161781159095995
NVDA,2017-01-29,annual,2017-03-01,False,6910000000.0,2847000000.0,4063000000.0,1463000000.0,,0.077,0.06425,1666000000.0,1672000000.0,-793000000.0,291000000.0,1170000000.0,794000000.0,1983000000.0,,5762000000.0,0.5879884225759768,1983000000.0,0.3441513363415481
NVDA,2018-01-28,annual,2018-02-28,False,9714000000.0,3892000000.0,5822000000.0,1797000000.0,,0.12725,0.12050000000000001,3047000000.0,3502000000.0,1278000000.0,-2544000000.0,2236000000.0,796000000.0,1985000000.0,,7471000000.0,0.5993411570928556,1985000000.0,0.26569401686521216
NVDA,2019-01-27,annual,2019-02-21,False,11716000000.0,4545000000.0,7171000000.0,2376000000.0,,0.17024999999999998,0.16575,4141000000.0,3743000000.0,-4097000000.0,-2866000000.0,-3220000000.0,1575000000.0,1988000000.0,,9342000000.0,0.6120689655172413,1988000000.0,0.21280239777349605
NVDA,2020-01-26,annual,2020-11-18,False,10918000000.0,4150000000.0,6768000000.0,2829000000.0,,0.11474999999999999,0.11299999999999999,2796000000.0,4761000000.0,6145000000.0,-792000000.0,10114000000.0,979000000.0,1991000000.0,0.0,12204000000.0,0.619893753434695,1991000000.0,0.16314323172730252
NVDA,2021-01-31,annual,2021-02-26,False,16675000000.0,6279000000.0,10396000000.0,3924000000.0,,0.1755,0.17250000000000001,4332000000.0,5822000000.0,-19675000000.0,3804000000.0,-10049000000.0,1826000000.0,5964000000.0,999000000.0,16893000000.0,0.623448275862069,6963000000.0,0.41218256082400995
NVDA,2022-01-30,annual,2024-02-21,False,26914000000.0,9439000000.0,17475000000.0,5268000000.0,976000000.0,0.391,0.385,9752000000.0,9108000000.0,-9830000000.0,1865000000.0,1143000000.0,2605000000.0,10946000000.0,0.0,26612000000.0,0.6492903321691313,10946000000.0,0.41131820231474525
NVDA,2023-01-29,annual,2024-02-21,False,26974000000.0,11618000000.0,15356000000.0,7339000000.0,1833000000.0,0.176,0.174,4368000000.0,5641000000.0,7375000000.0,-11617000000.0,1399000000.0,5159000000.0,9703000000.0,1250000000.0,22101000000.0,0.5692889449099132,10953000000.0,0.4955884349124474
NVDA,2024-01-28,annual,2024-02-21,False,60922000000.0,16621000000.0,44301000000.0,8675000000.0,1069000000.0,1.205,1.193,29760000000.0,28090000000.0,-10566000000.0,-13633000000.0,3891000000.0,5282000000.0,8459000000.0,1250000000.0,42978000000.0,0.7271757329043695,9709000000.0,0.22590627763041557
NVDA,2025-01-26,annual,2025-02-26,False,130497000000.0,32639000000.0,97858000000.0,12914000000.0,3236000000.0,2.97,2.94,72880000000.0,64089000000.0,-20421000000.0,-42359000000.0,1309000000.0,10080000000.0,8463000000.0,0.0,79327000000.0,0.7498869705816992,8463000000.0,0.10668498745698186
NVDA,2026-01-25,annual,2026-02-25,False,215938000000.0,62475000000.0,153463000000.0,18497000000.0,6042000000.0,4.93,4.9,120067000000.0,102718000000.0,-52228000000.0,-48474000000.0,2016000000.0,21403000000.0,7469000000.0,999000000.0,157293000000.0,0.7106808435754708,8468000000.0,0.05383583503398117
AMD,2015-03-28,quarterly,2015-04-29,False,1030000000.0,704000000.0,326000000.0,242000000.0,22000000.0,-0.23,-0.23,-180000000.0,-173000000.0,-15000000.0,60000000.0,-128000000.0,688000000.0,2025000000.0,235000000.0,17000000.0,0.31650485436893205,2260000000.0,132.94117647058823
AMD,2015-06-27,quarterly,2015-07-30,True,942000000.0,710000000.0,232000000.0,235000000.0,17000000.0,-0.23,-0.23,-181000000.0,-58000000.0,211000000.0,-1000000.0,152000000.0,799000000.0,2025000000.0,235000000.0,-141000000.0,0.24628450106157113,2260000000.0,-16.02836879432624
AMD,2015-09-26,quarterly,2015-11-03,True,1061000000.0,822000000.0,239000000.0,241000000.0,25000000.0,-0.25,-0.25,-197000000.0,-59000000.0,-17000000.0,2000000.0,-74000000.0,761000000.0,2025000000.0,230000000.0,-336000000.0,0.22525918944392084,2255000000.0,-6.711309523809524
AMD,2015-12-26,quarterly,2016-02-18,True,958000000.0,675000000.0,283000000.0,229000000.0,32000000.0,-0.13,-0.13,-102000000.0,64000000.0,-32000000.0,-2000000.0,30000000.0,678000000.0,2025000000.0,230000000.0,-412000000.0,0.2954070981210856,2255000000.0,-5.473300970873787
AMD,2016-03-26,quarterly,2016-04-28,False,832000000.0,563000000.0,269000000.0,242000000.0,26000000.0,-0.14,-0.14,-109000000.0,-42000000.0,-26000000.0,-1000000.0,-69000000.0,675000000.0,2002000000.0,230000000.0,-503000000.0,0.3233173076923077,2232000000.0,-4.437375745526839
AMD,2016-06-25,quarterly,2016-07-26,True,1027000000.0,708000000.0,319000000.0,243000000.0,21000000.0,0.09,0.08,69000000.0,-85000000.0,329000000.0,-3000000.0,241000000.0,743000000.0,2002000000.0,226000000.0,-413000000.0,0.31061343719571566,2228000000.0,-5.394673123486683
AMD,2016-09-24,quarterly,2016-10-26,True,1307000000.0,1248000000.0,59000000.0,259000000.0,9000000.0,-0.5,-0.5,-406000000.0,29000000.0,-10000000.0,282000000.0,301000000.0,772000000.0,1630000000.0,0.0,385000000.0,0.045141545524101,1630000000.0,4.233766233766234
AMD,2016-12-31,quarterly,2018-02-27,True,1106000000.0,755000000.0,351000000.0,264000000.0,21000000.0,-0.06,-0.06,-51000000.0,188000000.0,-26000000.0,-156000000.0,6000000.0,751000000.0,1435000000.0,0.0,416000000.0,0.31735985533453887,1435000000.0,3.449519230769231
AMD,2017-04-01,quarterly,2017-05-08,False,984000000.0,653000000.0,331000000.0,266000000.0,23000000.0,-0.08,-0.08,-73000000.0,-299000000.0,-246000000.0,3000000.0,-542000000.0,839000000.0,1408000000.0,,409000000.0,0.3363821138211382,1408000000.0,3.4425427872860634
AMD,2017-07-01,quarterly,2017-08-03,True,1222000000.0,818000000.0,404000000.0,279000000.0,12000000.0,-0.02,-0.02,-16000000.0,-82000000.0,124000000.0,-4000000.0,38000000.0,833000000.0,1375000000.0,42000000.0,417000000.0,0.33060556464811786,1417000000.0,3.3980815347721824
AMD,2017-09-30,quarterly,2017-11-02,True,1643000000.0,1070000000.0,573000000.0,315000000.0,34000000.0,0.07,0.07,71000000.0,66000000.0,51000000.0,2000000.0,119000000.0,794000000.0,1356000000.0,70000000.0,520000000.0,0.3487522824102252,1426000000.0,2.7423076923076923
AMD,2017-12-30,quarterly,2018-05-03,True,1480000000.0,965000000.0,515000000.0,300000000.0,44000000.0,0.06,0.06,61000000.0,383000000.0,-43000000.0,-34000000.0,306000000.0,739000000.0,1325000000.0,70000000.0,611000000.0,0.34797297297297297,1395000000.0,2.283142389525368
AMD,2018-03-31,quarterly,2018-05-03,False,1647000000.0,1050000000.0,597000000.0,343000000.0,46000000.0,0.08,0.08,81000000.0,-86000000.0,-46000000.0,-8000000.0,-140000000.0,715000000.0,1165000000.0,223000000.0,715000000.0,0.36247723132969034,1388000000.0,1.9412587412587412
AMD,2018-06-30,quarterly,2018-08-02,True,1756000000.0,1104000000.0,652000000.0,357000000.0,43000000.0,0.12,0.11,116000000.0,-45000000.0,-78000000.0,28000000.0,-95000000.0,750000000.0,1170000000.0,223000000.0,879000000.0,0.3712984054669704,1393000000.0,1.5847554038680318
AMD,2018-09-29,quarterly,2018-10-31,True,1653000000.0,992000000.0,661000000.0,363000000.0,33000000.0,0.1,0.09,102000000.0,95000000.0,-8000000.0,8000000.0,95000000.0,738000000.0,1167000000.0,136000000.0,1125000000.0,0.3998790078644888,1303000000.0,1.1582222222222223
AMD,2018-12-29,quarterly,2019-02-08,True,1419000000.0,882000000.0,537000000.0,371000000.0,41000000.0,0.04,0.04,38000000.0,70000000.0,-38000000.0,0.0,32000000.0,845000000.0,1114000000.0,136000000.0,1266000000.0,0.3784355179704017,1250000000.0,0.9873617693522907
AMD,2019-03-30,quarterly,2019-05-01,False,1272000000.0,751000000.0,521000000.0,373000000.0,62000000.0,0.01,0.01,16000000.0,-213000000.0,-173000000.0,286000000.0,-100000000.0,955000000.0,1024000000.0,70000000.0,1788000000.0,0.40959119496855345,1094000000.0,0.6118568232662193
AMD,2019-06-29,quarterly,2019-07-31,True,1531000000.0,910000000.0,621000000.0,373000000.0,58000000.0,0.03,0.03,35000000.0,30000000.0,-7000000.0,-38000000.0,-15000000.0,1015000000.0,1031000000.0,0.0,1901000000.0,0.40561724363161333,1031000000.0,0.5423461336138874
AMD,2019-09-28,quarterly,2019-10-30,True,1801000000.0,1024000000.0,777000000.0,406000000.0,55000000.0,0.11,0.11,120000000.0,234000000.0,57000000.0,-98000000.0,193000000.0,1040000000.0,872000000.0,0.0,2176000000.0,0.4314269850083287,872000000.0,0.4007352941176471
AMD,2019-12-28,quarterly,2020-02-04,True,2127000000.0,1178000000.0,949000000.0,395000000.0,42000000.0,0.15,0.15,170000000.0,442000000.0,-26000000.0,-107000000.0,309000000.0,982000000.0,486000000.0,0.0,2827000000.0,0.4461683121767748,486000000.0,0.17191368942341706
AMD,2020-03-28,quarterly,2020-04-29,False,1786000000.0,968000000.0,818000000.0,442000000.0,55000000.0,0.14,0.14,162000000.0,-65000000.0,-73000000.0,2000000.0,-136000000.0,1056000000.0,488000000.0,,3037000000.0,0.458006718924972,488000000.0,0.16068488640105366
AMD,2020-06-27,quarterly,2020-07-29,True,1932000000.0,1084000000.0,848000000.0,460000000.0,91000000.0,0.13,0.13,157000000.0,243000000.0,-36000000.0,238000000.0,445000000.0,1324000000.0,490000000.0,200000000.0,3305000000.0,0.4389233954451346,690000000.0,0.2087745839636914
AMD,2020-09-26,quarterly,2020-10-28,True,2801000000.0,1571000000.0,1230000000.0,508000000.0,74000000.0,0.33,0.32,390000000.0,339000000.0,-549000000.0,-269000000.0,-479000000.0,1292000000.0,373000000.0,,3867000000.0,0.4391288825419493,373000000.0,0.09645720196534781
AMD,2020-12-26,quarterly,2021-10-27,True,3244000000.0,1793000000.0,1451000000.0,573000000.0,74000000.0,1.48,1.45,1781000000.0,554000000.0,-294000000.0,35000000.0,295000000.0,1399000000.0,330000000.0,0.0,5837000000.0,0.4472872996300863,330000000.0,0.0565358917252013
AMD,2021-03-27,quarterly,2021-04-28,False,3445000000.0,1858000000.0,1587000000.0,610000000.0,66000000.0,0.46,0.45,555000000.0,898000000.0,-722000000.0,-8000000.0,168000000.0,1653000000.0,313000000.0,,6477000000.0,0.4606676342525399,313000000.0,0.04832484174772271
AMD,2021-06-26,quarterly,2021-07-28,True,3850000000.0,2020000000.0,1830000000.0,659000000.0,64000000.0,0.58,0.58,710000000.0,952000000.0,119000000.0,-211000000.0,860000000.0,1765000000.0,313000000.0,,7065000000.0,0.4753246753246753,313000000.0,0.04430290162774239
AMD,2021-09-25,quarterly,2021-10-27,True,4313000000.0,2227000000.0,2086000000.0,765000000.0,85000000.0,0.76,0.75,923000000.0,849000000.0,-83000000.0,-949000000.0,-183000000.0,1902000000.0,1000000.0,312000000.0,7136000000.0,0.48365406909343844,313000000.0,0.04386210762331839
AMD,2021-12-25,quarterly,2022-02-03,True,4826000000.0,2400000000.0,2426000000.0,811000000.0,86000000.0,0.8099999999999998,0.7899999999999998,974000000.0,822000000.0,0.0,-727000000.0,95000000.0,1955000000.0,1000000.0,312000000.0,7497000000.0,0.5026937422295897,313000000.0,0.041750033346672
AMD,2022-03-26,quarterly,2022-05-04,False,5887000000.0,3069000000.0,2818000000.0,1060000000.0,71000000.0,0.56,0.56,786000000.0,995000000.0,3158000000.0,-1948000000.0,2205000000.0,2431000000.0,1475000000.0,312000000.0,55333000000.0,0.4786818413453372,1787000000.0,0.03229537527334502
AMD,2022-06-25,quarterly,2022-08-03,True,6550000000.0,3522000000.0,3028000000.0,1300000000.0,132000000.0,0.28,0.27,447000000.0,1038000000.0,-928000000.0,114000000.0,224000000.0,2648000000.0,2465000000.0,312000000.0,55169000000.0,0.4622900763358779,2777000000.0,0.05033623955482246
AMD,2022-09-24,quarterly,2022-11-02,True,5565000000.0,3211000000.0,2354000000.0,1279000000.0,123000000.0,0.04,0.04,66000000.0,965000000.0,-1298000000.0,-1233000000.0,-1566000000.0,3369000000.0,2466000000.0,0.0,54542000000.0,0.4230008984725966,2466000000.0,0.04521286348135382
AMD,2022-12-31,quarterly,2023-02-27,True,5599000000.0,3196000000.0,2403000000.0,1366000000.0,124000000.0,0.010000000000000009,0.0,21000000.0,567000000.0,1067000000.0,-197000000.0,1437000000.0,3771000000.0,2467000000.0,0.0,54750000000.0,0.42918378281836045,2467000000.0,0.045059360730593606
AMD,2023-04-01,quarterly,2023-05-03,False,5353000000.0,2994000000.0,2359000000.0,1411000000.0,158000000.0,-0.09,-0.09,-139000000.0,486000000.0,-1237000000.0,-259000000.0,-1010000000.0,4235000000.0,2467000000.0,,54694000000.0,0.4406874649729124,2467000000.0,0.04510549603247157
AMD,2023-07-01,quarterly,2023-08-02,True,5359000000.0,2916000000.0,2443000000.0,1443000000.0,125000000.0,0.02,0.02,27000000.0,379000000.0,-438000000.0,75000000.0,16000000.0,4567000000.0,1714000000.0,750000000.0,55136000000.0,0.4558686322075014,2464000000.0,0.04468949506674405
AMD,2023-09-30,quarterly,2023-11-01,True,5800000000.0,3053000000.0,2747000000.0,1507000000.0,124000000.0,0.18,0.18,299000000.0,421000000.0,102000000.0,-803000000.0,-280000000.0,4445000000.0,1715000000.0,750000000.0,54970000000.0,0.4736206896551724,2465000000.0,0.04484264144078588
AMD,2023-12-30,quarterly,2024-01-31,True,6168000000.0,3257000000.0,2911000000.0,1511000000.0,139000000.0,0.41000000000000003,0.42000000000000004,667000000.0,381000000.0,150000000.0,-159000000.0,372000000.0,4351000000.0,1717000000.0,751000000.0,55892000000.0,0.4719520103761349,2468000000.0,0.04415658770485937
AMD,2024-03-30,quarterly,2024-05-01,False,5473000000.0,2913000000.0,2560000000.0,1525000000.0,142000000.0,0.08,0.07,123000000.0,521000000.0,-135000000.0,-129000000.0,257000000.0,4652000000.0,1718000000.0,750000000.0,56198000000.0,0.46775077653937513,2468000000.0,0.04391615359977223
AMD,2024-06-29,quarterly,2024-07-31,True,5835000000.0,2971000000.0,2864000000.0,1583000000.0,154000000.0,0.16,0.16,265000000.0,593000000.0,386000000.0,-1056000000.0,-77000000.0,4991000000.0,1719000000.0,0.0,56538000000.0,0.4908311910882605,1719000000.0,0.03040432983126393
AMD,2024-09-28,quarterly,2024-10-30,True,6819000000.0,3400000000.0,3419000000.0,1636000000.0,132000000.0,0.48,0.47,771000000.0,628000000.0,-138000000.0,-706000000.0,-216000000.0,5374000000.0,1720000000.0,0.0,56985000000.0,0.5013931661533949,1720000000.0,0.030183381591646925
AMD,2024-12-28,quarterly,2025-02-05,True,7658000000.0,3776000000.0,3882000000.0,1712000000.0,208000000.0,0.29000000000000004,0.29000000000000004,482000000.0,1299000000.0,-1214000000.0,-171000000.0,-86000000.0,5734000000.0,1721000000.0,0.0,57568000000.0,0.5069208670671194,1721000000.0,0.02989508060033352
AMD,2025-03-29,quarterly,2025-05-07,False,7438000000.0,3702000000.0,3736000000.0,1728000000.0,212000000.0,0.44,0.44,709000000.0,939000000.0,-357000000.0,1666000000.0,2248000000.0,6416000000.0,3217000000.0,947000000.0,57881000000.0,0.5022855606345792,4164000000.0,0.07194070593113457
AMD,2025-06-28,quarterly,2025-08-06,True,7685000000.0,4626000000.0,3059000000.0,1894000000.0,282000000.0,0.54,0.54,872000000.0,2011000000.0,-2298000000.0,-1319000000.0,-1606000000.0,6677000000.0,3218000000.0,,59665000000.0,0.39804814573845154,3218000000.0,0.05393446744322467
AMD,2025-09-27,quarterly,2025-11-05,True,9246000000.0,4466000000.0,4780000000.0,2139000000.0,258000000.0,0.76,0.75,1243000000.0,2159000000.0,-1337000000.0,-450000000.0,372000000.0,7313000000.0,2347000000.0,873000000.0,60790000000.0,0.5169803158122431,3220000000.0,0.05296923836157263
AMD,2025-12-27,quarterly,2026-02-04,True,10270000000.0,4693000000.0,5577000000.0,2330000000.0,222000000.0,0.9299999999999999,0.9199999999999999,1511000000.0,2600000000.0,-1541000000.0,-328000000.0,731000000.0,7920000000.0,2348000000.0,874000000.0,62999000000.0,0.5430379746835443,3222000000.0,0.051143668947126145
AMD,2026-03-28,quarterly,2026-05-06,False,10253000000.0,4837000000.0,5416000000.0,2397000000.0,389000000.0,0.85,0.84,1383000000.0,2955000000.0,-2565000000.0,-350000000.0,40000000.0,8045000000.0,2350000000.0,874000000.0,64462000000.0,0.5282356383497513,3224000000.0,0.050013961713877945
AMD,2015-12-26,annual,2016-02-18,False,3991000000.0,2911000000.0,1080000000.0,947000000.0,96000000.0,-0.84,-0.84,-660000000.0,-226000000.0,147000000.0,59000000.0,-20000000.0,678000000.0,2025000000.0,230000000.0,-412000000.0,0.2706088699574042,2255000000.0,-5.473300970873787
AMD,2016-12-31,annual,2017-08-03,False,4272000000.0,3274000000.0,998000000.0,1008000000.0,77000000.0,-0.6,-0.6,-497000000.0,90000000.0,267000000.0,122000000.0,479000000.0,751000000.0,1435000000.0,0.0,416000000.0,0.23361423220973782,1435000000.0,3.449519230769231
AMD,2017-12-30,annual,2018-05-03,False,5329000000.0,3506000000.0,1823000000.0,1160000000.0,113000000.0,0.04,0.04,43000000.0,68000000.0,-114000000.0,-33000000.0,-79000000.0,739000000.0,1325000000.0,70000000.0,611000000.0,0.3420904484893976,1395000000.0,2.283142389525368
AMD,2018-12-29,annual,2019-02-08,False,6475000000.0,4028000000.0,2447000000.0,1434000000.0,163000000.0,0.34,0.32,337000000.0,34000000.0,-170000000.0,28000000.0,-108000000.0,845000000.0,1114000000.0,136000000.0,1266000000.0,0.3779150579150579,1250000000.0,0.9873617693522907
AMD,2019-12-28,annual,2020-02-04,False,6731000000.0,3863000000.0,2868000000.0,1547000000.0,217000000.0,0.31,0.3,341000000.0,493000000.0,-149000000.0,43000000.0,387000000.0,982000000.0,486000000.0,0.0,2827000000.0,0.4260882484029119,486000000.0,0.17191368942341706
AMD,2020-12-26,annual,2021-10-27,False,9763000000.0,5416000000.0,4347000000.0,1983000000.0,294000000.0,2.1,2.06,2490000000.0,1071000000.0,-952000000.0,6000000.0,125000000.0,1399000000.0,330000000.0,0.0,5837000000.0,0.44525248386766364,330000000.0,0.0565358917252013
AMD,2021-12-25,annual,2022-02-03,False,16434000000.0,8505000000.0,7929000000.0,2845000000.0,301000000.0,2.61,2.57,3162000000.0,3521000000.0,-686000000.0,-1895000000.0,940000000.0,1955000000.0,1000000.0,312000000.0,7497000000.0,0.4824753559693319,313000000.0,0.041750033346672
AMD,2022-12-31,annual,2023-02-27,False,23601000000.0,12998000000.0,10603000000.0,5005000000.0,450000000.0,0.85,0.84,1320000000.0,3565000000.0,1999000000.0,-3264000000.0,2300000000.0,3771000000.0,2467000000.0,0.0,54750000000.0,0.4492606245498072,2467000000.0,0.045059360730593606
AMD,2023-12-30,annual,2024-01-31,False,22680000000.0,12220000000.0,10460000000.0,5872000000.0,546000000.0,0.53,0.53,854000000.0,1667000000.0,-1423000000.0,-1146000000.0,-902000000.0,4351000000.0,1717000000.0,751000000.0,55892000000.0,0.46119929453262787,2468000000.0,0.04415658770485937
AMD,2024-12-28,annual,2025-02-05,False,25785000000.0,13060000000.0,12725000000.0,6456000000.0,636000000.0,1.01,1.0,1641000000.0,3041000000.0,-1101000000.0,-2062000000.0,-122000000.0,5734000000.0,1721000000.0,0.0,57568000000.0,0.49350397517936784,1721000000.0,0.02989508060033352
AMD,2025-12-27,annual,2026-02-04,False,34639000000.0,17487000000.0,17152000000.0,8091000000.0,974000000.0,2.67,2.65,4335000000.0,7709000000.0,-5533000000.0,-431000000.0,1745000000.0,7920000000.0,2348000000.0,874000000.0,62999000000.0,0.4951644100580271,3222000000.0,0.051143668947126145
INTC,2015-03-28,quarterly,2015-04-27,False,12781000000.0,5051000000.0,7730000000.0,2995000000.0,2025000000.0,0.42,0.41,1992000000.0,4415000000.0,-449000000.0,-2274000000.0,1683000000.0,4418000000.0,12112000000.0,1121000000.0,54924000000.0,0.6048040059463266,13233000000.0,0.24093292549705048
INTC,2015-06-27,quarterly,2015-07-27,True,13195000000.0,4947000000.0,8248000000.0,3087000000.0,1767000000.0,0.57,0.55,2706000000.0,3440000000.0,-1295000000.0,-1945000000.0,210000000.0,4818000000.0,12116000000.0,1095000000.0,57695000000.0,0.6250852595680182,13211000000.0,0.22897998093422306
INTC,2015-09-26,quarterly,2015-10-28,True,14465000000.0,5354000000.0,9111000000.0,2927000000.0,1206000000.0,0.65,0.64,3109000000.0,5735000000.0,-9167000000.0,6043000000.0,2611000000.0,4965000000.0,20059000000.0,1096000000.0,57097000000.0,0.6298651918423781,21155000000.0,0.37050983414189886
INTC,2015-12-26,quarterly,2016-02-12,True,14914000000.0,5324000000.0,9590000000.0,3119000000.0,2328000000.0,0.7700000000000002,0.74,3613000000.0,5427000000.0,2728000000.0,88000000.0,8243000000.0,5167000000.0,20036000000.0,2602000000.0,61085000000.0,0.6430199812256939,22638000000.0,0.3705983465662601
INTC,2016-04-02,quarterly,2016-05-02,False,13702000000.0,5572000000.0,8130000000.0,3246000000.0,1346000000.0,0.43,0.42,2046000000.0,4055000000.0,-15520000000.0,-782000000.0,-12247000000.0,5751000000.0,21775000000.0,2606000000.0,61174000000.0,0.5933440373668077,24381000000.0,0.3985516722790728
INTC,2016-07-02,quarterly,2016-08-01,True,13533000000.0,5560000000.0,7973000000.0,3145000000.0,2286000000.0,0.28,0.27,1330000000.0,3845000000.0,-4170000000.0,1149000000.0,824000000.0,5800000000.0,24053000000.0,3111000000.0,61367000000.0,0.5891524421783788,27164000000.0,0.4426483289064155
INTC,2016-10-01,quarterly,2016-10-31,True,15778000000.0,5795000000.0,9983000000.0,3069000000.0,2463000000.0,0.71,0.69,3378000000.0,5758000000.0,-2683000000.0,-2208000000.0,867000000.0,5783000000.0,24043000000.0,3115000000.0,63115000000.0,0.6327164406135125,27158000000.0,0.4302939079458132
INTC,2016-12-31,quarterly,2017-02-17,True,16374000000.0,6269000000.0,10105000000.0,3280000000.0,3530000000.0,0.7500000000000002,0.7300000000000002,3562000000.0,8150000000.0,-3444000000.0,-3898000000.0,808000000.0,5553000000.0,20649000000.0,4618000000.0,66226000000.0,0.6171369243923293,25267000000.0,0.3815268927611512
INTC,2017-04-01,quarterly,2017-04-27,False,14796000000.0,5649000000.0,9147000000.0,3326000000.0,1952000000.0,0.63,0.61,2964000000.0,3898000000.0,-2778000000.0,-1746000000.0,-626000000.0,5801000000.0,20678000000.0,5073000000.0,66844000000.0,0.6182076236820763,25751000000.0,0.38524026090599006
INTC,2017-07-01,quarterly,2017-07-27,True,14763000000.0,5665000000.0,9098000000.0,3275000000.0,2778000000.0,0.6,0.58,2808000000.0,4707000000.0,-1438000000.0,3484000000.0,6753000000.0,6324000000.0,27855000000.0,4125000000.0,68625000000.0,0.61627040574409,31980000000.0,0.4660109289617486
INTC,2017-09-30,quarterly,2017-10-26,True,16149000000.0,6092000000.0,10057000000.0,3223000000.0,2979000000.0,0.96,0.94,4516000000.0,6264000000.0,-6316000000.0,-2560000000.0,-2612000000.0,6929000000.0,27498000000.0,4129000000.0,70936000000.0,0.6227630193820051,31627000000.0,0.4458525995263336
INTC,2017-12-30,quarterly,2018-02-16,True,17053000000.0,6286000000.0,10767000000.0,3274000000.0,4069000000.0,-0.1499999999999999,-0.13000000000000012,-687000000.0,7241000000.0,-5230000000.0,-7653000000.0,-5642000000.0,6983000000.0,25037000000.0,1739000000.0,69019000000.0,0.6313845071248461,26776000000.0,0.3879511438879149
INTC,2018-03-31,quarterly,2018-04-27,False,16066000000.0,6335000000.0,9731000000.0,3311000000.0,2910000000.0,0.95,0.93,4454000000.0,6284000000.0,-4791000000.0,-1372000000.0,121000000.0,7146000000.0,24770000000.0,3842000000.0,70165000000.0,0.6056890327399477,28612000000.0,0.4077816575215563
INTC,2018-06-30,quarterly,2018-07-27,True,16962000000.0,6543000000.0,10419000000.0,3371000000.0,4530000000.0,1.08,1.05,5006000000.0,7413000000.0,-1193000000.0,-7160000000.0,-940000000.0,7344000000.0,24632000000.0,3510000000.0,70047000000.0,0.6142553944110364,28142000000.0,0.40175881907861866
INTC,2018-09-29,quarterly,2018-10-26,True,19163000000.0,6803000000.0,12360000000.0,3428000000.0,3851000000.0,1.4,1.38,6398000000.0,8835000000.0,-3435000000.0,-4607000000.0,793000000.0,7401000000.0,24823000000.0,3051000000.0,71483000000.0,0.6449929551740333,27874000000.0,0.3899388665836632
INTC,2018-12-29,quarterly,2019-02-01,True,18657000000.0,7430000000.0,11227000000.0,3433000000.0,3890000000.0,1.1500000000000004,1.1300000000000003,5195000000.0,6900000000.0,-1820000000.0,-5468000000.0,-388000000.0,7253000000.0,25098000000.0,761000000.0,74563000000.0,0.6017580532775901,25859000000.0,0.34680739777101244
INTC,2019-03-30,quarterly,2019-04-26,False,16061000000.0,6972000000.0,9089000000.0,3332000000.0,3321000000.0,0.88,0.87,3974000000.0,4959000000.0,-2722000000.0,-2102000000.0,135000000.0,7765000000.0,25737000000.0,2750000000.0,73661000000.0,0.5659049872361621,28487000000.0,0.3867311060126797
INTC,2019-06-29,quarterly,2019-07-26,True,16505000000.0,6627000000.0,9878000000.0,3438000000.0,3554000000.0,0.94,0.92,4179000000.0,7587000000.0,-3288000000.0,-4586000000.0,-287000000.0,8696000000.0,25089000000.0,3726000000.0,74947000000.0,0.598485307482581,28815000000.0,0.3844716933299532
INTC,2019-09-28,quarterly,2019-10-25,True,19190000000.0,7895000000.0,11295000000.0,3208000000.0,4672000000.0,1.36,1.35,5990000000.0,10711000000.0,-3910000000.0,-5733000000.0,1068000000.0,8638000000.0,23707000000.0,5200000000.0,74242000000.0,0.5885878061490359,28907000000.0,0.3893618167614019
INTC,2019-12-28,quarterly,2020-01-24,True,20209000000.0,8331000000.0,11878000000.0,3384000000.0,4666000000.0,1.5899999999999994,1.5699999999999998,6905000000.0,9888000000.0,-4485000000.0,-5144000000.0,259000000.0,8744000000.0,25308000000.0,3695000000.0,77504000000.0,0.587757929635311,29003000000.0,0.3742129438480595
INTC,2020-03-28,quarterly,2020-04-24,False,19828000000.0,7812000000.0,12016000000.0,3275000000.0,3268000000.0,1.33,1.31,5661000000.0,6158000000.0,-3736000000.0,4764000000.0,7186000000.0,9246000000.0,36455000000.0,3464000000.0,76354000000.0,0.6060117006253782,39919000000.0,0.522814783770333
INTC,2020-06-27,quarterly,2020-07-24,True,19728000000.0,9221000000.0,10507000000.0,3354000000.0,3408000000.0,1.2,1.19,5105000000.0,11157000000.0,-10610000000.0,-3191000000.0,-2644000000.0,8969000000.0,36093000000.0,2254000000.0,82010000000.0,0.5325932684509327,38347000000.0,0.4675893183758078
INTC,2020-09-26,quarterly,2020-10-23,True,18333000000.0,8592000000.0,9741000000.0,3272000000.0,3716000000.0,1.02,1.02,4276000000.0,8179000000.0,-766000000.0,-12793000000.0,-5380000000.0,9273000000.0,36059000000.0,504000000.0,74554000000.0,0.5313369333987891,36563000000.0,0.4904230490651072
INTC,2020-12-26,quarterly,2021-01-22,True,19978000000.0,8630000000.0,11348000000.0,3655000000.0,3867000000.0,1.4300000000000006,1.4200000000000004,5857000000.0,9890000000.0,-5684000000.0,-1697000000.0,2509000000.0,8427000000.0,33897000000.0,2504000000.0,81038000000.0,0.568024827310041,36401000000.0,0.4491843332757472
INTC,2021-03-27,quarterly,2021-04-23,False,19673000000.0,8819000000.0,10854000000.0,3623000000.0,3972000000.0,0.83,0.82,3361000000.0,5548000000.0,-2547000000.0,-3674000000.0,-673000000.0,8487000000.0,33237000000.0,2647000000.0,79807000000.0,0.5517206323387384,35884000000.0,0.44963474381946444
INTC,2021-06-26,quarterly,2021-07-23,True,19631000000.0,8425000000.0,11206000000.0,3715000000.0,3602000000.0,1.25,1.24,5061000000.0,8746000000.0,-6904000000.0,-2288000000.0,-446000000.0,8817000000.0,31714000000.0,3695000000.0,85207000000.0,0.5708318475879985,35409000000.0,0.4155644489302522
INTC,2021-09-25,quarterly,2021-10-22,True,19192000000.0,8446000000.0,10746000000.0,3803000000.0,4005000000.0,1.68,1.67,6823000000.0,9900000000.0,-10682000000.0,3906000000.0,3124000000.0,9798000000.0,35610000000.0,4694000000.0,90087000000.0,0.5599208003334722,40304000000.0,0.44738974546826954
INTC,2021-12-25,quarterly,2022-01-27,True,20528000000.0,9519000000.0,11009000000.0,4049000000.0,7154000000.0,1.13,1.1300000000000003,4623000000.0,5797000000.0,-5034000000.0,-3806000000.0,-3043000000.0,10776000000.0,33510000000.0,4591000000.0,95391000000.0,0.5362918939984411,38101000000.0,0.39941923242234595
INTC,2022-04-02,quarterly,2022-04-29,False,18353000000.0,9109000000.0,9244000000.0,4362000000.0,4604000000.0,1.99,1.98,8113000000.0,5891000000.0,-2640000000.0,-1863000000.0,1388000000.0,11935000000.0,32788000000.0,4459000000.0,103136000000.0,0.5036778728273307,37247000000.0,0.36114450822215327
INTC,2022-07-02,quarterly,2022-07-29,True,15321000000.0,9734000000.0,5587000000.0,4400000000.0,7242000000.0,-0.11,-0.11,-454000000.0,809000000.0,168000000.0,-2802000000.0,-1825000000.0,12174000000.0,32548000000.0,2882000000.0,101218000000.0,0.3646628810129887,35430000000.0,0.35003655476298684
INTC,2022-10-01,quarterly,2022-10-28,True,15338000000.0,8803000000.0,6535000000.0,4302000000.0,7299000000.0,0.25,0.25,1019000000.0,1030000000.0,-4574000000.0,3683000000.0,139000000.0,12831000000.0,37240000000.0,2283000000.0,99885000000.0,0.426065979919155,39523000000.0,0.3956850377934625
INTC,2022-12-31,quarterly,2023-01-27,True,14042000000.0,8542000000.0,5500000000.0,4464000000.0,5699000000.0,-0.15999999999999992,-0.16000000000000014,-664000000.0,7703000000.0,-3431000000.0,2343000000.0,6615000000.0,13224000000.0,37684000000.0,423000000.0,101423000000.0,0.3916820965674405,38107000000.0,0.375723455232048
INTC,2023-04-01,quarterly,2023-04-28,False,11715000000.0,7707000000.0,4008000000.0,4109000000.0,7413000000.0,-0.66,-0.66,-2758000000.0,-1785000000.0,-8521000000.0,7394000000.0,-2912000000.0,12993000000.0,48836000000.0,1437000000.0,98059000000.0,0.3421254801536492,50273000000.0,0.5126811409457571
INTC,2023-07-01,quarterly,2023-07-28,True,12949000000.0,8311000000.0,4638000000.0,4080000000.0,5888000000.0,0.35,0.35,1481000000.0,2808000000.0,-2808000000.0,117000000.0,117000000.0,11984000000.0,46335000000.0,2711000000.0,101017000000.0,0.358174376399722,49046000000.0,0.48552223883108786
INTC,2023-09-30,quarterly,2023-10-27,True,14158000000.0,8140000000.0,6018000000.0,3870000000.0,5753000000.0,0.07,0.07,297000000.0,5824000000.0,-7394000000.0,842000000.0,-728000000.0,11466000000.0,46591000000.0,2288000000.0,101813000000.0,0.42506003672835146,48879000000.0,0.4800860400931119
INTC,2023-12-30,quarterly,2024-01-26,True,15406000000.0,8359000000.0,7047000000.0,3987000000.0,6696000000.0,0.63,0.63,2669000000.0,4624000000.0,-5318000000.0,152000000.0,-542000000.0,11127000000.0,46978000000.0,2288000000.0,105590000000.0,0.45741918732961184,49266000000.0,0.46657827445780853
INTC,2024-03-30,quarterly,2024-04-26,False,12724000000.0,7507000000.0,5217000000.0,4382000000.0,5970000000.0,-0.09,-0.09,-381000000.0,-1223000000.0,-2563000000.0,3630000000.0,-156000000.0,11494000000.0,47869000000.0,4581000000.0,105973000000.0,0.410012574662056,52450000000.0,0.4949373897124739
INTC,2024-06-29,quarterly,2024-08-02,True,12833000000.0,8286000000.0,4547000000.0,4239000000.0,5682000000.0,-0.38,-0.38,-1610000000.0,2292000000.0,-9165000000.0,11237000000.0,4364000000.0,11244000000.0,48334000000.0,4695000000.0,115229000000.0,0.354320891451726,53029000000.0,0.46020533025540444
INTC,2024-09-28,quarterly,2024-11-01,True,13284000000.0,11287000000.0,1997000000.0,4049000000.0,6458000000.0,-3.88,-3.88,-16639000000.0,4054000000.0,-2764000000.0,-3792000000.0,-2502000000.0,12062000000.0,46471000000.0,3765000000.0,99532000000.0,0.15033122553447756,50236000000.0,0.5047220994253104
INTC,2024-12-28,quarterly,2025-01-31,True,14260000000.0,8676000000.0,5584000000.0,3876000000.0,5834000000.0,-0.009999999999999787,-0.009999999999999787,-126000000.0,3165000000.0,-3764000000.0,63000000.0,-536000000.0,12198000000.0,46282000000.0,3729000000.0,99270000000.0,0.3915848527349229,50011000000.0,0.5037876498438602
INTC,2025-03-29,quarterly,2025-04-25,False,12667000000.0,7995000000.0,4672000000.0,3640000000.0,5183000000.0,-0.19,-0.19,-821000000.0,813000000.0,81000000.0,-196000000.0,698000000.0,12281000000.0,44911000000.0,5240000000.0,99756000000.0,0.36883239914739085,50151000000.0,0.5027366774930832
INTC,2025-06-28,quarterly,2025-07-24,True,12859000000.0,9317000000.0,3542000000.0,3684000000.0,3550000000.0,-0.67,-0.67,-2918000000.0,2050000000.0,-2086000000.0,782000000.0,746000000.0,11377000000.0,44026000000.0,6731000000.0,97883000000.0,0.2754491017964072,50757000000.0,0.5185476538316153
INTC,2025-09-27,quarterly,2025-11-06,True,13653000000.0,8435000000.0,5218000000.0,3231000000.0,2425000000.0,0.9,0.9,4063000000.0,2546000000.0,-6250000000.0,5152000000.0,1448000000.0,11489000000.0,44057000000.0,2496000000.0,106376000000.0,0.3821870651138944,46553000000.0,0.43762690832518614
INTC,2025-12-27,quarterly,2026-01-23,True,13674000000.0,8731000000.0,4943000000.0,3219000000.0,3488000000.0,-0.13,-0.13,-591000000.0,4288000000.0,-6566000000.0,5849000000.0,3571000000.0,11618000000.0,44086000000.0,2499000000.0,114281000000.0,0.3614889571449466,46585000000.0,0.4076355649670549
INTC,2026-03-28,quarterly,2026-04-24,False,13577000000.0,8230000000.0,5347000000.0,3375000000.0,3636000000.0,-0.73,-0.73,-3728000000.0,1096000000.0,3093000000.0,-1206000000.0,2983000000.0,12426000000.0,43027000000.0,2004000000.0,111394000000.0,0.39382779700964865,45031000000.0,0.4042497800599673
INTC,2026-06-27,quarterly,2026-07-24,True,16128000000.0,9619000000.0,6509000000.0,3368000000.0,2556000000.0,-2.16,-2.16,-11033000000.0,7006000000.0,-3762000000.0,-7342000000.0,-4098000000.0,12492000000.0,48549000000.0,1988000000.0,87542000000.0,0.40358382936507936,50537000000.0,0.5772886157501542
INTC,2015-12-26,annual,2016-02-12,False,55355000000.0,20676000000.0,34679000000.0,12128000000.0,7326000000.0,2.41,2.33,11420000000.0,19017000000.0,-8183000000.0,1912000000.0,12747000000.0,5167000000.0,20036000000.0,2602000000.0,61085000000.0,0.6264836058169994,22638000000.0,0.3705983465662601
INTC,2016-12-31,annual,2017-02-17,False,59387000000.0,23196000000.0,36191000000.0,12740000000.0,9625000000.0,2.18,2.12,10316000000.0,21808000000.0,-25817000000.0,-5739000000.0,-9748000000.0,5553000000.0,20649000000.0,4618000000.0,66226000000.0,0.6094094667183053,25267000000.0,0.3815268927611512
INTC,2017-12-30,annual,2018-02-16,False,62761000000.0,23692000000.0,39069000000.0,13098000000.0,11778000000.0,2.04,1.99,9601000000.0,22110000000.0,-15762000000.0,-8475000000.0,-2127000000.0,6983000000.0,25037000000.0,1739000000.0,69019000000.0,0.6225044215356671,26776000000.0,0.3879511438879149
INTC,2018-12-29,annual,2019-02-01,False,70848000000.0,27111000000.0,43737000000.0,13543000000.0,15181000000.0,4.57,4.48,21053000000.0,29432000000.0,-11239000000.0,-18607000000.0,-414000000.0,7253000000.0,25098000000.0,761000000.0,74563000000.0,0.6173357046070461,25859000000.0,0.34680739777101244
INTC,2019-12-28,annual,2020-01-24,False,71965000000.0,29825000000.0,42140000000.0,13362000000.0,16213000000.0,4.77,4.71,21048000000.0,33145000000.0,-14405000000.0,-17565000000.0,1175000000.0,8744000000.0,25308000000.0,3695000000.0,77504000000.0,0.5855624261793928,29003000000.0,0.3742129438480595
INTC,2020-12-26,annual,2021-01-22,False,77867000000.0,34255000000.0,43612000000.0,13556000000.0,14259000000.0,4.98,4.94,20899000000.0,35384000000.0,-20796000000.0,-12917000000.0,1671000000.0,8427000000.0,33897000000.0,2504000000.0,81038000000.0,0.5600832188218372,36401000000.0,0.4491843332757472
INTC,2021-12-25,annual,2022-01-27,False,79024000000.0,35209000000.0,43815000000.0,15190000000.0,18733000000.0,4.89,4.86,19868000000.0,29991000000.0,-25167000000.0,-5862000000.0,-1038000000.0,10776000000.0,33510000000.0,4591000000.0,95391000000.0,0.5544518121077141,38101000000.0,0.39941923242234595
INTC,2022-12-31,annual,2023-01-27,False,63054000000.0,36188000000.0,26866000000.0,17528000000.0,24844000000.0,1.95,1.94,8014000000.0,15433000000.0,-10477000000.0,1361000000.0,6317000000.0,13224000000.0,37684000000.0,423000000.0,101423000000.0,0.426079233672725,38107000000.0,0.375723455232048
INTC,2023-12-30,annual,2024-01-26,False,54228000000.0,32517000000.0,21711000000.0,16046000000.0,25750000000.0,0.4,0.4,1689000000.0,11471000000.0,-24041000000.0,8505000000.0,-4065000000.0,11127000000.0,46978000000.0,2288000000.0,105590000000.0,0.400365125027661,49266000000.0,0.46657827445780853
INTC,2024-12-28,annual,2025-01-31,False,53101000000.0,35756000000.0,17345000000.0,16546000000.0,23944000000.0,-4.38,-4.38,-18756000000.0,8288000000.0,-18256000000.0,11138000000.0,1170000000.0,12198000000.0,46282000000.0,3729000000.0,99270000000.0,0.32664168283083184,50011000000.0,0.5037876498438602
INTC,2025-12-27,annual,2026-01-23,False,52853000000.0,34478000000.0,18375000000.0,13774000000.0,14646000000.0,-0.06,-0.06,-267000000.0,9697000000.0,-14821000000.0,11587000000.0,6463000000.0,11618000000.0,44086000000.0,2499000000.0,114281000000.0,0.34766238434904356,46585000000.0,0.4076355649670549
QCOM,2015-03-29,quarterly,2015-04-22,False,6894000000.0,2628000000.0,4266000000.0,1375000000.0,,0.64,0.63,1053000000.0,,,,,1861000000.0,,1096000000.0,37839000000.0,0.618798955613577,1096000000.0,0.028964824651814266
QCOM,2015-06-28,quarterly,2015-07-22,True,5832000000.0,2451000000.0,3381000000.0,1407000000.0,366000000.0,0.74,0.73,1184000000.0,2116000000.0,-1530000000.0,3904000000.0,4495000000.0,1583000000.0,9913000000.0,1000000000.0,33202000000.0,0.5797325102880658,10913000000.0,0.32868501897476055
QCOM,2015-09-27,quarterly,2015-11-04,True,5456000000.0,2252000000.0,3204000000.0,1357000000.0,179000000.0,0.68,0.67,1061000000.0,1684000000.0,-1352000000.0,-2749000000.0,-2427000000.0,1492000000.0,9969000000.0,1000000000.0,31421000000.0,0.5872434017595308,10969000000.0,0.3490977371821393
QCOM,2015-12-27,quarterly,2016-01-27,False,5775000000.0,2534000000.0,3241000000.0,1352000000.0,128000000.0,1.0,0.99,1498000000.0,2739000000.0,-716000000.0,-2665000000.0,-647000000.0,1216000000.0,9950000000.0,1000000000.0,30241000000.0,0.5612121212121212,10950000000.0,0.3620912006878079
QCOM,2016-03-27,quarterly,2016-04-20,True,5551000000.0,2141000000.0,3410000000.0,1301000000.0,125000000.0,0.78,0.78,1164000000.0,737000000.0,-719000000.0,-1157000000.0,-1138000000.0,1427000000.0,9993000000.0,1949000000.0,29645000000.0,0.6143037290578274,11942000000.0,0.4028335301062574
QCOM,2016-06-26,quarterly,2016-07-20,True,6044000000.0,2534000000.0,3510000000.0,1268000000.0,136000000.0,0.98,0.97,1444000000.0,1840000000.0,-794000000.0,-943000000.0,110000000.0,1338000000.0,10024000000.0,1749000000.0,30647000000.0,0.5807412309728657,11773000000.0,0.38414853003556626
QCOM,2016-09-25,quarterly,2017-07-19,True,6184000000.0,2539000000.0,3645000000.0,1229000000.0,150000000.0,1.08,1.07,1599000000.0,2084000000.0,-1259000000.0,-757000000.0,61000000.0,1556000000.0,10008000000.0,1749000000.0,31778000000.0,0.589424320827943,11757000000.0,0.36997293725218705
QCOM,2016-12-25,quarterly,2017-01-25,False,5999000000.0,2443000000.0,3556000000.0,1311000000.0,129000000.0,0.46,0.46,682000000.0,1379000000.0,681000000.0,-1104000000.0,939000000.0,1910000000.0,9935000000.0,,31215000000.0,0.5927654609101517,9935000000.0,0.31827646964600353
QCOM,2017-03-26,quarterly,2017-04-19,True,5016000000.0,2208000000.0,2808000000.0,1386000000.0,122000000.0,0.51,0.5,749000000.0,815000000.0,79000000.0,-666000000.0,239000000.0,2066000000.0,9939000000.0,,31344000000.0,0.5598086124401914,9939000000.0,0.31709418070444106
QCOM,2017-06-25,quarterly,2017-07-19,True,5371000000.0,2488000000.0,2883000000.0,1391000000.0,177000000.0,0.59,0.58,866000000.0,82000000.0,-1102000000.0,8771000000.0,7785000000.0,2002000000.0,19403000000.0,1496000000.0,31294000000.0,0.5367715509216161,20899000000.0,0.6678276986003707
QCOM,2017-09-24,quarterly,2017-11-01,True,5905000000.0,2652000000.0,3253000000.0,1398000000.0,262000000.0,0.11,0.11,168000000.0,2417000000.0,18805000000.0,-1122000000.0,20120000000.0,2035000000.0,19398000000.0,1496000000.0,30746000000.0,0.5508890770533447,20894000000.0,0.6795680738957913
QCOM,2017-12-24,quarterly,2018-01-31,False,6068000000.0,2663000000.0,3405000000.0,1420000000.0,226000000.0,-4.03,-4.03,-5953000000.0,1762000000.0,-3261000000.0,-165000000.0,-1667000000.0,1872000000.0,19381000000.0,1497000000.0,23924000000.0,0.5611404087013843,20878000000.0,0.8726801538204314
QCOM,2018-03-25,quarterly,2018-04-25,True,5261000000.0,2239000000.0,3022000000.0,1402000000.0,185000000.0,0.25,0.24,363000000.0,516000000.0,4742000000.0,-709000000.0,4584000000.0,1797000000.0,19361000000.0,1499000000.0,23819000000.0,0.5744155103592473,20860000000.0,0.8757714429656996
QCOM,2018-06-24,quarterly,2018-07-25,True,5599000000.0,2491000000.0,3108000000.0,1416000000.0,214000000.0,0.82,0.82,1219000000.0,2053000000.0,1134000000.0,-5463000000.0,-2327000000.0,1785000000.0,15378000000.0,3913000000.0,23068000000.0,0.5550991248437221,19291000000.0,0.8362666897867175
QCOM,2018-09-30,quarterly,2018-11-07,True,5803000000.0,2850000000.0,2953000000.0,1388000000.0,159000000.0,-0.35,-0.35,-493000000.0,-436000000.0,1766000000.0,-25150000000.0,-23842000000.0,1693000000.0,15365000000.0,0.0,928000000.0,0.5088747199724281,15365000000.0,16.557112068965516
QCOM,2018-12-30,quarterly,2019-01-30,False,4842000000.0,2188000000.0,2654000000.0,1269000000.0,152000000.0,0.88,0.87,1068000000.0,356000000.0,-152000000.0,-1887000000.0,-1711000000.0,1698000000.0,15388000000.0,0.0,3617000000.0,0.5481206113176373,15388000000.0,4.254354437379043
QCOM,2019-03-31,quarterly,2019-05-01,True,4982000000.0,2179000000.0,2803000000.0,1308000000.0,170000000.0,0.55,0.55,663000000.0,794000000.0,-109000000.0,-644000000.0,69000000.0,1725000000.0,15405000000.0,0.0,3866000000.0,0.5626254516258531,15405000000.0,3.9847387480600105
QCOM,2019-06-30,quarterly,2019-07-31,True,9635000000.0,2114000000.0,7521000000.0,1380000000.0,248000000.0,1.77,1.75,2149000000.0,4909000000.0,-208000000.0,-915000000.0,3788000000.0,1774000000.0,13426000000.0,2002000000.0,5463000000.0,0.7805915931499741,15428000000.0,2.8240893282079442
QCOM,2019-09-29,quarterly,2019-11-06,True,4814000000.0,2118000000.0,2696000000.0,1441000000.0,317000000.0,0.42,0.42,506000000.0,1227000000.0,-337000000.0,-2940000000.0,-2084000000.0,1400000000.0,13437000000.0,1997000000.0,4909000000.0,0.5600332363938513,15434000000.0,3.1440211855775106
QCOM,2019-12-29,quarterly,2020-02-05,False,5077000000.0,2113000000.0,2964000000.0,1406000000.0,296000000.0,0.81,0.8,925000000.0,1118000000.0,-203000000.0,-1659000000.0,-730000000.0,1420000000.0,13437000000.0,2498000000.0,4513000000.0,0.5838093362221785,15935000000.0,3.5309107024152446
QCOM,2020-03-29,quarterly,2020-04-29,True,5216000000.0,2297000000.0,2919000000.0,1468000000.0,345000000.0,0.41,0.41,468000000.0,1083000000.0,-1566000000.0,-2209000000.0,-2706000000.0,1700000000.0,13449000000.0,2499000000.0,3045000000.0,0.5596242331288344,15948000000.0,5.237438423645321
QCOM,2020-06-28,quarterly,2020-07-29,True,4893000000.0,2080000000.0,2813000000.0,1520000000.0,418000000.0,0.75,0.74,845000000.0,1872000000.0,-3156000000.0,-1003000000.0,-2283000000.0,2343000000.0,15425000000.0,0.0,3306000000.0,0.5749029225424075,15425000000.0,4.665759225650333
QCOM,2020-09-27,quarterly,2020-11-04,True,8346000000.0,2766000000.0,5580000000.0,1582000000.0,348000000.0,2.62,2.58,2960000000.0,1741000000.0,-338000000.0,-836000000.0,587000000.0,2598000000.0,15226000000.0,0.0,6077000000.0,0.6685837526959022,15226000000.0,2.5055125884482474
QCOM,2020-12-27,quarterly,2021-02-03,False,8235000000.0,3489000000.0,4746000000.0,1653000000.0,469000000.0,2.16,2.12,2455000000.0,3175000000.0,-1202000000.0,-1645000000.0,369000000.0,2552000000.0,15231000000.0,500000000.0,7380000000.0,0.57632058287796,15731000000.0,2.131571815718157
QCOM,2021-03-28,quarterly,2021-04-28,True,7935000000.0,3432000000.0,4503000000.0,1780000000.0,483000000.0,1.55,1.53,1762000000.0,2911000000.0,-1832000000.0,-2143000000.0,-1076000000.0,2668000000.0,15235000000.0,500000000.0,7424000000.0,0.5674858223062382,15735000000.0,2.1194773706896552
QCOM,2021-06-27,quarterly,2021-07-28,True,8060000000.0,3404000000.0,4656000000.0,1864000000.0,506000000.0,1.8,1.77,2027000000.0,3373000000.0,-372000000.0,-1608000000.0,1399000000.0,3133000000.0,13695000000.0,2045000000.0,8177000000.0,0.577667493796526,15740000000.0,1.9249113366760426
QCOM,2021-09-26,quarterly,2021-11-03,True,9336000000.0,3937000000.0,5399000000.0,1879000000.0,430000000.0,2.4700000000000006,2.4400000000000004,2798000000.0,1077000000.0,50000000.0,-1402000000.0,-283000000.0,3228000000.0,13701000000.0,1544000000.0,9950000000.0,0.5782990574121679,15245000000.0,1.5321608040201005
QCOM,2021-12-26,quarterly,2022-02-02,False,10705000000.0,4303000000.0,6402000000.0,1930000000.0,583000000.0,3.02,2.98,3399000000.0,2057000000.0,-112000000.0,-2446000000.0,-509000000.0,3861000000.0,13708000000.0,2042000000.0,11333000000.0,0.5980382998598786,15750000000.0,1.3897467572575664
QCOM,2022-03-27,quarterly,2022-04-27,True,11164000000.0,4648000000.0,6516000000.0,2034000000.0,491000000.0,2.61,2.57,2934000000.0,2698000000.0,-526000000.0,-1598000000.0,566000000.0,4555000000.0,12195000000.0,3485000000.0,13328000000.0,0.5836617699749194,15680000000.0,1.1764705882352942
QCOM,2022-06-26,quarterly,2022-07-27,True,10936000000.0,4816000000.0,6120000000.0,2052000000.0,554000000.0,3.32,3.29,3730000000.0,2895000000.0,-4876000000.0,-1960000000.0,-3975000000.0,5418000000.0,13600000000.0,1445000000.0,16048000000.0,0.5596196049743964,15045000000.0,0.9375
QCOM,2022-09-25,quarterly,2022-11-02,True,11395000000.0,4868000000.0,6527000000.0,2178000000.0,634000000.0,2.5599999999999987,2.5299999999999994,2873000000.0,1446000000.0,-290000000.0,-1192000000.0,-99000000.0,6341000000.0,13537000000.0,1446000000.0,18013000000.0,0.5727950855638438,14983000000.0,0.8317881530006107
QCOM,2022-12-25,quarterly,2023-02-02,False,9463000000.0,4044000000.0,5419000000.0,2251000000.0,398000000.0,1.99,1.98,2235000000.0,3095000000.0,-133000000.0,-1015000000.0,1974000000.0,6932000000.0,15431000000.0,1446000000.0,18810000000.0,0.5726513790552679,16877000000.0,0.8972355130249867
QCOM,2023-03-26,quarterly,2023-05-03,True,9275000000.0,4153000000.0,5122000000.0,2210000000.0,453000000.0,1.53,1.52,1704000000.0,1457000000.0,-224000000.0,-2543000000.0,-1291000000.0,6858000000.0,15486000000.0,499000000.0,19698000000.0,0.5522371967654987,15985000000.0,0.811503705959996
QCOM,2023-06-25,quarterly,2023-08-02,True,8451000000.0,3792000000.0,4659000000.0,2222000000.0,306000000.0,1.62,1.6,1803000000.0,2657000000.0,1737000000.0,-1988000000.0,2395000000.0,6628000000.0,14530000000.0,914000000.0,20670000000.0,0.5512957046503373,15444000000.0,0.7471698113207547
QCOM,2023-09-24,quarterly,2023-11-01,True,8631000000.0,3880000000.0,4751000000.0,2135000000.0,293000000.0,1.33,1.3200000000000003,1490000000.0,4090000000.0,-618000000.0,-1117000000.0,2350000000.0,6422000000.0,14484000000.0,914000000.0,21581000000.0,0.5504576526474336,15398000000.0,0.7134979843380752
QCOM,2023-12-24,quarterly,2024-01-31,False,9935000000.0,4312000000.0,5623000000.0,2096000000.0,214000000.0,2.48,2.46,2767000000.0,2949000000.0,-1256000000.0,-2041000000.0,-333000000.0,6247000000.0,14566000000.0,914000000.0,23058000000.0,0.5659788626069452,15480000000.0,0.6713505074160812
QCOM,2024-03-24,quarterly,2024-05-01,True,9389000000.0,4106000000.0,5283000000.0,2236000000.0,184000000.0,2.08,2.06,2326000000.0,3554000000.0,-939000000.0,-1580000000.0,1025000000.0,6087000000.0,14543000000.0,914000000.0,24469000000.0,0.5626797316008094,15457000000.0,0.6316972495811026
QCOM,2024-06-23,quarterly,2024-07-31,True,9393000000.0,4174000000.0,5219000000.0,2259000000.0,387000000.0,1.91,1.88,2129000000.0,3052000000.0,-1043000000.0,-3449000000.0,-1449000000.0,6020000000.0,13190000000.0,1364000000.0,24670000000.0,0.555626530394975,14554000000.0,0.5899473044183219
QCOM,2024-09-29,quarterly,2024-11-06,True,10244000000.0,4467000000.0,5777000000.0,2302000000.0,256000000.0,2.62,2.580000000000001,2920000000.0,2647000000.0,-385000000.0,-2199000000.0,79000000.0,6423000000.0,13270000000.0,1364000000.0,26274000000.0,0.5639398672393596,14634000000.0,0.5569764786480932
QCOM,2024-12-29,quarterly,2025-02-05,False,11669000000.0,5161000000.0,6508000000.0,2230000000.0,277000000.0,2.86,2.83,3180000000.0,4587000000.0,-671000000.0,-3008000000.0,864000000.0,6303000000.0,13212000000.0,1365000000.0,26880000000.0,0.5577170280229669,14577000000.0,0.5422991071428571
QCOM,2025-03-30,quarterly,2025-04-30,True,10979000000.0,4937000000.0,6042000000.0,2216000000.0,214000000.0,2.55,2.52,2812000000.0,2554000000.0,-1289000000.0,-2781000000.0,-1510000000.0,6196000000.0,13258000000.0,1365000000.0,27728000000.0,0.5503233445669005,14623000000.0,0.5273730525100981
QCOM,2025-06-29,quarterly,2025-07-30,True,10365000000.0,4606000000.0,5759000000.0,2226000000.0,294000000.0,2.44,2.43,2666000000.0,2875000000.0,1631000000.0,-3971000000.0,568000000.0,6338000000.0,14788000000.0,0.0,27209000000.0,0.5556198745779064,14788000000.0,0.543496637142122
QCOM,2025-09-28,quarterly,2025-11-05,True,11271000000.0,5034000000.0,6237000000.0,2370000000.0,407000000.0,-2.8,-2.7800000000000002,-3117000000.0,3996000000.0,-471000000.0,-3436000000.0,72000000.0,6526000000.0,14811000000.0,0.0,21206000000.0,0.5533670481767368,14811000000.0,0.6984344053569744
QCOM,2025-12-28,quarterly,2026-02-04,False,12252000000.0,5568000000.0,6684000000.0,2453000000.0,549000000.0,2.81,2.78,3004000000.0,4965000000.0,-1721000000.0,-3882000000.0,-638000000.0,6665000000.0,14817000000.0,,23073000000.0,0.545543584720862,14817000000.0,0.642179170458978
QCOM,2026-03-29,quarterly,2026-04-29,True,10599000000.0,4900000000.0,5699000000.0,2463000000.0,533000000.0,6.92,6.88,7370000000.0,2449000000.0,-501000000.0,-3693000000.0,-1770000000.0,7368000000.0,14772000000.0,498000000.0,27278000000.0,0.5376922351165204,15270000000.0,0.5597917735904392
QCOM,2015-09-27,annual,2015-11-04,False,25281000000.0,10378000000.0,14903000000.0,5490000000.0,994000000.0,3.26,3.22,5271000000.0,5506000000.0,-3572000000.0,-2261000000.0,-347000000.0,1492000000.0,9969000000.0,1000000000.0,31421000000.0,0.5894940864680985,10969000000.0,0.3490977371821393
QCOM,2016-09-25,annual,2017-07-19,False,23554000000.0,9749000000.0,13805000000.0,5151000000.0,539000000.0,3.84,3.81,5705000000.0,7400000000.0,-3488000000.0,-5522000000.0,-1614000000.0,1556000000.0,10008000000.0,1749000000.0,31778000000.0,0.5861000254733804,11757000000.0,0.36997293725218705
QCOM,2017-09-24,annual,2017-11-01,False,22291000000.0,9792000000.0,12499000000.0,5485000000.0,690000000.0,1.67,1.65,2466000000.0,4693000000.0,18463000000.0,5879000000.0,29083000000.0,2035000000.0,19398000000.0,1496000000.0,30746000000.0,0.560719572921807,20894000000.0,0.6795680738957913
QCOM,2018-09-30,annual,2018-11-07,False,22732000000.0,10244000000.0,12488000000.0,5625000000.0,784000000.0,-3.32,-3.32,-4864000000.0,3895000000.0,4381000000.0,-31487000000.0,-23252000000.0,1693000000.0,15365000000.0,0.0,928000000.0,0.5493577335914129,15365000000.0,16.557112068965516
QCOM,2019-09-29,annual,2019-11-06,False,24273000000.0,8599000000.0,15674000000.0,5398000000.0,887000000.0,3.63,3.59,4386000000.0,7286000000.0,-806000000.0,-6386000000.0,62000000.0,1400000000.0,13437000000.0,1997000000.0,4909000000.0,0.6457380628682075,15434000000.0,3.1440211855775106
QCOM,2020-09-27,annual,2020-11-04,False,23531000000.0,9255000000.0,14276000000.0,5975000000.0,1407000000.0,4.58,4.52,5198000000.0,5814000000.0,-5263000000.0,-5707000000.0,-5132000000.0,2598000000.0,15226000000.0,0.0,6077000000.0,0.606689048489227,15226000000.0,2.5055125884482474
QCOM,2021-09-26,annual,2021-11-03,False,33566000000.0,14262000000.0,19304000000.0,7176000000.0,1888000000.0,7.99,7.87,9043000000.0,10536000000.0,-3356000000.0,-6798000000.0,409000000.0,3228000000.0,13701000000.0,1544000000.0,9950000000.0,0.5751057617827564,15245000000.0,1.5321608040201005
QCOM,2022-09-25,annual,2022-11-02,False,44200000000.0,18635000000.0,25565000000.0,8194000000.0,2262000000.0,11.52,11.37,12936000000.0,9096000000.0,-5804000000.0,-7196000000.0,-4017000000.0,6341000000.0,13537000000.0,1446000000.0,18013000000.0,0.5783936651583711,14983000000.0,0.8317881530006107
QCOM,2023-09-24,annual,2023-11-01,False,35820000000.0,15869000000.0,19951000000.0,8818000000.0,1450000000.0,6.47,6.42,7232000000.0,11299000000.0,762000000.0,-6663000000.0,5428000000.0,6422000000.0,14484000000.0,914000000.0,21581000000.0,0.5569793411501954,15398000000.0,0.7134979843380752
QCOM,2024-09-29,annual,2024-11-06,False,38962000000.0,17060000000.0,21902000000.0,8893000000.0,1041000000.0,9.09,8.97,10142000000.0,12202000000.0,-3623000000.0,-9269000000.0,-678000000.0,6423000000.0,13270000000.0,1364000000.0,26274000000.0,0.5621374672758072,14634000000.0,0.5569764786480932
QCOM,2025-09-28,annual,2025-11-05,False,44284000000.0,19738000000.0,24546000000.0,9042000000.0,1192000000.0,5.05,5.01,5541000000.0,14012000000.0,-800000000.0,-13196000000.0,-6000000.0,6526000000.0,14811000000.0,0.0,21206000000.0,0.5542859723602204,14811000000.0,0.6984344053569744
AVGO,2015-02-01,quarterly,2016-03-10,False,1635000000.0,809000000.0,826000000.0,235000000.0,162000000.0,0.13799999999999998,0.126,351000000.0,481000000.0,514000000.0,-30000000.0,965000000.0,,,,,0.5051987767584097,,
AVGO,2015-05-03,quarterly,2016-06-09,True,1614000000.0,768000000.0,846000000.0,251000000.0,177000000.0,0.133,0.121,344000000.0,663000000.0,-149000000.0,-575000000.0,-61000000.0,,,,,0.5241635687732342,,
AVGO,2015-08-02,quarterly,2016-09-08,True,1735000000.0,851000000.0,884000000.0,276000000.0,148000000.0,0.091,0.08399999999999999,240000000.0,592000000.0,-542000000.0,-1204000000.0,-1154000000.0,,,,,0.5095100864553314,,
AVGO,2015-11-01,quarterly,2016-12-23,True,1840000000.0,843000000.0,997000000.0,287000000.0,106000000.0,0.149,0.15500000000000003,429000000.0,582000000.0,-64000000.0,-50000000.0,468000000.0,524000000.0,3903000000.0,46000000.0,4714000000.0,0.5418478260869565,3949000000.0,0.8377174374204497
AVGO,2016-01-31,quarterly,2016-03-10,False,1771000000.0,830000000.0,941000000.0,267000000.0,140000000.0,0.136,0.13,377000000.0,474000000.0,-85000000.0,-42000000.0,347000000.0,490000000.0,3892000000.0,46000000.0,5121000000.0,0.5313382269904009,3938000000.0,0.7689904315563366
AVGO,2016-05-01,quarterly,2016-06-09,True,3541000000.0,2495000000.0,1046000000.0,787000000.0,158000000.0,-0.302,-0.302,-1186000000.0,622000000.0,-10207000000.0,9457000000.0,-128000000.0,1467000000.0,14664000000.0,344000000.0,19702000000.0,0.2953967805704603,15008000000.0,0.7617500761344026
AVGO,2016-07-31,quarterly,2016-09-08,True,3792000000.0,2010000000.0,1782000000.0,814000000.0,232000000.0,-0.075,-0.075,-298000000.0,963000000.0,426000000.0,-1469000000.0,-80000000.0,1306000000.0,13381000000.0,334000000.0,19473000000.0,0.4699367088607595,13715000000.0,0.7043085297591537
AVGO,2016-10-30,quarterly,2016-12-23,True,4136000000.0,1965000000.0,2171000000.0,806000000.0,193000000.0,-0.159,-0.16400000000000003,-632000000.0,1352000000.0,26000000.0,-242000000.0,1136000000.0,1400000000.0,13188000000.0,454000000.0,18892000000.0,0.5249032882011605,13642000000.0,0.7221045945373703
AVGO,2017-01-29,quarterly,2017-03-09,False,4139000000.0,2138000000.0,2001000000.0,808000000.0,325000000.0,0.06,0.056999999999999995,239000000.0,1353000000.0,-319000000.0,-595000000.0,439000000.0,1336000000.0,13562000000.0,0.0,19033000000.0,0.4834501087219135,13562000000.0,0.7125518835706405
AVGO,2017-04-30,quarterly,2017-06-08,True,4190000000.0,2214000000.0,1976000000.0,829000000.0,256000000.0,0.10900000000000001,0.10500000000000001,440000000.0,1583000000.0,-493000000.0,-372000000.0,718000000.0,1311000000.0,13567000000.0,0.0,19425000000.0,0.47159904534606206,13567000000.0,0.6984298584298584
AVGO,2017-07-30,quarterly,2017-09-07,True,4463000000.0,2314000000.0,2149000000.0,827000000.0,255000000.0,0.118,0.11399999999999999,481000000.0,1656000000.0,-258000000.0,-403000000.0,995000000.0,1431000000.0,13572000000.0,0.0,19802000000.0,0.4815146762267533,13572000000.0,0.6853853146146854
AVGO,2017-10-29,quarterly,2018-12-21,True,4844000000.0,2461000000.0,2383000000.0,828000000.0,233000000.0,0.125,0.125,532000000.0,1959000000.0,396000000.0,3600000000.0,5955000000.0,1447000000.0,17431000000.0,117000000.0,20285000000.0,0.4919488026424443,17548000000.0,0.8650727138279517
AVGO,2018-02-04,quarterly,2018-03-15,False,5327000000.0,2699000000.0,2628000000.0,925000000.0,220000000.0,1.52,1.462,6230000000.0,1685000000.0,-4227000000.0,-1586000000.0,-4128000000.0,1291000000.0,17475000000.0,117000000.0,25901000000.0,0.4933358363056129,17592000000.0,0.6792015752287557
AVGO,2018-05-06,quarterly,2018-06-14,True,5014000000.0,2463000000.0,2551000000.0,936000000.0,189000000.0,0.883,0.833,3718000000.0,2313000000.0,-155000000.0,-1047000000.0,1111000000.0,1235000000.0,17481000000.0,117000000.0,32067000000.0,0.5087754287993618,17598000000.0,0.5487884741322855
AVGO,2018-08-05,quarterly,2018-09-13,True,5063000000.0,2444000000.0,2619000000.0,959000000.0,120000000.0,0.27799999999999997,0.271,1196000000.0,2247000000.0,-174000000.0,-6124000000.0,-4051000000.0,1216000000.0,17487000000.0,117000000.0,27452000000.0,0.5172822437290144,17604000000.0,0.6412647530234591
AVGO,2018-11-04,quarterly,2018-12-21,True,5444000000.0,2509000000.0,2935000000.0,948000000.0,106000000.0,0.2799999999999998,0.264,1115000000.0,2635000000.0,-118000000.0,-2361000000.0,156000000.0,1124000000.0,17493000000.0,0.0,26657000000.0,0.5391256429096253,17493000000.0,0.6562253817008665
AVGO,2019-02-03,quarterly,2019-03-15,False,5789000000.0,2581000000.0,3208000000.0,1133000000.0,99000000.0,0.11699999999999999,0.11200000000000002,471000000.0,2132000000.0,-15193000000.0,13862000000.0,801000000.0,1074000000.0,34104000000.0,3537000000.0,23224000000.0,0.5541544308170668,37641000000.0,1.6207802273510161
AVGO,2019-05-05,quarterly,2019-06-14,True,5517000000.0,2428000000.0,3089000000.0,1151000000.0,125000000.0,0.174,0.16399999999999998,691000000.0,2667000000.0,-106000000.0,-2326000000.0,235000000.0,1034000000.0,34011000000.0,3537000000.0,22172000000.0,0.5599057458763821,37548000000.0,1.6934872812556376
AVGO,2019-08-04,quarterly,2019-09-13,True,5515000000.0,2481000000.0,3034000000.0,1235000000.0,112000000.0,0.18,0.17099999999999999,715000000.0,2419000000.0,-35000000.0,-2250000000.0,134000000.0,1091000000.0,34028000000.0,3537000000.0,21503000000.0,0.5501359927470535,37565000000.0,1.746965539692136
AVGO,2019-11-03,quarterly,2019-12-20,True,5776000000.0,2624000000.0,3152000000.0,1177000000.0,96000000.0,0.2069999999999999,0.197,847000000.0,2479000000.0,-88000000.0,-2798000000.0,-407000000.0,874000000.0,30011000000.0,2787000000.0,24941000000.0,0.5457063711911357,32798000000.0,1.315023455354637
AVGO,2020-02-02,quarterly,2020-03-13,False,5858000000.0,2594000000.0,3264000000.0,1289000000.0,108000000.0,0.078,0.074,385000000.0,2322000000.0,-10987000000.0,10054000000.0,1389000000.0,944000000.0,42407000000.0,2311000000.0,24368000000.0,0.5571867531580744,44718000000.0,1.8351116217990808
AVGO,2020-05-03,quarterly,2020-06-12,True,5742000000.0,2553000000.0,3189000000.0,1269000000.0,148000000.0,0.122,0.11699999999999999,563000000.0,3213000000.0,24000000.0,-474000000.0,2763000000.0,953000000.0,45044000000.0,819000000.0,23942000000.0,0.5553814002089864,45863000000.0,1.9155876702029906
AVGO,2020-08-02,quarterly,2020-09-11,True,5821000000.0,2505000000.0,3316000000.0,1228000000.0,105000000.0,0.152,0.145,688000000.0,3178000000.0,-46000000.0,-3482000000.0,-350000000.0,1081000000.0,43201000000.0,822000000.0,23557000000.0,0.5696615701769455,44023000000.0,1.8687863480069618
AVGO,2020-11-01,quarterly,2020-12-18,True,6467000000.0,2720000000.0,3747000000.0,1182000000.0,102000000.0,0.31000000000000005,0.29300000000000004,1324000000.0,3348000000.0,-100000000.0,-4487000000.0,-1239000000.0,1003000000.0,40235000000.0,827000000.0,23874000000.0,0.5794031235503324,41062000000.0,1.7199463851889085
AVGO,2021-01-31,quarterly,2021-03-12,False,6655000000.0,2703000000.0,3952000000.0,1211000000.0,114000000.0,0.32,0.305,1378000000.0,3113000000.0,-122000000.0,-1057000000.0,1934000000.0,952000000.0,41068000000.0,864000000.0,23973000000.0,0.593839218632607,41932000000.0,1.749134442914946
AVGO,2021-05-02,quarterly,2021-06-11,True,6610000000.0,2553000000.0,4057000000.0,1238000000.0,126000000.0,0.346,0.32999999999999996,1493000000.0,3569000000.0,-126000000.0,-3477000000.0,-34000000.0,1004000000.0,40160000000.0,278000000.0,23939000000.0,0.613767019667171,40438000000.0,1.689210075608839
AVGO,2021-08-01,quarterly,2021-09-09,True,6778000000.0,2581000000.0,4197000000.0,1205000000.0,115000000.0,0.438,0.42000000000000004,1876000000.0,3541000000.0,-47000000.0,-1907000000.0,1587000000.0,1160000000.0,40178000000.0,279000000.0,24340000000.0,0.6192092062555326,40457000000.0,1.6621610517666392
AVGO,2021-10-31,quarterly,2021-12-17,True,7407000000.0,2769000000.0,4638000000.0,1200000000.0,88000000.0,0.46399999999999975,0.4460000000000002,1989000000.0,3541000000.0,50000000.0,-2533000000.0,1058000000.0,1297000000.0,39440000000.0,290000000.0,24962000000.0,0.6261644390441474,39730000000.0,1.5916192612771412
AVGO,2022-01-30,quarterly,2022-03-10,False,7706000000.0,2657000000.0,5049000000.0,1206000000.0,101000000.0,0.5820000000000001,0.5589999999999999,2472000000.0,3486000000.0,-309000000.0,-5121000000.0,-1944000000.0,1520000000.0,39205000000.0,300000000.0,22968000000.0,0.6552037373475215,39505000000.0,1.7200017415534656
AVGO,2022-05-01,quarterly,2022-06-09,True,8103000000.0,2664000000.0,5439000000.0,1261000000.0,85000000.0,0.616,0.593,2590000000.0,4243000000.0,-310000000.0,-5147000000.0,-1214000000.0,1668000000.0,40958000000.0,269000000.0,20963000000.0,0.6712328767123288,41227000000.0,1.9666555359442828
AVGO,2022-07-31,quarterly,2022-09-08,True,8464000000.0,2783000000.0,5681000000.0,1255000000.0,116000000.0,0.74,0.7150000000000001,3074000000.0,4424000000.0,80000000.0,-3532000000.0,972000000.0,1838000000.0,40958000000.0,269000000.0,20876000000.0,0.6711956521739131,41227000000.0,1.9748515041195631
AVGO,2022-10-30,quarterly,2022-12-16,True,8930000000.0,3004000000.0,5926000000.0,1197000000.0,122000000.0,0.8050000000000002,0.7830000000000001,3359000000.0,4583000000.0,-128000000.0,-2016000000.0,2439000000.0,1925000000.0,39075000000.0,403000000.0,22709000000.0,0.6636058230683091,39478000000.0,1.7384296974767712
AVGO,2023-01-29,quarterly,2023-03-08,False,8915000000.0,2911000000.0,6004000000.0,1195000000.0,103000000.0,0.9029999999999999,0.8800000000000001,3774000000.0,4036000000.0,-103000000.0,-3702000000.0,231000000.0,1899000000.0,38167000000.0,1077000000.0,23310000000.0,0.6734716769489624,39244000000.0,1.6835692835692835
AVGO,2023-04-30,quarterly,2023-06-07,True,8733000000.0,2618000000.0,6115000000.0,1312000000.0,122000000.0,0.8390000000000001,0.8150000000000001,3481000000.0,4502000000.0,-318000000.0,-5278000000.0,-1094000000.0,1886000000.0,38194000000.0,1077000000.0,22007000000.0,0.7002175655559373,39271000000.0,1.7844776661971191
AVGO,2023-07-30,quarterly,2023-09-06,True,8876000000.0,2712000000.0,6164000000.0,1358000000.0,122000000.0,0.8,0.774,3303000000.0,4719000000.0,-144000000.0,-4073000000.0,502000000.0,1842000000.0,38222000000.0,1077000000.0,22079000000.0,0.6944569625957638,39299000000.0,1.779926627111735
AVGO,2023-10-29,quarterly,2023-12-14,True,9295000000.0,2888000000.0,6407000000.0,1388000000.0,105000000.0,0.8489999999999998,0.8249999999999997,3524000000.0,4828000000.0,-124000000.0,-2570000000.0,2134000000.0,1898000000.0,37621000000.0,1563000000.0,23988000000.0,0.6892953200645509,39184000000.0,1.633483408370852
AVGO,2024-02-04,quarterly,2024-03-14,False,11961000000.0,4586000000.0,7375000000.0,2308000000.0,122000000.0,0.29300000000000004,0.284,1325000000.0,4815000000.0,-25477000000.0,18337000000.0,-2325000000.0,1920000000.0,73468000000.0,2374000000.0,70284000000.0,0.6165872418694089,75842000000.0,1.0790791645324682
AVGO,2024-05-05,quarterly,2024-06-13,True,12487000000.0,4711000000.0,7776000000.0,2415000000.0,132000000.0,0.45599999999999996,0.442,2121000000.0,4580000000.0,-706000000.0,-5929000000.0,-2055000000.0,1842000000.0,71590000000.0,2374000000.0,69961000000.0,0.6227276367422119,73964000000.0,1.057217592658767
AVGO,2024-08-04,quarterly,2024-09-11,True,13072000000.0,4716000000.0,8356000000.0,2353000000.0,172000000.0,-0.4,-0.4,-1875000000.0,4963000000.0,3245000000.0,-8065000000.0,143000000.0,1894000000.0,66798000000.0,3117000000.0,65651000000.0,0.6392288861689106,69915000000.0,1.0649495057196388
AVGO,2024-11-03,quarterly,2024-12-20,True,14054000000.0,5052000000.0,9002000000.0,2234000000.0,122000000.0,0.9299999999999999,0.8999999999999999,4324000000.0,5604000000.0,-132000000.0,-6076000000.0,-604000000.0,1760000000.0,66295000000.0,1245000000.0,67678000000.0,0.6405293866514872,67540000000.0,0.9979609326516741
AVGO,2025-02-02,quarterly,2025-03-12,False,14916000000.0,4771000000.0,10145000000.0,2253000000.0,100000000.0,1.17,1.14,5503000000.0,6113000000.0,-174000000.0,-5980000000.0,-41000000.0,1908000000.0,60926000000.0,1650000000.0,69789000000.0,0.6801421292571735,62576000000.0,0.8966456031752855
AVGO,2025-05-04,quarterly,2025-06-11,True,15004000000.0,4807000000.0,10197000000.0,2693000000.0,144000000.0,1.05,1.03,4965000000.0,6555000000.0,-133000000.0,-6257000000.0,165000000.0,2017000000.0,61751000000.0,1650000000.0,69586000000.0,0.6796187683284457,63401000000.0,0.9111171787428506
AVGO,2025-08-03,quarterly,2025-09-10,True,15952000000.0,5249000000.0,10703000000.0,3050000000.0,142000000.0,0.88,0.85,4140000000.0,7166000000.0,94000000.0,-6014000000.0,1246000000.0,2180000000.0,62830000000.0,900000000.0,73277000000.0,0.6709503510531595,63730000000.0,0.8697135526836525
AVGO,2025-11-02,quarterly,2025-12-18,True,18015000000.0,5766000000.0,12249000000.0,2981000000.0,237000000.0,1.81,1.7499999999999996,8518000000.0,7703000000.0,-367000000.0,-1876000000.0,5460000000.0,2270000000.0,61984000000.0,3152000000.0,81292000000.0,0.6799333888426311,65136000000.0,0.8012596565467697
AVGO,2026-02-01,quarterly,2026-03-11,False,19311000000.0,6154000000.0,13157000000.0,2965000000.0,250000000.0,1.55,1.5,7349000000.0,8260000000.0,-115000000.0,-10149000000.0,-2004000000.0,2962000000.0,63805000000.0,2252000000.0,79872000000.0,0.681321526591062,66057000000.0,0.8270357572115384
AVGO,2026-05-03,quarterly,2026-06-09,True,22187000000.0,6772000000.0,15415000000.0,2995000000.0,231000000.0,1.96,1.91,9310000000.0,10493000000.0,-208000000.0,-4831000000.0,5454000000.0,4328000000.0,62655000000.0,2252000000.0,87691000000.0,0.6947762203091901,64907000000.0,0.7401785816104275
AVGO,2015-11-01,annual,2016-12-23,False,6824000000.0,3271000000.0,3553000000.0,1049000000.0,593000000.0,0.517,0.485,1364000000.0,2318000000.0,-241000000.0,-1859000000.0,218000000.0,524000000.0,3903000000.0,46000000.0,4714000000.0,0.520662368112544,3949000000.0,0.8377174374204497
AVGO,2016-10-30,annual,2016-12-23,False,13240000000.0,7300000000.0,5940000000.0,2674000000.0,723000000.0,-0.475,-0.48600000000000004,-1739000000.0,3411000000.0,-9840000000.0,7704000000.0,1275000000.0,1400000000.0,13188000000.0,454000000.0,18892000000.0,0.4486404833836858,13642000000.0,0.7221045945373703
AVGO,2017-10-29,annual,2017-12-21,False,17636000000.0,9127000000.0,8509000000.0,3292000000.0,1069000000.0,0.418,0.40199999999999997,1692000000.0,6551000000.0,-674000000.0,2230000000.0,8107000000.0,1447000000.0,17431000000.0,117000000.0,20285000000.0,0.4824790201859832,17548000000.0,0.8650727138279517
AVGO,2018-11-04,annual,2018-12-21,False,20848000000.0,10115000000.0,10733000000.0,3768000000.0,635000000.0,2.933,2.8440000000000003,12259000000.0,8880000000.0,-4674000000.0,-11118000000.0,-6912000000.0,1124000000.0,17493000000.0,0.0,26657000000.0,0.514821565617805,17493000000.0,0.6562253817008665
AVGO,2019-11-03,annual,2019-12-20,False,22597000000.0,10114000000.0,12483000000.0,4696000000.0,432000000.0,0.6769999999999999,0.643,2724000000.0,9697000000.0,-15422000000.0,6488000000.0,763000000.0,874000000.0,30011000000.0,2787000000.0,24941000000.0,0.5524184626277825,32798000000.0,1.315023455354637
AVGO,2020-11-01,annual,2020-12-18,False,23888000000.0,10372000000.0,13516000000.0,4968000000.0,463000000.0,0.662,0.633,2960000000.0,12061000000.0,-11109000000.0,1611000000.0,2563000000.0,1003000000.0,40235000000.0,827000000.0,23874000000.0,0.5658070997990623,41062000000.0,1.7199463851889085
AVGO,2021-10-31,annual,2021-12-17,False,27450000000.0,10606000000.0,16844000000.0,4854000000.0,443000000.0,1.5699999999999998,1.5,6736000000.0,13764000000.0,-245000000.0,-8974000000.0,4545000000.0,1297000000.0,39440000000.0,290000000.0,24962000000.0,0.6136247723132969,39730000000.0,1.5916192612771412
AVGO,2022-10-30,annual,2022-12-16,False,33203000000.0,11108000000.0,22095000000.0,4919000000.0,424000000.0,2.744,2.653,11495000000.0,16736000000.0,-667000000.0,-15816000000.0,253000000.0,1925000000.0,39075000000.0,403000000.0,22709000000.0,0.6654519169954523,39478000000.0,1.7384296974767712
AVGO,2023-10-29,annual,2023-12-14,False,35819000000.0,11129000000.0,24690000000.0,5253000000.0,452000000.0,3.393,3.2979999999999996,14082000000.0,18085000000.0,-689000000.0,-15623000000.0,1773000000.0,1898000000.0,37621000000.0,1563000000.0,23988000000.0,0.6892989754041151,39184000000.0,1.633483408370852
AVGO,2024-11-03,annual,2024-12-20,False,51574000000.0,19065000000.0,32509000000.0,9310000000.0,548000000.0,1.27,1.23,5895000000.0,19962000000.0,-23070000000.0,-1733000000.0,-4841000000.0,1760000000.0,66295000000.0,1245000000.0,67678000000.0,0.6303369915073487,67540000000.0,0.9979609326516741
AVGO,2025-11-02,annual,2025-12-18,False,63887000000.0,20593000000.0,43294000000.0,10977000000.0,623000000.0,4.91,4.77,23126000000.0,27537000000.0,-580000000.0,-20127000000.0,6830000000.0,2270000000.0,61984000000.0,3152000000.0,81292000000.0,0.6776652527118193,65136000000.0,0.8012596565467697
TXN,2015-03-31,quarterly,2015-05-05,False,3150000000.0,1334000000.0,1816000000.0,338000000.0,123000000.0,0.62,0.61,656000000.0,609000000.0,158000000.0,-724000000.0,43000000.0,1844000000.0,3638000000.0,1000000000.0,10369000000.0,0.5765079365079365,4638000000.0,0.4472948211013598
TXN,2015-06-30,quarterly,2015-08-04,True,3232000000.0,1351000000.0,1881000000.0,320000000.0,125000000.0,0.66,0.65,696000000.0,820000000.0,-174000000.0,-704000000.0,-58000000.0,1885000000.0,3134000000.0,1750000000.0,10205000000.0,0.5819925742574258,4884000000.0,0.4785889269965703
TXN,2015-09-30,quarterly,2015-11-05,True,3429000000.0,1432000000.0,1997000000.0,316000000.0,139000000.0,0.77,0.76,798000000.0,1409000000.0,389000000.0,-1849000000.0,-51000000.0,1771000000.0,3132000000.0,1000000000.0,9970000000.0,0.5823855351414406,4132000000.0,0.4144433299899699
TXN,2015-12-31,quarterly,2016-02-24,True,3189000000.0,1323000000.0,1866000000.0,306000000.0,164000000.0,0.81,0.8,836000000.0,1430000000.0,-675000000.0,-888000000.0,-133000000.0,1691000000.0,3120000000.0,1000000000.0,9946000000.0,0.5851364063969896,4120000000.0,0.41423687914739593
TXN,2016-03-31,quarterly,2016-05-04,False,3008000000.0,1184000000.0,1824000000.0,326000000.0,124000000.0,0.65,0.65,668000000.0,547000000.0,573000000.0,-839000000.0,281000000.0,1805000000.0,2869000000.0,1249000000.0,9782000000.0,0.6063829787234043,4118000000.0,0.4209773052545492
TXN,2016-06-30,quarterly,2016-08-04,True,3273000000.0,1270000000.0,2003000000.0,345000000.0,158000000.0,0.77,0.76,779000000.0,1069000000.0,65000000.0,-1180000000.0,-46000000.0,1876000000.0,2975000000.0,637000000.0,9962000000.0,0.6119767797128017,3612000000.0,0.3625777956233688
TXN,2016-09-30,quarterly,2016-11-03,True,3675000000.0,1395000000.0,2280000000.0,356000000.0,139000000.0,0.95,0.94,968000000.0,1413000000.0,-603000000.0,-676000000.0,134000000.0,1808000000.0,2977000000.0,634000000.0,10286000000.0,0.6204081632653061,3611000000.0,0.3510596927863115
TXN,2016-12-31,quarterly,2017-02-23,True,3414000000.0,1281000000.0,2133000000.0,343000000.0,110000000.0,1.04,1.02,1047000000.0,1585000000.0,-685000000.0,-1115000000.0,-215000000.0,1790000000.0,2978000000.0,631000000.0,10473000000.0,0.624780316344464,3609000000.0,0.34460040103122314
TXN,2017-03-31,quarterly,2017-05-03,False,3402000000.0,1258000000.0,2144000000.0,369000000.0,127000000.0,0.99,0.97,997000000.0,795000000.0,267000000.0,-1143000000.0,-81000000.0,1843000000.0,2980000000.0,378000000.0,10639000000.0,0.630217519106408,3358000000.0,0.31563116834288935
TXN,2017-06-30,quarterly,2017-08-03,True,3693000000.0,1319000000.0,2374000000.0,378000000.0,151000000.0,1.05,1.03,1056000000.0,917000000.0,-8000000.0,-842000000.0,67000000.0,1947000000.0,3084000000.0,499000000.0,10708000000.0,0.6428378012455997,3583000000.0,0.3346096376540904
TXN,2017-09-30,quarterly,2017-11-02,True,4116000000.0,1460000000.0,2656000000.0,375000000.0,186000000.0,1.29,1.26,1285000000.0,1722000000.0,-488000000.0,-1078000000.0,156000000.0,1908000000.0,3084000000.0,499000000.0,10988000000.0,0.6452866861030127,3583000000.0,0.3260829996359665
TXN,2017-12-31,quarterly,2018-02-22,True,3750000000.0,1310000000.0,2440000000.0,386000000.0,231000000.0,0.35,0.34,344000000.0,1929000000.0,-898000000.0,-671000000.0,360000000.0,1957000000.0,3577000000.0,500000000.0,10337000000.0,0.6506666666666666,4077000000.0,0.3944084357163587
TXN,2018-03-31,quarterly,2018-05-03,False,3789000000.0,1342000000.0,2447000000.0,385000000.0,189000000.0,1.38,1.35,1366000000.0,1112000000.0,266000000.0,-1317000000.0,61000000.0,2032000000.0,3578000000.0,500000000.0,10642000000.0,0.6458168382158881,4078000000.0,0.38319864687088895
TXN,2018-06-30,quarterly,2018-08-02,True,4017000000.0,1398000000.0,2619000000.0,384000000.0,249000000.0,1.43,1.4,1405000000.0,1826000000.0,-81000000.0,-543000000.0,1202000000.0,2090000000.0,5066000000.0,0.0,10634000000.0,0.6519790888722927,5066000000.0,0.4763964641715253
TXN,2018-09-30,quarterly,2018-11-02,True,4261000000.0,1457000000.0,2804000000.0,390000000.0,370000000.0,1.61,1.58,1570000000.0,2106000000.0,-1768000000.0,-1755000000.0,-1417000000.0,2116000000.0,4318000000.0,749000000.0,10516000000.0,0.6580614879136353,5067000000.0,0.48183720045644735
TXN,2018-12-31,quarterly,2019-02-22,True,3717000000.0,1310000000.0,2407000000.0,400000000.0,323000000.0,1.29,1.27,1239000000.0,2145000000.0,1505000000.0,-2714000000.0,936000000.0,2217000000.0,4319000000.0,749000000.0,8994000000.0,0.6475652407855798,5068000000.0,0.5634867689570825
TXN,2019-03-31,quarterly,2019-04-30,False,3594000000.0,1333000000.0,2261000000.0,389000000.0,251000000.0,1.29,1.26,1217000000.0,1107000000.0,1173000000.0,-998000000.0,1282000000.0,2131000000.0,5057000000.0,750000000.0,8519000000.0,0.6291040623260991,5807000000.0,0.6816527761474351
TXN,2019-06-30,quarterly,2019-07-31,True,3668000000.0,1308000000.0,2360000000.0,390000000.0,284000000.0,1.38,1.36,1305000000.0,1796000000.0,-258000000.0,-1445000000.0,93000000.0,2079000000.0,4558000000.0,1249000000.0,8486000000.0,0.64340239912759,5807000000.0,0.684303558802734
TXN,2019-09-30,quarterly,2019-10-31,True,3771000000.0,1325000000.0,2446000000.0,379000000.0,149000000.0,1.51,1.49,1425000000.0,1992000000.0,-914000000.0,-998000000.0,80000000.0,2040000000.0,5302000000.0,499000000.0,8985000000.0,0.6486343145054362,5801000000.0,0.6456316082359488
TXN,2019-12-31,quarterly,2020-02-20,True,3350000000.0,1253000000.0,2097000000.0,386000000.0,163000000.0,1.14,1.12,1070000000.0,1754000000.0,-1921000000.0,-1289000000.0,-1456000000.0,2001000000.0,5303000000.0,500000000.0,8907000000.0,0.6259701492537313,5803000000.0,0.6515100482766364
TXN,2020-03-31,quarterly,2020-04-22,False,3329000000.0,1241000000.0,2088000000.0,377000000.0,161000000.0,1.25,1.24,1174000000.0,851000000.0,826000000.0,-1596000000.0,81000000.0,2003000000.0,5499000000.0,1051000000.0,7734000000.0,0.6272153799939922,6550000000.0,0.8469097491595552
TXN,2020-06-30,quarterly,2020-07-22,True,3239000000.0,1157000000.0,2082000000.0,379000000.0,130000000.0,1.5,1.48,1380000000.0,1720000000.0,1437000000.0,-1381000000.0,1776000000.0,2136000000.0,6245000000.0,551000000.0,7644000000.0,0.642790984871874,6796000000.0,0.8890633176347462
TXN,2020-09-30,quarterly,2020-10-21,True,3817000000.0,1364000000.0,2453000000.0,386000000.0,146000000.0,1.47,1.45,1353000000.0,1443000000.0,-2189000000.0,-726000000.0,-1472000000.0,2072000000.0,6247000000.0,550000000.0,8325000000.0,0.6426512968299711,6797000000.0,0.8164564564564565
TXN,2020-12-31,quarterly,2021-02-05,True,4076000000.0,1430000000.0,2646000000.0,388000000.0,212000000.0,1.83,1.8,1688000000.0,2125000000.0,-996000000.0,-844000000.0,285000000.0,1955000000.0,6248000000.0,550000000.0,9187000000.0,0.6491658488714426,6798000000.0,0.7399586372047459
TXN,2021-03-31,quarterly,2021-04-28,False,4289000000.0,1492000000.0,2797000000.0,386000000.0,308000000.0,1.89,1.87,1753000000.0,1850000000.0,-1109000000.0,-1406000000.0,-665000000.0,1890000000.0,6250000000.0,0.0,10166000000.0,0.6521333644206109,6250000000.0,0.614794412748377
TXN,2021-06-30,quarterly,2021-07-22,True,4580000000.0,1503000000.0,3077000000.0,391000000.0,386000000.0,2.08,2.05,1931000000.0,2121000000.0,127000000.0,-1041000000.0,1207000000.0,1856000000.0,5752000000.0,499000000.0,11153000000.0,0.6718340611353711,6251000000.0,0.5604770017035775
TXN,2021-09-30,quarterly,2021-10-27,True,4643000000.0,1491000000.0,3152000000.0,388000000.0,486000000.0,2.1,2.07,1947000000.0,2428000000.0,-884000000.0,470000000.0,2014000000.0,1863000000.0,7239000000.0,500000000.0,12151000000.0,0.6788714193409433,7739000000.0,0.6369023125668669
TXN,2021-12-31,quarterly,2022-02-04,True,4832000000.0,1482000000.0,3350000000.0,389000000.0,1282000000.0,2.3000000000000007,2.2699999999999996,2138000000.0,2357000000.0,-2229000000.0,-1160000000.0,-1032000000.0,1910000000.0,7241000000.0,500000000.0,13333000000.0,0.6932947019867549,7741000000.0,0.5805895147378685
TXN,2022-03-31,quarterly,2022-04-27,False,4905000000.0,1463000000.0,3442000000.0,391000000.0,443000000.0,2.37,2.35,2201000000.0,2144000000.0,-1668000000.0,-1602000000.0,-1126000000.0,2060000000.0,7242000000.0,500000000.0,14017000000.0,0.7017329255861366,7742000000.0,0.5523293144039381
TXN,2022-06-30,quarterly,2022-07-27,True,5212000000.0,1587000000.0,3625000000.0,414000000.0,597000000.0,2.48,2.45,2291000000.0,1768000000.0,1225000000.0,-2696000000.0,297000000.0,2199000000.0,6745000000.0,499000000.0,14092000000.0,0.695510360706063,7244000000.0,0.5140505251206359
TXN,2022-09-30,quarterly,2022-10-26,True,5241000000.0,1624000000.0,3617000000.0,431000000.0,790000000.0,2.5,2.47,2295000000.0,2766000000.0,-2113000000.0,-1286000000.0,-633000000.0,2404000000.0,7438000000.0,499000000.0,14507000000.0,0.6901354703300897,7937000000.0,0.5471151857723857
TXN,2022-12-31,quarterly,2023-02-03,True,4670000000.0,1583000000.0,3087000000.0,434000000.0,967000000.0,2.16,2.1400000000000006,1962000000.0,2042000000.0,-1027000000.0,-1134000000.0,-119000000.0,2757000000.0,8235000000.0,500000000.0,14577000000.0,0.6610278372591006,8735000000.0,0.5992316663236605
TXN,2023-03-31,quarterly,2023-04-26,False,4379000000.0,1516000000.0,2863000000.0,455000000.0,982000000.0,1.87,1.85,1708000000.0,1160000000.0,28000000.0,239000000.0,1427000000.0,3288000000.0,9626000000.0,500000000.0,15243000000.0,0.6538022379538707,10126000000.0,0.6643049268516696
TXN,2023-06-30,quarterly,2023-07-26,True,4531000000.0,1621000000.0,2910000000.0,477000000.0,1446000000.0,1.89,1.87,1722000000.0,1399000000.0,-2385000000.0,-52000000.0,-1038000000.0,3729000000.0,10920000000.0,299000000.0,15940000000.0,0.6422423306113441,11219000000.0,0.7038268506900879
TXN,2023-09-30,quarterly,2023-10-25,True,4532000000.0,1717000000.0,2815000000.0,471000000.0,1495000000.0,1.87,1.85,1709000000.0,1937000000.0,-1694000000.0,-1116000000.0,-873000000.0,3908000000.0,10922000000.0,300000000.0,16631000000.0,0.6211385701676964,11222000000.0,0.6747639949491913
TXN,2023-12-31,quarterly,2024-02-02,True,4077000000.0,1646000000.0,2431000000.0,460000000.0,1148000000.0,1.5,1.4900000000000002,1371000000.0,1924000000.0,-311000000.0,-1215000000.0,398000000.0,3999000000.0,10624000000.0,599000000.0,16897000000.0,0.5962717684571989,11223000000.0,0.6642007456945019
TXN,2024-03-31,quarterly,2024-04-24,False,3661000000.0,1566000000.0,2095000000.0,478000000.0,1248000000.0,1.21,1.2,1105000000.0,1017000000.0,-3329000000.0,1831000000.0,-481000000.0,4083000000.0,12840000000.0,1349000000.0,16983000000.0,0.5722480196667578,14189000000.0,0.8354825413648943
TXN,2024-06-30,quarterly,2024-07-24,True,3822000000.0,1611000000.0,2211000000.0,498000000.0,1064000000.0,1.23,1.22,1127000000.0,1571000000.0,0.0,-1314000000.0,257000000.0,4106000000.0,12842000000.0,1049000000.0,17214000000.0,0.5784929356357927,13891000000.0,0.8069594516091554
TXN,2024-09-30,quarterly,2024-10-23,True,4151000000.0,1677000000.0,2474000000.0,492000000.0,1316000000.0,1.48,1.47,1362000000.0,1732000000.0,-487000000.0,-1396000000.0,-151000000.0,4296000000.0,12844000000.0,1049000000.0,17268000000.0,0.5960009636232233,13893000000.0,0.8045517720639332
TXN,2024-12-31,quarterly,2025-02-14,True,4007000000.0,1693000000.0,2314000000.0,491000000.0,1192000000.0,1.3200000000000003,1.31,1205000000.0,1998000000.0,614000000.0,-2001000000.0,611000000.0,4527000000.0,12846000000.0,750000000.0,16903000000.0,0.5774893935612678,13596000000.0,0.804354256640833
TXN,2025-03-31,quarterly,2025-04-24,False,4069000000.0,1756000000.0,2313000000.0,517000000.0,1123000000.0,1.29,1.28,1179000000.0,849000000.0,1253000000.0,-2539000000.0,-437000000.0,4687000000.0,12848000000.0,0.0,16406000000.0,0.5684443352174982,12848000000.0,0.7831281238571255
TXN,2025-06-30,quarterly,2025-07-29,True,4448000000.0,1873000000.0,2575000000.0,527000000.0,1305000000.0,1.42,1.41,1295000000.0,1860000000.0,-1335000000.0,-244000000.0,281000000.0,4812000000.0,14043000000.0,0.0,16403000000.0,0.5789118705035972,14043000000.0,0.8561238797780893
TXN,2025-09-30,quarterly,2025-10-23,True,4742000000.0,2019000000.0,2723000000.0,518000000.0,1197000000.0,1.49,1.48,1364000000.0,2190000000.0,-681000000.0,-1242000000.0,267000000.0,4829000000.0,13546000000.0,500000000.0,16627000000.0,0.5742302825811894,14046000000.0,0.8447705539183256
TXN,2025-12-31,quarterly,2026-02-06,True,4423000000.0,1951000000.0,2472000000.0,521000000.0,925000000.0,1.2699999999999996,1.2700000000000005,1163000000.0,2254000000.0,-676000000.0,-1664000000.0,-86000000.0,4804000000.0,13548000000.0,500000000.0,16273000000.0,0.5588966764639385,14048000000.0,0.8632704479813188
TXN,2026-03-31,quarterly,2026-04-24,False,4825000000.0,2026000000.0,2799000000.0,510000000.0,676000000.0,1.69,1.68,1545000000.0,1520000000.0,-47000000.0,-1149000000.0,324000000.0,4695000000.0,12901000000.0,1149000000.0,16778000000.0,0.5801036269430052,14050000000.0,0.8374061270711646
TXN,2026-06-30,quarterly,2026-07-24,True,5463000000.0,2111000000.0,3352000000.0,535000000.0,514000000.0,2.16,2.14,1980000000.0,2703000000.0,-1702000000.0,-890000000.0,111000000.0,4605000000.0,12903000000.0,1149000000.0,18007000000.0,0.6135822807980963,14052000000.0,0.7803631920919643
TXN,2015-12-31,annual,2016-02-24,False,13000000000.0,5440000000.0,7560000000.0,1280000000.0,551000000.0,2.86,2.82,2986000000.0,4268000000.0,-302000000.0,-4165000000.0,-199000000.0,1691000000.0,3120000000.0,1000000000.0,9946000000.0,0.5815384615384616,4120000000.0,0.41423687914739593
TXN,2016-12-31,annual,2017-02-23,False,13370000000.0,5130000000.0,8240000000.0,1370000000.0,531000000.0,3.54,3.48,3595000000.0,4614000000.0,-650000000.0,-3810000000.0,154000000.0,1790000000.0,2978000000.0,631000000.0,10473000000.0,0.6163051608077786,3609000000.0,0.34460040103122314
TXN,2017-12-31,annual,2018-02-22,False,14961000000.0,5347000000.0,9614000000.0,1508000000.0,695000000.0,3.68,3.61,3682000000.0,5363000000.0,-1127000000.0,-3734000000.0,502000000.0,1957000000.0,3577000000.0,500000000.0,10337000000.0,0.642604104003743,4077000000.0,0.3944084357163587
TXN,2018-12-31,annual,2019-02-22,False,15784000000.0,5507000000.0,10277000000.0,1559000000.0,1131000000.0,5.71,5.59,5580000000.0,7189000000.0,-78000000.0,-6329000000.0,782000000.0,2217000000.0,4319000000.0,749000000.0,8994000000.0,0.6511023821591485,5068000000.0,0.5634867689570825
TXN,2019-12-31,annual,2020-02-20,False,14383000000.0,5219000000.0,9164000000.0,1544000000.0,847000000.0,5.33,5.24,5017000000.0,6649000000.0,-1920000000.0,-4730000000.0,-1000000.0,2001000000.0,5303000000.0,500000000.0,8907000000.0,0.6371410693179448,5803000000.0,0.6515100482766364
TXN,2020-12-31,annual,2021-02-05,False,14461000000.0,5192000000.0,9269000000.0,1530000000.0,649000000.0,6.05,5.97,5595000000.0,6139000000.0,-922000000.0,-4547000000.0,670000000.0,1955000000.0,6248000000.0,550000000.0,9187000000.0,0.6409653550930088,6798000000.0,0.7399586372047459
TXN,2021-12-31,annual,2022-02-04,False,18344000000.0,5968000000.0,12376000000.0,1554000000.0,2462000000.0,8.38,8.26,7769000000.0,8756000000.0,-4095000000.0,-3137000000.0,1524000000.0,1910000000.0,7241000000.0,500000000.0,13333000000.0,0.6746620148277366,7741000000.0,0.5805895147378685
TXN,2022-12-31,annual,2023-02-03,False,20028000000.0,6257000000.0,13771000000.0,1670000000.0,2797000000.0,9.51,9.41,8749000000.0,8720000000.0,-3583000000.0,-6718000000.0,-1581000000.0,2757000000.0,8235000000.0,500000000.0,14577000000.0,0.6875873776712602,8735000000.0,0.5992316663236605
TXN,2023-12-31,annual,2024-02-02,False,17519000000.0,6500000000.0,11019000000.0,1863000000.0,5071000000.0,7.13,7.07,6510000000.0,6420000000.0,-4362000000.0,-2144000000.0,-86000000.0,3999000000.0,10624000000.0,599000000.0,16897000000.0,0.628974256521491,11223000000.0,0.6642007456945019
TXN,2024-12-31,annual,2025-02-14,False,15641000000.0,6547000000.0,9094000000.0,1959000000.0,4820000000.0,5.24,5.2,4799000000.0,6318000000.0,-3202000000.0,-2880000000.0,236000000.0,4527000000.0,12846000000.0,750000000.0,16903000000.0,0.5814206252797136,13596000000.0,0.804354256640833
TXN,2025-12-31,annual,2026-02-06,False,17682000000.0,7599000000.0,10083000000.0,2083000000.0,4550000000.0,5.47,5.45,5001000000.0,7153000000.0,-1439000000.0,-5689000000.0,25000000.0,4804000000.0,13548000000.0,500000000.0,16273000000.0,0.5702409229725144,14048000000.0,0.8632704479813188
MU,2015-03-05,quarterly,2015-04-10,False,4166000000.0,2761000000.0,1405000000.0,379000000.0,,0.87,0.78,934000000.0,,,,,2377000000.0,5519000000.0,1199000000.0,12426000000.0,0.3372539606337014,6718000000.0,0.5406405923064542
MU,2015-06-04,quarterly,2015-07-10,True,3853000000.0,2651000000.0,1202000000.0,406000000.0,734000000.0,0.46,0.42,491000000.0,1335000000.0,-1520000000.0,359000000.0,147000000.0,2381000000.0,6403000000.0,1148000000.0,12458000000.0,0.31196470282896444,7551000000.0,0.606116551613421
MU,2015-09-03,quarterly,2015-10-27,True,3600000000.0,2630000000.0,970000000.0,379000000.0,1765000000.0,0.44,0.42,471000000.0,1030000000.0,-1510000000.0,-933000000.0,-1407000000.0,2340000000.0,6252000000.0,1089000000.0,12302000000.0,0.26944444444444443,7341000000.0,0.5967322386603804
MU,2015-12-03,quarterly,2016-01-08,False,3350000000.0,2501000000.0,849000000.0,421000000.0,990000000.0,0.2,0.19,206000000.0,1120000000.0,-660000000.0,-140000000.0,318000000.0,2435000000.0,6326000000.0,1051000000.0,12301000000.0,0.25343283582089554,7377000000.0,0.5997073408665962
MU,2016-03-03,quarterly,2016-04-08,True,2934000000.0,2355000000.0,579000000.0,403000000.0,1219000000.0,-0.09,-0.09,-97000000.0,763000000.0,-366000000.0,72000000.0,473000000.0,2608000000.0,6494000000.0,1125000000.0,12264000000.0,0.19734151329243355,7619000000.0,0.621249184605349
MU,2016-06-02,quarterly,2016-07-06,True,2898000000.0,2400000000.0,498000000.0,382000000.0,1685000000.0,-0.21,-0.21,-215000000.0,389000000.0,-616000000.0,1771000000.0,1549000000.0,2920000000.0,8919000000.0,712000000.0,12187000000.0,0.17184265010351968,9631000000.0,0.7902683187002544
MU,2016-09-01,quarterly,2016-10-28,True,3217000000.0,2638000000.0,579000000.0,411000000.0,1923000000.0,-0.16,-0.16,-170000000.0,896000000.0,-1426000000.0,42000000.0,-487000000.0,2889000000.0,9154000000.0,756000000.0,12080000000.0,0.1799813490829966,9910000000.0,0.820364238410596
MU,2016-12-01,quarterly,2017-01-09,False,3970000000.0,2959000000.0,1011000000.0,470000000.0,1264000000.0,0.17,0.16,180000000.0,1138000000.0,-890000000.0,-212000000.0,-1000000.0,2750000000.0,8490000000.0,1155000000.0,12320000000.0,0.25465994962216626,9645000000.0,0.7828733766233766
MU,2017-03-02,quarterly,2017-03-28,True,4648000000.0,2944000000.0,1704000000.0,473000000.0,1164000000.0,0.81,0.77,894000000.0,1405000000.0,-4476000000.0,2553000000.0,-506000000.0,3000000000.0,11308000000.0,1117000000.0,14287000000.0,0.36660929432013767,12425000000.0,0.869671729544341
MU,2017-06-01,quarterly,2017-06-30,True,5566000000.0,2957000000.0,2609000000.0,434000000.0,1041000000.0,1.49,1.4,1647000000.0,2407000000.0,-873000000.0,-1134000000.0,415000000.0,3064000000.0,10485000000.0,1161000000.0,16171000000.0,0.4687387711103126,11646000000.0,0.7201780965926659
MU,2017-08-31,quarterly,2017-10-26,True,6138000000.0,3026000000.0,3112000000.0,447000000.0,1265000000.0,2.13,1.99,2368000000.0,3203000000.0,-1298000000.0,-858000000.0,1045000000.0,3123000000.0,9872000000.0,1262000000.0,18621000000.0,0.5070055392636038,11134000000.0,0.5979270715858439
MU,2017-11-30,quarterly,2017-12-20,False,6803000000.0,3056000000.0,3747000000.0,448000000.0,1956000000.0,2.36,2.19,2678000000.0,3636000000.0,-1434000000.0,-1282000000.0,914000000.0,3160000000.0,7644000000.0,1401000000.0,22526000000.0,0.550786417756872,9045000000.0,0.4015360028411613
MU,2018-03-01,quarterly,2018-03-23,True,7351000000.0,3081000000.0,4270000000.0,523000000.0,2261000000.0,2.86,2.67,3309000000.0,4348000000.0,-2409000000.0,-138000000.0,1811000000.0,3184000000.0,7802000000.0,1514000000.0,25697000000.0,0.580873350564549,9316000000.0,0.36253259135307625
MU,2018-05-31,quarterly,2018-06-22,True,7797000000.0,3074000000.0,4723000000.0,603000000.0,2411000000.0,3.3,3.1,3823000000.0,4261000000.0,-2244000000.0,-3023000000.0,-1014000000.0,3369000000.0,5890000000.0,1454000000.0,28649000000.0,0.6057457996665384,7344000000.0,0.25634402596949285
MU,2018-08-30,quarterly,2018-10-15,True,8440000000.0,3289000000.0,5151000000.0,567000000.0,2251000000.0,3.73,3.56,4325000000.0,5155000000.0,-2129000000.0,-3333000000.0,-340000000.0,3595000000.0,3777000000.0,859000000.0,32294000000.0,0.6103080568720379,4636000000.0,0.14355607852851923
MU,2018-08-31,quarterly,2018-12-19,False,,,,,,,,,,,,,3590000000.0,,,,,,
MU,2018-11-29,quarterly,2018-12-19,False,7913000000.0,3298000000.0,4615000000.0,611000000.0,2700000000.0,2.91,2.81,3293000000.0,4810000000.0,-4427000000.0,-2435000000.0,-2062000000.0,3876000000.0,3734000000.0,398000000.0,33869000000.0,0.5832174902059901,4132000000.0,0.12199946854055331
MU,2019-02-28,quarterly,2019-03-21,True,5835000000.0,2971000000.0,2864000000.0,601000000.0,2649000000.0,1.45,1.42,1619000000.0,3435000000.0,-2492000000.0,952000000.0,1904000000.0,4390000000.0,3604000000.0,2634000000.0,34567000000.0,0.4908311910882605,6238000000.0,0.18046113345097925
MU,2019-05-30,quarterly,2019-06-26,True,4788000000.0,2960000000.0,1828000000.0,606000000.0,2403000000.0,0.76,0.74,840000000.0,2711000000.0,-2066000000.0,-1847000000.0,-1195000000.0,4905000000.0,3563000000.0,1346000000.0,35323000000.0,0.3817878028404344,4909000000.0,0.13897460578093593
MU,2019-08-29,quarterly,2019-10-17,True,4870000000.0,3475000000.0,1395000000.0,623000000.0,2028000000.0,0.51,0.49,561000000.0,2233000000.0,-1100000000.0,892000000.0,2045000000.0,5118000000.0,4541000000.0,1310000000.0,35881000000.0,0.2864476386036961,5851000000.0,0.16306680415818958
MU,2019-11-28,quarterly,2019-12-20,False,5144000000.0,3778000000.0,1366000000.0,640000000.0,1943000000.0,0.44,0.43,491000000.0,2011000000.0,-1189000000.0,-992000000.0,-184000000.0,4943000000.0,5188000000.0,462000000.0,36500000000.0,0.265552099533437,5650000000.0,0.1547945205479452
MU,2020-02-27,quarterly,2020-03-26,True,4797000000.0,3442000000.0,1355000000.0,681000000.0,2056000000.0,0.37,0.36,405000000.0,2001000000.0,-1710000000.0,-215000000.0,76000000.0,5208000000.0,5188000000.0,237000000.0,37023000000.0,0.28246820929747757,5425000000.0,0.1465305350727926
MU,2020-05-28,quarterly,2020-06-29,True,5438000000.0,3675000000.0,1763000000.0,649000000.0,1944000000.0,0.72,0.71,803000000.0,2023000000.0,-1952000000.0,1072000000.0,1149000000.0,5405000000.0,6356000000.0,330000000.0,37820000000.0,0.3242000735564546,6686000000.0,0.17678476996298254
MU,2020-09-03,quarterly,2020-10-19,True,6056000000.0,3988000000.0,2068000000.0,630000000.0,2280000000.0,0.89,0.87,988000000.0,2271000000.0,-2738000000.0,-182000000.0,-630000000.0,5607000000.0,6373000000.0,270000000.0,38996000000.0,0.3414795244385733,6643000000.0,0.17035080521079085
MU,2020-12-03,quarterly,2021-01-08,False,5773000000.0,4037000000.0,1736000000.0,647000000.0,2738000000.0,0.72,0.71,803000000.0,1967000000.0,-3418000000.0,-214000000.0,-1638000000.0,5521000000.0,6356000000.0,273000000.0,39907000000.0,0.3007102026675905,6629000000.0,0.16611120855990177
MU,2021-03-04,quarterly,2021-04-01,True,6236000000.0,4587000000.0,1649000000.0,641000000.0,3018000000.0,0.54,0.53,603000000.0,3057000000.0,-2556000000.0,5000000.0,522000000.0,4743000000.0,6298000000.0,323000000.0,40663000000.0,0.26443232841565106,6621000000.0,0.1628261564567297
MU,2021-06-03,quarterly,2021-07-01,True,7422000000.0,4296000000.0,3126000000.0,670000000.0,2259000000.0,1.55,1.52,1735000000.0,3560000000.0,-2081000000.0,-228000000.0,1252000000.0,4537000000.0,6418000000.0,297000000.0,42259000000.0,0.4211802748585287,6715000000.0,0.15890106249556307
MU,2021-09-02,quarterly,2021-10-08,True,8274000000.0,4362000000.0,3912000000.0,705000000.0,2015000000.0,2.4200000000000004,2.3899999999999997,2720000000.0,3884000000.0,-2534000000.0,-1344000000.0,3000000.0,4487000000.0,6621000000.0,155000000.0,43933000000.0,0.47280638143582304,6776000000.0,0.15423485762410943
MU,2021-12-02,quarterly,2022-01-06,False,7687000000.0,4122000000.0,3565000000.0,712000000.0,3265000000.0,2.06,2.04,2306000000.0,3938000000.0,-2485000000.0,-513000000.0,934000000.0,4827000000.0,6904000000.0,118000000.0,45908000000.0,0.4637700013008976,7022000000.0,0.15295809009322994
MU,2022-03-03,quarterly,2022-03-30,True,7786000000.0,4110000000.0,3676000000.0,792000000.0,2611000000.0,2.02,2.0,2263000000.0,3628000000.0,-2691000000.0,-466000000.0,461000000.0,5383000000.0,6953000000.0,123000000.0,47845000000.0,0.47212946313896736,7076000000.0,0.14789424182255198
MU,2022-06-02,quarterly,2022-07-01,True,8642000000.0,4607000000.0,4035000000.0,773000000.0,2578000000.0,2.36,2.34,2626000000.0,3838000000.0,-2585000000.0,-1161000000.0,37000000.0,5629000000.0,6856000000.0,107000000.0,49281000000.0,0.46690580884054617,6963000000.0,0.14129177573507032
MU,2022-09-01,quarterly,2022-10-07,True,6643000000.0,4021000000.0,2622000000.0,839000000.0,3613000000.0,1.3699999999999992,1.37,1492000000.0,3777000000.0,-3824000000.0,-840000000.0,-922000000.0,6663000000.0,6803000000.0,103000000.0,49907000000.0,0.3947011892217372,6906000000.0,0.13837738193039054
MU,2022-12-01,quarterly,2022-12-22,False,4085000000.0,3192000000.0,893000000.0,849000000.0,2449000000.0,-0.18,-0.18,-195000000.0,943000000.0,-2266000000.0,2632000000.0,1303000000.0,8359000000.0,10094000000.0,171000000.0,49306000000.0,0.2186046511627907,10265000000.0,0.20818967265647184
MU,2023-03-02,quarterly,2023-03-29,True,3693000000.0,4899000000.0,-1206000000.0,788000000.0,2205000000.0,-2.12,-2.12,-2312000000.0,343000000.0,-1915000000.0,1802000000.0,245000000.0,8129000000.0,12037000000.0,237000000.0,47257000000.0,-0.32656376929325753,12274000000.0,0.2597287174386863
MU,2023-06-01,quarterly,2023-06-29,True,3752000000.0,4420000000.0,-668000000.0,758000000.0,1561000000.0,-1.73,-1.73,-1896000000.0,24000000.0,-1180000000.0,661000000.0,-517000000.0,8238000000.0,12986000000.0,259000000.0,45405000000.0,-0.17803837953091683,13245000000.0,0.29170796167822927
MU,2023-08-31,quarterly,2023-10-06,True,4010000000.0,4445000000.0,-435000000.0,719000000.0,1461000000.0,-1.3099999999999996,-1.3099999999999996,-1430000000.0,249000000.0,-830000000.0,-112000000.0,-714000000.0,8387000000.0,13052000000.0,278000000.0,44120000000.0,-0.1084788029925187,13330000000.0,0.30213055303717135
MU,2023-11-30,quarterly,2023-12-21,False,4726000000.0,4761000000.0,-35000000.0,845000000.0,1796000000.0,-1.12,-1.12,-1234000000.0,1401000000.0,-1558000000.0,-352000000.0,-510000000.0,8276000000.0,12597000000.0,908000000.0,42885000000.0,-0.007405840033855269,13505000000.0,0.3149119738836423
MU,2024-02-29,quarterly,2024-03-21,True,5824000000.0,4745000000.0,1079000000.0,832000000.0,1384000000.0,0.72,0.71,793000000.0,1219000000.0,-1151000000.0,-106000000.0,-45000000.0,8443000000.0,13378000000.0,344000000.0,43870000000.0,0.18526785714285715,13722000000.0,0.31278778208342833
MU,2024-05-30,quarterly,2024-06-27,True,6811000000.0,4979000000.0,1832000000.0,850000000.0,2086000000.0,0.3,0.3,332000000.0,2482000000.0,-2002000000.0,-910000000.0,-437000000.0,8512000000.0,12860000000.0,398000000.0,44225000000.0,0.2689766554103656,13258000000.0,0.29978518937252685
MU,2024-08-29,quarterly,2024-10-04,True,7750000000.0,5013000000.0,2737000000.0,903000000.0,3120000000.0,0.7999999999999999,0.7999999999999999,887000000.0,3405000000.0,-3598000000.0,-474000000.0,-612000000.0,8875000000.0,12966000000.0,431000000.0,45131000000.0,0.35316129032258065,13397000000.0,0.2968469566373446
MU,2024-11-28,quarterly,2024-12-19,False,8709000000.0,5361000000.0,3348000000.0,888000000.0,3206000000.0,1.68,1.67,1870000000.0,3244000000.0,-3148000000.0,-422000000.0,-355000000.0,8705000000.0,13252000000.0,533000000.0,46797000000.0,0.3844299001033414,13785000000.0,0.29457016475415093
MU,2025-02-27,quarterly,2025-03-21,True,8053000000.0,5090000000.0,2963000000.0,898000000.0,4055000000.0,1.42,1.41,1583000000.0,3942000000.0,-3152000000.0,96000000.0,866000000.0,9007000000.0,13851000000.0,504000000.0,48633000000.0,0.36793741462808893,14355000000.0,0.295169946332737
MU,2025-05-29,quarterly,2025-06-26,True,9301000000.0,5793000000.0,3508000000.0,965000000.0,2938000000.0,1.69,1.68,1885000000.0,4609000000.0,-2589000000.0,540000000.0,2606000000.0,8727000000.0,15003000000.0,538000000.0,50748000000.0,0.3771637458337813,15541000000.0,0.3062386695042169
MU,2025-08-28,quarterly,2025-10-03,True,11315000000.0,6261000000.0,5054000000.0,1047000000.0,5658000000.0,2.8600000000000003,2.84,3201000000.0,5730000000.0,-5198000000.0,-1064000000.0,-523000000.0,8355000000.0,14017000000.0,560000000.0,54165000000.0,0.44666372072470173,14577000000.0,0.26912212683467185
MU,2025-11-27,quarterly,2025-12-18,False,13643000000.0,5997000000.0,7646000000.0,1171000000.0,5389000000.0,4.66,4.6,5240000000.0,8411000000.0,-4594000000.0,-3745000000.0,86000000.0,8205000000.0,11187000000.0,569000000.0,58806000000.0,0.5604339221578831,11756000000.0,0.19991157364894738
MU,2026-02-26,quarterly,2026-03-19,True,23860000000.0,6105000000.0,17755000000.0,1250000000.0,6387000000.0,12.25,12.07,13785000000.0,11903000000.0,-5525000000.0,-2167000000.0,4202000000.0,8267000000.0,9557000000.0,585000000.0,72459000000.0,0.7441324392288349,10142000000.0,0.13996880994769456
MU,2026-05-28,quarterly,2026-06-25,True,41456000000.0,6400000000.0,35056000000.0,1316000000.0,7826000000.0,25.03,24.67,28243000000.0,25388000000.0,-9569000000.0,-4734000000.0,11088000000.0,8567000000.0,5140000000.0,582000000.0,100724000000.0,0.8456194519490544,5722000000.0,0.05680870497597395
MU,2015-09-03,annual,2015-10-27,False,16192000000.0,10977000000.0,5215000000.0,1540000000.0,4021000000.0,2.71,2.47,2899000000.0,5208000000.0,-6232000000.0,-718000000.0,-1863000000.0,2340000000.0,6252000000.0,1089000000.0,12302000000.0,0.32207262845849804,7341000000.0,0.5967322386603804
MU,2016-09-01,annual,2016-10-28,False,12399000000.0,9894000000.0,2505000000.0,1617000000.0,5817000000.0,-0.27,-0.27,-276000000.0,3168000000.0,-3068000000.0,1745000000.0,1853000000.0,2889000000.0,9154000000.0,756000000.0,12080000000.0,0.20203242196951368,9910000000.0,0.820364238410596
MU,2017-08-31,annual,2017-10-26,False,20322000000.0,11886000000.0,8436000000.0,1824000000.0,4734000000.0,4.67,4.41,5089000000.0,8153000000.0,-7537000000.0,349000000.0,953000000.0,3123000000.0,9872000000.0,1262000000.0,18621000000.0,0.41511662237968705,11134000000.0,0.5979270715858439
MU,2018-08-30,annual,2018-10-15,False,30391000000.0,12500000000.0,17891000000.0,2141000000.0,8879000000.0,12.27,11.51,14135000000.0,17400000000.0,-8216000000.0,-7776000000.0,1371000000.0,3595000000.0,3777000000.0,859000000.0,32294000000.0,0.588694021256293,4636000000.0,0.14355607852851923
MU,2019-08-29,annual,2019-10-17,False,23406000000.0,12704000000.0,10702000000.0,2441000000.0,9780000000.0,5.67,5.51,6313000000.0,13189000000.0,-10085000000.0,-2438000000.0,692000000.0,5118000000.0,4541000000.0,1310000000.0,35881000000.0,0.45723318807143465,5851000000.0,0.16306680415818958
MU,2020-09-03,annual,2020-10-19,False,21435000000.0,14883000000.0,6552000000.0,2600000000.0,8223000000.0,2.42,2.37,2687000000.0,8306000000.0,-7589000000.0,-317000000.0,411000000.0,5607000000.0,6373000000.0,270000000.0,38996000000.0,0.30566829951014696,6643000000.0,0.17035080521079085
MU,2021-09-02,annual,2021-10-08,False,27705000000.0,17282000000.0,10423000000.0,2663000000.0,10030000000.0,5.23,5.14,5861000000.0,12468000000.0,-10589000000.0,-1781000000.0,139000000.0,4487000000.0,6621000000.0,155000000.0,43933000000.0,0.3762136798411839,6776000000.0,0.15423485762410943
MU,2022-09-01,annual,2022-10-07,False,30758000000.0,16860000000.0,13898000000.0,3116000000.0,12067000000.0,7.81,7.75,8687000000.0,15181000000.0,-11585000000.0,-2980000000.0,510000000.0,6663000000.0,6803000000.0,103000000.0,49907000000.0,0.4518499252227063,6906000000.0,0.13837738193039054
MU,2023-08-31,annual,2023-10-06,False,15540000000.0,16956000000.0,-1416000000.0,3114000000.0,7676000000.0,-5.34,-5.34,-5833000000.0,1559000000.0,-6191000000.0,4983000000.0,317000000.0,8387000000.0,13052000000.0,278000000.0,44120000000.0,-0.09111969111969112,13330000000.0,0.30213055303717135
MU,2024-08-29,annual,2024-10-04,False,25111000000.0,19498000000.0,5613000000.0,3430000000.0,8386000000.0,0.7,0.7,778000000.0,8507000000.0,-8309000000.0,-1842000000.0,-1604000000.0,8875000000.0,12966000000.0,431000000.0,45131000000.0,0.22352753773246783,13397000000.0,0.2968469566373446
MU,2025-08-28,annual,2025-10-03,False,37378000000.0,22505000000.0,14873000000.0,3798000000.0,15857000000.0,7.65,7.59,8539000000.0,17525000000.0,-14087000000.0,-850000000.0,2594000000.0,8355000000.0,14017000000.0,560000000.0,54165000000.0,0.39790786023864305,14577000000.0,0.26912212683467185
MRVL,2015-01-31,quarterly,2015-03-26,False,857452000.0,,440321000.0,,,0.16,0.16,81693000.0,,,,,308162000.0,,,5146089000.0,0.5135226228406955,0.0,0.0
MRVL,2015-05-02,quarterly,2016-07-21,False,724288000.0,351153000.0,373135000.0,280114000.0,7334000.0,0.03,0.03,14090000.0,58868000.0,-166585000.0,-64529000.0,-172246000.0,339859000.0,,,5131272000.0,0.5151749028010957,0.0,0.0
MRVL,2015-08-01,quarterly,2016-07-21,True,710492000.0,461719000.0,248773000.0,285641000.0,16986000.0,-1.49,-1.49,-771940000.0,26584000.0,29981000.0,-167766000.0,-111201000.0,327103000.0,,,4213997000.0,0.3501418735186322,0.0,0.0
MRVL,2015-10-31,quarterly,2016-07-21,True,674890000.0,379254000.0,295636000.0,252502000.0,9041000.0,-0.11,-0.11,-57750000.0,66594000.0,-200000.0,-96871000.0,-30477000.0,279359000.0,,,4111483000.0,0.4380506452903436,0.0,0.0
MRVL,2016-01-30,quarterly,2016-07-21,True,616158000.0,302610000.0,313548000.0,236000000.0,3894000.0,0.01,0.01,4200000.0,53306000.0,338494000.0,-10673000.0,381127000.0,210017000.0,,,4140123000.0,0.508875970124546,0.0,0.0
MRVL,2016-04-30,quarterly,2017-06-05,False,540822000.0,259210000.0,275029000.0,240458000.0,6542000.0,-0.04,-0.04,-22679000.0,-609601000.0,162353000.0,-50710000.0,-497958000.0,196739000.0,,,4099818000.0,0.5085388538188166,0.0,0.0
MRVL,2016-07-30,quarterly,2017-08-31,True,626404000.0,287608000.0,326919000.0,228891000.0,17835000.0,0.1,0.1,51305000.0,10859000.0,-36933000.0,-35396000.0,-61470000.0,202717000.0,,,4159088000.0,0.5218980083141231,0.0,0.0
MRVL,2016-10-29,quarterly,2017-12-04,True,654422000.0,286063000.0,356894000.0,222463000.0,13347000.0,0.14,0.14,72616000.0,121461000.0,-8082000.0,-80543000.0,32836000.0,198843000.0,,,4180494000.0,0.5453575827218523,0.0,0.0
MRVL,2017-01-28,quarterly,2018-03-29,True,496026000.0,196646000.0,325915000.0,139586000.0,6786000.0,-0.16,-0.16,-80091000.0,118846000.0,44257000.0,-100599000.0,62504000.0,171969000.0,,,4027651000.0,0.6570522512932789,0.0,0.0
MRVL,2017-04-29,quarterly,2017-06-05,False,579180000.0,230549000.0,348631000.0,193027000.0,10026000.0,0.21,0.21,106621000.0,135146000.0,-18307000.0,-204969000.0,-88130000.0,178145000.0,,,3961846000.0,0.6019389481680997,0.0,0.0
MRVL,2017-07-29,quarterly,2017-08-31,True,604750000.0,239572000.0,365178000.0,180871000.0,4020000.0,0.33,0.32,165259000.0,101252000.0,-12739000.0,-183974000.0,-95461000.0,175355000.0,,,3974097000.0,0.6038495245969409,0.0,0.0
MRVL,2017-10-28,quarterly,2017-12-04,True,616302000.0,238533000.0,377769000.0,165477000.0,11110000.0,0.41,0.4,200188000.0,214973000.0,94019000.0,-139394000.0,169598000.0,173741000.0,,,4060949000.0,0.6129608536074846,0.0,0.0
MRVL,2018-02-03,quarterly,2018-09-12,True,615409000.0,241927000.0,373482000.0,180000000.0,13395000.0,0.1100000000000001,0.09999999999999998,48763000.0,119742000.0,-23452000.0,-7907000.0,88383000.0,170039000.0,0.0,,4141413000.0,0.6068842022134873,0.0,0.0
MRVL,2018-05-05,quarterly,2018-06-05,False,604631000.0,228938000.0,375693000.0,176734000.0,13588000.0,0.26,0.25,128612000.0,128774000.0,216699000.0,-66697000.0,278776000.0,169556000.0,,,4285511000.0,0.6213591430144998,0.0,0.0
MRVL,2018-08-04,quarterly,2018-09-12,True,665310000.0,288200000.0,377110000.0,216285000.0,20801000.0,0.01,0.01,6759000.0,61935000.0,-1983418000.0,1252884000.0,-668599000.0,473429000.0,1878617000.0,0.0,7665066000.0,0.5668184755978416,1878617000.0,0.24508817014752385
MRVL,2018-11-03,quarterly,2018-12-10,True,851051000.0,467464000.0,383587000.0,264888000.0,12646000.0,-0.08,-0.08,-53767000.0,299394000.0,-1571000.0,-186221000.0,111602000.0,376210000.0,1805734000.0,0.0,7575279000.0,0.4507215196269084,1805734000.0,0.23837194643260004
MRVL,2019-02-02,quarterly,2019-03-28,True,744799000.0,422797000.0,322002000.0,256102000.0,28886000.0,-0.44,-0.44,-260698000.0,106641000.0,15737000.0,-150229000.0,-27851000.0,276005000.0,1732699000.0,0.0,7306410000.0,0.4323340928223588,1732699000.0,0.23714779214415835
MRVL,2019-05-04,quarterly,2019-06-06,False,662452000.0,301024000.0,361428000.0,266867000.0,19183000.0,-0.07,-0.07,-48450000.0,165816000.0,-21009000.0,-155324000.0,-10517000.0,260981000.0,1684281000.0,0.0,7230132000.0,0.5455912277417836,1684281000.0,0.23295300832681892
MRVL,2019-08-03,quarterly,2019-09-04,True,656568000.0,305866000.0,350702000.0,266354000.0,23010000.0,-0.09,-0.09,-57331000.0,73140000.0,-23095000.0,-48442000.0,1603000.0,240421000.0,1685359000.0,0.0,7203812000.0,0.53414421659295,1685359000.0,0.23395377336332487
MRVL,2019-11-02,quarterly,2019-12-04,True,662470000.0,322403000.0,340067000.0,267781000.0,20742000.0,-0.12,-0.12,-82501000.0,65503000.0,-481307000.0,280677000.0,-135127000.0,308299000.0,2036441000.0,0.0,7165818000.0,0.513331924464504,2036441000.0,0.28418821131097666
MRVL,2020-02-01,quarterly,2020-03-23,True,717671000.0,412927000.0,304744000.0,279389000.0,18986000.0,2.66,2.62,1772673000.0,55838000.0,1084257000.0,-930860000.0,209235000.0,322980000.0,1439024000.0,0.0,8678580000.0,0.42462911278287685,1439024000.0,0.16581330125435267
MRVL,2020-05-02,quarterly,2020-05-29,False,693641000.0,366739000.0,326902000.0,279584000.0,35343000.0,-0.17,-0.17,-113033000.0,175628000.0,-38362000.0,-117322000.0,19944000.0,270374000.0,1439852000.0,0.0,8535622000.0,0.4712841368950221,1439852000.0,0.1686874137584818
MRVL,2020-08-01,quarterly,2020-08-28,True,727297000.0,368041000.0,359256000.0,277139000.0,17540000.0,-0.24,-0.24,-157893000.0,225830000.0,-20586000.0,-41258000.0,163986000.0,262875000.0,992436000.0,448248000.0,8417537000.0,0.49396051406784297,1440684000.0,0.17115267803396647
MRVL,2020-10-31,quarterly,2020-12-04,True,750143000.0,369083000.0,381060000.0,255637000.0,35359000.0,-0.03,-0.03,-22908000.0,257534000.0,-37547000.0,-219480000.0,507000.0,268396000.0,992801000.0,349004000.0,8389617000.0,0.5079831445471064,1341805000.0,0.1599363832699395
MRVL,2021-01-30,quarterly,2021-03-16,True,797819000.0,376687000.0,421132000.0,260380000.0,18556000.0,0.030000000000000027,0.030000000000000027,16536000.0,158295000.0,-23149000.0,-218720000.0,-83574000.0,268228000.0,993170000.0,199641000.0,8435804000.0,0.5278540621369007,1192811000.0,0.14139861476155682
MRVL,2021-05-01,quarterly,2021-06-09,False,832279000.0,414138000.0,418141000.0,286100000.0,21444000.0,-0.13,-0.13,-88242000.0,-13727000.0,-3624605000.0,3412377000.0,-225955000.0,538117000.0,4674853000.0,30308000.0,14855370000.0,0.5024048426068662,4705161000.0,0.3167313234204197
MRVL,2021-07-31,quarterly,2021-08-27,True,1075881000.0,704051000.0,371830000.0,367043000.0,32235000.0,-0.34,-0.34,-276428000.0,222107000.0,-38283000.0,-146719000.0,37105000.0,459532000.0,4662844000.0,41390000.0,14741197000.0,0.3456051366275638,4704234000.0,0.31912157472693703
MRVL,2021-10-30,quarterly,2021-12-03,True,1211245000.0,623425000.0,587820000.0,371894000.0,76804000.0,-0.08,-0.08,-62532000.0,264665000.0,-19152000.0,-281628000.0,-36115000.0,628600000.0,4504321000.0,52205000.0,15686344000.0,0.4853023129094444,4556526000.0,0.29047724568580163
MRVL,2022-01-29,quarterly,2022-03-10,True,1342978000.0,656544000.0,686434000.0,399269000.0,38841000.0,0.020000000000000018,0.020000000000000018,6168000.0,346323000.0,-63090000.0,-193202000.0,90031000.0,720331000.0,4484811000.0,63166000.0,15702097000.0,0.5111282537763091,4547977000.0,0.28964137719949123
MRVL,2022-04-30,quarterly,2022-05-27,False,1446900000.0,696000000.0,750900000.0,444100000.0,36900000.0,-0.2,-0.2,-165700000.0,194800000.0,-82400000.0,-260900000.0,-148500000.0,835500000.0,4465300000.0,74100000.0,15465000000.0,0.5189715944432925,4539400000.0,0.29352731975428387
MRVL,2022-07-30,quarterly,2022-08-26,True,1516900000.0,730900000.0,786000000.0,449000000.0,72600000.0,0.01,0.01,4300000.0,331500000.0,-129900000.0,-49500000.0,152100000.0,913100000.0,3947400000.0,653500000.0,15530200000.0,0.5181620410046806,4600900000.0,0.29625503857001195
MRVL,2022-10-29,quarterly,2022-12-02,True,1537300000.0,760000000.0,777300000.0,448100000.0,42700000.0,0.02,0.02,13300000.0,411000000.0,-51900000.0,-252800000.0,106300000.0,957500000.0,3927600000.0,584000000.0,15559000000.0,0.5056267481948872,4511600000.0,0.289967221543801
MRVL,2023-01-28,quarterly,2023-03-09,True,1418500000.0,745200000.0,673300000.0,443100000.0,54000000.0,-0.01999999999999999,-0.01999999999999999,-15400000.0,351500000.0,-64200000.0,-99700000.0,187600000.0,1068300000.0,3907700000.0,584400000.0,15637200000.0,0.474656327106098,4492100000.0,0.2872700995063055
MRVL,2023-04-29,quarterly,2023-05-26,False,1321700000.0,764500000.0,557200000.0,480700000.0,99800000.0,-0.2,-0.2,-168900000.0,208400000.0,-102700000.0,11600000.0,117300000.0,1026000000.0,3154900000.0,1517600000.0,15493900000.0,0.42157827040932133,4672500000.0,0.30157029540657937
MRVL,2023-07-29,quarterly,2023-08-25,True,1340900000.0,819800000.0,521100000.0,474800000.0,111100000.0,-0.24,-0.24,-207500000.0,112500000.0,-117000000.0,-600400000.0,-604900000.0,1015800000.0,3134500000.0,1018600000.0,15389500000.0,0.3886195838615855,4153100000.0,0.26986581760291106
MRVL,2023-10-28,quarterly,2023-12-01,True,1418600000.0,867400000.0,551200000.0,481100000.0,54400000.0,-0.19,-0.19,-164300000.0,503000000.0,-54600000.0,-146200000.0,302200000.0,941500000.0,4089600000.0,96300000.0,15233400000.0,0.3885520936134217,4185900000.0,0.27478435542951674
MRVL,2024-02-03,quarterly,2024-03-13,True,1426500000.0,762400000.0,664100000.0,459600000.0,71000000.0,-0.45000000000000007,-0.45000000000000007,-392700000.0,546600000.0,-76200000.0,-245200000.0,225200000.0,864400000.0,4058600000.0,107300000.0,14831400000.0,0.46554504030844723,4165900000.0,0.2808838005852448
MRVL,2024-05-04,quarterly,2024-05-31,False,1160900000.0,633100000.0,527800000.0,476100000.0,91500000.0,-0.25,-0.25,-215600000.0,324500000.0,-101900000.0,-325700000.0,-103100000.0,826400000.0,4027600000.0,118300000.0,14478700000.0,0.45464725643896975,4145900000.0,0.28634476852203583
MRVL,2024-08-03,quarterly,2024-08-30,True,1272900000.0,685300000.0,587600000.0,486700000.0,48200000.0,-0.22,-0.22,-193300000.0,306400000.0,-53000000.0,-292400000.0,-39000000.0,817800000.0,3996500000.0,129300000.0,14204900000.0,0.4616230654411187,4125800000.0,0.29044907039120305
MRVL,2024-11-02,quarterly,2024-12-04,True,1516100000.0,1166700000.0,349400000.0,488600000.0,75000000.0,-0.78,-0.78,-676300000.0,536300000.0,-75500000.0,-401400000.0,59400000.0,859400000.0,3965500000.0,129400000.0,13372900000.0,0.23045973220763802,4094900000.0,0.30620882531088994
MRVL,2025-02-01,quarterly,2025-03-12,True,1817400000.0,900000000.0,917400000.0,499000000.0,69900000.0,0.22999999999999998,0.22999999999999998,200200000.0,514000000.0,-70300000.0,-363500000.0,80200000.0,1029700000.0,3934300000.0,129500000.0,13427000000.0,0.5047870584351271,4063800000.0,0.3026588217770165
MRVL,2025-05-03,quarterly,2025-05-30,False,1895300000.0,942900000.0,952400000.0,507700000.0,118800000.0,0.21,0.2,177900000.0,332900000.0,-94100000.0,-301200000.0,-62400000.0,1071400000.0,2977400000.0,1255200000.0,13312700000.0,0.502506199546246,4232600000.0,0.31793700751913584
MRVL,2025-08-02,quarterly,2025-08-29,True,2006100000.0,995500000.0,1010600000.0,519000000.0,47500000.0,0.23,0.22,194800000.0,461600000.0,-77200000.0,-45900000.0,338500000.0,1051600000.0,3967900000.0,499300000.0,13421700000.0,0.5037635212601566,4467200000.0,0.33283414172571285
MRVL,2025-11-01,quarterly,2025-12-03,True,2074500000.0,1004700000.0,1069800000.0,512500000.0,73500000.0,2.22,2.2,1901300000.0,582300000.0,2391200000.0,-1483400000.0,1490100000.0,1014500000.0,3969400000.0,499500000.0,14056600000.0,0.5156905278380333,4468900000.0,0.3179218303145853
MRVL,2026-01-31,quarterly,2026-03-11,True,2218700000.0,1070800000.0,1147900000.0,536000000.0,114300000.0,0.45999999999999996,0.45999999999999996,396100000.0,373700000.0,-122100000.0,-327300000.0,-75700000.0,1388000000.0,3970800000.0,499800000.0,14308400000.0,0.5173750394375084,4470600000.0,0.31244583601241227
MRVL,2026-05-02,quarterly,2026-05-28,False,2417800000.0,1157000000.0,1260800000.0,652300000.0,155700000.0,0.04,0.04,34500000.0,638800000.0,-1421400000.0,1987400000.0,1204800000.0,1400900000.0,4961300000.0,0.0,18215800000.0,0.5214657953511457,4961300000.0,0.27236245457240416
MRVL,2015-01-31,annual,2015-03-26,False,3706963000.0,1843706000.0,1863257000.0,1164059000.0,63030000.0,0.85,0.84,435346000.0,728936000.0,-368944000.0,-114765000.0,245227000.0,308162000.0,,,5146089000.0,0.5026370643569952,0.0,0.0
MRVL,2016-01-30,annual,2018-03-29,False,2725828000.0,1494736000.0,1196376000.0,1054257000.0,37255000.0,-1.59,-1.59,-811400000.0,205352000.0,201690000.0,-339839000.0,67203000.0,210017000.0,,,4140123000.0,0.43890370192103095,0.0,0.0
MRVL,2017-01-28,annual,2018-03-29,False,2317674000.0,1029527000.0,1283428000.0,831398000.0,44510000.0,0.04,0.04,21151000.0,-358435000.0,161595000.0,-267248000.0,-464088000.0,171969000.0,,,4027651000.0,0.55375691318106,0.0,0.0
MRVL,2018-02-03,annual,2018-09-12,False,2409170000.0,947230000.0,1461940000.0,714444000.0,38551000.0,1.05,1.02,520831000.0,571113000.0,39521000.0,-536244000.0,74390000.0,170039000.0,0.0,,4141413000.0,0.6068230967511633,0.0,0.0
MRVL,2019-02-02,annual,2019-03-28,False,2865791000.0,1407399000.0,1458392000.0,914009000.0,75921000.0,-0.3,-0.3,-179094000.0,596744000.0,-1752553000.0,849737000.0,-306072000.0,276005000.0,1732699000.0,0.0,7306410000.0,0.5088968455829472,1732699000.0,0.23714779214415835
MRVL,2020-02-01,annual,2020-03-23,False,2699161000.0,1342220000.0,1356941000.0,1080391000.0,81921000.0,2.38,2.34,1584391000.0,360297000.0,558846000.0,-853949000.0,65194000.0,322980000.0,1439024000.0,0.0,8678580000.0,0.5027269584882117,1439024000.0,0.16581330125435267
MRVL,2021-01-30,annual,2021-03-16,False,2968900000.0,1480550000.0,1488350000.0,1072740000.0,106798000.0,-0.41,-0.41,-277298000.0,817287000.0,-119644000.0,-596780000.0,100863000.0,268228000.0,993170000.0,199641000.0,8435804000.0,0.5013136178382566,1192811000.0,0.14139861476155682
MRVL,2022-01-29,annual,2022-03-10,False,4462383000.0,2398158000.0,2064225000.0,1424306000.0,169324000.0,-0.53,-0.53,-421034000.0,819368000.0,-3745130000.0,2790828000.0,-134934000.0,720331000.0,4484811000.0,63166000.0,15702097000.0,0.46258355681258195,4547977000.0,0.28964137719949123
MRVL,2023-01-28,annual,2023-03-09,False,5919600000.0,2932100000.0,2987500000.0,1784300000.0,206200000.0,-0.19,-0.19,-163500000.0,1288800000.0,-328400000.0,-662900000.0,297500000.0,1068300000.0,3907700000.0,584400000.0,15637200000.0,0.5046793702277181,4492100000.0,0.2872700995063055
MRVL,2024-02-03,annual,2024-03-13,False,5507700000.0,3214100000.0,2293600000.0,1896200000.0,336300000.0,-1.08,-1.08,-933400000.0,1370500000.0,-350500000.0,-980200000.0,39800000.0,864400000.0,4058600000.0,107300000.0,14831400000.0,0.4164351725765746,4165900000.0,0.2808838005852448
MRVL,2025-02-01,annual,2025-03-12,False,5767300000.0,3385100000.0,2382200000.0,1950400000.0,284600000.0,-1.02,-1.02,-885000000.0,1681200000.0,-300700000.0,-1383000000.0,-2500000.0,1029700000.0,3934300000.0,129500000.0,13427000000.0,0.4130529017044371,4063800000.0,0.3026588217770165
MRVL,2026-01-31,annual,2026-03-11,False,8194600000.0,4013900000.0,4180700000.0,2075200000.0,354100000.0,3.1,3.07,2670100000.0,1750500000.0,2097800000.0,-2157800000.0,1690500000.0,1388000000.0,3970800000.0,499800000.0,14308400000.0,0.5101774339198984,4470600000.0,0.31244583601241227
ADI,2015-01-31,quarterly,2015-02-17,False,771986000.0,268379000.0,503607000.0,151706000.0,23760000.0,0.57,0.57,178757000.0,168653000.0,46271000.0,-131280000.0,80969000.0,367238000.0,,,4806210000.0,0.6523525038018824,0.0,0.0
ADI,2015-05-02,quarterly,2015-05-19,True,821019000.0,276197000.0,544822000.0,154233000.0,49229000.0,0.66,0.65,205338000.0,344031000.0,-268561000.0,-89488000.0,-13986000.0,394494000.0,,374664000.0,4964208000.0,0.6635924381774356,374664000.0,0.07547306639850708
ADI,2015-08-01,quarterly,2015-08-18,True,863365000.0,294328000.0,569037000.0,160784000.0,35164000.0,0.69,0.68,216478000.0,197139000.0,-147419000.0,-127930000.0,-78719000.0,424475000.0,,374752000.0,5065161000.0,0.6590920410255222,374752000.0,0.07398619708238297
ADI,2015-10-31,quarterly,2016-02-17,True,978722000.0,336926000.0,641796000.0,170736000.0,45807000.0,0.31,0.3,96305000.0,197975000.0,352584000.0,-222905000.0,326856000.0,412314000.0,,374594000.0,5072959000.0,0.6557490278138225,374594000.0,0.07384132219479794
ADI,2016-01-30,quarterly,2016-02-17,False,769429000.0,292136000.0,477293000.0,157428000.0,23128000.0,0.53,0.52,164504000.0,219705000.0,-204365000.0,571781000.0,586089000.0,404852000.0,,0.0,4994862000.0,0.6203210432671501,0.0,0.0
ADI,2016-04-30,quarterly,2016-05-18,True,778766000.0,267863000.0,510903000.0,160235000.0,25517000.0,0.55,0.55,170573000.0,320203000.0,-345212000.0,-326669000.0,-350780000.0,399459000.0,,0.0,4873701000.0,0.6560417378262533,0.0,0.0
ADI,2016-07-30,quarterly,2016-08-17,True,869591000.0,297301000.0,572290000.0,163227000.0,37528000.0,0.75,0.74,230430000.0,254003000.0,-111764000.0,-156662000.0,-15992000.0,392303000.0,,0.0,4983333000.0,0.6581139869202878,0.0,0.0
ADI,2016-10-29,quarterly,2017-05-31,True,1003623000.0,336936000.0,666687000.0,172926000.0,41224000.0,0.96,0.95,296157000.0,486984000.0,-556929000.0,-111367000.0,-182538000.0,376555000.0,,0.0,5165618000.0,0.6642803124280731,0.0,0.0
ADI,2017-01-28,quarterly,2017-02-15,False,984449000.0,335945000.0,648504000.0,183954000.0,28337000.0,0.7,0.69,217129000.0,314492000.0,1769754000.0,1982551000.0,4066131000.0,365586000.0,,,5306431000.0,0.6587481931517021,0.0,0.0
ADI,2017-04-29,quarterly,2017-05-31,True,1147982000.0,507539000.0,640443000.0,235232000.0,46929000.0,0.27,0.27,93564000.0,521464000.0,-8800803000.0,8989125000.0,710480000.0,647858000.0,,4321169000.0,9966595000.0,0.5578859250406365,4321169000.0,0.43356522463288616
ADI,2017-07-29,quarterly,2017-08-30,True,1433902000.0,667278000.0,766624000.0,275670000.0,63617000.0,0.18,0.18,68916000.0,-364283000.0,426071000.0,-4852958000.0,-4789174000.0,519695000.0,,,9922900000.0,0.5346418374477475,0.0,0.0
ADI,2017-10-28,quarterly,2018-02-28,True,1541170000.0,535145000.0,1006025000.0,273746000.0,65215000.0,0.94,0.93,347650000.0,640919000.0,-13036000.0,-490140000.0,139269000.0,550816000.0,,300000000.0,10161540000.0,0.6527670536021335,300000000.0,0.029523084099457364
ADI,2018-02-03,quarterly,2018-02-28,False,1518624000.0,483434000.0,1035190000.0,288597000.0,63222000.0,0.72,0.71,268172000.0,388688000.0,-64500000.0,-548026000.0,-220288000.0,559720000.0,,50000000.0,10347779000.0,0.681663137155741,50000000.0,0.004831954760533637
ADI,2018-05-05,quarterly,2018-05-30,True,1513053000.0,479241000.0,1033812000.0,289472000.0,53900000.0,1.02,1.01,379831000.0,718494000.0,-105990000.0,-630145000.0,-21033000.0,551220000.0,,56000000.0,10585355000.0,0.6832622518841045,56000000.0,0.005290328005059821
ADI,2018-08-04,quarterly,2018-08-22,True,1572679000.0,502033000.0,1070646000.0,291642000.0,51750000.0,1.11,1.1,414464000.0,620738000.0,-54489000.0,-599125000.0,-33942000.0,563645000.0,,22500000.0,10856217000.0,0.6807784678246482,22500000.0,0.0020725451600681895
ADI,2018-11-03,quarterly,2018-11-27,True,1596586000.0,502932000.0,1093654000.0,295699000.0,86004000.0,1.16,1.15,432965000.0,714441000.0,-89019000.0,-580746000.0,44016000.0,586760000.0,,67000000.0,10988540000.0,0.6849953588469396,67000000.0,0.0060972613286205445
ADI,2019-02-02,quarterly,2019-02-20,False,1541101000.0,501445000.0,1039656000.0,287382000.0,90993000.0,0.96,0.95,355006000.0,371767000.0,-96215000.0,-486149000.0,-210727000.0,593211000.0,,0.0,11585437000.0,0.6746189899299267,0.0,0.0
ADI,2019-05-04,quarterly,2019-05-22,True,1526602000.0,492510000.0,1034092000.0,285846000.0,75209000.0,0.99,0.98,367937000.0,670882000.0,-74572000.0,-488920000.0,107737000.0,608085000.0,,374165000.0,11742258000.0,0.677381531008082,374165000.0,0.03186482531724307
ADI,2019-08-03,quarterly,2019-08-21,True,1480143000.0,482332000.0,997811000.0,280102000.0,58095000.0,0.98,0.97,362374000.0,552547000.0,-58642000.0,-594615000.0,-101437000.0,638305000.0,,411434000.0,11790237000.0,0.6741314859442635,411434000.0,0.03489616027226594
ADI,2019-11-02,quarterly,2020-02-19,True,1443219000.0,501028000.0,942191000.0,277018000.0,51075000.0,0.75,0.74,277694000.0,657904000.0,-63757000.0,-557110000.0,36158000.0,609886000.0,,299667000.0,11709188000.0,0.6528399362813266,299667000.0,0.025592466360605023
ADI,2020-02-01,quarterly,2020-02-19,False,1303565000.0,455423000.0,848142000.0,257073000.0,54839000.0,0.55,0.55,203874000.0,349648000.0,-54732000.0,-289572000.0,6086000.0,588503000.0,,748460000.0,11689517000.0,0.6506326880516123,748460000.0,0.06402830844080214
ADI,2020-05-02,quarterly,2020-05-20,True,1317060000.0,470386000.0,846674000.0,252413000.0,60161000.0,0.73,0.72,267696000.0,429041000.0,-61552000.0,-235710000.0,130529000.0,590268000.0,,448945000.0,11590858000.0,0.6428515025891,448945000.0,0.03873268053150164
ADI,2020-08-01,quarterly,2020-08-19,True,1456136000.0,483558000.0,972578000.0,260794000.0,20804000.0,0.98,0.97,362665000.0,557200000.0,-33497000.0,-219160000.0,305327000.0,612646000.0,,449324000.0,11777560000.0,0.6679170077520231,449324000.0,0.038150856374325415
ADI,2020-10-31,quarterly,2022-11-22,True,1526295000.0,503211000.0,1023084000.0,280239000.0,29888000.0,1.0500000000000003,1.0399999999999996,386526000.0,672598000.0,-30742000.0,-676166000.0,-34404000.0,608260000.0,,0.0,11997945000.0,0.6703055438168899,0.0,0.0
ADI,2021-01-30,quarterly,2021-02-17,False,1558458000.0,513087000.0,1045371000.0,288150000.0,67388000.0,1.05,1.04,388519000.0,427941000.0,-75071000.0,-363823000.0,-7797000.0,618640000.0,,399220000.0,12087746000.0,0.6707726483485599,399220000.0,0.03302683560690306
ADI,2021-05-01,quarterly,2021-05-19,True,1661407000.0,524770000.0,1136637000.0,302238000.0,59170000.0,1.15,1.14,422905000.0,736362000.0,-60697000.0,-419585000.0,257153000.0,641202000.0,,1324451000.0,12167104000.0,0.6841412128394788,1324451000.0,0.10885507348338602
ADI,2021-07-31,quarterly,2021-08-18,True,1758853000.0,537669000.0,1221184000.0,306617000.0,86341000.0,1.37,1.35,503311000.0,630042000.0,-47512000.0,-406558000.0,175485000.0,657520000.0,,1324677000.0,12263963000.0,0.6943070285009606,1324677000.0,0.10801377988501759
ADI,2021-10-30,quarterly,2022-11-22,True,2339568000.0,1217748000.0,1121820000.0,399121000.0,130777000.0,-0.06000000000000005,-0.06999999999999984,75687000.0,940724000.0,2326805000.0,-2769698000.0,497263000.0,1200610000.0,6776865000.0,516663000.0,37992542000.0,0.47949877926181245,7293528000.0,0.19197262452193906
ADI,2022-01-29,quarterly,2022-02-16,False,2684293000.0,1282296000.0,1401997000.0,426780000.0,111133000.0,0.53,0.53,280077000.0,856413000.0,-103309000.0,-937268000.0,-187565000.0,972571000.0,6276865000.0,0.0,37427312000.0,0.5222965600253028,6276865000.0,0.16770814318698601
ADI,2022-04-30,quarterly,2022-05-18,True,2972064000.0,1027544000.0,1944520000.0,420901000.0,118779000.0,1.5,1.49,783273000.0,1221807000.0,-113593000.0,-1148186000.0,-52666000.0,1075297000.0,6276865000.0,0.0,37099782000.0,0.6542658569936582,6276865000.0,0.16918873000385826
ADI,2022-07-30,quarterly,2022-08-17,True,3109880000.0,1066738000.0,2043142000.0,431829000.0,164884000.0,1.45,1.44,748985000.0,1247846000.0,-134133000.0,-1318406000.0,-212773000.0,1203394000.0,6276865000.0,0.0,36638591000.0,0.6569841923161023,6276865000.0,0.17131840577602997
ADI,2022-10-29,quarterly,2023-02-15,True,3247716000.0,1104901000.0,2142815000.0,421008000.0,304512000.0,1.8199999999999998,1.7999999999999998,936226000.0,1149336000.0,-306333000.0,-886860000.0,-54388000.0,1399914000.0,6576865000.0,0.0,36465323000.0,0.6597913733836333,6576865000.0,0.18035943353634903
ADI,2023-01-28,quarterly,2023-02-15,False,3249630000.0,1125289000.0,2124341000.0,414095000.0,176158000.0,1.9,1.88,961474000.0,1406305000.0,-176056000.0,-1030359000.0,199890000.0,1522942000.0,6576865000.0,,36531485000.0,0.6537178078735117,6576865000.0,0.18003278541783888
ADI,2023-04-29,quarterly,2023-05-24,True,3262930000.0,1118384000.0,2144546000.0,415754000.0,284338000.0,1.94,1.92,977656000.0,1081581000.0,-284521000.0,-1289913000.0,-492853000.0,1648136000.0,6517077000.0,,36013224000.0,0.6572454818215531,6517077000.0,0.18096344276202542
ADI,2023-07-29,quarterly,2023-08-23,True,3076495000.0,1114880000.0,1961615000.0,423751000.0,324574000.0,1.75,1.74,877019000.0,1142454000.0,-326747000.0,-844070000.0,-28363000.0,1709313000.0,6517077000.0,,35903746000.0,0.6376135829897335,6517077000.0,0.18151523799215827
ADI,2023-10-28,quarterly,2023-11-21,True,2716484000.0,1069768000.0,1646716000.0,406594000.0,476393000.0,1.0099999999999998,1.0,498430000.0,1187294000.0,-479061000.0,-899418000.0,-191185000.0,1642214000.0,5902457000.0,499052000.0,35565122000.0,0.6061938888651655,6401509000.0,0.17999401211107893
ADI,2024-02-03,quarterly,2024-02-21,False,2512704000.0,1038763000.0,1473941000.0,391427000.0,222978000.0,0.93,0.93,462727000.0,1138832000.0,-219101000.0,-574232000.0,345499000.0,1553221000.0,5946673000.0,499322000.0,35548073000.0,0.586595556022516,6445995000.0,0.18133177007935142
ADI,2024-05-04,quarterly,2024-05-22,True,2159039000.0,979004000.0,1180035000.0,354862000.0,188189000.0,0.61,0.61,302242000.0,807853000.0,-602077000.0,430359000.0,636135000.0,1479081000.0,6611681000.0,898776000.0,35248789000.0,0.5465556666646596,7510457000.0,0.2130699298634061
ADI,2024-08-03,quarterly,2024-08-21,True,2312209000.0,1000970000.0,1311239000.0,362671000.0,153886000.0,0.79,0.79,392232000.0,855027000.0,-172066000.0,-516624000.0,166337000.0,1427936000.0,6655723000.0,899251000.0,35190109000.0,0.5670936321067862,7554974000.0,0.21469026992783682
ADI,2024-11-02,quarterly,2024-11-26,True,2443205000.0,1027077000.0,1416128000.0,378903000.0,165410000.0,0.9699999999999998,0.96,478072000.0,1050817000.0,-111614000.0,-1053893000.0,-114690000.0,1447687000.0,6634313000.0,399636000.0,35176317000.0,0.5796189840803371,7033949000.0,0.19996263395056396
ADI,2025-02-01,quarterly,2025-02-19,False,2423174000.0,992871000.0,1430303000.0,402892000.0,148978000.0,0.79,0.78,391316000.0,1126809000.0,-194301000.0,-573856000.0,358652000.0,1474656000.0,6618556000.0,399855000.0,35070535000.0,0.5902601298957483,7018411000.0,0.20012272410443696
ADI,2025-05-03,quarterly,2025-05-22,True,2640068000.0,1028458000.0,1611610000.0,441837000.0,90268000.0,1.15,1.14,569770000.0,819478000.0,328193000.0,-1121430000.0,26241000.0,1524897000.0,6648417000.0,0.0,35010620000.0,0.6104426098115655,6648417000.0,0.18989715120726225
ADI,2025-08-02,quarterly,2025-08-20,True,2880348000.0,1090600000.0,1789748000.0,454251000.0,79153000.0,1.05,1.04,518518000.0,1165105000.0,-1230108000.0,9959000.0,-55044000.0,1596853000.0,8139938000.0,0.0,34085842000.0,0.6213651961499097,8139938000.0,0.23880700966694618
ADI,2025-11-01,quarterly,2025-11-25,True,3076117000.0,1134300000.0,1941817000.0,467021000.0,215153000.0,1.5999999999999996,1.5899999999999994,787738000.0,1700810000.0,-225305000.0,-1297290000.0,178215000.0,1656323000.0,8145066000.0,0.0,33815755000.0,0.6312558982639477,8145066000.0,0.24086601053266443
ADI,2026-01-31,quarterly,2026-02-18,False,3160263000.0,1115287000.0,2044976000.0,467400000.0,109313000.0,1.7,1.69,830826000.0,1368515000.0,-107029000.0,-855032000.0,406454000.0,1767104000.0,7240279000.0,898900000.0,33787259000.0,0.6470904478519668,8139179000.0,0.24089491840696517
ADI,2026-05-02,quarterly,2026-05-20,True,3623465000.0,1183667000.0,2439798000.0,509323000.0,137702000.0,2.41,2.4,1176350000.0,872041000.0,-51926000.0,-1289059000.0,-468944000.0,1848405000.0,7235424000.0,899227000.0,33742033000.0,0.6733328457705539,8134651000.0,0.24108360631382228
ADI,2015-10-31,annual,2016-02-17,False,3435092000.0,1175830000.0,2259262000.0,637459000.0,153960000.0,,,696878000.0,907798000.0,-17125000.0,-571603000.0,315120000.0,412314000.0,,374594000.0,5072959000.0,0.6577005797806871,374594000.0,0.07384132219479794
ADI,2016-10-29,annual,2017-05-31,False,3421409000.0,1194236000.0,2227173000.0,653816000.0,127397000.0,,,861664000.0,1280895000.0,-1218270000.0,-22917000.0,36779000.0,376555000.0,,0.0,5165618000.0,0.6509519908318473,0.0,0.0
ADI,2017-10-28,annual,2018-02-28,False,5107503000.0,2045907000.0,3061596000.0,968602000.0,204098000.0,,,727259000.0,1112592000.0,-6618014000.0,5628578000.0,126706000.0,550816000.0,,300000000.0,10161540000.0,0.5994310722871822,300000000.0,0.029523084099457364
ADI,2018-11-03,annual,2018-11-27,False,6200942000.0,1967640000.0,4233302000.0,1165410000.0,254876000.0,,,1495432000.0,2442361000.0,-313998000.0,-2358042000.0,-231247000.0,586760000.0,,67000000.0,10988540000.0,0.6826869207936471,67000000.0,0.0060972613286205445
ADI,2019-11-02,annual,2020-02-19,False,5991065000.0,1977315000.0,4013750000.0,1130348000.0,275372000.0,,,1363011000.0,2253100000.0,-293186000.0,-2126794000.0,-168269000.0,609886000.0,,299667000.0,11709188000.0,0.6699560094908,299667000.0,0.025592466360605023
ADI,2020-10-31,annual,2022-11-22,False,5603056000.0,1912578000.0,3690478000.0,1050519000.0,165692000.0,3.31,3.28,1220761000.0,2008487000.0,-180523000.0,-1420608000.0,407538000.0,608260000.0,,0.0,11997945000.0,0.6586544914061184,0.0,0.0
ADI,2021-10-30,annual,2022-11-22,False,7318286000.0,2793274000.0,4525012000.0,1296126000.0,343676000.0,3.5,3.46,1390422000.0,2735069000.0,2143525000.0,-3959664000.0,922104000.0,1200610000.0,6776865000.0,516663000.0,37992542000.0,0.6183158187586547,7293528000.0,0.19197262452193906
ADI,2022-10-29,annual,2023-02-15,False,12013953000.0,4481479000.0,7532474000.0,1700518000.0,699308000.0,5.29,5.25,2748561000.0,4475402000.0,-657368000.0,-4290720000.0,-507392000.0,1399914000.0,6576865000.0,0.0,36465323000.0,0.6269771489866824,6576865000.0,0.18035943353634903
ADI,2023-10-28,annual,2023-11-21,False,12305539000.0,4428321000.0,7877218000.0,1660194000.0,1261463000.0,6.6,6.55,3314579000.0,4817634000.0,-1266385000.0,-4063760000.0,-512511000.0,1642214000.0,5902457000.0,499052000.0,35565122000.0,0.640135958286752,6401509000.0,0.17999401211107893
ADI,2024-11-02,annual,2024-11-26,False,9427157000.0,4045814000.0,5381343000.0,1487863000.0,730463000.0,3.3,3.28,1635273000.0,3852529000.0,-1104858000.0,-1714390000.0,1033281000.0,1447687000.0,6634313000.0,399636000.0,35176317000.0,0.5708341337690674,7033949000.0,0.19996263395056396
ADI,2025-11-01,annual,2025-11-25,False,11019707000.0,4246229000.0,6773478000.0,1766001000.0,533552000.0,4.59,4.56,2267342000.0,4812202000.0,-1321521000.0,-2982617000.0,508064000.0,1656323000.0,8145066000.0,0.0,33815755000.0,0.614669518890112,8145066000.0,0.24086601053266443
MCHP,2015-03-31,quarterly,2015-05-27,False,543207000.0,,313632000.0,,,,0.225,99402000.0,,,,,279456000.0,,0.0,2044654000.0,0.5773710574421905,0.0,0.0
MCHP,2015-06-30,quarterly,2015-08-06,False,533952000.0,224935000.0,309017000.0,84680000.0,1766000.0,0.325,0.3,130667000.0,181528000.0,-187189000.0,-38607000.0,-44268000.0,303690000.0,,,2098882000.0,0.578735541771545,0.0,0.0
MCHP,2015-09-30,quarterly,2015-11-09,True,541391000.0,240441000.0,300950000.0,95256000.0,1215000.0,0.16,0.15,64899000.0,149886000.0,-540680000.0,366325000.0,-24469000.0,363760000.0,,,2129381000.0,0.5558829016367098,0.0,0.0
MCHP,2015-12-31,quarterly,2016-02-05,True,540344000.0,247626000.0,292718000.0,97022000.0,2980000.0,0.15,0.14,61211000.0,210477000.0,-53908000.0,-364196000.0,-207627000.0,319524000.0,,,2126344000.0,0.5417252713086478,0.0,0.0
MCHP,2016-03-31,quarterly,2017-05-30,True,557647000.0,254868000.0,302779000.0,95638000.0,1095000.0,0.16500000000000004,0.155,67355000.0,202592000.0,1582174000.0,-23466000.0,1761300000.0,306815000.0,2453405000.0,0.0,2150919000.0,0.5429581796369388,2453405000.0,1.1406310511925368
MCHP,2016-06-30,quarterly,2016-08-09,False,799411000.0,450921000.0,348490000.0,147883000.0,765000.0,-0.265,-0.265,-113363000.0,223967000.0,-2295729000.0,580015000.0,-1492225000.0,518431000.0,,,2532549000.0,0.43593345600698513,0.0,0.0
MCHP,2016-09-30,quarterly,2016-11-08,True,871364000.0,460743000.0,410621000.0,137795000.0,2467000.0,0.08,0.07,33919000.0,222123000.0,-20591000.0,-312174000.0,-110538000.0,424690000.0,,,2519512000.0,0.4712393442923967,0.0,0.0
MCHP,2016-12-31,quarterly,2017-02-08,True,834366000.0,369107000.0,465259000.0,132433000.0,6365000.0,0.25,0.23,107175000.0,290802000.0,-34176000.0,-82043000.0,173950000.0,419618000.0,,,2566898000.0,0.55761979754688,0.0,0.0
MCHP,2017-03-31,quarterly,2017-05-30,True,902666000.0,369840000.0,532826000.0,127182000.0,621000.0,0.315,0.285,136908000.0,322560000.0,-487477000.0,409663000.0,244746000.0,417202000.0,2900524000.0,49952000.0,-14378000.0,0.5902803473266967,2950476000.0,-205.2076783975518
MCHP,2017-06-30,quarterly,2017-08-04,False,972141000.0,387702000.0,584439000.0,130480000.0,1933000.0,0.37,0.35,170587000.0,344992000.0,-391272000.0,-89368000.0,-135648000.0,426843000.0,2983908000.0,11256000.0,3412554000.0,0.6011874820627872,2995164000.0,0.8776898475452696
MCHP,2017-09-30,quarterly,2017-11-07,True,1012139000.0,398045000.0,614094000.0,133621000.0,1905000.0,0.405,0.385,189156000.0,350131000.0,-200701000.0,-96059000.0,53371000.0,456939000.0,3011852000.0,5980000.0,3546124000.0,0.606728917668423,3017832000.0,0.8510226940738677
MCHP,2017-12-31,quarterly,2018-02-07,True,994205000.0,387146000.0,607059000.0,131555000.0,1546000.0,-0.535,-0.535,-251086000.0,364959000.0,-369588000.0,-149699000.0,-154328000.0,487065000.0,3039623000.0,0.0,3185075000.0,0.6105974120025548,3039623000.0,0.9543332574586155
MCHP,2018-03-31,quarterly,2018-05-18,True,1002300000.0,387207000.0,615100000.0,133644000.0,1716000.0,0.31500000000000006,0.29,146700000.0,359518000.0,-50139000.0,-80174000.0,229205000.0,476200000.0,1758400000.0,1309900000.0,3279800000.0,0.6136885164122519,3068300000.0,0.9355143606317459
MCHP,2018-04-01,quarterly,2018-08-09,False,,,,,,,,,,,,,471100000.0,,,,,,
MCHP,2018-06-30,quarterly,2018-08-09,False,1212500000.0,570500000.0,642000000.0,171900000.0,1600000.0,0.075,0.07,35700000.0,302400000.0,-6666500000.0,6098000000.0,-266100000.0,1104800000.0,10019800000.0,1329800000.0,5123800000.0,0.5294845360824743,11349600000.0,2.215074749209571
MCHP,2018-09-30,quarterly,2018-11-07,True,1432500000.0,743200000.0,689300000.0,221900000.0,7300000.0,0.205,0.19,96300000.0,487500000.0,-69500000.0,-593500000.0,-175500000.0,836700000.0,9551100000.0,1335000000.0,5170200000.0,0.48118673647469457,10886100000.0,2.1055471741905536
MCHP,2018-12-31,quarterly,2019-02-06,True,1374700000.0,595100000.0,779600000.0,217700000.0,3900000.0,0.105,0.1,49200000.0,481500000.0,-31400000.0,-477600000.0,-27500000.0,702500000.0,10542300000.0,0.0,5161100000.0,0.567105550301884,10542300000.0,2.0426459475693166
MCHP,2019-03-31,quarterly,2020-05-22,True,1329800000.0,509400000.0,820500000.0,214700000.0,5800000.0,0.37,0.35,174700000.0,403400000.0,-43600000.0,-363400000.0,-3600000.0,711700000.0,8946200000.0,1360800000.0,5287500000.0,0.6170100767032637,10307000000.0,1.9493144208037825
MCHP,2019-06-30,quarterly,2019-08-07,False,1322600000.0,507400000.0,815200000.0,219100000.0,2600000.0,0.105,0.1,50700000.0,380600000.0,-26300000.0,-348900000.0,5400000.0,733100000.0,8711400000.0,1373900000.0,5288300000.0,0.6163617117798276,10085300000.0,1.9070967985931206
MCHP,2019-09-30,quarterly,2019-11-06,True,1337800000.0,510300000.0,827500000.0,219800000.0,11000000.0,0.23,0.215,108900000.0,396000000.0,-28400000.0,-399800000.0,-32200000.0,734200000.0,8415300000.0,1387300000.0,5361300000.0,0.6185528479593362,9802600000.0,1.8283998283998284
MCHP,2019-12-31,quarterly,2020-02-04,True,1287400000.0,501900000.0,785500000.0,217100000.0,42100000.0,0.65,0.6,311100000.0,395500000.0,-43000000.0,-357200000.0,-4700000.0,708800000.0,8179700000.0,1400800000.0,5616600000.0,0.6101444772409508,9580500000.0,1.7057472492255101
MCHP,2020-03-31,quarterly,2020-05-22,True,1326400000.0,512500000.0,813900000.0,221800000.0,11900000.0,0.21000000000000008,0.195,99900000.0,371700000.0,-35500000.0,-332300000.0,3900000.0,685700000.0,8873400000.0,608800000.0,5585500000.0,0.6136158021712907,9482200000.0,1.6976456897323426
MCHP,2020-06-30,quarterly,2020-08-04,False,1309700000.0,511400000.0,798300000.0,198000000.0,9500000.0,0.25,0.24,123600000.0,501800000.0,-16900000.0,-507700000.0,-22800000.0,657200000.0,7730000000.0,1596300000.0,5501300000.0,0.6095288997480339,9326300000.0,1.6952902041335685
MCHP,2020-09-30,quarterly,2020-11-05,True,1309500000.0,501600000.0,807900000.0,199800000.0,6300000.0,0.145,0.135,73600000.0,455800000.0,-41700000.0,-424000000.0,-9900000.0,661400000.0,8181400000.0,996100000.0,5443700000.0,0.6169530355097366,9177500000.0,1.6858937854767897
MCHP,2020-12-31,quarterly,2021-02-04,True,1352100000.0,506300000.0,845800000.0,210100000.0,21400000.0,0.07,0.065,36200000.0,509700000.0,-51500000.0,-455800000.0,2400000.0,666100000.0,7647800000.0,1493200000.0,5297000000.0,0.6255454478219067,9141000000.0,1.7256937889371342
MCHP,2021-03-31,quarterly,2021-05-18,True,1467100000.0,540300000.0,926800000.0,228500000.0,55400000.0,0.22000000000000003,0.21000000000000002,116000000.0,449200000.0,-63200000.0,-476700000.0,-90700000.0,665000000.0,7581200000.0,1322900000.0,5337100000.0,0.6317224456410606,8904100000.0,1.6683404845327987
MCHP,2021-06-30,quarterly,2021-08-03,False,1569400000.0,561800000.0,1007600000.0,238400000.0,86300000.0,0.46,0.445,252800000.0,629900000.0,-112700000.0,-519500000.0,-2300000.0,683800000.0,8527400000.0,0.0,5519900000.0,0.6420288008155983,8527400000.0,1.5448468269352706
MCHP,2021-09-30,quarterly,2021-11-04,True,1649800000.0,581500000.0,1068300000.0,246200000.0,78500000.0,0.44,0.43,242000000.0,611700000.0,-96000000.0,-540100000.0,-24400000.0,713600000.0,8200600000.0,0.0,5702900000.0,0.6475330343071888,8200600000.0,1.4379701555349034
MCHP,2021-12-31,quarterly,2022-02-03,True,1757500000.0,604200000.0,1153300000.0,245400000.0,90700000.0,0.64,0.62,352800000.0,853400000.0,-126300000.0,-666900000.0,60200000.0,768200000.0,7868500000.0,0.0,5803300000.0,0.6562162162162162,7868500000.0,1.3558664897558286
MCHP,2022-03-31,quarterly,2022-05-20,True,1844200000.0,623800000.0,1220400000.0,259100000.0,114600000.0,0.79,0.77,437900000.0,747700000.0,-142700000.0,-601100000.0,3900000.0,854400000.0,7687400000.0,0.0,5894800000.0,0.6617503524563496,7687400000.0,1.3040985275157766
MCHP,2022-06-30,quarterly,2022-08-02,False,1963600000.0,653700000.0,1309900000.0,269000000.0,121900000.0,0.92,0.9,507200000.0,840400000.0,-153800000.0,-626900000.0,59700000.0,911800000.0,7563900000.0,0.0,5977900000.0,0.6670910572418007,7563900000.0,1.2653105605647468
MCHP,2022-09-30,quarterly,2022-11-03,True,2073200000.0,675300000.0,1397900000.0,268600000.0,110300000.0,0.99,0.98,546200000.0,793200000.0,-130800000.0,-734700000.0,-72300000.0,1030300000.0,6304900000.0,998600000.0,6103100000.0,0.6742716573413081,7303500000.0,1.1966869295931575
MCHP,2022-12-31,quarterly,2023-02-02,True,2169200000.0,698400000.0,1470800000.0,282400000.0,141300000.0,1.06,1.04,580300000.0,1277900000.0,-164100000.0,-1129700000.0,-15900000.0,1165400000.0,6588700000.0,0.0,6311600000.0,0.6780379863544164,6588700000.0,1.0439032891818238
MCHP,2023-03-31,quarterly,2023-05-25,True,2232700000.0,713400000.0,1519300000.0,298300000.0,112700000.0,1.1100000000000003,1.0899999999999994,604000000.0,709500000.0,-150800000.0,-613600000.0,-54900000.0,1324900000.0,5041700000.0,1398200000.0,6513600000.0,0.6804765530523581,6439900000.0,0.9886852124785065
MCHP,2023-06-30,quarterly,2023-08-03,False,2288600000.0,730200000.0,1558400000.0,298500000.0,111100000.0,1.22,1.21,666400000.0,993200000.0,-140900000.0,-815100000.0,37200000.0,1336400000.0,4632200000.0,1398700000.0,6831300000.0,0.6809403128550205,6030900000.0,0.8828334284835976
MCHP,2023-09-30,quarterly,2023-11-02,True,2254300000.0,726900000.0,1527400000.0,292600000.0,74400000.0,1.23,1.21,666600000.0,616200000.0,-93800000.0,-537000000.0,-14600000.0,1330900000.0,4414700000.0,1661100000.0,6968500000.0,0.677549571929202,6075800000.0,0.8718949558728565
MCHP,2023-12-31,quarterly,2024-02-01,True,1765700000.0,645700000.0,1120000000.0,266000000.0,59500000.0,0.78,0.77,419200000.0,853300000.0,-86200000.0,-742700000.0,24400000.0,1311100000.0,4033300000.0,1662100000.0,7080200000.0,0.6343093390723226,5695400000.0,0.8044123047371543
MCHP,2024-03-31,quarterly,2024-05-23,True,1325800000.0,535900000.0,789900000.0,240300000.0,40100000.0,0.29000000000000004,0.29000000000000004,154700000.0,430000000.0,-71200000.0,-320100000.0,38700000.0,1316000000.0,5000400000.0,999400000.0,6657800000.0,0.595791220395233,5999800000.0,0.9011685541770554
MCHP,2024-06-30,quarterly,2024-08-01,False,1241300000.0,504400000.0,736900000.0,241700000.0,72900000.0,0.24,0.24,129300000.0,377100000.0,-125500000.0,-256200000.0,-4600000.0,1308000000.0,6167900000.0,0.0,6406000000.0,0.5936518166438411,6167900000.0,0.9628317202622542
MCHP,2024-09-30,quarterly,2024-11-05,True,1163800000.0,495300000.0,668500000.0,240700000.0,20800000.0,0.15,0.14,78400000.0,43600000.0,-64200000.0,-8400000.0,-29000000.0,1339600000.0,4476600000.0,1946300000.0,6275900000.0,0.5744114108953429,6422900000.0,1.0234229353558852
MCHP,2024-12-31,quarterly,2025-02-06,True,1026000000.0,464600000.0,561400000.0,246200000.0,18100000.0,-0.1,-0.1,-53600000.0,271500000.0,-42100000.0,70500000.0,299900000.0,1356300000.0,6749500000.0,0.0,6031500000.0,0.5471734892787524,6749500000.0,1.119041697753461
MCHP,2025-03-31,quarterly,2025-05-23,True,970500000.0,469400000.0,501100000.0,255200000.0,14200000.0,-0.3,-0.29000000000000004,-154600000.0,205900000.0,-56000000.0,35800000.0,185700000.0,1293500000.0,5630400000.0,0.0,7078300000.0,0.5163317877382793,5630400000.0,0.795445234025119
MCHP,2025-06-30,quarterly,2025-08-07,False,1075500000.0,498800000.0,576700000.0,255500000.0,17900000.0,-0.09,-0.09,-18600000.0,275600000.0,-36900000.0,-443900000.0,-205200000.0,1169100000.0,5458100000.0,0.0,6857100000.0,0.5362157136215714,5458100000.0,0.7959778915284887
MCHP,2025-09-30,quarterly,2025-11-06,True,1140400000.0,502500000.0,637900000.0,262300000.0,36500000.0,0.03,0.03,41700000.0,88100000.0,-62000000.0,-355800000.0,-329700000.0,1095300000.0,5375900000.0,0.0,6695500000.0,0.5593651350403367,5375900000.0,0.8029124038533343
MCHP,2025-12-31,quarterly,2026-02-05,True,1186000000.0,479100000.0,706900000.0,274300000.0,22500000.0,0.06,0.06,62700000.0,341400000.0,-44500000.0,-283000000.0,13900000.0,1057700000.0,5366000000.0,0.0,6560400000.0,0.5960370994940978,5366000000.0,0.8179379306139869
MCHP,2026-03-31,quarterly,2026-05-21,True,1311200000.0,511600000.0,799600000.0,293800000.0,14200000.0,0.22,0.22,144200000.0,257000000.0,-52100000.0,-215300000.0,-10400000.0,1035400000.0,5496400000.0,0.0,6432400000.0,0.6098230628431971,5496400000.0,0.8544866612772838
MCHP,2015-03-31,annual,2015-05-27,False,2147036000.0,917472000.0,1229564000.0,349543000.0,6663000.0,0.92,0.825,369009000.0,721182000.0,-678317000.0,98548000.0,141212000.0,279456000.0,,0.0,2044654000.0,0.5726797314996116,0.0,0.0
MCHP,2016-03-31,annual,2017-05-30,False,2173334000.0,967870000.0,1205464000.0,372596000.0,7056000.0,0.795,0.745,324132000.0,744483000.0,800397000.0,-59944000.0,1484936000.0,306815000.0,2453405000.0,0.0,2150919000.0,0.5546611795517854,2453405000.0,1.1406310511925368
MCHP,2017-03-31,annual,2017-05-30,False,3407807000.0,1650611000.0,1757196000.0,545293000.0,10218000.0,0.38,0.355,164639000.0,1059452000.0,-2837973000.0,595461000.0,-1184067000.0,417202000.0,2900524000.0,49952000.0,-14378000.0,0.5156383562801532,2950476000.0,-205.2076783975518
MCHP,2018-03-31,annual,2018-05-18,False,3980800000.0,1560100000.0,2420700000.0,529300000.0,7100000.0,0.55,0.515,255400000.0,1419600000.0,-1011700000.0,-415300000.0,-7400000.0,476200000.0,1758400000.0,1309900000.0,3279800000.0,0.6080938504823151,3068300000.0,0.9355143606317459
MCHP,2019-03-31,annual,2019-05-30,False,5349500000.0,2418200000.0,2931300000.0,826300000.0,18600000.0,0.755,0.71,355900000.0,1674800000.0,-6811000000.0,4663500000.0,-472700000.0,711700000.0,8946200000.0,1360800000.0,5287500000.0,0.5479577530610338,10307000000.0,1.9493144208037825
MCHP,2020-03-31,annual,2020-05-22,False,5274200000.0,2032100000.0,3242100000.0,877800000.0,67600000.0,1.195,1.115,570600000.0,1543800000.0,-133200000.0,-1438200000.0,-27600000.0,685700000.0,8873400000.0,608800000.0,5585500000.0,0.6147093398050889,9482200000.0,1.6976456897323426
MCHP,2021-03-31,annual,2021-05-18,False,5438400000.0,2059600000.0,3378800000.0,836400000.0,92600000.0,0.675,0.645,349400000.0,1916500000.0,-173300000.0,-1864200000.0,-121000000.0,665000000.0,7581200000.0,1322900000.0,5337100000.0,0.6212856722565461,8904100000.0,1.6683404845327987
MCHP,2022-03-31,annual,2022-05-20,False,6820900000.0,2371300000.0,4449600000.0,989100000.0,370100000.0,2.33,2.27,1285500000.0,2842700000.0,-477700000.0,-2327600000.0,37400000.0,854400000.0,7687400000.0,0.0,5894800000.0,0.6523479306249909,7687400000.0,1.3040985275157766
MCHP,2023-03-31,annual,2023-05-25,False,8438700000.0,2740800000.0,5697900000.0,1118300000.0,486200000.0,4.07,4.02,2237700000.0,3621000000.0,-599500000.0,-3104900000.0,-83400000.0,1324900000.0,5041700000.0,1398200000.0,6513600000.0,0.6752106367094458,6439900000.0,0.9886852124785065
MCHP,2024-03-31,annual,2024-05-23,False,7634400000.0,2638700000.0,4995700000.0,1097400000.0,285100000.0,3.52,3.48,1906900000.0,2892700000.0,-392100000.0,-2414900000.0,85700000.0,1316000000.0,5000400000.0,999400000.0,6657800000.0,0.6543670753431835,5999800000.0,0.9011685541770554
MCHP,2025-03-31,annual,2025-05-23,False,4401600000.0,1933700000.0,2467900000.0,983800000.0,126000000.0,-0.01,-0.01,-500000.0,898100000.0,-287800000.0,-158300000.0,452000000.0,1293500000.0,5630400000.0,0.0,7078300000.0,0.5606824790985097,5630400000.0,0.795445234025119
MCHP,2026-03-31,annual,2026-05-21,False,4713100000.0,1992000000.0,2721100000.0,1085900000.0,91100000.0,0.22,0.22,230000000.0,962100000.0,-195500000.0,-1298000000.0,-531400000.0,1035400000.0,5496400000.0,0.0,6432400000.0,0.5773482421336276,5496400000.0,0.8544866612772838
ON,2015-04-03,quarterly,2015-05-04,False,870800000.0,570400000.0,300400000.0,100400000.0,64800000.0,0.13,0.13,55100000.0,83500000.0,-54200000.0,-113200000.0,-83600000.0,746900000.0,950200000.0,212600000.0,1605600000.0,0.3449701423977951,1162800000.0,0.7242152466367713
ON,2015-07-03,quarterly,2015-08-03,True,880500000.0,576100000.0,304400000.0,100400000.0,75500000.0,0.12,0.12,50700000.0,101600000.0,-72500000.0,120700000.0,148500000.0,743000000.0,822300000.0,555900000.0,1597400000.0,0.34571266325951167,1378200000.0,0.8627770126455491
ON,2015-10-02,quarterly,2015-10-30,True,904200000.0,595700000.0,308500000.0,104900000.0,64500000.0,0.11,0.11,46300000.0,128300000.0,-71700000.0,-77200000.0,-19800000.0,754000000.0,868400000.0,539300000.0,1558300000.0,0.34118557841185576,1407700000.0,0.9033562215234551
ON,2015-12-31,quarterly,2016-02-24,True,840300000.0,560400000.0,279900000.0,91000000.0,66000000.0,0.13,0.13,54100000.0,157200000.0,-66100000.0,-30100000.0,60800000.0,750400000.0,850500000.0,543400000.0,1608200000.0,0.3330953230988932,1393900000.0,0.8667454296729262
ON,2016-04-01,quarterly,2016-05-09,False,817200000.0,541700000.0,275500000.0,98000000.0,72900000.0,0.09,0.09,36000000.0,114900000.0,-70800000.0,-44500000.0,1900000.0,759700000.0,835100000.0,525400000.0,1654000000.0,0.33712677435144395,1360500000.0,0.8225513905683193
ON,2016-07-01,quarterly,2016-08-08,True,877800000.0,569900000.0,307900000.0,103000000.0,52000000.0,0.06,0.06,25100000.0,104200000.0,-118200000.0,-21500000.0,-31400000.0,750200000.0,2935100000.0,536700000.0,1700900000.0,0.3507632718159034,3471800000.0,2.0411546828149802
ON,2016-09-30,quarterly,2016-11-07,True,950900000.0,621900000.0,329000000.0,111500000.0,35900000.0,0.02,0.02,10100000.0,132700000.0,-2185800000.0,2345300000.0,292400000.0,1083100000.0,3095700000.0,540600000.0,1730600000.0,0.34598801135766116,3636300000.0,2.101178781925344
ON,2016-12-31,quarterly,2017-02-28,True,1261000000.0,876500000.0,384500000.0,139800000.0,49900000.0,0.27,0.26,110900000.0,229400000.0,-59800000.0,-14600000.0,147600000.0,1030200000.0,3068500000.0,553800000.0,1823200000.0,0.3049167327517843,3622300000.0,1.9867814831066257
ON,2017-03-31,quarterly,2017-05-08,False,1436700000.0,933400000.0,503300000.0,140000000.0,52700000.0,0.19,0.18,78200000.0,208500000.0,-55100000.0,-454900000.0,-299200000.0,1011400000.0,2986800000.0,272800000.0,1976000000.0,0.3503166979884457,3259600000.0,1.6495951417004049
ON,2017-06-30,quarterly,2017-08-07,True,1338000000.0,845900000.0,492100000.0,145500000.0,69000000.0,0.22,0.22,93900000.0,333200000.0,-65800000.0,-124600000.0,142700000.0,1002000000.0,2872300000.0,268200000.0,2096500000.0,0.3677877428998505,3140500000.0,1.4979728118292392
ON,2017-09-29,quarterly,2017-11-06,True,1390900000.0,866700000.0,524200000.0,150900000.0,90100000.0,0.26,0.25,108700000.0,328200000.0,-73000000.0,-225800000.0,29600000.0,1029000000.0,2684400000.0,258500000.0,2212400000.0,0.3768782802501977,2942900000.0,1.3301844151148075
ON,2017-12-31,quarterly,2018-02-21,True,1377500000.0,863300000.0,514200000.0,158000000.0,175700000.0,1.25,1.22,529900000.0,224300000.0,-170600000.0,-5600000.0,48000000.0,1089500000.0,2703700000.0,248100000.0,2778800000.0,0.37328493647912886,2951800000.0,1.062257089391104
ON,2018-03-30,quarterly,2018-04-30,False,1377600000.0,860200000.0,517400000.0,155200000.0,99500000.0,0.33,0.31,139600000.0,226500000.0,-105500000.0,-146900000.0,-24300000.0,1160000000.0,2084400000.0,747200000.0,2928400000.0,0.3755807200929152,2831600000.0,0.966944406501844
ON,2018-06-29,quarterly,2018-07-30,True,1455900000.0,900900000.0,555000000.0,167100000.0,152900000.0,0.36,0.35,155300000.0,268500000.0,-229300000.0,-112900000.0,-74600000.0,1204400000.0,2020400000.0,746400000.0,3072700000.0,0.3812075005151453,2766800000.0,0.9004458619455202
ON,2018-09-28,quarterly,2018-10-29,True,1541700000.0,945100000.0,596600000.0,166200000.0,130400000.0,0.39,0.38,166900000.0,358200000.0,-120500000.0,-136300000.0,100800000.0,1200600000.0,2615700000.0,99200000.0,3179100000.0,0.386975416747746,2714900000.0,0.8539838319021107
ON,2018-12-31,quarterly,2019-02-20,True,1503100000.0,933400000.0,569700000.0,162200000.0,132000000.0,0.3999999999999999,0.39,165600000.0,421000000.0,-93600000.0,-209000000.0,118600000.0,1225200000.0,2627600000.0,138500000.0,3171600000.0,0.37901669882243366,2766100000.0,0.8721465506369025
ON,2019-03-29,quarterly,2019-04-29,False,1386600000.0,872900000.0,513700000.0,151800000.0,157000000.0,0.28,0.27,114100000.0,138200000.0,-167100000.0,-101100000.0,-130000000.0,1225200000.0,2639000000.0,130800000.0,3198200000.0,0.3704745420452906,2769800000.0,0.866049652929773
ON,2019-06-28,quarterly,2019-08-05,True,1347700000.0,848700000.0,499000000.0,147000000.0,153500000.0,0.25,0.24,101800000.0,222600000.0,-1104300000.0,823400000.0,-58000000.0,1273800000.0,3550800000.0,105700000.0,3274300000.0,0.3702604437189285,3656500000.0,1.1167272394099501
ON,2019-09-27,quarterly,2019-10-28,True,1381800000.0,906600000.0,475200000.0,172800000.0,111700000.0,-0.15,-0.15,-60700000.0,242200000.0,-132500000.0,-80200000.0,29600000.0,1240700000.0,2878800000.0,736600000.0,3215300000.0,0.34389926183239256,3615400000.0,1.124436288993251
ON,2019-12-31,quarterly,2020-02-19,True,1401800000.0,916100000.0,485700000.0,169300000.0,112400000.0,0.14,0.14,56500000.0,91700000.0,-107000000.0,-19000000.0,-34500000.0,1232400000.0,2876500000.0,736000000.0,3301700000.0,0.3464830931659295,3612500000.0,1.094133325256686
ON,2020-04-03,quarterly,2020-05-11,False,1277900000.0,875200000.0,402700000.0,171000000.0,132300000.0,-0.03,-0.03,-14000000.0,166000000.0,-108600000.0,1030200000.0,1087800000.0,1251900000.0,4043000000.0,689600000.0,3214900000.0,0.3151263792159011,4732600000.0,1.4720831130050702
ON,2020-07-03,quarterly,2020-08-10,True,1213500000.0,839200000.0,374300000.0,156100000.0,73300000.0,0.0,0.0,-1400000.0,154500000.0,-74100000.0,-1600000.0,78700000.0,1285400000.0,4044800000.0,695600000.0,3236100000.0,0.3084466419447878,4740400000.0,1.4648496647198788
ON,2020-10-02,quarterly,2020-11-02,True,1317300000.0,876100000.0,441200000.0,156100000.0,61600000.0,0.39,0.38,160600000.0,163400000.0,-59200000.0,-510400000.0,-405900000.0,1281200000.0,3537600000.0,701600000.0,3423400000.0,0.3349275032262962,4239200000.0,1.2383011041654495
ON,2020-12-31,quarterly,2021-02-16,True,1446300000.0,948700000.0,497600000.0,159700000.0,116400000.0,0.21999999999999997,0.21,89000000.0,400400000.0,-211700000.0,-762200000.0,-573300000.0,1251400000.0,2959700000.0,531600000.0,3538500000.0,0.34405033533844986,3491300000.0,0.9866610145541896
ON,2021-04-02,quarterly,2021-05-03,False,1481700000.0,960500000.0,521200000.0,173600000.0,77000000.0,0.22,0.2,89900000.0,218500000.0,-77200000.0,-178100000.0,-37600000.0,1295500000.0,2806900000.0,536700000.0,3629600000.0,0.3517581156779375,3343600000.0,0.9212034383954155
ON,2021-07-02,quarterly,2021-08-02,True,1669900000.0,1029800000.0,640100000.0,166300000.0,104800000.0,0.43,0.42,184100000.0,488000000.0,-100800000.0,-338600000.0,48600000.0,1309300000.0,2907100000.0,201300000.0,3784400000.0,0.383316366249476,3108400000.0,0.8213719479970405
ON,2021-10-01,quarterly,2021-11-01,True,1742100000.0,1021300000.0,720800000.0,154500000.0,93200000.0,0.72,0.7,309700000.0,448900000.0,-149500000.0,-1100000.0,298100000.0,1327600000.0,2910500000.0,203000000.0,4123700000.0,0.41375351587164916,3113500000.0,0.7550258263210223
ON,2021-12-31,quarterly,2022-02-14,True,1846100000.0,1013900000.0,832200000.0,160600000.0,169600000.0,0.9900000000000002,0.95,425900000.0,626600000.0,-587600000.0,-51600000.0,-12900000.0,1379500000.0,2913900000.0,160700000.0,4585400000.0,0.45078814798764966,3074600000.0,0.6705194748549744
ON,2022-04-01,quarterly,2022-05-02,False,1945000000.0,983700000.0,961300000.0,156800000.0,173800000.0,1.22,1.18,530200000.0,478600000.0,-129400000.0,-57300000.0,291200000.0,1496000000.0,3035400000.0,170400000.0,4998200000.0,0.49424164524421593,3205800000.0,0.6413909007242607
ON,2022-07-01,quarterly,2022-08-01,True,2085000000.0,1047900000.0,1037100000.0,161600000.0,218100000.0,1.05,1.02,455800000.0,420800000.0,-170100000.0,-103100000.0,145700000.0,1563200000.0,3047400000.0,165200000.0,5389500000.0,0.497410071942446,3212600000.0,0.5960849800538083
ON,2022-09-30,quarterly,2022-10-31,True,2192600000.0,1134300000.0,1058300000.0,145400000.0,271100000.0,0.72,0.7,311900000.0,1002400000.0,-264100000.0,-79900000.0,657800000.0,1575400000.0,3046500000.0,165300000.0,5656000000.0,0.4826689774696707,3211800000.0,0.5678571428571428
ON,2022-12-31,quarterly,2023-02-06,True,2103600000.0,1083100000.0,1020500000.0,136400000.0,342000000.0,1.3999999999999995,1.35,604300000.0,731300000.0,-141800000.0,-129700000.0,460600000.0,1616800000.0,3045700000.0,147800000.0,6188500000.0,0.4851207453888572,3193500000.0,0.5160378120707765
ON,2023-03-31,quarterly,2023-05-01,False,1959700000.0,1042200000.0,917500000.0,138400000.0,321500000.0,1.07,1.03,461700000.0,408900000.0,-562000000.0,-63400000.0,-216400000.0,1814900000.0,2538000000.0,926200000.0,6448000000.0,0.468183905699852,3464200000.0,0.5372518610421836
ON,2023-06-30,quarterly,2023-07-31,True,2094400000.0,1101000000.0,993400000.0,145300000.0,430600000.0,1.34,1.29,576600000.0,390800000.0,-383500000.0,-89600000.0,-83400000.0,1964400000.0,2539600000.0,912100000.0,6984100000.0,0.4743124522536287,3451700000.0,0.49422259131455737
ON,2023-09-29,quarterly,2023-10-30,True,2180800000.0,1150100000.0,1030700000.0,143400000.0,433000000.0,1.35,1.29,582700000.0,566600000.0,-407200000.0,-101300000.0,57600000.0,2084800000.0,2541100000.0,912900000.0,7484300000.0,0.4726247248716067,3454000000.0,0.46149940542201673
ON,2023-12-31,quarterly,2024-02-05,True,2018100000.0,1076200000.0,941900000.0,150200000.0,390500000.0,1.3100000000000005,1.2799999999999998,562700000.0,611200000.0,-385200000.0,-432200000.0,-205800000.0,2111800000.0,2542600000.0,794000000.0,7782600000.0,0.4667261285367425,3336600000.0,0.4287256186878421
ON,2024-03-29,quarterly,2024-04-29,False,1862700000.0,1009100000.0,853600000.0,150000000.0,222400000.0,1.06,1.04,453000000.0,498700000.0,-235300000.0,-130800000.0,131700000.0,2147100000.0,2544100000.0,794800000.0,8123900000.0,0.45825951575669727,3338900000.0,0.41099718115683354
ON,2024-06-28,quarterly,2024-07-29,True,1735200000.0,951200000.0,784000000.0,156500000.0,154500000.0,0.79,0.78,338200000.0,362200000.0,-590900000.0,-152700000.0,-383600000.0,2224600000.0,2545700000.0,795600000.0,8339500000.0,0.45182111572153066,3341300000.0,0.40065951196114874
ON,2024-09-27,quarterly,2024-10-28,True,1761900000.0,962500000.0,799400000.0,151000000.0,172200000.0,0.94,0.93,401700000.0,465800000.0,-31900000.0,-197000000.0,239300000.0,2242800000.0,2547200000.0,796400000.0,8584100000.0,0.45371473976956694,3343600000.0,0.3895108398084831
ON,2024-12-31,quarterly,2025-02-10,True,1722500000.0,943400000.0,779100000.0,155200000.0,144900000.0,0.8900000000000001,0.8799999999999999,379900000.0,579700000.0,-151700000.0,-203300000.0,221000000.0,2242000000.0,3345900000.0,0.0,8796400000.0,0.4523076923076923,3345900000.0,0.38037151562002636
ON,2025-04-04,quarterly,2025-05-05,False,1445700000.0,1151900000.0,293800000.0,164100000.0,147600000.0,-1.15,-1.15,-486100000.0,602300000.0,-214900000.0,-317600000.0,71800000.0,2078200000.0,3348300000.0,,8029900000.0,0.20322335200940722,3348300000.0,0.41697904083487963
ON,2025-07-04,quarterly,2025-08-04,True,1468700000.0,916800000.0,551900000.0,143800000.0,78200000.0,0.41,0.41,170300000.0,184300000.0,-121700000.0,-300100000.0,-235600000.0,2087100000.0,3350700000.0,,7940800000.0,0.3757744944508749,3350700000.0,0.42196000402982065
ON,2025-10-03,quarterly,2025-11-03,True,1550900000.0,963700000.0,587200000.0,141900000.0,46300000.0,0.63,0.63,255000000.0,418700000.0,-151200000.0,-322200000.0,-55600000.0,2047900000.0,3353100000.0,,7905400000.0,0.37861886646463344,3353100000.0,0.4241531105320414
ON,2025-12-31,quarterly,2026-02-09,True,1530100000.0,979100000.0,551000000.0,133800000.0,69100000.0,0.43999999999999995,0.43999999999999995,181800000.0,554500000.0,-50700000.0,-823900000.0,-325000000.0,1989600000.0,2980500000.0,,7673300000.0,0.36010718253708907,2980500000.0,0.38842479767505506
ON,2026-04-03,quarterly,2026-05-04,False,1513300000.0,930200000.0,583100000.0,144300000.0,21900000.0,-0.08,-0.08,-33400000.0,239100000.0,-16700000.0,-366000000.0,-143900000.0,2049200000.0,2982900000.0,,7301700000.0,0.38531685719949776,2982900000.0,0.40852130325814534
ON,2015-12-31,annual,2016-02-24,False,3495800000.0,2302600000.0,1193200000.0,396700000.0,270800000.0,0.49,0.48,206200000.0,470600000.0,-264500000.0,-99800000.0,105900000.0,750400000.0,850500000.0,543400000.0,1608200000.0,0.34132387436352196,1393900000.0,0.8667454296729262
ON,2016-12-31,annual,2017-02-28,False,3906900000.0,2610000000.0,1296900000.0,452300000.0,210700000.0,0.44,0.43,182100000.0,581200000.0,-2434600000.0,2264700000.0,410500000.0,1030200000.0,3068500000.0,553800000.0,1823200000.0,0.3319511633264225,3622300000.0,1.9867814831066257
ON,2017-12-31,annual,2018-02-21,False,5543100000.0,3509300000.0,2033800000.0,594400000.0,387500000.0,1.92,1.89,810700000.0,1094200000.0,-364500000.0,-810900000.0,-78900000.0,1089500000.0,2703700000.0,248100000.0,2778800000.0,0.3669066046075301,2951800000.0,1.062257089391104
ON,2018-12-31,annual,2019-02-20,False,5878300000.0,3639600000.0,2238700000.0,650700000.0,514800000.0,1.48,1.44,627400000.0,1274200000.0,-548900000.0,-605100000.0,120500000.0,1225200000.0,2627600000.0,138500000.0,3171600000.0,0.3808413997244101,2766100000.0,0.8721465506369025
ON,2019-12-31,annual,2020-02-19,False,5517900000.0,3544300000.0,1973600000.0,640900000.0,534600000.0,0.52,0.51,211700000.0,694700000.0,-1510900000.0,623100000.0,-192900000.0,1232400000.0,2876500000.0,736000000.0,3301700000.0,0.35767230286884505,3612500000.0,1.094133325256686
ON,2020-12-31,annual,2021-02-16,False,5255000000.0,3539200000.0,1715800000.0,642900000.0,383600000.0,0.57,0.56,234200000.0,884300000.0,-453600000.0,-244000000.0,187300000.0,1251400000.0,2959700000.0,531600000.0,3538500000.0,0.3265080875356803,3491300000.0,0.9866610145541896
ON,2021-12-31,annual,2022-02-14,False,6739800000.0,4025500000.0,2714300000.0,655000000.0,444600000.0,2.37,2.27,1009600000.0,1782000000.0,-915100000.0,-569400000.0,296200000.0,1379500000.0,2913900000.0,160700000.0,4585400000.0,0.40272708388972966,3074600000.0,0.6705194748549744
ON,2022-12-31,annual,2023-02-06,False,8326200000.0,4249000000.0,4077200000.0,600200000.0,1005000000.0,4.39,4.25,1902200000.0,2633100000.0,-705400000.0,-370000000.0,1555300000.0,1616800000.0,3045700000.0,147800000.0,6188500000.0,0.48968316879248636,3193500000.0,0.5160378120707765
ON,2023-12-31,annual,2024-02-05,False,8253000000.0,4369500000.0,3883500000.0,577300000.0,1575600000.0,5.07,4.89,2183700000.0,1977500000.0,-1737900000.0,-686500000.0,-448000000.0,2111800000.0,2542600000.0,794000000.0,7782600000.0,0.47055616139585604,3336600000.0,0.4287256186878421
ON,2024-12-31,annual,2025-02-10,False,7082300000.0,3866200000.0,3216100000.0,612700000.0,694000000.0,3.68,3.63,1572800000.0,1906400000.0,-1009800000.0,-683800000.0,208400000.0,2242000000.0,3345900000.0,0.0,8796400000.0,0.4541038928031854,3345900000.0,0.38037151562002636
ON,2025-12-31,annual,2026-02-09,False,5995400000.0,4011500000.0,1983900000.0,583600000.0,341200000.0,0.29,0.29,121000000.0,1759800000.0,-538500000.0,-1763800000.0,-544400000.0,1989600000.0,2980500000.0,,7673300000.0,0.33090369283117055,2980500000.0,0.38842479767505506
MPWR,2015-03-31,quarterly,2015-05-06,False,73538000.0,33855000.0,39683000.0,16038000.0,4703000.0,0.15,0.15,5963000.0,15681000.0,-32107000.0,-13851000.0,-30300000.0,53396000.0,,,345452000.0,0.5396257717098643,0.0,0.0
MPWR,2015-06-30,quarterly,2015-08-03,True,81416000.0,37287000.0,44129000.0,15743000.0,1952000.0,0.2,0.19,7899000.0,7668000.0,-15024000.0,-7821000.0,-15098000.0,64964000.0,,,354762000.0,0.5420187678097671,0.0,0.0
MPWR,2015-09-30,quarterly,2015-10-28,True,91194000.0,41754000.0,49440000.0,17272000.0,1755000.0,0.28,0.28,11201000.0,22050000.0,-6360000.0,-18742000.0,-4252000.0,67309000.0,,,354113000.0,0.5421409303243634,0.0,0.0
MPWR,2015-12-31,quarterly,2016-02-29,True,86918000.0,40001000.0,46917000.0,16734000.0,7614000.0,0.26,0.24,10110000.0,24337000.0,-3706000.0,-6238000.0,14244000.0,63209000.0,,,368516000.0,0.5397846245886928,0.0,0.0
MPWR,2016-03-31,quarterly,2016-05-06,False,84512000.0,39002000.0,45510000.0,17321000.0,5346000.0,0.26,0.25,10575000.0,28870000.0,-35826000.0,-6225000.0,-13052000.0,62318000.0,,,381986000.0,0.5385034078000758,0.0,0.0
MPWR,2016-06-30,quarterly,2016-07-29,True,94079000.0,43153000.0,50926000.0,17876000.0,13332000.0,0.28,0.27,11198000.0,14998000.0,-2560000.0,-7719000.0,4238000.0,69919000.0,,,395140000.0,0.5413110258399856,0.0,0.0
MPWR,2016-09-30,quarterly,2016-11-03,True,106456000.0,48531000.0,57925000.0,20472000.0,10358000.0,0.35,0.34,14373000.0,32919000.0,714000.0,-6108000.0,27433000.0,70692000.0,,,416298000.0,0.5441215149921094,0.0,0.0
MPWR,2016-12-31,quarterly,2017-03-01,True,103618000.0,47107000.0,56511000.0,17974000.0,8076000.0,0.41,0.39,16573000.0,30999000.0,-18054000.0,-8075000.0,3224000.0,71469000.0,,,431116000.0,0.5453782161400529,0.0,0.0
MPWR,2017-03-31,quarterly,2017-05-05,False,100362000.0,45520000.0,54842000.0,18894000.0,3424000.0,0.35,0.33,14477000.0,21892000.0,-51243000.0,-6986000.0,-35877000.0,78535000.0,,,451128000.0,0.5464418803929775,0.0,0.0
MPWR,2017-06-30,quarterly,2017-07-31,True,112198000.0,50773000.0,61425000.0,20292000.0,17104000.0,0.36,0.35,15014000.0,24878000.0,-22468000.0,-8568000.0,-5716000.0,92666000.0,,,473793000.0,0.5474696518654522,0.0,0.0
MPWR,2017-09-30,quarterly,2017-11-06,True,128939000.0,58083000.0,70856000.0,21442000.0,4580000.0,0.57,0.54,23642000.0,33678000.0,5883000.0,-7130000.0,33314000.0,99887000.0,,,505523000.0,0.5495311736557597,0.0,0.0
MPWR,2017-12-31,quarterly,2018-03-01,True,129430000.0,58269000.0,71161000.0,21730000.0,40665000.0,0.29,0.27,12071000.0,53373000.0,-66232000.0,-8641000.0,-21665000.0,99281000.0,,,522007000.0,0.5498029823070385,0.0,0.0
MPWR,2018-03-31,quarterly,2018-05-08,False,129150000.0,57655000.0,71495000.0,21609000.0,7400000.0,0.52,0.49,21856000.0,16292000.0,-25202000.0,1033000.0,-6740000.0,111897000.0,,,558306000.0,0.5535811072396438,0.0,0.0
MPWR,2018-06-30,quarterly,2018-08-02,True,139761000.0,62197000.0,77564000.0,23481000.0,5598000.0,0.57,0.55,24206000.0,25418000.0,-4650000.0,-12170000.0,7054000.0,128909000.0,,,579020000.0,0.554975994733867,0.0,0.0
MPWR,2018-09-03,quarterly,2018-11-02,False,,,,,,,,31568000.0,,,,,,,,,,,
MPWR,2018-09-30,quarterly,2018-11-02,True,159975000.0,70957000.0,89018000.0,25630000.0,5059000.0,0.75,0.71,31568000.0,52151000.0,8057000.0,-10532000.0,48021000.0,136790000.0,,,610164000.0,0.5564494452258165,0.0,0.0
MPWR,2018-12-31,quarterly,2019-03-01,True,153497000.0,68904000.0,84593000.0,22735000.0,4469000.0,0.65,0.61,27638000.0,47590000.0,7055000.0,-12890000.0,41609000.0,136384000.0,,,640093000.0,0.5511052333270358,0.0,0.0
MPWR,2019-03-31,quarterly,2019-05-10,False,141363000.0,63357000.0,78006000.0,25458000.0,58376000.0,0.61,0.58,26181000.0,38836000.0,-30781000.0,-761000.0,9064000.0,142543000.0,,,680251000.0,0.5518134165234184,0.0,0.0
MPWR,2019-06-30,quarterly,2019-08-02,True,151007000.0,67782000.0,83225000.0,27545000.0,19262000.0,0.48,0.45,20693000.0,44057000.0,-11289000.0,-15928000.0,15245000.0,143622000.0,,,704154000.0,0.5511333911672969,0.0,0.0
MPWR,2019-09-30,quarterly,2019-11-01,True,168813000.0,75655000.0,93158000.0,27742000.0,9491000.0,0.68,0.64,29528000.0,72424000.0,-46039000.0,-14318000.0,9376000.0,135634000.0,,,734428000.0,0.5518413866230681,0.0,0.0
MPWR,2019-12-31,quarterly,2020-02-28,True,166738000.0,74802000.0,91936000.0,27011000.0,8677000.0,0.75,0.7,32436000.0,60986000.0,-79003000.0,-17043000.0,-33427000.0,127500000.0,,,773491000.0,0.5513800093559956,0.0,0.0
MPWR,2020-03-31,quarterly,2020-05-11,False,165778000.0,74331000.0,91447000.0,25956000.0,9952000.0,0.8,0.77,35756000.0,51419000.0,-64458000.0,-4056000.0,-18080000.0,131499000.0,,,813190000.0,0.5516232551967089,0.0,0.0
MPWR,2020-06-30,quarterly,2020-08-03,True,186209000.0,83616000.0,102593000.0,31673000.0,14584000.0,0.67,0.64,30167000.0,59330000.0,-31663000.0,-26270000.0,1605000.0,152119000.0,,,848945000.0,0.5509561836431107,0.0,0.0
MPWR,2020-09-30,quarterly,2020-11-06,True,259422000.0,116382000.0,143040000.0,37717000.0,19622000.0,1.24,1.18,55566000.0,77406000.0,-37316000.0,-19312000.0,22987000.0,148096000.0,,,914569000.0,0.551379605430534,0.0,0.0
MPWR,2020-12-31,quarterly,2021-03-01,True,233043000.0,104169000.0,128874000.0,42252000.0,11481000.0,0.9499999999999997,0.9100000000000001,42887000.0,79648000.0,94260000.0,-21919000.0,155483000.0,157062000.0,,,966587000.0,0.5530052393764241,0.0,0.0
MPWR,2021-03-31,quarterly,2021-05-10,False,254455000.0,113396000.0,141059000.0,41892000.0,18970000.0,1.0,0.95,45413000.0,77057000.0,-182866000.0,-10993000.0,-116584000.0,175223000.0,,,1021577000.0,0.5543573519875813,0.0,0.0
MPWR,2021-06-30,quarterly,2021-08-09,True,293317000.0,129102000.0,164215000.0,44753000.0,39298000.0,1.2,1.16,55169000.0,96946000.0,-69342000.0,-27156000.0,1845000.0,177322000.0,,,1087355000.0,0.5598550373827633,0.0,0.0
MPWR,2021-09-30,quarterly,2021-11-08,True,323522000.0,137211000.0,186311000.0,49468000.0,18581000.0,1.5,1.44,68770000.0,117801000.0,-86930000.0,-24808000.0,5879000.0,208062000.0,,,1162713000.0,0.5758835566051149,0.0,0.0
MPWR,2021-12-31,quarterly,2022-02-25,True,336504000.0,142630000.0,193874000.0,54514000.0,17596000.0,1.58,1.5,72671000.0,28206000.0,-39748000.0,-27249000.0,-36822000.0,259417000.0,,,1243985000.0,0.5761417397712955,0.0,0.0
MPWR,2022-03-31,quarterly,2022-05-10,False,377714000.0,158834000.0,218880000.0,54104000.0,26877000.0,1.71,1.65,79566000.0,107419000.0,-11613000.0,-24249000.0,71337000.0,311040000.0,,,1326112000.0,0.5794860661770546,0.0,0.0
MPWR,2022-06-30,quarterly,2022-08-05,True,461004000.0,190043000.0,270961000.0,57131000.0,11844000.0,2.46,2.37,114679000.0,105237000.0,18282000.0,-36118000.0,82259000.0,359647000.0,,,1423122000.0,0.5877627959844166,0.0,0.0
MPWR,2022-09-30,quarterly,2022-11-09,True,495418000.0,204516000.0,290902000.0,67263000.0,7281000.0,2.66,2.57,124337000.0,-18185000.0,31000000.0,-32562000.0,-26660000.0,397435000.0,,,1530709000.0,0.5871849630009406,0.0,0.0
MPWR,2022-12-31,quarterly,2023-02-24,True,460012000.0,192203000.0,267809000.0,61674000.0,12841000.0,2.539999999999999,2.450000000000001,119090000.0,52203000.0,-50179000.0,-35856000.0,-27596000.0,447290000.0,,,1668602000.0,0.5821782910011043,0.0,0.0
MPWR,2023-03-31,quarterly,2023-05-05,False,451065000.0,192285000.0,258780000.0,63709000.0,8854000.0,2.32,2.26,109802000.0,218807000.0,12314000.0,-32252000.0,200366000.0,430830000.0,,,1776261000.0,0.573708888962788,0.0,0.0
MPWR,2023-06-30,quarterly,2023-08-04,True,441128000.0,193453000.0,247675000.0,63688000.0,7827000.0,2.1,2.04,99504000.0,90185000.0,-12051000.0,-49952000.0,17989000.0,427432000.0,,,1839089000.0,0.5614583522242977,0.0,0.0
MPWR,2023-09-30,quarterly,2023-11-08,True,474867000.0,211326000.0,263541000.0,64787000.0,27091000.0,2.54,2.48,121163000.0,175908000.0,-212958000.0,-47107000.0,-85784000.0,397288000.0,,,1944864000.0,0.5549785518892658,0.0,0.0
MPWR,2023-12-31,quarterly,2024-02-29,True,454012000.0,202889000.0,251123000.0,71459000.0,13806000.0,2.0200000000000005,1.9799999999999995,96905000.0,153313000.0,33969000.0,-54414000.0,139881000.0,383702000.0,,,2049939000.0,0.553119741328423,0.0,0.0
MPWR,2024-03-31,quarterly,2024-05-03,False,457885000.0,205444000.0,252441000.0,75990000.0,15991000.0,1.9,1.89,92541000.0,248051000.0,-266015000.0,-50001000.0,-72783000.0,395990000.0,,,2113557000.0,0.5513196544984003,0.0,0.0
MPWR,2024-06-30,quarterly,2024-08-02,True,507431000.0,226853000.0,280578000.0,77945000.0,31507000.0,2.06,2.05,100366000.0,140975000.0,-3351000.0,-73637000.0,62202000.0,426751000.0,,,2195858000.0,0.5529382319960744,0.0,0.0
MPWR,2024-09-30,quarterly,2024-11-06,True,620119000.0,276676000.0,343443000.0,85051000.0,33818000.0,2.96,2.95,144430000.0,231703000.0,-26762000.0,-63215000.0,149881000.0,424942000.0,,,2351690000.0,0.5538340221796139,0.0,0.0
MPWR,2024-12-31,quarterly,2025-03-03,True,621665000.0,277257000.0,344408000.0,85762000.0,64802000.0,29.83,29.700000000000003,1449363000.0,167681000.0,519175000.0,-685374000.0,-8540000.0,419611000.0,,,3145767000.0,0.5540089919812118,0.0,0.0
MPWR,2025-03-31,quarterly,2025-05-05,False,637554000.0,284324000.0,353230000.0,92227000.0,40342000.0,2.8,2.79,133791000.0,256387000.0,-257485000.0,-55916000.0,-54459000.0,454793000.0,,,3267010000.0,0.5540393441183021,0.0,0.0
MPWR,2025-06-30,quarterly,2025-08-04,True,664574000.0,298558000.0,366016000.0,96266000.0,48143000.0,2.79,2.78,133726000.0,237637000.0,-15798000.0,-79411000.0,150042000.0,490642000.0,,,3402068000.0,0.5507528130802589,0.0,0.0
MPWR,2025-09-30,quarterly,2025-11-05,True,737176000.0,330948000.0,406228000.0,98173000.0,42515000.0,3.72,3.71,178274000.0,239268000.0,127565000.0,-73240000.0,293869000.0,505680000.0,,,3567947000.0,0.551059719795544,0.0,0.0
MPWR,2025-12-31,quarterly,2026-02-27,True,751155000.0,336888000.0,414267000.0,95597000.0,41013000.0,3.629999999999999,3.58,175692000.0,104910000.0,-11551000.0,-77296000.0,18128000.0,564649000.0,,,3531497000.0,0.5515066797132416,0.0,0.0
MPWR,2026-03-31,quarterly,2026-05-04,False,804185000.0,359120000.0,445065000.0,100566000.0,70849000.0,3.94,3.92,193226000.0,250253000.0,-212322000.0,-75266000.0,-36374000.0,619159000.0,,,3677410000.0,0.553436087467436,0.0,0.0
MPWR,2015-12-31,annual,2016-02-29,False,333067000.0,152898000.0,180169000.0,65787000.0,16024000.0,0.89,0.86,35172000.0,69736000.0,-57197000.0,-46652000.0,-35406000.0,63209000.0,,,368516000.0,0.5409392104291328,0.0,0.0
MPWR,2016-12-31,annual,2017-03-01,False,388665000.0,177792000.0,210873000.0,73643000.0,37112000.0,1.3,1.26,52720000.0,107786000.0,-55726000.0,-28127000.0,21843000.0,71469000.0,,,431116000.0,0.5425572150823974,0.0,0.0
MPWR,2017-12-31,annual,2018-03-01,False,470929000.0,212646000.0,258283000.0,82359000.0,65773000.0,1.58,1.5,65203000.0,133821000.0,-134060000.0,-31325000.0,-29944000.0,99281000.0,,,522007000.0,0.5484542255838991,0.0,0.0
MPWR,2018-12-31,annual,2019-03-01,False,582382000.0,259714000.0,322668000.0,93455000.0,22526000.0,2.49,2.36,105268000.0,141451000.0,-14740000.0,-34559000.0,89944000.0,136384000.0,,,640093000.0,0.5540487171650222,0.0,0.0
MPWR,2019-12-31,annual,2020-02-28,False,627921000.0,281596000.0,346325000.0,107757000.0,95806000.0,2.52,2.38,108839000.0,216303000.0,-167112000.0,-48050000.0,258000.0,127500000.0,,,773491000.0,0.5515423118513316,0.0,0.0
MPWR,2020-12-31,annual,2021-03-01,False,844452000.0,378498000.0,465954000.0,137598000.0,55639000.0,3.67,3.5,164375000.0,267803000.0,-39177000.0,-71557000.0,161995000.0,157062000.0,,,966587000.0,0.5517826945758907,0.0,0.0
MPWR,2021-12-31,annual,2022-02-25,False,1207798000.0,522339000.0,685459000.0,190627000.0,94445000.0,5.28,5.05,242023000.0,320010000.0,-378886000.0,-90206000.0,-145682000.0,259417000.0,,,1243985000.0,0.5675278481997817,0.0,0.0
MPWR,2022-12-31,annual,2023-02-24,False,1794148000.0,745596000.0,1048552000.0,240171000.0,58843000.0,9.37,9.05,437672000.0,246674000.0,-12510000.0,-128785000.0,99340000.0,447290000.0,,,1668602000.0,0.5844289322842932,0.0,0.0
MPWR,2023-12-31,annual,2024-02-29,False,1821072000.0,799953000.0,1021119000.0,263643000.0,57578000.0,8.98,8.76,427374000.0,638213000.0,-178726000.0,-183725000.0,272452000.0,383702000.0,,,2049939000.0,0.5607241229341838,0.0,0.0
MPWR,2024-12-31,annual,2025-03-03,False,2207100000.0,986230000.0,1220870000.0,324748000.0,146118000.0,36.76,36.59,1786700000.0,788410000.0,223047000.0,-872227000.0,130760000.0,419611000.0,,,3145767000.0,0.5531557247066287,0.0,0.0
MPWR,2025-12-31,annual,2026-02-27,False,2790459000.0,1250718000.0,1539741000.0,382263000.0,172013000.0,12.94,12.86,621483000.0,838202000.0,-157269000.0,-285863000.0,407580000.0,564649000.0,,,3531497000.0,0.551787716644466,0.0,0.0
